cpu,cycles,enabled_ns,running_ns,thread_ns,wall_ns,cycles_per_thread_ns,cycles_per_wall_ns
7,1841665,999479,999479,997500,1001406,1.846280702,1.839079255
7,1838719,1000989,1000989,994324,1002188,1.849215145,1.834704666
7,1843401,1000104,1000104,1000104,1000990,1.843209306,1.841577838
7,1843919,1000365,1000365,1000416,1001302,1.843152249,1.841521339
7,1843992,1000417,1000417,1000416,1001302,1.843225218,1.841594244
7,1825463,1000833,1000833,962655,1001875,1.896279560,1.822046663
7,1843300,1000000,1000000,1000052,1001094,1.843204153,1.841285634
7,1844100,1000521,1000521,1000468,1001406,1.843237365,1.841510836
7,1843376,1000104,1000104,1000052,1000990,1.843280149,1.841552863
7,1837813,1000468,1000468,995365,1001458,1.846370929,1.835137370
7,1843764,1000312,1000312,1000260,1001198,1.843284746,1.841557814
7,1843913,1000364,1000364,1000365,1001250,1.843240217,1.841610986
7,1843779,1000312,1000312,1000313,1001302,1.843202078,1.841381521
7,1832568,1000416,1000416,984584,1001511,1.861261203,1.829803167
7,1843863,1000365,1000365,1000364,1001354,1.843192078,1.841369785
7,1843165,1000000,1000000,999948,1000885,1.843260850,1.841535241
7,1843590,1000209,1000209,1000208,1001198,1.843206613,1.841384022
7,1838690,1000417,1000417,997708,1001458,1.842913959,1.836013093
7,1843250,1000000,1000000,1000000,1000938,1.843250000,1.841522652
7,1843424,1000104,1000104,1000157,1000989,1.843134628,1.841602655
7,1843527,1000157,1000157,1000156,1001042,1.843239455,1.841608044
7,1830516,1000312,1000312,978177,1001302,1.871354571,1.828135767
7,1843927,1000365,1000365,1000364,1001667,1.843256055,1.840858289
7,1843428,1000156,1000156,1000157,1001303,1.843138627,1.841029139
7,1843687,1000260,1000260,1000261,1001407,1.843205923,1.841096577
7,1833795,1000625,1000625,988594,1002083,1.854952589,1.829983145
7,1843898,1000417,1000417,1000417,1001771,1.843129415,1.840638230
7,1843645,1000261,1000261,1000208,1001354,1.843261602,1.841152080
7,1843698,1000261,1000261,1000260,1001406,1.843218763,1.841109400
7,1786345,1000573,1000573,954531,1002136,1.871437387,1.782537500
7,1843463,1000157,1000157,1000156,1001302,1.843175465,1.841065932
7,1843836,1000365,1000365,1000365,1001510,1.843163245,1.841056005
7,1843676,1000260,1000260,1000209,1001406,1.843290752,1.841087431
7,1837769,1000052,1000052,996094,1001355,1.844975474,1.835282193
7,1843915,1000417,1000417,1000364,1001510,1.843244059,1.841134886
7,1843537,1000209,1000209,1000156,1001458,1.843249453,1.840853036
7,1843688,1000260,1000260,1000261,1001354,1.843206923,1.841195022
7,1820338,1000625,1000625,961511,1001927,1.893205590,1.816836955
7,1844144,1000521,1000521,1000468,1001562,1.843281344,1.841267939
7,1843837,1000365,1000365,1000365,1001406,1.843164245,1.841248205
7,1843656,1000260,1000260,1000261,1001302,1.843174931,1.841258681
7,1838195,1000469,1000469,996823,1001510,1.844053558,1.835423510
7,1843322,1000104,1000104,1000053,1001094,1.843224309,1.841307609
7,1843697,1000261,1000261,1000260,1001250,1.843217763,1.841395256
7,1843580,1000209,1000209,1000208,1001250,1.843196615,1.841278402
7,1829485,1000156,1000156,984478,1001458,1.858329998,1.826821494
7,1843790,1000365,1000365,1000208,1001354,1.843406571,1.841296884
7,1843848,1000365,1000365,1000313,1001563,1.843271056,1.840970563
7,1843421,1000104,1000104,1000105,1001146,1.843227461,1.841310858
7,1837789,1000417,1000417,996823,1001510,1.843646264,1.835018123
7,1843351,1000104,1000104,1000105,1001146,1.843157468,1.841240938
7,1844105,1000469,1000469,1000469,1001562,1.843240520,1.841229000
7,1843822,1000312,1000312,1000365,1001355,1.843149251,1.841327002
7,1818280,1000573,1000573,953176,1002032,1.907601534,1.814592748
7,1843490,1000105,1000105,1000156,1001562,1.843202460,1.840614959
7,1844045,1000469,1000469,1000469,1001615,1.843180548,1.841071669
7,1843237,1000052,1000052,1000000,1001198,1.843237000,1.841031444
7,1837365,1000156,1000156,995885,1001354,1.844956998,1.834880572
7,1843271,1000052,1000052,1000000,1001250,1.843271000,1.840969788
7,1843655,1000261,1000261,1000208,1001666,1.843271600,1.840588579
7,1843681,1000260,1000260,1000261,1001407,1.843199925,1.841090586
7,1805213,1000156,1000156,960469,1001667,1.879511988,1.802208718
7,1843474,1000156,1000156,1000157,1001146,1.843184620,1.841363797
7,1843347,1000053,1000053,1000052,1000938,1.843251151,1.841619561
7,1843293,1000052,1000052,1000000,1000937,1.843293000,1.841567451
7,1839182,1000052,1000052,994010,1000989,1.850265088,1.837364846
7,1843184,999948,999948,999948,1000834,1.843279851,1.841648066
7,1843166,999948,999948,1000000,1000833,1.843166000,1.841631921
7,1844026,1000469,1000469,1000417,1001510,1.843257362,1.841245719
7,1829591,1000781,1000781,978594,1001823,1.869611913,1.826261725
7,1844372,1000625,1000625,1000625,1001980,1.843219988,1.840727360
7,1843007,999896,999896,999896,1001145,1.843198693,1.840899170
7,1843933,1000417,1000417,1000364,1001615,1.843262053,1.840959850
7,1835557,1000521,1000521,992813,1001771,1.848844646,1.832311975
7,1843294,1000052,1000052,1000052,1001458,1.843198154,1.840610390
7,1843572,1000208,1000208,1000261,1001354,1.843090953,1.841079179
7,1843330,1000052,1000052,1000052,1001198,1.843234152,1.841124333
7,1828857,1000157,1000157,980521,1001615,1.865189017,1.825908158
7,1843470,1000052,1000052,1000104,1001406,1.843278299,1.840881720
7,1844094,1000468,1000468,1000469,1001615,1.843229525,1.841120590
7,1843827,1000365,1000365,1000364,1001510,1.843156091,1.841047019
7,1836116,1000312,1000312,995886,1001562,1.843700986,1.833252460
7,1843780,1000313,1000313,1000260,1001406,1.843300742,1.841191285
7,1843457,1000157,1000157,1000104,1001302,1.843265300,1.841059940
7,1843494,1000157,1000157,1000156,1001302,1.843206460,1.841096892
7,1828092,1000521,1000521,970001,1002135,1.884628985,1.824197339
7,1843728,1000261,1000261,1000260,1001771,1.843248755,1.840468530
7,1844173,1000521,1000521,1000572,1001667,1.843118736,1.841103880
7,1843448,1000156,1000156,1000156,1001562,1.843160467,1.840573025
7,1838108,1000156,1000156,995572,1001355,1.846283343,1.835620734
7,1843438,1000157,1000157,1000156,1001250,1.843150469,1.841136579
7,1844100,1000469,1000469,1000468,1001615,1.843237365,1.841126581
7,1843419,1000105,1000105,1000156,1001250,1.843131471,1.841117603
7,1787595,1000729,1000729,951301,1002239,1.879105562,1.783601516
7,1843804,1000365,1000365,1000312,1001511,1.843228913,1.841022215
7,1843907,1000417,1000417,1000417,1001458,1.843138411,1.841222498
7,1843480,1000104,1000104,1000105,1001302,1.843286455,1.841082910
7,1839140,1000416,1000416,994532,1001615,1.849251708,1.836174578
7,1843351,1000105,1000105,1000052,1001510,1.843255151,1.840571737
7,1843620,1000208,1000208,1000156,1001354,1.843332440,1.841127114
7,1843385,1000104,1000104,1000157,1001198,1.843095634,1.841179267
7,1818907,1000312,1000312,963647,1001823,1.887524166,1.815597166
7,1843936,1000365,1000365,1000416,1001563,1.843169242,1.841058426
7,1843175,1000000,1000000,1000000,1001146,1.843175000,1.841065139
7,1843283,1000052,1000052,1000052,1001198,1.843187154,1.841077389
7,1835223,1000104,1000104,987187,1001667,1.859042917,1.832168775
7,1843392,1000104,1000104,1000105,1001562,1.843198464,1.840517112
7,1843405,1000104,1000104,1000104,1001198,1.843213306,1.841199243
7,1843328,1000052,1000052,1000052,1001198,1.843232152,1.841122335
7,1824899,1000469,1000469,979166,1001979,1.863727907,1.821294658
7,1843559,1000156,1000156,1000156,1001302,1.843271450,1.841161807
7,1843645,1000209,1000209,1000260,1001407,1.843165777,1.841054636
7,1843259,1000052,1000052,1000052,1001458,1.843163156,1.840575441
7,1837084,1000208,1000208,995678,1001458,1.845058342,1.834409431
7,1844003,1000417,1000417,1000416,1001511,1.843236214,1.841220915
7,1843969,1000417,1000417,1000417,1001562,1.843200385,1.841093212
7,1843924,1000364,1000364,1000365,1001510,1.843251213,1.841143873
7,1826946,1000417,1000417,968491,1001980,1.886384076,1.823335795
7,1843942,1000417,1000417,1000365,1001614,1.843269207,1.840970673
7,1844095,1000469,1000469,1000469,1001927,1.843230525,1.840548263
7,1844134,1000521,1000521,1000469,1001615,1.843269507,1.841160526
7,1836992,1000052,1000052,995520,1001250,1.845258759,1.834698627
7,1843499,1000156,1000156,1000157,1001302,1.843209616,1.841101885
7,1843749,1000312,1000312,1000313,1001406,1.843172087,1.841160329
7,1843775,1000312,1000312,1000261,1001458,1.843293900,1.841090690
7,1828373,1000261,1000261,982500,1001823,1.860939440,1.825045941
7,1843064,999948,999948,999948,1001094,1.843159844,1.841049891
7,1843839,1000313,1000313,1000364,1001511,1.843168087,1.841057163
7,1843240,1000052,1000052,1000000,1001198,1.843240000,1.841034441
7,1835073,1000000,1000000,996250,1001511,1.841980427,1.832304388
7,1843240,1000000,1000000,999948,1001094,1.843335853,1.841225699
7,1843586,1000208,1000208,1000208,1001302,1.843202614,1.841188772
7,1843268,1000052,1000052,1000052,1001146,1.843172155,1.841158033
7,1824836,1000365,1000365,968230,1001927,1.884713343,1.821326304
7,1843327,1000052,1000052,1000053,1001250,1.843229309,1.841025718
7,1843131,999948,999948,999948,1001094,1.843226848,1.841116818
7,1844166,1000521,1000521,1000520,1001667,1.843207532,1.841096891
7,1837444,1000208,1000208,995053,1001354,1.846579026,1.834959465
7,1843363,1000104,1000104,1000052,1001198,1.843267150,1.841157294
7,1843423,1000156,1000156,1000104,1001563,1.843231304,1.840546226
7,1843270,1000052,1000052,1000052,1001145,1.843174155,1.841161870
7,1827403,1000417,1000417,981406,1001927,1.862025502,1.823888367
7,1843071,999947,999947,999896,1001093,1.843262699,1.841058723
7,1843156,999948,999948,1000000,1001146,1.843156000,1.841046161
7,1843893,1000417,1000417,1000364,1001459,1.843222067,1.841206679
7,1835715,1000625,1000625,988698,1002084,1.856699417,1.831897326
7,1843975,1000416,1000416,1000417,1001510,1.843206383,1.841194796
7,1843657,1000261,1000261,1000260,1001407,1.843177774,1.841066619
7,1843315,1000052,1000052,1000000,1001146,1.843315000,1.841204979
7,1828199,1000833,1000833,969999,1002396,1.884743180,1.823829105
7,1843936,1000417,1000417,1000364,1001615,1.843265052,1.840962845
7,1844045,1000468,1000468,1000469,1001562,1.843180548,1.841169094
7,1843799,1000312,1000312,1000260,1001406,1.843319737,1.841210258
7,1837013,1000156,1000156,995885,1001354,1.844603544,1.834529048
7,1843377,1000053,1000053,1000052,1001197,1.843281149,1.841173116
7,1843186,1000000,1000000,1000000,1001146,1.843186000,1.841076127
7,1844097,1000469,1000469,1000468,1001615,1.843234366,1.841123585
7,1829970,1000521,1000521,983595,1001979,1.860491361,1.826355642
7,1843856,1000312,1000312,1000364,1001510,1.843185081,1.841075975
7,1844002,1000417,1000417,1000417,1001563,1.843233372,1.841124323
7,1843887,1000364,1000364,1000365,1001666,1.843214227,1.840820194
7,1837433,1000261,1000261,993228,1001407,1.849960935,1.834851364
7,1843742,1000260,1000260,1000261,1001458,1.843260909,1.841057738
7,1843441,1000104,1000104,1000156,1001302,1.843153468,1.841043961
7,1843935,1000417,1000417,1000416,1001563,1.843168242,1.841057427
7,1827050,1000572,1000572,974062,1002187,1.875701957,1.823062961
7,1843316,1000052,1000052,1000000,1001250,1.843316000,1.841014732
7,1843325,1000052,1000052,1000104,1001198,1.843133314,1.841119339
7,1843940,1000417,1000417,1000416,1001511,1.843173240,1.841158010
7,1839154,1000521,1000521,995782,1001667,1.846944412,1.836093233
7,1844150,1000521,1000521,1000521,1001979,1.843189698,1.840507635
7,1843542,1000209,1000209,1000208,1001302,1.843158623,1.841144829
7,1843659,1000261,1000261,1000260,1001355,1.843179773,1.841164222
7,1788958,1000417,1000417,955886,1001980,1.871518152,1.785422863
7,1843936,1000416,1000416,1000365,1001614,1.843263209,1.840964683
7,1844146,1000521,1000521,1000469,1001615,1.843281501,1.841172506
7,1843073,999948,999948,999948,1001094,1.843168845,1.841058882
7,1836556,1000365,1000365,995522,1001615,1.844817091,1.833594744
7,1843708,1000261,1000261,1000260,1001354,1.843228761,1.841214995
7,1843670,1000261,1000261,1000208,1001354,1.843286596,1.841177046
7,1844231,1000573,1000573,1000521,1001928,1.843270656,1.840682165
7,1825864,1000729,1000729,968905,1002292,1.884461325,1.821688690
7,1843310,1000053,1000053,1000000,1001302,1.843310000,1.840913131
7,1843520,1000157,1000157,1000156,1001303,1.843232456,1.841121019
7,1844252,1000573,1000573,1000573,1001666,1.843195849,1.841184586
7,1833750,1000625,1000625,990469,1002136,1.851395652,1.829841459
7,1843725,1000313,1000313,1000260,1001407,1.843245756,1.841134524
7,1844162,1000416,1000416,1000469,1001615,1.843297493,1.841188481
7,1843315,1000052,1000052,1000104,1001146,1.843123315,1.841204979
7,1829810,1000573,1000573,981667,1002135,1.863982389,1.825911679
7,1843665,1000261,1000261,1000208,1001719,1.843281597,1.840501178
7,1843149,999948,999948,999948,1001094,1.843244849,1.841134799
7,1843592,1000208,1000208,1000261,1001354,1.843110948,1.841099152
7,1836565,1000104,1000104,995469,1001302,1.844924352,1.834176902
7,1844221,1000573,1000573,1000572,1001719,1.843166709,1.841056224
7,1843727,1000260,1000260,1000261,1001407,1.843245913,1.841136521
7,1843320,1000052,1000052,1000052,1001198,1.843224152,1.841114345
7,1816264,1000729,1000729,965260,1002344,1.881631892,1.812016633
7,1843237,1000052,1000052,1000000,1001198,1.843237000,1.841031444
7,1844140,1000521,1000521,1000520,1001927,1.843181546,1.840593177
7,1843360,1000104,1000104,1000104,1001198,1.843168310,1.841154297
7,1836556,1000521,1000521,996980,1001979,1.842119200,1.832928634
7,1844055,1000469,1000469,1000468,1001563,1.843192386,1.841177240
7,1844145,1000520,1000520,1000521,1001614,1.843184701,1.841173346
7,1843957,1000417,1000417,1000364,1001510,1.843286044,1.841176823
7,1827270,1000677,1000677,982656,1002136,1.859521542,1.823375270
7,1843867,1000365,1000365,1000364,1001510,1.843196077,1.841086959
7,1843809,1000313,1000313,1000312,1001459,1.843233911,1.841122802
7,1843449,1000157,1000157,1000104,1001250,1.843257301,1.841147566
7,1835171,1000365,1000365,995573,1001563,1.843331428,1.832307104
7,1843452,1000156,1000156,1000104,1001250,1.843260301,1.841150562
7,1843722,1000312,1000312,1000313,1001719,1.843145096,1.840558081
7,1843882,1000365,1000365,1000365,1001459,1.843209229,1.841195695
7,1798905,999219,999219,934584,1001770,1.924818957,1.795726564
7,1843870,1000364,1000364,1000365,1001562,1.843197233,1.840994367
7,1843440,1000104,1000104,1000104,1001250,1.843248302,1.841138577
7,1844576,1006042,1006042,997343,1007239,1.849490095,1.831319081
7,1844065,1000468,1000468,1000469,1001562,1.843200539,1.841189063
7,1843198,1000000,1000000,1000000,1001094,1.843198000,1.841183745
7,1844207,1000573,1000573,1000521,1001667,1.843246668,1.841137823
7,1836838,1000364,1000364,992397,1001615,1.850910472,1.833876290
7,1834715,1000052,1000052,990833,1001302,1.851689437,1.832329307
7,1844003,1000469,1000469,1000417,1001927,1.843234371,1.840456440
7,1844002,1000469,1000469,1000417,1001563,1.843233372,1.841124323
7,1836136,1000677,1000677,990468,1001927,1.853806483,1.832604571
7,1843832,1000364,1000364,1000365,1001771,1.843159247,1.840572346
7,1843128,999948,999948,999948,1001094,1.843223848,1.841113821
7,1844114,1000521,1000521,1000469,1001615,1.843249516,1.841140558
7,1835307,1000312,1000312,980573,1001458,1.871667892,1.832635018
7,1836551,1000573,1000573,992500,1002136,1.850429219,1.832636488
7,1843148,999948,999948,999948,1001093,1.843243849,1.841135639
7,1844122,1000521,1000521,1000469,1001771,1.843257512,1.840861834
7,1838197,1000261,1000261,995573,1001458,1.846370884,1.835520811
7,1844007,1000416,1000416,1000417,1001563,1.843238370,1.841129315
7,1843979,1000469,1000469,1000416,1001563,1.843212224,1.841101359
7,1843179,1000000,1000000,1000000,1001146,1.843179000,1.841069135
7,1836210,1000209,1000209,992396,1001407,1.850279526,1.833630082
7,1835313,1000260,1000260,991719,1001718,1.850638134,1.832165340
7,1843388,1000104,1000104,1000052,1001250,1.843292149,1.841086642
7,1843477,1000157,1000157,1000156,1001250,1.843189462,1.841175531
7,1838735,1000157,1000157,995156,1001406,1.847685187,1.836153368
7,1843331,1000052,1000052,1000052,1001145,1.843235152,1.841222800
7,1843866,1000364,1000364,1000365,1001771,1.843193234,1.840606286
7,1843774,1000313,1000313,1000312,1001406,1.843198922,1.841185293
7,1833751,1000364,1000364,977344,1001667,1.876259536,1.830699224
7,1835062,1000105,1000105,992239,1001667,1.849415312,1.832008043
7,1843728,1000313,1000313,1000260,1001406,1.843248755,1.841139358
7,1843186,1000000,1000000,999948,1001146,1.843281851,1.841076127
7,1837180,1000104,1000104,995052,1001354,1.846315569,1.834695822
7,1843609,1000208,1000208,1000209,1001407,1.843223766,1.841018687
7,1843439,1000104,1000104,1000104,1001250,1.843247302,1.841137578
7,1843482,1000156,1000156,1000157,1001302,1.843192619,1.841084907
7,1837075,1019791,1019791,978489,1021145,1.877461065,1.799034417
7,1843446,1000156,1000156,1000157,1001510,1.843156624,1.840666593
7,1843920,1000365,1000365,1000364,1001510,1.843249057,1.841139879
7,1843677,1000260,1000260,1000261,1001407,1.843195926,1.841086591
7,1837972,1000260,1000260,995729,1001511,1.845855649,1.835199014
7,1843362,1000104,1000104,1000052,1001198,1.843266150,1.841156295
7,1843734,1000313,1000313,1000312,1001406,1.843158934,1.841145350
7,1843248,1000052,1000052,1000052,1001094,1.843152156,1.841233690
7,1820813,1000521,1000521,966979,1001771,1.882991254,1.817594041
7,1843691,1000313,1000313,1000312,1001823,1.843115948,1.840336067
7,1843084,999948,999948,999948,1001406,1.843179845,1.840496262
7,1844030,1000469,1000469,1000469,1001615,1.843165555,1.841056693
7,1833940,1000416,1000416,990729,1001771,1.851101563,1.830697834
7,1843721,1000312,1000312,1000261,1001355,1.843239914,1.841226139
7,1843708,1000312,1000312,1000261,1001407,1.843226918,1.841117548
7,1843832,1000364,1000364,1000313,1001458,1.843255061,1.841147607
7,1829379,1000573,1000573,981823,1001875,1.863247245,1.825955334
7,1843927,1000417,1000417,1000312,1001875,1.843351874,1.840476107
7,1843554,1000208,1000208,1000208,1001302,1.843170621,1.841156814
7,1843621,1000261,1000261,1000156,1001354,1.843333440,1.841128113
7,1836671,1000365,1000365,995832,1001614,1.844358285,1.833711390
7,1844101,1000469,1000469,1000521,1001928,1.843140724,1.840552415
7,1843879,1000364,1000364,1000365,1001511,1.843206230,1.841097102
7,1844075,1000469,1000469,1000468,1001614,1.843212377,1.841103459
7,1826022,1000573,1000573,970521,1001823,1.881486336,1.822699219
7,1843979,1000416,1000416,1000417,1001875,1.843210381,1.840528010
7,1843513,1000156,1000156,1000156,1001354,1.843225457,1.841020259
7,1843535,1000156,1000156,1000209,1001354,1.843149782,1.841042229
7,1836490,1000312,1000312,995833,1001563,1.844174676,1.833624046
7,1843429,1000104,1000104,1000104,1001198,1.843237303,1.841223215
7,1843424,1000104,1000104,1000104,1001250,1.843232304,1.841122597
7,1843788,1000313,1000313,1000260,1001719,1.843308740,1.840623967
7,1827069,1000312,1000312,982604,1001823,1.859415390,1.823744314
7,1843804,1000365,1000365,1000312,1001614,1.843228913,1.840832896
7,1843393,1000105,1000105,1000104,1001198,1.843201307,1.841187258
7,1843977,1000417,1000417,1000417,1001510,1.843208382,1.841196793
7,1835595,1000416,1000416,992605,1001667,1.849270354,1.832540156
7,1843236,1000000,1000000,1000000,1001146,1.843236000,1.841126070
7,1843841,1000313,1000313,1000364,1001510,1.843170086,1.841060998
7,1843076,999948,999948,999948,1001094,1.843171845,1.841061878
7,1824284,1000521,1000521,969167,1001771,1.882321623,1.821058905
7,1843758,1000261,1000261,1000312,1001823,1.843182927,1.840402945
7,1843209,1000000,1000000,999948,1001093,1.843304852,1.841196572
7,1843211,1000052,1000052,1000000,1001094,1.843211000,1.841196731
7,1836623,1000157,1000157,995104,1001406,1.845659348,1.834044334
7,1843288,1000052,1000052,1000052,1001146,1.843192154,1.841178010
7,1843836,1000365,1000365,1000313,1001458,1.843259060,1.841151601
7,1843330,1000104,1000104,1000052,1001146,1.843234152,1.841219962
7,1830694,1000573,1000573,984218,1001979,1.860049298,1.827078212
7,1843806,1000364,1000364,1000313,1001511,1.843229069,1.841024212
7,1843415,1000104,1000104,1000104,1001250,1.843223305,1.841113608
7,1843506,1000156,1000156,1000157,1001615,1.843216615,1.840533538
7,1835877,1000104,1000104,990885,1001614,1.852764953,1.832918669
7,1843823,1000312,1000312,1000312,1001458,1.843247907,1.841138620
7,1843465,1000104,1000104,1000104,1001250,1.843273300,1.841163546
7,1843370,1000104,1000104,1000052,1001302,1.843274150,1.840973053
7,1820810,1000729,1000729,964480,1001979,1.887867037,1.817213734
7,1843291,1000053,1000053,1000104,1001615,1.843099318,1.840318885
7,1843390,1000104,1000104,1000052,1001250,1.843294149,1.841088639
7,1843307,1000104,1000104,1000052,1001146,1.843211153,1.841196988
7,1836107,1000364,1000364,995469,1001615,1.844464268,1.833146468
7,1843881,1000365,1000365,1000364,1001510,1.843210072,1.841100938
7,1843429,1000156,1000156,1000105,1001615,1.843235460,1.840456662
7,1843624,1000209,1000209,1000208,1001354,1.843240606,1.841131108
7,1828901,1000365,1000365,982864,1001823,1.860787454,1.825572980
7,1843614,1000261,1000261,1000156,1001354,1.843326441,1.841121122
7,1843430,1000157,1000157,1000104,1001250,1.843238303,1.841128589
7,1843386,1000104,1000104,1000052,1001250,1.843290149,1.841084644
7,1837300,1000313,1000313,995417,1001510,1.845759114,1.834529860
7,1843200,1000000,1000000,999948,1001094,1.843295851,1.841185743
7,1843706,1000260,1000260,1000261,1001354,1.843224918,1.841212998
7,1843662,1000260,1000260,1000261,1001354,1.843180930,1.841169057
7,1822254,1000469,1000469,968750,1001771,1.881036387,1.819032493
7,1843754,1000313,1000313,1000260,1001823,1.843274749,1.840398953
7,1843634,1000260,1000260,1000209,1001406,1.843248761,1.841045490
7,1843847,1000365,1000365,1000364,1001511,1.843176084,1.841065151
7,1836204,1000156,1000156,992604,1001458,1.849885755,1.833530712
7,1843619,1000208,1000208,1000208,1001354,1.843235607,1.841126115
7,1843988,1000416,1000416,1000417,1001563,1.843219378,1.841110345
7,1843516,1000156,1000156,1000156,1001355,1.843228456,1.841021416
7,1810888,1000313,1000313,967031,1001875,1.872626627,1.807498939
7,1844004,1000469,1000469,1000417,1001666,1.843235371,1.840936999
7,1843726,1000260,1000260,1000313,1001719,1.843149094,1.840562074
7,1843271,1000000,1000000,1000000,1001146,1.843271000,1.841161029
7,1835811,1000365,1000365,995052,1001510,1.844939762,1.833043105
7,1843518,1000156,1000156,1000157,1001302,1.843228613,1.841120861
7,1844067,1000468,1000468,1000521,1001615,1.843106741,1.841093634
7,1843954,1000417,1000417,1000416,1001562,1.843187234,1.841078236
7,1828947,1000469,1000469,971562,1001927,1.882480995,1.825429398
7,1843399,1000156,1000156,1000105,1001302,1.843205463,1.841002015
7,1844155,1000469,1000469,1000521,1001615,1.843194696,1.841181492
7,1843320,1000052,1000052,1000052,1001198,1.843224152,1.841114345
7,1838280,1000469,1000469,992708,1001718,1.851783203,1.835127251
7,1843998,1000417,1000417,1000417,1001875,1.843229373,1.840546974
7,1844137,1000469,1000469,1000521,1001615,1.843176705,1.841163521
7,1844020,1000469,1000469,1000469,1001562,1.843155560,1.841144133
7,1830583,1000625,1000625,981301,1002084,1.865465336,1.826775999
7,1844245,1000573,1000573,1000625,1001718,1.843093067,1.841082021
7,1843255,1000052,1000052,1000000,1001146,1.843255000,1.841145048
7,1843126,999948,999948,999948,1001094,1.843221848,1.841111824
7,1837624,1000313,1000313,995834,1001458,1.845311568,1.834948645
7,1844075,1000469,1000469,1000468,1001563,1.843212377,1.841197209
7,1843684,1000261,1000261,1000208,1001406,1.843300593,1.841095420
7,1843812,1000312,1000312,1000313,1001771,1.843235067,1.840552382
7,1818733,1000729,1000729,966770,1002343,1.881246832,1.814481669
7,1844127,1000521,1000521,1000521,1001718,1.843166710,1.840964223
7,1843890,1000416,1000416,1000365,1001511,1.843217226,1.841108086
7,1843282,1000052,1000052,1000000,1001198,1.843282000,1.841076390
7,1839117,1000625,1000625,992343,1001823,1.853307778,1.835770391
7,1843714,1000313,1000313,1000260,1001407,1.843234759,1.841123539
7,1843856,1000365,1000365,1000312,1001510,1.843280896,1.841075975
7,1844038,1000468,1000468,1000417,1001563,1.843269357,1.841160267
7,1827057,1000521,1000521,981979,1002032,1.860586632,1.823351949
7,1843750,1000312,1000312,1000313,1001667,1.843173087,1.840681584
7,1843545,1000156,1000156,1000156,1001302,1.843257452,1.841147826
7,1843925,1000365,1000365,1000364,1001510,1.843254056,1.841144871
7,1837041,1000313,1000313,995678,1001510,1.845015156,1.834271250
7,1843723,1000260,1000260,1000260,1001355,1.843243757,1.841228136
7,1843506,1000208,1000208,1000156,1001355,1.843218458,1.841011430
7,1843855,1000365,1000365,1000312,1001459,1.843279897,1.841168735
7,1825288,1000521,1000521,974635,1001927,1.872791353,1.821777435
7,1843863,1000365,1000365,1000312,1001615,1.843287894,1.840889963
7,1843786,1000313,1000313,1000260,1001459,1.843306740,1.841099835
7,1844071,1000521,1000521,1000417,1001927,1.843302343,1.840524310
7,1837913,1000313,1000313,995260,1001458,1.846666198,1.835237224
7,1843556,1000208,1000208,1000157,1001250,1.843266607,1.841254432
7,1843926,1000416,1000416,1000365,1001510,1.843253213,1.841145870
7,1843486,1000104,1000104,1000156,1001250,1.843198461,1.841184519
7,1828056,1000729,1000729,984063,1002240,1.857661552,1.823970307
7,1843826,1000312,1000312,1000313,1001510,1.843249063,1.841046021
7,1843556,1000208,1000208,1000208,1001355,1.843172620,1.841061362
7,1844112,1000521,1000521,1000521,1001615,1.843151718,1.841138561
7,1835112,1000260,1000260,989324,1001771,1.854915073,1.831867762
7,1843464,1000156,1000156,1000156,1001354,1.843176464,1.840971325
7,1844135,1000468,1000468,1000521,1001927,1.843174706,1.840588187
7,1844089,1000520,1000520,1000521,1001615,1.843128730,1.841115598
7,1819716,1000573,1000573,967293,1002031,1.881245910,1.816027648
7,1843423,1000104,1000104,1000105,1001302,1.843229461,1.841025984
7,1843334,1000052,1000052,1000052,1001198,1.843238152,1.841128328
7,1843604,1000261,1000261,1000208,1001302,1.843220610,1.841206749
7,1837365,1000365,1000365,995730,1001614,1.845244193,1.834404272
7,1843696,1000261,1000261,1000260,1001354,1.843216764,1.841203011
7,1843387,1000105,1000105,1000104,1001198,1.843195308,1.841181265
7,1843348,1000104,1000104,1000052,1001197,1.843252151,1.841144150
7,1831995,1000677,1000677,983021,1002188,1.863637705,1.827995346
7,1843805,1000312,1000312,1000260,1001510,1.843325735,1.841025052
7,1843264,1000052,1000052,1000000,1001146,1.843264000,1.841154037
7,1843707,1000260,1000260,1000260,1001407,1.843227761,1.841116549
7,1836119,1000156,1000156,993073,1001355,1.848926514,1.833634425
7,1843590,1000209,1000209,1000208,1001354,1.843206613,1.841097154
7,1843384,1000105,1000105,1000104,1001146,1.843192308,1.841273900
7,1843143,999948,999948,1000000,1001145,1.843143000,1.841035015
7,1826901,1000521,1000521,968697,1002084,1.885936469,1.823101656
7,1843960,1000416,1000416,1000417,1001614,1.843191389,1.840988644
7,1843419,1000104,1000104,1000052,1001563,1.843323147,1.840542232
7,1843506,1000156,1000156,1000156,1001354,1.843218458,1.841013268
7,1837489,1000521,1000521,995937,1001771,1.844985175,1.834240560
7,1843980,1000416,1000416,1000469,1001510,1.843115579,1.841199788
7,1843567,1000156,1000156,1000208,1001302,1.843183618,1.841169797
7,1843919,1000365,1000365,1000416,1001563,1.843152249,1.841041452
7,1809221,1000625,1000625,966250,1002240,1.872415006,1.805177403
7,1843457,1000156,1000156,1000104,1001354,1.843265300,1.840964334
7,1843745,1000313,1000313,1000312,1001459,1.843169931,1.841058895
7,1843268,1000052,1000052,1000052,1001198,1.843172155,1.841062407
7,1836804,1000104,1000104,995052,1001563,1.845937700,1.833937556
7,1843878,1000365,1000365,1000364,1001511,1.843207073,1.841096104
7,1843421,1000157,1000157,1000104,1001197,1.843229304,1.841217063
7,1843679,1000261,1000261,1000260,1001355,1.843199768,1.841184195
7,1818830,1000261,1000261,969426,1001822,1.876192716,1.815522119
7,1844030,1000416,1000416,1000469,1001667,1.843165555,1.840961118
7,1843173,999948,999948,1000000,1001250,1.843173000,1.840871910
7,1843403,1000104,1000104,1000104,1001250,1.843211306,1.841101623
7,1833329,1000365,1000365,990051,1001875,1.851752081,1.829897941
7,1844008,1000469,1000469,1000416,1001511,1.843241212,1.841225908
7,1844091,1000468,1000468,1000521,1001614,1.843130729,1.841119433
7,1843799,1000365,1000365,1000364,1001719,1.843128101,1.840634949
7,1827607,1000208,1000208,981250,1001719,1.862529427,1.824470735
7,1844179,1000573,1000573,1000521,1001667,1.843218683,1.841109870
7,1843198,1000000,1000000,1000000,1001146,1.843198000,1.841088113
7,1843133,999948,999948,999896,1001094,1.843324706,1.841118816
7,1838320,1000260,1000260,995886,1001667,1.845914091,1.835260621
7,1843512,1000156,1000156,1000208,1001302,1.843128629,1.841114868
7,1843210,1000000,1000000,999948,1001093,1.843305852,1.841197571
7,1843479,1000157,1000157,1000156,1001303,1.843191462,1.841080073
7,1823736,1000208,1000208,966301,1001771,1.887337382,1.820511873
7,1843530,1000208,1000208,1000260,1001719,1.843050807,1.840366410
7,1843928,1000364,1000364,1000365,1001562,1.843255212,1.841052276
7,1843325,1000052,1000052,1000052,1001198,1.843229152,1.841119339
7,1836379,1000521,1000521,995886,1001719,1.843965072,1.833227682
7,1844034,1000417,1000417,1000364,1001510,1.843363016,1.841253707
7,1843912,1000365,1000365,1000364,1001511,1.843241060,1.841130052
7,1844171,1000520,1000520,1000521,1001614,1.843210687,1.841199304
7,1829593,1000156,1000156,983645,1001667,1.860013521,1.826548144
7,1844095,1000469,1000469,1000469,1001615,1.843230525,1.841121589
7,1844140,1000521,1000521,1000469,1001615,1.843275504,1.841166516
7,1843197,1000000,1000000,1000000,1001458,1.843197000,1.840513531
7,1836963,1000521,1000521,995780,1001667,1.844747836,1.833905879
7,1843526,1000156,1000156,1000209,1001302,1.843140784,1.841128850
7,1843367,1000104,1000104,1000105,1001250,1.843173467,1.841065668
7,1843550,1000208,1000208,1000157,1001302,1.843260608,1.841152819
7,1826547,1000729,1000729,975261,1001875,1.872880183,1.823128634
7,1843435,1000104,1000104,1000105,1001562,1.843241460,1.840560045
7,1844103,1000469,1000469,1000521,1001563,1.843142723,1.841225165
7,1844181,1000521,1000521,1000521,1001615,1.843220682,1.841207450
7,1837653,1000521,1000521,995625,1001771,1.845728060,1.834404270
7,1843526,1000209,1000209,1000156,1001563,1.843238455,1.840649066
7,1843410,1000156,1000156,1000105,1001302,1.843216462,1.841013001
7,1843331,1000052,1000052,1000052,1001146,1.843235152,1.841220961
7,1827934,1000520,1000520,978176,1002083,1.868716877,1.824134328
7,1843707,1000261,1000261,1000260,1001719,1.843227761,1.840543106
7,1844028,1000417,1000417,1000416,1001615,1.843261203,1.841054697
7,1843510,1000157,1000157,1000156,1001303,1.843222457,1.841111032
7,1836511,1000365,1000365,990626,1001875,1.853889359,1.833073986
7,1844116,1000520,1000520,1000521,1001666,1.843155716,1.841048813
7,1843289,1000052,1000052,1000052,1001146,1.843193154,1.841179009
7,1843862,1000365,1000365,1000364,1001667,1.843191078,1.840793397
7,1826121,1000469,1000469,969688,1002032,1.883204701,1.822417847
7,1843892,1000313,1000313,1000312,1001406,1.843316885,1.841303128
7,1843608,1000209,1000209,1000156,1001354,1.843320442,1.841115130
7,1844069,1000469,1000469,1000469,1001563,1.843204537,1.841191218
7,1835201,1000156,1000156,992292,1001354,1.849456612,1.832719498
7,1843497,1000052,1000052,1000104,1001250,1.843305296,1.841195506
7,1843367,1000104,1000104,1000104,1001250,1.843175310,1.841065668
7,1844243,1000573,1000573,1000572,1001667,1.843188696,1.841173763
7,1827854,1000208,1000208,981408,1001770,1.862481251,1.824624415
7,1843357,1000000,1000000,999948,1001146,1.843452860,1.841246931
7,1843261,1000000,1000000,1000000,1001459,1.843261000,1.840575600
7,1843796,1000365,1000365,1000313,1001458,1.843219072,1.841111659
7,1837677,1000156,1000156,995521,1001302,1.845944988,1.835287456
7,1844163,1000521,1000521,1000521,1001614,1.843202691,1.841191317
7,1843736,1000261,1000261,1000312,1001459,1.843160934,1.841049908
7,1843320,1000105,1000105,1000104,1001145,1.843128315,1.841211812
7,1824047,1000313,1000313,968960,1001875,1.882479153,1.820633313
7,1843458,1000157,1000157,1000104,1001303,1.843266300,1.841059100
7,1843431,1000104,1000104,1000105,1001250,1.843237460,1.841129588
7,1843506,1000156,1000156,1000157,1001250,1.843216615,1.841204494
7,1838566,1000260,1000260,996615,1001770,1.844810684,1.835317488
7,1843257,1000052,1000052,1000000,1001145,1.843257000,1.841148885
7,1843806,1000365,1000365,1000313,1001511,1.843229069,1.841024212
7,1844129,1000468,1000468,1000521,1001614,1.843168709,1.841157372
7,1828708,1000261,1000261,976927,1001771,1.871898310,1.825475084
7,1844085,1000469,1000469,1000469,1001979,1.843220530,1.840442764
7,1844173,1000573,1000573,1000521,1001667,1.843212686,1.841103880
7,1843780,1000312,1000312,1000364,1001406,1.843109108,1.841191285
7,1838790,1000417,1000417,995624,1001615,1.846871911,1.835825142
7,1843888,1000365,1000365,1000312,1001458,1.843312886,1.841203525
7,1843838,1000260,1000260,1000261,1001718,1.843356884,1.840675719
7,1843269,1000053,1000053,1000052,1001198,1.843173155,1.841063406
7,1827159,1000573,1000573,969896,1002136,1.883871054,1.823264507
7,1843612,1000260,1000260,1000209,1001458,1.843226766,1.840927927
7,1843606,1000208,1000208,1000261,1001302,1.843124944,1.841208746
7,1843247,1000000,1000000,1000000,1001146,1.843247000,1.841137057
7,1836054,1000052,1000052,989688,1001562,1.855184664,1.833190556
7,1843855,1000365,1000365,1000364,1001459,1.843184081,1.841168735
7,1844115,1000468,1000468,1000469,1001614,1.843250516,1.841143395
7,1844121,1000469,1000469,1000469,1001615,1.843256513,1.841147547
7,1827652,1000156,1000156,978959,1001666,1.866934162,1.824612196
7,1844162,1000469,1000469,1000469,1001563,1.843297493,1.841284073
7,1844011,1000416,1000416,1000469,1001510,1.843146564,1.841230742
7,1844172,1000573,1000573,1000521,1001667,1.843211687,1.841102881
7,1836423,1000052,1000052,995729,1001198,1.844300005,1.834225598
7,1843239,1000000,1000000,1000001,1001146,1.843237157,1.841129066
7,1843802,1000312,1000312,1000313,1001459,1.843225071,1.841115812
7,1843129,999948,999948,999947,1001146,1.843226691,1.841019192
7,1822738,1000729,1000729,969948,1002344,1.879212081,1.818475493
7,1843959,1000416,1000416,1000365,1001614,1.843286201,1.840987646
7,1843424,1000104,1000104,1000052,1001250,1.843328147,1.841122597
7,1843293,1000052,1000052,1000052,1001510,1.843197154,1.840513824
7,1836995,1000313,1000313,995729,1001511,1.844874459,1.834223488
7,1843996,1000417,1000417,1000469,1001510,1.843131571,1.841215764
7,1843968,1000417,1000417,1000417,1001563,1.843199386,1.841090376
7,1844146,1000520,1000520,1000469,1001614,1.843281501,1.841174345
7,1826626,1000261,1000261,983802,1001719,1.856700840,1.823491418
7,1843285,1000052,1000052,1000052,1001146,1.843189154,1.841175013
7,1844020,1000469,1000469,1000417,1001562,1.843251364,1.841144133
7,1843462,1000104,1000104,1000156,1001302,1.843174465,1.841064933
7,1837840,1000521,1000521,996198,1001719,1.844854135,1.834686174
7,1843324,1000052,1000052,1000052,1001510,1.843228152,1.840544777
7,1843958,1000417,1000417,1000417,1001511,1.843189390,1.841175983
7,1843220,1000052,1000052,1000000,1001145,1.843220000,1.841111927
7,1799264,1000782,1000782,949271,1002292,1.895416588,1.795149517
7,1843302,1000053,1000053,1000104,1001302,1.843110317,1.840905142
7,1843154,1000000,1000000,999948,1001094,1.843249849,1.841139793
7,1844210,1000573,1000573,1000521,1001667,1.843249667,1.841140818
7,1836205,1000208,1000208,994792,1001406,1.845818020,1.833626921
7,1843563,1000156,1000156,1000156,1001302,1.843275449,1.841165802
7,1844196,1000521,1000521,1000573,1001667,1.843139881,1.841126842
7,1843096,999948,999948,999948,1001407,1.843191846,1.840506407
7,1826115,1000208,1000208,982136,1001562,1.859330072,1.823267057
7,1843836,1000364,1000364,1000313,1001511,1.843259060,1.841054167
7,1843296,1000052,1000052,1000052,1001146,1.843200154,1.841186001
7,1843692,1000260,1000260,1000260,1001510,1.843212765,1.840912223
7,1835667,1000365,1000365,988801,1001875,1.856457467,1.832231566
7,1843807,1000313,1000313,1000364,1001510,1.843136098,1.841027049
7,1843912,1000364,1000364,1000365,1001511,1.843239218,1.841130052
7,1843510,1000156,1000156,1000104,1001250,1.843318295,1.841208489
7,1824298,1000573,1000573,970990,1002239,1.878802047,1.820222522
7,1843505,1000156,1000156,1000157,1001667,1.843215615,1.840436992
7,1843550,1000105,1000105,1000104,1001250,1.843358291,1.841248439
7,1843189,1000000,1000000,1000000,1001146,1.843189000,1.841079123
7,1836611,1000052,1000052,995521,1001302,1.844874192,1.834222842
7,1844047,1000417,1000417,1000469,1001615,1.843182547,1.841073666
7,1843303,1000052,1000052,1000053,1001145,1.843205310,1.841194832
7,1849655,1007604,1007604,999791,1008802,1.850041659,1.833516389
7,1834721,1000521,1000521,992604,1001875,1.848391705,1.831287336
7,1843398,1000104,1000104,1000104,1001250,1.843206307,1.841096629
7,1843560,1000208,1000208,1000208,1001354,1.843176619,1.841067195
7,1835778,1000417,1000417,993228,1001666,1.848294651,1.832724681
7,1843542,1000156,1000156,1000157,1001355,1.843252609,1.841047381
7,1844115,1000469,1000469,1000521,1001667,1.843154716,1.841045976
7,1843229,1000052,1000052,1000053,1001093,1.843131314,1.841216550
7,1834124,1000312,1000312,978542,1001615,1.874343666,1.831166666
7,1835302,1000469,1000469,992604,1001927,1.848977034,1.831772175
7,1843805,1000312,1000312,1000313,1001459,1.843228070,1.841118808
7,1843664,1000260,1000260,1000209,1001354,1.843278755,1.841171054
7,1837895,1000417,1000417,995572,1001614,1.846069395,1.834933417
7,1843680,1000260,1000260,1000261,1001407,1.843198925,1.841089587
7,1843634,1000208,1000208,1000260,1001406,1.843154780,1.841045490
7,1843677,1000261,1000261,1000260,1001614,1.843197769,1.840706100
7,1834767,1000625,1000625,985364,1001875,1.862019518,1.831333250
7,1834561,1000104,1000104,992292,1001614,1.848811640,1.831604790
7,1843151,999948,999948,999948,1001406,1.843246849,1.840563168
7,1843578,1000208,1000208,1000209,1001355,1.843192773,1.841083332
7,1835512,1000469,1000469,996822,1001666,1.841363854,1.832459123
7,1843743,1000312,1000312,1000261,1001407,1.843261909,1.841152498
7,1844092,1000521,1000521,1000468,1001614,1.843229369,1.841120432
7,1843243,1000000,1000000,1000000,1001198,1.843243000,1.841037437
7,1829548,1000104,1000104,973489,1001354,1.879372032,1.827074142
7,1836935,1000521,1000521,992396,1002031,1.851010081,1.833211747
7,1843310,1000052,1000052,1000052,1001198,1.843214153,1.841104357
7,1843529,1000156,1000156,1000156,1001302,1.843241454,1.841131846
7,1833473,1000572,1000572,988021,1001823,1.855702460,1.830136661
7,1844028,1000416,1000416,1000469,1001927,1.843163556,1.840481392
7,1843912,1000416,1000416,1000365,1001511,1.843239218,1.841130052
7,1844064,1000469,1000469,1000468,1001614,1.843201382,1.841092477
7,1844177,1008854,1008854,990469,1010000,1.861922988,1.825917822
7,1843583,1000208,1000208,1000157,1001615,1.843293603,1.840610414
7,1843997,1000365,1000365,1000364,1001458,1.843326029,1.841312367
7,1843403,1000105,1000105,1000052,1001354,1.843307148,1.840910407
7,1834439,1000000,1000000,996354,1001250,1.841151840,1.832148814
7,1843617,1000208,1000208,1000209,1001354,1.843231765,1.841124118
7,1844024,1000469,1000469,1000417,1001563,1.843255363,1.841146288
7,1843193,1000000,1000000,1000000,1001406,1.843193000,1.840605109
7,1795475,1001666,1001666,947655,1002917,1.894650479,1.790252832
7,1844199,1000520,1000520,1000573,1001979,1.843142879,1.840556539
7,1843792,1000364,1000364,1000365,1001406,1.843119261,1.841203268
7,1843263,1000052,1000052,1000053,1001198,1.843165312,1.841057413
7,1838154,1000104,1000104,995313,1001354,1.846809998,1.835668505
7,1843942,1000365,1000365,1000364,1001511,1.843271049,1.841160007
7,1843574,1000209,1000209,1000156,1001614,1.843286447,1.840603266
7,1843539,1000156,1000156,1000157,1001302,1.843249610,1.841141833
7,1813581,1000312,1000312,972709,1001511,1.864464089,1.810844813
7,1843446,1000104,1000104,1000156,1001667,1.843158467,1.840378090
7,1843288,1000052,1000052,1000052,1001146,1.843192154,1.841178010
7,1843959,1000417,1000417,1000416,1001562,1.843192232,1.841083228
7,1837369,1000521,1000521,995469,1001719,1.845732012,1.834215983
7,1843375,1000104,1000104,1000104,1001198,1.843183309,1.841169279
7,1843281,1000052,1000052,1000052,1001198,1.843185154,1.841075392
7,1844201,1000521,1000521,1000573,1001667,1.843144878,1.841131833
7,1826149,1000312,1000312,970678,1001511,1.881312856,1.823393852
7,1843562,1000209,1000209,1000156,1001718,1.843274449,1.840400192
7,1843981,1000417,1000417,1000417,1001875,1.843212380,1.840530006
7,1843455,1000104,1000104,1000157,1001302,1.843165623,1.841057943
7,1836200,1000364,1000364,996250,1001511,1.843111669,1.833429688
7,1843242,1000000,1000000,1000052,1001146,1.843146156,1.841132063
7,1843672,1000260,1000260,1000260,1001562,1.843192770,1.840796676
7,1843554,1000209,1000209,1000156,1001354,1.843266450,1.841061203
7,1827380,1000572,1000572,980208,1001823,1.864277786,1.824054748
7,1843586,1000208,1000208,1000209,1001667,1.843200771,1.840517857
7,1844184,1000573,1000573,1000521,1001927,1.843223680,1.840637092
7,1843956,1000365,1000365,1000364,1001510,1.843285044,1.841175825
7,1837715,1000625,1000625,991250,1002135,1.853936948,1.833799837
7,1844155,1000521,1000521,1000520,1001615,1.843196538,1.841181492
7,1844208,1000521,1000521,1000521,1001667,1.843247668,1.841138822
7,1843820,1000312,1000312,1000364,1001459,1.843149094,1.841133786
7,1825350,1000365,1000365,969375,1001771,1.883017408,1.822123020
7,1843028,999896,999896,999896,1001146,1.843219695,1.840918308
7,1843415,1000104,1000104,1000156,1001458,1.843127472,1.840731214
7,1843101,999948,999948,999948,1001093,1.843196846,1.841088690
7,1837386,1000417,1000417,996928,1001615,1.843047843,1.834423406
7,1844011,1000468,1000468,1000417,1001875,1.843242368,1.840559950
7,1843229,1000053,1000053,1000000,1001146,1.843229000,1.841119078
7,1843473,1000157,1000157,1000208,1001250,1.843089637,1.841171536
7,1830417,1000365,1000365,982865,1001771,1.862327990,1.827181062
7,1843387,1000105,1000105,1000104,1001302,1.843195308,1.840990031
7,1843736,1000313,1000313,1000312,1001406,1.843160934,1.841147347
7,1843672,1000208,1000208,1000313,1001406,1.843095111,1.841083437
7,1838277,1000417,1000417,995729,1001615,1.846161958,1.835312970
7,1844146,1000521,1000521,1000469,1001615,1.843281501,1.841172506
7,1843796,1000365,1000365,1000312,1001459,1.843220915,1.841109821
7,1843318,1000104,1000104,1000104,1001458,1.843126315,1.840634355
7,1816201,1000365,1000365,963802,1001615,1.884412981,1.813272565
7,1843315,1000052,1000052,1000000,1001562,1.843315000,1.840440232
7,1843085,999948,999948,999948,1001094,1.843180845,1.841070868
7,1843419,1000105,1000105,1000052,1001250,1.843323147,1.841117603
7,1837699,1000521,1000521,995886,1001823,1.845290525,1.834354971
7,1843603,1000209,1000209,1000208,1001302,1.843219610,1.841205750
7,1843443,1000157,1000157,1000104,1001250,1.843251302,1.841141573
7,1844061,1000521,1000521,1000469,1001562,1.843196541,1.841185069
7,1815395,1000364,1000364,972031,1001823,1.867630765,1.812091557
7,1843029,999896,999896,999948,1001459,1.843124842,1.840343938
7,1843307,1000052,1000052,1000104,1001198,1.843115316,1.841101361
7,1844001,1000417,1000417,1000416,1001563,1.843234215,1.841123324
7,1835526,1000521,1000521,992031,1001718,1.850270808,1.832377975
7,1843986,1000417,1000417,1000469,1001562,1.843121576,1.841110186
7,1844136,1000469,1000469,1000521,1001667,1.843175705,1.841066941
7,1843177,999948,999948,999948,1001093,1.843272850,1.841164607
7,1825380,1000260,1000260,961562,1001563,1.898348728,1.822531383
7,1843199,1000000,1000000,999948,1001250,1.843294851,1.840897878
7,1843463,1000156,1000156,1000104,1001250,1.843271300,1.841161548
7,1844057,1000468,1000468,1000469,1001614,1.843192543,1.841085488
7,1835886,1000677,1000677,990833,1001927,1.852871271,1.832355052
7,1843881,1000365,1000365,1000364,1001302,1.843210072,1.841483389
7,1843906,1000417,1000417,1000417,1001302,1.843137412,1.841508356
7,1843788,1000312,1000312,1000312,1001250,1.843212918,1.841486142
7,1827191,1000104,1000104,981927,1001146,1.860821629,1.825099436
7,1843864,1000260,1000260,1000313,1001250,1.843287051,1.841562047
7,1843535,1000156,1000156,1000156,1001146,1.843247453,1.841424727
7,1843966,1000417,1000417,1000417,1001354,1.843197387,1.841472646
7,1835584,1000573,1000573,996250,1001563,1.842493350,1.832719459
7,1843945,1000417,1000417,1000364,1001302,1.843274048,1.841547305
7,1843493,1000156,1000156,1000156,1001146,1.843205460,1.841382775
7,1844038,1000468,1000468,1000469,1001407,1.843173552,1.841447084
7,1823266,1000521,1000521,974688,1001770,1.870615007,1.820044521
7,1843021,999896,999896,999844,1000937,1.843308556,1.841295706
7,1844168,1000520,1000520,1000469,1001458,1.843303491,1.841483118
7,1843366,1000104,1000104,1000157,1001042,1.843076637,1.841447212
7,1836503,1000469,1000469,995938,1001562,1.843993301,1.833638856
7,1844152,1000521,1000521,1000520,1001458,1.843193539,1.841467141
7,1843677,1000261,1000261,1000260,1001198,1.843197769,1.841470918
7,1843890,1000365,1000365,1000416,1001302,1.843123261,1.841492377
7,1828063,1000521,1000521,982656,1001822,1.860328538,1.824738327
7,1843797,1000313,1000313,1000312,1001354,1.843221915,1.841303875
7,1844184,1000521,1000521,1000520,1001458,1.843225523,1.841499094
7,1843558,1000208,1000208,1000156,1001458,1.843270450,1.840874006
7,1838822,1000521,1000521,996042,1001615,1.846128978,1.835857091
7,1843510,1000156,1000156,1000208,1001145,1.843126630,1.841401595
7,1843230,1000000,1000000,1000000,1000938,1.843230000,1.841502670
7,1843478,1000157,1000157,1000156,1001094,1.843190462,1.841463439
7,1783802,1000417,1000417,935885,1001771,1.906005546,1.780648472
7,1843168,999948,999948,999948,1001042,1.843263850,1.841249418
7,1843328,1000052,1000052,1000105,1001303,1.843134471,1.840929269
7,1844090,1000469,1000469,1000468,1001458,1.843227370,1.841405231
7,1834187,1000052,1000052,995052,1001041,1.843307686,1.832279597
7,1843739,1000312,1000312,1000260,1001198,1.843259752,1.841532844
7,1843156,1000000,1000000,999947,1000938,1.843253692,1.841428740
7,1843293,1000052,1000052,1000052,1001042,1.843197154,1.841374288
7,1828831,1000104,1000104,983802,1001355,1.858942145,1.826356287
7,1843406,1000104,1000104,1000104,1001041,1.843214306,1.841489010
7,1843419,1000104,1000104,1000105,1001042,1.843225461,1.841500157
7,1843644,1000209,1000209,1000260,1001146,1.843164777,1.841533602
7,1834805,1000573,1000573,990052,1001875,1.853241042,1.831371179
7,1844118,1000469,1000469,1000469,1001458,1.843253514,1.841433190
7,1843818,1000312,1000312,1000313,1001302,1.843241066,1.841420471
7,1843479,1000156,1000156,1000104,1001094,1.843287298,1.841464438
7,1826910,1000469,1000469,973594,1001562,1.876459797,1.824060817
7,1843524,1000208,1000208,1000156,1001510,1.843236455,1.840744476
7,1843408,1000105,1000105,1000104,1001094,1.843216306,1.841393515
7,1843636,1000260,1000260,1000208,1001250,1.843252603,1.841334332
7,1838460,1000573,1000573,995833,1001511,1.846152919,1.835686278
7,1843372,1000105,1000105,1000104,1001042,1.843180309,1.841453206
7,1844006,1000417,1000417,1000416,1001407,1.843239212,1.841415129
7,1843432,1000156,1000156,1000104,1001354,1.843240303,1.840939368
7,1827641,1000365,1000365,981979,1001718,1.861181349,1.824506498
7,1843800,1000365,1000365,1000312,1001354,1.843224914,1.841306870
7,1844098,1000469,1000469,1000469,1001406,1.843233523,1.841508839
7,1843765,1000313,1000313,1000261,1001250,1.843283903,1.841463171
7,1835999,1000417,1000417,995782,1001406,1.843776047,1.833421210
7,1843396,1000104,1000104,1000104,1001042,1.843204307,1.841477181
7,1843480,1000156,1000156,1000156,1001041,1.843192462,1.841562933
7,1843521,1000156,1000156,1000156,1001094,1.843233456,1.841506392
7,1796360,986145,986145,949374,1002396,1.892152092,1.792066209
7,1843180,1000000,1000000,1000000,1001302,1.843180000,1.840783300
7,1843078,999896,999896,999948,1000937,1.843173845,1.841352653
7,1843753,1000260,1000260,1000261,1001250,1.843271906,1.841451186
7,1837164,1000209,1000209,993020,1001302,1.850077541,1.834775123
7,1844090,1000468,1000468,1000469,1001406,1.843225527,1.841500850
7,1843616,1000260,1000260,1000261,1001198,1.843134942,1.841409991
7,1844098,1000468,1000468,1000417,1001459,1.843329332,1.841411381
7,1815626,1000625,1000625,968802,1001823,1.874093984,1.812322137
7,1843568,1000209,1000209,1000208,1001145,1.843184618,1.841459529
7,1843916,1000364,1000364,1000365,1001198,1.843243216,1.841709632
7,1843742,1000260,1000260,1000313,1001302,1.843165089,1.841344569
7,1836752,1000417,1000417,996927,1001354,1.842413737,1.834268401
7,1843255,1000053,1000053,1000052,1000833,1.843159156,1.841720847
7,1843191,999948,999948,1000000,1000886,1.843191000,1.841559378
7,1843917,1000365,1000365,1000416,1001250,1.843150249,1.841614981
7,1815274,1000260,1000260,968230,1001511,1.874837590,1.812535259
7,1843734,1000312,1000312,1000261,1001250,1.843252911,1.841432210
7,1843402,1000104,1000104,1000104,1001042,1.843210306,1.841483175
7,1843468,1000156,1000156,1000156,1001093,1.843180464,1.841455289
7,1836100,1000521,1000521,990000,1001927,1.854646465,1.832568640
7,1843811,1000365,1000365,1000312,1001615,1.843235910,1.840838047
7,1843551,1000209,1000209,1000156,1001146,1.843263451,1.841440709
7,1843872,1000365,1000365,1000364,1001302,1.843201075,1.841474400
7,1826427,1000365,1000365,981771,1001771,1.860339122,1.823198116
7,1843385,1000104,1000104,1000104,1001146,1.843193308,1.841274899
7,1843514,1000156,1000156,1000157,1001094,1.843224614,1.841499400
7,1843804,1000313,1000313,1000365,1001250,1.843131257,1.841502122
7,1836703,1000261,1000261,995884,1001302,1.844294115,1.834314722
7,1843260,1000052,1000052,1000000,1000937,1.843260000,1.841534482
7,1843244,1000000,1000000,1000052,1000938,1.843148156,1.841516657
7,1844484,1000678,1000678,1000677,1001614,1.843236129,1.841511800
7,1824495,1000417,1000417,979739,1001823,1.862225552,1.821174998
7,1844051,1000469,1000469,1000416,1001875,1.843284194,1.840599875
7,1843340,1000052,1000052,1000052,1001198,1.843244151,1.841134321
7,1843188,1000000,1000000,999948,1001094,1.843283851,1.841173756
7,1836999,1000364,1000364,993333,1001771,1.849328473,1.833751426
7,1844006,1000416,1000416,1000417,1001562,1.843237370,1.841130155
7,1843788,1000313,1000313,1000312,1001406,1.843212918,1.841199274
7,1843172,1000000,1000000,999948,1001094,1.843267850,1.841157773
7,1826010,1000521,1000521,971876,1001979,1.878850800,1.822403464
7,1843267,1000000,1000000,1000052,1001146,1.843171155,1.841157034
7,1843859,1000313,1000313,1000364,1001511,1.843188080,1.841077132
7,1844046,1000468,1000468,1000417,1001875,1.843277353,1.840594885
7,1835543,1000156,1000156,993595,1001718,1.847375440,1.832394945
7,1843491,1000209,1000209,1000156,1001303,1.843203460,1.841092057
7,1843113,999948,999948,999948,1001146,1.843208847,1.841003210
7,1844053,1000469,1000469,1000469,1001615,1.843188545,1.841079656
7,1823908,1000729,1000729,959635,1002187,1.900626801,1.819927818
7,1843982,1000469,1000469,1000261,1001667,1.843500846,1.840913198
7,1843804,1000312,1000312,1000365,1001510,1.843131257,1.841024054
7,1843323,1000052,1000052,1000104,1001198,1.843131314,1.841117341
7,1837805,1000417,1000417,994999,1001615,1.847042057,1.834841731
7,1843351,1000104,1000104,1000052,1001510,1.843255151,1.840571737
7,1843429,1000156,1000156,1000156,1001250,1.843141470,1.841127591
7,1843263,1000052,1000052,1000052,1001146,1.843167155,1.841153039
7,1827677,1000416,1000416,983438,1001875,1.858456761,1.824256519
7,1843840,1000312,1000312,1000312,1001510,1.843264901,1.841059999
7,1843302,1000052,1000052,1000052,1001198,1.843206153,1.841096367
7,1843099,999948,999948,999948,1001094,1.843194846,1.841084853
7,1836868,1000469,1000469,990834,1001979,1.853860485,1.833240018
7,1843950,1000417,1000417,1000416,1001511,1.843183236,1.841167995
7,1843105,999948,999948,999948,1001094,1.843200846,1.841090847
7,1843279,1000052,1000052,1000052,1001198,1.843183154,1.841073394
7,1827576,1000469,1000469,969270,1002083,1.885517967,1.823777072
7,1843956,1000416,1000416,1000417,1001615,1.843187391,1.840982813
7,1843451,1000156,1000156,1000156,1001198,1.843163466,1.841245188
7,1843810,1000364,1000364,1000312,1001510,1.843234911,1.841030045
7,1839114,1000521,1000521,995625,1001771,1.847195480,1.835862687
7,1844139,1000521,1000521,1000520,1001666,1.843180546,1.841071774
7,1843930,1000416,1000416,1000365,1001511,1.843257211,1.841148025
7,1844155,1000521,1000521,1000520,1001666,1.843196538,1.841087748
7,1830608,1000677,1000677,984115,1002136,1.860156587,1.826706156
7,1843393,1000105,1000105,1000104,1001302,1.843201307,1.840996023
7,1843388,1000104,1000104,1000104,1001563,1.843196308,1.840511281
7,1843430,1000104,1000104,1000104,1001250,1.843238303,1.841128589
7,1835451,1000520,1000520,992552,1001771,1.849224021,1.832206163
7,1843387,1000104,1000104,1000052,1001198,1.843291149,1.841181265
7,1843956,1000417,1000417,1000365,1001563,1.843283202,1.841078394
7,1844017,1000416,1000416,1000417,1001562,1.843248365,1.841141138
7,1825734,1000313,1000313,972865,1001875,1.876657090,1.822317155
7,1843429,1000157,1000157,1000156,1001302,1.843141470,1.841031976
7,1843673,1000261,1000261,1000260,1001406,1.843193770,1.841084435
7,1843176,1000000,1000000,1000000,1001094,1.843176000,1.841161769
7,1836666,1000313,1000313,996614,1001823,1.842906080,1.833323851
7,1844238,1000521,1000521,1000521,1001615,1.843277652,1.841264358
7,1843981,1000469,1000469,1000417,1001510,1.843212380,1.841200787
7,1843313,1000052,1000052,1000052,1001146,1.843217153,1.841202981
7,1807210,1000417,1000417,963905,1001979,1.874883936,1.803640595
7,1843632,1000157,1000157,1000208,1001406,1.843248604,1.841043493
7,1843566,1000156,1000156,1000209,1001303,1.843180775,1.841166959
7,1844066,1000468,1000468,1000417,1001615,1.843297345,1.841092635
7,1837940,1000313,1000313,996666,1001823,1.844088190,1.834595532
7,1844115,1000521,1000521,1000468,1001614,1.843252358,1.841143395
7,1844182,1000520,1000520,1000521,1001927,1.843221682,1.840635096
7,1843244,1000052,1000052,1000052,1001146,1.843148156,1.841134060
7,1825252,1000625,1000625,970833,1002240,1.880088543,1.821172573
7,1843126,1000000,1000000,999948,1001198,1.843221848,1.840920577
7,1844125,1000521,1000521,1000520,1001614,1.843166553,1.841153378
7,1843920,1000416,1000416,1000365,1001563,1.843247215,1.841042451
7,1835079,1000260,1000260,989687,1001718,1.854201379,1.831931741
7,1843268,1000052,1000052,1000052,1001197,1.843172155,1.841064246
7,1843602,1000260,1000260,1000209,1001355,1.843216768,1.841107300
7,1843457,1000156,1000156,1000157,1001250,1.843167623,1.841155556
7,1829126,1000729,1000729,981510,1002084,1.863583662,1.825322029
7,1843175,999947,999947,1000000,1001198,1.843175000,1.840969519
7,1843287,1000052,1000052,1000052,1001146,1.843191154,1.841177011
7,1843977,1000417,1000417,1000364,1001510,1.843306037,1.841196793
7,1836132,1000053,1000053,995677,1001302,1.844104062,1.833744465
7,1843134,999948,999948,999948,1001094,1.843229848,1.841119815
7,1843467,1000157,1000157,1000156,1001302,1.843179464,1.841069927
7,1844045,1000469,1000469,1000469,1001563,1.843180548,1.841167256
7,1824525,1000208,1000208,971302,1001770,1.878432249,1.821301297
7,1843419,1000156,1000156,1000156,1001250,1.843131471,1.841117603
7,1843637,1000260,1000260,1000261,1001355,1.843155936,1.841142252
7,1844049,1000469,1000469,1000417,1001927,1.843280352,1.840502352
7,1834987,1000104,1000104,992293,1001354,1.849239086,1.832505787
7,1844146,1000521,1000521,1000573,1001614,1.843089909,1.841174345
7,1843413,1000156,1000156,1000105,1001250,1.843219462,1.841111610
7,1843294,1000052,1000052,1000052,1001146,1.843198154,1.841184003
7,1827242,1000157,1000157,982656,1001615,1.859493047,1.824295762
7,1843855,1000365,1000365,1000312,1001458,1.843279897,1.841170573
7,1843367,1000104,1000104,1000104,1001250,1.843175310,1.841065668
7,1843355,1000104,1000104,1000104,1001510,1.843163311,1.840575731
7,1838708,1000416,1000416,995886,1001563,1.846303693,1.835838584
7,1843553,1000156,1000156,1000156,1001614,1.843265451,1.840582300
7,1843817,1000312,1000312,1000313,1001459,1.843240066,1.841130790
7,1843873,1000364,1000364,1000365,1001510,1.843200232,1.841092950
7,1823692,1000573,1000573,967187,1002031,1.885562978,1.819995589
7,1843816,1000312,1000312,1000364,1001875,1.843145095,1.840365315
7,1843698,1000260,1000260,1000313,1001354,1.843121103,1.841205008
7,1843109,999948,999948,999947,1001093,1.843206690,1.841096681
7,1835533,1000312,1000312,995157,1001511,1.844465748,1.832763694
7,1843284,1000052,1000052,1000052,1001146,1.843188154,1.841174015
7,1843588,1000208,1000208,1000209,1001355,1.843202771,1.841093319
7,1843922,1000416,1000416,1000365,1001511,1.843249214,1.841140037
7,1831181,1000313,1000313,983124,1001562,1.862614482,1.828325156
7,1843048,999896,999896,999896,1001407,1.843239697,1.840458475
7,1843379,1000104,1000104,1000104,1001250,1.843187309,1.841077653
7,1843730,1000312,1000312,1000261,1001407,1.843248912,1.841139517
7,1835591,1000364,1000364,991146,1001875,1.851988506,1.832155708
7,1843297,1000052,1000052,1000000,1001250,1.843297000,1.840995755
7,1843526,1000208,1000208,1000208,1001302,1.843142626,1.841128850
7,1844193,1000573,1000573,1000520,1001666,1.843234518,1.841125685
7,1829004,1000468,1000468,973489,1002032,1.878813217,1.825295001
7,1844039,1000469,1000469,1000469,1001667,1.843174551,1.840970103
7,1844066,1000469,1000469,1000468,1001562,1.843203381,1.841190061
7,1843712,1000313,1000313,1000260,1001719,1.843232759,1.840548098
7,1835005,1000625,1000625,993072,1002083,1.847806604,1.831190630
7,1843315,1000105,1000105,1000104,1001146,1.843123315,1.841204979
7,1843226,1000052,1000052,1000000,1001146,1.843226000,1.841116081
7,1843682,1000260,1000260,1000261,1001406,1.843200925,1.841093423
7,1824712,1000468,1000468,972239,1002032,1.876814240,1.821011704
7,1844094,1000521,1000521,1000469,1001614,1.843229525,1.841122428
7,1843224,1000000,1000000,1000000,1001146,1.843224000,1.841114083
7,1835127,1000417,1000417,1000417,1001562,1.834362071,1.832265002
7,1837444,1001562,1001562,995209,1003386,1.846289573,1.831243410
7,1843942,1000417,1000417,1000364,1001562,1.843271049,1.841066255
7,1843405,1000468,1000468,1000469,1001615,1.842540848,1.840432701
7,1844078,1000625,1000625,1000937,1002291,1.842351716,1.839862874
7,1803966,1000729,1000729,950053,1002292,1.898805646,1.799840765
7,1843751,1000416,1000416,1000365,1001875,1.843078276,1.840300437
7,1843902,1000364,1000364,1000365,1001511,1.843229221,1.841120068
7,1839830,1000469,1000469,1000468,1001980,1.838969362,1.836194335
7,1832876,1000260,1000260,992031,1001770,1.847599521,1.829637542
7,1844049,1000573,1000573,1000572,1001666,1.842994807,1.840981924
7,1844135,1000520,1000520,1000573,1001771,1.843078916,1.840874811
7,1843225,1000000,1000000,1000000,1001250,1.843225000,1.840923845
7,1828890,1000573,1000573,978853,1001875,1.868401078,1.825467249
7,1843058,1000364,1000364,1000364,1001666,1.842387371,1.839992572
7,1843573,1000417,1000417,1000364,1001406,1.842902184,1.840984576
7,1843133,1000261,1000261,1000260,1001198,1.842653910,1.840927569
7,1838476,1000468,1000468,995573,1001406,1.846651125,1.835894732
7,1844000,1000469,1000469,1000573,1001666,1.842943993,1.840933006
7,1844198,1000521,1000521,1000573,1001511,1.843141880,1.841415621
7,1887984,1031562,1031562,1000104,1032657,1.887787670,1.828277928
7,2044373,1000156,1000156,994584,1001198,2.055505618,2.041926772
7,2093841,1000468,1000468,1000469,1001459,2.092859449,2.090790537
7,2093099,1000157,1000157,1000156,1000938,2.092772527,2.091137513
7,2088367,1000052,1000052,995885,1000938,2.096996139,2.086409947
7,2093323,1000260,1000260,1000573,1001510,2.092124213,2.090166848
7,2092072,1000260,1000260,1000261,1001094,2.091526112,2.089785774
7,2092697,999948,999948,999948,1000781,2.092805826,2.091063879
7,2087049,1000261,1000261,991978,1001198,2.103926700,2.084551707
7,2087012,1000312,1000312,996146,1001146,2.095086463,2.084623022
7,2093061,1000052,1000052,1000052,1001042,2.092952166,2.090882301
7,2093034,1000104,1000104,1000105,1000885,2.092814255,2.091183303
7,2085944,1000365,1000365,993958,1001250,2.098623886,2.083339825
7,2093002,1000104,1000104,1000105,1000937,2.092782258,2.091042693
7,1840220,1000260,1000260,1000261,1001094,1.839739828,1.838208999
7,1844237,1000573,1000573,1000573,1001511,1.843180857,1.841454562
7,1837420,1000000,1000000,991146,1001093,1.853833845,1.835413893
7,1817281,1000833,1000833,977292,1001928,1.859506678,1.813784024
7,1843848,1000365,1000365,1000312,1001562,1.843272899,1.840972401
7,1843136,999947,999947,1000000,1001354,1.843136000,1.840643768
7,1834512,1000052,1000052,984271,1001354,1.863828153,1.832031429
7,1843425,1000156,1000156,1000104,1001250,1.843233304,1.841123596
7,1843414,1000104,1000104,1000104,1001303,1.843222305,1.841015157
7,1843150,999948,999948,999948,1001094,1.843245849,1.841135797
7,1834626,1000260,1000260,989323,1001458,1.854425703,1.831955010
7,1815974,1000417,1000417,971353,1001875,1.869530438,1.812575421
7,1843700,1000261,1000261,1000208,1001406,1.843316590,1.841111397
7,1843830,1000365,1000365,1000364,1001510,1.843159090,1.841050014
7,1835719,1000677,1000677,989376,1001875,1.855431100,1.832283468
7,1843549,1000156,1000156,1000105,1001354,1.843355448,1.841056210
7,1843420,1000104,1000104,1000105,1001459,1.843226461,1.840734369
7,1843749,1000313,1000313,1000312,1001406,1.843173930,1.841160329
7,1855890,1014427,1014427,971197,1017395,1.910930532,1.824158758
7,1843905,1000417,1000417,1000417,1001614,1.843136412,1.840933733
7,1843586,1000208,1000208,1000209,1001355,1.843200771,1.841091321
7,1843828,1000313,1000313,1000364,1001354,1.843157091,1.841334833
7,1837952,1000312,1000312,994895,1001510,1.847382890,1.835180877
7,1843883,1000365,1000365,1000313,1001510,1.843306045,1.841102935
7,1844098,1000521,1000521,1000521,1001563,1.843137725,1.841220173
7,1844192,1000573,1000573,1000573,1001614,1.843135883,1.841220270
7,1818873,1000104,1000104,971873,1001198,1.871513047,1.816696597
7,1843204,1000000,1000000,1000000,1001094,1.843204000,1.841189738
7,1843942,1000365,1000365,1000416,1001354,1.843175239,1.841448678
7,1843660,1000208,1000208,1000208,1001146,1.843276598,1.841549584
7,1839902,1000416,1000416,997709,1001563,1.844126895,1.837030721
7,1834351,1000573,1000573,1000625,1001667,1.833205247,1.831298226
7,1843078,1000625,1000625,1000677,1001667,1.841831080,1.840010702
7,1842540,1000000,1000000,1000000,1000885,1.842540000,1.840910794
7,1829215,1000730,1000730,969791,1001719,1.886195067,1.826075975
7,1844264,1000521,1000521,1000521,1001562,1.843303639,1.841387752
7,1843731,1000260,1000260,1000261,1001302,1.843249912,1.841333584
7,1843381,1000104,1000104,1000104,1001094,1.843189308,1.841366545
7,1839085,1000105,1000105,995574,1001250,1.847260977,1.836789014
7,1844461,1000677,1000677,1000885,1001979,1.842830095,1.840818021
7,1844017,1000469,1000469,1000625,1001667,1.842865209,1.840948139
7,1841974,1000208,1000208,1000260,1001302,1.841495211,1.839578868
7,1825079,1000573,1000573,979374,1001562,1.863515879,1.822232673
7,1843322,1000104,1000104,1000052,1001094,1.843226152,1.841307609
7,1843974,1000417,1000417,1000416,1001302,1.843207226,1.841576268
7,1843966,1000417,1000417,1000417,1001406,1.843197387,1.841377024
7,1839260,1000105,1000105,995052,1001198,1.848405912,1.837059203
7,1844187,1000521,1000521,1000625,1001615,1.843035103,1.841213440
7,1843784,1000312,1000312,1000312,1001406,1.843208919,1.841195279
7,1844008,1000417,1000417,1000468,1001562,1.843145408,1.841132152
7,1824030,1000261,1000261,947083,1001302,1.925945245,1.821658201
7,2088609,1000000,1000000,1000000,1000833,2.088609000,2.086870637
7,2093310,1000208,1000208,1000208,1001198,2.092874682,2.090805215
7,2092974,1000416,1000416,1000365,1001302,2.092210343,2.090252491
7,2085827,1000104,1000104,996928,1001042,2.092254406,2.083655831
7,2093393,1000312,1000312,1000313,1001094,2.092737973,2.091105331
7,2092877,1000052,1000052,1000000,1000833,2.092877000,2.091135084
7,2092970,1000104,1000104,1000104,1001041,2.092752354,2.090793484
7,2079371,1000573,1000573,984791,1001458,2.111484569,2.076343691
7,2093164,1000156,1000156,1000156,1001042,2.092837517,2.090985193
7,2093333,1000260,1000260,1000209,1001094,2.092895585,2.091045396
7,2093354,1000260,1000260,1000260,1001250,2.092809869,2.090740574
7,2087170,1000416,1000416,995625,1001407,2.096341494,2.084237478
7,1913481,1000260,1000260,1000313,1001042,1.912882268,1.911489228
7,1842792,1000469,1000469,1000521,1001406,1.841832405,1.840204672
7,1843372,1000104,1000104,1000052,1000989,1.843276150,1.841550706
7,1831063,1000468,1000468,973332,1001563,1.881231687,1.828205515
7,1843521,1000157,1000157,1000208,1001146,1.843137627,1.841410743
7,1843546,1000156,1000156,1000156,1001407,1.843258452,1.840955775
7,1843221,1000365,1000365,1000365,1001458,1.842548470,1.840537496
7,1834568,1000052,1000052,990678,1001458,1.851830766,1.831897094
7,1843407,1000104,1000104,1000104,1001250,1.843215306,1.841105618
7,1843706,1000261,1000261,1000260,1001407,1.843226761,1.841115550
7,1843654,1000261,1000261,1000260,1001406,1.843174775,1.841065462
7,1827542,1000678,1000678,977501,1001979,1.869606272,1.823932438
7,1843300,1000052,1000052,1000052,1001563,1.843204153,1.840423418
7,1843807,1000313,1000313,1000364,1001511,1.843136098,1.841025211
7,1843219,1000052,1000052,1000052,1001146,1.843123158,1.841109089
7,1837949,1000521,1000521,994062,1001718,1.848927934,1.834796819
7,1843964,1000417,1000417,1000364,1001823,1.843293041,1.840608571
7,1843399,1000104,1000104,1000104,1001198,1.843207306,1.841193250
7,1843788,1000312,1000312,1000313,1001771,1.843211075,1.840528424
7,1825397,1000520,1000520,963593,1001771,1.894365152,1.822169937
7,1843380,1000104,1000104,1000104,1001614,1.843188308,1.840409579
7,1844141,1000520,1000520,1000521,1001666,1.843180703,1.841073771
7,1843712,1000261,1000261,1000260,1001407,1.843232759,1.841121542
7,1837792,1000468,1000468,994271,1001667,1.848381377,1.834733499
7,1843223,1000053,1000053,1000000,1001146,1.843223000,1.841113084
7,1844008,1000417,1000417,1000417,1001562,1.843239369,1.841132152
7,1844187,1000521,1000521,1000521,1001615,1.843226679,1.841213440
7,1806053,1000521,1000521,960469,1001980,1.880386561,1.802484082
7,1843606,1000208,1000208,1000208,1001771,1.843222610,1.840346746
7,1844081,1000469,1000469,1000469,1001615,1.843216531,1.841107611
7,1843365,1000105,1000105,1000052,1001197,1.843269150,1.841161130
7,1836027,1000573,1000573,996146,1002032,1.843130425,1.832303759
7,1843311,1000052,1000052,1000052,1001510,1.843215153,1.840531797
7,1843377,1000104,1000104,1000156,1001615,1.843089478,1.840404746
7,1843683,1000261,1000261,1000260,1001510,1.843203767,1.840903236
7,1806684,1000416,1000416,941823,1001979,1.918284009,1.803115634
7,1843054,999896,999896,999896,1001459,1.843245698,1.840368902
7,1843730,1000312,1000312,1000313,1001666,1.843153093,1.840663455
7,1844219,1000573,1000573,1000521,1001667,1.843258662,1.841149803
7,1834061,1000156,1000156,988595,1001302,1.855219782,1.831676158
7,1843254,1000052,1000052,1000000,1001459,1.843254000,1.840568610
7,1843333,1000053,1000053,1000104,1001250,1.843141313,1.841031710
7,1843980,1000417,1000417,1000417,1001563,1.843211381,1.841102357
7,1826447,1000156,1000156,974793,1001667,1.873676770,1.823407380
7,1844275,1000468,1000468,1000521,1001666,1.843314633,1.841207548
7,1844085,1000469,1000469,1000469,1001615,1.843220530,1.841111605
7,1843408,1000104,1000104,1000104,1001250,1.843216306,1.841106617
7,1836688,1000469,1000469,996302,1002031,1.843505283,1.832965248
7,1843531,1000156,1000156,1000209,1001302,1.843145783,1.841133844
7,1843375,1000104,1000104,1000104,1001198,1.843183309,1.841169279
7,1843944,1000416,1000416,1000365,1001510,1.843271206,1.841163843
7,1817206,1000469,1000469,962760,1001979,1.887496365,1.813616852
7,1843804,1000313,1000313,1000312,1001511,1.843228913,1.841022215
7,1843805,1000364,1000364,1000312,1001458,1.843229912,1.841120646
7,1843790,1000313,1000313,1000313,1001511,1.843213074,1.841008237
7,1835979,1000468,1000468,995573,1001666,1.844143021,1.832925346
7,1843386,1000105,1000105,1000156,1001197,1.843098477,1.841182105
7,1844061,1000469,1000469,1000417,1001563,1.843292347,1.841183231
7,1843405,1000104,1000104,1000105,1001562,1.843211463,1.840530092
7,1826659,1000677,1000677,982188,1002240,1.859785499,1.822576429
7,1843101,999948,999948,999948,1001146,1.843196846,1.840991224
7,1843826,1000365,1000365,1000364,1001510,1.843155092,1.841046021
7,1843973,1000417,1000417,1000416,1001563,1.843206226,1.841095368
7,1837800,1000052,1000052,995521,1001562,1.846068541,1.834933833
7,1844101,1000521,1000521,1000521,1001615,1.843140724,1.841127579
7,1843478,1000156,1000156,1000157,1001302,1.843188619,1.841080913
7,1843577,1000208,1000208,1000209,1001302,1.843191773,1.841179784
7,1827359,1000573,1000573,970469,1002135,1.882964835,1.823465900
7,1843337,1000052,1000052,1000104,1001303,1.843145313,1.840938257
7,1843480,1000157,1000157,1000156,1001250,1.843192462,1.841178527
7,1843469,1000157,1000157,1000156,1001250,1.843181464,1.841167541
7,1838259,1000417,1000417,996772,1001719,1.844212117,1.835104455
7,1844061,1000469,1000469,1000469,1001563,1.843196541,1.841183231
7,1843847,1000364,1000364,1000365,1001406,1.843174241,1.841258191
7,1843273,1000052,1000052,1000000,1001093,1.843273000,1.841260502
7,1830969,1000521,1000521,980624,1001667,1.867146837,1.827921854
7,1843109,999948,999948,999896,1001198,1.843300703,1.840903597
7,1843104,999948,999948,999948,1000937,1.843199846,1.841378628
7,1843620,1000261,1000261,1000208,1001302,1.843236607,1.841222728
7,1825579,1000417,1000417,987707,1001615,1.848300154,1.822635444
7,1840982,1000208,1000208,1000209,1001198,1.840597315,1.838779143
7,1843919,1000417,1000417,1000365,1001406,1.843246215,1.841330090
7,1843775,1000313,1000313,1000313,1001510,1.843198079,1.840995097
7,1820985,1000729,1000729,963176,1001927,1.890604625,1.817482711
7,1843504,1000365,1000365,1000364,1001406,1.842833209,1.840915673
7,1842988,1000469,1000469,1000520,1001511,1.842030144,1.840207447
7,1843260,1000052,1000052,1000000,1001198,1.843260000,1.841054417
7,1838997,1000573,1000573,995416,1001666,1.847465783,1.835938327
7,1843613,1000313,1000313,1000312,1001355,1.843037972,1.841118285
7,1843808,1000313,1000313,1000312,1001250,1.843232911,1.841506117
7,1843769,1000417,1000417,1000416,1001354,1.843002311,1.841275912
7,1830307,1000365,1000365,982708,1001511,1.862513585,1.827545579
7,1843774,1000521,1000521,1000521,1001719,1.842813894,1.840609991
7,1842905,1000052,1000052,1000052,1001042,1.842809174,1.840986692
7,1843203,1000312,1000312,1000313,1001302,1.842626258,1.840806270
7,1837800,1000520,1000520,994844,1001771,1.847324807,1.834551010
7,1843159,999948,999948,1000000,1001250,1.843159000,1.840857928
7,1843223,1000105,1000105,1000104,1001303,1.843031325,1.840824406
7,1844036,1000417,1000417,1000416,1001459,1.843269200,1.841349471
7,1811932,1000469,1000469,957553,1001771,1.892252439,1.808728741
7,1843273,1000209,1000209,1000208,1001407,1.842889679,1.840683159
7,1843577,1000313,1000313,1000312,1001250,1.843001983,1.841275406
7,1843080,1000000,1000000,1000000,1000990,1.843080000,1.841257155
7,1837324,1000521,1000521,993907,1001771,1.848587443,1.834075852
7,1844057,1000468,1000468,1000469,1001458,1.843192543,1.841372279
7,1843412,1000104,1000104,1000104,1001094,1.843220305,1.841397511
7,1843332,1000052,1000052,1000052,1001042,1.843236152,1.841413247
7,1829222,1000625,1000625,984168,1002031,1.858648117,1.825514380
7,1843720,1000469,1000469,1000469,1001563,1.842855701,1.840842763
7,1843490,1000260,1000260,1000261,1001562,1.843008975,1.840614959
7,1841953,1000469,1000469,1000469,1001719,1.841089529,1.838792116
7,1836596,1000052,1000052,996094,1001406,1.843797874,1.834017372
7,1843299,1000156,1000156,1000104,1001250,1.843107317,1.840997753
7,1843851,1000469,1000469,1000417,1001458,1.843082435,1.841166579
7,1843945,1000417,1000417,1000364,1001458,1.843274048,1.841260442
7,1820920,1000417,1000417,961196,1001823,1.894431521,1.817606503
7,1843616,1000209,1000209,1000208,1001406,1.843232608,1.841027515
7,1843248,1000104,1000104,1000052,1001250,1.843152156,1.840946816
7,1843832,1000364,1000364,1000313,1001458,1.843255061,1.841147607
7,1836410,1000313,1000313,994739,1001510,1.846122450,1.833641202
7,1844148,1000520,1000520,1000521,1001614,1.843187699,1.841176341
7,1843989,1000417,1000417,1000416,1001823,1.843222220,1.840633525
7,1843261,1000052,1000052,1000052,1001146,1.843165155,1.841151041
7,1827323,1000208,1000208,982449,1001562,1.859967286,1.824473173
7,1844006,1000469,1000469,1000416,1001302,1.843239212,1.841608226
7,1843594,1000208,1000208,1000156,1001198,1.843306444,1.841388017
7,1843307,1000052,1000052,1000104,1000937,1.843115316,1.841581438
7,1837306,1000104,1000104,996927,1001042,1.842969445,1.835393520
7,1843912,1000364,1000364,1000417,1001250,1.843143409,1.841609988
7,1843321,1000105,1000105,1000052,1000885,1.843225152,1.841691103
7,1843840,1000312,1000312,1000313,1001198,1.843263059,1.841633723
7,1797485,1000521,1000521,955260,1001510,1.881670959,1.794774890
7,1844177,1000521,1000521,1000521,1001511,1.843216684,1.841394653
7,1843831,1000364,1000364,1000365,1001458,1.843158247,1.841146608
7,1843444,1000156,1000156,1000104,1001406,1.843252302,1.840855757
7,1837924,1000104,1000104,996408,1001406,1.844549622,1.835343507
7,1844021,1000417,1000417,1000468,1001458,1.843158402,1.841336332
7,1844024,1000469,1000469,1000469,1001459,1.843159558,1.841337489
7,1844037,1000416,1000416,1000469,1001459,1.843172552,1.841350470
7,1829589,1000416,1000416,984012,1001718,1.859315740,1.826451157
7,1843794,1000312,1000312,1000261,1001355,1.843312895,1.841299040
7,1832803,1000104,1000104,1000104,1001197,1.832612408,1.830611758
7,1843493,1000209,1000209,1000312,1001511,1.842918010,1.840711685
7,1836321,1000521,1000521,995781,1001719,1.844101263,1.833169781
7,1843566,1000156,1000156,1000156,1001302,1.843278449,1.841168798
7,1844220,1000678,1000678,1000781,1002084,1.842780788,1.840384638
7,1843994,1000416,1000416,1000521,1001718,1.843033779,1.840831452
7,1802931,1000573,1000573,940781,1001979,1.916419443,1.799370047
7,1843405,1000104,1000104,1000104,1001354,1.843213306,1.840912405
7,1843372,1000312,1000312,1000260,1001458,1.842892848,1.840688276
7,1840219,1000365,1000365,1000312,1001510,1.839645031,1.837444459
7,1834517,1000312,1000312,993074,1001615,1.847311479,1.831559032
7,1843576,1000209,1000209,1000156,1001406,1.843288447,1.840987571
7,1844262,1000573,1000573,1000573,1001875,1.843205843,1.840810480
7,1842019,1000365,1000365,1000365,1001719,1.841346908,1.838858003
7,1805775,1000365,1000365,961407,1002083,1.878262796,1.802021389
7,1843303,1000052,1000052,1000104,1001302,1.843111316,1.840906140
7,1843065,999948,999948,999947,1000989,1.843162688,1.841244010
7,1843509,1000417,1000417,1000521,1001615,1.842549032,1.840536533
7,1840076,1000729,1000729,997918,1001823,1.843915031,1.836727646
7,1843516,1000208,1000208,1000156,1001146,1.843228456,1.841405749
7,1843885,1000365,1000365,1000365,1001302,1.843212228,1.841487383
7,1843801,1000365,1000365,1000312,1001250,1.843225914,1.841499126
7,1902381,1000469,1000469,952552,1001563,1.997141363,1.899412219
7,2093861,1000521,1000521,1000521,1001510,2.092770666,2.090704037
7,2093330,1000260,1000260,1000261,1001302,2.092783783,2.090608028
7,2093662,1000417,1000417,1000677,1001615,2.092245550,2.090286188
7,2086716,1000208,1000208,995574,1001302,2.095992864,2.084002629
7,2094072,1000625,1000625,1000677,1001563,2.092655272,2.090804073
7,2093231,1000208,1000208,1000208,1001094,2.092795698,2.090943508
7,2093791,1000469,1000469,1000469,1001458,2.092809472,2.090742697
7,2081365,1000312,1000312,986094,1001302,2.110716625,2.078658587
7,2092761,1000000,1000000,1000000,1000833,2.092761000,2.091019181
7,2093555,1000364,1000364,1000417,1001198,2.092682351,2.091049922
7,2041307,1000157,1000157,1000104,1000990,2.041094726,2.039288105
7,1834444,1000052,1000052,997551,1001041,1.838947583,1.832536330
7,1843627,1000209,1000209,1000208,1001146,1.843243605,1.841516622
7,1844059,1000469,1000469,1000416,1001354,1.843292190,1.841565520
7,1842302,1000208,1000208,1000208,1001146,1.841918881,1.840193139
7,1829112,1000573,1000573,965312,1001718,1.894840217,1.825974975
7,1843234,1000000,1000000,1000053,1001093,1.843136314,1.841221545
7,1843695,1000209,1000209,1000208,1001198,1.843311591,1.841488896
7,1843403,1000156,1000156,1000156,1001042,1.843115474,1.841484173
7,1838917,1000156,1000156,995209,1001303,1.847769664,1.836524009
7,1836607,1000104,1000104,997917,1001145,1.840440638,1.834506490
7,1843899,1000365,1000365,1000364,1001354,1.843228065,1.841405737
7,1843972,1000417,1000417,1000416,1001458,1.843205227,1.841287403
7,1829072,1000834,1000834,981147,1002084,1.864218104,1.825268141
7,1833249,1000365,1000365,1000468,1001562,1.832391441,1.830389931
7,1843242,1000730,1000730,1000781,1001823,1.841803551,1.839887884
7,1843985,1000417,1000417,1000416,1001406,1.843218221,1.841395997
7,1839859,1000417,1000417,997186,1001406,1.845050973,1.837275790
7,1843390,1000104,1000104,1000052,1000990,1.843294149,1.841566849
7,1843735,1000313,1000313,1000260,1001198,1.843255754,1.841528848
7,1843355,1000104,1000104,1000105,1001093,1.843161468,1.841342413
7,1979981,1000730,1000730,971770,1001875,2.037499614,1.976275483
7,2092981,1000052,1000052,1000209,1001355,2.092543658,2.090148848
7,2090606,999948,999948,999948,1000834,2.090714717,2.088863888
7,2093423,1000261,1000261,1000312,1001250,2.092770056,2.090809488
7,2088352,999948,999948,995573,1000989,2.097638245,2.086288661
7,2093660,1000365,1000365,1000417,1001250,2.092787308,2.091046192
7,2093314,1000260,1000260,1000261,1001042,2.092767788,2.091135037
7,2093535,1000365,1000365,1000312,1001146,2.092882021,2.091138555
7,2073922,1000468,1000468,983490,1001406,2.108737252,2.071010160
7,2013384,1000208,1000208,1000261,1001198,2.012858644,2.010974852
7,1839815,1000260,1000260,1000313,1001198,1.839239318,1.837613539
7,1843814,1000313,1000313,1000364,1001250,1.843143096,1.841512110
7,1837137,1000313,1000313,997552,1001354,1.841645348,1.834652880
7,1843141,1000313,1000313,1000312,1001198,1.842566119,1.840935559
7,1842107,1000208,1000208,1000156,1001094,1.841819676,1.840093937
7,1843058,1000261,1000261,1000260,1001146,1.842578929,1.840948273
7,1826865,1000469,1000469,964583,1001562,1.893942771,1.824015887
7,1843857,1000468,1000468,1000469,1001511,1.842992636,1.841075135
7,1843933,1000365,1000365,1000416,1001354,1.843166243,1.841439691
7,1843597,1000208,1000208,1000208,1001250,1.843213612,1.841295381
7,1839839,1000416,1000416,997657,1001458,1.844159867,1.837160420
7,1843956,1000417,1000417,1000416,1001302,1.843189233,1.841558291
7,1844378,1000677,1000677,1000625,1001510,1.843225984,1.841597188
7,1843583,1000417,1000417,1000365,1001354,1.842910338,1.841090164
7,1827866,1000677,1000677,979635,1001823,1.865864327,1.824539864
7,1843268,1000156,1000156,1000208,1001198,1.842884680,1.841062407
7,1843487,1000156,1000156,1000156,1001042,1.843199461,1.841568086
7,1843503,1000260,1000260,1000261,1001146,1.843021971,1.841392764
7,1837471,1000521,1000521,995885,1001510,1.845063436,1.834700602
7,1843065,1000156,1000156,1000104,1001042,1.842873341,1.841146525
7,1843738,1000313,1000313,1000312,1001146,1.843162933,1.841627495
7,1843748,1000417,1000417,1000416,1001302,1.842981320,1.841350562
7,1815473,1000417,1000417,965937,1001562,1.879494211,1.812641654
7,1843264,1000364,1000364,1000365,1001406,1.842591454,1.840676010
7,1844139,1000521,1000521,1000469,1001511,1.843274504,1.841356710
7,1843287,1000104,1000104,1000104,1001198,1.843095318,1.841081385
7,1836391,1000260,1000260,994481,1001563,1.846582288,1.833525200
7,1843828,1000313,1000313,1000260,1001354,1.843348729,1.841334833
7,1843493,1000469,1000469,1000469,1001458,1.842628807,1.840809100
7,1843592,1000208,1000208,1000209,1001459,1.843206770,1.840906118
7,1828011,1000260,1000260,979375,1001615,1.866507722,1.825063522
7,1843762,1000417,1000417,1000365,1001510,1.843089272,1.840982117
7,1843502,1000156,1000156,1000156,1001354,1.843214459,1.841009273
7,1844155,1000520,1000520,1000521,1001771,1.843194696,1.840894775
7,1836635,1000260,1000260,994322,1001562,1.847122964,1.833770650
7,1843310,1000052,1000052,1000000,1001094,1.843310000,1.841295623
7,1842953,999948,999948,999948,1001146,1.843048839,1.840843393
7,1843278,1000000,1000000,1000052,1001093,1.843182155,1.841265497
7,1828852,1000520,1000520,969948,1001875,1.885515512,1.825429320
7,1843862,1000365,1000365,1000312,1001563,1.843286894,1.840984541
7,1843186,1000104,1000104,1000104,1001302,1.842994329,1.840789292
7,1843683,1000365,1000365,1000365,1001666,1.843010301,1.840616533
7,1837774,1000417,1000417,996407,1001771,1.844400933,1.834525056
7,1843257,1000000,1000000,1000052,1001042,1.843161156,1.841338325
7,1843804,1000417,1000417,1000416,1001458,1.843037296,1.841119648
7,1843212,1000000,1000000,999948,1001041,1.843307852,1.841295212
7,1827591,1000208,1000208,977398,1001563,1.869853427,1.824738933
7,1843220,999948,999948,999948,1001093,1.843315852,1.841207560
7,1843430,1000260,1000260,1000208,1001459,1.843046646,1.840744354
7,1843395,1000313,1000313,1000260,1001354,1.842915842,1.840902418
7,1838232,1000313,1000313,996666,1001666,1.844381167,1.835174599
7,1843255,1000364,1000364,1000313,1001407,1.842678242,1.840665184
7,1843755,1000312,1000312,1000313,1001354,1.843178085,1.841261931
7,1843776,1000417,1000417,1000417,1001511,1.843007466,1.840994258
7,1821192,1000573,1000573,962553,1002136,1.892043347,1.817310225
7,1844064,1000468,1000468,1000469,1001666,1.843199539,1.840996899
7,1843365,1000313,1000313,1000260,1001406,1.842885850,1.840776868
7,1843595,1000208,1000208,1000209,1001302,1.843209769,1.841197761
7,1835407,1000313,1000313,995886,1001510,1.842989057,1.832639714
7,1843951,1000417,1000417,1000416,1001511,1.843184235,1.841168994
7,1843166,1000209,1000209,1000208,1001562,1.842782701,1.840291465
7,1843346,1000312,1000312,1000313,1001406,1.842769213,1.840757894
7,1831701,1000677,1000677,983282,1002240,1.862844026,1.827607160
7,1843400,1000104,1000104,1000104,1001302,1.843208306,1.841003014
7,1843900,1000468,1000468,1000469,1001615,1.843035616,1.840926903
7,1843399,1000208,1000208,1000260,1001354,1.842919841,1.840906413
7,1838949,1000469,1000469,996198,1001614,1.845967368,1.835985719
7,1843917,1000469,1000469,1000468,1001615,1.843054451,1.840943876
7,1843013,1000000,1000000,1000000,1001146,1.843013000,1.840903325
7,1857732,1013282,1013282,992552,1014635,1.871672215,1.830936248
7,1834716,1000573,1000573,991667,1002083,1.850133160,1.830902231
7,1843452,1000261,1000261,1000260,1001354,1.842972827,1.840959341
7,1843892,1000365,1000365,1000365,1001510,1.843219225,1.841111921
7,1833857,1000104,1000104,996770,1001302,1.839799553,1.831472423
7,1843324,1000156,1000156,1000209,1001511,1.842938826,1.840542940
7,1843728,1000261,1000261,1000260,1001407,1.843248755,1.841137520
7,1843941,1000365,1000365,1000365,1001458,1.843268207,1.841256448
7,1837487,1000208,1000208,988021,1001406,1.859765126,1.834907121
7,1835528,1000469,1000469,991926,1001979,1.850468684,1.831902665
7,1843075,1000052,1000052,1000000,1001145,1.843075000,1.840967093
7,1843108,1000052,1000052,1000052,1001198,1.843012163,1.840902599
7,1835885,1000052,1000052,995000,1001198,1.845110553,1.833688241
7,1843782,1000416,1000416,1000417,1001458,1.843013463,1.841097680
7,1844033,1000469,1000469,1000416,1001511,1.843266201,1.841250870
7,1843167,1000209,1000209,1000156,1001197,1.842879511,1.840963367
7,1833824,1000625,1000625,977970,1001771,1.875133184,1.830582039
7,1820045,1000156,1000156,984010,1001563,1.849620431,1.817204709
7,1843238,1000052,1000052,1000000,1001458,1.843238000,1.840554472
7,1843342,1000312,1000312,1000260,1001302,1.842862856,1.840945089
7,1837296,1000365,1000365,993906,1001511,1.848561132,1.834524034
7,1843854,1000416,1000416,1000469,1001562,1.842989638,1.840978392
7,1843575,1000417,1000417,1000364,1001719,1.842904183,1.840411333
7,1843831,1000364,1000364,1000313,1001458,1.843254061,1.841146608
7,1833112,1000260,1000260,983647,1001406,1.863587242,1.830538263
7,1800324,1000313,1000313,964896,1001823,1.865821809,1.797047982
7,1843231,1000000,1000000,1000052,1001146,1.843135157,1.841121075
7,1843649,1000260,1000260,1000260,1001406,1.843169776,1.841060469
7,1836574,1000209,1000209,995729,1001459,1.844451653,1.833898342
7,1843660,1000260,1000260,1000261,1001406,1.843178930,1.841071454
7,1844048,1000469,1000469,1000468,1001615,1.843185389,1.841074664
7,1843376,1000105,1000105,1000104,1001198,1.843184309,1.841170278
7,1801681,1018177,1018177,949946,1019584,1.896614123,1.767074611
7,1843270,1000156,1000156,1000104,1001614,1.843078320,1.840299756
7,1843340,1000156,1000156,1000208,1001354,1.842956665,1.840847492
7,1843227,1000104,1000104,1000052,1001198,1.843131157,1.841021456
7,1835813,1000156,1000156,996615,1001406,1.842048334,1.833235471
7,1843938,1000521,1000521,1000469,1001875,1.843073598,1.840487087
7,1843341,1000261,1000261,1000260,1001406,1.842861856,1.840752901
7,1843661,1000365,1000365,1000365,1001406,1.842988309,1.841072452
7,1830887,1000677,1000677,983021,1001927,1.862510567,1.827365666
7,1843661,1000260,1000260,1000261,1001771,1.843179930,1.840401649
7,1843382,1000104,1000104,1000052,1001250,1.843286149,1.841080649
7,1843723,1000312,1000312,1000261,1001771,1.843241914,1.840463539
7,1836681,1000573,1000573,995833,1001719,1.844366475,1.833529163
7,1843027,1000000,1000000,1000000,1001094,1.843027000,1.841012932
7,1844078,1000468,1000468,1000417,1001562,1.843309340,1.841202042
7,1843667,1000469,1000469,1000417,1001563,1.842898511,1.840789845
7,1824820,1000729,1000729,972188,1002135,1.877023786,1.820932310
7,1842894,1000052,1000052,1000000,1001563,1.842894000,1.840018052
7,1843059,1000052,1000052,1000000,1001146,1.843059000,1.840949272
7,1843327,1000104,1000104,1000000,1001198,1.843327000,1.841121337
7,1837322,1000156,1000156,995521,1001354,1.845588390,1.834837630
7,1843465,1000469,1000469,1000417,1001927,1.842696596,1.839919475
7,1843198,1000208,1000208,1000156,1001302,1.842910506,1.840801277
7,1843080,1000052,1000052,1000052,1001511,1.842984165,1.840299308
7,1827827,1000468,1000468,982499,1001979,1.860385609,1.824216875
7,1843209,1000000,1000000,1000000,1001458,1.843209000,1.840525514
7,1843286,1000156,1000156,1000156,1001354,1.842998492,1.840793566
7,1843147,1000104,1000104,1000104,1001198,1.842955333,1.840941552
7,1836658,1000312,1000312,996928,1002083,1.842317600,1.832840194
7,1843150,1000208,1000208,1000209,1001302,1.842764862,1.840753339
7,1843011,1000000,1000000,999948,1001094,1.843106842,1.840996949
7,1843546,1000156,1000156,1000156,1001302,1.843258452,1.841148824
7,1825541,1000365,1000365,974166,1001614,1.873952694,1.822599325
7,1843273,1000157,1000157,1000104,1001615,1.843081320,1.840300914
7,1843794,1000416,1000416,1000417,1001562,1.843025458,1.840918485
7,1843545,1000208,1000208,1000208,1001302,1.843161622,1.841147826
7,1835708,1000104,1000104,996041,1001302,1.843004455,1.833321016
7,1843581,1000209,1000209,1000208,1001303,1.843197615,1.841181940
7,1843726,1000417,1000417,1000416,1001511,1.842959329,1.840944333
7,1843386,1000052,1000052,1000104,1001250,1.843194308,1.841084644
7,1828886,1000678,1000678,982969,1002031,1.860573426,1.825179061
7,1843277,1000208,1000208,1000208,1001667,1.842893678,1.840209371
7,1843907,1000364,1000364,1000365,1001510,1.843234220,1.841126898
7,1843896,1000469,1000469,1000469,1001615,1.843031618,1.840922910
7,1837041,1000052,1000052,995468,1001250,1.845404373,1.834747566
7,1843226,1000053,1000053,1000000,1001093,1.843226000,1.841213554
7,1843761,1000417,1000417,1000416,1001563,1.842994314,1.840883699
7,1842919,1000052,1000052,1000052,1001146,1.842823173,1.840809432
7,1827702,1000157,1000157,972187,1001667,1.879990167,1.824660291
7,1843127,999948,999948,1000000,1001198,1.843127000,1.840921576
7,1843773,1000313,1000313,1000260,1001407,1.843293744,1.841182456
7,1843969,1000417,1000417,1000417,1001718,1.843200385,1.840806494
7,1837812,1000469,1000469,995884,1001615,1.845407698,1.834848719
7,1843378,1000104,1000104,1000053,1001198,1.843280306,1.841172276
7,1843500,1000156,1000156,1000157,1001250,1.843210616,1.841198502
7,1843339,1000104,1000104,1000052,1001198,1.843243151,1.841133322
7,1830195,1000105,1000105,983957,1001615,1.860035550,1.827244001
7,1843572,1000417,1000417,1000364,1001563,1.842901184,1.840694994
7,1843432,1000312,1000312,1000313,1001458,1.842855186,1.840748189
7,1843751,1000417,1000417,1000417,1001562,1.842982476,1.840875552
7,1836161,1000208,1000208,992864,1001406,1.849358019,1.833582982
7,1843962,1000520,1000520,1000521,1001666,1.843001796,1.840895069
7,1843759,1000313,1000313,1000260,1001563,1.843279747,1.840881702
7,1843889,1000417,1000417,1000365,1001459,1.843216226,1.841202685
7,1725002,1000572,1000572,881823,1002031,1.956177147,1.721505622
7,1843437,1000104,1000104,1000260,1001771,1.842957831,1.840178045
7,1843972,1000417,1000417,1000416,1001510,1.843205227,1.841191800
7,1843134,999948,999948,1000000,1001146,1.843134000,1.841024186
7,1824877,1000417,1000417,993490,1001875,1.836834795,1.821461759
7,1844367,1000625,1000625,1000729,1001980,1.843023436,1.840722370
7,1843999,1000416,1000416,1000417,1001718,1.843230373,1.840836443
7,1842388,1000573,1000573,1000573,1001979,1.841332916,1.838749116
7,1827444,1000417,1000417,975521,1001771,1.873300524,1.824213318
7,1843553,1000208,1000208,1000156,1001459,1.843265451,1.840867175
7,1844331,1000625,1000625,1000625,1001562,1.843179013,1.841454648
7,1843829,1000364,1000364,1000365,1001302,1.843156248,1.841431456
7,1837940,1000417,1000417,992500,1001510,1.851828715,1.835168895
7,1843122,1000261,1000261,1000677,1001771,1.841875051,1.839863602
7,1843789,1000312,1000312,1000313,1001250,1.843212075,1.841487141
7,1843836,1000312,1000312,1000313,1001250,1.843259060,1.841534082
7,1874612,1000520,1000520,985937,1001614,1.901350695,1.871591252
7,2090517,1000521,1000521,1000625,1001771,2.089211243,2.086821240
7,2093770,1000469,1000469,1000469,1001406,2.092788482,2.090830293
7,2093044,1000105,1000105,1000104,1001093,2.092826346,2.090758801
7,2088420,1000312,1000312,995782,1001198,2.097266269,2.085921067
7,2093371,1000313,1000313,1000312,1001354,2.092718072,2.090540408
7,2093787,1000469,1000469,1000469,1001354,2.092805474,2.090955846
7,2093134,1000156,1000156,1000260,1001198,2.092589927,2.090629426
7,2081846,1000312,1000312,986667,1001250,2.109978341,2.079246941
7,2093237,1000209,1000209,1000260,1001041,2.092692900,2.091060206
7,2093582,1000364,1000364,1000521,1001563,2.092491812,2.090314838
7,2093052,1000104,1000104,1000105,1001042,2.092832253,2.090873310
7,2088428,1000365,1000365,997655,1001302,2.093336875,2.085712402
7,2093358,1000261,1000261,1000312,1001146,2.092705076,2.090961758
7,2093299,1000260,1000260,1000261,1001146,2.092752792,2.090902825
7,2045726,1000365,1000365,1000468,1001302,2.044769048,2.043065928
7,1811921,1000365,1000365,969270,1001459,1.869366637,1.809281259
7,1840998,1000209,1000209,1000208,1001250,1.840615152,1.838699625
7,1843374,1000104,1000104,1000052,1000989,1.843278150,1.841552704
7,1843199,1000000,1000000,1000052,1000886,1.843103159,1.841567371
7,1837869,1000261,1000261,995833,1001302,1.845559446,1.835479206
7,1843339,1000053,1000053,1000104,1001041,1.843147313,1.841422080
7,1842592,1000052,1000052,1000052,1000886,1.842496190,1.840960909
7,1843472,1000157,1000157,1000156,1000989,1.843184463,1.841650608
7,1821214,1000312,1000312,980208,1001406,1.857987284,1.818656968
7,1843843,1000313,1000313,1000416,1001511,1.843076280,1.841061157
7,1843319,1000052,1000052,1000052,1001145,1.843223152,1.841210814
7,1843261,1000365,1000365,1000365,1001459,1.842588455,1.840575600
7,1832837,1000625,1000625,993803,1001979,1.844265916,1.829216980
7,1838409,1000104,1000104,1000104,1001198,1.838217825,1.836209221
7,1840737,1000104,1000104,1000000,1001146,1.840737000,1.838629930
7,1837210,1000000,1000000,1000000,1001093,1.837210000,1.835204122
7,1812474,1000625,1000625,945990,1002136,1.915954714,1.808610807
7,1840945,1000209,1000209,1000104,1001406,1.840753562,1.838360265
7,1839413,1000156,1000156,1000157,1001198,1.839124257,1.837212020
7,1839038,1000312,1000312,1000365,1001354,1.838366996,1.836551310
7,1833945,1000260,1000260,994740,1001458,1.843642560,1.831275001
7,1839472,1000521,1000521,1000521,1001563,1.838514134,1.836601392
7,1841039,1000104,1000104,1000052,1001093,1.840943271,1.839028941
7,1838591,1000156,1000156,1000156,1001198,1.838304225,1.836391004
7,1828399,1000417,1000417,982240,1001562,1.861458503,1.825547495
7,1837025,1000469,1000469,1000521,1001355,1.836068408,1.834539199
7,1838790,1000573,1000573,1000521,1001459,1.837832489,1.836111114
7,1838933,1000312,1000312,1000313,1001406,1.838357594,1.836351090
7,1830401,1000625,1000625,997760,1001666,1.834510303,1.827356624
7,1843743,1000261,1000261,1000364,1001407,1.843072122,1.841152498
7,1843292,1000417,1000417,1000416,1001355,1.842525509,1.840797719
7,1843288,1000052,1000052,1000000,1000990,1.843288000,1.841464950
7,1828974,1000572,1000572,969272,1001770,1.886956396,1.825742436
7,1843405,1000104,1000104,1000104,1001198,1.843213306,1.841199243
7,1844113,1000468,1000468,1000469,1001458,1.843248516,1.841428198
7,1841944,1000104,1000104,1000104,1001146,1.841752458,1.839835548
7,1837427,1000156,1000156,992918,1001354,1.850532471,1.834942488
7,1844050,1000417,1000417,1000573,1001562,1.842993964,1.841174086
7,1843326,1000052,1000052,1000104,1001094,1.843134314,1.841311605
7,1843523,1000156,1000156,1000157,1001146,1.843233612,1.841412741
7,1832081,1000417,1000417,982343,1001563,1.865011508,1.829221926
7,1843536,1000208,1000208,1000208,1001146,1.843152624,1.841425726
7,1843629,1000208,1000208,1000209,1001250,1.843243762,1.841327341
7,1844013,1000416,1000416,1000469,1001459,1.843148563,1.841326505
7,1839375,1000208,1000208,995730,1001354,1.847262812,1.836887854
7,1843358,1000052,1000052,1000052,1000937,1.843262150,1.841632390
7,1843627,1000208,1000208,1000208,1001094,1.843243605,1.841612276
7,1843777,1000312,1000312,1000313,1001302,1.843200078,1.841379524
7,1913771,1000677,1000677,970417,1001770,1.972111989,1.910389610
7,2090466,1000208,1000208,1000208,1001094,2.090031273,2.088181529
7,2093427,1000312,1000312,1000313,1001198,2.092771962,2.090922075
7,2093356,1000208,1000208,1000208,1001041,2.092920673,2.091179083
7,2087512,1000104,1000104,995521,1001042,2.096904033,2.085339077
7,1857469,1000365,1000365,1000364,1001406,1.856793127,1.854861065
7,1843332,1000053,1000053,1000052,1000990,1.843236152,1.841508906
7,1842755,1000469,1000469,1000521,1001510,1.841795425,1.839976635
7,1831974,1000625,1000625,985937,1001771,1.858104524,1.828735310
7,1843216,1000000,1000000,1000000,1001302,1.843216000,1.840819253
7,1843558,1000208,1000208,1000157,1001355,1.843268607,1.841063359
7,1843527,1000156,1000156,1000157,1001197,1.843237612,1.841322936
7,1835780,1000156,1000156,989114,1001302,1.855984244,1.833392922
7,1843682,1000260,1000260,1000209,1001511,1.843296751,1.840900399
7,1844122,1000521,1000521,1000469,1001510,1.843257512,1.841341574
7,1843253,1000000,1000000,1000052,1001094,1.843157156,1.841238685
7,1822338,1000364,1000364,963698,1001928,1.890984520,1.818831293
7,1843931,1000417,1000417,1000365,1001614,1.843258211,1.840959691
7,1843641,1000208,1000208,1000260,1001406,1.843161778,1.841052480
7,1844028,1000417,1000417,1000416,1001562,1.843261203,1.841152120
7,1834623,1000625,1000625,987240,1001823,1.858335359,1.831284568
7,1843902,1000365,1000365,1000365,1001823,1.843229221,1.840546683
7,1843981,1000469,1000469,1000417,1001562,1.843212380,1.841105194
7,1843559,1000156,1000156,1000261,1001354,1.843077957,1.841066196
7,1825020,1000572,1000572,979583,1002084,1.863058056,1.821224568
7,1843914,1000365,1000365,1000364,1001614,1.843243060,1.840942718
7,1843563,1000156,1000156,1000208,1001302,1.843179619,1.841165802
7,1843588,1000209,1000209,1000208,1001302,1.843204613,1.841190770
7,1831838,1000416,1000416,986355,1001667,1.857179210,1.828789408
7,1843370,1000104,1000104,1000052,1001510,1.843274150,1.840590708
7,1843922,1000364,1000364,1000365,1001511,1.843249214,1.841140037
7,1844043,1000417,1000417,1000416,1001875,1.843276197,1.840591890
7,1826066,1000312,1000312,967812,1001980,1.886798262,1.822457534
7,1843415,1000105,1000105,1000156,1001302,1.843127472,1.841017995
7,1843275,1000052,1000052,1000052,1001198,1.843179155,1.841069399
7,1844047,1000469,1000469,1000469,1001562,1.843182547,1.841171091
7,1835614,1000573,1000573,987917,1002031,1.858064999,1.831893424
7,1843994,1000417,1000417,1000469,1001563,1.843129572,1.841116335
7,1843201,1000000,1000000,1000000,1001146,1.843201000,1.841091110
7,1843924,1000417,1000417,1000364,1001510,1.843253056,1.841143873
7,1825775,1000365,1000365,980365,1001719,1.862342087,1.822641879
7,1843690,1000261,1000261,1000260,1001771,1.843210765,1.840430597
7,1843397,1000104,1000104,1000104,1001198,1.843205307,1.841191253
7,1843702,1000260,1000260,1000208,1001354,1.843318590,1.841209003
7,1836550,1000104,1000104,995990,1001302,1.843944216,1.834161921
7,1843495,1000208,1000208,1000156,1001250,1.843207460,1.841193508
7,1843208,1000000,1000000,1000000,1001042,1.843208000,1.841289376
7,1843343,1000105,1000105,1000052,1001146,1.843247151,1.841232947
7,1812787,1000573,1000573,954166,1002083,1.899865432,1.809018814
7,1843771,1000312,1000312,1000260,1001719,1.843291744,1.840606997
7,1844070,1000468,1000468,1000469,1001875,1.843205537,1.840618840
7,1843299,1000052,1000052,1000052,1001146,1.843203153,1.841188997
7,1837217,1000573,1000573,996562,1001823,1.843555143,1.833873848
7,1843689,1000261,1000261,1000260,1001354,1.843209765,1.841196021
7,1843243,1000052,1000052,1000052,1001146,1.843147156,1.841133062
7,1843639,1000261,1000261,1000260,1001354,1.843159778,1.841146088
7,1823761,1000000,1000000,980365,1001250,1.860287750,1.821484145
7,1843520,1000157,1000157,1000052,1000990,1.843424142,1.841696720
7,1843531,1000156,1000156,1000157,1001145,1.843241611,1.841422571
7,1843913,1000365,1000365,1000417,1001250,1.843144409,1.841610986
7,1838601,1000261,1000261,995364,1001198,1.847164454,1.836400992
7,1843682,1000261,1000261,1000260,1001146,1.843202767,1.841571559
7,1843907,1000365,1000365,1000364,1001354,1.843236062,1.841413726
7,1843905,1000365,1000365,1000364,1001302,1.843234063,1.841507357
7,1831196,1000573,1000573,977864,1001771,1.872648957,1.827958685
7,1843537,1000156,1000156,1000156,1001250,1.843249453,1.841235456
7,1843364,1000104,1000104,1000052,1001302,1.843268150,1.840967061
7,1843293,1000052,1000052,1000052,1001094,1.843197154,1.841278641
7,1835978,1000208,1000208,996511,1001354,1.842406155,1.833495447
7,1843868,1000364,1000364,1000365,1001407,1.843195234,1.841277323
7,1844056,1000469,1000469,1000469,1001511,1.843191543,1.841273835
7,1844106,1000469,1000469,1000520,1001510,1.843147563,1.841325598
7,1828294,1000625,1000625,980781,1001927,1.864120533,1.824777653
7,1843740,1000313,1000313,1000312,1001354,1.843164933,1.841246952
7,1843571,1000208,1000208,1000208,1001198,1.843187617,1.841365045
7,1843517,1000208,1000208,1000104,1001250,1.843325294,1.841215481
7,1835997,1000521,1000521,996980,1001667,1.841558507,1.832941487
7,1843457,1000104,1000104,1000104,1001146,1.843265300,1.841346817
7,1844069,1000469,1000469,1000469,1001562,1.843204537,1.841193056
7,1843754,1000312,1000312,1000313,1001302,1.843177086,1.841356554
7,1827442,1000208,1000208,963074,1001719,1.897509433,1.824306018
7,1844130,1000521,1000521,1000521,1001667,1.843169709,1.841060951
7,1843845,1000365,1000365,1000312,1001770,1.843269900,1.840587161
7,1843590,1000208,1000208,1000208,1001355,1.843206613,1.841095316
7,1837522,1000312,1000312,996874,1001719,1.843284106,1.834368720
7,1843773,1000312,1000312,1000313,1001459,1.843196080,1.841086854
7,1844053,1000469,1000469,1000468,1001562,1.843190387,1.841177081
7,1843288,1000052,1000052,1000000,1001146,1.843288000,1.841178010
7,1829226,1000157,1000157,978593,1001718,1.869240839,1.826088779
7,1843998,1000469,1000469,1000469,1001875,1.843133570,1.840546974
7,1843447,1000104,1000104,1000156,1001302,1.843159467,1.841049953
7,1843141,999948,999948,999948,1001093,1.843236848,1.841128646
7,1838776,1000312,1000312,995521,1001875,1.847048932,1.835334747
7,1844064,1000469,1000469,1000469,1001615,1.843199539,1.841090639
7,1843443,1000156,1000156,1000104,1001250,1.843251302,1.841141573
7,1843525,1000209,1000209,1000156,1001302,1.843237455,1.841127852
7,1824359,1000521,1000521,969739,1001875,1.881288677,1.820944729
7,1843786,1000313,1000313,1000312,1001510,1.843210918,1.841006081
7,1843498,1000156,1000156,1000157,1001302,1.843208616,1.841100887
7,1843501,1000208,1000208,1000157,1001302,1.843211616,1.841103883
7,1836589,1000208,1000208,997136,1001406,1.841864099,1.834010381
7,1843931,1000417,1000417,1000416,1001511,1.843164244,1.841149024
7,1843504,1000157,1000157,1000156,1001250,1.843216458,1.841202497
7,1843409,1000105,1000105,1000052,1001510,1.843313148,1.840629649
7,1788416,1000625,1000625,954011,1002188,1.874628280,1.784511489
7,1843141,999947,999947,999948,1001198,1.843236848,1.840935559
7,1837064,1000625,1000625,1000729,1001875,1.835725756,1.833625951
7,1843525,1000157,1000157,1000156,1001302,1.843237455,1.841127852
7,1829415,1000156,1000156,996042,1001406,1.836684598,1.826846454
7,1837386,1000469,1000469,1000468,1001615,1.836526506,1.834423406
7,1837861,1000000,1000000,1000000,1001093,1.837861000,1.835854411
7,1835134,1000313,1000313,1000364,1001459,1.834466254,1.832460440
7,1826272,1000209,1000209,968802,1001562,1.885082814,1.823423812
7,1843226,999948,999948,999948,1001250,1.843321853,1.840924844
7,1843933,1000416,1000416,1000417,1001667,1.843164400,1.840864279
7,1843691,1000261,1000261,1000260,1001302,1.843211765,1.841293636
7,1837060,1000573,1000573,997291,1001823,1.842050114,1.833717134
7,1843944,1000417,1000417,1000416,1001459,1.843177238,1.841257605
7,1843220,1000000,1000000,1000000,1001041,1.843220000,1.841303203
7,1843378,1000104,1000104,1000052,1001146,1.843282149,1.841267907
7,1829305,1000313,1000313,983698,1001406,1.859620534,1.826736608
7,1843791,1000312,1000312,1000261,1001250,1.843309896,1.841489139
7,1843839,1000365,1000365,1000312,1001250,1.843263902,1.841537079
7,1843471,1000105,1000105,1000104,1001198,1.843279299,1.841265164
7,1837653,1000313,1000313,997552,1001354,1.842162614,1.835168182
7,1843489,1000156,1000156,1000156,1001041,1.843201461,1.841571924
7,1843375,1000104,1000104,1000052,1000990,1.843279149,1.841551864
7,1843925,1000417,1000417,1000364,1001302,1.843254056,1.841527331
7,1826315,1000833,1000833,969374,1002135,1.884014838,1.822424124
7,1843341,1000052,1000052,1000104,1001250,1.843149312,1.841039700
7,1843191,1000000,1000000,999948,1001094,1.843286851,1.841176753
7,1843294,1000052,1000052,1000052,1001146,1.843198154,1.841184003
7,1834470,1000365,1000365,989168,1001614,1.854558579,1.831513937
7,1843953,1000313,1000313,1000312,1001407,1.843377866,1.841362203
7,1843535,1000208,1000208,1000208,1001667,1.843151624,1.840466942
7,1844159,1000521,1000521,1000521,1001614,1.843198693,1.841187324
7,1829090,1000417,1000417,981041,1001979,1.864437878,1.825477380
7,1843210,1000000,1000000,1000000,1001198,1.843210000,1.841004477
7,1843750,1000312,1000312,1000313,1001458,1.843173087,1.841065726
7,1844041,1000469,1000469,1000417,1001615,1.843272355,1.841067676
7,1837098,1000365,1000365,996510,1001666,1.843531926,1.834042485
7,1843772,1000313,1000313,1000312,1001407,1.843196923,1.841181458
7,1843987,1000417,1000417,1000469,1001562,1.843122576,1.841111184
7,1843316,1000052,1000052,1000052,1001406,1.843220153,1.840727937
7,1809311,1000312,1000312,958437,1001927,1.887772488,1.805831163
7,1843212,1000052,1000052,1000000,1001145,1.843212000,1.841103936
7,1832243,1000469,1000469,1000677,1001928,1.831003411,1.828717233
7,1843441,1000104,1000104,1000313,1001823,1.842864184,1.840086522
7,1837294,1000573,1000573,996407,1001823,1.843919202,1.833950708
7,1843813,1000313,1000313,1000573,1001927,1.842757100,1.840266806
7,1842982,1000730,1000730,1000833,1002084,1.841448074,1.839149213
7,1843681,1000260,1000260,1000261,1001406,1.843199925,1.841092424
7,1828115,1000416,1000416,982499,1001927,1.860678739,1.824598998
7,1842993,999844,999844,999896,1001094,1.843184691,1.840978969
7,1843822,1000312,1000312,1000313,1001719,1.843245064,1.840657909
7,1843397,1000105,1000105,1000104,1001406,1.843205307,1.840808823
7,1836511,1000104,1000104,993385,1001510,1.848740418,1.833742050
7,1844166,1000521,1000521,1000469,1001875,1.843301492,1.840714660
7,1843860,1000365,1000365,1000417,1001719,1.843091431,1.840695844
7,1843624,1000260,1000260,1000208,1001354,1.843240606,1.841131108
7,1975231,1000104,1000104,932915,1001406,2.117267918,1.972457724
7,2093265,1000208,1000208,1000313,1001302,2.092610013,2.090543113
7,2093520,1000312,1000312,1000313,1001302,2.092864933,2.090797781
7,2099261,1005677,1005677,1001406,1006510,2.096313583,2.085683202
7,2093899,1000521,1000521,1000521,1001458,2.092808647,2.090850540
7,2093060,1000157,1000157,1000156,1000990,2.092733534,2.090989920
7,2092471,1000156,1000156,1000156,1000990,2.092144625,2.090401503
7,1959176,1001614,1001614,991928,1002553,1.975119162,1.954186961
7,1838839,1000261,1000261,996042,1001302,1.846146046,1.836447945
7,1840687,1000417,1000417,1000364,1001198,1.840017234,1.838484496
7,1843629,1000260,1000260,1000208,1001145,1.843245605,1.841520459
7,1839284,1000104,1000104,997135,1001042,1.844568689,1.837369461
7,1843319,1000104,1000104,1000052,1000989,1.843223152,1.841497759
7,1843811,1000312,1000312,1000313,1001146,1.843234068,1.841700411
7,1843811,1000365,1000365,1000313,1001198,1.843234068,1.841604758
7,1836424,1000156,1000156,982135,1001146,1.869828486,1.834321867
7,1837263,1000365,1000365,996770,1001510,1.843216590,1.834492916
7,1843512,1000208,1000208,1000157,1001094,1.843222614,1.841497402
7,1843559,1000208,1000208,1000208,1001146,1.843175619,1.841448700
7,1837131,1000313,1000313,995156,1001406,1.846073379,1.834551620
7,1843491,1000469,1000469,1000469,1001562,1.842626808,1.840615958
7,1843673,1000260,1000260,1000261,1001198,1.843191927,1.841466923
7,1843840,1000312,1000312,1000365,1001250,1.843167244,1.841538077
7,1832988,1000209,1000209,989739,1001302,1.851991283,1.830604553
7,1838783,1000104,1000104,995885,1001198,1.846380857,1.836582774
7,1843926,1000417,1000417,1000365,1001458,1.843253213,1.841241470
7,1843503,1000156,1000156,1000208,1001094,1.843119631,1.841488412
7,1837537,1000052,1000052,995626,1001145,1.845609697,1.835435426
7,1843960,1000521,1000521,1000521,1001510,1.842999797,1.841179818
7,1843946,1000520,1000520,1000469,1001510,1.843081595,1.841165840
7,1843904,1000468,1000468,1000469,1001406,1.843039614,1.841315111
7,1836423,1000312,1000312,979063,1001458,1.875694414,1.833749393
7,1837898,1000261,1000261,998333,1001511,1.840966892,1.835125126
7,1843782,1000520,1000520,1000521,1001458,1.842821890,1.841097680
7,1843353,1000156,1000156,1000157,1001146,1.843063639,1.841242936
7,1839370,1000364,1000364,997293,1001354,1.844362690,1.836882861
7,1844016,1000521,1000521,1000573,1001615,1.842959984,1.841042716
7,1831832,1000625,1000625,1000729,1001771,1.830497567,1.828593561
7,1842066,1000573,1000573,1000573,1001718,1.841011101,1.838906758
7,1837414,1000208,1000208,991458,1007813,1.853244414,1.823169576
7,1844215,1000521,1000521,1000572,1001563,1.843160712,1.841336990
7,1843082,999895,999895,999948,1000989,1.843177845,1.841260993
7,1843500,1000156,1000156,1000157,1001146,1.843210616,1.841389767
7,1838214,1000312,1000312,993908,1001458,1.849481038,1.835537786
7,1843900,1000365,1000365,1000364,1001406,1.843229065,1.841311117
7,1844103,1000521,1000521,1000781,1001823,1.842663880,1.840747318
7,1843996,1000417,1000417,1000625,1001667,1.842844222,1.840927174
7,1815336,1000365,1000365,962186,1001407,1.886678875,1.812785411
7,2086467,1000261,1000261,1000260,1001198,2.085924660,2.083970403
7,2093102,1000104,1000104,1000104,1001094,2.092884340,2.090814649
7,2092815,1000000,1000000,1000000,1000885,2.092815000,2.090964496
7,2088933,1000416,1000416,996354,1001406,2.096577120,2.086000084
7,2093200,1000156,1000156,1000209,1001198,2.092762613,2.090695347
7,2092698,1000261,1000261,1000260,1001145,2.092154040,2.090304601
7,2093116,1000156,1000156,1000261,1001198,2.092569839,2.090611447
7,2081087,1000365,1000365,988698,1001407,2.104876312,2.078163025
7,2093745,1000365,1000365,1000469,1001459,2.092763494,2.090694676
7,2093828,1000469,1000469,1000468,1001355,2.092848547,2.090994702
7,2092975,1000104,1000104,1000052,1000990,2.092866171,2.090905004
7,2088503,1000469,1000469,997918,1001302,2.092860335,2.085787305
7,2092746,1000000,1000000,999948,1000833,2.092854828,2.091004194
7,1947306,1000052,1000052,1000052,1000886,1.947204745,1.945582214
7,1842006,1000104,1000104,1000052,1000886,1.841910221,1.840375427
7,1830112,1000469,1000469,975365,1001510,1.876335526,1.827352697
7,1843291,1000052,1000052,1000052,1001146,1.843195154,1.841181007
7,1844229,1000469,1000469,1000468,1001615,1.843366305,1.841255373
7,1842573,1000468,1000468,1000573,1001510,1.841517810,1.839794910
7,1837887,1000104,1000104,995000,1001250,1.847122613,1.835592509
7,1843744,1000312,1000312,1000261,1001250,1.843262908,1.841442197
7,1843848,1000364,1000364,1000365,1001354,1.843175241,1.841354806
7,1843514,1000156,1000156,1000208,1001094,1.843130629,1.841499400
7,1832684,1000625,1000625,986665,1001719,1.857453138,1.829539022
7,1843833,1000313,1000313,1000312,1001459,1.843257904,1.841146767
7,1843873,1000261,1000261,1000312,1001303,1.843297891,1.841473560
7,1844108,1000521,1000521,1000469,1001459,1.843243519,1.841421366
7,1838821,1000520,1000520,995572,1001718,1.846999514,1.835667324
7,1843533,1000209,1000209,1000156,1001146,1.843245454,1.841422730
7,1843823,1000364,1000364,1000260,1001302,1.843343731,1.841425464
7,1843291,1000000,1000000,1000052,1000937,1.843195154,1.841565453
7,1820761,1000781,1000781,960520,1001875,1.895599259,1.817353462
7,1844131,1000469,1000469,1000469,1001615,1.843266508,1.841157531
7,1844291,1000625,1000625,1000625,1001614,1.843139038,1.841319111
7,1843368,1000104,1000104,1000052,1001146,1.843272150,1.841257918
7,1837554,1000104,1000104,994064,1001302,1.848526855,1.835164616
7,1843862,1000313,1000313,1000364,1001302,1.843191078,1.841464413
7,1843557,1000208,1000208,1000156,1001146,1.843269450,1.841446702
7,1844086,1000520,1000520,1000469,1001562,1.843221529,1.841210030
7,1829961,1000469,1000469,978385,1001615,1.870389468,1.827010378
7,1843607,1000209,1000209,1000156,1001250,1.843319442,1.841305368
7,1843294,1000052,1000052,1000052,1000938,1.843198154,1.841566611
7,1843879,1000365,1000365,1000312,1001250,1.843303889,1.841577029
7,1839098,1000052,1000052,997292,1001094,1.844091801,1.837088225
7,1844127,1000521,1000521,1000469,1001406,1.843262510,1.841537798
7,1843655,1000208,1000208,1000208,1001094,1.843271600,1.841640246
7,1843311,1000052,1000052,1000052,1000937,1.843215153,1.841585434
7,1830533,1000469,1000469,971250,1001823,1.884718662,1.827202011
7,1843760,1000312,1000312,1000261,1001667,1.843278904,1.840691567
7,1843621,1000208,1000208,1000208,1001302,1.843237607,1.841223727
7,1843737,1000312,1000312,1000261,1001354,1.843255910,1.841243956
7,1838267,1000365,1000365,994167,1001667,1.849052523,1.835207709
7,1844123,1000469,1000469,1000468,1001510,1.843260354,1.841342573
7,1843343,1000104,1000104,1000052,1001146,1.843247151,1.841232947
7,1843670,1000260,1000260,1000261,1001250,1.843188928,1.841368290
7,1829538,1000416,1000416,975000,1001718,1.876449231,1.826400244
7,1843897,1000364,1000364,1000365,1001459,1.843224223,1.841210674
7,1843179,1000000,1000000,1000000,1001041,1.843179000,1.841262246
7,1843298,1000052,1000052,1000052,1001302,1.843202153,1.840901147
7,1837689,1000417,1000417,989583,1001719,1.857033720,1.834535434
7,1843896,1000365,1000365,1000364,1001406,1.843225066,1.841307122
7,1844133,1000521,1000521,1000468,1001719,1.843270349,1.840968375
7,1844072,1000468,1000468,1000469,1001510,1.843207536,1.841291650
7,1824534,1000469,1000469,968437,1001823,1.883998649,1.821213927
7,1843431,1000156,1000156,1000104,1001145,1.843239303,1.841322686
7,1843518,1000157,1000157,1000104,1001094,1.843326294,1.841503395
7,1843908,1000364,1000364,1000365,1001458,1.843235219,1.841223496
7,1840006,1000625,1000625,997969,1001719,1.843750658,1.836848458
7,1843653,1000260,1000260,1000261,1001302,1.843171932,1.841255685
7,1843272,1000052,1000052,1000000,1000937,1.843272000,1.841546471
7,1843999,1000417,1000417,1000416,1001458,1.843232215,1.841314364
7,1828178,1000365,1000365,986927,1001667,1.852394351,1.825135499
7,1843694,1000209,1000209,1000208,1001302,1.843310591,1.841296632
7,1844086,1000469,1000469,1000469,1001563,1.843221529,1.841208192
7,1844112,1000521,1000521,1000521,1001511,1.843151718,1.841329751
7,1835872,1000573,1000573,994218,1001718,1.846548745,1.832723381
7,1844181,1000469,1000469,1000521,1001511,1.843220682,1.841398647
7,1843614,1000208,1000208,1000209,1001250,1.843228765,1.841312360
7,1843490,1000156,1000156,1000104,1001407,1.843298297,1.840899854
7,1790573,991667,991667,951980,1001980,1.880893506,1.787034671
7,1843269,1000000,1000000,1000000,1001302,1.843269000,1.840872184
7,1844040,1000364,1000364,1000417,1001406,1.843271356,1.841450920
7,1843809,1000313,1000313,1000312,1001302,1.843233911,1.841411482
7,1835441,1000417,1000417,996770,1001406,1.841388685,1.832863993
7,1843940,1000417,1000417,1000364,1001302,1.843269050,1.841542312
7,1844125,1000521,1000521,1000521,1001459,1.843164711,1.841438341
7,1843540,1000209,1000209,1000156,1001146,1.843252453,1.841429722
7,1831867,1000521,1000521,985677,1001823,1.858486096,1.828533583
7,1843388,1000052,1000052,1000052,1001094,1.843292149,1.841373537
7,1843220,1000000,1000000,1000052,1001302,1.843124158,1.840823248
7,1843808,1000312,1000312,1000313,1001407,1.843231069,1.841217407
7,1838362,1000000,1000000,996666,1001250,1.844511602,1.836066916
7,1843697,1000260,1000260,1000313,1001354,1.843120103,1.841204010
7,1843614,1000208,1000208,1000208,1001250,1.843230608,1.841312360
7,1843791,1000313,1000313,1000312,1001354,1.843215917,1.841297883
7,1829849,1000678,1000678,974115,1002240,1.878473281,1.825759299
7,1843950,1000417,1000417,1000417,1001614,1.843181393,1.840978660
7,1843772,1000312,1000312,1000261,1001407,1.843290901,1.841181458
7,1844075,1000521,1000521,1000469,1001615,1.843210534,1.841101621
7,1832796,1000313,1000313,991666,1001562,1.848198890,1.829937637
7,1843772,1000364,1000364,1000365,1001666,1.843099269,1.840705385
7,1843960,1000416,1000416,1000417,1001511,1.843191389,1.841177980
7,1844167,1000521,1000521,1000520,1001666,1.843208532,1.841099728
7,1827839,1000209,1000209,981407,1001771,1.862467865,1.824607620
7,1843795,1000313,1000313,1000313,1001459,1.843218073,1.841108822
7,1843889,1000416,1000416,1000365,1001511,1.843216226,1.841107087
7,1843121,999948,999948,999948,1001093,1.843216847,1.841108668
7,1835698,1000208,1000208,995730,1001407,1.843570044,1.833118802
7,1844031,1000469,1000469,1000416,1001614,1.843264202,1.841059530
7,1843610,1000208,1000208,1000261,1001667,1.843128943,1.840541817
7,1843601,1000208,1000208,1000208,1001406,1.843217611,1.841012536
7,1825030,1000521,1000521,969844,1002135,1.881776863,1.821141862
7,1844060,1000468,1000468,1000469,1001615,1.843195541,1.841086645
7,1843640,1000208,1000208,1000209,1001355,1.843254760,1.841145248
7,1843657,1000209,1000209,1000208,1001406,1.843273599,1.841068458
7,1836441,1000209,1000209,995833,1001458,1.844125471,1.833767367
7,1844123,1000521,1000521,1000469,1001615,1.843258512,1.841149543
7,1843331,1000052,1000052,1000104,1001198,1.843139314,1.841125332
7,1843458,1000156,1000156,1000104,1001250,1.843266300,1.841156554
7,1820146,1000208,1000208,977239,1001458,1.862539256,1.817496091
7,1843415,1000104,1000104,1000104,1001302,1.843223305,1.841017995
7,1843544,1000157,1000157,1000156,1001615,1.843256452,1.840571477
7,1844030,1000469,1000469,1000417,1001615,1.843261360,1.841056693
7,1836497,1000417,1000417,992865,1001875,1.849694571,1.833060012
7,1844121,1000469,1000469,1000521,1001615,1.843160713,1.841147547
7,1843461,1000156,1000156,1000104,1001302,1.843269300,1.841063935
7,1843824,1000364,1000364,1000365,1001406,1.843151250,1.841235223
7,1826089,1000313,1000313,963489,1001718,1.895287855,1.822957160
7,1843882,1000365,1000365,1000313,1001562,1.843305046,1.841006348
7,1843510,1000052,1000052,1000052,1001250,1.843414142,1.841208489
7,1844047,1000469,1000469,1000469,1001563,1.843182547,1.841169252
7,1833981,1000625,1000625,993645,1002084,1.845710490,1.830166932
7,1844010,1000417,1000417,1000469,1001562,1.843145565,1.841134148
7,1843652,1000260,1000260,1000209,1001354,1.843266757,1.841159071
7,1843440,1000156,1000156,1000157,1001198,1.843150625,1.841234201
7,1826474,1000260,1000260,982188,1001823,1.859597144,1.823150397
7,1843645,1000260,1000260,1000260,1001511,1.843165777,1.840863455
7,1843812,1000365,1000365,1000312,1001458,1.843236910,1.841127636
7,1844107,1000469,1000469,1000469,1001563,1.843242519,1.841229159
7,1837079,1000312,1000312,990417,1001823,1.854854067,1.833736099
7,1843716,1000260,1000260,1000260,1001459,1.843236758,1.841029937
7,1843399,1000104,1000104,1000104,1001197,1.843207306,1.841195089
7,1843983,1000416,1000416,1000417,1001511,1.843214380,1.841200945
7,1827085,1000677,1000677,973022,1002031,1.877742744,1.823381712
7,1843245,1000052,1000052,1000052,1001146,1.843149156,1.841135059
7,1843601,1000208,1000208,1000156,1001250,1.843313443,1.841299376
7,1843902,1000364,1000364,1000365,1001407,1.843229221,1.841311275
7,1827431,1000312,1000312,994219,1001563,1.838056806,1.824579183
7,1839574,1000105,1000105,1000156,1001458,1.839287071,1.836895806
7,1843552,1000157,1000157,1000156,1001198,1.843264451,1.841346067
7,1843267,1000052,1000052,1000052,1001041,1.843171155,1.841350154
7,1826648,1000416,1000416,979635,1001667,1.864621007,1.823608045
7,1843774,1000313,1000313,1000261,1001458,1.843292901,1.841089691
7,1843358,1000104,1000104,1000052,1001042,1.843262150,1.841439220
7,1843590,1000209,1000209,1000208,1001198,1.843206613,1.841384022
7,1836635,1000104,1000104,996928,1001093,1.842294529,1.834629750
7,1843045,999947,999947,999896,1000886,1.843236697,1.841413508
7,1843976,1000469,1000469,1000417,1001302,1.843207383,1.841578265
7,1843838,1000364,1000364,1000313,1001302,1.843261059,1.841440445
7,1810824,1000573,1000573,951354,1001718,1.903417655,1.807718340
7,1844183,1000521,1000521,1000521,1001719,1.843222681,1.841018290
7,1843393,1000104,1000104,1000104,1001146,1.843201307,1.841282890
7,1843846,1000313,1000313,1000364,1001562,1.843175084,1.840970404
7,1836401,1000104,1000104,996772,1001563,1.842348100,1.833535185
7,1844021,1000469,1000469,1000416,1001458,1.843254206,1.841336332
7,1843505,1000157,1000157,1000156,1001198,1.843217458,1.841299124
7,1843660,1000260,1000260,1000208,1001302,1.843276598,1.841262676
7,1828480,1000417,1000417,984427,1001719,1.857405374,1.825342237
7,1843209,1000000,1000000,1000000,1001042,1.843209000,1.841290375
7,1843985,1000417,1000417,1000364,1001458,1.843314034,1.841300384
7,1843293,1000052,1000052,1000052,1001094,1.843197154,1.841278641
7,1835035,1000156,1000156,996771,1001354,1.840979523,1.832553722
7,1843596,1000208,1000208,1000260,1001458,1.843116790,1.840911950
7,1843222,1000000,1000000,1000000,1001093,1.843222000,1.841209558
7,1843311,1000052,1000052,1000052,1001094,1.843215153,1.841296621
7,1827428,1000313,1000313,965574,1001875,1.892582029,1.824007985
7,1843278,1000052,1000052,1000052,1001302,1.843182155,1.840881173
7,1843451,1000156,1000156,1000156,1001302,1.843163466,1.841053948
7,1843554,1000208,1000208,1000208,1001354,1.843170621,1.841061203
7,1835190,1000677,1000677,991458,1002188,1.851001253,1.831183371
7,1844039,1000469,1000469,1000417,1001614,1.843270356,1.841067517
7,1843893,1000364,1000364,1000365,1001459,1.843220225,1.841206679
7,1843741,1000261,1000261,1000312,1001666,1.843165932,1.840674436
7,1829772,1000364,1000364,982447,1001875,1.862463828,1.826347598
7,1843558,1000156,1000156,1000209,1001354,1.843172777,1.841065198
7,1843393,1000104,1000104,1000104,1001250,1.843201307,1.841091635
7,1843540,1000208,1000208,1000209,1001354,1.843154781,1.841047222
7,1836955,1000260,1000260,992917,1001407,1.850058968,1.834374036
7,1843611,1000261,1000261,1000208,1001354,1.843227609,1.841118126
7,1846840,1002292,1002292,1002344,1003437,1.842521130,1.840514153
7,1835061,1000364,1000364,1000469,1001563,1.834200760,1.832197276
7,1773089,1000469,1000469,939272,1001980,1.887726878,1.769585221
7,1834810,1000208,1000208,1000260,1001667,1.834333073,1.831756462
7,1835306,1000104,1000104,1000104,1001511,1.835115148,1.832537037
7,1835256,1000157,1000157,1000208,1001354,1.834874346,1.832774423
7,1828773,1000209,1000209,993698,1001354,1.840371018,1.826300190
7,1836214,1000208,1000208,1000157,1001302,1.835925760,1.833826358
7,1831378,1000573,1000573,1000730,1002083,1.830042069,1.827571169
7,1842102,1000781,1000781,1000833,1002344,1.840568806,1.837794210
7,1804086,1000469,1000469,963645,1001979,1.872147938,1.800522765
7,1844131,1000521,1000521,1000521,1001719,1.843170708,1.840966379
7,1843843,1000364,1000364,1000260,1001719,1.843363725,1.840678873
7,1843397,1000104,1000104,1000104,1001250,1.843205307,1.841095630
7,1838270,1000573,1000573,993958,1002083,1.849444343,1.834448843
7,1843549,1000208,1000208,1000208,1001355,1.843165622,1.841054371
7,1843367,1000104,1000104,1000104,1001302,1.843175310,1.840970057
7,1843775,1000365,1000365,1000364,1001562,1.843104110,1.840899515
7,1924310,1000313,1000313,934011,1001771,2.060264815,1.920908072
7,2091768,1000156,1000156,1000156,1001250,2.091441735,2.089156554
7,2092921,1000104,1000104,1000157,1001407,2.092592463,2.089980398
7,2093061,1000104,1000104,1000104,1001094,2.092843344,2.090773694
7,2088227,1000156,1000156,994948,1001145,2.098830291,2.085838715
7,2093394,1000313,1000313,1000260,1001042,2.092849859,2.091214954
7,2093894,1000521,1000521,1000573,1001459,2.092694886,2.090843459
7,2093706,1000417,1000417,1000417,1001250,2.092833289,2.091092135
7,2009703,1000261,1000261,987135,1001250,2.035894786,2.007194007
7,1841909,999895,999895,999896,1000885,1.842100578,1.840280352
7,1842835,1000156,1000156,1000157,1001146,1.842545720,1.840725529
7,1841469,1000209,1000209,1000260,1001094,1.840990343,1.839456634
7,1837782,1000104,1000104,997500,1001146,1.842387970,1.835678313
7,1843912,1000416,1000416,1000313,1001250,1.843335036,1.841609988
7,1843082,1000052,1000052,1000000,1000938,1.843082000,1.841354809
7,1843285,1000156,1000156,1000104,1001042,1.843093318,1.841366296
7,1818801,1000573,1000573,973907,1001771,1.867530473,1.815585598
7,1842584,1000000,1000000,1000000,1001094,1.842584000,1.840570416
7,1843083,999948,999948,999948,1000989,1.843178845,1.841261992
7,1843982,1000416,1000416,1000417,1001406,1.843213380,1.841393001
7,1837221,1000364,1000364,997136,1001615,1.842497914,1.834258672
7,1844124,1000521,1000521,1000521,1001510,1.843163712,1.841343571
7,1843219,1000208,1000208,1000208,1001198,1.842835690,1.841013466
7,1843227,1000104,1000104,1000104,1001094,1.843035324,1.841212713
7,1829122,1000417,1000417,984428,1001719,1.858055642,1.825983135
7,1843052,1000104,1000104,1000156,1001094,1.842764529,1.841037905
7,1842851,1000260,1000260,1000261,1001198,1.842370141,1.840645906
7,1843295,1000052,1000052,1000052,1000989,1.843199154,1.841473782
7,1838815,1000312,1000312,996303,1001302,1.845638325,1.836423976
7,1843836,1000625,1000625,1000677,1001667,1.842588568,1.840767441
7,1834526,1000209,1000209,1000260,1001302,1.834049147,1.832140553
7,1840301,1000573,1000573,1000573,1001510,1.839247111,1.837526335
7,1827993,1000677,1000677,967500,1001771,1.889398450,1.824761348
7,1843550,1000104,1000104,1000157,1001250,1.843260608,1.841248439
7,1843657,1000209,1000209,1000208,1001198,1.843273599,1.841450942
7,1842537,1000417,1000417,1000468,1001459,1.841675096,1.839852655
7,1839805,1000521,1000521,996302,1001458,1.846633852,1.837126470
7,1844280,1000573,1000573,1000573,1001563,1.843223833,1.841401889
7,1843904,1000417,1000417,1000468,1001407,1.843041457,1.841313272
7,1843624,1000208,1000208,1000312,1001407,1.843048969,1.841033666
7,1821452,1000469,1000469,970989,1001562,1.875872950,1.818611329
7,1843507,1000156,1000156,1000156,1001250,1.843219458,1.841205493
7,1843433,1000104,1000104,1000157,1001094,1.843143626,1.841418488
7,1843806,1000365,1000365,1000313,1001250,1.843229069,1.841504120
7,1838419,1000052,1000052,997240,1001146,1.843507080,1.836314583
7,1843384,1000052,1000052,1000104,1001041,1.843192308,1.841467033
7,1843708,1000312,1000312,1000365,1001406,1.843035292,1.841119386
7,1843808,1000364,1000364,1000521,1001511,1.842847876,1.841026209
7,1987582,1000833,1000833,959531,1001928,2.071409887,1.983757316
7,2092925,1000052,1000052,1000000,1000938,2.092925000,2.090963676
7,2093341,1000261,1000261,1000260,1001145,2.092796873,2.090946866
7,2093299,1000260,1000260,1000209,1001094,2.092861592,2.091011433
7,2087286,1000156,1000156,993750,1001355,2.100413585,2.084461555
7,2092975,1000104,1000104,1000104,1000938,2.092757353,2.091013629
7,2092763,1000313,1000313,1000260,1001145,2.092219023,2.090369527
7,2093463,1000312,1000312,1000313,1001146,2.092807951,2.091066638
7,2079452,1000521,1000521,986718,1001458,2.107443059,2.076424573
7,2092832,1000000,1000000,999948,1001041,2.092940833,2.090655627
7,2093229,1000208,1000208,1000208,1001042,2.092793699,2.091050126
7,2093540,1000364,1000364,1000313,1001146,2.092884927,2.091143549
7,2089073,1000573,1000573,997968,1001354,2.093326640,2.086248220
7,2093059,1000156,1000156,1000104,1000938,2.092841345,2.091097550
7,1911283,1000521,1000521,1000573,1001510,1.910188462,1.908401314
7,1842806,1000520,1000520,1000521,1001406,1.841846398,1.840218653
7,1829743,1000416,1000416,972342,1001563,1.881789535,1.826887575
7,1843846,1000364,1000364,1000365,1001510,1.843173242,1.841065990
7,1843131,1000000,1000000,999948,1001354,1.843226848,1.840638775
7,1843294,1000052,1000052,1000000,1001146,1.843294000,1.841184003
7,1836532,1000364,1000364,993176,1001718,1.849150604,1.833382249
7,1844170,1000521,1000521,1000469,1001615,1.843305490,1.841196468
7,1843387,1000104,1000104,1000104,1001250,1.843195308,1.841085643
7,1843220,1000000,1000000,1000000,1001094,1.843220000,1.841205721
7,1817899,1000625,1000625,970209,1001875,1.873718962,1.814496818
7,1843888,1000365,1000365,1000416,1001823,1.843121262,1.840532709
7,1844139,1000521,1000521,1000469,1001614,1.843274504,1.841167356
7,1843633,1000209,1000209,1000208,1001355,1.843249604,1.841138258
7,1835078,1000521,1000521,993541,1002032,1.847007824,1.831356683
7,1843970,1000416,1000416,1000469,1001562,1.843105583,1.841094211
7,1843582,1000209,1000209,1000208,1001302,1.843198615,1.841184777
7,1843870,1000365,1000365,1000364,1001511,1.843199076,1.841088116
7,1823163,1000417,1000417,960208,1002031,1.898716736,1.819467661
7,1843992,1000469,1000469,1000417,1001667,1.843223376,1.840923181
7,1844137,1000521,1000521,1000520,1001667,1.843178547,1.841067940
7,1844256,1000573,1000573,1000573,1002031,1.843199846,1.840517908
7,1837682,1000625,1000625,994168,1002083,1.848462232,1.833862065
7,1843284,1000052,1000052,1000000,1001458,1.843284000,1.840600405
7,1843932,1000417,1000417,1000417,1001563,1.843163401,1.841054432
7,1843670,1000260,1000260,1000209,1001406,1.843284753,1.841081439
7,1793758,1000573,1000573,948021,1001875,1.892107875,1.790400998
7,1843690,1000261,1000261,1000313,1001615,1.843113106,1.840717242
7,1843097,999948,999948,999948,1001145,1.843192846,1.840989068
7,1843627,1000261,1000261,1000260,1001667,1.843147782,1.840558788
7,1836907,1000156,1000156,992916,1001458,1.850012488,1.834232689
7,1843309,1000052,1000052,1000052,1001145,1.843213153,1.841200825
7,1843902,1000417,1000417,1000364,1001615,1.843231064,1.840928900
7,1843308,1000104,1000104,1000052,1001145,1.843212153,1.841199826
7,1819081,1000521,1000521,959791,1001823,1.895288662,1.815770850
7,1843255,1000000,1000000,1000000,1001250,1.843255000,1.840953808
7,1843284,1000000,1000000,1000000,1001406,1.843284000,1.840695981
7,1843357,1000105,1000105,1000052,1001198,1.843261150,1.841151301
7,1836834,1000209,1000209,996510,1001719,1.843267002,1.833681901
7,1843894,1000365,1000365,1000364,1001771,1.843223067,1.840634237
7,1843596,1000208,1000208,1000156,1001302,1.843308444,1.841198759
7,1844140,1000521,1000521,1000468,1019219,1.843277346,1.809365799
7,1833702,1000417,1000417,989064,1001927,1.853977093,1.830175252
7,1843672,1000261,1000261,1000260,1001355,1.843192770,1.841177205
7,1843954,1000416,1000416,1000417,1001562,1.843185392,1.841078236
7,1835867,1000364,1000364,995469,1001510,1.844223175,1.833099020
7,1843784,1000313,1000313,1000313,1001407,1.843207076,1.841193441
7,1844086,1000520,1000520,1000469,1001614,1.843221529,1.841114441
7,1843557,1000156,1000156,1000156,1001302,1.843269450,1.841159810
7,1834036,1000625,1000625,975260,1001927,1.880561081,1.830508610
7,1825960,1000000,1000000,982187,1001459,1.859075716,1.823299806
7,1843884,1000364,1000364,1000365,1001406,1.843211228,1.841295139
7,1843520,1000156,1000156,1000156,1001458,1.843232456,1.840836061
7,1838034,1000208,1000208,994010,1001354,1.849110170,1.835548667
7,1844068,1000469,1000469,1000469,1001667,1.843203538,1.840999055
7,1843712,1000312,1000312,1000261,1001354,1.843230917,1.841218989
7,1844081,1000469,1000469,1000521,1001510,1.843120734,1.841300636
7,1835776,1000260,1000260,992135,1001302,1.850328836,1.833388928
7,1835359,1000469,1000469,992447,1001771,1.849326967,1.832114326
7,1843556,1000156,1000156,1000156,1001302,1.843268450,1.841158811
7,1843332,1000052,1000052,1000053,1001094,1.843234309,1.841317599
7,1837563,1000469,1000469,997136,1001459,1.842840896,1.834885901
7,1843387,1000104,1000104,1000105,1001302,1.843193465,1.840990031
7,1843771,1000312,1000312,1000313,1001354,1.843194080,1.841277910
7,1844021,1000417,1000417,1000469,1001458,1.843156560,1.841336332
7,1832162,1000469,1000469,974479,1001719,1.880145185,1.829017918
7,1832009,998646,998646,982656,1001875,1.864344186,1.828580412
7,1844129,1000521,1000521,1000521,1001615,1.843168709,1.841155534
7,1844054,1000468,1000468,1000469,1001562,1.843189544,1.841178080
7,1837579,1000208,1000208,994999,1001354,1.846814921,1.835094282
7,1844005,1000469,1000469,1000417,1001563,1.843236370,1.841127318
7,1844181,1000521,1000521,1000520,1001666,1.843222524,1.841113705
7,1843629,1000261,1000261,1000208,1001511,1.843245605,1.840847479
7,1846453,1009427,1009427,992396,1010625,1.860601010,1.827040693
7,1843487,1000208,1000208,1000104,1001250,1.843295297,1.841185518
7,1843675,1000260,1000260,1000261,1001146,1.843193926,1.841564567
7,1843595,1000209,1000209,1000208,1001197,1.843211612,1.841390855
7,1839101,1000052,1000052,997448,1000990,1.843806394,1.837282091
7,1843543,1000156,1000156,1000209,1001042,1.843157780,1.841624028
7,1843863,1000365,1000365,1000364,1001250,1.843192078,1.841561049
7,1843838,1000313,1000313,1000312,1001250,1.843262902,1.841536080
7,1816127,1000312,1000312,962760,1001302,1.886375628,1.813765477
7,1844290,1000573,1000573,1000625,1001771,1.843138039,1.841029537
7,1843302,1000052,1000052,1000052,1001146,1.843206153,1.841191994
7,1844047,1000469,1000469,1000417,1001823,1.843278353,1.840691420
7,1836663,1000156,1000156,996718,1001250,1.842710777,1.834370037
7,1843731,1000313,1000313,1000312,1001563,1.843155935,1.840853746
7,1843979,1000416,1000416,1000365,1001719,1.843306193,1.840814640
7,1844068,1000469,1000469,1000469,1001563,1.843203538,1.841190220
7,1830234,1000573,1000573,979375,1001823,1.868777537,1.826903555
7,1843727,1000313,1000313,1000260,1001667,1.843247756,1.840658622
7,1843371,1000104,1000104,1000104,1001197,1.843179309,1.841167123
7,1843250,1000052,1000052,1000000,1001094,1.843250000,1.841235688
7,1837537,1000156,1000156,996145,1001250,1.844648118,1.835242946
7,1843715,1000260,1000260,1000261,1001614,1.843233916,1.840744039
7,1843620,1000157,1000157,1000156,1001250,1.843332440,1.841318352
7,1844063,1000469,1000469,1000469,1001511,1.843198540,1.841280825
7,1829158,1000729,1000729,971928,1002031,1.881989201,1.825450510
7,1843466,1000104,1000104,1000104,1001615,1.843274299,1.840493603
7,1843553,1000208,1000208,1000156,1001302,1.843265451,1.841155815
7,1843918,1000417,1000417,1000364,1001562,1.843247058,1.841042292
7,1834464,1000469,1000469,993021,1001667,1.847356702,1.831411038
7,1843368,1000104,1000104,1000104,1001198,1.843176310,1.841162288
7,1843496,1000156,1000156,1000208,1001250,1.843112633,1.841194507
7,1843263,1000052,1000052,1000000,1001458,1.843263000,1.840579435
7,1828004,1000573,1000573,982395,1001875,1.860762728,1.824582907
7,1843841,1000313,1000313,1000260,1001719,1.843361726,1.840676876
7,1843342,1000052,1000052,1000052,1001198,1.843246151,1.841136319
7,1843945,1000417,1000417,1000365,1001510,1.843272206,1.841164841
7,1837374,1000521,1000521,995938,1001771,1.844867853,1.834125763
7,1843530,1000208,1000208,1000208,1001302,1.843146626,1.841132845
7,1843282,1000052,1000052,1000000,1001198,1.843282000,1.841076390
7,1843425,1000104,1000104,1000104,1001250,1.843233304,1.841123596
7,1829962,1000781,1000781,971460,1002240,1.883723468,1.825872047
7,1844054,1000468,1000468,1000417,1001615,1.843285350,1.841080655
7,1843992,1000469,1000469,1000468,1001927,1.843129415,1.840445462
7,1843914,1000365,1000365,1000416,1001510,1.843147251,1.841133888
7,1837175,1000209,1000209,996719,1001458,1.843222613,1.834500299
7,1844157,1000468,1000468,1000521,1001615,1.843196695,1.841183489
7,1844118,1000521,1000521,1000520,1001614,1.843159557,1.841146390
7,1843862,1000365,1000365,1000313,1001459,1.843285052,1.841175725
7,1783411,1000468,1000468,942344,1001875,1.892526508,1.780073362
7,1843679,1000260,1000260,1000208,1001458,1.843295595,1.840994830
7,1843379,1000104,1000104,1000104,1001198,1.843187309,1.841173274
7,1843198,1000000,1000000,1000000,1001093,1.843198000,1.841185584
7,1837913,1000625,1000625,996094,1001771,1.845120039,1.834663810
7,1843947,1000364,1000364,1000417,1001511,1.843178395,1.841165000
7,1843732,1000312,1000312,1000260,1001406,1.843252754,1.841143352
7,1843146,1000000,1000000,1000000,1001146,1.843146000,1.841036173
7,1796486,1000729,1000729,946408,1002291,1.898215146,1.792379658
7,1844000,1000417,1000417,1000417,1001615,1.843231373,1.841026742
7,1843512,1000157,1000157,1000208,1001302,1.843128629,1.841114868
7,1843307,1000105,1000105,1000052,1001198,1.843211153,1.841101361
7,1835554,1000104,1000104,995938,1001354,1.843040430,1.833072020
7,1843886,1000364,1000364,1000365,1001719,1.843213227,1.840721799
7,1843412,1000105,1000105,1000104,1001510,1.843220305,1.840632645
7,1843375,1000104,1000104,1000052,1001198,1.843279149,1.841169279
7,1826585,1000677,1000677,979584,1002136,1.864653771,1.822691730
7,1843730,1000260,1000260,1000313,1001511,1.843153093,1.840948327
7,1842951,1000208,1000208,1000260,1001406,1.842471957,1.840363449
7,1843332,1000104,1000104,1000104,1001198,1.843140313,1.841126331
7,1826120,1000781,1000781,996199,1002084,1.833087566,1.822322280
7,1842530,1000000,1000000,1000417,1001719,1.841761985,1.839368126
7,1843258,1000000,1000000,1000052,1001250,1.843162156,1.840956804
7,1843458,1000156,1000156,1000104,1001250,1.843266300,1.841156554
7,1824286,1000364,1000364,963177,1001823,1.894029862,1.820966378
7,1844322,1000625,1000625,1000729,1001927,1.842978469,1.840774827
7,1843226,999948,999948,999896,1001145,1.843417715,1.841117920
7,1843645,1000208,1000208,1000261,1001719,1.843163934,1.840481213
7,1833452,1000364,1000364,992396,1001615,1.847500393,1.830495749
7,1843305,1000052,1000052,1000104,1001250,1.843113316,1.841003745
7,1844103,1000469,1000469,1000521,1001719,1.843142723,1.840938427
7,1844237,1000521,1000521,1000573,1001718,1.843180857,1.841074035
7,1818250,1000364,1000364,965730,1001719,1.882772618,1.815129792
7,1844127,1000521,1000521,1000730,1002084,1.842781769,1.840291832
7,1843947,1000364,1000364,1000521,1001458,1.842986804,1.841262439
7,1844095,1000521,1000521,1000520,1001510,1.843136569,1.841314615
7,1839297,1000313,1000313,995572,1001302,1.847477631,1.836905349
7,1844262,1000573,1000573,1000625,1001667,1.843110056,1.841192732
7,1844082,1000469,1000469,1000468,1001406,1.843219373,1.841492861
7,1843214,1000000,1000000,1000000,1000990,1.843214000,1.841391023
7,1874575,1000104,1000104,969009,1001042,1.934527956,1.872623726
7,2091221,1000521,1000521,1000573,1001354,2.090023417,2.088393315
7,2093162,1000156,1000156,1000156,1001094,2.092835518,2.090874583
7,2092948,1000104,1000104,1000104,1001146,2.092730356,2.090552227
7,2085669,1000260,1000260,997499,1001354,2.090898337,2.082848823
7,2092911,1000052,1000052,1000053,1000885,2.092800082,2.091060412
7,2093802,1000469,1000469,1000625,1001614,2.092494191,2.090428049
7,2093092,1000104,1000104,1000156,1001146,2.092765529,2.090696062
7,2079960,1000520,1000520,984688,1001459,2.112303593,2.076929759
7,2093697,1000417,1000417,1000469,1001406,2.092715516,2.090757395
7,2093832,1000469,1000469,1000521,1001406,2.092741682,2.090892206
7,2093345,1000260,1000260,1000261,1001146,2.092798780,2.090948773
7,2036480,1000104,1000104,995625,1001146,2.045428751,2.034148865
7,1839491,1000469,1000469,1000468,1001302,1.838630521,1.837099097
7,1843962,1000417,1000417,1000364,1001250,1.843291042,1.841659925
7,1843556,1000208,1000208,1000209,1001042,1.843170777,1.841637014
7,1823186,1000417,1000417,968228,1001510,1.883013092,1.820437140
7,1843258,1000052,1000052,1000052,1001198,1.843162156,1.841052419
7,1843527,1000104,1000104,1000104,1001406,1.843335293,1.840938640
7,1843340,1000052,1000052,1000052,1001146,1.843244151,1.841229950
7,1837752,1000208,1000208,994324,1001562,1.848242625,1.834885908
7,1843684,1000260,1000260,1000261,1001354,1.843202924,1.841191027
7,1843100,1000416,1000416,1000417,1001511,1.842331748,1.840319278
7,1843228,1000000,1000000,999948,1001094,1.843323853,1.841213712
7,1830866,1000417,1000417,983229,1001562,1.862095199,1.828010647
7,1843023,1000208,1000208,1000261,1001459,1.842542097,1.840337947
7,1843489,1000469,1000469,1000416,1001822,1.842722427,1.840136272
7,1844101,1000469,1000469,1000521,1001615,1.843140724,1.841127579
7,1836105,1000417,1000417,996198,1001719,1.843112514,1.832954152
7,1843239,1000209,1000209,1000208,1001562,1.842855686,1.840364351
7,1843008,999948,999948,1000000,1001094,1.843008000,1.840993953
7,1842845,1000000,1000000,1000000,1001094,1.842845000,1.840831131
7,1818387,1000313,1000313,959063,1001875,1.896003704,1.814983905
7,1843372,1000208,1000208,1000157,1001354,1.843082636,1.840879449
7,1843776,1000417,1000417,1000469,1001458,1.842911674,1.841091688
7,1843591,1000208,1000208,1000209,1001250,1.843205770,1.841289388
7,1838111,1000156,1000156,997187,1001302,1.843296192,1.835720891
7,1844090,1000573,1000573,1000573,1001615,1.843033942,1.841116597
7,1843133,1000052,1000052,1000052,1001093,1.843037162,1.841120655
7,1843233,1000104,1000104,1000105,1001146,1.843039481,1.841123073
7,1830141,1000313,1000313,984167,1001562,1.859583790,1.827286778
7,1843194,1000104,1000104,1000052,1001093,1.843098159,1.841181589
7,1843409,1000416,1000416,1000521,1001511,1.842449084,1.840627811
7,1831427,1000312,1000312,1000417,1001407,1.830663613,1.828853803
7,1837950,1000469,1000469,995573,1001510,1.846122786,1.835178880
7,1843839,1000312,1000312,1000365,1001302,1.843166244,1.841441443
7,1843502,1000157,1000157,1000156,1001146,1.843214459,1.841391765
7,1843448,1000156,1000156,1000105,1001042,1.843254458,1.841529127
7,1828352,1000417,1000417,967396,1001510,1.889972669,1.825595351
7,1844007,1000416,1000416,1000417,1001511,1.843238370,1.841224909
7,1844178,1000573,1000573,1000520,1001510,1.843219526,1.841397490
7,1843930,1000365,1000365,1000573,1001614,1.842874033,1.840958693
7,1839372,1000416,1000416,995678,1001563,1.847356274,1.836501548
7,1843273,1000052,1000052,1000000,1001041,1.843273000,1.841356148
7,1843874,1000365,1000365,1000365,1001250,1.843201232,1.841572035
7,1843354,1000105,1000105,1000052,1001042,1.843258151,1.841435224
7,1831443,1000417,1000417,984687,1001510,1.859924016,1.828681691
7,1843956,1000416,1000416,1000417,1001406,1.843187391,1.841367038
7,1843531,1000157,1000157,1000156,1001094,1.843243454,1.841516381
7,1843914,1000365,1000365,1000416,1001354,1.843147251,1.841420716
7,1839073,1000365,1000365,995937,1001354,1.846575637,1.836586262
7,1843779,1000313,1000313,1000312,1001198,1.843203920,1.841572796
7,1843271,1000052,1000052,1000052,1001041,1.843175155,1.841354150
7,1843775,1000312,1000312,1000261,1001250,1.843293900,1.841473159
7,1915962,1000417,1000417,973177,1001562,1.968770326,1.912973935
7,2090058,1000052,1000052,1000000,1001250,2.090058000,2.087448689
7,2093030,1000105,1000105,1000104,1000989,2.092812348,2.090962039
7,1979506,1000156,1000156,1000261,1001406,1.978989484,1.976726722
7,1831634,1000364,1000364,992761,1001510,1.844989882,1.828872403
7,1843688,1000261,1000261,1000208,1001511,1.843304593,1.840906390
7,1843961,1000417,1000417,1000417,1001510,1.843192389,1.841180817
7,1843231,1000052,1000052,1000052,1001042,1.843135157,1.841312353
7,1831327,1000365,1000365,983280,1001771,1.862467456,1.828089454
7,1843954,1000417,1000417,1000365,1001458,1.843281202,1.841269429
7,1843766,1000312,1000312,1000313,1001354,1.843189082,1.841272916
7,1841717,1000000,1000000,1000000,1001094,1.841717000,1.839704363
7,1835422,1000469,1000469,987344,1001823,1.858948857,1.832082114
7,1844051,1000469,1000469,1000416,1001719,1.843284194,1.840886516
7,1844286,1000573,1000573,1000573,1001563,1.843229829,1.841407879
7,1843223,1000000,1000000,999948,1001042,1.843318853,1.841304361
7,1821528,1000468,1000468,960677,1001979,1.896087863,1.817930316
7,1843427,1000052,1000052,1000052,1001198,1.843331147,1.841221217
7,1843261,1000052,1000052,1000052,1001146,1.843165155,1.841151041
7,1843218,1000001,1000001,1000000,1001094,1.843218000,1.841203723
7,1831501,1000625,1000625,984375,1001928,1.860572444,1.827976661
7,1843912,1000416,1000416,1000365,1001875,1.843239218,1.840461135
7,1844106,1000521,1000521,1000469,1001614,1.843241520,1.841134409
7,1843885,1000365,1000365,1000312,1001511,1.843309887,1.841103093
7,1827707,1000313,1000313,981874,1001771,1.861447599,1.824475853
7,1843916,1000365,1000365,1000416,1001563,1.843149250,1.841038457
7,1844079,1000520,1000520,1000469,1001875,1.843214532,1.840627823
7,1843758,1000312,1000312,1000313,1001458,1.843181084,1.841073715
7,1833441,1000208,1000208,987657,1001667,1.856353977,1.830389740
7,1843846,1000365,1000365,1000313,1001458,1.843269057,1.841161586
7,1843576,1000208,1000208,1000157,1001302,1.843286604,1.841178785
7,1843424,1000104,1000104,1000053,1001198,1.843326304,1.841218221
7,1824230,1000625,1000625,969062,1002187,1.882469852,1.820249115
7,1843358,1000105,1000105,1000052,1001303,1.843262150,1.840959230
7,1843840,1000313,1000313,1000365,1001458,1.843167244,1.841155595
7,1843818,1000364,1000364,1000313,1001458,1.843241066,1.841133627
7,1838148,1000156,1000156,996510,1001563,1.844585604,1.835279458
7,1844123,1000520,1000520,1000469,1001562,1.843258512,1.841246972
7,1844183,1000521,1000521,1000469,1001563,1.843318484,1.841305040
7,1843840,1000365,1000365,1000364,1001407,1.843169086,1.841249362
7,1827123,1000104,1000104,984635,1001250,1.855634829,1.824841948
7,1843026,999948,999948,999948,1001042,1.843121842,1.841107566
7,1844118,1000469,1000469,1000520,1001354,1.843159557,1.841624441
7,1844041,1000469,1000469,1000416,1001355,1.843274198,1.841545706
7,1838286,1000469,1000469,997915,1001407,1.842126834,1.835703166
7,1843502,1000208,1000208,1000104,1001041,1.843310296,1.841584910
7,1843407,1000104,1000104,1000104,1001042,1.843215306,1.841488169
7,1844049,1000417,1000417,1000469,1001406,1.843184546,1.841459907
7,1831667,1000417,1000417,979323,1001510,1.870340021,1.828905353
7,1843342,1000104,1000104,1000052,1001042,1.843246151,1.841423237
7,1843358,1000052,1000052,1000104,1001042,1.843166311,1.841439220
7,1844119,1000469,1000469,1000469,1001510,1.843254514,1.841338579
7,1838122,1000157,1000157,993541,1001302,1.850071613,1.835731877
7,1843785,1000313,1000313,1000313,1001198,1.843208076,1.841578789
7,1843773,1000313,1000313,1000312,1001198,1.843197922,1.841566803
7,1843949,1000417,1000417,1000416,1001354,1.843182236,1.841455669
7,1828246,1000260,1000260,982707,1001407,1.860418212,1.825677272
7,1843367,1000052,1000052,1000104,1001041,1.843175310,1.841450050
7,1843500,1000156,1000156,1000104,1001094,1.843308296,1.841485415
7,1844020,1000417,1000417,1000416,1001354,1.843253207,1.841526573
7,1839312,1000208,1000208,997135,1001250,1.844596770,1.837015730
7,1844122,1000521,1000521,1000468,1001406,1.843259355,1.841532805
7,1843490,1000157,1000157,1000104,1001041,1.843298297,1.841572923
7,1843649,1000260,1000260,1000261,1001146,1.843167933,1.841538597
7,1826577,1000364,1000364,974219,1001667,1.874914162,1.823537164
7,1843721,1000260,1000260,1000313,1001666,1.843144096,1.840654470
7,1843662,1000209,1000209,1000260,1001407,1.843182772,1.841071612
7,1843414,1000105,1000105,1000104,1001510,1.843222305,1.840634642
7,1835278,1000052,1000052,995730,1001250,1.843148243,1.832986767
7,1843802,1000312,1000312,1000260,1001406,1.843322736,1.841213254
7,1843708,1000261,1000261,1000260,1001406,1.843228761,1.841119386
7,1843495,1000156,1000156,1000156,1001302,1.843207460,1.841097891
7,1830518,1000417,1000417,984844,1001875,1.858688280,1.827092202
7,1843738,1000313,1000313,1000312,1001406,1.843162933,1.841149344
7,1843188,1000000,1000000,1000000,1001145,1.843188000,1.841079963
7,1843329,1000053,1000053,1000052,1001198,1.843233152,1.841123334
7,1834686,1000157,1000157,995833,1001355,1.842363127,1.832203364
7,1843677,1000260,1000260,1000313,1001614,1.843100110,1.840706100
7,1843576,1000208,1000208,1000156,1001354,1.843288447,1.841083173
7,1843267,1000000,1000000,1000052,1001146,1.843171155,1.841157034
7,1827399,1000364,1000364,970886,1001823,1.882197292,1.824073714
7,1844146,1000521,1000521,1000469,1001614,1.843281501,1.841174345
7,1843498,1000157,1000157,1000156,1001303,1.843210459,1.841099048
7,1844205,1000573,1000573,1000573,1001615,1.843148876,1.841231411
7,1836229,1000052,1000052,995574,1001250,1.844392280,1.833936579
7,1843291,1000052,1000052,1000052,1001406,1.843195154,1.840702972
7,1843851,1000365,1000365,1000364,1001667,1.843180082,1.840782416
7,1844120,1000521,1000521,1000521,1001562,1.843159714,1.841243977
7,1828526,1000260,1000260,985259,1001406,1.855883580,1.825958702
7,1843193,999947,999947,1000000,1001145,1.843193000,1.841084958
7,1843121,999948,999948,999948,1000834,1.843216847,1.841585118
7,1843206,1000000,1000000,999948,1000885,1.843301852,1.841576205
7,1835749,1000104,1000104,992500,1001094,1.849621159,1.833742885
7,1843137,999948,999948,999948,1000833,1.843232848,1.841602945
7,1844064,1000468,1000468,1000417,1001354,1.843295346,1.841570514
7,1843699,1000260,1000260,1000261,1001146,1.843217920,1.841588540
7,1830096,1000781,1000781,980156,1001979,1.867147679,1.826481393
7,1843922,1000417,1000417,1000417,1001510,1.843153405,1.841141876
7,1843175,999948,999948,1000000,1000937,1.843175000,1.841449562
7,1843957,1000417,1000417,1000365,1001354,1.843284201,1.841463658
7,1838585,1000521,1000521,997344,1001511,1.843481286,1.835811089
7,1843907,1000417,1000417,1000364,1001406,1.843236062,1.841318107
7,1843221,1000000,1000000,1000000,1000937,1.843221000,1.841495519
7,1843282,1000000,1000000,1000000,1000990,1.843282000,1.841458956
7,1830478,1000417,1000417,983229,1001770,1.861700580,1.827243779
7,1843327,1000468,1000468,1000417,1001563,1.842558653,1.840450376
7,1843448,1000104,1000104,1000157,1001198,1.843158624,1.841242192
7,1843436,1000156,1000156,1000156,1001458,1.843148469,1.840752183
7,1837341,1000364,1000364,996406,1001458,1.843968222,1.834666057
7,1843186,1000000,1000000,1000000,1001198,1.843186000,1.840980505
7,1843458,1000156,1000156,1000053,1001406,1.843360302,1.840869737
7,1843563,1000208,1000208,1000209,1001250,1.843177776,1.841261423
7,1824475,1000625,1000625,967604,1002291,1.885559588,1.820304682
7,1844095,1000521,1000521,1000469,1001719,1.843230525,1.840930441
7,1843891,1000365,1000365,1000364,1001458,1.843220068,1.841206521
7,1843951,1000417,1000417,1000417,1001511,1.843182393,1.841168994
7,1835027,1000104,1000104,987239,1001614,1.858746464,1.832070039
7,1843667,1000208,1000208,1000209,1001354,1.843281754,1.841174050
7,1843978,1000416,1000416,1000417,1001927,1.843209382,1.840431489
7,1843628,1000261,1000261,1000208,1001406,1.843244605,1.841039498
7,1827117,1000521,1000521,981979,1002084,1.860647733,1.823317207
7,1843182,1000000,1000000,1000000,1001198,1.843182000,1.840976510
7,1843253,1000052,1000052,1000000,1001146,1.843253000,1.841143050
7,1843040,999896,999896,999896,1001093,1.843231696,1.841027757
7,1838376,1000469,1000469,996094,1001719,1.845584854,1.835221255
7,1843787,1000365,1000365,1000312,1001458,1.843211918,1.841102672
7,1843957,1000365,1000365,1000417,1001511,1.843188390,1.841174985
7,1844061,1000468,1000468,1000469,1001614,1.843196541,1.841089482
7,1826870,1000833,1000833,967916,1002292,1.887426182,1.822692389
7,1843746,1000313,1000313,1000312,1001458,1.843170931,1.841061732
7,1843289,1000052,1000052,1000052,1001302,1.843193154,1.840892158
7,1843816,1000313,1000313,1000312,1001458,1.843240909,1.841131630
7,1834688,1000261,1000261,990572,1001459,1.852150071,1.832015090
7,1843138,1000000,1000000,1000000,1001145,1.843138000,1.841030021
7,1843337,1000105,1000105,1000052,1001302,1.843241151,1.840940096
7,1844047,1000417,1000417,1000469,1001511,1.843182547,1.841264849
7,1829968,1000313,1000313,984270,1001615,1.859213427,1.827017367
7,1843080,999948,999948,999948,1001094,1.843175845,1.841065874
7,1843791,1000260,1000260,1000313,1001562,1.843214074,1.840915490
7,1843337,1000052,1000052,1000104,1001302,1.843145313,1.840940096
7,1838361,1000313,1000313,996614,1001615,1.844606839,1.835396834
7,1844112,1000520,1000520,1000469,1001770,1.843247517,1.840853689
7,1843616,1000209,1000209,1000260,1001250,1.843136784,1.841314357
7,1843670,1000208,1000208,1000312,1001354,1.843094954,1.841177046
7,1793621,1000208,1000208,952500,1001667,1.883066667,1.790636010
7,1841021,1000208,1000208,1000625,1001927,1.839871081,1.837480176
7,1843715,1000260,1000260,1000261,1001355,1.843233916,1.841220147
7,1843785,1000312,1000312,1000469,1001719,1.842920670,1.840620973
7,1839026,1000729,1000729,997239,1002031,1.844117609,1.835298509
7,1843350,1000105,1000105,1000104,1001198,1.843158312,1.841144309
7,1844249,1000573,1000573,1000573,1001875,1.843192850,1.840797505
7,1841732,1000156,1000156,1000104,1001458,1.841540480,1.839050664
7,1816155,1000573,1000573,971406,1001875,1.869614765,1.812756082
7,1843232,1000052,1000052,999948,1001042,1.843327853,1.841313351
7,1843291,1000052,1000052,1000052,1001093,1.843195154,1.841278483
7,1843889,1000365,1000365,1000365,1001407,1.843216226,1.841298293
7,1838078,1000469,1000469,995105,1001927,1.847119651,1.834542836
7,1843210,1000000,1000000,999948,1000990,1.843305852,1.841387027
7,1843285,1000052,1000052,1000053,1000989,1.843187311,1.841463792
7,1843613,1000261,1000261,1000208,1001094,1.843229608,1.841598291
7,2024909,1000260,1000260,973438,1001302,2.080162270,2.022275997
7,2093102,1000156,1000156,1000105,1000989,2.092882247,2.091033967
7,2092919,1000052,1000052,1000053,1000885,2.092808081,2.091068404
7,2094005,1000573,1000573,1000625,1001719,2.092697064,2.090411582
7,2087262,1000261,1000261,995676,1001250,2.096326516,2.084656180
7,1857734,1000052,1000052,1000104,1000938,1.857540816,1.855993078
7,1844250,1000572,1000572,1000625,1001771,1.843098064,1.840989607
7,1843458,1000156,1000156,1000156,1001198,1.843170465,1.841252180
7,1866520,1000417,1000417,979532,1001719,1.905522229,1.863316958
7,1841039,1000260,1000260,1000208,1001354,1.840656144,1.838549604
7,1843877,1000365,1000365,1000416,1001458,1.843110266,1.841192541
7,1839591,1001719,1001719,996146,1002865,1.846708213,1.834335628
7,1843558,1000208,1000208,1000208,1001562,1.843174620,1.840682853
7,1843470,1000157,1000157,1000156,1001250,1.843182464,1.841168539
7,1844010,1000417,1000417,1000417,1001771,1.843241368,1.840750032
7,1857508,1014010,1014010,984843,1015260,1.886095550,1.829588480
7,1833803,1000260,1000260,991251,1001511,1.849988550,1.831036304
7,1843784,1000312,1000312,1000365,1001406,1.843111264,1.841195279
7,1843641,1000208,1000208,1000208,1001250,1.843257602,1.841339326
7,1838953,1000260,1000260,995156,1001302,1.847904248,1.836561797
7,1843419,1000052,1000052,1000209,1001354,1.843033806,1.840926386
7,1843680,1000260,1000260,1000261,1001302,1.843198925,1.841282650
7,1843652,1000260,1000260,1000261,1001250,1.843170932,1.841350312
7,1822271,1000261,1000261,979479,1001354,1.860449280,1.819806981
7,1838057,1000260,1000260,995365,1001407,1.846616065,1.835474487
7,1844156,1000521,1000521,1000469,1001458,1.843291496,1.841471135
7,1843326,1000052,1000052,1000052,1000990,1.843230152,1.841502912
7,1837973,1000053,1000053,997344,1001042,1.842867656,1.836059826
7,1843370,1000104,1000104,1000104,1001042,1.843178309,1.841451208
7,1843517,1000156,1000156,1000157,1001145,1.843227613,1.841408587
7,1844427,1000677,1000677,1000729,1001667,1.843083392,1.841357457
7,1822419,1000625,1000625,977344,1001771,1.864664847,1.819197202
7,1828275,1000521,1000521,980000,1001614,1.865586735,1.825328919
7,1843623,1000208,1000208,1000208,1001250,1.843239606,1.841321348
7,1843368,1000053,1000053,1000104,1001042,1.843176310,1.841449210
7,1838679,1000573,1000573,997501,1001614,1.843285370,1.835716154
7,1844006,1000417,1000417,1000417,1001407,1.843237370,1.841415129
7,1843306,1000052,1000052,1000000,1000989,1.843306000,1.841484772
7,1844084,1000521,1000521,1000625,1001667,1.842932167,1.841015028
7,1833648,1000625,1000625,989792,1001614,1.852558921,1.830693261
7,1843855,1000365,1000365,1000416,1001510,1.843088275,1.841074977
7,1843152,1000000,1000000,999948,1001042,1.843247849,1.841233435
7,1843460,1000156,1000156,1000157,1001041,1.843170622,1.841542954
7,1837798,1000365,1000365,993905,1001354,1.849068070,1.835312986
7,1843305,1000052,1000052,1000104,1001094,1.843113316,1.841290628
7,1843919,1000416,1000416,1000313,1001354,1.843342034,1.841425710
7,1843562,1000208,1000208,1000261,1001354,1.843080956,1.841069192
7,1788123,1000208,1000208,951979,1001302,1.878321896,1.785797891
7,2082879,1000469,1000469,1000521,1001459,2.081794385,2.079844507
7,2093693,1000417,1000417,1000469,1001302,2.092711518,2.090970556
7,2093319,1000209,1000209,1000208,1001094,2.092883680,2.091031412
7,2087989,1000312,1000312,997293,1001250,2.093656528,2.085382272
7,2092459,1000157,1000157,1000156,1001146,2.092132627,2.090063787
7,2093415,1000260,1000260,1000261,1001354,2.092868761,2.090584349
7,2093171,1000209,1000209,1000156,1000990,2.092844516,2.091100810
7,2082918,1000468,1000468,986458,1001355,2.111512097,2.080099465
7,2093268,1000208,1000208,1000208,1000990,2.092832691,2.091197714
7,2092487,1000208,1000208,1000209,1001041,2.092049762,2.090310986
7,2092907,1000052,1000052,1000052,1001042,2.092798174,2.090728461
7,2087254,1000156,1000156,996354,1001042,2.094891976,2.085081345
7,2093603,1000416,1000416,1000365,1001303,2.092839114,2.090878585
7,2093458,1000313,1000313,1000312,1001250,2.092805045,2.090844444
7,1843020,1000000,1000000,1000000,1000833,1.843020000,1.841486042
7,1830402,1000365,1000365,972968,1001458,1.881256115,1.827737159
7,1843622,1000208,1000208,1000209,1001510,1.843236764,1.840842328
7,1843988,1000416,1000416,1000469,1001875,1.843123575,1.840536993
7,1843574,1000208,1000208,1000208,1001354,1.843190616,1.841081176
7,1836682,1000156,1000156,994791,1001354,1.846299373,1.834198495
7,1843539,1000156,1000156,1000157,1001615,1.843249610,1.840566485
7,1843366,1000105,1000105,1000104,1001250,1.843174310,1.841064669
7,1843571,1000209,1000209,1000156,1001302,1.843283448,1.841173792
7,1829321,1000521,1000521,976354,1001823,1.873624730,1.825992216
7,1843617,1000260,1000260,1000209,1001459,1.843231765,1.840931082
7,1842735,1000417,1000417,1000417,1001563,1.841966900,1.839859300
7,1843523,1000209,1000209,1000156,1001302,1.843235455,1.841125854
7,1834961,1000053,1000053,993541,1001250,1.846890063,1.832670162
7,1843869,1000364,1000364,1000313,1001771,1.843292050,1.840609281
7,1843318,1000052,1000052,1000052,1001146,1.843222152,1.841207976
7,1843366,1000417,1000417,1000417,1001562,1.842597637,1.840491153
7,1806839,1000781,1000781,954064,1002031,1.893834166,1.803176748
7,1836335,1000052,1000052,1000000,1001302,1.836335000,1.833947201
7,1838093,1000261,1000261,1000208,1001354,1.837710756,1.835607587
7,1835666,1000365,1000365,1000313,1001562,1.835091616,1.832803161
7,1828262,1000416,1000416,993907,1001615,1.839469890,1.825314118
7,1835698,1000416,1000416,1000365,1001823,1.835028215,1.832357612
7,1835485,1000208,1000208,1000156,1001302,1.835198709,1.833098306
7,1834458,1000104,1000104,1000105,1001198,1.834265402,1.832262949
7,1819319,1000573,1000573,977032,1001771,1.862087424,1.816102682
7,1841039,1000416,1000416,1000417,1001823,1.840271607,1.837688893
7,1839469,1000156,1000156,1000209,1001302,1.839084631,1.837077126
7,1833470,1000156,1000156,1000157,1001302,1.833182190,1.831085926
7,1828343,1000521,1000521,994532,1001719,1.838395346,1.825205472
7,1834941,1000573,1000573,1000572,1001823,1.833892014,1.831601990
7,1835770,1000313,1000313,1000312,1001718,1.835197418,1.832621556
7,1834900,1000416,1000416,1000365,1001563,1.834230506,1.832036527
7,1816296,1000729,1000729,969323,1002031,1.873777884,1.812614580
7,1835550,1000313,1000313,1000261,1001614,1.835071046,1.832592196
7,1833649,1000365,1000365,1000365,1001719,1.832979962,1.830502366
7,1834520,1000000,1000000,999948,1001042,1.834615400,1.832610420
7,1824661,1000209,1000209,993698,1001354,1.836232940,1.822193750
7,1834435,1000260,1000260,1000209,1001302,1.834051683,1.832049671
7,1843763,1000312,1000312,1000313,1001354,1.843186083,1.841269921
7,1833915,1000156,1000156,1000156,1001198,1.833628954,1.831720599
7,1817915,1000208,1000208,981563,1001406,1.852061457,1.815362600
7,1835295,1000260,1000260,1000104,1001198,1.835104149,1.833098947
7,1833172,1000364,1000364,1000417,1001250,1.832407886,1.830883396
7,1835182,1000000,1000000,1000000,1000938,1.835182000,1.833462212
7,1828906,1000260,1000260,997239,1001250,1.833969590,1.826622722
7,1833739,1000052,1000052,1000000,1000989,1.833739000,1.831927224
7,1834375,1000313,1000313,1000208,1001198,1.833993529,1.832180048
7,1835507,1000052,1000052,1000052,1000937,1.835411559,1.833788740
7,1817073,1000468,1000468,976199,1001823,1.861375601,1.813766504
7,1834508,1000157,1000157,1000156,1001302,1.834221861,1.832122576
7,1835114,1000105,1000105,1000417,1001875,1.834349076,1.831679601
7,1843749,1000261,1000261,1000312,1001510,1.843173930,1.840969137
7,1826472,1000157,1000157,994011,1001667,1.837476648,1.823432338
7,1835668,1000417,1000417,1000417,1001614,1.834902846,1.832710006
7,1834584,1000000,1000000,1000000,1001146,1.834584000,1.832483973
7,1833050,1000053,1000053,1000052,1001198,1.832954686,1.830856634
7,1819009,1000209,1000209,982448,1001718,1.851506645,1.815889302
7,1834539,1000000,1000000,1000000,1001198,1.834539000,1.832343852
7,1836371,1000209,1000209,1000208,1001406,1.835989114,1.833792687
7,1837160,1000157,1000157,1000156,1001302,1.836873448,1.834771128
7,1825605,1000364,1000364,997032,1001771,1.831039525,1.822377569
7,1834211,1000052,1000052,1000105,1001146,1.834018428,1.832111400
7,1834388,1000364,1000364,1000365,1001458,1.833718693,1.831717356
7,1843647,1000260,1000260,1000261,1001354,1.843165934,1.841154077
7,1814502,1000729,1000729,971092,1002291,1.868517092,1.810354478
7,1833468,1000365,1000365,1000312,1001511,1.832896136,1.830701810
7,1833862,1000156,1000156,1000156,1001355,1.833575962,1.831380479
7,1832854,999896,999896,999948,1001145,1.832949313,1.830757782
7,1831667,1000417,1000417,995729,1001614,1.839523605,1.828715453
7,1835103,1000000,1000000,999948,1001146,1.835198430,1.833002379
7,1835815,1000417,1000417,1000364,1001511,1.835147006,1.833045269
7,1833340,1000052,1000052,1000052,1001510,1.833244671,1.830575830
7,1820582,1000729,1000729,982448,1002239,1.853107747,1.816514823
7,1835545,1000312,1000312,1000313,1001510,1.834970654,1.832777506
7,1833668,1000365,1000365,1000364,1001511,1.833000788,1.830901508
7,1833875,1000104,1000104,1000052,1001197,1.833779643,1.831682476
7,1836733,1000104,1000104,995573,1001302,1.844900374,1.834344683
7,1834185,1000521,1000521,1000521,1001667,1.833229887,1.831132502
7,1837102,1000260,1000260,1000261,1001406,1.836622641,1.834522661
7,1835144,1000156,1000156,1000156,1001302,1.834857762,1.832757749
7,1813430,1000729,1000729,965938,1002240,1.877377223,1.809376996
7,1835170,1000312,1000312,1000313,1001771,1.834595772,1.831925660
7,1833027,1000209,1000209,1000208,1001302,1.832645810,1.830643502
7,1836519,1000208,1000208,1000157,1001302,1.836230712,1.834130961
7,1827489,1000208,1000208,996147,1001458,1.834557550,1.824828400
7,1834068,1000000,1000000,1000000,1001407,1.834068000,1.831491092
7,1835870,1000417,1000417,1000417,1001510,1.835104761,1.833102016
7,1835954,999948,999948,999895,1001198,1.836146795,1.833757159
7,1824537,1000834,1000834,981302,1002083,1.859302233,1.820744389
7,1839438,1000364,1000364,1000365,1001562,1.838766850,1.836569279
7,1835464,1000156,1000156,1000104,1001407,1.835273132,1.832885131
7,1833900,1000104,1000104,1000104,1001510,1.833709294,1.831134986
7,1828723,1000156,1000156,995624,1001407,1.836760665,1.826153602
7,1835055,1000157,1000157,1000208,1001302,1.834673388,1.832668865
7,1836949,1000417,1000417,1000469,1001510,1.836087875,1.834179389
7,1834567,1000156,1000156,1000156,1001303,1.834280852,1.832179670
7,1793725,1000677,1000677,955262,1002292,1.877730926,1.789623184
7,1835111,1000052,1000052,1000000,1001198,1.835111000,1.832915168
7,1835353,1000208,1000208,1000209,1001354,1.834969491,1.832871292
7,1833727,1000000,1000000,1000000,1001094,1.833727000,1.831723095
7,1827780,1000521,1000521,995625,1001718,1.835811676,1.824645259
7,1843408,1000104,1000104,1000156,1001459,1.843120473,1.840722386
7,1835659,1000209,1000209,1000156,1001302,1.835372682,1.833272080
7,1834833,1000000,1000000,1000000,1001145,1.834833000,1.832734519
7,1793845,1000469,1000469,965104,1001979,1.858706419,1.790301992
7,1835532,999948,999948,999896,1001146,1.835722915,1.833430888
7,1834157,1000260,1000260,1000261,1001458,1.833678410,1.831486692
7,1835369,1000521,1000521,1000469,1001615,1.834508615,1.832409658
7,1827981,1000209,1000209,994843,1001406,1.837456765,1.825414467
7,1836376,1000416,1000416,1000417,1001510,1.835610550,1.833607253
7,1835985,1000469,1000469,1000468,1001563,1.835126161,1.833119834
7,1833849,1000209,1000209,1000208,1001302,1.833467639,1.831464433
7,1815086,1000261,1000261,968802,1001771,1.873536595,1.811877166
7,1835685,1001041,1001041,1001042,1002291,1.833774207,1.831489059
7,1843212,1000000,1000000,1000000,1001145,1.843212000,1.841103936
7,1834141,1000416,1000416,1000365,1001667,1.833471783,1.831088575
7,1826297,1000521,1000521,996823,1002032,1.832117638,1.822593490
7,1833405,1000260,1000260,1000261,1001406,1.832926606,1.830830852
7,1834282,1000364,1000364,1000417,1001458,1.833517423,1.831611510
7,1836248,1000313,1000313,1000312,1001407,1.835675269,1.833668029
7,1782022,1000313,1000313,954583,1001511,1.866806763,1.779333427
7,1834473,1000000,1000000,1000052,1001198,1.834377612,1.832277931
7,1835353,1000312,1000312,1000261,1001406,1.834874098,1.832776117
7,1833433,1000052,1000052,1000105,1001198,1.833240510,1.831239175
7,1827880,1000260,1000260,994115,1001562,1.838700754,1.825029304
7,1833378,1000313,1000313,1000364,1001459,1.832710893,1.830706998
7,1843163,1000000,1000000,1000000,1001146,1.843163000,1.841053153
7,1834505,1000157,1000157,1000156,1001250,1.834218862,1.832214732
7,1805404,1000157,1000157,966458,1001458,1.868062554,1.802775553
7,1834674,1000573,1000573,1000520,1001927,1.833720465,1.831145383
7,1834320,1000261,1000261,1000260,1001354,1.833843201,1.831839689
7,1833472,1000157,1000157,1000156,1001302,1.833186023,1.831087924
7,1828678,1000468,1000468,995990,1001927,1.836040522,1.825160915
7,1835358,1000521,1000521,1000469,1001614,1.834497621,1.832400506
7,1833738,1000052,1000052,1000104,1001146,1.833547311,1.831638942
7,1836310,1000208,1000208,1000208,1001302,1.835928127,1.833922233
7,1773879,1000261,1000261,954791,1001823,1.857871513,1.770651103
7,1835536,1000260,1000260,1000261,1001458,1.835057050,1.832863685
7,1833626,1000208,1000208,1000261,1001354,1.833147548,1.831146627
7,1843432,1000104,1000104,1000157,1001250,1.843142627,1.841130587
7,1820039,1000833,1000833,996928,1002135,1.825647389,1.816161495
7,1843564,1000209,1000209,1000416,1001823,1.842797396,1.840209298
7,1843433,1000469,1000469,1000468,1001563,1.842570677,1.840556211
7,1840702,1000365,1000365,1000365,1001510,1.840030389,1.837926731
7,1822096,1000521,1000521,959948,1002031,1.898119481,1.818402824
7,1840439,1000261,1000261,1000364,1001667,1.839769324,1.837376094
7,1841441,1000052,1000052,1000052,1001146,1.841345250,1.839333124
7,1840363,1000209,1000209,1000208,1001458,1.839980284,1.837683657
7,1833938,1000156,1000156,993437,1001510,1.846053650,1.831172929
7,1840682,1000157,1000157,1000104,1001407,1.840490589,1.838095799
7,1840155,1000520,1000520,1000521,1001770,1.839196778,1.836903680
7,1840866,1000052,1000052,1000104,1001250,1.840674570,1.838567790
7,1825176,1000312,1000312,980677,1001510,1.861138785,1.822424140
7,1840816,1000417,1000417,1000521,1001615,1.839857434,1.837847876
7,1839719,1000104,1000104,1000208,1001198,1.839336418,1.837517654
7,1843289,1000052,1000052,1000052,1000990,1.843193154,1.841465949
7,1838729,1000312,1000312,995833,1001354,1.846423045,1.836242727
7,1843833,1000416,1000416,1000417,1001302,1.843064442,1.841435451
7,1843690,1000260,1000260,1000313,1001354,1.843113106,1.841197019
7,1843762,1000312,1000312,1000313,1001250,1.843185083,1.841460175
7,1933920,1000677,1000677,964636,1001666,2.004818398,1.930703448
7,2092018,1000261,1000261,1000260,1001459,2.091474217,2.088970192
7,2093898,1000521,1000521,1000520,1001615,2.092809739,2.090521807
7,2093498,1000365,1000365,1000364,1001406,2.092736244,2.090558675
7,2086697,1000313,1000313,995624,1001355,2.095868521,2.083873352
7,2092864,1000365,1000365,1000573,1001615,2.091665476,2.089489474
7,2093377,1000261,1000261,1000312,1001406,2.092724070,2.090437844
7,2093215,1000209,1000209,1000260,1001198,2.092670906,2.090710329
7,2075739,1000104,1000104,981981,1001146,2.113828068,2.073362926
7,2093143,1000156,1000156,1000156,1001093,2.092816521,2.090857693
7,2093469,1000312,1000312,1000261,1001198,2.092922747,2.090964025
7,2094046,1000625,1000625,1000625,1001562,2.092738039,2.090780201
7,2088671,1000260,1000260,997656,1001302,2.093578348,2.085955086
7,2093472,1000313,1000313,1000364,1001250,2.092710253,2.090858427
7,1826683,1000469,1000469,1000521,1001458,1.825731794,1.824023574
7,1844020,1000417,1000417,1000468,1001354,1.843157402,1.841526573
7,1829105,1000625,1000625,974479,1001615,1.877008124,1.826155758
7,1843573,1000208,1000208,1000208,1001510,1.843189617,1.840793402
7,1844069,1000469,1000469,1000469,1001615,1.843204537,1.841095631
7,1844106,1000521,1000521,1000573,1001875,1.843049932,1.840654772
7,1838141,1000521,1000521,994738,1001875,1.847864463,1.834700936
7,1843977,1000417,1000417,1000364,1001667,1.843306037,1.840908206
7,1844012,1000468,1000468,1000417,1001562,1.843243368,1.841136145
7,1843279,1000365,1000365,1000364,1001458,1.842608291,1.840595412
7,1818211,1000469,1000469,971302,1001771,1.871931696,1.814996641
7,1843301,1000053,1000053,1000000,1001094,1.843301000,1.841286632
7,1842929,1000052,1000052,1000052,1001146,1.842833173,1.840819421
7,1841589,999948,999948,999948,1001042,1.841684768,1.839672062
7,1837259,1000416,1000416,996563,1001562,1.843595438,1.834393677
7,1843678,1000261,1000261,1000208,1001355,1.843294595,1.841183197
7,1843537,1000261,1000261,1000260,1001355,1.843057805,1.841042388
7,1843877,1000365,1000365,1000365,1001719,1.843204230,1.840712815
7,1819472,1000625,1000625,959270,1002239,1.896725635,1.815407303
7,1843081,1000000,1000000,1000000,1001041,1.843081000,1.841164348
7,1843088,1000052,1000052,1000000,1001042,1.843088000,1.841169501
7,1842997,1000000,1000000,1000000,1001041,1.842997000,1.841080435
7,1837103,1000417,1000417,992865,1001667,1.850304926,1.834045646
7,1843513,1000208,1000208,1000209,1001250,1.843127786,1.841211486
7,1843455,1000156,1000156,1000104,1001198,1.843263301,1.841249183
7,1842973,1000156,1000156,1000208,1001198,1.842589741,1.840767760
7,1831850,1000365,1000365,979740,1001615,1.869730745,1.828896332
7,1843252,1000156,1000156,1000156,1001198,1.842964498,1.841046426
7,1844362,1000625,1000625,1000677,1001667,1.843114212,1.841292565
7,1835864,1000417,1000417,1000469,1001511,1.835003383,1.833094195
7,1833613,1000521,1000521,995469,1001614,1.841958916,1.830658317
7,1843985,1000417,1000417,1000416,1001407,1.843218221,1.841394158
7,1843489,1000157,1000157,1000156,1001094,1.843201461,1.841474427
7,1843320,1000052,1000052,1000052,1000990,1.843224152,1.841496918
7,1831510,1000416,1000416,971771,1001510,1.884713580,1.828748590
7,1844153,1000417,1000417,1000417,1001511,1.843384309,1.841370689
7,1843971,1000417,1000417,1000365,1001355,1.843298196,1.841475800
7,1844075,1000469,1000469,1000677,1001719,1.842827406,1.840910475
7,1838074,1000625,1000625,995053,1001823,1.847212159,1.834729289
7,1844344,1000625,1000625,1000729,1001719,1.843000453,1.841179013
7,1843806,1000312,1000312,1000313,1001302,1.843229069,1.841408486
7,1843479,1000157,1000157,1000156,1001094,1.843191462,1.841464438
7,1830997,1000677,1000677,985678,1001823,1.857601570,1.827665166
7,1843573,1000208,1000208,1000208,1001198,1.843189617,1.841367042
7,1843440,1000156,1000156,1000157,1001094,1.843150625,1.841425481
7,1844154,1000520,1000520,1000573,1001510,1.843097905,1.841373526
7,1837866,1000573,1000573,995573,1001667,1.846038412,1.834807376
7,1842897,1000156,1000156,1000208,1001093,1.842513757,1.840884913
7,1843367,1000156,1000156,1000156,1001094,1.843079480,1.841352560
7,1843658,1000364,1000364,1000313,1001250,1.843081116,1.841356305
7,1972163,1000573,1000573,964427,1001822,2.044906457,1.968576254
7,2092311,1000052,1000052,1000105,1001093,2.092091330,2.090026601
7,2092859,1000000,1000000,1000000,1000885,2.092859000,2.091008458
7,2092747,1000000,1000000,1000000,1000886,2.092747000,2.090894468
7,1873479,1000261,1000261,989895,1001302,1.892603761,1.871042902
7,1843067,1000261,1000261,1000260,1001198,1.842587927,1.840861648
7,1843613,1000209,1000209,1000208,1001406,1.843229608,1.841024520
7,1842138,1000365,1000365,1000312,1001302,1.841563432,1.839742655
7,1827216,1000469,1000469,981666,1001927,1.861341841,1.823701727
7,1843407,1000156,1000156,1000105,1001303,1.843213463,1.841008166
7,1844023,1000469,1000469,1000469,1001614,1.843158559,1.841051543
7,1843377,1000105,1000105,1000104,1001198,1.843185309,1.841171277
7,1834465,1000052,1000052,986145,1001614,1.860238606,1.831508945
7,1843782,1000208,1000208,1000261,1001719,1.843300898,1.840617978
7,1844129,1000521,1000521,1000469,1001927,1.843264509,1.840582198
7,1843376,1000104,1000104,1000052,1001250,1.843280149,1.841074657
7,1817438,1000625,1000625,960678,1001823,1.891828479,1.814130839
7,1843660,1000157,1000157,1000156,1001667,1.843372434,1.840591734
7,1844066,1000469,1000469,1000469,1001875,1.843201538,1.840614847
7,1843301,1000052,1000052,1000104,1001198,1.843109317,1.841095368
7,1835309,1000625,1000625,988437,1002188,1.856778935,1.831302111
7,1843743,1000260,1000260,1000312,1001458,1.843167932,1.841058736
7,1844079,1000469,1000469,1000417,1001615,1.843310340,1.841105614
7,1843302,1000052,1000052,1000052,1001198,1.843206153,1.841096367
7,1826557,1000156,1000156,980729,1001667,1.862448240,1.823517197
7,1844021,1000469,1000469,1000469,1001563,1.843156560,1.841143293
7,1843791,1000312,1000312,1000365,1001406,1.843118262,1.841202270
7,1843081,999948,999948,999896,1001094,1.843272700,1.841066873
7,1837641,1000260,1000260,995885,1001770,1.845234138,1.834394122
7,1843453,1000156,1000156,1000157,1001250,1.843163623,1.841151561
7,1843705,1000312,1000312,1000313,1001355,1.843128101,1.841210160
7,1843675,1000260,1000260,1000156,1001406,1.843387432,1.841086432
7,1826870,1000521,1000521,970000,1002135,1.883371134,1.822977942
7,1844046,1000468,1000468,1000469,1001667,1.843181548,1.840977091
7,1844077,1000521,1000521,1000469,1001615,1.843212533,1.841103618
7,1843169,1000000,1000000,999948,1001094,1.843264850,1.841154777
7,1837505,1000313,1000313,995938,1001511,1.844999388,1.834732719
7,1844017,1000417,1000417,1000417,1001510,1.843248365,1.841236733
7,1843816,1000365,1000365,1000312,1001771,1.843240909,1.840556375
7,1843685,1000260,1000260,1000312,1001458,1.843109950,1.841000821
7,1788540,1000261,1000261,954635,1001510,1.873532816,1.785843377
7,1843068,999948,999948,999896,1001145,1.843259699,1.840960101
7,1843295,1000052,1000052,1000000,1001459,1.843295000,1.840609551
7,1844093,1000521,1000521,1000468,1001562,1.843230368,1.841217019
7,1837040,1000157,1000157,993020,1001354,1.849952670,1.834556011
7,1843530,1000208,1000208,1000157,1001302,1.843240611,1.841132845
7,1843906,1000417,1000417,1000364,1001562,1.843235062,1.841030311
7,1843636,1000208,1000208,1000261,1001354,1.843154937,1.841143092
7,1822143,1000364,1000364,965832,1001719,1.886604503,1.819016111
7,1843475,1000156,1000156,1000104,1001563,1.843283299,1.840598145
7,1843343,1000104,1000104,1000052,1001250,1.843247151,1.841041698
7,1844056,1000417,1000417,1000468,1001614,1.843193385,1.841084490
7,1835806,1000104,1000104,996719,1001250,1.841849107,1.833514107
7,1844182,1000573,1000573,1000521,1001927,1.843221682,1.840635096
7,1843409,1000104,1000104,1000104,1001198,1.843217305,1.841203239
7,1843856,1000364,1000364,1000313,1001511,1.843279054,1.841074137
7,1810089,1000573,1000573,971303,1001875,1.863567805,1.806701435
7,1843825,1000365,1000365,1000312,1001823,1.843249906,1.840469824
7,1843763,1000312,1000312,1000313,1001459,1.843186083,1.841076869
7,1843231,1000052,1000052,1000000,1001354,1.843231000,1.840738640
7,1836149,1000157,1000157,995156,1001406,1.845086599,1.833570999
7,1843780,1000312,1000312,1000313,1001459,1.843203077,1.841093844
7,1843983,1000416,1000416,1000417,1001563,1.843214380,1.841105352
7,1843299,1000052,1000052,1000052,1001146,1.843203153,1.841188997
7,1775104,1000469,1000469,920989,1002136,1.927388926,1.771320459
7,1843009,999895,999895,999844,1001250,1.843296554,1.840708115
7,1843164,1000000,1000000,1000000,1001354,1.843164000,1.840671730
7,1850462,1007656,1007656,1002968,1008854,1.844986081,1.834221800
7,1844098,1000520,1000520,1000469,1001615,1.843233523,1.841124584
7,1843235,1000052,1000052,1000052,1001406,1.843139157,1.840647050
7,1843743,1000313,1000313,1000312,1001458,1.843167932,1.841058736
7,1834768,1000208,1000208,990991,1001406,1.851447692,1.832191938
7,1836929,1000365,1000365,992812,1001823,1.850228442,1.833586372
7,1843694,1000261,1000261,1000208,1001406,1.843310591,1.841105406
7,1843549,1000157,1000157,1000156,1001302,1.843261451,1.841151820
7,1836265,1000156,1000156,995677,1001406,1.844237639,1.833686836
7,1843270,1000052,1000052,1000000,1001146,1.843270000,1.841160031
7,1843552,1000208,1000208,1000156,1001302,1.843264451,1.841154816
7,1844115,1000521,1000521,1000469,1001614,1.843250516,1.841143395
7,1833569,1000364,1000364,975000,1001615,1.880583590,1.830612561
7,1837437,1000469,1000469,993126,1002031,1.850154965,1.833712729
7,1843215,1000052,1000052,1000000,1001198,1.843215000,1.841009471
7,1843687,1000260,1000260,1000313,1001407,1.843110107,1.841096577
7,1837920,1000156,1000156,995729,1001354,1.845803426,1.835434821
7,1843987,1000417,1000417,1000417,1001823,1.843218378,1.840631529
7,1843310,1000052,1000052,1000052,1001146,1.843214153,1.841199985
7,1843226,1000000,1000000,1000053,1001198,1.843128314,1.841020457
7,1833228,1000416,1000416,985521,1001719,1.860161275,1.830082089
7,1822937,1000312,1000312,982969,1001823,1.854521353,1.819619833
7,1843570,1000208,1000208,1000261,1001302,1.843088954,1.841172793
7,1843584,1000208,1000208,1000261,1001667,1.843102950,1.840515860
7,1837523,1000417,1000417,996354,1001666,1.844247125,1.834466778
7,1843603,1000208,1000208,1000156,1001303,1.843315443,1.841203911
7,1843858,1000365,1000365,1000364,1001511,1.843187080,1.841076134
7,1843484,1000157,1000157,1000156,1001302,1.843196461,1.841086905
7,1834007,1000469,1000469,975104,1001770,1.880832198,1.830766543
7,1798847,1000521,1000521,966770,1002136,1.860677307,1.795012853
7,1843700,1000261,1000261,1000260,1001406,1.843220763,1.841111397
7,1843979,1000417,1000417,1000365,1001562,1.843306193,1.841103197
7,1837454,1000521,1000521,996615,1001719,1.843694907,1.834300837
7,1843234,1000052,1000052,1000000,1001146,1.843234000,1.841124072
7,1844083,1000468,1000468,1000469,1001615,1.843218531,1.841109608
7,1843200,1000000,1000000,999948,1001406,1.843295851,1.840612099
7,1849468,1034271,1034271,989064,1035521,1.869917417,1.786026551
7,1843842,1000365,1000365,1000365,1001510,1.843169243,1.841061996
7,1843404,1000104,1000104,1000052,1001250,1.843308148,1.841102622
7,1843679,1000260,1000260,1000261,1001354,1.843197925,1.841186034
7,1836218,1000364,1000364,997397,1001563,1.841010149,1.833352470
7,1844136,1000521,1000521,1000521,1001614,1.843175705,1.841164361
7,1844154,1000521,1000521,1000521,1001667,1.843193696,1.841084911
7,1844143,1000521,1000521,1000469,1001614,1.843278502,1.841171349
7,1829661,1000469,1000469,972917,1001771,1.880593103,1.826426399
7,1843550,1000208,1000208,1000156,1001667,1.843262451,1.840481917
7,1843539,1000209,1000209,1000156,1001302,1.843251453,1.841141833
7,1843634,1000261,1000261,1000260,1001406,1.843154780,1.841045490
7,1835336,1000312,1000312,993803,1001511,1.846780499,1.832566991
7,1843339,1000104,1000104,1000104,1001510,1.843147313,1.840559755
7,1843226,1000000,1000000,1000052,1001198,1.843130157,1.841020457
7,1843733,1000313,1000313,1000260,1001406,1.843253754,1.841144351
7,1784148,1000678,1000678,953958,1001979,1.870258439,1.780624145
7,1843546,1000208,1000208,1000156,1001667,1.843258452,1.840477923
7,1843229,1000052,1000052,1000000,1001406,1.843229000,1.840641059
7,1843478,1000156,1000156,1000105,1001250,1.843284455,1.841176529
7,1836949,1000208,1000208,995574,1001406,1.845115481,1.834369876
7,1844119,1000521,1000521,1000468,1001615,1.843256356,1.841145550
7,1843469,1000156,1000156,1000157,1001250,1.843179621,1.841167541
7,1843110,999948,999948,999948,1001094,1.843205847,1.841095841
7,1809678,992448,992448,957864,1001666,1.889284909,1.806668091
7,1843448,1000157,1000157,1000104,1001667,1.843256301,1.840380086
7,1843595,1000208,1000208,1000157,1001302,1.843305601,1.841197761
7,1843620,1000208,1000208,1000261,1001354,1.843138941,1.841127114
7,1838828,1000364,1000364,995469,1001511,1.847197653,1.836053723
7,1844071,1000469,1000469,1000469,1001927,1.843206536,1.840524310
7,1843182,1000000,1000000,999948,1001093,1.843277850,1.841169602
7,1843327,1000104,1000104,1000000,1001198,1.843327000,1.841121337
7,1799539,1000781,1000781,961562,1002136,1.871474746,1.795703378
7,1844100,1000469,1000469,1000469,1001719,1.843235523,1.840935432
7,1843697,1000313,1000313,1000260,1001406,1.843217763,1.841108402
7,1843842,1000312,1000312,1000365,1001510,1.843169243,1.841061996
7,1836254,1000260,1000260,995938,1001511,1.843743285,1.833483606
7,1843249,1000052,1000052,1000000,1001146,1.843249000,1.841139055
7,1844010,1000417,1000417,1000416,1001510,1.843243211,1.841229743
7,1844042,1000416,1000416,1000417,1001875,1.843273355,1.840590892
7,1827966,1000417,1000417,970938,1001875,1.882680460,1.824544978
7,1843147,999948,999948,999895,1001146,1.843340551,1.841037171
7,1830765,1000312,1000312,1000261,1001458,1.830287295,1.828099631
7,1843738,1000313,1000313,1000416,1001667,1.842971324,1.840669604
7,1836487,1000312,1000312,996561,1001667,1.842824473,1.833430671
7,1843485,1000156,1000156,1000156,1001302,1.843197461,1.841087904
7,1844457,1000729,1000729,1000781,1002083,1.843017603,1.840622982
7,1842213,1000521,1000521,1000625,1001979,1.841062336,1.838574461
7,1827283,1000521,1000521,977188,1001719,1.869940073,1.824147291
7,1843788,1000312,1000312,1000312,1001615,1.843212918,1.840815084
7,1843393,1000105,1000105,1000104,1001510,1.843201307,1.840613673
7,1843970,1000417,1000417,1000417,1001563,1.843201385,1.841092373
7,1837354,1000209,1000209,994010,1001563,1.848426072,1.834486697
7,1843844,1000312,1000312,1000312,1001875,1.843268900,1.840393263
7,1843318,1000052,1000052,1000104,1001406,1.843126315,1.840729934
7,1844181,1000521,1000521,1000521,1001771,1.843220682,1.840920729
7,1810819,1000573,1000573,932759,1001771,1.941357843,1.807617709
7,2088908,999792,999792,999896,1000989,2.089125269,2.086844111
7,2093334,1000625,1000625,1000677,1001615,2.091917772,2.089958717
7,2093928,1000521,1000521,1000625,1001511,2.092620112,2.090768848
7,2088617,1000156,1000156,995573,1001094,2.097904423,2.086334550
7,2093147,1000157,1000157,1000156,1001041,2.092820520,2.090970300
7,2092989,1000104,1000104,1000104,1000886,2.092771352,2.091136253
7,2093442,1000312,1000312,1000261,1001146,2.092895754,2.091045662
7,2080919,1000208,1000208,988334,1001146,2.105481548,2.078536997
7,1873179,1000156,1000156,1000208,1001146,1.872789460,1.871034794
7,1843870,1000365,1000365,1000312,1001250,1.843294892,1.841568040
7,1843234,1000052,1000052,1000000,1000989,1.843234000,1.841412843
7,1838183,1000469,1000469,997760,1001458,1.842309774,1.835506831
7,1843457,1000052,1000052,1000052,1001042,1.843361145,1.841538117
7,1844239,1000572,1000572,1000573,1001510,1.843182856,1.841458398
7,1843936,1000364,1000364,1000417,1001354,1.843167399,1.841442687
7,1829684,1000260,1000260,966875,1001458,1.892368714,1.827020205
7,1843766,1000313,1000313,1000312,1001302,1.843190924,1.841368538
7,1843986,1000469,1000469,1000417,1001354,1.843217378,1.841492619
7,1844362,1000625,1000625,1000729,1001718,1.843018440,1.841198820
7,1839590,1000208,1000208,993698,1001354,1.851256619,1.837102563
7,1831610,1000677,1000677,1000781,1001823,1.830180629,1.828277051
7,1844195,1000573,1000573,1000625,1001615,1.843043098,1.841221427
7,1842001,1000052,1000052,1000052,1001093,1.841905221,1.839989891
7,1833204,1000364,1000364,986563,1001406,1.858172261,1.830630134
7,1844201,1000521,1000521,1000520,1001563,1.843242514,1.841323012
7,1843380,1000105,1000105,1000052,1001041,1.843284149,1.841463037
7,1843812,1000312,1000312,1000313,1001302,1.843235067,1.841414478
7,1838210,1000208,1000208,995730,1001406,1.846092816,1.835629105
7,1844330,1000573,1000573,1000885,1001979,1.842699211,1.840687280
7,1844161,1000521,1000521,1000625,1001719,1.843009119,1.840996327
7,1843804,1000312,1000312,1000313,1001354,1.843227070,1.841310865
7,1878029,1000312,1000312,964844,1001406,1.946458702,1.875392199
7,2090478,999896,999896,999843,1001042,2.090806257,2.088301989
7,2093150,1000156,1000156,1000209,1001094,2.092712623,2.090862596
7,2093305,1000261,1000261,1000208,1001094,2.092869683,2.091017427
7,2087827,1000625,1000625,997918,1001667,2.092182925,2.084352385
7,2093486,1000365,1000365,1000365,1001354,2.092722156,2.090655253
7,2093264,1000209,1000209,1000260,1001250,2.092719893,2.090650687
7,2093842,1000521,1000521,1000573,1001615,2.092642916,2.090465898
7,2081480,1000104,1000104,987916,1001093,2.106940266,2.079207426
7,2092992,1000417,1000417,1000417,1001250,2.092119586,2.090379026
7,2093674,1000416,1000416,1000521,1001406,2.092583764,2.090734427
7,2093480,1000312,1000312,1000313,1001146,2.092824946,2.091083618
7,2088547,1000052,1000052,995468,1000989,2.098055387,2.086483468
7,1976195,1000313,1000313,1000365,1001302,1.975473952,1.973625340
7,1840739,1000417,1000417,1000469,1001302,1.839876098,1.838345474
7,1843886,1000365,1000365,1000364,1001250,1.843215070,1.841584020
7,1830899,1000885,1000885,972134,1002240,1.883381303,1.826806952
7,1844040,1000417,1000417,1000416,1001615,1.843273198,1.841066677
7,1843869,1000364,1000364,1000365,1001458,1.843196233,1.841184553
7,1841826,1000104,1000104,1000104,1001198,1.841634470,1.839622133
7,1838469,1000417,1000417,994479,1001615,1.848675538,1.835504660
7,1843220,1000000,1000000,1000000,1001302,1.843220000,1.840823248
7,1843306,1000052,1000052,1000104,1001302,1.843114316,1.840909136
7,1843912,1000416,1000416,1000417,1001666,1.843143409,1.840845152
7,1832330,1000521,1000521,979375,1001927,1.870917677,1.828805891
7,1843970,1000416,1000416,1000417,1001771,1.843201385,1.840710102
7,1844230,1000520,1000520,1000573,1001666,1.843173861,1.841162623
7,1843957,1000417,1000417,1000416,1001459,1.843190233,1.841270586
7,1836924,1000313,1000313,996459,1001510,1.843451662,1.834154427
7,1843145,999948,999948,999948,1001302,1.843240849,1.840748346
7,1843439,1000156,1000156,1000104,1001198,1.843247302,1.841233203
7,1843556,1000156,1000156,1000209,1001302,1.843170777,1.841158811
7,1819151,1000260,1000260,963594,1001615,1.887881203,1.816217808
7,1843171,1000000,1000000,1000000,1001198,1.843171000,1.840965523
7,1844020,1000417,1000417,1000417,1001458,1.843251364,1.841335333
7,1844008,1000468,1000468,1000417,1001458,1.843239369,1.841323351
7,1837549,1000260,1000260,994479,1001562,1.847750430,1.834683225
7,1844027,1000365,1000365,1000417,1001459,1.843258361,1.841340484
7,1843400,1000104,1000104,1000104,1001197,1.843208306,1.841196088
7,1843399,1000104,1000104,1000104,1001198,1.843207306,1.841193250
7,1831812,1000104,1000104,984167,1001302,1.861281673,1.829430082
7,1843566,1000156,1000156,1000208,1001094,1.843182618,1.841551343
7,1843483,1000157,1000157,1000156,1001093,1.843195462,1.841470273
7,1844032,1000469,1000469,1000468,1001406,1.843169397,1.841442931
7,1839882,1000417,1000417,997916,1001302,1.843724321,1.837489589
7,1844035,1000469,1000469,1000468,1001355,1.843172395,1.841539714
7,1843955,1000417,1000417,1000416,1001303,1.843188234,1.841555453
7,1844161,1000521,1000521,1000520,1001355,1.843202535,1.841665543
7,1828332,1000209,1000209,974479,1001250,1.876214880,1.826049438
7,1843404,1000104,1000104,1000104,1001041,1.843212306,1.841487012
7,1843357,1000052,1000052,1000052,1000938,1.843261150,1.841629551
7,1843765,1000313,1000313,1000260,1001198,1.843285746,1.841558813
7,1839475,1000209,1000209,997551,1001198,1.843990934,1.837273946
7,1843562,1000156,1000156,1000156,1001146,1.843274449,1.841451696
7,1843525,1000156,1000156,1000209,1001146,1.843139784,1.841414739
7,1843628,1000260,1000260,1000208,1001146,1.843244605,1.841517621
7,1832860,1000521,1000521,985990,1001771,1.858903234,1.829619743
7,1843362,1000105,1000105,1000104,1001407,1.843170310,1.840772034
7,1844068,1000469,1000469,1000521,1001511,1.843107741,1.841285817
7,1843888,1000365,1000365,1000365,1001407,1.843215226,1.841297295
7,1835875,1000521,1000521,991198,1001823,1.852177870,1.832534290
7,1843873,1000365,1000365,1000365,1001563,1.843200232,1.840995524
7,1844038,1000416,1000416,1000417,1001458,1.843269357,1.841353307
7,1843576,1000208,1000208,1000260,1001458,1.843096795,1.840891979
7,1824856,1000469,1000469,966719,1001771,1.887679874,1.821629893
7,1843838,1000364,1000364,1000365,1001302,1.843165245,1.841440445
7,1843905,1000364,1000364,1000365,1001250,1.843232220,1.841602996
7,1843978,1000416,1000416,1000365,1001354,1.843305194,1.841484630
7,1835755,1000208,1000208,997030,1001250,1.841223434,1.833463171
7,1843750,1000260,1000260,1000261,1001146,1.843268907,1.841639481
7,1843382,1000104,1000104,1000104,1000990,1.843190308,1.841558857
7,1843261,1000000,1000000,1000052,1000937,1.843165155,1.841535481
7,1829813,1000781,1000781,983178,1001979,1.861120774,1.826198952
7,1843732,1000312,1000312,1000313,1001615,1.843155092,1.840759174
7,1843390,1000104,1000104,1000104,1001198,1.843198307,1.841184261
7,1843366,1000104,1000104,1000052,1001145,1.843270150,1.841257760
7,1837614,1000052,1000052,996666,1001198,1.843761100,1.835415173
7,1843860,1000365,1000365,1000364,1001354,1.843189079,1.841366789
7,1843266,1000052,1000052,1000000,1001042,1.843266000,1.841347316
7,1844111,1000521,1000521,1000469,1001562,1.843246517,1.841234991
7,1825865,1000260,1000260,972449,1001771,1.877594609,1.822637110
7,1843817,1000313,1000313,1000313,1001511,1.843240066,1.841035196
7,1844084,1000469,1000469,1000469,1001614,1.843219530,1.841112445
7,1843165,1000000,1000000,1000000,1001250,1.843165000,1.840863920
7,1836198,1000521,1000521,995938,1001719,1.843687057,1.833046992
7,1843475,1000104,1000104,1000156,1001562,1.843187463,1.840599983
7,1843578,1000208,1000208,1000156,1001303,1.843290447,1.841178944
7,1843685,1000260,1000260,1000261,1001407,1.843203924,1.841094580
7,1813478,1000573,1000573,971562,1001718,1.866559211,1.810367788
7,1843347,1000104,1000104,1000052,1001250,1.843251151,1.841045693
7,1843240,1000000,1000000,1000052,1001302,1.843144157,1.840843222
7,1844051,1000468,1000468,1000469,1001615,1.843186546,1.841077660
7,1837864,1000313,1000313,995520,1001510,1.846134683,1.835093010
7,1843879,1000364,1000364,1000417,1001563,1.843110423,1.841001515
7,1843267,1000052,1000052,1000053,1001406,1.843169312,1.840679005
7,1843846,1000365,1000365,1000364,1001458,1.843175084,1.841161586
7,1828490,1000677,1000677,971405,1002188,1.882314791,1.824497998
7,1843783,1000313,1000313,1000312,1001667,1.843207919,1.840714529
7,1843306,1000052,1000052,1000053,1001145,1.843208310,1.841197828
7,1843934,1000416,1000416,1000365,1001407,1.843261210,1.841343230
7,1835025,1000521,1000521,992292,1001875,1.849279244,1.831590767
7,1843240,1000000,1000000,1000000,1001093,1.843240000,1.841227538
7,1843797,1000312,1000312,1000313,1001407,1.843220072,1.841206423
7,1843851,1000364,1000364,1000365,1001355,1.843178240,1.841355963
7,1783426,1000417,1000417,947552,1001667,1.882140505,1.780457977
7,1843499,1000156,1000156,1000208,1001094,1.843115632,1.841484416
7,1843456,1000156,1000156,1000052,1001093,1.843360145,1.841443302
7,1843812,1000365,1000365,1000312,1001354,1.843236910,1.841318854
7,1836164,1000052,1000052,994427,1001094,1.846454290,1.834157432
7,1844153,1000521,1000521,1000468,1001406,1.843290340,1.841563761
7,1844051,1000417,1000417,1000468,1001354,1.843188388,1.841557531
7,1843349,1000104,1000104,1000104,1000990,1.843157312,1.841525889
7,1827264,1000313,1000313,974636,1001615,1.874816855,1.824317727
7,1844068,1000469,1000469,1000468,1001562,1.843205380,1.841192058
7,1843756,1000313,1000313,1000312,1001615,1.843180928,1.840783135
7,1843455,1000156,1000156,1000105,1001198,1.843261458,1.841249183
7,1838968,1000469,1000469,997188,1001719,1.844153760,1.835812239
7,1844158,1000521,1000521,1000521,1001511,1.843197694,1.841375681
7,1843773,1000312,1000312,1000261,1001407,1.843291901,1.841182456
7,1843826,1000312,1000312,1000313,1001354,1.843249063,1.841332835
7,1827524,1000572,1000572,985573,1001979,1.854275635,1.823914473
7,1843772,1000312,1000312,1000313,1001406,1.843195080,1.841183296
7,1843543,1000208,1000208,1000156,1001250,1.843255452,1.841241448
7,1843629,1000208,1000208,1000209,1001250,1.843243762,1.841327341
7,1838411,1000104,1000104,996875,1001407,1.844174044,1.835827990
7,1843432,1000104,1000104,1000105,1001198,1.843238460,1.841226211
7,1843652,1000260,1000260,1000261,1001302,1.843170932,1.841254686
7,1843548,1000157,1000157,1000208,1001198,1.843164622,1.841342072
7,1826535,1000365,1000365,972395,1001719,1.878387898,1.823400574
7,1843820,1000313,1000313,1000312,1001823,1.843244908,1.840464833
7,1843641,1000208,1000208,1000208,1001406,1.843257602,1.841052480
7,1843129,999948,999948,999948,1001094,1.843224848,1.841114820
7,1837938,1000052,1000052,995470,1001250,1.846301747,1.835643446
7,1844062,1000469,1000469,1000469,1001875,1.843197540,1.840610855
7,1843247,1000052,1000052,1000052,1001094,1.843151156,1.841232691
7,1844084,1000520,1000520,1000469,1001875,1.843219530,1.840632813
7,1827696,1000312,1000312,982656,1001979,1.859955061,1.824086134
7,1843546,1000156,1000156,1000156,1001354,1.843258452,1.841053214
7,1843253,1000052,1000052,1000000,1001146,1.843253000,1.841143050
7,1843436,1000104,1000104,1000105,1001250,1.843242460,1.841134582
7,1837521,1000416,1000416,990469,1001875,1.855202939,1.834082096
7,1843150,1000000,1000000,1000053,1001145,1.843052318,1.841042007
7,1843623,1000261,1000261,1000208,1001302,1.843239606,1.841225724
7,1843535,1000157,1000157,1000104,1001406,1.843343292,1.840946629
7,1794825,1000573,1000573,931303,1001979,1.927219176,1.791280057
7,1843342,1000052,1000052,1000052,1001407,1.843246151,1.840752062
7,1843243,1000052,1000052,1000000,1001094,1.843243000,1.841228696
7,1843422,1000104,1000104,1000104,1001146,1.843230304,1.841311857
7,1837892,1000469,1000469,996874,1001823,1.843655266,1.834547620
7,1843238,1000000,1000000,1000053,1001041,1.843140314,1.841321185
7,1843414,1000104,1000104,1000104,1001146,1.843222305,1.841303866
7,1843664,1000261,1000261,1000208,1001302,1.843280598,1.841266671
7,1830440,1000781,1000781,984479,1002135,1.859298167,1.826540336
7,1843500,1000156,1000156,1000104,1001250,1.843308296,1.841198502
7,1843199,1000000,1000000,1000000,1001042,1.843199000,1.841280386
7,1843698,1000261,1000261,1000260,1001510,1.843218763,1.840918213
7,1837831,1000416,1000416,997032,1001511,1.843301920,1.835058227
7,1843369,1000104,1000104,1000052,1001146,1.843273150,1.841258917
7,1843430,1000156,1000156,1000104,1001146,1.843238303,1.841319847
7,1843734,1000260,1000260,1000261,1001302,1.843252911,1.841336580
7,1827738,1000364,1000364,973854,1001927,1.876809049,1.824222723
7,1843682,1000260,1000260,1000208,1001407,1.843298594,1.841091584
7,1843160,999948,999948,1000000,1001145,1.843160000,1.841051995
7,1843609,1000208,1000208,1000260,1001406,1.843129786,1.841020525
7,1838995,1000625,1000625,996041,1001823,1.846304520,1.835648613
7,1843949,1000417,1000417,1000416,1001823,1.843182236,1.840593598
7,1843316,1000104,1000104,1000052,1001146,1.843220153,1.841205978
7,1843294,1000052,1000052,1000000,1001198,1.843294000,1.841088376
7,1827448,1000209,1000209,983801,1001719,1.857538262,1.824312008
7,1843466,1000156,1000156,1000156,1001302,1.843178464,1.841068928
7,1843335,1000052,1000052,1000052,1001198,1.843239152,1.841129327
7,1843950,1000417,1000417,1000364,1001563,1.843279046,1.841072404
7,1838816,1000208,1000208,995729,1001406,1.846703270,1.836234255
7,1843895,1000364,1000364,1000365,1001511,1.843222224,1.841113078
7,1843812,1000313,1000313,1000312,1001458,1.843236910,1.841127636
7,1844223,1000521,1000521,1000573,1001614,1.843166865,1.841251221
7,1793261,1000625,1000625,938906,1002031,1.909947322,1.789626269
7,1843405,1000104,1000104,1000156,1001303,1.843117474,1.841006169
7,1843424,1000104,1000104,1000052,1001146,1.843328147,1.841313854
7,1843704,1000260,1000260,1000261,1001354,1.843222919,1.841211000
7,1835859,1000625,1000625,989272,1001980,1.855767676,1.832231182
7,1843156,1000000,1000000,1000000,1001042,1.843156000,1.841237431
7,1844141,1000521,1000521,1000521,1001719,1.843180703,1.840976362
7,1843280,1000052,1000052,1000000,1001094,1.843280000,1.841265655
7,1828436,1000260,1000260,979061,1001510,1.867540429,1.825679224
7,1843289,1000000,1000000,1000000,1001094,1.843289000,1.841274646
7,1843137,999948,999948,1000000,1000937,1.843137000,1.841411597
7,1843980,1000417,1000417,1000417,1001406,1.843211381,1.841391004
7,1838459,1000365,1000365,995781,1001354,1.846248322,1.835973092
7,1843900,1000417,1000417,1000365,1001250,1.843227222,1.841598002
7,1844181,1000521,1000521,1000521,1001406,1.843220682,1.841591722
7,1844244,1000572,1000572,1000521,1001459,1.843283649,1.841557168
7,1822103,1001145,1001145,968958,1002344,1.880476760,1.817841978
7,1843460,1000156,1000156,1000313,1001511,1.842883178,1.840678734
7,1843741,1000313,1000313,1000260,1001354,1.843261752,1.841247950
7,1842166,1001406,1001406,1001927,1003698,1.838622974,1.835378769
7,1832896,1000052,1000052,993698,1001250,1.844520166,1.830607740
7,1844339,1000625,1000625,1000729,1001770,1.842995456,1.841080288
7,1843192,1000312,1000312,1000365,1001667,1.842519480,1.840124512
7,1841992,1000261,1000261,1000208,1001458,1.841608945,1.839310286
7,1829075,1000260,1000260,981876,1001562,1.862837059,1.826222441
7,1844252,1000469,1000469,1000520,1001615,1.843293487,1.841278335
7,1843286,1000052,1000052,1000052,1001146,1.843190154,1.841176012
7,1843400,1000469,1000469,1000468,1001458,1.842537692,1.840716236
7,1838982,1000365,1000365,995521,1001510,1.847255859,1.836209324
7,1843232,1000052,1000052,1000156,1001146,1.842944501,1.841122074
7,1843869,1000365,1000365,1000520,1001510,1.842910686,1.841088956
7,1844090,1000521,1000521,1000573,1001563,1.843033942,1.841212185
7,2019832,1000260,1000260,962762,1001302,2.097955673,2.017205598
7,2092945,1000104,1000104,1000052,1000990,2.092836173,2.090875034
7,2093171,1000208,1000208,1000157,1000989,2.092842424,2.091102899
7,2092966,1000104,1000104,1000104,1000937,2.092748354,2.091006727
7,2089212,1000573,1000573,996250,1001562,2.097076035,2.085953740
7,2092527,1000208,1000208,1000261,1001146,2.091980993,2.090131709
7,2092993,1000104,1000104,1000052,1000885,2.092884170,2.091142339
7,2093484,1000365,1000365,1000416,1001302,2.092613473,2.090761828
7,2081193,1000469,1000469,986249,1001510,2.110210505,2.078055137
7,2093848,1000521,1000521,1000521,1001562,2.092757673,2.090582510
7,2093031,1000104,1000104,1000052,1001041,2.092922168,2.090854421
7,2093485,1000313,1000313,1000312,1001250,2.092832036,2.090871411
7,2089372,1000469,1000469,996564,1001302,2.096575835,2.086655175
7,2078834,1000104,1000104,1000104,1000989,2.078617824,2.076780065
7,1828305,1000469,1000469,1000520,1001302,1.827354776,1.825927642
7,1889030,1035573,1035573,1002395,1036510,1.884516583,1.822490859
7,1838456,1000416,1000416,996407,1001302,1.845085392,1.836065443
7,1843759,1000312,1000312,1000261,1001355,1.843277904,1.841264087
7,1844105,1000521,1000521,1000468,1001458,1.843242363,1.841420209
7,1836046,1000104,1000104,994374,1001145,1.846434038,1.833946132
7,1843554,1000208,1000208,1000261,1001303,1.843072958,1.841154975
7,1843158,1000000,1000000,1000000,1000989,1.843158000,1.841336918
7,1844077,1000469,1000469,1000521,1001407,1.843116736,1.841486029
7,1835035,1000156,1000156,990730,1001250,1.852204940,1.832744070
7,1839647,1000625,1000625,995469,1001927,1.848020380,1.836108818
7,1843195,1000000,1000000,1000000,1001146,1.843195000,1.841085116
7,1843597,1000208,1000208,1000208,1001302,1.843213612,1.841199758
7,1836383,1000156,1000156,993957,1001302,1.847547731,1.833995138
7,1844044,1000469,1000469,1000468,1001771,1.843181391,1.840783972
7,1843416,1000156,1000156,1000105,1001250,1.843222462,1.841114607
7,1844151,1000520,1000520,1000521,1001615,1.843190698,1.841177498
7,1833240,1000573,1000573,972344,1001771,1.885382128,1.829999072
7,1831485,1000052,1000052,991770,1001511,1.846683203,1.828721801
7,1843818,1000313,1000313,1000312,1001302,1.843242908,1.841420471
7,1843520,1000157,1000157,1000156,1001198,1.843232456,1.841314106
7,1838332,1000157,1000157,995260,1001302,1.847087193,1.835941604
7,1844026,1000417,1000417,1000469,1001614,1.843161557,1.841054538
7,1843613,1000208,1000208,1000261,1001250,1.843131943,1.841311361
7,1843567,1000156,1000156,1000157,1001198,1.843277605,1.841361049
7,1837988,1003907,1003907,988645,1005052,1.859098058,1.828749159
7,1843135,999948,999948,1000000,1000989,1.843135000,1.841313941
7,1843630,1000260,1000260,1000313,1001302,1.843053124,1.841232715
7,1833650,1000469,1000469,1000573,1001615,1.832599920,1.830693430
7,1836460,1000104,1000104,995728,1001198,1.844339016,1.834262553
7,1843672,1000261,1000261,1000312,1001146,1.843096954,1.841561570
7,1843291,1000365,1000365,1000417,1001355,1.842522668,1.840796720
7,1843722,1000260,1000260,1000260,1001198,1.843242757,1.841515864
7,1819119,1000000,1000000,970054,1001302,1.875276016,1.816753587
7,2089037,1000416,1000416,1000417,1001302,2.088166235,2.086320611
7,2093652,1000364,1000364,1000625,1001562,2.092344285,2.090386816
7,2092456,1000156,1000156,1000365,1001302,2.091692532,2.089735165
7,2088283,1000573,1000573,995834,1001510,2.097019182,2.085134447
7,2093382,1000312,1000312,1000313,1001146,2.092726976,2.090985730
7,2092959,1000104,1000104,1000104,1000937,2.092741355,2.090999733
7,2093656,1000417,1000417,1000416,1001354,2.092785401,2.090825023
7,2080179,1000365,1000365,984792,1001354,2.112302903,2.077366246
7,2093210,1000208,1000208,1000260,1001146,2.092665907,2.090813927
7,2093222,1000209,1000209,1000208,1001042,2.092786700,2.091043133
7,1956164,1000104,1000104,1000104,1000938,1.955960580,1.954330838
7,1839481,1000156,1000156,997656,1001250,1.843802874,1.837184519
7,1841360,1000052,1000052,1000052,1000885,1.841264254,1.839731837
7,1843689,1000261,1000261,1000312,1001198,1.843113948,1.841482903
7,1843666,1000260,1000260,1000260,1001198,1.843186771,1.841459931
7,1823946,1000104,1000104,964116,1001250,1.891832518,1.821668914
7,1844295,1000625,1000625,1000625,1001563,1.843143036,1.841416865
7,1843815,1000313,1000313,1000313,1001354,1.843238066,1.841321850
7,1844200,1000521,1000521,1000521,1001458,1.843239672,1.841515071
7,1839709,1000208,1000208,997553,1001250,1.844221811,1.837412235
7,1843173,1000000,1000000,1000000,1000885,1.843173000,1.841543234
7,1843782,1000312,1000312,1000261,1001198,1.843300898,1.841575792
7,1843256,1000000,1000000,1000052,1000886,1.843160156,1.841624321
7,1832319,1000521,1000521,987240,1001615,1.856001580,1.829364576
7,1843493,1000157,1000157,1000104,1001094,1.843301297,1.841478423
7,1843997,1000469,1000469,1000416,1001355,1.843230216,1.841501765
7,1843391,1000104,1000104,1000104,1001042,1.843199307,1.841472186
7,1837552,1000677,1000677,991667,1001823,1.852992991,1.834208238
7,1843649,1000208,1000208,1000209,1001198,1.843263758,1.841442951
7,1843610,1000208,1000208,1000209,1001146,1.843224766,1.841499641
7,1843356,1000104,1000104,1000052,1000989,1.843260150,1.841534722
7,1827159,1000625,1000625,964636,1001875,1.894143490,1.823739488
7,1843830,1000365,1000365,1000312,1001458,1.843254904,1.841145610
7,1843347,1000104,1000104,1000104,1001354,1.843155312,1.840854483
7,1844012,1000417,1000417,1000468,1001459,1.843149406,1.841325506
7,1834293,1000417,1000417,988750,1001563,1.855163590,1.831430474
7,1843571,1000208,1000208,1000156,1001458,1.843283448,1.840886987
7,1843561,1000208,1000208,1000157,1001250,1.843271606,1.841259426
7,1843530,1000572,1000572,1000521,1001614,1.842570021,1.840559337
7,1829406,1000365,1000365,982031,1001771,1.862880092,1.826171850
7,1843759,1000417,1000417,1000416,1001511,1.842992315,1.840977283
7,1843522,1000157,1000157,1000104,1001198,1.843330294,1.841316103
7,1843080,999896,999896,999947,1000990,1.843177688,1.841257155
7,1837429,1000104,1000104,996875,1001198,1.843188966,1.835230394
7,1842878,1000157,1000157,1000104,1001198,1.842686361,1.840672874
7,1843366,1000261,1000261,1000260,1001511,1.842886849,1.840584876
7,1843600,1000209,1000209,1000260,1001458,1.843120789,1.840915945
7,1822756,1000677,1000677,963176,1002031,1.892443333,1.819061486
7,1843423,1000208,1000208,1000208,1001510,1.843039648,1.840643628
7,1843406,1000104,1000104,1000156,1001146,1.843118474,1.841295875
7,1843204,1000208,1000208,1000209,1001198,1.842818851,1.840998484
7,1836360,1000157,1000157,996406,1001406,1.842983683,1.833781703
7,1843528,1000260,1000260,1000261,1001250,1.843046965,1.841226467
7,1844151,1000520,1000520,1000469,1001510,1.843286499,1.841370530
7,1844086,1000469,1000469,1000521,1001458,1.843125731,1.841401237
7,1829159,1000313,1000313,983854,1001459,1.859177276,1.826494145
7,1842884,1000052,1000052,1000052,1001198,1.842788175,1.840678867
7,1843824,1000365,1000365,1000312,1001302,1.843248906,1.841426463
7,1843265,1000052,1000052,1000052,1000938,1.843169155,1.841537638
7,1838107,1000521,1000521,997604,1001510,1.842521682,1.835335643
7,1843230,1000156,1000156,1000104,1001042,1.843038324,1.841311354
7,1843331,1000052,1000052,1000052,1000938,1.843235152,1.841603576
7,1843908,1000416,1000416,1000313,1001406,1.843331037,1.841319105
7,1830206,1000364,1000364,978126,1001562,1.871135212,1.827351677
7,1842927,1000000,1000000,999948,1000989,1.843022837,1.841106146
7,1842736,1000052,1000052,1000052,1001146,1.842640183,1.840626642
7,1843133,1000105,1000105,1000052,1000989,1.843037162,1.841311942
7,1836693,1000312,1000312,991823,1001406,1.851835459,1.834114235
7,1843704,1000260,1000260,1000260,1001198,1.843224762,1.841497886
7,1843181,1000000,1000000,1000000,1000938,1.843181000,1.841453716
7,1843616,1000365,1000365,1000312,1001250,1.843040971,1.841314357
7,1832402,1000312,1000312,987031,1001563,1.856478672,1.829542425
7,1843869,1000468,1000468,1000469,1001562,1.843004631,1.840993368
7,1843762,1000521,1000521,1000520,1001719,1.842803742,1.840598012
7,1843887,1000364,1000364,1000365,1001406,1.843214227,1.841298135
7,1837244,1000521,1000521,997083,1001667,1.842618919,1.834186411
7,1842912,1000156,1000156,1000156,1001250,1.842624551,1.840611236
7,1843887,1000469,1000469,1000469,1001511,1.843022622,1.841105090
7,1843481,1000364,1000364,1000313,1001354,1.842904171,1.840988302
7,1827975,1000416,1000416,969219,1001979,1.886028854,1.824364582
7,1843668,1000365,1000365,1000312,1001563,1.843092955,1.840790844
7,1842451,1000000,1000000,1000000,1001093,1.842451000,1.840439400
7,1843247,1000052,1000052,1000052,1001198,1.843151156,1.841041432
7,1836483,1000156,1000156,996614,1001406,1.842722458,1.833904530
7,1843747,1000261,1000261,1000260,1001719,1.843267750,1.840583038
7,1842799,1000104,1000104,1000052,1001510,1.842703179,1.840020569
7,1844113,1000521,1000521,1000469,1001615,1.843248516,1.841139560
7,1790930,1000156,1000156,953179,1001510,1.878902074,1.788229773
7,1843187,1000104,1000104,1000104,1001042,1.842995328,1.841268398
7,1843552,1000157,1000157,1000208,1001093,1.843168621,1.841539198
7,1843853,1000469,1000469,1000416,1001354,1.843086276,1.841359799
7,1838350,1000052,1000052,996615,1000938,1.844593951,1.836627244
7,1843678,1000261,1000261,1000208,1001145,1.843294595,1.841569403
7,1843251,1000208,1000208,1000260,1001094,1.842771879,1.841236687
7,1843444,1000260,1000260,1000208,1001042,1.843060643,1.841525131
7,1828857,1000677,1000677,979843,1001719,1.866479630,1.825718590
7,1842821,1000104,1000104,1000156,1001510,1.842533565,1.840042536
7,1843138,1000104,1000104,1000052,1001146,1.843042162,1.841028182
7,1843573,1000312,1000312,1000313,1001458,1.842996142,1.840888984
7,1834872,1000365,1000365,995989,1001563,1.842261310,1.832008571
7,1843518,1000156,1000156,1000157,1001302,1.843228613,1.841120861
7,1843854,1000364,1000364,1000365,1001458,1.843181239,1.841169575
7,1842954,1000000,1000000,999948,1000990,1.843049839,1.841131280
7,1825841,1000156,1000156,983387,1001250,1.856686127,1.823561548
7,1843609,1000469,1000469,1000469,1001615,1.842744753,1.840636372
7,1843227,1000469,1000469,1000521,1001511,1.842267179,1.840446086
7,1843308,1000364,1000364,1000365,1001510,1.842635438,1.840528802
7,1837078,1000573,1000573,991146,1001666,1.853488790,1.834022518
7,1844114,1000468,1000468,1000469,1001666,1.843249516,1.841046816
7,1843241,1000260,1000260,1000208,1001250,1.842857686,1.840939825
7,1843583,1000312,1000312,1000313,1001302,1.843006139,1.841185776
7,1830664,1000416,1000416,972083,1001666,1.883238365,1.827619186
7,1843465,1000313,1000313,1000364,1001302,1.842794223,1.841067930
7,1843499,1000261,1000261,1000260,1001146,1.843019815,1.841388768
7,1842695,1000052,1000052,1000052,1000938,1.842599185,1.840968172
7,1837543,1000469,1000469,997969,1001615,1.841282645,1.834580153
7,1843257,1000104,1000104,1000105,1001146,1.843063478,1.841147045
7,1842797,1000157,1000157,1000208,1001145,1.842413778,1.840689411
7,1843351,1000156,1000156,1000156,1001042,1.843063482,1.841432228
7,1830704,1000520,1000520,987708,1001771,1.853487063,1.827467555
7,1842983,1000052,1000052,1000104,1001145,1.842791350,1.840875198
7,1843379,1000105,1000105,1000052,1001146,1.843283149,1.841268906
7,1843369,1000156,1000156,1000209,1001250,1.842983816,1.841067665
7,1836288,1000521,1000521,996771,1001614,1.842236582,1.833329007
7,1843969,1000417,1000417,1000417,1001459,1.843200385,1.841282569
7,1843792,1000520,1000520,1000521,1001510,1.842831885,1.841012072
7,1842885,1000052,1000052,1000000,1001302,1.842885000,1.840488684
7,1829265,1000469,1000469,975782,1002083,1.874665653,1.825462561
7,1843450,1000260,1000260,1000261,1001459,1.842968985,1.840764325
7,1843175,1000312,1000312,1000313,1001406,1.842598267,1.840587134
7,1843523,1000313,1000313,1000260,1001406,1.843043809,1.840934646
7,1837395,1000313,1000313,992707,1001511,1.850893567,1.834622885
7,1843597,1000208,1000208,1000208,1001354,1.843213612,1.841104145
7,1843915,1000417,1000417,1000416,1001510,1.843148250,1.841134886
7,1843840,1000469,1000469,1000469,1001563,1.842975644,1.840962575
7,1828951,1000312,1000312,984115,1001875,1.858472841,1.825528135
7,1843836,1000417,1000417,1000469,1001927,1.842971646,1.840289762
7,1844176,1000573,1000573,1000573,1001667,1.843119892,1.841106875
7,1843456,1000364,1000364,1000417,1001511,1.842687599,1.840674740
7,1835681,1000156,1000156,995572,1001302,1.843845548,1.833294051
7,1843021,1000000,1000000,999948,1001146,1.843116842,1.840911316
7,1843636,1000417,1000417,1000416,1001562,1.842869366,1.840760732
7,1843301,1000261,1000261,1000260,1001354,1.842821866,1.840808545
7,1826885,1000625,1000625,972709,1001771,1.878141356,1.823655306
7,1843111,999948,999948,999948,1000990,1.843206847,1.841288125
7,1842652,1000000,1000000,1000000,1001041,1.842652000,1.840735794
7,1843524,1000260,1000260,1000261,1001302,1.843042966,1.841126853
7,1833873,1000521,1000521,992292,1001927,1.848118296,1.830345923
7,1843613,1000416,1000416,1000417,1001459,1.842844534,1.840927087
7,1843169,1000000,1000000,1000000,1001041,1.843169000,1.841252256
7,1843393,1000313,1000313,1000312,1001406,1.842818041,1.840804828
7,1825304,1000105,1000105,984635,1001354,1.853787444,1.822835880
7,1843431,1000416,1000416,1000469,1001406,1.842566836,1.840842775
7,1843449,1000364,1000364,1000417,1001302,1.842680602,1.841051950
7,1843501,1000260,1000260,1000209,1001198,1.843115789,1.841295128
7,1838131,1000365,1000365,997604,1001407,1.842545740,1.835548383
7,1843772,1000312,1000312,1000365,1001250,1.843099269,1.841470162
7,1842939,1000053,1000053,1000052,1000938,1.842843172,1.841211943
7,1843563,1000208,1000208,1000209,1001093,1.843177776,1.841550186
7,1831356,1000729,1000729,975728,1001979,1.876912418,1.827738905
7,1843481,1000157,1000157,1000156,1001302,1.843193462,1.841083909
7,1844183,1000521,1000521,1000573,1001615,1.843126888,1.841209447
7,1843901,1000416,1000416,1000365,1001407,1.843228222,1.841310276
7,1837219,1000104,1000104,996562,1001250,1.843557149,1.834925343
7,1843950,1000469,1000469,1000468,1001510,1.843087435,1.841169834
7,1843083,1000104,1000104,1000156,1001146,1.842795524,1.840973245
7,1843510,1000208,1000208,1000156,1001250,1.843222457,1.841208489
7,1824790,1000520,1000520,979636,1001771,1.862722481,1.821564010
7,1843421,1000156,1000156,1000105,1001250,1.843227461,1.841119600
7,1843778,1000312,1000312,1000365,1001511,1.843105267,1.840996255
7,1844029,1000677,1000677,1000678,1001822,1.842779595,1.840675290
7,1837314,999948,999948,996302,1001407,1.844133606,1.834732531
7,1843947,1000417,1000417,1000416,1001458,1.843180237,1.841262439
7,1834288,1000469,1000469,1000625,1001927,1.833142286,1.830760125
7,1838978,1000625,1000625,1000677,1001823,1.837733854,1.835631644
7,1722451,1000469,1000469,882813,1002084,1.951093833,1.718868877
7,1843474,1000156,1000156,1000156,1001458,1.843186463,1.840790128
7,1843962,1000416,1000416,1000417,1001511,1.843193388,1.841179977
7,1843285,1000104,1000104,1000000,1001146,1.843285000,1.841175013
7,1837656,1000520,1000520,993229,1001823,1.850183593,1.834312049
7,1843612,1000209,1000209,1000208,1001250,1.843228608,1.841310362
7,1843713,1000261,1000261,1000312,1001354,1.843137941,1.841219988
7,1843780,1000365,1000365,1000312,1001406,1.843204920,1.841191285
7,1830866,1000157,1000157,983697,1001510,1.861209295,1.828105561
7,1843059,1000260,1000260,1000208,1001302,1.842675723,1.840662457
7,1843663,1000260,1000260,1000313,1001250,1.843086114,1.841361298
7,1844052,1000468,1000468,1000469,1001459,1.843187545,1.841365448
7,1839408,1000208,1000208,997240,1001250,1.844498817,1.837111610
7,1843809,1000364,1000364,1000313,1001355,1.843232068,1.841314020
7,1844118,1000469,1000469,1000521,1001406,1.843157715,1.841528810
7,1843847,1000364,1000364,1000313,1001302,1.843270056,1.841449433
7,1923766,1000416,1000416,950937,1001511,2.023021504,1.920863575
7,2093153,1000469,1000469,1000625,1001614,2.091845597,2.089780095
7,2091835,1000208,1000208,1000260,1001250,2.091291264,2.089223471
7,2093987,1000573,1000573,1000625,1001614,2.092679076,2.090612751
7,2088615,1000208,1000208,997031,1001198,2.094834564,2.086115833
7,2093633,1000416,1000416,1000417,1001250,2.092760319,2.091019226
7,2093054,1000104,1000104,1000104,1000990,2.092836345,2.090983926
7,2093594,1000364,1000364,1000417,1001302,2.092721335,2.090871685
7,2081677,1000156,1000156,988125,1001146,2.106693991,2.079294129
7,2093068,1000104,1000104,1000156,1000937,2.092741532,2.091108631
7,1903725,1000469,1000469,1000469,1001302,1.902832572,1.901249573
7,1842955,1000208,1000208,1000209,1001041,1.842569903,1.841038479
7,1835568,1000417,1000417,997657,1001354,1.839878836,1.833086002
7,1843714,1000260,1000260,1000261,1001197,1.843232916,1.841509713
7,1843486,1000157,1000157,1000156,1001094,1.843198461,1.841471430
7,1844038,1000469,1000469,1000416,1001354,1.843271199,1.841544549
7,1823848,1000417,1000417,964530,1001458,1.890918893,1.821192701
7,1842643,1000000,1000000,1000052,1001198,1.842547188,1.840438155
7,1843652,1000417,1000417,1000417,1001406,1.842883518,1.841063465
7,1843465,1000312,1000312,1000365,1001302,1.842792381,1.841067930
7,1839459,1000364,1000364,997864,1001511,1.843396495,1.836683771
7,1831433,1000313,1000313,1000468,1001458,1.830576290,1.828766658
7,1843768,1000313,1000313,1000364,1001354,1.843097113,1.841274914
7,1842645,1000052,1000052,1000052,1000989,1.842549187,1.840824425
7,1833947,1000573,1000573,985573,1001667,1.860792656,1.830894898
7,1843607,1000208,1000208,1000156,1001302,1.843319442,1.841209745
7,1843843,1000365,1000365,1000364,1001354,1.843172085,1.841349812
7,1843796,1000313,1000313,1000260,1001302,1.843316738,1.841398499
7,1838069,1000157,1000157,994166,1001302,1.848855221,1.835678946
7,1843533,1000208,1000208,1000261,1001458,1.843051963,1.840849042
7,1844091,1000468,1000468,1000573,1001615,1.843034941,1.841117595
7,1843241,1000000,1000000,1000000,1000937,1.843241000,1.841515500
7,1958295,1000573,1000573,960313,1001667,2.039225752,1.955035955
7,2093355,1000260,1000260,1000261,1001145,2.092808777,2.090960850
7,2093281,1000156,1000156,1000208,1001042,2.092845688,2.091102072
7,2093155,1000469,1000469,1000469,1001354,2.092173771,2.090324700
7,2087310,1000104,1000104,996147,1001302,2.095383513,2.084595856
7,2092775,1000000,1000000,1000000,1000937,2.092775000,2.090815905
7,2093251,1000208,1000208,1000261,1001041,2.092704804,2.091074192
7,2092852,1000052,1000052,1000052,1000833,2.092743177,2.091110105
7,2077593,1000417,1000417,987238,1001354,2.104449991,2.074783743
7,2093186,1000209,1000209,1000156,1001094,2.092859514,2.090898557
7,2092877,1000052,1000052,1000000,1000834,2.092877000,2.091132995
7,2093342,1000260,1000260,1000261,1001042,2.092795780,2.091163008
7,2088021,1000312,1000312,997865,1001198,2.092488463,2.085522544
7,1838312,1000468,1000468,1000417,1001303,1.837545743,1.835919797
7,1843600,1000208,1000208,1000156,1001094,1.843312443,1.841585306
7,1841899,1000365,1000365,1000416,1001250,1.841133089,1.839599501
7,1776463,1000260,1000260,932553,1001406,1.904945885,1.773968800
7,1842767,999948,999948,999948,1001094,1.842862829,1.840753216
7,1842693,1000052,1000052,1000000,1000937,1.842693000,1.840968013
7,1843741,1000417,1000417,1000417,1001250,1.842972480,1.841439201
7,1838934,1000000,1000000,995886,1000989,1.846530627,1.837117091
7,1843289,1000156,1000156,1000157,1001094,1.842999649,1.841274646
7,1843568,1000521,1000521,1000469,1001406,1.842703772,1.840979583
7,1843760,1000313,1000313,1000313,1001198,1.843183084,1.841553819
7,1832986,1000729,1000729,985052,1001875,1.860801257,1.829555583
7,1843707,1000260,1000260,1000261,1001615,1.843225918,1.840734214
7,1843842,1000261,1000261,1000312,1001510,1.843266901,1.841061996
7,1843290,1000052,1000052,1000000,1001094,1.843290000,1.841275644
7,1836250,1000052,1000052,994115,1001355,1.847120303,1.833765248
7,1843044,1000052,1000052,1000000,1001041,1.843044000,1.841127386
7,1843329,1000052,1000052,1000105,1001354,1.843135471,1.840836507
7,1843808,1000364,1000364,1000313,1001406,1.843231069,1.841219246
7,1794894,1000260,1000260,940990,1001563,1.907452789,1.792092959
7,1843046,999896,999896,999948,1000937,1.843141843,1.841320683
7,1842800,1000104,1000104,1000052,1000990,1.842704179,1.840977432
7,1843222,1000261,1000261,1000156,1001094,1.842934502,1.841207719
7,1837951,1000468,1000468,996147,1001511,1.845060016,1.835178046
7,1843320,1000156,1000156,1000156,1001041,1.843032487,1.841403099
7,1843092,1000000,1000000,1000052,1000938,1.842996164,1.841364800
7,1842973,1000313,1000313,1000260,1001198,1.842493952,1.840767760
7,1815945,1000729,1000729,975938,1001927,1.860717587,1.812452404
7,1843408,1000417,1000417,1000416,1001458,1.842641461,1.840724224
7,1842932,999948,999948,999948,1001042,1.843027837,1.841013664
7,1842724,1000052,1000052,1000052,1001094,1.842628183,1.840710263
7,1837812,1000468,1000468,994635,1001563,1.847725045,1.834943983
7,1842934,1000156,1000156,1000208,1001250,1.842550749,1.840633208
7,1843568,1000313,1000313,1000260,1001354,1.843088797,1.841075184
7,1843262,1000156,1000156,1000104,1001198,1.843070321,1.841056414
7,1829694,1000625,1000625,971720,1002188,1.882943646,1.825699370
7,1843234,1000156,1000156,1000156,1001354,1.842946500,1.840741636
7,1843656,1000312,1000312,1000365,1001458,1.842983311,1.840971863
7,1842828,1000104,1000104,1000052,1001198,1.842732178,1.840622934
7,1837863,1000208,1000208,996875,1001719,1.843624326,1.834709135
7,1843234,1000417,1000417,1000417,1001563,1.842465692,1.840357521
7,1843944,1000365,1000365,1000365,1001823,1.843271206,1.840588607
7,1843120,1000052,1000052,1000052,1001511,1.843024163,1.840339247
7,1831801,1000729,1000729,982812,1002083,1.863836624,1.827993290
7,1843210,1000000,1000000,1000000,1001511,1.843210000,1.840429112
7,1844011,1000573,1000573,1000573,1001666,1.842954987,1.840943987
7,1843208,1000000,1000000,1000000,1001146,1.843208000,1.841098102
7,1837078,1000156,1000156,996406,1001719,1.843704273,1.833925482
7,1843911,1000364,1000364,1000417,1001562,1.843142410,1.841035303
7,1843608,1000417,1000417,1000417,1001614,1.842839536,1.840637212
7,1843615,1000208,1000208,1000157,1001406,1.843325598,1.841026517
7,1823408,1000521,1000521,964115,1002083,1.891276456,1.819617736
7,1843210,1000000,1000000,1000000,1001511,1.843210000,1.840429112
7,1844026,1000468,1000468,1000469,1001875,1.843161557,1.840574922
7,1843521,1000209,1000209,1000156,1001302,1.843233456,1.841123857
7,1835768,1000156,1000156,992604,1001354,1.849446506,1.833285731
7,1843604,1000364,1000364,1000365,1001511,1.842931330,1.840822517
7,1843569,1000209,1000209,1000156,1001303,1.843281448,1.841169956
7,1842961,1000052,1000052,1000052,1001094,1.842865171,1.840947004
7,1827939,1000156,1000156,985000,1001510,1.855775635,1.825182974
7,1843480,1000261,1000261,1000208,1001302,1.843096636,1.841082910
7,1843791,1000313,1000313,1000312,1001354,1.843215917,1.841297883
7,1843618,1000417,1000417,1000416,1001615,1.842851374,1.840645358
7,1838716,1000573,1000573,997187,1001718,1.843902899,1.835562504
7,1843322,1000052,1000052,1000000,1001094,1.843322000,1.841307609
7,1843913,1000416,1000416,1000365,1001458,1.843240217,1.841228489
7,1843802,1000312,1000312,1000313,1001354,1.843225071,1.841308868
7,1826781,1000312,1000312,970937,1001511,1.881461928,1.824024898
7,1843167,1000104,1000104,1000104,1001093,1.842975331,1.841154618
7,1843640,1000208,1000208,1000261,1001146,1.843158936,1.841529607
7,1843801,1000416,1000416,1000469,1001354,1.842936663,1.841307869
7,1837578,1000261,1000261,997812,1001250,1.841607437,1.835283895
7,1843223,1000208,1000208,1000208,1001146,1.842839689,1.841113084
7,1843008,1000104,1000104,1000104,1001041,1.842816347,1.841091424
7,1843248,1000208,1000208,1000209,1001302,1.842862842,1.840851212
7,1832192,1000625,1000625,987188,1001719,1.855970697,1.829047867
7,1843330,1000052,1000052,1000053,1001146,1.843232309,1.841219962
7,1843988,1000416,1000416,1000417,1001458,1.843219378,1.841303380
7,1843498,1000260,1000260,1000209,1001354,1.843112789,1.841005279
7,1835801,1000364,1000364,996719,1001510,1.841844090,1.833033120
7,1842885,1000052,1000052,1000000,1001094,1.842885000,1.840871087
7,1843621,1000208,1000208,1000208,1001458,1.843237607,1.840936914
7,1843931,1000469,1000469,1000469,1001563,1.843066602,1.841053433
7,1826423,1000677,1000677,961771,1001927,1.899020661,1.822910252
7,1843462,1000260,1000260,1000260,1001459,1.842982824,1.840776307
7,1843503,1000260,1000260,1000313,1001250,1.842926164,1.841201498
7,1844066,1000469,1000469,1000417,1001406,1.843297345,1.841476884
7,1837347,1000156,1000156,996718,1001146,1.843397029,1.835243811
7,1843162,1000000,1000000,999948,1000937,1.843257849,1.841436574
7,1843559,1000156,1000156,1000157,1001198,1.843269607,1.841353059
7,1859482,1014687,1014687,1004115,1015677,1.851861590,1.830780849
7,1838160,1000521,1000521,994375,1001771,1.848558140,1.834910374
7,1843518,1000156,1000156,1000157,1001198,1.843228613,1.841312108
7,1843402,1000209,1000209,1000208,1001354,1.843018652,1.840909409
7,1837956,1000365,1000365,994012,1001510,1.849027980,1.835184871
7,1843584,1000469,1000469,1000417,1001458,1.842815546,1.840899968
7,1843033,1000208,1000208,1000208,1001250,1.842649729,1.840732085
7,1843572,1000312,1000312,1000261,1001354,1.843090953,1.841079179
7,1836905,1000625,1000625,980470,1001875,1.873494345,1.833467249
7,1834354,1000260,1000260,992969,1001927,1.847342666,1.830825998
7,1844123,1000521,1000521,1000521,1001667,1.843162712,1.841053963
7,1843744,1000312,1000312,1000261,1001406,1.843262908,1.841155336
7,1836898,1000312,1000312,996875,1001563,1.842656301,1.834031409
7,1843382,1000313,1000313,1000261,1001406,1.842901003,1.840793844
7,1843276,1000052,1000052,1000000,1001458,1.843276000,1.840592416
7,1844018,1000469,1000469,1000468,1001511,1.843155403,1.841235893
7,1835797,1000052,1000052,990833,1001250,1.852781448,1.833505119
7,1837307,1000573,1000573,991927,1002083,1.852260297,1.833487845
7,1843220,1000000,1000000,1000000,1001146,1.843220000,1.841110088
7,1843409,1000104,1000104,1000104,1001250,1.843217305,1.841107615
7,1837245,1000416,1000416,996042,1001614,1.844545712,1.834284465
7,1843587,1000260,1000260,1000312,1001458,1.843011980,1.840902963
7,1843725,1000365,1000365,1000365,1001563,1.843052286,1.840847755
7,1842956,1000312,1000312,1000313,1001458,1.842379335,1.840272882
7,1793720,1000208,1000208,950365,1001510,1.887401156,1.791015566
7,1825271,1000313,1000313,987083,1001823,1.849156555,1.821949586
7,1843396,1000104,1000104,1000052,1001197,1.843300148,1.841192093
7,1843355,1000104,1000104,1000104,1001145,1.843163311,1.841246772
7,1837844,1000417,1000417,995886,1001667,1.845436124,1.834785413
7,1843909,1000417,1000417,1000416,1001510,1.843142253,1.841128895
7,1843430,1000105,1000105,1000104,1001198,1.843238303,1.841224213
7,1843469,1000156,1000156,1000104,1001302,1.843277299,1.841071924
7,1854670,1035573,1035573,989793,1036927,1.873795834,1.788621571
7,1843467,1000157,1000157,1000104,1001667,1.843275299,1.840399055
7,1844123,1000469,1000469,1000520,1001667,1.843164554,1.841053963
7,1843784,1000364,1000364,1000365,1001718,1.843111264,1.840621812
7,1837702,1000365,1000365,993230,1001615,1.850228044,1.834738897
7,1843319,1000052,1000052,1000052,1001198,1.843223152,1.841113346
7,1843967,1000416,1000416,1000417,1001562,1.843198386,1.841091216
7,1843891,1000417,1000417,1000364,1001511,1.843220068,1.841109084
7,1791971,1000625,1000625,939583,1001980,1.907198193,1.788429909
7,1844216,1000521,1000521,1000572,1001979,1.843161712,1.840573505
7,1843165,999948,999948,999948,1001094,1.843260850,1.841150781
7,1843196,1000000,1000000,1000000,1001146,1.843196000,1.841086115
7,1837221,1000312,1000312,996511,1001510,1.843653507,1.834450979
7,1844160,1000521,1000521,1000468,1001927,1.843297337,1.840613138
7,1844242,1000573,1000573,1000573,1001667,1.843185855,1.841172765
7,1843299,1000052,1000052,1000052,1001145,1.843203153,1.841190836
7,1826140,1000313,1000313,982500,1001615,1.858666667,1.823195539
7,1843501,1000156,1000156,1000156,1001563,1.843213459,1.840624105
7,1843844,1000364,1000364,1000313,1001510,1.843267057,1.841063993
7,1831815,1000625,1000625,1000937,1002187,1.830100196,1.827817563
7,1838108,1000312,1000312,993958,1001667,1.849281358,1.835048973
7,1843138,999948,999948,999948,1001146,1.843233848,1.841028182
7,1843395,1000104,1000104,1000052,1001250,1.843299148,1.841093633
7,1843371,1000104,1000104,1000052,1001198,1.843275150,1.841165284
7,1792463,1000208,1000208,942762,1001510,1.901288979,1.789760462
7,1843597,1000208,1000208,1000209,1001406,1.843211769,1.841008542
7,1843392,1000104,1000104,1000053,1001198,1.843294305,1.841186259
7,1843941,1000364,1000364,1000677,1002083,1.842693497,1.840108055
7,1837370,1000156,1000156,994219,1001406,1.848053598,1.834790285
7,1843344,1000104,1000104,1000052,1001250,1.843248151,1.841042697
7,1844192,1000573,1000573,1000521,1001979,1.843231676,1.840549552
7,1844151,1000521,1000521,1000573,1001614,1.843094907,1.841179337
7,1827647,1000209,1000209,981978,1001563,1.861189355,1.824794846
7,1843499,1000156,1000156,1000157,1001198,1.843209616,1.841293131
7,1844313,1000573,1000573,1000625,1001614,1.843161024,1.841341076
7,1843742,1000312,1000312,1000416,1001354,1.842975322,1.841248949
7,1839240,1000156,1000156,997239,1001250,1.844332201,1.836943820
7,1843709,1000313,1000313,1000416,1001511,1.842942336,1.840927359
7,1844144,1000520,1000520,1000521,1001458,1.843183701,1.841459153
7,1843486,1000156,1000156,1000104,1001094,1.843294297,1.841471430
7,1841660,1000573,1000573,984012,1001719,1.871582867,1.838499619
7,2089801,1000521,1000521,1000469,1001458,2.088821343,2.086758506
7,2093257,1000208,1000208,1000209,1001198,2.092819601,2.090752279
7,2093281,1000209,1000209,1000208,1001198,2.092845688,2.090776250
7,2088194,1000521,1000521,995937,1001510,2.096712945,2.085045581
7,2094180,1000625,1000625,1000782,1001771,2.092543631,2.090477764
7,2093555,1000365,1000365,1000364,1001197,2.092793223,2.091052011
7,2093115,1000156,1000156,1000209,1001146,2.092677630,2.090719036
7,2077586,1000261,1000261,982291,1001198,2.115041266,2.075100030
7,2093398,1000313,1000313,1000312,1001198,2.092745064,2.090893110
7,2092993,1000104,1000104,1000052,1000937,2.092884170,2.091033701
7,2092741,999948,999948,999948,1000885,2.092849828,2.090890562
7,2088702,1000208,1000208,997552,1001146,2.093827690,2.086311087
7,1852920,1000365,1000365,1000365,1001250,1.852243931,1.850606742
7,1843107,999948,999948,999948,1000885,1.843202847,1.841477293
7,1843460,1000104,1000104,1000156,1001041,1.843172465,1.841542954
7,1831143,1000365,1000365,973021,1001459,1.881915190,1.828475255
7,1843412,1000104,1000104,1000053,1001094,1.843314304,1.841397511
7,1844040,1000469,1000469,1000469,1001355,1.843175551,1.841544707
7,1843278,1000052,1000052,1000000,1000938,1.843278000,1.841550626
7,1838899,1000052,1000052,995886,1001146,1.846495482,1.836794034
7,1843260,1000000,1000000,1000000,1001093,1.843260000,1.841247516
7,1843924,1000417,1000417,1000364,1001302,1.843253056,1.841526333
7,1843417,1000104,1000104,1000104,1001042,1.843225305,1.841498159
7,1830044,1000468,1000468,985937,1001562,1.856146995,1.827189929
7,1843994,1000469,1000469,1000468,1001406,1.843131414,1.841404985
7,1843228,1000052,1000052,1000000,1000990,1.843228000,1.841405009
7,1844114,1000520,1000520,1000521,1001406,1.843153717,1.841524816
7,1839896,1000521,1000521,997657,1001614,1.844217000,1.836931193
7,1843599,1000209,1000209,1000208,1001094,1.843215611,1.841584307
7,1844065,1000469,1000469,1000468,1001406,1.843202381,1.841475885
7,1843247,1000052,1000052,1000052,1000990,1.843151156,1.841423990
7,1831403,1000625,1000625,972396,1001771,1.883392157,1.828165319
7,1844412,1000573,1000573,1000677,1001667,1.843164178,1.841342482
7,1835740,1000313,1000313,1000416,1001510,1.834976650,1.832972212
7,1840847,1000469,1000469,1000573,1001615,1.839792799,1.837878826
7,1837274,1000156,1000156,995417,1001250,1.845732994,1.834980275
7,1844329,1000572,1000572,1000625,1001563,1.843177014,1.841450812
7,1843294,1000416,1000416,1000365,1001302,1.842621443,1.840897152
7,1844035,1000469,1000469,1000469,1001510,1.843170553,1.841254705
7,1832701,1000469,1000469,986822,1001562,1.857174850,1.829842786
7,1838931,1000520,1000520,998907,1001563,1.840943151,1.836061236
7,1843955,1000417,1000417,1000468,1001510,1.843092433,1.841174826
7,1844128,1000521,1000521,1000625,1001771,1.842976140,1.840867823
7,1839431,1000365,1000365,997187,1001510,1.844619916,1.836657647
7,1843541,1000157,1000157,1000208,1001094,1.843157623,1.841526370
7,1843059,999948,999948,999896,1000885,1.843250698,1.841429335
7,1843539,1000157,1000157,1000208,1001146,1.843155624,1.841428723
7,1879097,1000365,1000365,974166,1001458,1.928928951,1.876361265
7,2090522,1000260,1000260,1000208,1001250,2.090087262,2.087912110
7,2092368,1000469,1000469,1000468,1001302,2.091389230,2.089647279
7,2093199,1000156,1000156,1000156,1001094,2.092872512,2.090911543
7,2088075,1000261,1000261,997134,1001198,2.094076624,2.085576479
7,2093246,1000208,1000208,1000208,1001198,2.092810695,2.090741292
7,2093171,1000208,1000208,1000156,1000989,2.092844516,2.091102899
7,2092969,1000052,1000052,1000104,1001041,2.092751354,2.090792485
7,2058224,1000417,1000417,975365,1001406,2.110208999,2.055334200
7,2093127,1000156,1000156,1000156,1000938,2.092800523,2.091165487
7,2074105,1000052,1000052,1000052,1000938,2.073997152,2.072161313
7,1826870,1000104,1000104,1000104,1000937,1.826680025,1.825159825
7,1836771,1000208,1000208,996146,1001146,1.843877303,1.834668470
7,1843850,1000364,1000364,1000313,1001354,1.843273056,1.841356803
7,1843899,1000365,1000365,1000364,1001354,1.843228065,1.841405737
7,1844137,1000521,1000521,1000468,1001354,1.843274348,1.841643415
7,1827746,1000677,1000677,973019,1002448,1.878427862,1.823282604
7,1843732,1000312,1000312,1000261,1001771,1.843250912,1.840472523
7,1843578,1000209,1000209,1000156,1001302,1.843290447,1.841180783
7,1843265,1000052,1000052,1000000,1001198,1.843265000,1.841059411
7,1833839,1000260,1000260,987760,1001458,1.856563335,1.831169155
7,1843371,1000105,1000105,1000104,1001510,1.843179309,1.840591707
7,1843436,1000156,1000156,1000105,1001250,1.843242460,1.841134582
7,1843224,1000364,1000364,1000313,1001459,1.842647251,1.840538654
7,1827798,1000573,1000573,979167,1002136,1.866686684,1.823902145
7,1843581,1000209,1000209,1000208,1001406,1.843197615,1.840992564
7,1843283,1000052,1000052,1000052,1001250,1.843187154,1.840981773
7,1843582,1000208,1000208,1000156,1001614,1.843294446,1.840611253
7,1833875,1000573,1000573,987240,1001771,1.857577691,1.830632949
7,1843572,1000156,1000156,1000209,1001667,1.843186774,1.840503880
7,1843479,1000156,1000156,1000156,1001250,1.843191462,1.841177528
7,1843002,1000052,1000052,999948,1001093,1.843097841,1.840989798
7,1829829,1000677,1000677,970366,1001979,1.885710134,1.826214921
7,1843383,1000104,1000104,1000104,1001406,1.843191308,1.840794842
7,1843202,1000000,1000000,1000000,1001041,1.843202000,1.841285222
7,1843275,1000052,1000052,1000000,1001094,1.843275000,1.841260661
7,1838217,1000156,1000156,994791,1001458,1.847842411,1.835540782
7,1843501,1000156,1000156,1000156,1001406,1.843213459,1.840912677
7,1843157,999948,999948,999948,1001042,1.843252849,1.841238430
7,1843389,1000104,1000104,1000104,1001354,1.843197307,1.840896426
7,1827401,1000417,1000417,976197,1001718,1.871959246,1.824266909
7,1843562,1000208,1000208,1000209,1001145,1.843176776,1.841453536
7,1843907,1000417,1000417,1000417,1001302,1.843138411,1.841509355
7,1843296,1000052,1000052,1000052,1000938,1.843200154,1.841568609
7,1836159,1000052,1000052,996980,1001041,1.841720997,1.834249546
7,1844136,1000521,1000521,1000521,1001511,1.843175705,1.841353715
7,1843500,1000156,1000156,1000157,1001093,1.843210616,1.841487254
7,1843365,1000052,1000052,1000052,1001094,1.843269150,1.841350562
7,1829257,1000521,1000521,977136,1001718,1.872059775,1.826119726
7,1844048,1000469,1000469,1000416,1001510,1.843281195,1.841267686
7,1843963,1000417,1000417,1000416,1001302,1.843196230,1.841565282
7,1843804,1000365,1000365,1000312,1001250,1.843228913,1.841502122
7,1836635,1000312,1000312,994115,1001354,1.847507582,1.834151559
7,1843424,1000156,1000156,1000156,1001042,1.843136471,1.841505152
7,1843901,1000416,1000416,1000313,1001407,1.843324040,1.841310276
7,1843356,1000052,1000052,1000104,1000938,1.843164311,1.841628552
7,1831004,1000625,1000625,987657,1001823,1.853886521,1.827672154
7,1843733,1000313,1000313,1000260,1001510,1.843253754,1.840953161
7,1843681,1000261,1000261,1000260,1001302,1.843201768,1.841283649
7,1843614,1000209,1000209,1000208,1001250,1.843230608,1.841312360
7,1834892,1000209,1000209,993750,1001302,1.846432201,1.832506077
7,1843639,1000209,1000209,1000260,1001250,1.843159778,1.841337328
7,1843812,1000365,1000365,1000312,1001406,1.843236910,1.841223240
7,1843688,1000261,1000261,1000312,1001302,1.843112949,1.841290640
7,1826521,1000677,1000677,969323,1002239,1.884326484,1.822440556
7,1843104,999948,999948,999895,1001146,1.843297546,1.840994221
7,1844002,1000416,1000416,1000417,1001615,1.843233372,1.841028739
7,1843876,1000365,1000365,1000364,1001511,1.843205073,1.841094107
7,1837296,1000365,1000365,996145,1001510,1.844406186,1.834525866
7,1843774,1000312,1000312,1000313,1001407,1.843197079,1.841183455
7,1843691,1000261,1000261,1000260,1001354,1.843211765,1.841198018
7,1843355,1000052,1000052,1000052,1001093,1.843259151,1.841342413
7,1829473,1000364,1000364,985000,1001615,1.857332995,1.826523165
7,1840889,998750,998750,998750,1001458,1.843192991,1.838208891
7,1843838,1000313,1000313,1000313,1001354,1.843261059,1.841344819
7,1843673,1000261,1000261,1000208,1001250,1.843289596,1.841371286
7,1837145,1000365,1000365,997239,1001614,1.842231401,1.834184626
7,1843872,1000364,1000364,1000365,1001355,1.843199232,1.841376934
7,1843725,1000312,1000312,1000261,1001459,1.843243913,1.841038924
7,1844081,1000521,1000521,1000416,1001458,1.843314181,1.841396244
7,1823123,1000521,1000521,964478,1001823,1.890269140,1.819805495
7,1843267,1000052,1000052,1000052,1001094,1.843171155,1.841252670
7,1843604,1000208,1000208,1000209,1001146,1.843218767,1.841493648
7,1844034,1000469,1000469,1000469,1001406,1.843169553,1.841444928
7,1837319,1000313,1000313,994532,1001510,1.847420696,1.834548831
7,1843397,1000104,1000104,1000105,1001094,1.843203464,1.841382528
7,1843163,1000000,1000000,999948,1000990,1.843258849,1.841340073
7,1844057,1000469,1000469,1000417,1001407,1.843288349,1.841466057
7,1826621,1000573,1000573,983334,1001823,1.857579419,1.823297129
7,1843615,1000156,1000156,1000104,1001250,1.843423284,1.841313358
7,1843619,1000208,1000208,1000208,1001250,1.843235607,1.841317353
7,1843829,1000312,1000312,1000313,1001354,1.843252062,1.841335831
7,1834771,1000416,1000416,991927,1001719,1.849703658,1.831622441
7,1843411,1000104,1000104,1000104,1001458,1.843219305,1.840727220
7,1843608,1000209,1000209,1000208,1001302,1.843224609,1.841210744
7,1843233,1000000,1000000,1000052,1001145,1.843137157,1.841124912
7,1823173,1000364,1000364,965625,1001875,1.888075599,1.819760948
7,1843866,1000365,1000365,1000364,1001563,1.843195077,1.840988535
7,1843226,1000052,1000052,1000000,1001406,1.843226000,1.840638063
7,1843269,1000052,1000052,1000000,1001198,1.843269000,1.841063406
7,1838274,1000521,1000521,995833,1001719,1.845966141,1.835119430
7,1843710,1000260,1000260,1000261,1001406,1.843228917,1.841121383
7,1843766,1000312,1000312,1000313,1001459,1.843189082,1.841079864
7,1843250,1000052,1000052,1000052,1001145,1.843154156,1.841141893
7,1827840,1000573,1000573,983698,1002084,1.858131256,1.824038703
7,1843847,1000364,1000364,1000365,1001562,1.843174241,1.840971403
7,1843985,1000469,1000469,1000416,1001511,1.843218221,1.841202942
7,1843253,1000052,1000052,1000052,1001146,1.843157156,1.841143050
7,1837967,1000313,1000313,995833,1001459,1.845657856,1.835289313
7,1843159,999947,999947,999948,1001406,1.843254849,1.840571157
7,1844095,1000521,1000521,1000521,1001667,1.843134727,1.841026010
7,1844131,1000521,1000521,1000469,1001614,1.843266508,1.841159369
7,1827067,1000625,1000625,970624,1002136,1.882363304,1.823172703
7,1843425,1000104,1000104,1000104,1001302,1.843233304,1.841027982
7,1843384,1000105,1000105,1000104,1001250,1.843192308,1.841082647
7,1843634,1000261,1000261,1000260,1001354,1.843154780,1.841141095
7,1836166,1000261,1000261,996771,1001823,1.842114187,1.832824760
7,1843860,1000365,1000365,1000365,1001510,1.843187237,1.841079969
7,1843521,1000208,1000208,1000157,1001354,1.843231613,1.841028248
7,1843519,1000156,1000156,1000157,1001563,1.843229613,1.840642076
7,1788124,1000521,1000521,953230,1002084,1.875857873,1.784405299
7,1843184,1000000,1000000,999947,1001146,1.843281694,1.841074129
7,1843592,1000156,1000156,1000157,1001354,1.843302601,1.841099152
7,1843645,1000260,1000260,1000261,1001354,1.843163934,1.841152080
7,1836131,1000417,1000417,995834,1001667,1.843812322,1.833075264
7,1843875,1000364,1000364,1000365,1001458,1.843202231,1.841190544
7,1843165,1000000,1000000,999947,1001094,1.843262693,1.841150781
7,1843612,1000208,1000208,1000209,1001354,1.843226766,1.841119125
7,1827556,1000729,1000729,971511,1002187,1.881148026,1.823567857
7,1843258,1000053,1000053,1000000,1001458,1.843258000,1.840574442
7,1843570,1000156,1000156,1000209,1001302,1.843184774,1.841172793
7,1844092,1000469,1000469,1000468,1001615,1.843229369,1.841118593
7,1834062,1000156,1000156,989063,1001666,1.854342949,1.831011535
7,1843415,1000105,1000105,1000104,1001250,1.843223305,1.841113608
7,1843694,1000261,1000261,1000208,1001354,1.843310591,1.841201014
7,1843475,1000157,1000157,1000156,1001458,1.843187463,1.840791127
7,1813381,1000573,1000573,974218,1001823,1.861370864,1.810081222
7,1843723,1000260,1000260,1000261,1001354,1.843241914,1.841229975
7,1843245,1000000,1000000,1000052,1001094,1.843149156,1.841230694
7,1844099,1000469,1000469,1000469,1001719,1.843234523,1.840934434
7,1836574,1000000,1000000,996511,1001146,1.843004242,1.834471695
7,1843877,1000364,1000364,1000417,1001406,1.843108424,1.841288149
7,1844086,1000468,1000468,1000469,1001510,1.843221529,1.841305629
7,1843491,1000156,1000156,1000157,1001250,1.843201617,1.841189513
7,1826558,1000468,1000468,973125,1001823,1.877002441,1.823234244
7,1843099,999948,999948,999948,1000937,1.843194846,1.841373633
7,1843721,1000260,1000260,1000313,1001198,1.843144096,1.841514865
7,1843900,1000364,1000364,1000365,1001459,1.843227222,1.841213669
7,1839763,1000364,1000364,997969,1001459,1.843507163,1.837082696
7,1843735,1000313,1000313,1000312,1001354,1.843159934,1.841241958
7,1843665,1000261,1000261,1000260,1001146,1.843185772,1.841554578
7,1837069,1000261,1000261,1000156,1001198,1.836782462,1.834870825
7,1824625,1000834,1000834,988229,1002500,1.846358486,1.820074813
7,1844380,1000677,1000677,1000729,1001875,1.843036426,1.840928260
7,1837997,1000468,1000468,1000625,1001979,1.836848969,1.834366788
7,1840183,1000573,1000573,1000625,1001875,1.839033604,1.836739114
7,1835416,1000104,1000104,993750,1001198,1.846959497,1.833219803
7,1842063,1000208,1000208,1000313,1001614,1.841486615,1.839094701
7,1842983,1000260,1000260,1000313,1001406,1.842406327,1.840395404
7,1838286,1000417,1000417,1000364,1001719,1.837617107,1.835131409
7,1967674,1000000,1000000,951562,1001354,2.067835832,1.965013372
7,2093862,1000417,1000417,1000469,1001458,2.092880439,2.090813594
7,2093174,1000521,1000521,1000625,1001562,2.091866583,2.089909561
7,2093352,1000261,1000261,1000260,1001146,2.092807870,2.090955765
7,2087998,1000312,1000312,997135,1001302,2.093997302,2.085282962
7,2092831,1000052,1000052,1000000,1000782,2.092831000,2.091195685
7,2093254,1000208,1000208,1000261,1001302,2.092707803,2.090532127
7,2093448,1000312,1000312,1000313,1001146,2.092792956,2.091051655
7,2080503,1000833,1000833,981406,1001875,2.119920807,2.076609357
7,2093524,1000364,1000364,1000365,1001250,2.092760143,2.090910362
7,2093210,1000209,1000209,1000208,1001094,2.092774703,2.090922531
7,2018979,1000208,1000208,1000209,1001146,2.018557122,2.016667899
7,1838480,1000573,1000573,996407,1001510,1.845109478,1.835708081
7,1842332,1000208,1000208,1000209,1001094,1.841947033,1.840318691
7,1842048,1000052,1000052,1000104,1000937,1.841856447,1.840323617
7,1843398,1000104,1000104,1000104,1000990,1.843206307,1.841574841
7,1829925,1000313,1000313,973436,1001511,1.879861645,1.827164155
7,1843607,1000208,1000208,1000260,1001302,1.843127787,1.841209745
7,1843791,1000313,1000313,1000364,1001354,1.843120104,1.841297883
7,1843996,1000417,1000417,1000416,1001406,1.843229217,1.841406982
7,1838903,1000052,1000052,995572,1001250,1.847081879,1.836607241
7,1843846,1000313,1000313,1000312,1001250,1.843270899,1.841544070
7,1843329,1000052,1000052,1000052,1001042,1.843233152,1.841410251
7,1844027,1000468,1000468,1000469,1001406,1.843162557,1.841437938
7,1832217,1000364,1000364,985782,1001510,1.858643189,1.829454524
7,1844083,1000469,1000469,1000469,1001458,1.843218531,1.841398241
7,1843790,1000312,1000312,1000313,1001250,1.843213074,1.841488140
7,1843818,1000364,1000364,1000261,1001250,1.843336889,1.841516105
7,1839408,1000209,1000209,995834,1001198,1.847103031,1.837207026
7,1843230,1000000,1000000,1000000,1000990,1.843230000,1.841407007
7,1844408,1000677,1000677,1000677,1001719,1.843160181,1.841242903
7,1844285,1000573,1000573,1000677,1001719,1.843037264,1.841120115
7,1820218,1000729,1000729,969428,1001979,1.877620618,1.816622903
7,1844149,1000521,1000521,1000521,1001563,1.843188699,1.841271093
7,1843978,1000416,1000416,1000417,1001406,1.843209382,1.841389007
7,1843244,1000000,1000000,1000000,1000937,1.843244000,1.841518497
7,1839391,1000365,1000365,995782,1001354,1.847182415,1.836903832
7,1844293,1000625,1000625,1000625,1001615,1.843141037,1.841319269
7,1843539,1000208,1000208,1000156,1001146,1.843251453,1.841428723
7,1843120,1000365,1000365,1000521,1001562,1.842160235,1.840245536
7,1833002,1000572,1000572,982655,1001875,1.865356610,1.829571553
7,1843448,1000156,1000156,1000209,1001302,1.843062800,1.841050952
7,1843208,1000000,1000000,1000000,1000989,1.843208000,1.841386868
7,1842218,1000260,1000260,1000208,1001146,1.841834898,1.840109235
7,1838746,1000521,1000521,994323,1001510,1.849244159,1.835973680
7,1843468,1000156,1000156,1000104,1001094,1.843276299,1.841453450
7,1843548,1000156,1000156,1000209,1001146,1.843162779,1.841437712
7,1844052,1000468,1000468,1000469,1001354,1.843187545,1.841558530
7,1964935,1000312,1000312,942240,1001406,2.085386950,1.962176180
7,2093633,1000364,1000364,1000365,1001146,2.092869103,2.091236443
7,2093363,1000313,1000313,1000416,1001250,2.092492523,2.090749563
7,2093496,1000312,1000312,1000313,1001094,2.092840941,2.091208218
7,2088898,1000365,1000365,997187,1001407,2.094790646,2.085963050
7,2094071,1000573,1000573,1000729,1001718,2.092545534,2.090479556
7,2093113,1000156,1000156,1000156,1001198,2.092786525,2.090608451
7,2093071,1000156,1000156,1000156,1000938,2.092744532,2.091109539
7,2065548,1000990,1000990,982866,1002760,2.101556062,2.059862779
7,1830870,1000520,1000520,1000573,1001667,1.829821512,1.827823019
7,1843606,1000209,1000209,1000260,1001146,1.843126787,1.841495646
7,1843711,1000312,1000312,1000209,1001094,1.843325745,1.841696184
7,1839450,1000260,1000260,995625,1001354,1.847532957,1.836962752
7,1843103,1000312,1000312,1000261,1001198,1.842622076,1.840897605
7,1844016,1000469,1000469,1000365,1001458,1.843343180,1.841331339
7,1842208,1000261,1000261,1000208,1001041,1.841824900,1.840292256
7,1792471,994010,994010,942708,1001979,1.901406374,1.788930706
7,1843980,1000417,1000417,1000417,1001823,1.843211381,1.840624541
7,1843689,1000364,1000364,1000365,1001562,1.843016299,1.840813649
7,1837812,1000937,1000937,996041,1002135,1.845116817,1.833896631
7,1842500,1000052,1000052,1000000,1001459,1.842500000,1.839815709
7,1844100,1000469,1000469,1000469,1001614,1.843235523,1.841128419
7,1843773,1000417,1000417,1000365,1001511,1.843100268,1.840991262
7,1836389,1000208,1000208,989011,1001406,1.856793302,1.833810662
7,1834015,1000261,1000261,988958,1001563,1.854492304,1.831152908
7,1843592,1000208,1000208,1000208,1001666,1.843208613,1.840525684
7,1843534,1000208,1000208,1000208,1001355,1.843150625,1.841039392
7,1837044,1000260,1000260,993543,1001511,1.848982882,1.834272414
7,1844222,1000573,1000573,1000573,1001979,1.843165866,1.840579493
7,1843254,1000052,1000052,1000000,1001198,1.843254000,1.841048424
7,1843839,1000469,1000469,1000416,1001614,1.843072282,1.840867839
7,1829099,1000313,1000313,968125,1001511,1.889321110,1.826339401
7,1813444,1000208,1000208,972866,1001614,1.864022383,1.810521818
7,1843631,1000208,1000208,1000208,1001302,1.843247604,1.841233714
7,1843069,1000052,1000052,1000000,1001094,1.843069000,1.841054886
7,1835435,1000208,1000208,991824,1001354,1.850565221,1.832953181
7,1843768,1000312,1000312,1000313,1001510,1.843191081,1.840988108
7,1843283,1000052,1000052,1000052,1001094,1.843187154,1.841268652
7,1843848,1000364,1000364,1000365,1001458,1.843175241,1.841163583
7,1834634,1000261,1000261,988072,1001458,1.856781692,1.831962998
7,1824960,1000209,1000209,997864,1001302,1.828866459,1.822586992
7,1843357,1000104,1000104,1000052,1000990,1.843261150,1.841533881
7,1843837,1000364,1000364,1000312,1001302,1.843261902,1.841439446
7,1837942,1000469,1000469,997707,1001511,1.842166087,1.835169060
7,1843964,1000417,1000417,1000417,1001354,1.843195388,1.841470649
7,1843289,1000053,1000053,1000052,1000989,1.843193154,1.841467788
7,1843696,1000260,1000260,1000261,1001146,1.843214921,1.841585543
7,1832944,1000104,1000104,979531,1001146,1.871246546,1.830845851
7,1839406,1000729,1000729,995833,1001823,1.847102878,1.836058865
7,1843267,1000052,1000052,1000052,1001093,1.843171155,1.841254509
7,1843721,1000261,1000261,1000260,1001250,1.843241757,1.841419226
7,1838758,1000521,1000521,996249,1001615,1.845681150,1.835793194
7,1843910,1000365,1000365,1000365,1001302,1.843237218,1.841512351
7,1843361,1000104,1000104,1000104,1001145,1.843169310,1.841252766
7,1843536,1000209,1000209,1000208,1001146,1.843152624,1.841425726
7,1840162,1005677,1005677,988804,1006667,1.860997731,1.827974891
7,1843771,1000312,1000312,1000313,1001354,1.843194080,1.841277910
7,1844123,1000469,1000469,1000521,1001510,1.843162712,1.841342573
7,1843198,1000000,1000000,1000000,1000938,1.843198000,1.841470700
7,1838916,1000417,1000417,992240,1001458,1.853297589,1.836238764
7,1843382,1000104,1000104,1000052,1000989,1.843286149,1.841560696
7,1843751,1000261,1000261,1000260,1001198,1.843271749,1.841544829
7,1843942,1000365,1000365,1000416,1001302,1.843175239,1.841544309
7,1826200,1000521,1000521,965470,1001719,1.891513978,1.823066149
7,1843211,1000000,1000000,1000000,1001042,1.843211000,1.841292373
7,1843581,1000209,1000209,1000208,1001198,1.843197615,1.841375033
7,1844050,1000417,1000417,1000468,1001354,1.843187388,1.841556532
7,1837976,1000208,1000208,995728,1001198,1.845861520,1.835776739
7,1843410,1000157,1000157,1000104,1001042,1.843218305,1.841491166
7,1843785,1000312,1000312,1000312,1001250,1.843209919,1.841483146
7,1843697,1000260,1000260,1000261,1001146,1.843215921,1.841586542
7,1828425,1000417,1000417,983021,1001510,1.860006043,1.825668241
7,1843315,1000052,1000052,1000052,1001094,1.843219153,1.841300617
7,1843363,1000104,1000104,1000052,1001302,1.843267150,1.840966062
7,1843973,1000416,1000416,1000469,1001458,1.843108582,1.841288402
7,1835068,1000208,1000208,991511,1001302,1.850779265,1.832681848
7,1843416,1000104,1000104,1000052,1001354,1.843320147,1.840923390
7,1843997,1000469,1000469,1000416,1001458,1.843230216,1.841312367
7,1843985,1000417,1000417,1000417,1001563,1.843216379,1.841107349
7,1821653,1000468,1000468,958542,1001771,1.900441504,1.818432556
7,1843219,1000052,1000052,1000000,1001510,1.843219000,1.840439936
7,1843264,1000000,1000000,1000052,1001198,1.843168155,1.841058412
7,1843394,1000104,1000104,1000104,1001250,1.843202307,1.841092634
7,1833860,1000000,1000000,991874,1001250,1.848884032,1.831570537
7,1844165,1000521,1000521,1000469,1001875,1.843300492,1.840713662
7,1844124,1000469,1000469,1000469,1001927,1.843259511,1.840577208
7,1844220,1000521,1000521,1000521,1001615,1.843259662,1.841246387
7,1824775,1000729,1000729,973072,1002032,1.875272333,1.821074576
7,1844216,1000573,1000573,1000521,1001823,1.843255664,1.840860112
7,1843229,1000052,1000052,1000000,1001093,1.843229000,1.841216550
7,1843970,1000416,1000416,1000417,1001459,1.843201385,1.841283567
7,1838442,1000312,1000312,995366,1001354,1.847001003,1.835956115
7,1844057,1000469,1000469,1000416,1001510,1.843290191,1.841276672
7,1843435,1000104,1000104,1000104,1001146,1.843243303,1.841324842
7,1843326,1000104,1000104,1000052,1001041,1.843230152,1.841409093
7,1809770,1000625,1000625,966250,1002084,1.872983182,1.806006283
7,1838798,997604,997604,997604,1001562,1.843214342,1.835930277
7,1843834,1000312,1000312,1000365,1001406,1.843161246,1.841245209
7,1844034,1000417,1000417,1000416,1001354,1.843267201,1.841540554
7,1839081,1000312,1000312,997136,1001406,1.844363256,1.836498883
7,1843902,1000365,1000365,1000364,1001250,1.843231064,1.841600000
7,1843611,1000261,1000261,1000208,1001094,1.843227609,1.841596294
7,1843606,1000208,1000208,1000209,1001145,1.843220767,1.841497485
7,1828961,1000521,1000521,984948,1001667,1.856911228,1.825917196
7,1840242,998437,998437,998386,1000989,1.843216952,1.838423799
7,1843983,1000416,1000416,1000417,1001459,1.843214380,1.841296548
7,1843277,1000052,1000052,1000052,1001303,1.843181155,1.840878336
7,1838826,1000312,1000312,996719,1001459,1.844879048,1.836147061
7,1843300,1000052,1000052,1000052,1001146,1.843204153,1.841189996
7,1844009,1000468,1000468,1000417,1001459,1.843240369,1.841322510
7,1843434,1000104,1000104,1000105,1001198,1.843240460,1.841228209
7,1820110,1000365,1000365,958854,1001615,1.898213910,1.817175262
7,1843357,1000105,1000105,1000052,1001563,1.843261150,1.840480329
7,1843331,1000052,1000052,1000053,1001198,1.843233309,1.841125332
7,1844097,1000521,1000521,1000469,1001615,1.843232524,1.841123585
7,1836576,1000417,1000417,995625,1001719,1.844646328,1.833424344
7,1843880,1000365,1000365,1000416,1001875,1.843113265,1.840429195
7,1843161,999948,999948,999947,1001093,1.843258693,1.841148625
7,1843638,1000260,1000260,1000261,1001302,1.843156936,1.841240705
7,1829250,1000260,1000260,982240,1001511,1.862324890,1.826490173
7,1843762,1000313,1000313,1000261,1001510,1.843280904,1.840982117
7,1843143,999948,999948,1000000,1001094,1.843143000,1.841128805
7,1843329,1000052,1000052,1000000,1001198,1.843329000,1.841123334
7,1837862,1000469,1000469,995990,1001771,1.845261499,1.834612901
7,1844175,1000521,1000521,1000469,1001614,1.843310487,1.841203298
7,1843634,1000208,1000208,1000209,1001354,1.843248761,1.841141095
7,1843702,1000260,1000260,1000261,1001407,1.843220919,1.841111556
7,1824135,1000469,1000469,970104,1001928,1.880349942,1.820624835
7,1844020,1000417,1000417,1000416,1001667,1.843253207,1.840951134
7,1843890,1000364,1000364,1000365,1001563,1.843217226,1.841012497
7,1843142,1000000,1000000,999948,1001146,1.843237848,1.841032177
7,1834756,1000468,1000468,996250,1001719,1.841662233,1.831607467
7,1844110,1000469,1000469,1000521,1001875,1.843149719,1.840658765
7,1843900,1000365,1000365,1000417,1001510,1.843131414,1.841119909
7,1843659,1000260,1000260,1000261,1001406,1.843177931,1.841070455
7,1793722,1000260,1000260,957501,1001875,1.873336947,1.790365066
7,1843127,999948,999948,999948,1001198,1.843222848,1.840921576
7,1843307,1000052,1000052,1000053,1001459,1.843209310,1.840621533
7,1843358,1000052,1000052,1000052,1001250,1.843262150,1.841056679
7,1836576,1000208,1000208,995416,1001510,1.845033634,1.833806952
7,1843534,1000208,1000208,1000156,1001302,1.843246454,1.841136840
7,1843091,1000000,1000000,999896,1001094,1.843282701,1.841076862
7,1844132,1000521,1000521,1000468,1001510,1.843269350,1.841351559
7,1825558,1000573,1000573,974426,1001823,1.873470125,1.822236064
7,1843864,1000260,1000260,1000313,1001771,1.843287051,1.840604290
7,1843180,999948,999948,1000000,1001146,1.843180000,1.841070134
7,1843282,1000053,1000053,1000000,1001146,1.843282000,1.841172017
7,1832148,1000156,1000156,993073,1001458,1.844927815,1.829480617
7,1843560,1000208,1000208,1000209,1001302,1.843174776,1.841162806
7,1843624,1000208,1000208,1000261,1001354,1.843142940,1.841131108
7,1844176,1000521,1000521,1000572,1001667,1.843121734,1.841106875
7,1800965,1000468,1000468,959479,1001875,1.877023885,1.797594510
7,1843607,1000260,1000260,1000208,1001355,1.843223609,1.841112293
7,1843190,1000000,1000000,999948,1001041,1.843285851,1.841273235
7,1843867,1000364,1000364,1000313,1001459,1.843290050,1.841180717
7,1836536,1000521,1000521,996093,1001614,1.843739490,1.833576607
7,1844096,1000520,1000520,1000469,1001563,1.843231524,1.841218176
7,1843684,1000260,1000260,1000260,1001354,1.843204767,1.841191027
7,1843421,1000104,1000104,1000104,1001458,1.843229304,1.840737205
7,1826939,1000365,1000365,969531,1001667,1.884353363,1.823898561
7,1843972,1000417,1000417,1000364,1001459,1.843301038,1.841285564
7,1844156,1000521,1000521,1000469,1001511,1.843291496,1.841373684
7,1843453,1000104,1000104,1000156,1001146,1.843165466,1.841342821
7,1837186,1000104,1000104,997344,1001302,1.842078561,1.834797094
7,1843234,1000052,1000052,1000000,1000990,1.843234000,1.841411003
7,1843605,1000209,1000209,1000208,1001198,1.843221610,1.841399004
7,1843904,1000365,1000365,1000364,1001354,1.843233063,1.841410730
7,1828505,1000260,1000260,984896,1001614,1.856546275,1.825558549
7,1843741,1000261,1000261,1000312,1001563,1.843165932,1.840863730
7,1843354,1000104,1000104,1000052,1001146,1.843258151,1.841243934
7,1844028,1000417,1000417,1000416,1001458,1.843261203,1.841343321
7,1838987,1000573,1000573,997239,1001771,1.844078501,1.835735912
7,1843671,1000261,1000261,1000260,1001510,1.843191770,1.840891254
7,1843472,1000156,1000156,1000156,1001250,1.843184463,1.841170537
7,1843177,999947,999947,1000000,1001042,1.843177000,1.841258409
7,1819838,1000417,1000417,941197,1001719,1.933535700,1.816715067
7,1843638,1000260,1000260,1000261,1001250,1.843156936,1.841336330
7,1843363,1000104,1000104,1000052,1000990,1.843267150,1.841539876
7,1843429,1000104,1000104,1000104,1001198,1.843237303,1.841223215
7,1839419,1000364,1000364,996823,1001407,1.845281459,1.836834574
7,1844191,1000521,1000521,1000521,1001458,1.843230677,1.841506084
7,1843439,1000156,1000156,1000156,1001041,1.843151468,1.841521976
7,1843466,1000156,1000156,1000208,1001094,1.843082639,1.841451452
7,1832374,1000521,1000521,983489,1001719,1.863136242,1.829229554
7,1843763,1000313,1000313,1000313,1001562,1.843186083,1.840887534
7,1843596,1000208,1000208,1000209,1001354,1.843210769,1.841103146
7,1843910,1000365,1000365,1000364,1001511,1.843239061,1.841128056
7,1836319,1000365,1000365,993853,1001770,1.847676668,1.833074458
7,1843157,999948,999948,1000000,1001407,1.843157000,1.840567322
7,1843457,1000157,1000157,1000156,1001354,1.843169466,1.840964334
7,1844014,1000469,1000469,1000417,1001562,1.843245367,1.841138142
7,1822592,1000625,1000625,960260,1001927,1.898019286,1.819086620
7,1843869,1000365,1000365,1000312,1001823,1.843293892,1.840513743
7,1843643,1000261,1000261,1000260,1001354,1.843163777,1.841150083
7,1843936,1000365,1000365,1000573,1001718,1.842880030,1.840773551
7,1837436,1000156,1000156,992864,1001511,1.850642183,1.834663823
7,1843143,1000000,1000000,999948,1001094,1.843238848,1.841128805
7,1843557,1000521,1000521,1000781,1002188,1.842118306,1.839532104
7,1830764,1000000,1000000,999948,1001458,1.830859205,1.828098632
7,1826564,1000573,1000573,979792,1002031,1.864236491,1.822861768
7,1843557,1000156,1000156,1000104,1001615,1.843365290,1.840584456
7,1843652,1000260,1000260,1000209,1001406,1.843266757,1.841063465
7,1843673,1000260,1000260,1000261,1001406,1.843191927,1.841084435
7,1837323,1000156,1000156,993907,1001302,1.848586437,1.834933916
7,1844142,1000521,1000521,1000521,1001719,1.843181702,1.840977360
7,1843941,1000416,1000416,1000417,1001563,1.843172397,1.841063418
7,1843804,1000365,1000365,1000312,1001458,1.843228913,1.841119648
7,1882895,1000364,1000364,940000,1001562,2.003079787,1.879958505
7,2090278,1000104,1000104,1000104,1001094,2.090060634,2.087993735
7,2093824,1000521,1000521,1000416,1001250,2.092953331,2.091209988
7,2092979,1000052,1000052,1000105,1000885,2.092759260,2.091128351
7,2088977,1000365,1000365,997291,1001250,2.094651411,2.086369039
7,2093459,1000260,1000260,1000261,1001094,2.092912750,2.091171259
7,2093054,1000156,1000156,1000156,1000885,2.092727535,2.091203285
7,2093464,1000313,1000313,1000312,1001146,2.092811043,2.091067636
7,2080848,1000312,1000312,987292,1001198,2.107631785,2.078358127
7,1930008,1000625,1000625,1000729,1001875,1.928602049,1.926396007
7,1842774,1000521,1000521,1000469,1001406,1.841910144,1.840186698
7,1844057,1000417,1000417,1000469,1002552,1.843192543,1.839362946
7,1838096,1000313,1000313,995520,1001406,1.846367727,1.835515266
7,1844249,1000520,1000520,1000625,1001563,1.843097064,1.841370937
7,1843277,1000000,1000000,1000053,1001094,1.843179311,1.841262659
7,1843776,1000312,1000312,1000313,1001302,1.843199079,1.841378525
7,1833455,1000313,1000313,976770,1001562,1.877059082,1.830595610
7,1843076,1000313,1000313,1000312,1001406,1.842501140,1.840488273
7,1843546,1000208,1000208,1000157,1001198,1.843256609,1.841340075
7,1843768,1000312,1000312,1000313,1001354,1.843191081,1.841274914
7,1837315,1000104,1000104,994218,1001250,1.848000137,1.835021223
7,1843837,1000364,1000364,1000313,1001562,1.843260060,1.840961418
7,1843656,1000260,1000260,1000260,1001407,1.843176774,1.841065621
7,1843855,1000365,1000365,1000364,1001407,1.843184081,1.841264341
7,1828681,1000104,1000104,975573,1001459,1.874468646,1.826016841
7,1843423,1000104,1000104,1000104,1001041,1.843231304,1.841505992
7,1843581,1000208,1000208,1000261,1001146,1.843099951,1.841470675
7,1843449,1000104,1000104,1000156,1001041,1.843161467,1.841531965
7,1839238,1000416,1000416,996407,1001563,1.845870212,1.836367757
7,1843841,1000365,1000365,1000312,1001302,1.843265901,1.841443441
7,1843291,1000052,1000052,1000052,1001041,1.843195154,1.841374130
7,1842343,1000312,1000312,1000313,1001302,1.841766527,1.839947389
7,1821078,1000365,1000365,959844,1001458,1.897264555,1.818426734
7,1843372,1000104,1000104,1000105,1001042,1.843178466,1.841453206
7,1843683,1000261,1000261,1000312,1001250,1.843107950,1.841381273
7,1835225,1000261,1000261,1000312,1001354,1.834652588,1.832743465
7,1837810,1000625,1000625,997604,1001770,1.842223969,1.834562824
7,1844130,1000521,1000521,1000520,1001511,1.843171551,1.841347724
7,1842890,1000521,1000521,1000521,1001458,1.841930354,1.840206978
7,1842761,1000469,1000469,1000417,1001406,1.841992889,1.840173716
7,1832605,1000105,1000105,986563,1001250,1.857565102,1.830317104
7,1843222,1000000,1000000,1000000,1001042,1.843222000,1.841303362
7,1843495,1000156,1000156,1000104,1001146,1.843303296,1.841384773
7,1843388,1000469,1000469,1000573,1001615,1.842332344,1.840415729
7,1839400,1000313,1000313,995938,1001666,1.846902116,1.836340656
7,1844455,1000677,1000677,1000730,1001719,1.843109530,1.841289823
7,1843415,1000104,1000104,1000052,1001094,1.843319147,1.841400508
7,1843430,1000156,1000156,1000104,1001146,1.843238303,1.841319847
7,1919106,1000469,1000469,974010,1001511,1.970314473,1.916210606
7,2093188,1000521,1000521,1000469,1001458,2.092206755,2.090140575
7,2092862,1000052,1000052,1000052,1000885,2.092753177,2.091011455
7,2093171,1000209,1000209,1000416,1001302,2.092300603,2.090449235
7,2086530,1000104,1000104,995312,1000990,2.096357725,2.084466378
7,2093297,1000261,1000261,1000364,1001198,2.092535317,2.090792231
7,2093727,1000417,1000417,1000416,1001407,2.092856372,2.090785265
7,2093066,1000156,1000156,1000105,1001042,2.092846251,2.090887295
7,2081752,1000521,1000521,983334,1001458,2.117034497,2.078721224
7,2092941,1000052,1000052,1000052,1000989,2.092832173,2.090873126
7,2093231,1000208,1000208,1000209,1001042,2.092793606,2.091052124
7,2093519,1000313,1000313,1000312,1001250,2.092866026,2.090905368
7,1910493,1000104,1000104,995937,1001042,1.918287000,1.908504338
7,1842255,1000209,1000209,1000208,1001198,1.841871891,1.840050619
7,1843662,1000261,1000261,1000260,1001093,1.843182772,1.841649078
7,1843958,1000416,1000416,1000417,1001302,1.843189390,1.841560289
7,1831284,1000677,1000677,974895,1001823,1.878442294,1.827951644
7,1843560,1000209,1000209,1000156,1001563,1.843272449,1.840683012
7,1843384,1000104,1000104,1000104,1001198,1.843192308,1.841178268
7,1844054,1000469,1000469,1000469,1001562,1.843189544,1.841178080
7,1836336,1000156,1000156,993490,1001511,1.848368881,1.833565483
7,1844291,1000573,1000573,1000521,1001719,1.843330625,1.841126104
7,1843856,1000365,1000365,1000365,1001458,1.843183238,1.841171572
7,1843644,1000260,1000260,1000261,1001302,1.843162934,1.841246697
7,1828610,1000469,1000469,984480,1001667,1.857437429,1.825566780
7,1843894,1000364,1000364,1000313,1001719,1.843317042,1.840729785
7,1843891,1000365,1000365,1000365,1001667,1.843218225,1.840822349
7,1843826,1000365,1000365,1000364,1001458,1.843155092,1.841141616
7,1835886,1000209,1000209,994323,1001563,1.846367830,1.833020988
7,1843426,1000104,1000104,1000104,1001198,1.843234304,1.841220218
7,1843662,1000260,1000260,1000208,1001354,1.843278598,1.841169057
7,1843940,1000365,1000365,1000416,1001510,1.843173240,1.841159849
7,1824409,1000261,1000261,965000,1001667,1.890579275,1.821372772
7,1843732,1000261,1000261,1000260,1001303,1.843252754,1.841332743
7,1843870,1000365,1000365,1000417,1001407,1.843101427,1.841279320
7,1843445,1000157,1000157,1000104,1001145,1.843253302,1.841336670
7,1836685,1000104,1000104,995260,1001407,1.845432349,1.834104415
7,1843644,1000261,1000261,1000208,1001250,1.843260602,1.841342322
7,1843322,1000104,1000104,1000052,1001146,1.843226152,1.841211971
7,1844129,1000521,1000521,1000469,1001562,1.843264509,1.841252963
7,1831407,1000417,1000417,984686,1001615,1.859889345,1.828454047
7,1843808,1000312,1000312,1000313,1001302,1.843231069,1.841410484
7,1843795,1000365,1000365,1000313,1001146,1.843218073,1.841684430
7,1843419,1000105,1000105,1000156,1000989,1.843131471,1.841597660
7,1837860,1000000,1000000,997292,1001042,1.842850439,1.835946943
7,1843968,1000417,1000417,1000417,1001406,1.843199386,1.841379021
7,1844215,1000572,1000572,1000521,1001510,1.843254664,1.841434434
7,1844020,1000416,1000416,1000417,1001354,1.843251364,1.841526573
7,1823841,1000260,1000260,964116,1001406,1.891723610,1.821280280
7,1843463,1000157,1000157,1000156,1001146,1.843175465,1.841352810
7,1844163,1000469,1000469,1000468,1001511,1.843300335,1.841380674
7,1843816,1000313,1000313,1000312,1001302,1.843240909,1.841418473
7,1836059,1000417,1000417,997499,1001459,1.840662497,1.833384093
7,1843765,1000313,1000313,1000313,1001198,1.843188082,1.841558813
7,1843703,1000261,1000261,1000260,1001198,1.843223762,1.841496887
7,1843437,1000156,1000156,1000104,1001042,1.843245302,1.841518138
7,1823502,1000365,1000365,975522,1001562,1.869257690,1.820658132
7,1843733,1000313,1000313,1000313,1001615,1.843156092,1.840760172
7,1843258,1000052,1000052,1000000,1001302,1.843258000,1.840861199
7,1843571,1000156,1000156,1000209,1001250,1.843185774,1.841269413
7,1837508,1000417,1000417,994011,1001667,1.848579140,1.834449972
7,1843175,1000000,1000000,1000000,1001042,1.843175000,1.841256411
7,1843388,1000104,1000104,1000105,1001198,1.843194465,1.841182264
7,1843772,1000312,1000312,1000313,1001406,1.843195080,1.841183296
7,1826430,1000364,1000364,967187,1001666,1.888393868,1.823392229
7,1843822,1000365,1000365,1000313,1001354,1.843245064,1.841328841
7,1843233,1000000,1000000,999948,1001041,1.843328853,1.841316190
7,1843761,1000260,1000260,1000312,1001250,1.843185926,1.841459176
7,1838750,1000521,1000521,994635,1001667,1.848668104,1.835689905
7,1843557,1000156,1000156,1000156,1001146,1.843269450,1.841446702
7,1843722,1000261,1000261,1000312,1001198,1.843146938,1.841515864
7,1843852,1000365,1000365,1000364,1001302,1.843181082,1.841454426
7,1830589,1000468,1000468,984687,1001614,1.859056736,1.827639190
7,1843869,1000312,1000312,1000313,1001354,1.843292050,1.841375777
7,1843679,1000260,1000260,1000209,1001250,1.843293752,1.841377278
7,1843248,1000000,1000000,1000000,1001093,1.843248000,1.841235530
7,1836805,1000313,1000313,996510,1001459,1.843237900,1.834129006
7,1843633,1000208,1000208,1000209,1001510,1.843247761,1.840853311
7,1843105,999948,999948,999948,1000990,1.843200846,1.841282131
7,1843237,1000052,1000052,1000000,1001094,1.843237000,1.841222702
7,1828975,1000625,1000625,973125,1002135,1.879486191,1.825078457
7,1843058,999896,999896,999896,1001146,1.843249698,1.840948273
7,1843359,1000104,1000104,1000052,1001250,1.843263150,1.841057678
7,1843105,999948,999948,999948,1001093,1.843200846,1.841092686
7,1835643,1000261,1000261,995678,1001459,1.843611087,1.832968699
7,1843443,1000156,1000156,1000104,1001250,1.843251302,1.841141573
7,1843627,1000208,1000208,1000208,1001354,1.843243605,1.841134104
7,1843830,1000312,1000312,1000364,1001771,1.843159090,1.840570350
7,1827916,1000573,1000573,982083,1002083,1.861264272,1.824116366
7,1843909,1000417,1000417,1000365,1001563,1.843236219,1.841031468
7,1843972,1000417,1000417,1000417,1001510,1.843203384,1.841191800
7,1843264,1000000,1000000,1000052,1001146,1.843168155,1.841154037
7,1838189,1000573,1000573,996094,1001771,1.845397121,1.834939322
7,1843275,1000052,1000052,1000053,1001146,1.843177312,1.841165025
7,1843605,1000208,1000208,1000209,1001303,1.843219767,1.841205909
7,1843318,1000052,1000052,1000052,1001198,1.843222152,1.841112347
7,1812801,1000573,1000573,957500,1002084,1.893264752,1.809030979
7,1843584,1000209,1000209,1000208,1001406,1.843200614,1.840995560
7,1843235,1000052,1000052,1000000,1001146,1.843235000,1.841125071
7,1843382,1000052,1000052,1000104,1001198,1.843190308,1.841176271
7,1835825,1000156,1000156,997241,1001458,1.840904054,1.833152264
7,1843963,1000417,1000417,1000417,1001458,1.843194388,1.841278416
7,1843734,1000261,1000261,1000260,1001302,1.843254754,1.841336580
7,1843552,1000157,1000157,1000208,1001250,1.843168621,1.841250437
7,1826454,1000208,1000208,983073,1001458,1.857902719,1.823794907
7,1843747,1000313,1000313,1000260,1001250,1.843267750,1.841445194
7,1843330,1000000,1000000,1000000,1001042,1.843330000,1.841411249
7,1843704,1000260,1000260,1000261,1001198,1.843222919,1.841497886
7,1835855,1000468,1000468,990573,1001510,1.853326307,1.833087039
7,1843312,1000052,1000052,1000000,1000990,1.843312000,1.841488926
7,1843826,1000313,1000313,1000365,1001250,1.843153249,1.841524095
7,1843985,1000417,1000417,1000365,1001302,1.843312191,1.841587253
7,1825678,1000417,1000417,976251,1001615,1.870090786,1.822734284
7,1843081,999896,999896,999948,1001042,1.843176845,1.841162509
7,1843190,1000000,1000000,1000000,1001041,1.843190000,1.841273235
7,1843593,1000209,1000209,1000208,1001198,1.843209612,1.841387018
7,1839766,1000417,1000417,997395,1001510,1.844571108,1.836992142
7,1844101,1000521,1000521,1000521,1001459,1.843140724,1.841414376
7,1844050,1000416,1000416,1000417,1001667,1.843281352,1.840981085
7,1843946,1000417,1000417,1000364,1001406,1.843275048,1.841357052
7,1828469,1000521,1000521,982604,1001771,1.860840176,1.825236506
7,1843192,1000000,1000000,1000000,1001093,1.843192000,1.841179591
7,1843539,1000208,1000208,1000209,1001250,1.843153781,1.841237453
7,1843980,1000417,1000417,1000417,1001459,1.843211381,1.841293553
7,1838610,1000260,1000260,996875,1001302,1.844373668,1.836219243
7,1843183,999948,999948,1000000,1001094,1.843183000,1.841168761
7,1843258,1000052,1000052,1000000,1001094,1.843258000,1.841243679
7,1860730,1014844,1014844,994844,1015989,1.870373647,1.831446994
7,1835625,1000625,1000625,992708,1002083,1.849108701,1.831809341
7,1844012,1000417,1000417,1000468,1001614,1.843149406,1.841040561
7,1843203,1000000,1000000,1000000,1001146,1.843203000,1.841093107
7,1838743,1000573,1000573,997344,1001771,1.843639707,1.835492343
7,1843851,1000365,1000365,1000312,1001458,1.843275898,1.841166579
7,1844187,1000573,1000573,1000573,1001614,1.843130886,1.841215279
7,1843374,1000104,1000104,1000052,1001198,1.843278150,1.841168280
7,1834283,1000260,1000260,985782,1001406,1.860738987,1.831707619
7,1836391,1000417,1000417,994635,1001875,1.846296380,1.832954211
7,1844004,1000469,1000469,1000416,1001562,1.843237213,1.841128158
7,1843529,1000156,1000156,1000156,1001563,1.843241454,1.840652061
7,1837025,1000208,1000208,995208,1001406,1.845870411,1.834445769
7,1844176,1000521,1000521,1000521,1001615,1.843215685,1.841202458
7,1843768,1000312,1000312,1000312,1001406,1.843192924,1.841179302
7,1843774,1000261,1000261,1000312,1001406,1.843198922,1.841185293
7,1835000,1000365,1000365,978386,1001667,1.875537876,1.831946146
7,1837261,1000417,1000417,993386,1001875,1.849493550,1.833822583
7,1843923,1000417,1000417,1000416,1001510,1.843156247,1.841142874
7,1843392,1000104,1000104,1000104,1001511,1.843200307,1.840610837
7,1773470,1000052,1000052,971562,1001302,1.825380161,1.771163945
7,1843500,1000156,1000156,978229,1001302,1.884528060,1.841102884
7,1843958,1000417,1000417,1000416,1001458,1.843191232,1.841273423
7,1843749,1000261,1000261,1000312,1001562,1.843173930,1.840873556
7,1835222,1000312,1000312,991720,1001458,1.850544509,1.832550142
7,1837055,1000469,1000469,992968,1001718,1.850064655,1.833904352
7,1843330,1000052,1000052,1000052,1001094,1.843234152,1.841315601
7,1843230,1000000,1000000,1000052,1001042,1.843134157,1.841311354
7,1838473,1000000,1000000,996615,1001146,1.844717368,1.836368522
7,1843908,1000416,1000416,1000365,1001563,1.843235219,1.841030469
7,1843491,1000156,1000156,1000104,1001198,1.843299297,1.841285140
7,1843868,1000364,1000364,1000365,1001302,1.843195234,1.841470406
7,1831038,1002812,1002812,975886,1003854,1.876282681,1.824008272
7,1843388,1000104,1000104,1000105,1001302,1.843194465,1.840991030
7,1843496,1000104,1000104,1000104,1001354,1.843304296,1.841003282
7,1843365,1000104,1000104,1000104,1001145,1.843173310,1.841256761
7,1839163,1000625,1000625,997553,1001771,1.843674471,1.835911601
7,1843746,1000313,1000313,1000313,1001563,1.843169088,1.840868722
7,1844130,1000521,1000521,1000521,1001563,1.843169709,1.841252123
7,1843509,1000156,1000156,1000156,1001250,1.843221457,1.841207491
7,1825269,1000260,1000260,984532,1001459,1.853945834,1.822609812
7,1844128,1000521,1000521,1000469,1001823,1.843263509,1.840772272
7,1843413,1000052,1000052,1000052,1001093,1.843317148,1.841400349
7,1843472,1000104,1000104,1000156,1001354,1.843184463,1.840979314
7,1837706,1000521,1000521,996927,1001667,1.843370678,1.834647642
7,1843659,1000261,1000261,1000260,1001458,1.843179773,1.840974859
7,1843923,1000416,1000416,1000365,1001406,1.843250214,1.841334084
7,1843654,1000260,1000260,1000209,1001302,1.843268757,1.841256684
7,1826608,1000677,1000677,967187,1001875,1.888577907,1.823189520
7,1843445,1000156,1000156,1000105,1001615,1.843251459,1.840472637
7,1843258,1000052,1000052,1000052,1001146,1.843162156,1.841148044
7,1843407,1000104,1000104,1000104,1001250,1.843215306,1.841105618
7,1835918,1000417,1000417,992291,1001562,1.850181046,1.833054768
7,1843712,1000260,1000260,1000261,1001563,1.843230917,1.840834775
7,1843311,1000052,1000052,1000052,1001198,1.843215153,1.841105356
7,1843197,1000052,1000052,999948,1001093,1.843292851,1.841184585
7,1828702,1000573,1000573,986093,1001667,1.854492426,1.825658627
7,1843588,1000209,1000209,1000208,1001406,1.843204613,1.840999555
7,1843828,1000365,1000365,1000312,1001406,1.843252905,1.841239218
7,1843373,1000105,1000105,1000104,1001146,1.843181309,1.841262913
7,1834923,1000208,1000208,991355,1001563,1.850924240,1.832059491
7,1843782,1000312,1000312,1000313,1001406,1.843205077,1.841193282
7,1844090,1000468,1000468,1000521,1001511,1.843129729,1.841307784
7,1842758,1000156,1000156,1000105,1001146,1.842564531,1.840648617
7,1812062,1000521,1000521,954532,1001823,1.898377425,1.808764622
7,1843054,999896,999896,1000000,1001198,1.843054000,1.840848663
7,1836916,1000781,1000781,1000886,1001927,1.835289933,1.833383071
7,1840243,1000520,1000520,1000573,1001563,1.839189145,1.837371189
7,1837127,1000104,1000104,995105,1001145,1.846163973,1.835025895
7,1843487,1000156,1000156,1000104,1001094,1.843295297,1.841472429
7,1843235,1000053,1000053,999948,1000990,1.843330853,1.841412002
7,1841656,1000364,1000364,1000313,1001406,1.841079742,1.839070267
7,1828349,1000260,1000260,983386,1001354,1.859238387,1.825876763
7,1841052,1000521,1000521,1000521,1001563,1.840093311,1.838178926
7,1841596,1000260,1000260,1000156,1001302,1.841308756,1.839201360
7,1840063,1000365,1000365,1000469,1001458,1.839200415,1.837384094
7,1834366,1000260,1000260,997292,1001302,1.839346952,1.831980761
7,1842122,1000677,1000677,1000678,1001771,1.840873888,1.838865369
7,1842388,1000364,1000364,1000417,1001458,1.841620044,1.839705709
7,1841655,1000208,1000208,1000052,1001459,1.841559239,1.838971940
7,1832904,1000156,1000156,954427,1001302,1.920423458,1.830520662
7,2090160,1000260,1000260,1000313,1001198,2.089505985,2.087658985
7,2092904,1000052,1000052,1000052,1000886,2.092795175,2.091051329
7,2092650,1000260,1000260,1000417,1001302,2.091777729,2.089928913
7,2087527,1000104,1000104,997343,1001042,2.093088336,2.085354061
7,2093953,1000521,1000521,1000573,1001563,2.092753852,2.090685259
7,2093184,1000156,1000156,1000209,1001197,2.092746616,2.090681454
7,2093672,1000417,1000417,1000469,1001406,2.092690528,2.090732430
7,2077763,1000105,1000105,981146,1000990,2.117689926,2.075708049
7,2093097,1000156,1000156,1000104,1001042,2.092879341,2.090918263
7,2092890,1000052,1000052,1000053,1000833,2.092779083,2.091148074
7,2092784,1000000,1000000,1000000,1000781,2.092784000,2.091150811
7,1924586,1000364,1000364,993386,1001355,1.937399963,1.921981715
7,1842313,1000260,1000260,1000208,1001093,1.841929879,1.840301550
7,1843122,999947,999947,999948,1000834,1.843217847,1.841586117
7,1843105,999948,999948,999896,1000885,1.843296703,1.841475294
7,1822215,1000677,1000677,961980,1001823,1.894233768,1.818899147
7,1843290,1000052,1000052,1000052,1001094,1.843194154,1.841275644
7,1844071,1000469,1000469,1000469,1001406,1.843206536,1.841481876
7,1843218,1000052,1000052,1000000,1000938,1.843218000,1.841490682
7,1839946,1000521,1000521,996197,1001719,1.846970027,1.836788560
7,1843280,1000052,1000052,1000000,1000937,1.843280000,1.841554463
7,1843565,1000156,1000156,1000209,1001146,1.843179775,1.841454693
7,1844015,1000468,1000468,1000417,1001354,1.843246366,1.841521580
7,1831383,1000416,1000416,986510,1001407,1.856426189,1.828809865
7,1843927,1000417,1000417,1000416,1001302,1.843160245,1.841529329
7,1843503,1000157,1000157,1000156,1001042,1.843215458,1.841584069
7,1843643,1000260,1000260,1000209,1001146,1.843257759,1.841532604
7,1840128,1000521,1000521,997969,1001458,1.843872906,1.837448999
7,1843643,1000260,1000260,1000209,1001145,1.843257759,1.841534443
7,1844222,1000573,1000573,1000521,1001459,1.843261661,1.841535200
7,1843248,1000000,1000000,1000000,1000990,1.843248000,1.841424989
7,1831437,1000209,1000209,979218,1001302,1.870305693,1.829055570
7,1843729,1000313,1000313,1000313,1001302,1.843152093,1.841331586
7,1843578,1000208,1000208,1000209,1001198,1.843192773,1.841372036
7,1843716,1000261,1000261,1000260,1001302,1.843236758,1.841318603
7,1837540,1000209,1000209,995521,1001510,1.845807371,1.834769498
7,1836682,1000417,1000417,1000521,1001563,1.835725587,1.833815746
7,1839145,1000209,1000209,1000312,1001406,1.838571366,1.836562793
7,1843926,1000365,1000365,1000365,1001458,1.843253213,1.841241470
7,1830745,1000573,1000573,985627,1001614,1.857442014,1.827794939
7,1843644,1000260,1000260,1000209,1001146,1.843258759,1.841533602
7,1843951,1000416,1000416,1000365,1001302,1.843278203,1.841553298
7,1843760,1000312,1000312,1000313,1001302,1.843183084,1.841362546
7,1839188,1000521,1000521,994843,1001511,1.848721859,1.836413180
7,1844198,1000521,1000521,1000885,1001823,1.842567328,1.840842145
7,1843648,1000260,1000260,1000312,1001302,1.843072961,1.841250692
7,1844045,1000469,1000469,1000468,1001458,1.843182391,1.841360297
7,1873252,1000469,1000469,972448,1001562,1.926326138,1.870330544
7,2091585,1000312,1000312,1000365,1001302,2.090821850,2.088865297
7,2094049,1000521,1000521,1000573,1001406,2.092849797,2.091108901
7,2093050,1000104,1000104,1000104,1000989,2.092832345,2.090982019
7,2087066,1000105,1000105,996199,1001250,2.095029206,2.084460424
7,2093111,1000104,1000104,1000104,1000937,2.092893339,2.091151591
7,2092940,1000105,1000105,1000052,1000885,2.092831173,2.091089386
7,2092948,1000052,1000052,1000052,1000989,2.092839172,2.090880120
7,2053599,1000208,1000208,971614,1001146,2.113595523,2.051248269
7,2092821,1000000,1000000,1000052,1000885,2.092712179,2.090970491
7,2093338,1000261,1000261,1000208,1001041,2.092902676,2.091161101
7,2093346,1000260,1000260,1000260,1001042,2.092801872,2.091167004
7,2087809,1000260,1000260,997552,1001146,2.092932499,2.085419110
7,1903748,1000052,1000052,1000104,1000886,1.903550031,1.902062772
7,1843397,1000469,1000469,1000468,1001355,1.842534694,1.840902577
7,1843412,1000469,1000469,1000468,1001355,1.842549687,1.840917557
7,1796399,1000729,1000729,946407,1001771,1.898125225,1.793223202
7,1843643,1000208,1000208,1000208,1001198,1.843259602,1.841436959
7,1843895,1000365,1000365,1000364,1001562,1.843224066,1.841019328
7,1843604,1000260,1000260,1000208,1001354,1.843220610,1.841111136
7,1835894,1000156,1000156,992135,1001667,1.850447772,1.832838658
7,1843682,1000260,1000260,1000261,1001354,1.843200925,1.841189030
7,1843232,1000052,1000052,1000000,1001146,1.843232000,1.841122074
7,1843906,1000364,1000364,1000417,1001510,1.843137412,1.841125900
7,1816236,1000261,1000261,963438,1001667,1.885161266,1.813213373
7,1843127,999948,999948,1000000,1001198,1.843127000,1.840921576
7,1843267,1000052,1000052,1000105,1001458,1.843073477,1.840583429
7,1843361,1000104,1000104,1000052,1001198,1.843265150,1.841155296
7,1836657,1000000,1000000,993124,1001459,1.849373291,1.833981221
7,1843120,999947,999947,1000000,1001146,1.843120000,1.841010202
7,1843444,1000157,1000157,1000104,1001250,1.843252302,1.841142572
7,1844019,1000417,1000417,1000469,1001563,1.843154561,1.841141296
7,1818668,1000260,1000260,953178,1001510,1.908004591,1.815925952
7,1843309,1000052,1000052,1000052,1001562,1.843213153,1.840434242
7,1843241,1000000,1000000,1000000,1001146,1.843241000,1.841131064
7,1843272,1000052,1000052,1000053,1001146,1.843174312,1.841162028
7,1838209,1000364,1000364,994220,1001823,1.848895617,1.834864043
7,1843190,1000000,1000000,1000000,1001146,1.843190000,1.841080122
7,1844226,1000573,1000573,1000573,1001927,1.843169864,1.840679012
7,1843376,1000053,1000053,1000052,1001197,1.843280149,1.841172117
7,1830395,1000730,1000730,979374,1001980,1.868943836,1.826777980
7,1843273,1000052,1000052,1000000,1001354,1.843273000,1.840780583
7,1843978,1000417,1000417,1000468,1001667,1.843115422,1.840909204
7,1843519,1000156,1000156,1000208,1001250,1.843135628,1.841217478
7,1836453,1000208,1000208,994011,1001406,1.847517784,1.833874572
7,1843969,1000417,1000417,1000416,1001458,1.843202228,1.841284407
7,1843223,1000000,1000000,1000000,1001302,1.843223000,1.840826244
7,1844067,1000469,1000469,1000468,1001511,1.843204380,1.841284819
7,1763435,1000677,1000677,916249,1002240,1.924624201,1.759493734
7,1843844,1000313,1000313,1000312,1001563,1.843268900,1.840966569
7,1843341,1000104,1000104,1000104,1001198,1.843149312,1.841135320
7,1843279,1000000,1000000,1000052,1001198,1.843183154,1.841073394
7,1838052,1000469,1000469,996458,1001822,1.844585522,1.834709160
7,1843298,1000053,1000053,1000052,1001198,1.843202153,1.841092371
7,1843773,1000313,1000313,1000312,1001459,1.843197922,1.841086854
7,1843709,1000260,1000260,1000313,1001718,1.843132100,1.840546940
7,1827155,1000365,1000365,978645,1001927,1.867025326,1.823640844
7,1844005,1000469,1000469,1000417,1001615,1.843236370,1.841031734
7,1843320,1000052,1000052,1000053,1001198,1.843222309,1.841114345
7,1843932,1000416,1000416,1000417,1001614,1.843163401,1.840960689
7,1835095,1000573,1000573,996094,1001771,1.842290989,1.831850792
7,1843182,1000000,1000000,1000000,1001198,1.843182000,1.840976510
7,1843331,1000052,1000052,1000053,1001198,1.843233309,1.841125332
7,1843246,1000000,1000000,1000000,1001146,1.843246000,1.841136058
7,1794543,1000521,1000521,946927,1001928,1.895122855,1.791089779
7,1843152,999948,999948,1000000,1001146,1.843152000,1.841042166
7,1844032,1000468,1000468,1000469,1001718,1.843167554,1.840869386
7,1843786,1000313,1000313,1000312,1001354,1.843210918,1.841292889
7,1836609,1000365,1000365,994687,1001615,1.846419024,1.833647659
7,1843861,1000364,1000364,1000365,1001562,1.843188236,1.840985381
7,1844025,1000417,1000417,1000468,1001458,1.843162400,1.841340326
7,1843859,1000313,1000313,1000364,1001459,1.843188080,1.841172729
7,1831302,1000052,1000052,984531,1001407,1.860075508,1.828728978
7,1843644,1000208,1000208,1000208,1001302,1.843260602,1.841246697
7,1843407,1000157,1000157,1000104,1001145,1.843215306,1.841298713
7,1843677,1000261,1000261,1000312,1001302,1.843101952,1.841279654
7,1839107,1000625,1000625,997187,1001667,1.844295002,1.836046311
7,1844010,1000417,1000417,1000469,1001458,1.843145565,1.841325348
7,1843511,1000156,1000156,1000156,1001198,1.843223457,1.841305116
7,1843262,1000052,1000052,1000052,1001250,1.843166155,1.840960799
7,1823562,1000520,1000520,965207,1002083,1.889296286,1.819771416
7,1843536,1000208,1000208,1000104,1001719,1.843344292,1.840372400
7,1843351,1000104,1000104,1000052,1001198,1.843255151,1.841145308
7,1843244,1000000,1000000,1000000,1001146,1.843244000,1.841134060
7,1835555,1000104,1000104,995469,1001302,1.843909755,1.833168215
7,1843321,1000052,1000052,1000052,1001146,1.843225152,1.841210972
7,1843613,1000260,1000260,1000208,1001354,1.843229608,1.841120123
7,1843592,1000208,1000208,1000208,1001354,1.843208613,1.841099152
7,1830884,1000469,1000469,983072,1002083,1.862410892,1.827078196
7,1843498,1000156,1000156,1000157,1001614,1.843208616,1.840527389
7,1843778,1000313,1000313,1000312,1001458,1.843202921,1.841093685
7,1843493,1000157,1000157,1000208,1001302,1.843109633,1.841095893
7,1837486,1000469,1000469,996146,1001667,1.844595069,1.834428009
7,1843168,1000000,1000000,999948,1001094,1.843263850,1.841153778
7,1844150,1000521,1000521,1000468,1001666,1.843287342,1.841082756
7,1843411,1000105,1000105,1000104,1001302,1.843219305,1.841014000
7,1824457,1000520,1000520,969115,1002032,1.882601136,1.820757221
7,1843304,1000104,1000104,1000052,1001250,1.843208153,1.841002747
7,1843379,1000104,1000104,1000104,1001250,1.843187309,1.841077653
7,1843239,1000000,1000000,1000000,1001094,1.843239000,1.841224700
7,1837407,1000260,1000260,996772,1001406,1.843357358,1.834827233
7,1844055,1000469,1000469,1000469,1001875,1.843190544,1.840603868
7,1844032,1000469,1000469,1000469,1001615,1.843167554,1.841058690
7,1843449,1000156,1000156,1000157,1001250,1.843159624,1.841147566
7,1785775,1000260,1000260,948646,1001718,1.882446139,1.782712300
7,1843580,1000208,1000208,1000261,1001354,1.843098951,1.841087168
7,1843314,1000416,1000416,1000365,1001562,1.842641436,1.840439234
7,1843941,1000417,1000417,1000364,1001562,1.843270050,1.841065256
7,1833971,1000104,1000104,995208,1001302,1.842801706,1.831586275
7,1843488,1000156,1000156,1000105,1001250,1.843294454,1.841186517
7,1843740,1000312,1000312,1000261,1001406,1.843258909,1.841151341
7,1844087,1000469,1000469,1000416,1001614,1.843320179,1.841115440
7,1814097,1000625,1000625,957240,1002188,1.895132882,1.810136422
7,1843086,999948,999948,999948,1001146,1.843181845,1.840976241
7,1843147,999948,999948,999948,1001094,1.843242849,1.841132801
7,1843358,1000104,1000104,1000052,1001406,1.843262150,1.840769878
7,1836788,1000417,1000417,995989,1001562,1.844185026,1.833923412
7,1843867,1000364,1000364,1000365,1001459,1.843194234,1.841180717
7,1843497,1000156,1000156,1000105,1001250,1.843303453,1.841195506
7,1843800,1000312,1000312,1000313,1001458,1.843223071,1.841115653
7,1813782,1000261,1000261,967186,1001823,1.875318708,1.810481492
7,1843750,1000313,1000313,1000312,1001458,1.843174929,1.841065726
7,1843428,1000104,1000104,1000052,1001511,1.843332147,1.840646783
7,1844085,1000469,1000469,1000416,1001614,1.843318180,1.841113443
7,1837758,1000052,1000052,995208,1001250,1.846606940,1.835463670
7,1843715,1000313,1000313,1000260,1001406,1.843235759,1.841126376
7,1844099,1000468,1000468,1000469,1001563,1.843234523,1.841221171
7,1843426,1000156,1000156,1000104,1001250,1.843234304,1.841124594
7,1827132,1000468,1000468,970416,1002031,1.882833754,1.823428616
7,1843396,1000105,1000105,1000104,1001302,1.843204307,1.840999019
7,1843577,1000209,1000209,1000156,1001354,1.843289447,1.841084172
7,1843912,1000364,1000364,1000365,1001511,1.843239218,1.841130052
7,1833381,1000365,1000365,996302,1001823,1.840186008,1.830044828
7,1844161,1000521,1000521,1000520,1001927,1.843202535,1.840614137
7,1843575,1000208,1000208,1000156,1001302,1.843287447,1.841177787
7,1843957,1000417,1000417,1000416,1001510,1.843190233,1.841176823
7,1808559,1000729,1000729,965573,1002240,1.873042225,1.804516882
7,1843237,1000000,1000000,1000000,1001198,1.843237000,1.841031444
7,1843332,1000104,1000104,1000052,1001198,1.843236152,1.841126331
7,1844061,1000469,1000469,1000469,1001770,1.843196541,1.840802779
7,1836086,1000104,1000104,993802,1001459,1.847537035,1.833411053
7,1843872,1000417,1000417,1000364,1001510,1.843201075,1.841091951
7,1843404,1000104,1000104,1000104,1001250,1.843212306,1.841102622
7,1843921,1000365,1000365,1000364,1001510,1.843250057,1.841140877
7,1803542,1000417,1000417,949323,1001927,1.899819134,1.800073259
7,1843758,1000312,1000312,1000313,1001459,1.843181084,1.841071876
7,1843981,1000417,1000417,1000468,1001562,1.843118421,1.841105194
7,1844042,1000469,1000469,1000417,1001563,1.843273355,1.841164260
7,1838940,1000468,1000468,996251,1001667,1.845860130,1.835879589
7,1843510,1000157,1000157,1000156,1001302,1.843222457,1.841112871
7,1843194,1000000,1000000,1000000,1001094,1.843194000,1.841179749
7,1843269,1000000,1000000,1000000,1001146,1.843269000,1.841159032
7,1826211,1000521,1000521,983750,1001822,1.856377128,1.822889695
7,1843708,1000312,1000312,1000260,1001406,1.843228761,1.841119386
7,1833310,1000677,1000677,1000781,1002135,1.831879302,1.829404222
7,1842569,1000365,1000365,1000729,1001979,1.841226746,1.838929758
7,1838997,1000468,1000468,996250,1001719,1.845919197,1.835841189
7,1843543,1000209,1000209,1000156,1001302,1.843255452,1.841145828
7,1843759,1000313,1000313,1000521,1001823,1.842798902,1.840403944
7,1842373,1000521,1000521,1000625,1001771,1.841222236,1.839115926
7,1802211,1000364,1000364,942083,1001822,1.913006603,1.798933343
7,1844193,1000573,1000573,1000521,1001979,1.843232676,1.840550550
7,1843953,1000417,1000417,1000469,1001614,1.843088591,1.840981656
7,1844165,1000520,1000520,1000521,1001875,1.843204690,1.840713662
7,1836981,1000416,1000416,992240,1001927,1.851347456,1.833447946
7,1843886,1000364,1000364,1000365,1001667,1.843213227,1.840817357
7,1844215,1000521,1000521,1000521,1002031,1.843254664,1.840476991
7,1843432,1000156,1000156,1000156,1001354,1.843144469,1.840939368
7,1830039,1000625,1000625,980627,1002136,1.866192752,1.826138368
7,1843707,1000261,1000261,1000312,1001562,1.843131943,1.840831621
7,1843803,1000313,1000313,1000260,1001250,1.843323736,1.841501124
7,1844186,1000521,1000521,1000677,1001667,1.842938331,1.841116858
7,1839179,1000573,1000573,997083,1001614,1.844559580,1.836215348
7,1843327,1000052,1000052,1000052,1001094,1.843231152,1.841312604
7,1844068,1000469,1000469,1000469,1001406,1.843203538,1.841478881
7,1843229,1000000,1000000,1000000,1000937,1.843229000,1.841503511
7,1994893,1000469,1000469,966979,1001511,2.063015846,1.991883264
7,2093220,1000208,1000208,1000052,1001302,2.093111158,2.090498171
7,2093291,1000572,1000572,1000781,1001719,2.091657416,2.089698808
7,2093110,1000104,1000104,1000157,1001094,2.092781433,2.090822640
7,2086433,1000313,1000313,995104,1001198,2.096698436,2.083936444
7,2093183,1000208,1000208,1000209,1001041,2.092745616,2.091006262
7,2093200,1000208,1000208,1000208,1001354,2.092764705,2.090369640
7,2093082,1000469,1000469,1000469,1001510,2.092100805,2.089926211
7,2080714,1000312,1000312,986824,1001198,2.108495537,2.078224287
7,2093569,1000364,1000364,1000365,1001354,2.092805126,2.090738141
7,2093296,1000261,1000261,1000312,1001250,2.092643095,2.090682647
7,1964070,1000104,1000104,1000157,1000989,1.963761689,1.962129454
7,1836670,1000157,1000157,995730,1001302,1.844546212,1.834281765
7,1844105,1000521,1000521,1000469,1001406,1.843240520,1.841515829
7,1843971,1000417,1000417,1000417,1001354,1.843202385,1.841477639
7,1843698,1000261,1000261,1000312,1001146,1.843122946,1.841587541
7,1822729,1000833,1000833,966353,1002292,1.886193761,1.818560859
7,1843952,1000417,1000417,1000468,1001614,1.843089434,1.840980657
7,1843369,1000104,1000104,1000104,1001198,1.843177310,1.841163286
7,1843968,1000417,1000417,1000364,1001510,1.843297040,1.841187806
7,1838337,1000521,1000521,996927,1001667,1.844003623,1.835277592
7,1843651,1000261,1000261,1000260,1001406,1.843171775,1.841062466
7,1844067,1000469,1000469,1000469,1001563,1.843202538,1.841189221
7,1843893,1000364,1000364,1000313,1001771,1.843316042,1.840633239
7,1815234,1000417,1000417,965312,1001979,1.880463519,1.811648747
7,1843581,1000209,1000209,1000156,1001406,1.843293446,1.840992564
7,1844025,1000417,1000417,1000469,1001615,1.843160558,1.841051702
7,1843306,1000052,1000052,1000052,1001145,1.843210153,1.841197828
7,1838341,1000677,1000677,994219,1002032,1.849030244,1.834613066
7,1843607,1000260,1000260,1000208,1001407,1.843223609,1.841016690
7,1843189,1000000,1000000,999948,1001093,1.843284851,1.841176594
7,1844100,1000468,1000468,1000417,1001563,1.843331331,1.841222170
7,1796716,1000417,1000417,940938,1001927,1.909494568,1.793260387
7,1843421,1000104,1000104,1000052,1001459,1.843325147,1.840735367
7,1843530,1000208,1000208,1000156,1001406,1.843242454,1.840941636
7,1843993,1000417,1000417,1000416,1001666,1.843226218,1.840926017
7,1834726,1000468,1000468,991615,1001823,1.850240265,1.831387381
7,1843885,1000364,1000364,1000365,1001458,1.843212228,1.841200530
7,1843782,1000312,1000312,1000313,1001407,1.843205077,1.841191444
7,1844034,1000469,1000469,1000417,1001719,1.843265358,1.840869545
7,1809342,1000313,1000313,967186,1001510,1.870728071,1.806614013
7,1843712,1000260,1000260,1000261,1001198,1.843230917,1.841505876
7,1844045,1000469,1000469,1000469,1001406,1.843180548,1.841455913
7,1843899,1000365,1000365,1000365,1001302,1.843226222,1.841501365
7,1840176,1000573,1000573,997812,1001719,1.844211134,1.837018166
7,1835417,1000365,1000365,1000469,1001458,1.834556593,1.832744858
7,1838503,1000313,1000313,1000313,1001354,1.837927729,1.836017033
7,1842803,1000573,1000573,1000521,1001511,1.841843400,1.840022726
7,1838442,1000261,1000261,995054,1001510,1.847580131,1.835670138
7,1843515,1000156,1000156,1000156,1001198,1.843227457,1.841309112
7,1844327,1000573,1000573,1000573,1001563,1.843270806,1.841448816
7,1838232,1000052,1000052,997396,1001042,1.843031253,1.836318556
7,1843414,1000157,1000157,1000104,1001094,1.843222305,1.841399509
7,1843725,1000261,1000261,1000364,1001354,1.843054128,1.841231972
7,1843762,1000313,1000313,1000416,1001458,1.842995314,1.841077709
7,1838370,1000521,1000521,991354,1001511,1.854403170,1.835596414
7,1839253,1000416,1000416,995730,1001406,1.847140289,1.836670641
7,1843274,999948,999948,1000000,1000937,1.843274000,1.841548469
7,1843843,1000312,1000312,1000365,1001250,1.843170243,1.841541074
7,1839861,1000521,1000521,996458,1001511,1.846400952,1.837085164
7,1843808,1000312,1000312,1000365,1001302,1.843135256,1.841410484
7,1843336,1000052,1000052,1000052,1001042,1.843240152,1.841417243
7,1843794,1000365,1000365,1000260,1001302,1.843314738,1.841396502
7,1823078,1000886,1000886,977968,1001927,1.864148929,1.819571685
7,2071122,1000000,1000000,996562,1001042,2.078267082,2.068966137
7,2093613,1000364,1000364,1000365,1001302,2.092849110,2.090890660
7,2090330,1000156,1000156,1000208,1000990,2.089895302,2.088262620
7,2084870,1000000,1000000,995468,1000937,2.094361647,2.082918306
7,2092963,1000052,1000052,1000052,1001094,2.092854172,2.090675801
7,2093109,1000156,1000156,1000105,1000937,2.092889247,2.091149593
7,1879472,1000104,1000104,1000104,1001146,1.879276555,1.877320591
7,1832905,1000156,1000156,988073,1001198,1.855029942,1.830711807
7,1839170,1000781,1000781,994636,1002136,1.849088511,1.835249906
7,1843510,1000209,1000209,1000208,1001250,1.843126630,1.841208489
7,1843323,1000417,1000417,1000365,1001510,1.842650433,1.840543779
7,1836503,1000468,1000468,993177,1001719,1.849119543,1.833351469
7,1843284,1000053,1000053,1000052,1001406,1.843188154,1.840695981
7,1843412,1000104,1000104,1000104,1001250,1.843220305,1.841110612
7,1844043,1000468,1000468,1000469,1001614,1.843178549,1.841071511
7,1825994,1002292,1002292,959530,1003490,1.903008765,1.819643444
7,1843871,1000364,1000364,1000365,1001562,1.843198233,1.840995365
7,1843292,1000052,1000052,1000052,1001510,1.843196154,1.840512826
7,1843533,1000156,1000156,1000156,1001302,1.843245454,1.841135841
7,1836149,1000625,1000625,994010,1001875,1.847213811,1.832712664
7,1843618,1000260,1000260,1000260,1001615,1.843138784,1.840645358
7,1843783,1000312,1000312,1000313,1001458,1.843206076,1.841098678
7,1843511,1000156,1000156,1000157,1001250,1.843221614,1.841209488
7,1828215,1000312,1000312,976667,1001563,1.871891853,1.825361959
7,1843116,1000000,1000000,999948,1001406,1.843211847,1.840528217
7,1844141,1000468,1000468,1000469,1001667,1.843276503,1.841071933
7,1844196,1000573,1000573,1000521,1001718,1.843235674,1.841033105
7,1837906,1000521,1000521,994635,1001667,1.847819552,1.834847310
7,1844103,1000468,1000468,1000521,1001875,1.843142723,1.840651778
7,1843558,1000208,1000208,1000209,1001354,1.843172777,1.841065198
7,1843812,1000364,1000364,1000313,1001459,1.843235067,1.841125797
7,1822440,1000469,1000469,962864,1001719,1.892728360,1.819312602
7,1843638,1000261,1000261,1000208,1001718,1.843254603,1.840476062
7,1843858,1000364,1000364,1000365,1001511,1.843185237,1.841076134
7,1843613,1000209,1000209,1000208,1001354,1.843229608,1.841120123
7,1835960,1000105,1000105,994635,1001354,1.845863055,1.833477472
7,1844202,1000573,1000573,1000521,1001614,1.843241671,1.841230254
7,1844177,1000521,1000521,1000521,1001823,1.843216684,1.840821183
7,1843294,1000052,1000052,1000052,1001146,1.843198154,1.841184003
7,1824270,1000520,1000520,980000,1001719,1.861500000,1.821139461
7,1843266,1000052,1000052,1000053,1001198,1.843168312,1.841060410
7,1843974,1000416,1000416,1000365,1001875,1.843301195,1.840523019
7,1843983,1000468,1000468,1000469,1001562,1.843118577,1.841107191
7,1835122,1000625,1000625,985625,1001823,1.861886620,1.831782660
7,1843693,1000261,1000261,1000260,1001355,1.843213764,1.841198176
7,1844075,1000469,1000469,1000469,1001562,1.843210534,1.841199047
7,1843911,1000364,1000364,1000365,1001510,1.843238218,1.841130892
7,1782511,1000521,1000521,939531,1001823,1.897234897,1.779267396
7,1843543,1000156,1000156,1000208,1001354,1.843159623,1.841050218
7,1843442,1000156,1000156,1000156,1001250,1.843154468,1.841140574
7,1843317,1000052,1000052,1000052,1001198,1.843221153,1.841111349
7,1837806,1000573,1000573,996615,1001771,1.844048103,1.834557000
7,1844070,1000469,1000469,1000416,1001615,1.843303186,1.841096629
7,1843759,1000312,1000312,1000313,1001458,1.843182084,1.841074713
7,1844025,1000416,1000416,1000417,1001510,1.843256362,1.841244720
7,1827942,1000156,1000156,984635,1001302,1.856466609,1.825565114
7,1843729,1000313,1000313,1000260,1001406,1.843249755,1.841140357
7,1843466,1000104,1000104,1000156,1001562,1.843178464,1.840590997
7,1843155,999948,999948,999948,1001094,1.843250849,1.841140792
7,1836594,1000313,1000313,995729,1001458,1.844471739,1.833920144
7,1843367,1000104,1000104,1000105,1001250,1.843173467,1.841065668
7,1843972,1000416,1000416,1000417,1001562,1.843203384,1.841096208
7,1843516,1000156,1000156,1000156,1001302,1.843228456,1.841118863
7,1823995,1000208,1000208,966927,1001563,1.886383357,1.821148545
7,1843162,999948,999948,999948,1001093,1.843257849,1.841149623
7,1844055,1000469,1000469,1000469,1001458,1.843190544,1.841370282
7,1843315,1000104,1000104,1000052,1001250,1.843219153,1.841013733
7,1837612,1000000,1000000,995885,1001146,1.845205019,1.835508507
7,1843557,1000208,1000208,1000208,1001198,1.843173620,1.841351061
7,1843522,1000157,1000157,1000104,1001354,1.843330294,1.841029246
7,1843695,1000261,1000261,1000260,1001302,1.843215764,1.841297630
7,1830948,1000365,1000365,982396,1001562,1.863757589,1.828092519
7,1843109,999948,999948,999948,1000938,1.843204847,1.841381784
7,1844082,1000469,1000469,1000469,1001406,1.843217531,1.841492861
7,1843376,1000104,1000104,1000156,1001041,1.843088478,1.841459041
7,1839400,1000104,1000104,997291,1001094,1.844396470,1.837389895
7,1843813,1000313,1000313,1000312,1001198,1.843237910,1.841606755
7,1843678,1000261,1000261,1000260,1001198,1.843198768,1.841471917
7,1843969,1000416,1000416,1000417,1001302,1.843200385,1.841571274
7,1824335,1000312,1000312,962553,1001667,1.895308622,1.821298895
7,1843260,1000052,1000052,1000000,1001198,1.843260000,1.841054417
7,1843427,1000104,1000104,1000104,1001250,1.843235304,1.841125593
7,1844142,1000521,1000521,1000521,1001614,1.843181702,1.841170351
7,1835119,1000417,1000417,991145,1001823,1.851514158,1.831779666
7,1843942,1000417,1000417,1000364,1001511,1.843271049,1.841160007
7,1844133,1000469,1000469,1000469,1001615,1.843268507,1.841159527
7,1844092,1000469,1000469,1000469,1001615,1.843227526,1.841118593
7,1830254,1000521,1000521,980938,1002084,1.865820266,1.826447683
7,1843510,1000208,1000208,1000209,1001354,1.843124787,1.841017263
7,1843189,999948,999948,999947,1001406,1.843286694,1.840601115
7,1843416,1000156,1000156,1000104,1001250,1.843224305,1.841114607
7,1836860,1000469,1000469,996561,1001667,1.843198761,1.833803050
7,1843751,1000312,1000312,1000313,1001406,1.843174087,1.841162326
7,1843992,1000417,1000417,1000468,1001510,1.843129415,1.841211770
7,1843273,1000052,1000052,1000000,1001146,1.843273000,1.841163027
7,1828526,1000573,1000573,968959,1002031,1.887103582,1.824819791
7,1844026,1000416,1000416,1000417,1001666,1.843257362,1.840958962
7,1843551,1000208,1000208,1000156,1001354,1.843263451,1.841058207
7,1843763,1000313,1000313,1000260,1001406,1.843283746,1.841174309
7,1837603,1000261,1000261,995260,1001719,1.846354721,1.834449581
7,1843296,1000052,1000052,1000052,1001198,1.843200154,1.841090374
7,1843238,1000000,1000000,1000000,1001094,1.843238000,1.841223701
7,1844166,1000521,1000521,1000469,1001614,1.843301492,1.841194312
7,1828361,1000209,1000209,981198,1001719,1.863396583,1.825223441
7,1844088,1000469,1000469,1000469,1001667,1.843223528,1.841019021
7,1844172,1000521,1000521,1000520,1001615,1.843213529,1.841198464
7,1843457,1000104,1000104,1000156,1001198,1.843169466,1.841251181
7,1837942,1000572,1000572,995885,1001770,1.845536382,1.834694591
7,1843441,1000157,1000157,1000104,1001250,1.843249302,1.841139576
7,1843279,1000052,1000052,1000052,1001198,1.843183154,1.841073394
7,1843351,1000104,1000104,1000104,1001511,1.843159311,1.840569899
7,1823653,1000260,1000260,968803,1001718,1.882377532,1.820525337
7,1843396,1000104,1000104,1000104,1001302,1.843204307,1.840999019
7,1843301,1000104,1000104,1000052,1001145,1.843205153,1.841192834
7,1843818,1000365,1000365,1000365,1001459,1.843145252,1.841131789
7,1831315,1000260,1000260,993073,1001510,1.844089005,1.828553884
7,1843572,1000157,1000157,1000208,1001615,1.843188617,1.840599432
7,1843202,1000000,1000000,1000000,1001146,1.843202000,1.841092108
7,1843514,1000156,1000156,1000156,1001302,1.843226457,1.841116866
7,1800499,1000104,1000104,961250,1001614,1.873080884,1.797597677
7,1843636,1000261,1000261,1000260,1001667,1.843156779,1.840567774
7,1844168,1000573,1000573,1000520,1001667,1.843209531,1.841098888
7,1843460,1000156,1000156,1000104,1001250,1.843268300,1.841158552
7,1834769,1000573,1000573,986979,1002135,1.858974710,1.830860114
7,1843267,1000052,1000052,1000000,1001511,1.843267000,1.840486026
7,1843450,1000156,1000156,1000104,1001250,1.843258301,1.841148564
7,1844123,1000521,1000521,1000469,1001615,1.843258512,1.841149543
7,1825149,1000573,1000573,968385,1002187,1.884734894,1.821166110
7,1843981,1000416,1000416,1000417,1001614,1.843212380,1.841009610
7,1844139,1000521,1000521,1000521,1001823,1.843178704,1.840783252
7,1843917,1000417,1000417,1000364,1001511,1.843246058,1.841135045
7,1835035,1000364,1000364,997084,1001615,1.840401611,1.832076197
7,1841172,1000313,1000313,1000260,1001458,1.840693420,1.838491479
7,1843597,1000209,1000209,1000208,1001355,1.843213612,1.841102306
7,1840400,1000365,1000365,1000417,1001511,1.839632873,1.837623351
7,1812324,1000156,1000156,974322,1001354,1.860087322,1.809873431
7,1840001,1000312,1000312,1000260,1001719,1.839522724,1.836843466
7,1842493,1000573,1000573,1000573,1001666,1.841437856,1.839428512
7,1839889,1000156,1000156,1000208,1001302,1.839506383,1.837496579
7,1833950,1000261,1000261,996145,1001511,1.841047237,1.831183082
7,1840153,1000156,1000156,1000209,1001354,1.839768488,1.837664802
7,1842785,1000364,1000364,1000417,1001771,1.842016879,1.839527197
7,1840680,1000208,1000208,1000209,1001354,1.840295378,1.838191089
7,1820446,1000364,1000364,967030,1001718,1.882512435,1.817323838
7,1840339,1000157,1000157,1000156,1001250,1.840051952,1.838041448
7,1842817,1000209,1000209,1000260,1001354,1.842337992,1.840325200
7,1840940,1000104,1000104,1000104,1001354,1.840748562,1.838450738
7,1824281,1000573,1000573,997083,1001875,1.829617996,1.820866875
7,1843349,1000105,1000105,999531,1001459,1.844213936,1.840663472
7,1843216,1000365,1000365,1000521,1001719,1.842256185,1.840052949
7,1843651,1000209,1000209,1000260,1001563,1.843171775,1.840773870
7,1824510,1000416,1000416,980521,1001719,1.860755659,1.821379049
7,1844110,1000469,1000469,1000468,1001458,1.843247360,1.841425202
7,1843349,1000104,1000104,1000104,1000938,1.843157312,1.841621559
7,1844189,1000572,1000572,1000521,1001458,1.843228678,1.841504087
7,1839334,1000260,1000260,997657,1001302,1.843653681,1.836942301
7,1843425,1000156,1000156,1000105,1001042,1.843231461,1.841506151
7,1844074,1000469,1000469,1000521,1001562,1.843113738,1.841198049
7,1844581,1000729,1000729,1000782,1001771,1.843139665,1.841320022
7,1911398,1000261,1000261,964167,1001302,1.982434578,1.908912596
7,2092085,1000313,1000313,1000313,1001354,2.091430382,2.089256147
7,2092222,1000052,1000052,1000052,1000938,2.092113210,2.090261335
7,2093196,1000209,1000209,1000208,1001146,2.092760706,2.090799943
7,2087434,1000260,1000260,995991,1001354,2.095836207,2.084611436
7,2093963,1000573,1000573,1000677,1001562,2.092546346,2.090697331
7,2093473,1000312,1000312,1000365,1001406,2.092709161,2.090533710
7,2092311,1000104,1000104,1000104,1001042,2.092093422,2.090133081
7,2081592,1000521,1000521,988073,1001511,2.106718836,2.078451460
7,2093684,1000417,1000417,1000468,1001407,2.092704614,2.090742326
7,2093647,1000417,1000417,1000417,1001250,2.092774313,2.091033208
7,2092845,1000052,1000052,1000052,1000833,2.092736178,2.091103111
7,2088618,1000105,1000105,997708,1000989,2.093416110,2.086554398
7,2093619,1001354,1001354,1001615,1002552,2.090243257,2.088289685
7,1827624,999948,999948,999479,1001041,1.828576688,1.825723422
7,1843391,1000104,1000104,1000052,1000990,1.843295149,1.841567848
7,1826375,1000521,1000521,966614,1001666,1.889456391,1.823337320
7,1843132,999948,999948,999896,1000937,1.843323706,1.841406602
7,1844107,1000469,1000469,1000521,1001406,1.843146721,1.841517826
7,1843889,1000365,1000365,1000364,1001302,1.843218069,1.841491378
7,1838570,1000469,1000469,996146,1001511,1.845683263,1.835796112
7,1843873,1000364,1000364,1000365,1001302,1.843200232,1.841475399
7,1844085,1000468,1000468,1000521,1001510,1.843124732,1.841304630
7,1843447,1000156,1000156,1000157,1001042,1.843157624,1.841528128
7,1833050,1000469,1000469,987604,1001511,1.856057691,1.830284440
7,1843266,1000052,1000052,1000053,1000990,1.843168312,1.841442971
7,1839143,1000469,1000469,998594,1001459,1.841732476,1.836463600
7,1843721,1000260,1000260,1000313,1001197,1.843144096,1.841516705
7,1837668,1000157,1000157,993645,1001146,1.849421071,1.835564443
7,1844056,1000469,1000469,1000469,1001511,1.843191543,1.841273835
7,1843663,1000261,1000261,1000313,1001303,1.843086114,1.841263833
7,1843251,1000052,1000052,1000052,1000990,1.843155156,1.841427986
7,1818537,1000625,1000625,958230,1001771,1.897808459,1.815322065
7,1843836,1000365,1000365,1000312,1001354,1.843260903,1.841342822
7,1843719,1000260,1000260,1000260,1001250,1.843239758,1.841417228
7,1844401,1000677,1000677,1000730,1001875,1.843055569,1.840949220
7,1829354,1000572,1000572,995729,1001927,1.837200684,1.825835615
7,1839864,1000312,1000312,1000313,1001406,1.839288303,1.837280783
7,1843522,1000156,1000156,1000157,1001198,1.843232612,1.841316103
7,1843344,1000105,1000105,1000104,1001146,1.843152312,1.841233946
7,1833166,1000573,1000573,982864,1001823,1.865126813,1.829830220
7,1843412,1000156,1000156,1000104,1001094,1.843220305,1.841397511
7,1843190,999948,999948,1000000,1001093,1.843190000,1.841177593
7,1843910,1000364,1000364,1000365,1001355,1.843237218,1.841414883
7,1839505,1000625,1000625,996302,1001770,1.846332738,1.836254829
7,1843799,1000313,1000313,1000469,1001563,1.842934664,1.840921639
7,1844346,1000625,1000625,1000677,1001666,1.843098223,1.841278430
7,1843443,1000104,1000104,1000156,1001146,1.843155468,1.841332833
7,1934520,1000417,1000417,961354,1001458,2.012286837,1.931703576
7,2092851,1000052,1000052,1000052,1001042,2.092742177,2.090672519
7,2092411,1000157,1000157,1000156,1000990,2.092084635,2.090341562
7,2092861,1000052,1000052,1000000,1000885,2.092861000,2.091010456
7,2087462,1000312,1000312,996251,1001354,2.095317345,2.084639398
7,2093768,1000468,1000468,1000469,1001250,2.092786483,2.091154057
7,2093393,1000261,1000261,1000312,1001146,2.092740065,2.090996718
7,2092927,1000364,1000364,1000365,1001198,2.092163360,2.090422674
7,2081707,1000573,1000573,985105,1001459,2.113182859,2.078674214
7,2093579,1000416,1000416,1000365,1001302,2.092815122,2.090856705
7,2093116,1000157,1000157,1000156,1000885,2.092789525,2.091265230
7,2092941,1000052,1000052,1000052,1000833,2.092832173,2.091199031
7,2044541,1000364,1000364,998126,1001354,2.048379663,2.041776435
7,1839150,1000260,1000260,1000209,1001094,1.838765698,1.837140169
7,1843712,1000261,1000261,1000260,1001146,1.843232759,1.841601525
7,1842825,1000156,1000156,1000156,1001042,1.842537564,1.840906775
7,1822567,1000469,1000469,971771,1001511,1.875510794,1.819817256
7,1834930,1000469,1000469,1000364,1001667,1.834262329,1.831876262
7,1838219,1000156,1000156,1000156,1001302,1.837932283,1.835828751
7,1836912,1000157,1000157,1000104,1001250,1.836720981,1.834618727
7,1830386,1000209,1000209,992709,1001667,1.843829360,1.827339825
7,1836026,1000469,1000469,1000468,1001614,1.835167142,1.833067429
7,1836927,1000260,1000260,1000261,1001406,1.836447687,1.834347907
7,1835942,1000416,1000416,1000469,1001563,1.835081347,1.833076901
7,1817350,1000625,1000625,972916,1002135,1.867941323,1.813478224
7,1838970,1000261,1000261,1000260,1001822,1.838491992,1.835625490
7,1840484,1000989,1000989,1000990,1002188,1.838663723,1.836465813
7,1841095,1000157,1000157,1000156,1001302,1.840807834,1.838701011
7,1831346,1000469,1000469,994271,1001927,1.841898235,1.827823784
7,1835631,1000000,1000000,1000000,1001146,1.835631000,1.833529775
7,1838652,1000156,1000156,1000104,1001355,1.838460800,1.836163998
7,1835366,1000208,1000208,1000208,1001302,1.834984323,1.832979461
7,1817198,1000782,1000782,961198,1002344,1.890555328,1.812948449
7,1838493,999896,999896,999948,1001198,1.838588607,1.836293121
7,1837345,1000468,1000468,1000417,1001563,1.836579146,1.834477711
7,1836903,1000416,1000416,1000469,1001511,1.836041896,1.834131627
7,1828865,1000417,1000417,994531,1001666,1.838922065,1.825823179
7,1836677,1000312,1000312,1000365,1001407,1.836006857,1.834096426
7,1835971,1000416,1000416,1000417,1001511,1.835205719,1.833201033
7,1843380,1000104,1000104,1000105,1001145,1.843186465,1.841271744
7,1824345,1000313,1000313,979011,1001563,1.863457101,1.821497999
7,1837262,1000260,1000260,1000261,1001198,1.836782600,1.835063594
7,1837325,1000104,1000104,1000104,1000990,1.837133938,1.835507847
7,1836459,1000000,1000000,1000000,1001094,1.836459000,1.834452109
7,1829512,1000469,1000469,995365,1001511,1.838031275,1.826751778
7,1836084,1000417,1000417,1000416,1001302,1.835320507,1.833696527
7,1835039,999948,999948,999947,1001041,1.835136262,1.833130711
7,1836208,1000052,1000052,1000052,1001042,1.836112522,1.834296663
7,1819571,1000677,1000677,970521,1001771,1.874839390,1.816354237
7,1835760,1000521,1000521,1000521,1001510,1.834804067,1.832992182
7,1838085,1000313,1000313,1000365,1001510,1.837414344,1.835313676
7,1838089,1000469,1000469,1000469,1001459,1.837227340,1.835411135
7,1838101,1000573,1000573,993438,1001666,1.850242290,1.835043817
7,1835791,1000104,1000104,1000104,1001197,1.835600098,1.833596185
7,1836657,1000260,1000260,1000209,1001407,1.836273219,1.834076454
7,1836883,1000052,1000052,1000052,1001042,1.836787487,1.834970960
7,1822274,1000156,1000156,979843,1001459,1.859761207,1.819619176
7,1835390,1000104,1000104,1000104,1001197,1.835199139,1.833195665
7,1836229,1000312,1000312,1000365,1001407,1.835559021,1.833649056
7,1835773,1000521,1000521,1000468,1001562,1.834914260,1.832909995
7,1829305,1000000,1000000,996511,1001198,1.835709791,1.827116115
7,1835418,1000313,1000313,1000364,1001354,1.834750151,1.832936204
7,1836238,1000000,1000000,1000000,1001042,1.836238000,1.834326632
7,1835139,1000156,1000156,1000209,1001198,1.834755536,1.832943134
7,1824034,1000625,1000625,973750,1002448,1.873205648,1.819579669
7,1839541,1000104,1000104,999896,1001250,1.839732332,1.837244444
7,1835462,1000417,1000417,1000417,1001771,1.834696931,1.832217143
7,1837394,1000000,1000000,1000000,1001093,1.837394000,1.835387921
7,1829470,1000364,1000364,995886,1001875,1.837027531,1.826046163
7,1837452,1000052,1000052,1000053,1001198,1.837354620,1.835253366
7,1838423,1000312,1000312,1000313,1001459,1.837847754,1.835744649
7,1837775,1000156,1000156,1000104,1001250,1.837583891,1.835480649
7,1825009,1000677,1000677,980158,1002240,1.861953889,1.820930117
7,1837770,1000469,1000469,1000469,1001927,1.836908490,1.834235428
7,1837117,1000052,1000052,1000000,1001198,1.837117000,1.834918767
7,1837115,1000104,1000104,1000053,1001198,1.837017638,1.834916770
7,1831017,1000260,1000260,995418,1001458,1.839445339,1.828351264
7,1844017,1000469,1000469,1000468,1001823,1.843154404,1.840661474
7,1837845,1000469,1000469,1000468,1001615,1.836985291,1.834881666
7,1835729,1000157,1000157,1000104,1001250,1.835538104,1.833437203
7,1798922,991928,991928,956772,1001771,1.880199253,1.795741741
7,1836426,1000416,1000416,1000313,1001562,1.835851379,1.833561976
7,1835517,1000260,1000260,1000313,1001511,1.834942663,1.832747718
7,1843273,1000052,1000052,1000000,1001041,1.843273000,1.841356148
7,1834517,1000417,1000417,996719,1001563,1.840555864,1.831654125
7,1844011,1000417,1000417,1000417,1001510,1.843242368,1.841230742
7,1843770,1000312,1000312,1000313,1001354,1.843193081,1.841276911
7,1843533,1000208,1000208,1000156,1001406,1.843245454,1.840944632
7,1826377,1000312,1000312,982136,1001511,1.859596838,1.823621508
7,1843991,1000417,1000417,1000416,1001406,1.843224219,1.841401989
7,1843627,1000209,1000209,1000260,1001198,1.843147782,1.841420978
7,1844078,1000469,1000469,1000468,1001406,1.843215375,1.841488867
7,1836681,1000521,1000521,997084,1001510,1.842052425,1.833911793
7,1843431,1000104,1000104,1000156,1001094,1.843143470,1.841416490
7,1843850,1000365,1000365,1000260,1001302,1.843370724,1.841452429
7,1843679,1000261,1000261,1000260,1001198,1.843199768,1.841472915
7,1821677,1000677,1000677,968698,1002084,1.880541717,1.817888520
7,1843805,1000312,1000312,1000313,1001771,1.843228070,1.840545394
7,1843711,1000312,1000312,1000365,1001511,1.843038291,1.840929356
7,1843824,1000365,1000365,1000364,1001458,1.843153092,1.841139618
7,1837431,1000572,1000572,997084,1001979,1.842804618,1.833801906
7,1844120,1000521,1000521,1000521,1001615,1.843159714,1.841146548
7,1843412,1000157,1000157,1000104,1001250,1.843220305,1.841110612
7,1844010,1000417,1000417,1000417,1001562,1.843241368,1.841134148
7,1831189,1000729,1000729,983646,1002292,1.861634165,1.827001513
7,1843990,1000417,1000417,1000417,1001615,1.843221377,1.841016758
7,1843926,1000417,1000417,1000417,1001562,1.843157403,1.841050279
7,1844091,1000521,1000521,1000469,1001875,1.843226527,1.840639800
7,1837007,1000520,1000520,996250,1001667,1.843921706,1.833949806
7,1843262,1000053,1000053,1000000,1001198,1.843262000,1.841056414
7,1843376,1000105,1000105,1000052,1001250,1.843280149,1.841074657
7,1843418,1000104,1000104,1000156,1001302,1.843130472,1.841020991
7,1781250,1000677,1000677,936354,1002292,1.902325403,1.777176711
7,1843636,1000209,1000209,1000208,1001407,1.843252603,1.841045649
7,1843351,1000105,1000105,1000052,1001562,1.843255151,1.840476176
7,1843385,1000104,1000104,1000104,1001198,1.843193308,1.841179267
7,1838348,1000364,1000364,993438,1001823,1.850490921,1.835002790
7,1843395,1000104,1000104,1000104,1001459,1.843203307,1.840709405
7,1843602,1000209,1000209,1000208,1001354,1.843218611,1.841109138
7,1868847,1019427,1019427,1002812,1020677,1.863606538,1.830987668
7,1837129,1000312,1000312,995000,1001771,1.846360804,1.833881196
7,1843283,1000052,1000052,1000000,1001250,1.843283000,1.840981773
7,1843781,1000313,1000313,1000313,1001406,1.843204077,1.841192284
7,1838311,1000364,1000364,991147,1001510,1.854730933,1.835539336
7,1843741,1000313,1000313,1000312,1001407,1.843165932,1.841150501
7,1843749,1000313,1000313,1000312,1001406,1.843173930,1.841160329
7,1843990,1000416,1000416,1000417,1001562,1.843221377,1.841114180
7,1835654,1000156,1000156,981354,1001302,1.870531939,1.833267086
7,1837412,1000573,1000573,993385,1001875,1.849647418,1.833973300
7,1843653,1000209,1000209,1000208,1001459,1.843269600,1.840967029
7,1843475,1000157,1000157,1000156,1001198,1.843187463,1.841269160
7,1838273,1000313,1000313,996719,1001459,1.844324228,1.835594867
7,1843469,1000157,1000157,1000156,1001354,1.843181464,1.840976318
7,1843635,1000260,1000260,1000157,1001302,1.843345595,1.841237709
7,1843814,1000312,1000312,1000313,1001406,1.843237067,1.841225237
7,1835745,1000625,1000625,987552,1001719,1.858884393,1.832594770
7,1835530,1000209,1000209,992708,1001406,1.849013003,1.832952868
7,1843404,1000157,1000157,1000156,1001094,1.843116474,1.841389520
7,1843658,1000260,1000260,1000260,1001198,1.843178774,1.841451941
7,1837795,1000052,1000052,997344,1001094,1.842689182,1.835786649
7,1843738,1000260,1000260,1000261,1001250,1.843256910,1.841436205
7,1843665,1000209,1000209,1000260,1001198,1.843185772,1.841458932
7,1844050,1000417,1000417,1000416,1001354,1.843283194,1.841556532
7,1836790,1000469,1000469,983282,1001510,1.868019551,1.834020629
7,1836496,1000365,1000365,995260,1001563,1.845242449,1.833630036
7,1844051,1000417,1000417,1000469,1001354,1.843186546,1.841557531
7,1843505,1000156,1000156,1000208,1001094,1.843121631,1.841490409
7,1837641,1000417,1000417,997499,1001458,1.842248463,1.834965620
7,1843516,1000157,1000157,1000156,1001146,1.843228456,1.841405749
7,1843587,1000209,1000209,1000208,1001145,1.843203614,1.841478507
7,1843434,1000156,1000156,1000105,1001042,1.843240460,1.841515141
7,1838180,1000729,1000729,989791,1001823,1.857139538,1.834835096
7,1836514,1000573,1000573,994531,1001771,1.846613127,1.833267284
7,1835558,1000052,1000052,1000052,1001145,1.835462556,1.833458690
7,1839483,1000417,1000417,1000781,1002084,1.838047485,1.835657490
7,1837509,1000052,1000052,995573,1001355,1.845679825,1.835022544
7,1843447,1000469,1000469,1000677,1001979,1.842199831,1.839806024
7,1844012,1000468,1000468,1000521,1001875,1.843051770,1.840560948
7,1843751,1000313,1000313,1000312,1001563,1.843175929,1.840873714
7,1821086,1000677,1000677,950207,1001927,1.916515033,1.817583517
7,1843766,1000313,1000313,1000364,1001875,1.843095113,1.840315409
7,1844244,1000521,1000521,1000520,1001927,1.843285492,1.840696977
7,1844030,1000469,1000469,1000468,1001823,1.843167398,1.840674450
7,1836610,1000417,1000417,989948,1001719,1.855259064,1.833458285
7,1843472,1000156,1000156,1000157,1001354,1.843182620,1.840979314
7,1843902,1000365,1000365,1000364,1001667,1.843231064,1.840833331
7,1843501,1000156,1000156,1000521,1001927,1.842541036,1.839955406
7,1785087,1001770,1001770,945781,1003021,1.887421084,1.779710495
7,1843783,1000364,1000364,1000417,1001666,1.843014463,1.840716367
7,1844010,1000416,1000416,1000417,1001406,1.843241368,1.841420962
7,1844099,1000521,1000521,1000469,1001406,1.843234523,1.841509837
7,1835404,1000261,1000261,990364,1001406,1.853262033,1.832827045
7,1843795,1000312,1000312,1000261,1001198,1.843313895,1.841588777
7,1843810,1000365,1000365,1000312,1001354,1.843234911,1.841316857
7,1843937,1000365,1000365,1000469,1001406,1.843072599,1.841348065
7,1829493,1000469,1000469,974272,1001458,1.877805171,1.826829483
7,1843992,1000364,1000364,1000365,1001407,1.843319188,1.841401149
7,1844138,1000469,1000469,1000468,1001511,1.843275347,1.841355712
7,1844093,1000469,1000469,1000521,1001354,1.843132728,1.841599474
7,1838588,1000521,1000521,996303,1001406,1.845410483,1.836006575
7,1843325,1000104,1000104,1000000,1000938,1.843325000,1.841597581
7,1843180,1000000,1000000,1000000,1000937,1.843180000,1.841454557
7,1843553,1000208,1000208,1000209,1001094,1.843167778,1.841538357
7,1833613,1000417,1000417,988855,1001562,1.854278939,1.830753363
7,1843476,1000156,1000156,1000156,1001198,1.843188463,1.841270158
7,1843586,1000208,1000208,1000208,1001250,1.843202614,1.841284395
7,1843655,1000260,1000260,1000260,1001302,1.843175774,1.841257682
7,1837764,1000521,1000521,994427,1001719,1.848063257,1.834610305
7,1842094,1000312,1000312,1000365,1001667,1.841421881,1.839028340
7,1843456,1000104,1000104,1000156,1001198,1.843168466,1.841250182
7,1843468,1000157,1000157,1000156,1001511,1.843180464,1.840686722
7,1818284,1000260,1000260,964012,1001458,1.886163243,1.815636802
7,1843530,1000156,1000156,1000156,1001406,1.843242454,1.840941636
7,1844007,1000417,1000417,1000417,1001458,1.843238370,1.841322352
7,1843351,1000052,1000052,1000104,1001094,1.843159311,1.841336578
7,1837719,1000209,1000209,994635,1001407,1.847631543,1.835136962
7,1843882,1000364,1000364,1000365,1001510,1.843209229,1.841101936
7,1843853,1000313,1000313,1000416,1001406,1.843086276,1.841264183
7,1843873,1000365,1000365,1000364,1001407,1.843202074,1.841282316
7,1830723,1000469,1000469,982395,1001615,1.863530454,1.827771150
7,1843751,1000312,1000312,1000261,1001198,1.843269907,1.841544829
7,1844315,1000625,1000625,1000625,1001510,1.843163023,1.841534283
7,1843689,1000260,1000260,1000261,1001250,1.843207923,1.841387266
7,1838514,1000313,1000313,997552,1001510,1.843025727,1.835742030
7,1832170,1000677,1000677,1000782,1001771,1.830738363,1.828930963
7,1843561,1000209,1000209,1000313,1001250,1.842984146,1.841259426
7,1843125,1000365,1000365,1000312,1001302,1.842550124,1.840728372
7,1827633,1000417,1000417,967916,1001510,1.888214473,1.824877435
7,1843929,1000417,1000417,1000364,1001511,1.843258054,1.841147027
7,1843577,1000209,1000209,1000208,1001198,1.843193616,1.841371037
7,1843945,1000417,1000417,1000417,1001406,1.843176395,1.841356053
7,1839716,1000468,1000468,996094,1001614,1.846930109,1.836751483
7,1843764,1000313,1000313,1000468,1001563,1.842901522,1.840886694
7,1844364,1000625,1000625,1000677,1001718,1.843116210,1.841200817
7,1844106,1000521,1000521,1000468,1001511,1.843243362,1.841323760
7,1832483,1000677,1000677,983021,1001822,1.864134133,1.829150288
7,1843135,1000000,1000000,1000000,1001042,1.843135000,1.841216452
7,1843560,1000208,1000208,1000209,1001146,1.843174776,1.841449699
7,1843637,1000260,1000260,1000209,1001146,1.843251760,1.841526611
7,1838572,1000104,1000104,997292,1001198,1.843564372,1.836372026
7,1843585,1000209,1000209,1000312,1001303,1.843009981,1.841185935
7,1844160,1000521,1000521,1000729,1001667,1.842816587,1.841090901
7,1843297,1000052,1000052,1000052,1001093,1.843201154,1.841284476
7,1854976,1000208,1000208,967238,1001354,1.917807199,1.852467759
7,2089615,1000052,1000052,1000000,1001094,2.089615000,2.087331459
7,2093216,1000208,1000208,1000208,1001042,2.092780702,2.091037139
7,2093142,1000521,1000521,1000521,1001406,2.092052041,2.090203174
7,2088305,1000157,1000157,995573,1001093,2.097591036,2.086024975
7,2093629,1000417,1000417,1000417,1001354,2.092756321,2.090798059
7,2093326,1000260,1000260,1000261,1001094,2.092779784,2.091038404
7,2092989,1000104,1000104,1000104,1000885,2.092771352,2.091138343
7,2077043,1000156,1000156,990989,1001041,2.095929420,2.074883047
7,2092928,1000052,1000052,1000052,1000885,2.092819173,2.091077397
7,2093651,1000364,1000364,1000417,1001250,2.092778311,2.091037203
7,2093462,1000312,1000312,1000313,1001146,2.092806951,2.091065639
7,2086922,1000521,1000521,995730,1001458,2.095871371,2.083883698
7,1842041,1000000,1000000,1000000,1000885,1.842041000,1.840412235
7,1843204,999948,999948,999948,1000885,1.843299852,1.841574207
7,1843252,1000000,1000000,1000052,1000990,1.843156156,1.841428985
7,1828756,1000678,1000678,974637,1001614,1.876345757,1.825809144
7,1843106,1000261,1000261,1000260,1001250,1.842626917,1.840804994
7,1843437,1000156,1000156,1000104,1001146,1.843245302,1.841326839
7,1843686,1000365,1000365,1000312,1001302,1.843110949,1.841288642
7,1835835,1000416,1000416,991875,1001510,1.850873346,1.833067069
7,1843273,1000000,1000000,1000000,1001198,1.843273000,1.841067401
7,1843440,1000312,1000312,1000313,1001198,1.842863184,1.841234201
7,1842899,1000052,1000052,1000000,1000989,1.842899000,1.841078174
7,1817522,1000208,1000208,970000,1001354,1.873734021,1.815064403
7,1843322,1000469,1000469,1000469,1001667,1.842457887,1.840254296
7,1844087,1000469,1000469,1000469,1001563,1.843222529,1.841209190
7,1843189,1000105,1000105,1000104,1001146,1.842997328,1.841079123
7,1838468,1000208,1000208,994843,1001510,1.847998126,1.835696099
7,1843193,1000105,1000105,1000104,1001094,1.843001328,1.841178750
7,1843228,1000104,1000104,1000104,1001146,1.843036324,1.841118079
7,1843408,1000104,1000104,1000104,1001146,1.843216306,1.841297873
7,1819428,1000730,1000730,958541,1001927,1.898122250,1.815928705
7,1841944,1000208,1000208,1000157,1001615,1.841654860,1.838974057
7,1843640,1000261,1000261,1000260,1001823,1.843160778,1.840285160
7,1843483,1000261,1000261,1000312,1001458,1.842908013,1.840799115
7,1835391,1000104,1000104,992760,1001406,1.848776139,1.832814063
7,1844166,1000521,1000521,1000521,1001614,1.843205690,1.841194312
7,1843244,1000105,1000105,1000156,1001459,1.842956499,1.840558625
7,1844013,1000416,1000416,1000417,1001823,1.843244367,1.840657481
7,1829024,1000365,1000365,977032,1001615,1.872020568,1.826074889
7,1843577,1000208,1000208,1000208,1001719,1.843193616,1.840413329
7,1843612,1000209,1000209,1000208,1001458,1.843228608,1.840927927
7,1843082,1000052,1000052,1000000,1001146,1.843082000,1.840972246
7,1837820,1000261,1000261,995103,1001354,1.846864093,1.835334956
7,1843401,1000104,1000104,1000104,1001146,1.843209306,1.841290881
7,1842836,1000052,1000052,1000000,1001042,1.842836000,1.840917764
7,1842760,999948,999948,1000000,1001093,1.842760000,1.840748062
7,1829026,1000573,1000573,975781,1001719,1.874422642,1.825887300
7,1843032,1000313,1000313,1000313,1001771,1.842455311,1.839773761
7,1843138,1000052,1000052,1000105,1001041,1.842944491,1.841221289
7,1844106,1000469,1000469,1000469,1001407,1.843241520,1.841514988
7,1835748,1000208,1000208,994532,1001250,1.845841059,1.833456180
7,1843899,1000416,1000416,1000365,1001511,1.843226222,1.841117072
7,1844076,1000469,1000469,1000469,1001406,1.843211534,1.841486869
7,1844050,1000417,1000417,1000469,1001614,1.843185546,1.841078499
7,1829432,1000313,1000313,985676,1001719,1.856017596,1.826292603
7,1842966,1000104,1000104,1000052,1001250,1.842870171,1.840665169
7,1843330,1000052,1000052,1000052,1001146,1.843234152,1.841219962
7,1843871,1000364,1000364,1000365,1001562,1.843198233,1.840995365
7,1835394,1000209,1000209,995729,1001354,1.843266592,1.832912237
7,1843398,1000209,1000209,1000208,1001250,1.843014653,1.841096629
7,1843878,1000417,1000417,1000365,1001406,1.843205230,1.841289147
7,1843259,1000156,1000156,1000104,1001198,1.843067321,1.841053418
7,1806882,1000573,1000573,959687,1001875,1.882782616,1.803500437
7,1843088,1000052,1000052,1000052,1001094,1.842992164,1.841073865
7,1843106,1000052,1000052,1000052,1001198,1.843010163,1.840900601
7,1842646,1000156,1000156,1000157,1001146,1.842356750,1.840536745
7,1837691,1000520,1000520,997604,1001771,1.842104683,1.834442203
7,1844004,1000417,1000417,1000469,1001406,1.843139568,1.841414971
7,1843972,1000416,1000416,1000365,1001563,1.843299196,1.841094370
7,1843279,1000052,1000052,1000052,1001041,1.843183154,1.841362142
7,1828127,1000677,1000677,981771,1002031,1.862070687,1.824421600
7,1844058,1000469,1000469,1000416,1001562,1.843291191,1.841182074
7,1844013,1000365,1000365,1000364,1001458,1.843342024,1.841328343
7,1843656,1000261,1000261,1000260,1001354,1.843176774,1.841163065
7,1838267,1000261,1000261,996926,1001354,1.843935257,1.835781352
7,1843342,1000052,1000052,1000052,1001198,1.843246151,1.841136319
7,1843290,1000052,1000052,1000052,1001094,1.843194154,1.841275644
7,1843269,1000052,1000052,1000000,1001094,1.843269000,1.841254667
7,1829564,1000730,1000730,964635,1001979,1.896638625,1.825950444
7,1843381,1000104,1000104,1000104,1001614,1.843189308,1.840410577
7,1844109,1000468,1000468,1000469,1001615,1.843244518,1.841135566
7,1843828,1000313,1000313,1000312,1001406,1.843252905,1.841239218
7,1837011,1000365,1000365,995312,1001562,1.845663470,1.834146064
7,1844023,1000416,1000416,1000417,1001563,1.843254363,1.841145290
7,1844087,1000521,1000521,1000469,1001562,1.843222529,1.841211028
7,1843403,1000104,1000104,1000104,1001250,1.843211306,1.841101623
7,1826638,1000312,1000312,978177,1001875,1.867390053,1.823219464
7,1843551,1000208,1000208,1000157,1001354,1.843261608,1.841058207
7,1843397,1000104,1000104,1000105,1001355,1.843203464,1.840902577
7,1844172,1000521,1000521,1000520,1001666,1.843213529,1.841104720
7,1838373,1000312,1000312,992864,1001511,1.851585917,1.835599409
7,1844170,1000521,1000521,1000521,1001666,1.843209688,1.841102723
7,1843260,1000000,1000000,1000052,1001146,1.843164155,1.841150042
7,1843890,1000365,1000365,1000365,1001510,1.843217226,1.841109924
7,1828143,1000469,1000469,969582,1001875,1.885496018,1.824721647
7,1843870,1000365,1000365,1000312,1001562,1.843294892,1.840994367
7,1843986,1000416,1000416,1000365,1001563,1.843313191,1.841108348
7,1843358,1000104,1000104,1000105,1001198,1.843164468,1.841152300
7,1837258,1000625,1000625,996876,1001823,1.843015581,1.833914773
7,1844262,1000573,1000573,1000573,1001928,1.843205843,1.840713105
7,1843828,1000365,1000365,1000312,1001458,1.843252905,1.841143613
7,1843582,1000209,1000209,1000156,1001302,1.843294446,1.841184777
7,1827176,1000469,1000469,982865,1001979,1.859030487,1.823567161
7,1843155,1000000,1000000,999948,1001146,1.843250849,1.841045162
7,1843500,1000157,1000157,1000156,1001302,1.843212459,1.841102884
7,1843127,999948,999948,999948,1001094,1.843222848,1.841112823
7,1836551,1000313,1000313,995468,1001510,1.844912142,1.833781989
7,1843242,1000053,1000053,1000000,1001146,1.843242000,1.841132063
7,1843210,1000000,1000000,1000000,1001094,1.843210000,1.841195732
7,1843816,1000313,1000313,1000312,1001770,1.843240909,1.840558212
7,1824339,1000625,1000625,966251,1001979,1.888059107,1.820735764
7,1843183,1000000,1000000,1000000,1001510,1.843183000,1.840403990
7,1843545,1000104,1000104,1000157,1001302,1.843255609,1.841147826
7,1843963,1000416,1000416,1000417,1001511,1.843194388,1.841180976
7,1837070,1000469,1000469,995207,1001614,1.845917482,1.834109747
7,1843433,1000156,1000156,1000156,1001303,1.843145469,1.841034133
7,1843471,1000156,1000156,1000156,1001303,1.843183463,1.841072083
7,1843134,999948,999948,999948,1001094,1.843229848,1.841119815
7,1828472,1000053,1000053,983072,1001562,1.859957358,1.825620381
7,1843596,1000208,1000208,1000208,1001614,1.843212612,1.840625231
7,1843194,1000000,1000000,1000000,1001094,1.843194000,1.841179749
7,1843567,1000209,1000209,1000208,1001354,1.843183618,1.841074186
7,1834359,1000052,1000052,992864,1001302,1.847543067,1.831973770
7,1844130,1000521,1000521,1000469,1001615,1.843265508,1.841156532
7,1843745,1000313,1000313,1000312,1001458,1.843169931,1.841060733
7,1843358,1000052,1000052,1000052,1001198,1.843262150,1.841152300
7,1788611,1000782,1000782,942604,1002344,1.897521122,1.784428300
7,1844017,1000417,1000417,1000417,1001614,1.843248365,1.841045552
7,1844038,1000417,1000417,1000468,1001615,1.843175394,1.841064681
7,1843566,1000208,1000208,1000209,1001354,1.843180775,1.841073187
7,1836006,1000052,1000052,996250,1001198,1.842916939,1.833809097
7,1843638,1000208,1000208,1000209,1001458,1.843252760,1.840953889
7,1843454,1000104,1000104,1000105,1001146,1.843260458,1.841343820
7,1843529,1000156,1000156,1000156,1001250,1.843241454,1.841227466
7,1827824,1000260,1000260,980938,1001459,1.863343045,1.825161090
7,1843923,1000365,1000365,1000417,1001354,1.843154405,1.841429704
7,1843956,1000365,1000365,1000416,1001302,1.843189233,1.841558291
7,1844180,1000573,1000573,1000521,1001406,1.843219683,1.841590723
7,1838755,1000521,1000521,998021,1001458,1.842401112,1.836077998
7,1843960,1000416,1000416,1000365,1001303,1.843287200,1.841560447
7,1843754,1000312,1000312,1000261,1001250,1.843272906,1.841452185
7,1843383,1000105,1000105,1000104,1000938,1.843191308,1.841655527
7,1830766,1000573,1000573,976824,1001718,1.874202518,1.827626138
7,1843816,1000313,1000313,1000312,1001510,1.843240909,1.841036036
7,1843342,1000104,1000104,1000104,1001094,1.843150312,1.841327588
7,1844160,1000521,1000521,1000521,1001563,1.843199693,1.841282076
7,1837782,1000313,1000313,997395,1001458,1.842581926,1.835106415
7,1843547,1000208,1000208,1000156,1001198,1.843259452,1.841341073
7,1843540,1000157,1000157,1000156,1001302,1.843252453,1.841142832
7,1843210,1000000,1000000,1000000,1000989,1.843210000,1.841388866
7,1828804,1000364,1000364,986250,1001615,1.854300634,1.825855244
7,1843910,1000365,1000365,1000416,1001354,1.843143252,1.841416722
7,1833398,1000573,1000573,1000677,1001771,1.832157629,1.830156792
7,1844054,1000469,1000469,1000677,1001771,1.842806420,1.840793954
7,1837842,1000468,1000468,997448,1001927,1.842544173,1.834307290
7,1844350,1000625,1000625,1000677,1001719,1.843102220,1.841185003
7,1844040,1000469,1000469,1000469,1001771,1.843175551,1.840779979
7,1844231,1000573,1000573,1000573,1001563,1.843174861,1.841352965
7,1812052,1000469,1000469,947917,1001718,1.911614624,1.808944234
7,1843487,1000156,1000156,1000156,1001197,1.843199461,1.841282984
7,1843638,1000208,1000208,1000209,1001250,1.843252760,1.841336330
7,1843920,1000416,1000416,1000365,1001459,1.843247215,1.841233640
7,1838106,1000156,1000156,995053,1001354,1.847244318,1.835620570
7,1844349,1000625,1000625,1000729,1001875,1.843005449,1.840897318
7,1843955,1000417,1000417,1000416,1001354,1.843188234,1.841461661
7,1844090,1000469,1000469,1000781,1001875,1.842650890,1.840638802
7,1835008,1000938,1000938,987031,1002136,1.859118913,1.831096777
7,1843810,1000313,1000313,1000313,1001510,1.843233068,1.841030045
7,1843602,1000208,1000208,1000209,1001146,1.843216768,1.841491651
7,1844209,1000521,1000521,1000573,1001615,1.843152873,1.841235405
7,1839486,1000573,1000573,996197,1001511,1.846508271,1.836710730
7,1844137,1000521,1000521,1000521,1001510,1.843176705,1.841356552
7,1843734,1000261,1000261,1000312,1001250,1.843158934,1.841432210
7,1844486,1000729,1000729,1000729,1001771,1.843142349,1.841225190
7,1979627,1000156,1000156,974739,1001094,2.030930331,1.977463655
7,2093619,1000417,1000417,1000521,1001458,2.092528792,2.090570948
7,2093727,1000416,1000416,1000365,1001354,2.092963068,2.090895927
7,2093468,1000313,1000313,1000312,1001198,2.092815042,2.090963026
7,2087549,1000365,1000365,992655,1001458,2.102995502,2.084509785
7,2093666,1000417,1000417,1000416,1001354,2.092795397,2.090835009
7,2093522,1000364,1000364,1000365,1001355,2.092758143,2.090689116
7,2036678,1000416,1000416,1000469,1001459,2.035723246,2.033710816
7,1824239,1000208,1000208,984793,1001302,1.852408577,1.821866929
7,1843660,1000260,1000260,1000208,1001250,1.843276598,1.841358302
7,1844068,1000468,1000468,1000469,1001354,1.843203538,1.841574508
7,1843586,1000208,1000208,1000209,1001094,1.843200771,1.841571321
7,1838195,1000521,1000521,996250,1001510,1.845114178,1.835423510
7,1843331,1000104,1000104,1000000,1000886,1.843331000,1.841699254
7,1843360,1000104,1000104,1000104,1000989,1.843168310,1.841538718
7,1843574,1000209,1000209,1000208,1001042,1.843190616,1.841654995
7,1831195,1000417,1000417,977030,1001614,1.874246441,1.828244214
7,1843426,1000157,1000157,1000104,1001406,1.843234304,1.840837782
7,1843651,1000261,1000261,1000208,1001302,1.843267600,1.841253688
7,1843929,1000417,1000417,1000364,1001406,1.843258054,1.841340076
7,1835865,1000157,1000157,993905,1001406,1.847123216,1.833287398
7,1843282,1000052,1000052,1000000,1001042,1.843282000,1.841363299
7,1843594,1000104,1000104,1000157,1001458,1.843304601,1.840909953
7,1843659,1000260,1000260,1000261,1001302,1.843177931,1.841261677
7,1812930,1000104,1000104,965990,1001302,1.876758559,1.810572634
7,1843934,1000416,1000416,1000365,1001302,1.843261210,1.841536320
7,1843965,1000416,1000416,1000417,1001355,1.843196387,1.841469808
7,1843580,1000208,1000208,1000209,1001198,1.843194772,1.841374034
7,1839496,1000104,1000104,997605,1001250,1.843912170,1.837199501
7,1844216,1000573,1000573,1000625,1001563,1.843064085,1.841337989
7,1831766,1000469,1000469,1000468,1001510,1.830909135,1.829004204
7,1841495,1000209,1000209,1000260,1001250,1.841016336,1.839196005
7,1822192,1000625,1000625,963178,1001719,1.891853842,1.819065027
7,1843995,1000468,1000468,1000417,1001406,1.843226375,1.841405983
7,1843365,1000104,1000104,1000052,1000990,1.843269150,1.841541874
7,1843729,1000313,1000313,1000312,1001250,1.843153936,1.841427216
7,1839650,1000365,1000365,997969,1001458,1.843393933,1.836971695
7,1843549,1000520,1000520,1000625,1001667,1.842397502,1.840480918
7,1843723,1000521,1000521,1000677,1001719,1.842475644,1.840559079
7,1844305,1000625,1000625,1000677,1001615,1.843057250,1.841331250
7,1832164,1000365,1000365,985885,1001510,1.858395249,1.829401604
7,1843334,1000052,1000052,1000053,1001146,1.843236308,1.841223957
7,1843801,1000469,1000469,1000417,1001406,1.843032455,1.841212256
7,1844232,1000573,1000573,1000521,1001563,1.843271655,1.841353964
7,1839269,1000104,1000104,997396,1001198,1.844070961,1.837068192
7,1843344,1000156,1000156,1000209,1001146,1.842958822,1.841233946
7,1843388,1000208,1000208,1000208,1001146,1.843004655,1.841277896
7,1843955,1000417,1000417,1000364,1001354,1.843284045,1.841461661
7,1979876,1000469,1000469,952136,1001562,2.079404623,1.976788257
7,2092935,1000052,1000052,1000052,1000886,2.092826173,2.091082301
7,2093143,1000209,1000209,1000208,1000990,2.092707717,2.091072838
7,2091103,999948,999948,999948,1000782,2.091211743,2.089469035
7,2086701,1000364,1000364,994740,1001511,2.097735087,2.083552752
7,2093480,1000312,1000312,1000313,1001355,2.092824946,2.090647173
7,1864937,1000260,1000260,1000313,1001146,1.864353457,1.862802229
7,1843836,1000365,1000365,1000312,1001250,1.843260903,1.841534082
7,1829881,1000625,1000625,984166,1001979,1.859321497,1.826266818
7,1843655,1000260,1000260,1000208,1001354,1.843271600,1.841162067
7,1843473,1000156,1000156,1000156,1001458,1.843185463,1.840789129
7,1843478,1000156,1000156,1000156,1001407,1.843190462,1.840887871
7,1796224,1000469,1000469,961979,1001614,1.867217476,1.793329566
7,1843444,1000104,1000104,1000156,1001250,1.843156468,1.841142572
7,1843542,1000156,1000156,1000209,1001458,1.843156780,1.840858029
7,1844173,1000521,1000521,1000520,1001511,1.843214528,1.841390659
7,1824535,1000209,1000209,963907,1001667,1.892853771,1.821498562
7,1843547,1000156,1000156,1000157,1001302,1.843257609,1.841149823
7,1843248,1000000,1000000,1000000,1000990,1.843248000,1.841424989
7,1844023,1000417,1000417,1000469,1001406,1.843158559,1.841433944
7,1837554,1000417,1000417,995209,1001666,1.846400103,1.834497727
7,1843855,1000365,1000365,1000364,1001563,1.843184081,1.840977552
7,1843964,1000417,1000417,1000417,1001614,1.843195388,1.840992638
7,1843947,1000416,1000416,1000365,1001406,1.843274205,1.841358051
7,1831432,1000416,1000416,983439,1001771,1.862273105,1.828194268
7,1843183,1000000,1000000,1000000,1001146,1.843183000,1.841073130
7,1843332,1000105,1000105,1000000,1001145,1.843332000,1.841223799
7,1843167,999948,999948,1000000,1000990,1.843167000,1.841344069
7,1836598,1000209,1000209,996458,1001510,1.843126354,1.833828918
7,1843568,1000156,1000156,1000209,1001250,1.843182775,1.841266417
7,1843988,1000416,1000416,1000417,1001719,1.843219378,1.840823624
7,1881510,1029792,1029792,996666,1030990,1.887803938,1.824954655
7,1832581,1000208,1000208,991093,1001771,1.849050493,1.829341237
7,1843409,1000156,1000156,1000156,1001302,1.843121473,1.841012002
7,1843834,1000365,1000365,1000312,1001458,1.843258903,1.841149604
7,1834299,1000052,1000052,992344,1001250,1.848450739,1.832008989
7,1844173,1000521,1000521,1000521,1001979,1.843212686,1.840530590
7,1843684,1000261,1000261,1000260,1001406,1.843204767,1.841095420
7,1843628,1000261,1000261,1000260,1001302,1.843148781,1.841230718
7,1836396,1000208,1000208,989323,1001354,1.856214805,1.833912882
7,1837133,1000156,1000156,992604,1001511,1.850821677,1.834361280
7,1843492,1000156,1000156,1000209,1001198,1.843106791,1.841286139
7,1844105,1000469,1000469,1000469,1001510,1.843240520,1.841324600
7,1836116,1000365,1000365,989687,1001563,1.855249185,1.833250629
7,1843440,1000104,1000104,1000104,1001354,1.843248302,1.840947357
7,1843595,1000208,1000208,1000157,1001302,1.843305601,1.841197761
7,1843784,1000312,1000312,1000313,1001614,1.843207076,1.840812928
7,1828151,1000000,1000000,972551,1001198,1.879748209,1.825963496
7,1833012,1000260,1000260,990520,1001458,1.850555264,1.830343359
7,1844095,1000521,1000521,1000521,1001458,1.843134727,1.841410224
7,1843188,999948,999948,999948,1000885,1.843283851,1.841558221
7,1839495,1000365,1000365,996927,1001355,1.845165193,1.837005857
7,1843428,1000157,1000157,1000104,1001145,1.843236303,1.841319689
7,1843320,1000052,1000052,999948,1000990,1.843415858,1.841496918
7,1843837,1000365,1000365,1000313,1001250,1.843260060,1.841535081
7,1837289,1004427,1004427,989219,1005364,1.857312688,1.827486363
7,1844337,1000625,1000625,1000572,1001771,1.843282642,1.841076454
7,1843717,1000260,1000260,1000261,1001302,1.843235915,1.841319602
7,1843998,1000468,1000468,1000469,1001458,1.843133570,1.841313365
7,1838211,1000364,1000364,997501,1001510,1.842816198,1.835439486
7,1843731,1000313,1000313,1000260,1001354,1.843251755,1.841237964
7,1843378,1000104,1000104,1000104,1001354,1.843186309,1.840885441
7,1843964,1000417,1000417,1000416,1001406,1.843197230,1.841375027
7,1826878,1000469,1000469,972395,1001563,1.878740635,1.824027046
7,1843578,1000208,1000208,1000156,1001406,1.843290447,1.840989569
7,1843907,1000365,1000365,1000364,1001302,1.843236062,1.841509355
7,1843407,1000104,1000104,1000104,1001094,1.843215306,1.841392517
7,1838078,1000416,1000416,994792,1001510,1.847700826,1.835306687
7,1843737,1000313,1000313,1000260,1001459,1.843257753,1.841050907
7,1843434,1000105,1000105,1000156,1001198,1.843146469,1.841228209
7,1843550,1000208,1000208,1000208,1001146,1.843166621,1.841439710
7,1795211,1000260,1000260,962657,1001250,1.864850097,1.792969788
7,1843809,1000312,1000312,1000312,1001510,1.843233911,1.841029046
7,1843221,1000000,1000000,1000000,1001042,1.843221000,1.841302363
7,1843951,1000364,1000364,1000417,1001458,1.843182393,1.841266434
7,1838400,1000364,1000364,997136,1001458,1.843680300,1.835723515
7,1843744,1000261,1000261,1000312,1001459,1.843168931,1.841057897
7,1843833,1000365,1000365,1000312,1001355,1.843257904,1.841337987
7,1843903,1000365,1000365,1000365,1001407,1.843230221,1.841312274
7,1827704,1000678,1000678,973854,1001875,1.876774137,1.824283468
7,1843582,1000208,1000208,1000157,1001614,1.843292603,1.840611253
7,1843931,1000417,1000417,1000365,1001511,1.843258211,1.841149024
7,1844006,1000417,1000417,1000417,1001823,1.843237370,1.840650494
7,1833358,1000156,1000156,989636,1001407,1.852557910,1.830782090
7,1843753,1000312,1000312,1000260,1001719,1.843273749,1.840589027
7,1844021,1000468,1000468,1000469,1001563,1.843156560,1.841143293
7,1843954,1000417,1000417,1000416,1001562,1.843187234,1.841078236
7,1829510,1000625,1000625,982812,1001823,1.861505558,1.826180872
7,1844129,1000468,1000468,1000521,1002032,1.843168709,1.840389329
7,1843718,1000260,1000260,1000261,1001354,1.843236915,1.841224981
7,1843259,1000052,1000052,1000000,1001145,1.843259000,1.841150882
7,1837017,1000157,1000157,995937,1001407,1.844511249,1.834435949
7,1843999,1000417,1000417,1000416,1001875,1.843232215,1.840547973
7,1843412,1000104,1000104,1000157,1001197,1.843122630,1.841208074
7,1843524,1000156,1000156,1000156,1001302,1.843236455,1.841126853
7,1825343,1000312,1000312,970416,1001667,1.880990215,1.822305217
7,1843942,1000417,1000417,1000365,1001875,1.843269207,1.840491079
7,1843564,1000209,1000209,1000208,1001354,1.843180618,1.841071190
7,1843237,1000053,1000053,1000000,1001146,1.843237000,1.841127068
7,1836961,1000364,1000364,995990,1001615,1.844356871,1.833999091
7,1844093,1000521,1000521,1000469,1001875,1.843228526,1.840641797
7,1843271,1000000,1000000,1000000,1001146,1.843271000,1.841161029
7,1843183,1000000,1000000,1000000,1001458,1.843183000,1.840499552
7,1827353,1000209,1000209,982917,1001615,1.859112214,1.824406583
7,1843187,1000000,1000000,1000000,1001198,1.843187000,1.840981504
7,1843512,1000156,1000156,1000104,1001302,1.843320295,1.841114868
7,1843742,1000260,1000260,1000261,1001718,1.843260909,1.840579884
7,1837936,1000156,1000156,995991,1001407,1.845333944,1.835353657
7,1843407,1000104,1000104,1000104,1001198,1.843215306,1.841201241
7,1843992,1000469,1000469,1000468,1001562,1.843129415,1.841116177
7,1843285,1000052,1000052,1000052,1001146,1.843189154,1.841175013
7,1826006,1000729,1000729,972864,1001927,1.876938606,1.822494054
7,1843512,1000156,1000156,1000156,1001511,1.843224457,1.840730656
7,1843620,1000208,1000208,1000261,1001614,1.843138941,1.840649192
7,1844204,1000573,1000573,1000469,1001927,1.843339474,1.840657054
7,1836069,1000157,1000157,995677,1001354,1.844040788,1.833586324
7,1843514,1000156,1000156,1000156,1001250,1.843226457,1.841212484
7,1844018,1000468,1000468,1000469,1001563,1.843153561,1.841140298
7,1844157,1000521,1000521,1000521,1001614,1.843196695,1.841185327
7,1811699,1000520,1000520,968958,1002084,1.869739452,1.807931271
7,1843415,1000105,1000105,1000052,1001302,1.843319147,1.841017995
7,1843710,1000261,1000261,1000260,1001458,1.843230760,1.841025784
7,1843472,1000104,1000104,1000104,1001250,1.843280299,1.841170537
7,1833618,1000417,1000417,990261,1001927,1.851651231,1.830091414
7,1843502,1000156,1000156,1000105,1001459,1.843308453,1.840816249
7,1843774,1000313,1000313,1000312,1001979,1.843198922,1.840132378
7,1843744,1000313,1000313,1000312,1001406,1.843168931,1.841155336
7,1805130,1000625,1000625,949374,1001979,1.901389758,1.801564703
7,1843851,1000364,1000364,1000365,1001667,1.843178240,1.840782416
7,1843232,999948,999948,999947,1000989,1.843329696,1.841410845
7,1843693,1000313,1000313,1000260,1001406,1.843213764,1.841104407
7,1837532,1000313,1000313,997448,1001511,1.842233380,1.834759678
7,1843518,1000156,1000156,1000157,1001354,1.843228613,1.841025252
7,1843196,1000000,1000000,1000000,1001145,1.843196000,1.841087954
7,1843652,1000260,1000260,1000261,1001354,1.843170932,1.841159071
7,1828387,1000417,1000417,985469,1001615,1.855347048,1.825438916
7,1843470,1000156,1000156,1000104,1001094,1.843278299,1.841455448
7,1843219,1000000,1000000,1000000,1000938,1.843219000,1.841491681
7,1844035,1000468,1000468,1000417,1001354,1.843266358,1.841541553
7,1839893,1000416,1000416,997605,1001458,1.844310123,1.837214341
7,1843610,1000261,1000261,1000208,1001250,1.843226609,1.841308365
7,1843472,1000156,1000156,1000157,1001042,1.843182620,1.841553102
7,1843816,1000365,1000365,1000364,1001250,1.843145095,1.841514107
7,1830072,1000573,1000573,976043,1001771,1.874991163,1.826836672
7,1843799,1000365,1000365,1000261,1001667,1.843317894,1.840730502
7,1843486,1000156,1000156,1000157,1001197,1.843196618,1.841281985
7,1843165,1000000,1000000,1000000,1001042,1.843165000,1.841246421
7,1826901,1000625,1000625,996979,1001823,1.832436792,1.823576620
7,1843230,1000052,1000052,1000260,1001458,1.842750885,1.840546483
7,1843395,1000417,1000417,1000468,1001510,1.842532695,1.840615670
7,1841099,1000312,1000312,1000417,1001771,1.840331582,1.837844178
7,1811490,1000417,1000417,963074,1001615,1.880945805,1.808569161
7,1840989,1000000,1000000,1000000,1001250,1.840989000,1.838690637
7,1841719,1000313,1000313,1000052,1001562,1.841623236,1.838846721
7,1841470,999948,999948,1000000,1001250,1.841470000,1.839171036
7,1834575,1000625,1000625,992553,1001823,1.848339585,1.831236656
7,1842484,1000416,1000416,1000312,1001719,1.841909324,1.839322205
7,1840837,1000261,1000261,1000156,1001302,1.840549874,1.838443347
7,1839995,1000104,1000104,1000156,1001250,1.839708006,1.837697878
7,1835543,1000104,1000104,931146,1001615,1.971273033,1.832583378
7,2089552,1000416,1000416,1000469,1001615,2.088572460,2.086182815
7,2093401,1000312,1000312,1000261,1001355,2.092854765,2.090568280
7,2094145,1000677,1000677,1000782,1001979,2.092508658,2.090008872
7,2086340,1000052,1000052,997083,1001093,2.092443658,2.084062120
7,2093353,1000261,1000261,1000260,1001146,2.092808870,2.090956764
7,2093359,1000260,1000260,1000365,1001250,2.092595203,2.090745568
7,2093484,1000364,1000364,1000365,1001198,2.092720157,2.090979007
7,2081851,1000313,1000313,988020,1001354,2.107093986,2.079035985
7,1939924,1000417,1000417,1000469,1001250,1.939014602,1.937502122
7,1842821,1000521,1000521,1000469,1001458,1.841957122,1.840138079
7,1842947,1000208,1000208,1000208,1001042,1.842563747,1.841028648
7,1838937,1000417,1000417,996250,1001355,1.845858971,1.836448612
7,1843803,1000312,1000312,1000313,1001302,1.843226070,1.841405490
7,1843616,1000260,1000260,1000209,1001146,1.843230765,1.841505635
7,1842843,1000000,1000000,1000000,1000886,1.842843000,1.841211686
7,1832947,1000312,1000312,989480,1001302,1.852434612,1.830563606
7,1843124,1000260,1000260,1000261,1001458,1.842643070,1.840440638
7,1843186,1000208,1000208,1000208,1001302,1.842802697,1.840789292
7,1843753,1000417,1000417,1000364,1001718,1.843082118,1.840590865
7,1835647,1000312,1000312,992709,1001615,1.849129000,1.832687210
7,1844029,1000469,1000469,1000417,1001563,1.843260360,1.841151281
7,1843179,1000104,1000104,1000105,1001407,1.842985487,1.840589291
7,1843419,1000313,1000313,1000260,1001354,1.842939836,1.840926386
7,1828474,1000521,1000521,982136,1001875,1.861731980,1.825052027
7,1843686,1000417,1000417,1000365,1001771,1.843013300,1.840426604
7,1843462,1000417,1000417,1000416,1001562,1.842695439,1.840587003
7,1844036,1000469,1000469,1000469,1001563,1.843171553,1.841158270
7,1835240,1000417,1000417,994687,1001823,1.845042712,1.831900445
7,1844214,1000573,1000573,1000573,1001823,1.843157871,1.840858116
7,1843421,1000208,1000208,1000209,1001302,1.843035806,1.841023987
7,1843529,1000208,1000208,1000157,1001302,1.843239611,1.841131846
7,1806090,1000260,1000260,934271,1001615,1.933154299,1.803177868
7,1843519,1000156,1000156,1000208,1001510,1.843135628,1.840739483
7,1843449,1000364,1000364,1000365,1001406,1.842776387,1.840860750
7,1842960,1000364,1000364,1000365,1001615,1.842287565,1.839988419
7,1835998,1000156,1000156,991668,1001406,1.851424065,1.833420211
7,1843969,1000521,1000521,1000469,1001562,1.843104584,1.841093212
7,1843724,1000260,1000260,1000313,1001355,1.843147095,1.841229135
7,1843835,1000468,1000468,1000469,1001511,1.842970647,1.841053169
7,1827305,1000469,1000469,981040,1001666,1.862620281,1.824265773
7,1843016,1000156,1000156,1000156,1001198,1.842728534,1.840810709
7,1843503,1000365,1000365,1000416,1001302,1.842736422,1.841105880
7,1843986,1000521,1000521,1000469,1001510,1.843121576,1.841205779
7,1837148,1000625,1000625,994792,1001719,1.846765957,1.833995362
7,1831573,1000729,1000729,1000781,1001771,1.830143658,1.828335019
7,1844288,1000573,1000573,1000678,1001666,1.843038420,1.841220527
7,1843286,1000053,1000053,1000000,1000938,1.843286000,1.841558618
7,1827052,1000521,1000521,969947,1001614,1.883661685,1.824107890
7,1843588,1000208,1000208,1000209,1001198,1.843202771,1.841382024
7,1844251,1000572,1000572,1000573,1001511,1.843194849,1.841468541
7,1843797,1000364,1000364,1000313,1001302,1.843220072,1.841399498
7,1838909,1000156,1000156,996876,1001303,1.844671755,1.836516020
7,1844034,1000469,1000469,1000521,1001666,1.843073759,1.840966949
7,1843703,1000261,1000261,1000312,1001354,1.843127944,1.841210002
7,1844188,1000521,1000521,1000521,1001510,1.843227678,1.841407475
7,1830634,1000521,1000521,983749,1001563,1.860875081,1.827777184
7,1843615,1000260,1000260,1000261,1001145,1.843133942,1.841506475
7,1844119,1000521,1000521,1000469,1001459,1.843254514,1.841432350
7,1844201,1000573,1000573,1000521,1001458,1.843240672,1.841516070
7,1839303,1000260,1000260,997239,1001302,1.844395376,1.836911341
7,1844444,1000677,1000677,1000781,1001771,1.843004613,1.841183264
7,1844075,1000469,1000469,1000521,1001563,1.843114737,1.841197209
7,1843923,1000365,1000365,1000416,1001302,1.843156247,1.841525334
7,1925667,1000417,1000417,963385,1001562,1.998855079,1.922663799
7,2091799,1000156,1000156,1000157,1001145,2.091470639,2.089406629
7,2093018,1000104,1000104,1000104,1000990,2.092800349,2.090947962
7,2093339,1000261,1000261,1000260,1001094,2.092794873,2.091051390
7,2085776,1000104,1000104,997344,1001145,2.091330574,2.083390518
7,2092988,1000104,1000104,1000104,1000938,2.092770352,2.091026617
7,2093116,1000156,1000156,1000156,1000990,2.092789525,2.091045865
7,2092782,1000000,1000000,1000000,1000833,2.092782000,2.091040164
7,2077694,1000208,1000208,989168,1001146,2.100446031,2.075315688
7,2092693,999948,999948,999948,1000886,2.092801826,2.090840515
7,2093259,1000209,1000209,1000208,1001042,2.092823693,2.091080095
7,2092963,1000052,1000052,1000052,1000833,2.092854172,2.091221013
7,2067810,1000208,1000208,997970,1001197,2.072016193,2.065337791
7,1827904,1000260,1000260,1000209,1001094,1.827522048,1.825906458
7,1843451,1000156,1000156,1000104,1000989,1.843259301,1.841629628
7,1843935,1000416,1000416,1000417,1001250,1.843166400,1.841632959
7,1825666,1000417,1000417,970156,1001458,1.881827253,1.823008054
7,1843787,1000312,1000312,1000313,1001563,1.843210075,1.840909658
7,1843234,1000000,1000000,1000052,1001459,1.843138157,1.840548640
7,1843340,1000105,1000105,1000052,1001198,1.843244151,1.841134321
7,1834950,1000365,1000365,992500,1001822,1.848816121,1.831612801
7,1843962,1000417,1000417,1000417,1001510,1.843193388,1.841181815
7,1843561,1000156,1000156,1000156,1001615,1.843273449,1.840588450
7,1843752,1000313,1000313,1000312,1001458,1.843176929,1.841067723
7,1825580,1000573,1000573,973803,1001875,1.874691288,1.822163444
7,1843727,1000260,1000260,1000312,1001823,1.843151937,1.840372002
7,1843757,1000312,1000312,1000313,1001406,1.843180085,1.841168317
7,1843436,1000104,1000104,1000156,1001302,1.843148469,1.841038967
7,1838637,1000573,1000573,994741,1002083,1.848357512,1.834815080
7,1843473,1000157,1000157,1000156,1001250,1.843185463,1.841171536
7,1843511,1000157,1000157,1000156,1001302,1.843223457,1.841113870
7,1843983,1000417,1000417,1000417,1001718,1.843214380,1.840820470
7,1821497,1000312,1000312,958228,1001615,1.900901456,1.818560026
7,1843295,1000052,1000052,1000000,1001198,1.843295000,1.841089375
7,1843749,1000312,1000312,1000313,1001667,1.843172087,1.840680585
7,1843385,1000104,1000104,1000104,1001197,1.843193308,1.841181106
7,1837194,1000521,1000521,994479,1002032,1.847393459,1.833468392
7,1843228,1000000,1000000,999948,1001146,1.843323853,1.841118079
7,1843465,1000157,1000157,1000156,1001250,1.843177464,1.841163546
7,1843436,1000104,1000104,1000104,1001250,1.843244303,1.841134582
7,1829354,1000417,1000417,977759,1001875,1.870966158,1.825930381
7,1843774,1000313,1000313,1000312,1001407,1.843198922,1.841183455
7,1843217,1000000,1000000,999948,1001093,1.843312852,1.841204563
7,1843795,1000313,1000313,1000364,1001719,1.843124103,1.840630955
7,1835896,1000208,1000208,994739,1001459,1.845605732,1.833221330
7,1843971,1000416,1000416,1000417,1001562,1.843202385,1.841095209
7,1843217,1000000,1000000,1000000,1001094,1.843217000,1.841202724
7,1843261,1000000,1000000,1000053,1001198,1.843163312,1.841055416
7,1825878,1000468,1000468,969584,1002031,1.883156075,1.822177158
7,1843063,999948,999948,999896,1001406,1.843254698,1.840475292
7,1843974,1000417,1000417,1000365,1001510,1.843301195,1.841193797
7,1843645,1000260,1000260,1000209,1001406,1.843259759,1.841056475
7,1836184,1000260,1000260,992189,1001510,1.850639344,1.833415543
7,1843282,1000052,1000052,1000052,1001145,1.843186154,1.841173856
7,1844179,1000573,1000573,1000520,1001927,1.843220525,1.840632102
7,1843776,1000312,1000312,1000312,1001406,1.843200921,1.841187291
7,1825928,1000365,1000365,978645,1001875,1.865771551,1.822510792
7,1843991,1000417,1000417,1000469,1001875,1.843126574,1.840539988
7,1843687,1000261,1000261,1000260,1001407,1.843207766,1.841096577
7,1843897,1000364,1000364,1000313,1001510,1.843320041,1.841116913
7,1834998,1000364,1000364,995833,1001615,1.842676433,1.832039257
7,1843159,999947,999947,1000000,1001145,1.843159000,1.841050997
7,1843238,1000000,1000000,1000000,1001093,1.843238000,1.841225540
7,1843735,1000313,1000313,1000260,1001407,1.843255754,1.841144510
7,1826035,1000312,1000312,970886,1001875,1.880792390,1.822617592
7,1843546,1000156,1000156,1000157,1001354,1.843256609,1.841053214
7,1843761,1000312,1000312,1000261,1001458,1.843279904,1.841076710
7,1843696,1000313,1000313,1000260,1001354,1.843216764,1.841203011
7,1836427,1000208,1000208,995312,1001302,1.845076720,1.834039081
7,1842785,1000157,1000157,1000104,1001198,1.842593370,1.840579985
7,1843607,1000208,1000208,1000156,1001250,1.843319442,1.841305368
7,1843173,1000000,1000000,999948,1000990,1.843268850,1.841350063
7,1828250,1000156,1000156,983333,1001459,1.859237918,1.825586469
7,1843955,1000416,1000416,1000469,1001614,1.843090591,1.840983652
7,1843558,1000156,1000156,1000209,1001302,1.843172777,1.841160809
7,1843872,1000364,1000364,1000312,1001354,1.843296891,1.841378773
7,1838623,1000364,1000364,997188,1001406,1.843807787,1.836041526
7,1844077,1000417,1000417,1000416,1001563,1.843310183,1.841199206
7,1843332,1000105,1000105,1000052,1001093,1.843236152,1.841319438
7,1843304,1000052,1000052,1000052,1001146,1.843208153,1.841193992
7,1816043,1000469,1000469,960053,1001719,1.891607026,1.812926579
7,1843252,1000053,1000053,1000052,1001198,1.843156156,1.841046426
7,1843900,1000416,1000416,1000365,1001406,1.843227222,1.841311117
7,1843849,1000364,1000364,1000313,1001354,1.843272056,1.841355804
7,1839200,1000416,1000416,997396,1001562,1.844001781,1.836331650
7,1843556,1000157,1000157,1000208,1001093,1.843172620,1.841543193
7,1843943,1000417,1000417,1000416,1001354,1.843176239,1.841449677
7,1843188,1000000,1000000,1000000,1000990,1.843188000,1.841365049
7,1828526,1000572,1000572,979427,1001719,1.866934442,1.825388158
7,1843598,1000208,1000208,1000209,1001354,1.843212769,1.841105144
7,1843878,1000364,1000364,1000365,1001250,1.843205230,1.841576030
7,1843713,1000313,1000313,1000260,1001146,1.843233759,1.841602524
7,1838860,1000469,1000469,997447,1001407,1.843566626,1.836276359
7,1844050,1000469,1000469,1000469,1001354,1.843185546,1.841556532
7,1843722,1000261,1000261,1000260,1001250,1.843242757,1.841420225
7,1843543,1000209,1000209,1000156,1001145,1.843255452,1.841434557
7,1830298,1000937,1000937,970468,1002188,1.885995211,1.826302051
7,1843393,1000104,1000104,1000052,1001250,1.843297149,1.841091635
7,1843465,1000156,1000156,1000104,1001302,1.843273300,1.841067930
7,1843563,1000208,1000208,1000156,1001354,1.843275449,1.841070191
7,1837423,1000625,1000625,997292,1002031,1.842412252,1.833698758
7,1843866,1000365,1000365,1000365,1001511,1.843193234,1.841084122
7,1843697,1000260,1000260,1000209,1001458,1.843311748,1.841012803
7,1843378,1000104,1000104,1000052,1001250,1.843282149,1.841076654
7,1829844,1000208,1000208,983021,1001614,1.861449552,1.826895391
7,1843414,1000104,1000104,1000104,1001510,1.843222305,1.840634642
7,1843256,1000052,1000052,1000052,1001146,1.843160156,1.841146047
7,1843345,1000052,1000052,1000104,1001198,1.843153312,1.841139315
7,1835404,1000052,1000052,995677,1001250,1.843372901,1.833112609
7,1843802,1000312,1000312,1000313,1001458,1.843225071,1.841117650
7,1843242,1000000,1000000,1000000,1001146,1.843242000,1.841132063
7,1843502,1000156,1000156,1000156,1001302,1.843214459,1.841104881
7,1825028,1000416,1000416,970782,1001979,1.879956571,1.821423403
7,1843538,1000208,1000208,1000156,1001406,1.843250453,1.840949625
7,1843239,1000000,1000000,1000000,1001094,1.843239000,1.841224700
7,1843849,1000364,1000364,1000364,1001771,1.843178083,1.840589316
7,1837018,1000468,1000468,995678,1001614,1.844992056,1.834057831
7,1843400,1000105,1000105,1000104,1001250,1.843208306,1.841098627
7,1844114,1000521,1000521,1000521,1001615,1.843153717,1.841140558
7,1843575,1000208,1000208,1000208,1001354,1.843191616,1.841082175
7,1829827,1000469,1000469,983489,1001979,1.860546483,1.826212925
7,1843900,1000417,1000417,1000417,1001615,1.843131414,1.840926903
7,1843561,1000208,1000208,1000209,1001354,1.843175776,1.841068194
7,1843089,999948,999948,999948,1001042,1.843184846,1.841170500
7,1837663,1000416,1000416,995365,1001510,1.846220231,1.834892313
7,1843802,1000364,1000364,1000313,1001406,1.843225071,1.841213254
7,1844097,1000468,1000468,1000521,1001770,1.843136726,1.840838715
7,1843542,1000209,1000209,1000156,1001250,1.843254452,1.841240449
7,1824718,1000677,1000677,966354,1001979,1.888250062,1.821114015
7,1844040,1000469,1000469,1000468,1001459,1.843177393,1.841353465
7,1844105,1000469,1000469,1000469,1001459,1.843240520,1.841418371
7,1843894,1000364,1000364,1000365,1001354,1.843221224,1.841400743
7,1838905,1000208,1000208,996719,1001406,1.844958308,1.836323130
7,1843348,1000052,1000052,1000104,1001094,1.843156312,1.841333581
7,1843324,1000052,1000052,1000104,1001042,1.843132314,1.841405256
7,1843863,1000364,1000364,1000365,1001354,1.843190236,1.841369785
7,1826728,1000573,1000573,979741,1001875,1.864500924,1.823309295
7,1843378,1000052,1000052,1000052,1001302,1.843282149,1.840981043
7,1843239,1000000,1000000,1000052,1000989,1.843143157,1.841417838
7,1843725,1000261,1000261,1000260,1001302,1.843245756,1.841327591
7,1838143,1000260,1000260,996562,1001302,1.844484337,1.835752850
7,1843258,1000052,1000052,1000000,1001042,1.843258000,1.841339324
7,1844104,1000468,1000468,1000521,1001458,1.843143722,1.841419211
7,1843958,1000416,1000416,1000469,1001354,1.843093589,1.841464657
7,1829427,1000468,1000468,969427,1001823,1.887121980,1.826098023
7,1843406,1000104,1000104,1000052,1001354,1.843310148,1.840913403
7,1843474,1000156,1000156,1000104,1001510,1.843282299,1.840694551
7,1843232,1000000,1000000,1000000,1001146,1.843232000,1.841122074
7,1835383,1000105,1000105,995729,1001302,1.843255544,1.832996439
7,1843493,1000156,1000156,1000157,1001302,1.843203617,1.841095893
7,1843496,1000156,1000156,1000157,1001250,1.843206617,1.841194507
7,1843305,1001093,1001093,1004115,1012864,1.835750885,1.819893885
7,1836806,1000105,1000105,992604,1001615,1.850492241,1.833844341
7,1837689,1000312,1000312,1000260,1001406,1.837211325,1.835108837
7,1838888,1000469,1000469,1000573,1001875,1.837834921,1.835446538
7,1837544,1000573,1000573,993386,1001875,1.849778435,1.834105053
7,1842193,1000156,1000156,1000156,1001510,1.841905663,1.839415483
7,1843046,1000052,1000052,1000000,1001146,1.843046000,1.840936287
7,1843764,1000365,1000365,1000417,1001563,1.842995471,1.840886694
7,1842558,1008593,1008593,970469,1009843,1.898626334,1.824598477
7,1829797,1000625,1000625,989636,1002084,1.848959617,1.825991633
7,1843103,1000156,1000156,1000156,1001302,1.842815521,1.840706400
7,1843588,1000208,1000208,1000208,1001302,1.843204613,1.841190770
7,1836121,1000104,1000104,993802,1001250,1.847572253,1.833828714
7,1843861,1000365,1000365,1000312,1001771,1.843285895,1.840601295
7,1843432,1000156,1000156,1000105,1001250,1.843238460,1.841130587
7,1843553,1000208,1000208,1000157,1001354,1.843263608,1.841060204
7,1833550,1000521,1000521,978488,1001771,1.873860487,1.830308524
7,1838301,1000260,1000260,998177,1001614,1.841658343,1.835338763
7,1843263,1000156,1000156,1000156,1001354,1.842975496,1.840770597
7,1843512,1000313,1000313,1000260,1001302,1.843032811,1.841114868
7,1836392,1000469,1000469,994270,1001771,1.846975168,1.833145499
7,1843443,1000312,1000312,1000260,1001510,1.842963829,1.840663598
7,1843998,1000469,1000469,1000364,1001458,1.843327029,1.841313365
7,1843272,1000156,1000156,1000156,1001198,1.842984494,1.841066402
7,1808771,1000573,1000573,944011,1001667,1.916048648,1.805760797
7,1834675,999062,999062,996719,1001354,1.840714384,1.832194209
7,1843379,1000104,1000104,1000104,1001198,1.843187309,1.841173274
7,1843559,1000208,1000208,1000156,1001094,1.843271450,1.841544350
7,1839294,1000573,1000573,997501,1001562,1.843901911,1.836425503
7,1843938,1000417,1000417,1000364,1001302,1.843267051,1.841540315
7,1843663,1000365,1000365,1000364,1001302,1.842992151,1.841265672
7,1843346,1000052,1000052,1000104,1000990,1.843154312,1.841522892
7,1841896,1007344,1007344,994635,1008334,1.851831074,1.826672511
7,1843421,1000521,1000521,1000521,1001719,1.842461078,1.840257597
7,1843639,1000208,1000208,1000208,1001250,1.843255603,1.841337328
7,1843633,1000209,1000209,1000208,1001250,1.843249604,1.841331336
7,1836770,1000365,1000365,996667,1001563,1.842912427,1.833903609
7,1843296,1000000,1000000,1000000,1001094,1.843296000,1.841281638
7,1843309,1000156,1000156,1000156,1001198,1.843021489,1.841103358
7,1843674,1000261,1000261,1000260,1001250,1.843194769,1.841372285
7,1826823,1000469,1000469,972136,1001667,1.879184600,1.823782754
7,1842863,1000000,1000000,1000052,1001406,1.842767176,1.840275573
7,1843186,1000052,1000052,1000052,1001198,1.843090159,1.840980505
7,1843171,1000104,1000104,1000104,1001250,1.842979330,1.840869913
7,1834493,1000469,1000469,993906,1001667,1.845740945,1.831439990
7,1843812,1000365,1000365,1000312,1001719,1.843236910,1.840647926
7,1843979,1000521,1000521,1000521,1001928,1.843018787,1.840430650
7,1843550,1000156,1000156,1000157,1001303,1.843260608,1.841150980
7,1828728,1000104,1000104,983959,1001303,1.858540854,1.826348268
7,1843551,1000208,1000208,1000156,1001302,1.843263451,1.841153818
7,1843443,1000156,1000156,1000156,1001250,1.843155468,1.841141573
7,1843543,1000469,1000469,1000468,1001562,1.842680625,1.840667877
7,1837798,1000209,1000209,996874,1001458,1.843560972,1.835122392
7,1843904,1000416,1000416,1000417,1001458,1.843135413,1.841219502
7,1844126,1000521,1000521,1000521,1001927,1.843165711,1.840579204
7,1843187,999948,999948,1000000,1001146,1.843187000,1.841077126
7,1791173,1000208,1000208,984844,1036927,1.818737790,1.727385824
7,1844092,1000469,1000469,1000521,1001979,1.843131728,1.840449750
7,1843480,1000157,1000157,1000208,1001302,1.843096636,1.841082910
7,1843599,1000209,1000209,1000156,1001302,1.843311443,1.841201755
7,1835058,1000417,1000417,995156,1001615,1.843990289,1.832099160
7,1843855,1000365,1000365,1000312,1001458,1.843279897,1.841170573
7,1843849,1000365,1000365,1000365,1001510,1.843176241,1.841068986
7,1843800,1000416,1000416,1000417,1001511,1.843031456,1.841018221
7,1776968,1000312,1000312,947238,1001666,1.875946700,1.774012495
7,1843076,999948,999948,999948,1001145,1.843171845,1.840968092
7,1843541,1000156,1000156,1000157,1001614,1.843251609,1.840570320
7,1843294,1000053,1000053,1000000,1001563,1.843294000,1.840417428
7,1836344,1000260,1000260,995261,1001511,1.845087871,1.833573470
7,1843857,1000365,1000365,1000364,1001510,1.843186080,1.841076974
7,1843406,1000208,1000208,1000209,1001354,1.843020809,1.840913403
7,1844001,1000468,1000468,1000521,1001615,1.843040776,1.841027740
7,1827855,1000521,1000521,967708,1002031,1.888849736,1.824150151
7,1842931,1000364,1000364,1000365,1001615,1.842258576,1.839959465
7,1843426,1000208,1000208,1000261,1001302,1.842944991,1.841028980
7,1843630,1000208,1000208,1000157,1001354,1.843340596,1.841137100
7,1837287,1000104,1000104,996303,1001615,1.844104655,1.834324566
7,1844215,1000573,1000573,1000573,1001979,1.843158870,1.840572507
7,1843982,1000573,1000573,1000520,1001666,1.843023628,1.840915036
7,1843403,1000416,1000416,1000417,1001563,1.842634621,1.840526257
7,1830220,1000417,1000417,983124,1001875,1.861636986,1.826794760
7,1843029,1000000,1000000,1000000,1001146,1.843029000,1.840919306
7,1842236,1000000,1000000,1000000,1001198,1.842236000,1.840031642
7,1843649,1000208,1000208,1000209,1001302,1.843263758,1.841251690
7,1837065,1000468,1000468,992760,1001667,1.850462347,1.834007709
7,1843616,1000520,1000520,1000521,1001615,1.842655976,1.840643361
7,1843388,1000104,1000104,1000052,1001250,1.843292149,1.841086642
7,1843381,1000104,1000104,1000104,1001406,1.843189308,1.840792845
7,1826662,1000469,1000469,969375,1002083,1.884370858,1.822864972
7,1843280,1000261,1000261,1000208,1001458,1.842896677,1.840596410
7,1844046,1000417,1000417,1000469,1001615,1.843181548,1.841072668
7,1843571,1000313,1000313,1000312,1001458,1.842995985,1.840886987
7,1835468,1000209,1000209,990780,1001510,1.852548497,1.832700622
7,1843831,1000312,1000312,1000365,1001458,1.843158247,1.841146608
7,1843940,1000417,1000417,1000416,1001510,1.843173240,1.841159849
7,1843505,1000261,1000261,1000260,1001406,1.843025813,1.840916671
7,1805792,1000468,1000468,966094,1001771,1.869168011,1.802599596
7,1842775,1000000,1000000,1000052,1001250,1.842679181,1.840474407
7,1843336,1000052,1000052,1000052,1001250,1.843240152,1.841034707
7,1843755,1000260,1000260,1000312,1001459,1.843179928,1.841068881
7,1837489,1000469,1000469,995626,1001614,1.845561486,1.834528072
7,1843526,1000156,1000156,1000209,1001302,1.843140784,1.841128850
7,1843334,1000052,1000052,1000104,1001198,1.843142313,1.841128328
7,1844022,1000416,1000416,1000417,1001563,1.843253363,1.841144291
7,1827239,1000677,1000677,970208,1001927,1.883347695,1.823724683
7,1842699,999948,999948,1000000,1001458,1.842699000,1.840016256
7,1843238,1000104,1000104,1000052,1001198,1.843142157,1.841032443
7,1843064,1000052,1000052,1000000,1001146,1.843064000,1.840954266
7,1836927,1000052,1000052,996459,1001563,1.843454673,1.834060364
7,1843722,1000313,1000313,1000260,1001406,1.843242757,1.841133366
7,1843529,1000209,1000209,1000156,1001302,1.843241454,1.841131846
7,1843618,1000313,1000313,1000261,1001406,1.843136941,1.841029513
7,1827777,1000520,1000520,982553,1002031,1.860232476,1.824072309
7,1843196,1000000,1000000,999948,1001094,1.843291851,1.841181747
7,1843119,1000156,1000156,1000157,1001302,1.842829676,1.840722379
7,1843832,1000416,1000416,1000469,1001563,1.842967648,1.840954588
7,1837105,1000261,1000261,996405,1001510,1.843733221,1.834335154
7,1843510,1000156,1000156,1000157,1001250,1.843220614,1.841208489
7,1843494,1000156,1000156,1000157,1001563,1.843204617,1.840617115
7,1842947,1000052,1000052,1000104,1001198,1.842755353,1.840741791
7,1826481,1000521,1000521,970001,1002136,1.882968162,1.822587952
7,1842657,999948,999948,999896,1001146,1.842848656,1.840547732
7,1843149,1000208,1000208,1000208,1001354,1.842765705,1.840656751
7,1843992,1000416,1000416,1000365,1001563,1.843319188,1.841114338
7,1835512,1000365,1000365,995885,1001563,1.843096341,1.832647572
7,1843422,1000416,1000416,1000417,1001563,1.842653613,1.840545228
7,1844024,1000469,1000469,1000416,1001614,1.843257205,1.841052541
7,1843823,1000521,1000521,1000521,1001615,1.842862868,1.840850027
7,1828749,1000261,1000261,982446,1001614,1.861424445,1.825802155
7,1843515,1000261,1000261,1000208,1001719,1.843131629,1.840351436
7,1843468,1000260,1000260,1000261,1001354,1.842986980,1.840975319
7,1843014,1000000,1000000,1000000,1001146,1.843014000,1.840904324
7,1838636,1000364,1000364,995990,1001510,1.846038615,1.835863846
7,1843251,1000052,1000052,1000052,1001197,1.843155156,1.841047266
7,1843805,1000364,1000364,1000313,1001459,1.843228070,1.841118808
7,1843427,1000313,1000313,1000364,1001511,1.842756237,1.840645784
7,1796402,1000365,1000365,948541,1001979,1.893858041,1.792853942
7,1843266,1000208,1000208,1000261,1001458,1.842785033,1.840582431
7,1843189,1000208,1000208,1000156,1001354,1.842901507,1.840696697
7,1843276,1000052,1000052,1000000,1001459,1.843276000,1.840590578
7,1836223,1000261,1000261,996718,1001406,1.842269328,1.833644895
7,1843152,1000000,1000000,1000000,1001458,1.843152000,1.840468597
7,1842611,1000000,1000000,1000000,1001094,1.842611000,1.840597386
7,1844121,1000468,1000468,1000469,1001615,1.843256513,1.841147547
7,1793164,1000781,1000781,957657,1002343,1.872449113,1.788972438
7,1843736,1000417,1000417,1000417,1001614,1.842967483,1.840765005
7,1843598,1000260,1000260,1000209,1001354,1.843212769,1.841105144
7,1843259,1000104,1000104,1000104,1001250,1.843067321,1.840957803
7,1837527,1000312,1000312,995625,1001511,1.845601507,1.834754686
7,1843746,1000261,1000261,1000260,1001666,1.843266751,1.840679428
7,1843564,1000417,1000417,1000364,1001563,1.842893187,1.840687006
7,1843542,1000209,1000209,1000208,1001354,1.843158623,1.841049219
7,1825571,1000677,1000677,969843,1002135,1.882336626,1.821681710
7,1843464,1000104,1000104,1000052,1001302,1.843368145,1.841066931
7,1843484,1000260,1000260,1000260,1001407,1.843004819,1.840893862
7,1843066,1000157,1000157,1000156,1001250,1.842778527,1.840765044
7,1834673,1000625,1000625,993021,1001823,1.847567171,1.831334477
7,1843874,1000469,1000469,1000417,1001562,1.843105425,1.840998361
7,1842898,1000156,1000156,1000157,1001302,1.842608710,1.840501667
7,1843380,1000469,1000469,1000469,1001927,1.842515860,1.839834639
7,1828531,1000156,1000156,981146,1001771,1.863668608,1.825298397
7,1843923,1000364,1000364,1000365,1001614,1.843250214,1.840951704
7,1844084,1000469,1000469,1000416,1001615,1.843317180,1.841110606
7,1843269,1000105,1000105,1000104,1001510,1.843077320,1.840489860
7,1838057,1000156,1000156,995573,1001354,1.846230261,1.835571636
7,1843942,1000417,1000417,1000416,1001563,1.843175239,1.841064416
7,1843606,1000209,1000209,1000208,1001354,1.843222610,1.841113133
7,1843806,1000313,1000313,1000312,1001406,1.843230912,1.841217249
7,1826477,1000572,1000572,971979,1002187,1.879132162,1.822491212
7,1843809,1000365,1000365,1000312,1001510,1.843233911,1.841029046
7,1843293,1000052,1000052,1000052,1001458,1.843197154,1.840609392
7,1843570,1000312,1000312,1000312,1001459,1.842994986,1.840884150
7,1835119,1000469,1000469,997083,1001980,1.840487703,1.831492645
7,1843711,1000365,1000365,1000417,1001458,1.842942493,1.841026783
7,1843549,1000260,1000260,1000261,1001406,1.843067959,1.840960609
7,1843339,1000156,1000156,1000157,1001302,1.843049641,1.840942093
7,1804957,1000416,1000416,962813,1001979,1.874670367,1.801392045
7,1843090,1000052,1000052,1000052,1001302,1.842994164,1.840693417
7,1843760,1000417,1000417,1000364,1001511,1.843089116,1.840978282
7,1843571,1000313,1000313,1000260,1001407,1.843091796,1.840980740
7,1838027,1000052,1000052,996667,1001250,1.844173631,1.835732335
7,1843885,1000469,1000469,1000469,1001562,1.843020623,1.841009343
7,1843835,1000312,1000312,1000313,1001510,1.843258060,1.841055007
7,1843391,1000104,1000104,1000104,1001198,1.843199307,1.841185260
7,1827135,1000781,1000781,972291,1002292,1.879205917,1.822956783
7,1842737,999948,999948,999948,1001198,1.842832827,1.840532043
7,1843221,1000000,1000000,999948,1001094,1.843316852,1.841206720
7,1842927,1000156,1000156,1000156,1001354,1.842639548,1.840435051
7,1837053,1000105,1000105,995312,1001354,1.845705668,1.834568994
7,1843743,1000312,1000312,1000313,1001406,1.843166089,1.841154337
7,1843662,1000364,1000364,1000313,1001510,1.843085114,1.840882268
7,1844233,1000573,1000573,1000573,1001979,1.843176860,1.840590471
7,1826730,1000677,1000677,977448,1002188,1.868876912,1.822741841
7,1843214,1000208,1000208,1000156,1001406,1.842926503,1.840626080
7,1843897,1000365,1000365,1000416,1001563,1.843130258,1.841019487
7,1843407,1000105,1000105,1000104,1001250,1.843215306,1.841105618
7,1834619,1000521,1000521,995521,1001771,1.842873229,1.831375634
7,1843191,1000104,1000104,1000104,1001250,1.842999328,1.840889888
7,1843513,1000156,1000156,1000104,1001459,1.843321295,1.840827233
7,1843933,1000417,1000417,1000417,1001562,1.843164400,1.841057269
7,1828187,1000729,1000729,970886,1002292,1.883008922,1.824006377
7,1843276,1000052,1000052,1000053,1001406,1.843178312,1.840687993
7,1843325,1000052,1000052,1000052,1001198,1.843229152,1.841119339
7,1843199,1000000,1000000,999948,1001198,1.843294851,1.840993490
7,1834400,1000156,1000156,996667,1001667,1.840534501,1.831347144
7,1843770,1000312,1000312,1000313,1001406,1.843193081,1.841181299
7,1843570,1000208,1000208,1000209,1001406,1.843184774,1.840981580
7,1843805,1000417,1000417,1000468,1001823,1.842942503,1.840449860
7,1828651,1000260,1000260,982500,1001823,1.861222392,1.825323435
7,1843904,1000365,1000365,1000416,1001562,1.843137255,1.841028314
7,1843820,1000417,1000417,1000416,1001563,1.843053290,1.840942607
7,1843162,1000260,1000260,1000313,1001406,1.842585271,1.840574153
7,1835508,1000260,1000260,996042,1001510,1.842801810,1.832740562
7,1843508,1000261,1000261,1000208,1001407,1.843124630,1.840917829
7,1843376,1000105,1000105,1000104,1001198,1.843184309,1.841170278
7,1843228,1000313,1000313,1000364,1001459,1.842557309,1.840542648
7,1795976,1000416,1000416,948647,1001927,1.893197364,1.792521810
7,1843516,1000156,1000156,1000208,1001354,1.843132628,1.841023255
7,1843801,1000313,1000313,1000312,1001459,1.843225914,1.841114813
7,1843767,1000417,1000417,1000417,1001875,1.842998470,1.840316407
7,1836981,1000469,1000469,995729,1001667,1.844860399,1.833923849
7,1843154,1000104,1000104,1000053,1001198,1.843056318,1.840948544
7,1843158,1000052,1000052,1000052,1001510,1.843062161,1.840379028
7,1843566,1000208,1000208,1000208,1001354,1.843182618,1.841073187
7,1786853,1000364,1000364,950989,1001927,1.878941817,1.783416357
7,1843792,1000468,1000468,1000417,1001666,1.843023459,1.840725352
7,1843738,1000312,1000312,1000312,1001458,1.843162933,1.841053744
7,1843850,1000417,1000417,1000416,1001563,1.843083277,1.840972560
7,1836595,1000312,1000312,992084,1001510,1.851249491,1.833825923
7,1843276,1000052,1000052,1000000,1001198,1.843276000,1.841070398
7,1843658,1000208,1000208,1000208,1001354,1.843274599,1.841165063
7,1843720,1000313,1000313,1000260,1001406,1.843240757,1.841131369
7,1829416,1000677,1000677,969167,1002136,1.887616892,1.825516696
7,1843740,1000365,1000365,1000416,1001615,1.842973323,1.840767161
7,1843499,1000261,1000261,1000260,1001354,1.843019815,1.841006278
7,1843313,1000052,1000052,1000052,1001198,1.843217153,1.841107353
7,1834800,1000157,1000157,996614,1001614,1.841033740,1.831843405
7,1844060,1000469,1000469,1000469,1001511,1.843195541,1.841277829
7,1843142,1000000,1000000,999948,1001406,1.843237848,1.840554181
7,1843678,1000364,1000364,1000365,1001458,1.843005303,1.840993831
7,1828868,1000208,1000208,984271,1001719,1.858093960,1.825729571
7,1843294,1000052,1000052,1000052,1001198,1.843198154,1.841088376
7,1843508,1000156,1000156,1000156,1001406,1.843220458,1.840919667
7,1843147,999948,999948,999948,1001146,1.843242849,1.841037171
7,1837327,1000260,1000260,995520,1001406,1.845595267,1.834747345
7,1843524,1000365,1000365,1000365,1001459,1.842851359,1.840838217
7,1843070,1000104,1000104,1000104,1001302,1.842878341,1.840673443
7,1843959,1000468,1000468,1000521,1001614,1.842998798,1.840987646
7,1809462,991979,991979,958542,1001927,1.887723230,1.805981873
7,1843289,1000052,1000052,1000052,1001511,1.843193154,1.840507992
7,1843943,1000364,1000364,1000417,1001562,1.843174396,1.841067253
7,1843325,1000052,1000052,1000104,1001250,1.843133314,1.841023720
7,1838780,1000365,1000365,996406,1001563,1.845412412,1.835910472
7,1843697,1000260,1000260,1000261,1001666,1.843215921,1.840630510
7,1843803,1000313,1000313,1000313,1001406,1.843226070,1.841214253
7,1843986,1000416,1000416,1000417,1001510,1.843217378,1.841205779
7,1789609,1000208,1000208,953958,1001771,1.875983010,1.786445206
7,1842820,1000000,1000000,1000000,1001198,1.842820000,1.840614943
7,1843408,1000156,1000156,1000104,1001250,1.843216306,1.841106617
7,1843393,1000104,1000104,1000052,1001250,1.843297149,1.841091635
7,1835978,1000260,1000260,995522,1001406,1.844236491,1.833400239
7,1844144,1000521,1000521,1000521,1001615,1.843183701,1.841170510
7,1843601,1000208,1000208,1000209,1001354,1.843215768,1.841108140
7,1843814,1000312,1000312,1000312,1001719,1.843238909,1.840649923
7,1789241,1000520,1000520,938750,1002083,1.905982423,1.785521758
7,1843895,1000365,1000365,1000313,1001563,1.843318041,1.841017490
7,1843338,1000156,1000156,1000209,1001302,1.842952823,1.840941095
7,1843117,999948,999948,999948,1001094,1.843212847,1.841102834
7,1833476,1000052,1000052,996354,1001615,1.840185316,1.830519711
7,1843514,1000261,1000261,1000260,1001354,1.843034811,1.841021257
7,1843905,1000469,1000469,1000417,1001615,1.843136412,1.840931895
7,1843794,1000417,1000417,1000469,1001614,1.842929666,1.840822912
7,1826825,1000729,1000729,982084,1002188,1.860151474,1.822836633
7,1843157,1000000,1000000,999948,1001458,1.843252849,1.840473590
7,1843309,1000052,1000052,1000052,1001198,1.843213153,1.841103358
7,1844031,1000417,1000417,1000468,1001562,1.843168397,1.841155116
7,1833906,1000105,1000105,995885,1001302,1.841483705,1.831521359
7,1843111,1000052,1000052,1000052,1001198,1.843015163,1.840905595
7,1844151,1000521,1000521,1000573,1001615,1.843094907,1.841177498
7,1843174,1000000,1000000,999948,1001094,1.843269850,1.841159771
7,1814746,1000625,1000625,971669,1002239,1.867658637,1.810691861
7,1843799,1000313,1000313,1000313,1001511,1.843222071,1.841017223
7,1843232,1000052,1000052,1000000,1001146,1.843232000,1.841122074
7,1843420,1000104,1000104,1000104,1001407,1.843228304,1.840829952
7,1834511,1000260,1000260,995469,1001562,1.842861003,1.831649963
7,1843561,1000208,1000208,1000208,1001302,1.843177619,1.841163805
7,1843209,1000000,1000000,1000000,1001198,1.843209000,1.841003478
7,1843237,1000000,1000000,1000052,1001198,1.843141157,1.841031444
7,1826214,1000469,1000469,982709,1002031,1.858346672,1.822512477
7,1844010,1000416,1000416,1000365,1001615,1.843337182,1.841036726
7,1843864,1000365,1000365,1000364,1001510,1.843193078,1.841083963
7,1843267,1000052,1000052,1000052,1001459,1.843171155,1.840581591
7,1835174,1000260,1000260,993178,1001771,1.847779552,1.831929653
7,1843624,1000209,1000209,1000260,1001302,1.843144782,1.841226723
7,1843699,1000260,1000260,1000261,1001667,1.843217920,1.840630669
7,1844014,1000417,1000417,1000416,1001563,1.843247209,1.841136304
7,1822523,1000677,1000677,960781,1002188,1.896918236,1.818544026
7,1843886,1000364,1000364,1000313,1001615,1.843309044,1.840912926
7,1843811,1000312,1000312,1000312,1001406,1.843235910,1.841222242
7,1843610,1000208,1000208,1000208,1001302,1.843226609,1.841212741
7,1835703,1000157,1000157,991250,1001719,1.851907188,1.832552842
7,1843610,1000208,1000208,1000208,1001406,1.843226609,1.841021524
7,1843166,1000000,1000000,1000000,1001094,1.843166000,1.841151780
7,1842854,1000208,1000208,1000157,1001302,1.842564717,1.840457724
7,1825307,1000417,1000417,977553,1002031,1.867220499,1.821607316
7,1843278,1000053,1000053,1000000,1001250,1.843278000,1.840976779
7,1843495,1000157,1000157,1000156,1001302,1.843207460,1.841097891
7,1843958,1000417,1000417,1000313,1001563,1.843381022,1.841080391
7,1839084,1000625,1000625,993178,1001823,1.851716409,1.835737451
7,1843561,1000208,1000208,1000157,1001302,1.843271606,1.841163805
7,1843693,1000260,1000260,1000261,1001406,1.843211922,1.841104407
7,1844058,1000469,1000469,1000468,1001614,1.843195385,1.841086486
7,1824822,1000469,1000469,972083,1001875,1.877228591,1.821406862
7,1843640,1000260,1000260,1000209,1001407,1.843254760,1.841049643
7,1837290,1000104,1000104,998803,1001354,1.839491872,1.834805673
7,1843394,1000104,1000104,1000104,1001250,1.843202307,1.841092634
7,1837404,1000521,1000521,996875,1001719,1.843163887,1.834250923
7,1844040,1000469,1000469,1000416,1001562,1.843273198,1.841164102
7,1843676,1000313,1000313,1000260,1001667,1.843196769,1.840607707
7,1843706,1000260,1000260,1000260,1001406,1.843226761,1.841117389
7,1779009,1000209,1000209,947499,1001510,1.877584040,1.776326747
7,1843535,1000208,1000208,1000209,1001407,1.843149782,1.840944791
7,1843752,1000260,1000260,1000312,1001406,1.843176929,1.841163324
7,1844163,1000521,1000521,1000521,1001667,1.843202691,1.841093896
7,1836444,1000260,1000260,997344,1001511,1.841334585,1.833673320
7,1843882,1000365,1000365,1000364,1001823,1.843211071,1.840526720
7,1844010,1000469,1000469,1000416,1001562,1.843243211,1.841134148
7,1885389,1028125,1028125,1003959,1029427,1.877954179,1.831493637
7,1836541,1000521,1000521,987656,1001928,1.859494601,1.833006963
7,1843241,1000000,1000000,1000000,1001250,1.843241000,1.840939825
7,1843219,1000000,1000000,1000052,1001094,1.843123158,1.841204722
7,1837870,1000052,1000052,996667,1001146,1.844016106,1.835766212
7,1843518,1000156,1000156,1000208,1001406,1.843134628,1.840929653
7,1843275,1000052,1000052,1000000,1001042,1.843275000,1.841356307
7,1843826,1000364,1000364,1000365,1001407,1.843153249,1.841235382
7,1835089,1000312,1000312,985209,1001563,1.862639298,1.832225232
7,1835588,1000261,1000261,992395,1001563,1.849654623,1.832723453
7,1843556,1000208,1000208,1000209,1001093,1.843170777,1.841543193
7,1843264,1000052,1000052,1000000,1000990,1.843264000,1.841440973
7,1835784,1000104,1000104,996979,1001093,1.841346708,1.833779679
7,1843289,1000052,1000052,1000052,1000938,1.843193154,1.841561615
7,1844047,1000468,1000468,1000469,1001354,1.843182547,1.841553537
7,1843671,1000260,1000260,1000261,1001146,1.843189927,1.841560572
7,1830450,1000312,1000312,976562,1001511,1.874381760,1.827688363
7,1836370,1000573,1000573,992709,1001927,1.849857310,1.832838121
7,1844155,1000521,1000521,1000469,1001615,1.843290497,1.841181492
7,1843693,1000260,1000260,1000260,1001614,1.843213764,1.840722075
7,1837006,1000261,1000261,994896,1001406,1.846430180,1.834426796
7,1843461,1000104,1000104,1000156,1001302,1.843173465,1.841063935
7,1844099,1000468,1000468,1000469,1001667,1.843234523,1.841030003
7,1844210,1000573,1000573,1000521,1001666,1.843249667,1.841142656
7,1837025,1000364,1000364,992448,1001615,1.851003781,1.834062988
7,1835280,1000261,1000261,988750,1001667,1.856161820,1.832225680
7,1843747,1000313,1000313,1000312,1001406,1.843171930,1.841158331
7,1843167,1000000,1000000,1000000,1001146,1.843167000,1.841057149
7,1836710,999948,999948,995416,1001250,1.845168251,1.834416979
7,1843593,1000209,1000209,1000208,1001614,1.843209612,1.840622236
7,1843257,1000052,1000052,1000052,1001198,1.843161156,1.841051420
7,1843632,1000208,1000208,1000261,1001406,1.843150938,1.841043493
7,1827384,1000260,1000260,969688,1001459,1.884507182,1.824721731
7,1843951,1000364,1000364,1000312,1001875,1.843375867,1.840500062
7,1843486,1000156,1000156,1000156,1001354,1.843198461,1.840993295
7,1843314,1000104,1000104,1000052,1001198,1.843218153,1.841108352
7,1837879,1000104,1000104,996666,1001250,1.844026986,1.835584519
7,1844139,1000521,1000521,1000573,1001927,1.843082913,1.840592179
7,1843823,1000313,1000313,1000312,1001406,1.843247907,1.841234225
7,1843170,1000000,1000000,1000000,1001458,1.843170000,1.840486571
7,1829458,1000261,1000261,980989,1001406,1.864911839,1.826889394
7,1843424,1000104,1000104,1000104,1001614,1.843232304,1.840453508
7,1843605,1000208,1000208,1000261,1001354,1.843123945,1.841112134
7,1843330,1000052,1000052,1000053,1001198,1.843232309,1.841124333
7,1836285,1000312,1000312,993334,1001563,1.848607820,1.833419366
7,1843892,1000365,1000365,1000417,1001562,1.843123418,1.841016332
7,1843248,1000052,1000052,1000000,1001146,1.843248000,1.841138056
7,1843647,1000261,1000261,1000260,1001354,1.843167776,1.841154077
7,1798983,1000156,1000156,945052,1001563,1.903580967,1.796175578
7,1844081,1000469,1000469,1000469,1001927,1.843216531,1.840534290
7,1843724,1000313,1000313,1000312,1001406,1.843148938,1.841135364
7,1843503,1000156,1000156,1000156,1001250,1.843215458,1.841201498
7,1838231,1000416,1000416,995729,1001615,1.846115760,1.835267044
7,1844185,1000521,1000521,1000521,1001666,1.843224680,1.841117698
7,1843594,1000208,1000208,1000261,1001303,1.843112948,1.841194923
7,1843602,1000260,1000260,1000260,1001354,1.843122788,1.841109138
7,1803138,1000677,1000677,963437,1002135,1.871568146,1.799296502
7,1843045,999896,999896,999948,1001406,1.843140843,1.840457317
7,1844015,1000469,1000469,1000416,1001563,1.843248209,1.841137302
7,1843981,1000417,1000417,1000417,1001562,1.843212380,1.841105194
7,1837066,1000364,1000364,995678,1001511,1.845040264,1.834294381
7,1843825,1000313,1000313,1000312,1001458,1.843249906,1.841140617
7,1844153,1000520,1000520,1000469,1001667,1.843288498,1.841083913
7,1843517,1000156,1000156,1000208,1001302,1.843133628,1.841119862
7,1828623,1000260,1000260,969113,1001562,1.886903798,1.825771145
7,1843040,999948,999948,999896,1001303,1.843231696,1.840641644
7,1844043,1000417,1000417,1000364,1001510,1.843372013,1.841262693
7,1843470,1000157,1000157,1000208,1001354,1.843086638,1.840977317
7,1838304,1000313,1000313,997083,1001510,1.843682020,1.835532346
7,1844042,1000469,1000469,1000468,1001927,1.843179392,1.840495365
7,1843236,1000000,1000000,1000000,1001458,1.843236000,1.840552474
7,1843591,1000209,1000209,1000208,1001302,1.843207613,1.841193766
7,1828642,1000313,1000313,982500,1001614,1.861213232,1.825695328
7,1843989,1000417,1000417,1000365,1001927,1.843316190,1.840442467
7,1843148,1000000,1000000,1000000,1001145,1.843148000,1.841040009
7,1843880,1000364,1000364,1000312,1001511,1.843304889,1.841098101
7,1836768,1000521,1000521,996198,1001718,1.843778044,1.833617845
7,1843878,1000417,1000417,1000364,1001510,1.843207073,1.841097942
7,1843992,1000417,1000417,1000417,1001562,1.843223376,1.841116177
7,1843664,1000260,1000260,1000208,1001355,1.843280598,1.841169216
7,1827065,1000208,1000208,969895,1001667,1.883776079,1.824024351
7,1843416,1000104,1000104,1000052,1001355,1.843320147,1.840921551
7,1844089,1000469,1000469,1000469,1001614,1.843224528,1.841117436
7,1843888,1000364,1000364,1000365,1001511,1.843215226,1.841106089
7,1837527,1000104,1000104,995520,1001302,1.845796167,1.835137651
7,1843930,1000416,1000416,1000365,1001511,1.843257211,1.841148025
7,1843409,1000104,1000104,1000052,1001198,1.843313148,1.841203239
7,1843754,1000312,1000312,1000260,1001407,1.843274749,1.841163483
7,1816692,1000781,1000781,970415,1002291,1.872077410,1.812539472
7,1843789,1000313,1000313,1000312,1001511,1.843213917,1.841007238
7,1843749,1000313,1000313,1000260,1001719,1.843269750,1.840585034
7,1843416,1000104,1000104,1000104,1001250,1.843224305,1.841114607
7,1835322,1000156,1000156,995574,1001302,1.843481248,1.832935518
7,1843310,1000052,1000052,1000052,1001145,1.843214153,1.841201824
7,1843773,1000312,1000312,1000260,1001407,1.843293744,1.841182456
7,1843710,1000261,1000261,1000312,1001406,1.843134942,1.841121383
7,1825571,1000261,1000261,968957,1001614,1.884057806,1.822629276
7,1843137,1000000,1000000,1000000,1001510,1.843137000,1.840358059
7,1843454,1000156,1000156,1000157,1001302,1.843164623,1.841056944
7,1843960,1000416,1000416,1000365,1001563,1.843287200,1.841082388
7,1836652,1000208,1000208,996510,1001407,1.843084364,1.834071461
7,1843862,1000313,1000313,1000365,1001771,1.843189236,1.840602293
7,1844226,1000521,1000521,1000521,1001614,1.843265659,1.841254216
7,1843964,1000416,1000416,1000417,1001511,1.843195388,1.841181974
7,1828618,1000573,1000573,982344,1001771,1.861484368,1.825385243
7,1843299,1000052,1000052,1000052,1001198,1.843203153,1.841093370
7,1843432,1000104,1000104,1000156,1001563,1.843144469,1.840555212
7,1843754,1000261,1000261,1000260,1001406,1.843274749,1.841165322
7,1837869,1000469,1000469,995834,1001614,1.845557593,1.834907459
7,1843611,1000209,1000209,1000208,1001406,1.843227609,1.841022522
7,1843454,1000157,1000157,1000156,1001302,1.843166466,1.841056944
7,1843628,1000209,1000209,1000208,1001666,1.843244605,1.840561624
7,1826659,1000312,1000312,970105,1001823,1.882949784,1.823335060
7,1843848,1000365,1000365,1000364,1001563,1.843177084,1.840970563
7,1843430,1000105,1000105,1000156,1001250,1.843142470,1.841128589
7,1844074,1000469,1000469,1000521,1001666,1.843113738,1.841006883
7,1835145,1000156,1000156,991875,1001406,1.850177694,1.832568409
7,1843357,1000104,1000104,1000104,1001197,1.843165311,1.841153140
7,1843567,1000208,1000208,1000208,1001355,1.843183618,1.841072347
7,1843793,1000313,1000313,1000312,1001459,1.843217916,1.841106825
7,1826584,1000209,1000209,980416,1001718,1.863070370,1.823451311
7,1843642,1000209,1000209,1000208,1001718,1.843258602,1.840480055
7,1844089,1000469,1000469,1000468,1001615,1.843226370,1.841115598
7,1843332,1000105,1000105,1000052,1001250,1.843236152,1.841030712
7,1837115,1000417,1000417,995781,1001614,1.844898627,1.834154674
7,1843913,1000365,1000365,1000364,1001563,1.843242060,1.841035462
7,1843511,1000157,1000157,1000104,1001302,1.843319295,1.841113870
7,1842557,1000000,1000000,1000000,1001146,1.842557000,1.840447847
7,1801646,1000261,1000261,951249,1001823,1.893979389,1.798367576
7,1843060,999896,999896,999947,1001146,1.843157687,1.840950271
7,1843291,1000052,1000052,1000052,1001146,1.843195154,1.841181007
7,1843416,1000105,1000105,1000104,1001510,1.843224305,1.840636639
7,1834816,1000417,1000417,996876,1001927,1.840565928,1.831287110
7,1842950,1000156,1000156,1000156,1001250,1.842662545,1.840649189
7,1843254,1000000,1000000,1000000,1001146,1.843254000,1.841144049
7,1843873,1000365,1000365,1000364,1001511,1.843202074,1.841091111
7,1828582,1000521,1000521,977813,1002031,1.870073317,1.824875677
7,1843304,1000260,1000260,1000260,1001771,1.842824866,1.840045280
7,1843486,1000260,1000260,1000261,1001406,1.843004976,1.840897698
7,1843790,1000312,1000312,1000365,1001511,1.843117262,1.841008237
7,1833985,1000052,1000052,995573,1001250,1.842140154,1.831695381
7,1843137,1000104,1000104,1000104,1001197,1.842945334,1.840933403
7,1843561,1000208,1000208,1000156,1001563,1.843273449,1.840684011
7,1844237,1000573,1000573,1000573,1001666,1.843180857,1.841169611
7,1827805,1000573,1000573,969635,1002032,1.885044372,1.824098432
7,1843148,1000104,1000104,1000104,1001250,1.842956333,1.840846941
7,1843575,1000312,1000312,1000313,1001458,1.842998142,1.840890981
7,1843085,999948,999948,999896,1001094,1.843276701,1.841070868
7,1832694,1000157,1000157,995468,1001406,1.841037582,1.830120850
7,1843862,1000469,1000469,1000468,1001667,1.842999476,1.840793397
7,1843520,1000365,1000365,1000365,1001510,1.842847361,1.840740482
7,1843904,1000469,1000469,1000469,1001615,1.843039614,1.840930897
7,1824835,1000313,1000313,979426,1001771,1.863167815,1.821608931
7,1843283,1000156,1000156,1000156,1001250,1.842995493,1.840981773
7,1843405,1000104,1000104,1000104,1001250,1.843213306,1.841103620
7,1844048,1000469,1000469,1000416,1001563,1.843281195,1.841170251
7,1837709,1000312,1000312,996042,1001562,1.845011556,1.834842975
7,1843024,1000104,1000104,1000156,1001198,1.842736533,1.840818699
7,1843442,1000365,1000365,1000312,1001459,1.842867025,1.840756337
7,1843407,1000104,1000104,1000104,1001250,1.843215306,1.841105618
7,1827433,1000365,1000365,969480,1001980,1.884962042,1.823821833
7,1843644,1000208,1000208,1000209,1001458,1.843258759,1.840959880
7,1843749,1000417,1000417,1000416,1001875,1.842982319,1.840298440
7,1842787,1000104,1000104,1000052,1001198,1.842691180,1.840581983
7,1837144,1000573,1000573,993906,1002135,1.848408200,1.833230054
7,1842970,1000052,1000052,1000104,1001198,1.842778351,1.840764764
7,1843270,1000052,1000052,1000052,1001146,1.843174155,1.841160031
7,1843221,1000000,1000000,999948,1001146,1.843316852,1.841111087
7,1805506,1000365,1000365,963282,1001875,1.874327559,1.802127012
7,1843148,1000104,1000104,1000052,1001250,1.843052161,1.840846941
7,1843924,1000520,1000520,1000521,1001614,1.842963816,1.840952702
7,1843479,1000156,1000156,1000104,1001250,1.843287298,1.841177528
7,1838756,1000469,1000469,995468,1001979,1.847127180,1.835124289
7,1843296,1000157,1000157,1000104,1001250,1.843104317,1.840994757
7,1843999,1000469,1000469,1000417,1001510,1.843230373,1.841218760
7,1844002,1000416,1000416,1000469,1001614,1.843137568,1.841030577
7,1797062,1000261,1000261,944480,1001875,1.902699898,1.793698815
7,1843852,1000312,1000312,1000313,1001562,1.843275055,1.840976395
7,1843774,1000521,1000521,1000469,1001667,1.842909675,1.840705544
7,1843207,1000000,1000000,1000000,1001146,1.843207000,1.841097103
7,1836888,1000364,1000364,995782,1001562,1.844668813,1.834023256
7,1843256,1000261,1000261,1000104,1001355,1.843064321,1.840761768
7,1843596,1000313,1000313,1000313,1001458,1.843019135,1.840911950
7,1843675,1000260,1000260,1000313,1001771,1.843098110,1.840415624
7,1827516,1000573,1000573,981354,1002083,1.862239314,1.823717197
7,1843312,1000364,1000364,1000364,1001614,1.842641279,1.840341689
7,1843422,1000104,1000104,1000104,1001250,1.843230304,1.841120599
7,1843594,1000209,1000209,1000208,1001407,1.843210612,1.841003708
7,1833921,1000261,1000261,992552,1001511,1.847682540,1.831154126
7,1843179,1000000,1000000,999948,1001094,1.843274850,1.841164766
7,1843898,1000468,1000468,1000469,1001562,1.843033617,1.841022323
7,1843645,1000260,1000260,1000208,1001354,1.843261602,1.841152080
7,1826419,1000417,1000417,967083,1001823,1.888585571,1.823095497
7,1843001,1000000,1000000,1000000,1001511,1.843001000,1.840220427
7,1843152,1000000,1000000,999947,1001094,1.843249692,1.841137795
7,1842769,999948,999948,1000000,1001146,1.842769000,1.840659604
7,1835014,1000416,1000416,996928,1001875,1.840668534,1.831579788
7,1843308,1000052,1000052,1000052,1001146,1.843212153,1.841197987
7,1843386,1000104,1000104,1000104,1001250,1.843194308,1.841084644
7,1843505,1000209,1000209,1000156,1001302,1.843217458,1.841107878
7,1827473,1000104,1000104,981458,1001615,1.861998170,1.824526390
7,1843343,1000208,1000208,1000156,1001458,1.843055483,1.840659319
7,1843069,1000000,1000000,1000000,1001459,1.843069000,1.840383880
