cpu,cycles,enabled_ns,running_ns,thread_ns,wall_ns,cycles_per_thread_ns,cycles_per_wall_ns
7,1833236,998959,998959,977136,1002188,1.876131879,1.829233637
7,1843881,1000260,1000260,1000312,1001667,1.843305889,1.840812366
7,1843935,1000364,1000364,1000365,1001615,1.843262209,1.840961847
7,1843909,1000417,1000417,1000417,1001563,1.843140410,1.841031468
7,1826430,1000261,1000261,977239,1001510,1.868969617,1.823676249
7,1843631,1000208,1000208,1000261,1001198,1.843149938,1.841424973
7,1843560,1000209,1000209,1000156,1001250,1.843272449,1.841258427
7,1843824,1000365,1000365,1000312,1001406,1.843248906,1.841235223
7,1838662,1000521,1000521,991510,1001667,1.854405906,1.835602051
7,1843362,1000104,1000104,1000052,1000938,1.843266150,1.841634547
7,1843739,1000312,1000312,1000261,1001198,1.843257910,1.841532844
7,1843562,1000208,1000208,1000209,1001094,1.843176776,1.841547347
7,1831925,1000886,1000886,985469,1002240,1.858937217,1.827830659
7,1843645,1000260,1000260,1000209,1001406,1.843259759,1.841056475
7,1843864,1000364,1000364,1000365,1001511,1.843191235,1.841082125
7,1871408,1018958,1018958,1002083,1020104,1.867517960,1.834526676
7,1843269,1000053,1000053,1000052,1001302,1.843173155,1.840872184
7,1843841,1000364,1000364,1000365,1001771,1.843168244,1.840581330
7,1843501,1000157,1000157,1000208,1001406,1.843117632,1.840912677
7,1834779,1000157,1000157,983854,1001354,1.864889506,1.832298068
7,1795405,1000260,1000260,962865,1001823,1.864648731,1.792137933
7,1843351,1000000,1000000,1000000,1001146,1.843351000,1.841240938
7,1843940,1000364,1000364,1000365,1001563,1.843267207,1.841062419
7,1837982,1000417,1000417,995208,1001614,1.846832019,1.835020277
7,1844003,1000468,1000468,1000417,1001563,1.843234371,1.841125321
7,1843832,1000365,1000365,1000312,1001458,1.843256904,1.841147607
7,1844122,1000468,1000468,1000521,1001667,1.843161713,1.841052965
7,1837367,1000469,1000469,991301,1001614,1.853490514,1.834406268
7,1835577,1000104,1000104,990312,1001563,1.853534038,1.832712470
7,1843326,1000105,1000105,1000104,1001198,1.843134314,1.841120338
7,1843344,1000052,1000052,1000052,1001250,1.843248151,1.841042697
7,1834320,1000104,1000104,980677,1001354,1.870462956,1.831839689
7,1843786,1000313,1000313,1000312,1001458,1.843210918,1.841101674
7,1843691,1000313,1000313,1000313,1001458,1.843114105,1.841006812
7,1843527,1000156,1000156,1000156,1001302,1.843239455,1.841129849
7,1835641,1000156,1000156,985782,1001406,1.862116573,1.833063712
7,1836174,1000209,1000209,991249,1001614,1.852384214,1.833215191
7,1843703,1000312,1000312,1000260,1001719,1.843223762,1.840539113
7,1843666,1000260,1000260,1000261,1001354,1.843184929,1.841173052
7,1835504,1000573,1000573,989480,1001927,1.855018798,1.831973787
7,1843051,999896,999896,999896,1001406,1.843242697,1.840463309
7,1844176,1000520,1000520,1000469,1001667,1.843311487,1.841106875
7,1843225,1000000,1000000,1000000,1001146,1.843225000,1.841115082
7,1833614,1000156,1000156,987604,1001355,1.856628770,1.831132815
7,1836444,1000000,1000000,991823,1001562,1.851584406,1.833579948
7,1843243,1000052,1000052,1000000,1001146,1.843243000,1.841133062
7,1843347,1000052,1000052,1000000,1001198,1.843347000,1.841141313
7,1835206,1000416,1000416,982292,1001667,1.868289674,1.832151803
7,1843722,1000261,1000261,1000260,1001406,1.843242757,1.841133366
7,1842937,1000104,1000104,1000157,1001302,1.842647704,1.840540616
7,1844185,1000520,1000520,1000521,1001615,1.843224680,1.841211444
7,1828391,1000052,1000052,982917,1001198,1.860168254,1.826203209
7,1843665,1000365,1000365,1000312,1001823,1.843089956,1.840310115
7,1842897,1000000,1000000,1000000,1001146,1.842897000,1.840787458
7,1843530,1000312,1000312,1000260,1001407,1.843050807,1.840939798
7,1837156,1000313,1000313,995416,1001459,1.845616305,1.834479494
7,1843819,1000364,1000364,1000365,1001458,1.843146252,1.841134626
7,1843184,1000312,1000312,1000261,1001406,1.842703055,1.840596122
7,1843452,1000156,1000156,1000104,1001563,1.843260301,1.840575181
7,1801107,1007656,1007656,958125,1008958,1.879824658,1.785115931
7,1843301,1000260,1000260,1000260,1001719,1.842821866,1.840137803
7,1843097,1000156,1000156,1000157,1001302,1.842807679,1.840700408
7,1844009,1000469,1000469,1000156,1001667,1.843721379,1.840940153
7,1836210,1000208,1000208,981250,1001719,1.871296815,1.833058972
7,1843347,1000364,1000364,1000313,1001562,1.842770213,1.840472182
7,1844044,1000417,1000417,1000468,1001667,1.843181391,1.840975095
7,1843199,1000001,1000001,1000000,1001094,1.843199000,1.841184744
7,1829717,1000417,1000417,981511,1001614,1.864183896,1.826768595
7,1842713,999844,999844,999792,1001146,1.843096364,1.840603668
7,1843110,1000052,1000052,1000052,1000938,1.843014163,1.841382783
7,1843900,1000365,1000365,1000364,1001250,1.843229065,1.841598002
7,1838715,1000052,1000052,997552,1000990,1.843227220,1.836896472
7,1843485,1000157,1000157,1000156,1001198,1.843197461,1.841279148
7,1843912,1000365,1000365,1000364,1001250,1.843241060,1.841609988
7,1843317,1000052,1000052,1000053,1000885,1.843219309,1.841687107
7,1830783,1000365,1000365,983957,1001510,1.860633137,1.828022686
7,1841333,998906,998906,998906,1001302,1.843349624,1.838938702
7,1843664,1000261,1000261,1000208,1001355,1.843280598,1.841169216
7,1843476,1000261,1000261,1000260,1001667,1.842996821,1.840408040
7,1831455,1000208,1000208,980729,1001511,1.867442484,1.828691847
7,1843946,1000417,1000417,1000365,1001510,1.843273205,1.841165840
7,1843457,1000156,1000156,1000104,1001302,1.843265300,1.841059940
7,1843500,1000156,1000156,1000156,1001302,1.843212459,1.841102884
7,1829124,1000052,1000052,982500,1001459,1.861703817,1.826459196
7,1843507,1000157,1000157,1000208,1001302,1.843123630,1.841109875
7,1843792,1000521,1000521,1000469,1001614,1.842927667,1.840820915
7,1843737,1000260,1000260,1000260,1001406,1.843257753,1.841148345
7,1836422,1000156,1000156,995729,1001355,1.844299001,1.833937015
7,1843095,1000000,1000000,1000052,1001510,1.842999164,1.840316123
7,1843167,1000104,1000104,1000105,1001198,1.842973488,1.840961528
7,1843052,1000000,1000000,1000000,1001094,1.843052000,1.841037905
7,1827106,1000729,1000729,982448,1002083,1.859748302,1.823308049
7,1844055,1000469,1000469,1000468,1001667,1.843192386,1.840986076
7,1842953,999947,999947,999948,1001094,1.843048839,1.840939013
7,1843237,1000000,1000000,1000000,1001146,1.843237000,1.841127068
7,1834660,1000104,1000104,981927,1001354,1.868428101,1.832179229
7,1843468,1000157,1000157,1000104,1001250,1.843276299,1.841166542
7,1843859,1000365,1000365,1000365,1001510,1.843186237,1.841078971
7,1844206,1000573,1000573,1000573,1001823,1.843149875,1.840850130
7,1801816,1000678,1000678,959584,1002239,1.877705339,1.797790747
7,1843551,1000209,1000209,1000156,1001355,1.843263451,1.841056369
7,1843883,1000365,1000365,1000365,1001458,1.843210228,1.841198533
7,1843730,1000260,1000260,1000313,1001406,1.843153093,1.841141355
7,1838120,1000469,1000469,996823,1001927,1.843978319,1.834584755
7,1843176,1000156,1000156,1000156,1001250,1.842888509,1.840874906
7,1843870,1000365,1000365,1000365,1001458,1.843197233,1.841185551
7,1843762,1000312,1000312,1000313,1001406,1.843185083,1.841173310
7,1828744,1000573,1000573,981666,1002083,1.862898379,1.824942644
7,1843665,1000260,1000260,1000261,1001406,1.843183929,1.841076447
7,1843549,1000156,1000156,1000157,1001615,1.843259608,1.840576469
7,1843929,1000469,1000469,1000469,1001614,1.843064603,1.840957694
7,1834891,1000729,1000729,983126,1002031,1.866384370,1.831171890
7,1844048,1000469,1000469,1000469,1001666,1.843183547,1.840980926
7,1843777,1000312,1000312,1000313,1001458,1.843200078,1.841092687
7,1843240,1000052,1000052,1000052,1001146,1.843144157,1.841130065
7,1795367,1000468,1000468,957917,1002031,1.874240670,1.791728000
7,1843352,1000156,1000156,1000156,1001354,1.843064482,1.840859476
7,1843777,1000312,1000312,1000313,1001458,1.843200078,1.841092687
7,1843303,1000156,1000156,1000157,1001302,1.843013647,1.840906140
7,1837037,1000104,1000104,995210,1001302,1.845878759,1.834648288
7,1844080,1000469,1000469,1000469,1001563,1.843215532,1.841202201
7,1843465,1000261,1000261,1000260,1001354,1.842985824,1.840972323
7,1843505,1000260,1000260,1000261,1001354,1.843023971,1.841012269
7,1829466,1000468,1000468,983386,1001979,1.860374258,1.825852638
7,1843927,1000364,1000364,1000417,1001562,1.843158403,1.841051278
7,1843075,1000156,1000156,1000156,1001302,1.842787525,1.840678437
7,1843673,1000261,1000261,1000260,1001407,1.843193770,1.841082597
7,1836460,1000157,1000157,982760,1001979,1.868675974,1.832832824
7,1843862,1000469,1000469,1000469,1001562,1.842997634,1.840986379
7,1842802,1000000,1000000,999948,1001407,1.842897831,1.840212821
7,1843891,1000417,1000417,1000365,1001511,1.843218225,1.841109084
7,1826358,1000468,1000468,982605,1001927,1.858689911,1.822845377
7,1843987,1000469,1000469,1000416,1001563,1.843220220,1.841109346
7,1843757,1000260,1000260,1000261,1001406,1.843275905,1.841168317
7,1844084,1000468,1000468,1000469,1001562,1.843219530,1.841208033
7,1835596,1000104,1000104,996510,1001615,1.842024666,1.832636292
7,1843687,1000260,1000260,1000260,1001354,1.843207766,1.841194023
7,1843296,1000156,1000156,1000156,1001250,1.843008491,1.840994757
7,1844146,1000521,1000521,1000520,1001615,1.843187542,1.841172506
7,1827696,1000573,1000573,980781,1001823,1.863510814,1.824370173
7,1843345,1000104,1000104,1000052,1001406,1.843249151,1.840756896
7,1843379,1000313,1000313,1000260,1001719,1.842899846,1.840215669
7,1843848,1000364,1000364,1000365,1001458,1.843175241,1.841163583
7,1833839,1000573,1000573,982448,1001771,1.866601591,1.830597013
7,1843941,1000417,1000417,1000364,1001511,1.843270050,1.841159009
7,1844132,1000521,1000521,1000521,1001614,1.843171708,1.841160367
7,1843919,1000365,1000365,1000416,1001510,1.843152249,1.841138880
7,1829845,1000521,1000521,984218,1002084,1.859186684,1.826039534
7,1843132,1000052,1000052,1000105,1001302,1.842938491,1.840735363
7,1843163,1000000,1000000,999947,1001094,1.843260693,1.841148783
7,1843355,1000052,1000052,1000104,1001510,1.843163311,1.840575731
7,1835503,1000312,1000312,992291,1001510,1.849762822,1.832735569
7,1843225,1000260,1000260,1000209,1001302,1.842839846,1.840828242
7,1843756,1000313,1000313,1000313,1001354,1.843179085,1.841262930
7,1843735,1000312,1000312,1000313,1001354,1.843158092,1.841241958
7,1826523,1000417,1000417,983542,1001562,1.857086937,1.823674421
7,1843598,1000260,1000260,1000208,1001406,1.843214611,1.841009541
7,1843958,1000417,1000417,1000416,1001406,1.843191232,1.841369035
7,1843058,1000104,1000104,1000104,1001094,1.842866342,1.841043898
7,1836963,1000416,1000416,985105,1001510,1.864738277,1.834193368
7,1843180,1000261,1000261,1000312,1001615,1.842605107,1.840208064
7,1843667,1000260,1000260,1000261,1001354,1.843185928,1.841174050
7,1843189,1000000,1000000,1000000,1001093,1.843189000,1.841176594
7,1825651,1000469,1000469,977084,1001771,1.868468832,1.822423488
7,1843859,1000365,1000365,1000364,1001355,1.843188080,1.841363952
7,1843643,1000209,1000209,1000260,1001145,1.843163777,1.841534443
7,1843894,1000365,1000365,1000364,1001302,1.843223067,1.841496372
7,1836244,1000052,1000052,997344,1001146,1.841134052,1.834142073
7,1843324,1000156,1000156,1000209,1001094,1.842938826,1.841309607
7,1843325,1000052,1000052,1000052,1000937,1.843229152,1.841599421
7,1843187,1000000,1000000,1000000,1001042,1.843187000,1.841268398
7,1830523,1000625,1000625,986406,1001823,1.855750066,1.827192029
7,1843877,1000365,1000365,1000312,1001510,1.843301890,1.841096944
7,1844037,1000469,1000469,1000469,1001563,1.843172552,1.841159268
7,1843396,1000104,1000104,1000104,1001198,1.843204307,1.841190254
7,1836374,1000260,1000260,985416,1001666,1.863552043,1.833319689
7,1843365,1000104,1000104,1000052,1001250,1.843269150,1.841063670
7,1844008,1000416,1000416,1000417,1001614,1.843239369,1.841036567
7,1843642,1000261,1000261,1000208,1001354,1.843258602,1.841149084
7,1830175,1000469,1000469,971979,1002031,1.882936771,1.826465449
7,1843226,1000000,1000000,1000052,1001354,1.843130157,1.840733647
7,1843274,1000104,1000104,1000156,1001302,1.842986494,1.840877178
7,1844134,1000521,1000521,1000520,1001667,1.843175549,1.841064945
7,1835904,1000520,1000520,995468,1001771,1.844262196,1.832658362
7,1844007,1000469,1000469,1000417,1001563,1.843238370,1.841129315
7,1843371,1000104,1000104,1000104,1001250,1.843179309,1.841069663
7,1843945,1000417,1000417,1000365,1001511,1.843272206,1.841163003
7,1828033,1000573,1000573,981198,1001979,1.863062297,1.824422468
7,1843655,1000365,1000365,1000313,1001563,1.843078117,1.840777864
7,1843297,1000364,1000364,1000365,1001458,1.842624442,1.840613386
7,1843702,1000365,1000365,1000364,1001510,1.843031137,1.840922207
7,1835416,1000469,1000469,982396,1001719,1.868305653,1.832266334
7,1843092,1000053,1000053,1000052,1001198,1.842996164,1.840886618
7,1844027,1000417,1000417,1000417,1001615,1.843258361,1.841053698
7,1843533,1000156,1000156,1000157,1001302,1.843243611,1.841135841
7,1799035,1000104,1000104,968230,1001302,1.858065749,1.796695702
7,1843741,1000208,1000208,1000208,1001354,1.843357582,1.841247950
7,1843981,1000417,1000417,1000416,1001511,1.843214223,1.841198948
7,1844117,1000521,1000521,1000521,1001615,1.843156715,1.841143553
7,1837757,1000417,1000417,996875,1001927,1.843517994,1.834222453
7,1843627,1000208,1000208,1000156,1001354,1.843339439,1.841134104
7,1843463,1000156,1000156,1000104,1001563,1.843271300,1.840586164
7,1843975,1000416,1000416,1000417,1001510,1.843206383,1.841194796
7,1820940,1000521,1000521,977656,1001979,1.862556973,1.817343477
7,1843148,999948,999948,999948,1001198,1.843243849,1.840942551
7,1844076,1000469,1000469,1000469,1001615,1.843211534,1.841102619
7,1843702,1000416,1000416,1000365,1001510,1.843029294,1.840922207
7,1834349,1000521,1000521,982761,1001875,1.866526042,1.830916032
7,1843095,999948,999948,999948,1001094,1.843190846,1.841080858
7,1843204,1000312,1000312,1000312,1001458,1.842629100,1.840520521
7,1844149,1000469,1000469,1000521,1001667,1.843188699,1.841079920
7,1829707,1000625,1000625,985052,1002031,1.857472499,1.825998397
7,1843275,1000052,1000052,1000000,1001146,1.843275000,1.841165025
7,1843840,1000365,1000365,1000312,1001458,1.843264901,1.841155595
7,1843571,1000209,1000209,1000208,1001354,1.843187617,1.841078180
7,1836984,1000209,1000209,995572,1001459,1.845154343,1.834307745
7,1844089,1000469,1000469,1000521,1001614,1.843128730,1.841117436
7,1843583,1000209,1000209,1000208,1001302,1.843199614,1.841185776
7,1843559,1000209,1000209,1000208,1001302,1.843175619,1.841161807
7,1788843,1000417,1000417,955104,1001875,1.872930068,1.785495197
7,1843508,1000156,1000156,1000156,1001303,1.843220458,1.841109035
7,1843136,1000156,1000156,1000156,1001615,1.842848516,1.840164135
7,1843588,1000208,1000208,1000156,1001302,1.843300445,1.841190770
7,1834025,1000156,1000156,978229,1001458,1.874842189,1.831354885
7,1843487,1000260,1000260,1000261,1001355,1.843005975,1.840992455
7,1843330,1000156,1000156,1000157,1001302,1.843040643,1.840933105
7,1843519,1000156,1000156,1000156,1001355,1.843231456,1.841024412
7,1827157,1000208,1000208,983698,1001719,1.857436937,1.824021507
7,1843792,1000313,1000313,1000313,1001459,1.843215074,1.841105827
7,1843867,1000364,1000364,1000313,1001511,1.843290050,1.841085120
7,1842927,999948,999948,999948,1001094,1.843022837,1.840913041
7,1837046,1000260,1000260,996876,1001511,1.842802916,1.834274411
7,1843553,1000313,1000313,1000312,1001406,1.842977991,1.840964604
7,1844051,1000469,1000469,1000469,1001667,1.843186546,1.840982083
7,1843440,1000104,1000104,1000053,1001303,1.843342303,1.841041123
7,1825694,1000364,1000364,980521,1001511,1.861963181,1.822939538
7,1843596,1000104,1000104,1000156,1001614,1.843308444,1.840625231
7,1843278,1000052,1000052,1000000,1001146,1.843278000,1.841168021
7,1843526,1000156,1000156,1000156,1001302,1.843238455,1.841128850
7,1835273,1000312,1000312,976875,1001615,1.878718362,1.832313813
7,1843185,1000000,1000000,1000000,1001094,1.843185000,1.841170759
7,1843578,1000313,1000313,1000312,1001458,1.843002983,1.840893977
7,1843481,1000104,1000104,1000156,1001302,1.843193462,1.841083909
7,1809212,1000365,1000365,964896,1001563,1.875033164,1.806388615
7,1843568,1000260,1000260,1000312,1001406,1.842992986,1.840979583
7,1843734,1000313,1000313,1000260,1001406,1.843254754,1.841145350
7,1843913,1000417,1000417,1000417,1001511,1.843144409,1.841131051
7,1838457,1000468,1000468,997083,1001615,1.843835468,1.835492679
7,1843803,1000365,1000365,1000313,1001458,1.843226070,1.841118649
7,1844061,1000469,1000469,1000417,1001615,1.843292347,1.841087643
7,1843086,999948,999948,999895,1001093,1.843279544,1.841073706
7,1825941,1000520,1000520,982344,1001875,1.858759253,1.822523768
7,1843227,1000000,1000000,1000000,1001302,1.843227000,1.840830239
7,1842920,999948,999948,999948,1001198,1.843015837,1.840714824
7,1843229,1000000,1000000,1000052,1001146,1.843133157,1.841119078
7,1834572,1000208,1000208,985417,1001459,1.861721484,1.831899259
7,1843561,1000260,1000260,1000260,1001250,1.843081799,1.841259426
7,1843430,1000104,1000104,1000157,1001145,1.843140627,1.841321687
7,1843970,1000416,1000416,1000417,1001459,1.843201385,1.841283567
7,1824341,1000260,1000260,978490,1001614,1.864445217,1.821401258
7,1843536,1000208,1000208,1000208,1001302,1.843152624,1.841138837
7,1844141,1000521,1000521,1000521,1001511,1.843180703,1.841358707
7,1843961,1000416,1000416,1000365,1001459,1.843288200,1.841274580
7,1836876,1000521,1000521,997395,1001771,1.841673560,1.833628644
7,1843513,1000156,1000156,1000156,1001198,1.843225457,1.841307114
7,1843970,1000417,1000417,1000417,1001458,1.843201385,1.841285406
7,1843361,1000104,1000104,1000052,1001145,1.843265150,1.841252766
7,1828944,1000312,1000312,984740,1001563,1.857286187,1.826089822
7,1843732,1000416,1000416,1000365,1001511,1.843059283,1.840950324
7,1843447,1000156,1000156,1000157,1001146,1.843157624,1.841336828
7,1843527,1000157,1000157,1000208,1001250,1.843143626,1.841225468
7,1834693,1000365,1000365,985259,1001562,1.862142848,1.831831679
7,1844263,1000573,1000573,1000573,1001667,1.843206842,1.841193730
7,1843935,1000416,1000416,1000417,1001875,1.843166400,1.840484092
7,1843744,1000313,1000313,1000313,1001406,1.843167089,1.841155336
7,1795575,1000208,1000208,955886,1001771,1.878440525,1.792400658
7,1843772,1000313,1000313,1000260,1001510,1.843292744,1.840992102
7,1843883,1000469,1000469,1000469,1001563,1.843018624,1.841005508
7,1843080,1000156,1000156,1000156,1001250,1.842792524,1.840779026
7,1837926,1000000,1000000,994895,1001197,1.847356756,1.835728633
7,1843353,1000104,1000104,1000105,1001197,1.843159468,1.841149144
7,1843947,1000416,1000416,1000365,1001511,1.843274205,1.841165000
7,1843400,1000104,1000104,1000104,1001198,1.843208306,1.841194249
7,1825216,1000260,1000260,983853,1001770,1.855171453,1.821991076
7,1843235,1000052,1000052,1000000,1001198,1.843235000,1.841029447
7,1843740,1000417,1000417,1000364,1001510,1.843069123,1.840960150
7,1843518,1000157,1000157,1000156,1001302,1.843230456,1.841120861
7,1834628,1000105,1000105,982708,1001354,1.866910618,1.832147273
7,1843232,1000052,1000052,1000000,1001146,1.843232000,1.841122074
7,1843984,1000469,1000469,1000417,1001563,1.843215379,1.841106351
7,1844015,1000469,1000469,1000469,1001615,1.843150562,1.841041718
7,1827895,1000417,1000417,983386,1001927,1.858776716,1.824379421
7,1843545,1000208,1000208,1000156,1001302,1.843257452,1.841147826
7,1843987,1000416,1000416,1000417,1001875,1.843218378,1.840535995
7,1843935,1000365,1000365,1000365,1001510,1.843262209,1.841154856
7,1836227,1000000,1000000,993698,1001250,1.847872291,1.833934582
7,1843578,1000208,1000208,1000261,1001303,1.843096952,1.841178944
7,1843307,1000052,1000052,1000053,1001198,1.843209310,1.841101361
7,1843518,1000312,1000312,1000313,1001406,1.842941159,1.840929653
7,1801515,1000677,1000677,960832,1002136,1.874953166,1.797675166
7,1843195,1000000,1000000,999948,1001198,1.843290851,1.840989495
7,1843583,1000209,1000209,1000208,1001354,1.843199614,1.841090164
7,1843675,1000365,1000365,1000313,1001458,1.843098110,1.840990835
7,1837625,1000104,1000104,983073,1001406,1.869266067,1.835044927
7,1843202,1000000,1000000,1000000,1001406,1.843202000,1.840614097
7,1843808,1000313,1000313,1000365,1001510,1.843135256,1.841028048
7,1843805,1000468,1000468,1000417,1001563,1.843036454,1.840927630
7,1829513,1000625,1000625,982084,1002187,1.862888511,1.825520586
7,1842693,999948,999948,999895,1001146,1.842886503,1.840583691
7,1843481,1000260,1000260,1000209,1001354,1.843095793,1.840988302
7,1843465,1000156,1000156,1000157,1001302,1.843175621,1.841067930
7,1837328,1000156,1000156,995312,1001407,1.845981963,1.834746512
7,1843649,1000261,1000261,1000260,1001406,1.843169776,1.841060469
7,1844044,1000469,1000469,1000469,1001614,1.843179549,1.841072509
7,1843139,1000052,1000052,1000052,1001511,1.843043162,1.840358219
7,1796443,1000208,1000208,958959,1001719,1.873326180,1.793360214
7,1843629,1000417,1000417,1000364,1001615,1.842958163,1.840656340
7,1842970,999948,999948,1000000,1001198,1.842970000,1.840764764
7,1843187,1000000,1000000,1000000,1001146,1.843187000,1.841077126
7,1832358,1000417,1000417,982137,1001666,1.865684726,1.829310369
7,1843614,1000313,1000313,1000312,1001458,1.843038972,1.840929924
7,1843133,1000312,1000312,1000313,1001406,1.842556280,1.840545193
7,1843628,1000468,1000468,1000469,1001563,1.842763744,1.840750906
7,1827924,1000417,1000417,983802,1001979,1.858020211,1.824313683
7,1843794,1000312,1000312,1000261,1001771,1.843312895,1.840534414
7,1843502,1000157,1000157,1000156,1001302,1.843214459,1.841104881
7,1844163,1000573,1000573,1000521,1001666,1.843202691,1.841095735
7,1834618,1000260,1000260,996772,1001615,1.840559326,1.831659869
7,1843763,1000416,1000416,1000365,1001458,1.843090272,1.841078707
7,1843190,1000104,1000104,1000052,1001198,1.843094159,1.840984501
7,1843158,1000052,1000052,1000104,1001198,1.842966332,1.840952539
7,1804050,1000313,1000313,965468,1001719,1.868575655,1.800954160
7,1843311,1000157,1000157,1000104,1001250,1.843119316,1.841009738
7,1843093,1000052,1000052,1000052,1001198,1.842997164,1.840887617
7,1843957,1000417,1000417,1000364,1001823,1.843286044,1.840601583
7,1834704,1000729,1000729,983229,1002032,1.865998664,1.830983442
7,1843730,1000312,1000312,1000261,1001458,1.843248912,1.841045755
7,1843978,1000469,1000469,1000417,1001563,1.843209382,1.841100360
7,1843516,1000156,1000156,1000156,1001302,1.843228456,1.841118863
7,1779894,1000261,1000261,939999,1001823,1.893506270,1.776655158
7,1843459,1000156,1000156,1000156,1001354,1.843171465,1.840966332
7,1843088,1000000,1000000,1000052,1001198,1.842992164,1.840882623
7,1843826,1000365,1000365,1000313,1001510,1.843249063,1.841046021
7,1837551,1000364,1000364,995573,1001511,1.845722011,1.834778649
7,1843323,1000157,1000157,1000156,1001302,1.843035486,1.840926114
7,1843495,1000157,1000157,1000156,1001302,1.843207460,1.841097891
7,1844070,1000469,1000469,1000469,1001614,1.843205537,1.841098467
7,1829000,1000364,1000364,982396,1001927,1.861774681,1.825482296
7,1843176,999948,999948,999948,1001145,1.843271850,1.841067977
7,1844001,1000417,1000417,1000416,1001511,1.843234215,1.841218918
7,1873272,1021407,1021407,1003855,1022552,1.866078268,1.831957690
7,1843815,1000312,1000312,1000261,1001458,1.843333890,1.841130632
7,1843172,1000000,1000000,999948,1001146,1.843267850,1.841062143
7,1843480,1000156,1000156,1000104,1001302,1.843288298,1.841082910
7,1823878,1009739,1009739,999480,1010834,1.824826910,1.804329890
7,1829204,1000417,1000417,963125,1001875,1.899238417,1.825780661
7,1844196,1000521,1000521,1000573,1001667,1.843139881,1.841126842
7,1843768,1000313,1000313,1000312,1001459,1.843192924,1.841081862
7,1836791,1000157,1000157,996771,1001406,1.842741211,1.834212098
7,1843718,1000364,1000364,1000365,1001771,1.843045288,1.840458548
7,1843639,1000312,1000312,1000313,1001458,1.843062122,1.840954888
7,1844120,1000469,1000469,1000521,1001667,1.843159714,1.841050968
7,1836575,1000261,1000261,990833,1001458,1.853566645,1.833901172
7,1836974,1000312,1000312,991615,1001771,1.852507273,1.833726470
7,1842969,999948,999948,999948,1001094,1.843064839,1.840954995
7,1843443,1000208,1000208,1000208,1001667,1.843059644,1.840375095
7,1832163,1000261,1000261,981354,1001563,1.866974609,1.829303798
7,1843364,1000104,1000104,1000052,1001250,1.843268150,1.841062672
7,1843112,1000052,1000052,1000053,1001198,1.843014320,1.840906594
7,1843570,1000312,1000312,1000313,1001458,1.842993143,1.840885988
7,1834311,1000521,1000521,990989,1001719,1.850990273,1.831163230
7,1835541,1000625,1000625,991614,1002136,1.851064023,1.831628641
7,1843161,1000000,1000000,999948,1001146,1.843256849,1.841051155
7,1843067,999895,999895,999896,1001146,1.843258699,1.840957263
7,1838409,1000417,1000417,995990,1001666,1.845810701,1.835351305
7,1843430,1000260,1000260,1000260,1001615,1.842950833,1.840457661
7,1843931,1000416,1000416,1000365,1001510,1.843258211,1.841150862
7,1843853,1000365,1000365,1000364,1001459,1.843182082,1.841166738
7,1837608,1021407,1021407,981875,1022760,1.871529472,1.796714772
7,1843326,1000208,1000208,1000156,1001615,1.843038486,1.840353829
7,1843324,1000104,1000104,1000052,1001198,1.843228152,1.841118340
7,1843646,1000365,1000365,1000365,1001458,1.842973315,1.840961878
7,1836241,1000520,1000520,983386,1001823,1.867263719,1.832899624
7,1843813,1000468,1000468,1000417,1001562,1.843044450,1.840937456
7,1843356,1000208,1000208,1000156,1001302,1.843068481,1.840959071
7,1843546,1000313,1000313,1000260,1001719,1.843066803,1.840382383
7,1828505,1000364,1000364,981146,1001563,1.863642108,1.825651507
7,1843913,1000365,1000365,1000365,1001823,1.843240217,1.840557663
7,1844125,1000521,1000521,1000521,1001614,1.843164711,1.841153378
7,1843444,1000104,1000104,1000105,1001250,1.843250459,1.841142572
7,1836239,1000364,1000364,996980,1001510,1.841801240,1.833470460
7,1843581,1000209,1000209,1000208,1001614,1.843197615,1.840610255
7,1843391,1000104,1000104,1000105,1001250,1.843197464,1.841089638
7,1843096,1000052,1000052,1000052,1001146,1.843000164,1.840986230
7,1821590,1000730,1000730,966303,1002031,1.885112641,1.817897849
7,1844036,1000469,1000469,1000468,1001615,1.843173395,1.841062684
7,1843808,1000312,1000312,1000313,1001458,1.843231069,1.841123642
7,1843144,1000000,1000000,999948,1001094,1.843239848,1.841129804
7,1834840,1000573,1000573,982604,1001770,1.867323968,1.831598071
7,1843259,1000052,1000052,1000052,1001145,1.843163156,1.841150882
7,1843154,999948,999948,1000000,1001146,1.843154000,1.841044163
7,1844073,1000521,1000521,1000521,1001615,1.843112738,1.841099624
7,1827318,1000520,1000520,981928,1001823,1.860949072,1.823992861
7,1843597,1000209,1000209,1000156,1001355,1.843309444,1.841102306
7,1843206,1000000,1000000,999948,1001146,1.843301852,1.841096104
7,1843588,1000208,1000208,1000260,1001354,1.843108792,1.841095157
7,1834122,1000208,1000208,995781,1001355,1.841892946,1.831640128
7,1843666,1000209,1000209,1000260,1001406,1.843186771,1.841077445
7,1843012,1000000,1000000,1000000,1001094,1.843012000,1.840997948
7,1843605,1000313,1000313,1000364,1001459,1.842934172,1.840919099
7,1828515,1000365,1000365,983802,1001510,1.858620942,1.825758105
7,1843493,1000156,1000156,1000104,1001303,1.843301297,1.841094054
7,1843583,1000313,1000313,1000312,1001459,1.843007982,1.840897131
7,1843388,1000105,1000105,1000104,1001250,1.843196308,1.841086642
7,1835315,1000156,1000156,983542,1001355,1.866026057,1.832831513
7,1843768,1000312,1000312,1000313,1001510,1.843191081,1.840988108
7,1843131,999948,999948,999948,1001094,1.843226848,1.841116818
7,1842837,1000000,1000000,1000000,1001198,1.842837000,1.840631923
7,1827450,1000312,1000312,975000,1001562,1.874307692,1.824599975
7,1843164,1000105,1000105,1000104,1001615,1.842972331,1.840192090
7,1843670,1000260,1000260,1000313,1001406,1.843093112,1.841081439
7,1843543,1000312,1000312,1000260,1001406,1.843063803,1.840954618
7,1835897,1000365,1000365,996614,1001563,1.842134467,1.833031971
7,1844163,1000521,1000521,1000468,1001667,1.843300335,1.841093896
7,1843059,1000157,1000157,1000156,1001302,1.842771528,1.840662457
7,1843276,1000052,1000052,1000104,1001145,1.843084319,1.841167863
7,1830264,1000573,1000573,986771,1001875,1.854801165,1.826838677
7,1843585,1000313,1000313,1000312,1001407,1.843009981,1.840994720
7,1843758,1000313,1000313,1000313,1001406,1.843181084,1.841169316
7,1844011,1000468,1000468,1000417,1001562,1.843242368,1.841135147
7,1835143,1000156,1000156,982916,1001407,1.867039503,1.832564582
7,1844108,1000520,1000520,1000469,1001614,1.843243519,1.841136406
7,1843553,1000312,1000312,1000312,1001406,1.842977991,1.840964604
7,1843253,1000000,1000000,1000052,1001198,1.843157156,1.841047425
7,1789583,1000156,1000156,951199,1001510,1.881397058,1.786884804
7,1843259,1000000,1000000,1000052,1001197,1.843163156,1.841055257
7,1843972,1000521,1000521,1000521,1001667,1.843011791,1.840903214
7,1843953,1000416,1000416,1000417,1001875,1.843184392,1.840502059
7,1834542,1000312,1000312,989687,1001510,1.853658783,1.831776018
7,1844118,1000521,1000521,1000521,1001615,1.843157715,1.841144552
7,1843929,1000468,1000468,1000521,1001666,1.842968813,1.840862124
7,1843767,1000313,1000313,1000312,1001407,1.843191924,1.841176465
7,1829059,1000573,1000573,982448,1002084,1.861736194,1.825255168
7,1843514,1000156,1000156,1000156,1001354,1.843226457,1.841021257
7,1843479,1000156,1000156,1000104,1001250,1.843287298,1.841177528
7,1843191,1000000,1000000,1000000,1001146,1.843191000,1.841081121
7,1836583,1000312,1000312,983438,1001510,1.867512746,1.833813941
7,1843551,1000209,1000209,1000156,1001562,1.843263451,1.840675864
7,1843622,1000312,1000312,1000312,1001458,1.843046969,1.840937913
7,1842852,1000104,1000104,1000104,1001250,1.842660363,1.840551311
7,1828763,1000469,1000469,981562,1002031,1.863115117,1.825056311
7,1843580,1000208,1000208,1000209,1001406,1.843194772,1.840991566
7,1843896,1000364,1000364,1000365,1001458,1.843223224,1.841211514
7,1843495,1000156,1000156,1000208,1001302,1.843111633,1.841097891
7,1838506,1000417,1000417,996874,1001875,1.844271192,1.835065253
7,1843420,1000104,1000104,1000104,1001198,1.843228304,1.841214225
7,1844138,1000521,1000521,1000520,1001615,1.843179547,1.841164519
7,1843465,1000156,1000156,1000156,1001562,1.843177464,1.840589998
7,1828727,1000417,1000417,985625,1001562,1.855398351,1.825874983
7,1843422,1000104,1000104,1000105,1001250,1.843228461,1.841120599
7,1843874,1000364,1000364,1000313,1001770,1.843297048,1.840616109
7,1843818,1000312,1000312,1000365,1001458,1.843145252,1.841133627
7,1834513,1000104,1000104,980729,1001614,1.870560573,1.831556867
7,1843892,1000417,1000417,1000313,1001511,1.843315042,1.841110083
7,1843798,1000312,1000312,1000313,1001458,1.843221072,1.841113656
7,1843115,1000104,1000104,1000104,1001198,1.842923336,1.840909590
7,1826761,1000469,1000469,976146,1001667,1.871401409,1.823720857
7,1843875,1000364,1000364,1000364,1001823,1.843204074,1.840519733
7,1843544,1000364,1000364,1000365,1001510,1.842871352,1.840764446
7,1842866,1000104,1000104,1000104,1001250,1.842674362,1.840565293
7,1834410,1000208,1000208,993021,1001667,1.847302323,1.831357128
7,1843230,1000000,1000000,999947,1001146,1.843327696,1.841120076
7,1844071,1000468,1000468,1000469,1001614,1.843206536,1.841099465
7,1843197,1000104,1000104,1000104,1001198,1.843005327,1.840991492
7,1825537,1000677,1000677,974895,1001927,1.872547300,1.822025956
7,1843202,1000052,1000052,1000052,1001459,1.843106158,1.840516686
7,1844162,1000521,1000521,1000521,1001666,1.843201692,1.841094736
7,1843896,1000365,1000365,1000365,1001511,1.843223224,1.841114077
7,1835667,1000416,1000416,978907,1001614,1.875221037,1.832709008
7,1843924,1000417,1000417,1000365,1001511,1.843251213,1.841142034
7,1843409,1000104,1000104,1000105,1001250,1.843215462,1.841107615
7,1843084,999948,999948,999948,1001094,1.843179845,1.841069870
7,1825736,1000677,1000677,982187,1002188,1.858847653,1.821750011
7,1843466,1000156,1000156,1000156,1001302,1.843178464,1.841068928
7,1843762,1000313,1000313,1000312,1001510,1.843186926,1.840982117
7,1843211,1000209,1000209,1000208,1001354,1.842827692,1.840718667
7,1838035,1000469,1000469,997136,1001719,1.843314252,1.834880840
7,1843761,1000469,1000469,1000469,1001667,1.842896681,1.840692565
7,1842978,1000052,1000052,1000052,1001510,1.842882170,1.840199299
7,1843401,1000104,1000104,1000104,1001250,1.843209306,1.841099625
7,1771706,1000469,1000469,943020,1002031,1.878757609,1.768114959
7,1843677,1000313,1000313,1000365,1001511,1.843004303,1.840895407
7,1843699,1000260,1000260,1000261,1001406,1.843217920,1.841110399
7,1843066,1000000,1000000,1000000,1001094,1.843066000,1.841051889
7,1834615,1000520,1000520,981459,1001823,1.869273194,1.831276583
7,1843995,1000416,1000416,1000417,1001510,1.843226375,1.841214766
7,1843787,1000417,1000417,1000364,1001510,1.843116106,1.841007079
7,1842988,1000000,1000000,1000000,1001146,1.842988000,1.840878353
7,1823736,1000156,1000156,976771,1001406,1.867107029,1.821175427
7,1843471,1000365,1000365,1000313,1001823,1.842894174,1.840116468
7,1843165,1000000,1000000,999948,1001094,1.843260850,1.841150781
7,1844167,1000521,1000521,1000573,1001666,1.843110897,1.841099728
7,1834865,1000521,1000521,995208,1001979,1.843700010,1.831240974
7,1843329,1000156,1000156,1000156,1001250,1.843041486,1.841027715
7,1843718,1000260,1000260,1000313,1001459,1.843141097,1.841031934
7,1843358,1000104,1000104,1000105,1001198,1.843164468,1.841152300
7,1826399,1000156,1000156,981615,1001667,1.860606246,1.823359460
7,1842996,1000000,1000000,999948,1001094,1.843091841,1.840981966
7,1844057,1000469,1000469,1000469,1001615,1.843192543,1.841083650
7,1843630,1000417,1000417,1000469,1001823,1.842765743,1.840275178
7,1835617,1000312,1000312,980261,1001563,1.872579854,1.832752408
7,1843702,1000313,1000313,1000260,1001406,1.843222762,1.841113395
7,1843143,1000000,1000000,1000000,1001094,1.843143000,1.841128805
7,1843715,1000261,1000261,1000312,1001406,1.843139940,1.841126376
7,1789083,1000313,1000313,953074,1001771,1.877171133,1.785920135
7,1843574,1000209,1000209,1000208,1001354,1.843190616,1.841081176
7,1843629,1000208,1000208,1000261,1001355,1.843147938,1.841134263
7,1843805,1000364,1000364,1000365,1001458,1.843132257,1.841120646
7,1839082,1000521,1000521,995676,1001666,1.847068725,1.836023185
7,1843582,1000260,1000260,1000313,1001614,1.843005139,1.840611253
7,1843491,1000157,1000157,1000156,1001250,1.843203460,1.841189513
7,1842918,1000052,1000052,1000052,1001198,1.842822173,1.840712826
7,1829745,1000417,1000417,982134,1001927,1.863029892,1.826225863
7,1844218,1000573,1000573,1000573,1001667,1.843161868,1.841148805
7,1843645,1000365,1000365,1000364,1001510,1.842974157,1.840865293
7,1843763,1000313,1000313,1000312,1001458,1.843187925,1.841078707
7,1835537,1000312,1000312,982240,1001615,1.868725566,1.832577388
7,1843430,1000104,1000104,1000104,1001302,1.843238303,1.841032975
7,1844066,1000468,1000468,1000417,1001615,1.843297345,1.841092635
7,1844148,1000521,1000521,1000521,1001927,1.843187699,1.840601162
7,1826237,1000209,1000209,981615,1001719,1.860441212,1.823103086
7,1843713,1000468,1000468,1000469,1001667,1.842848704,1.840644645
7,1842820,1000000,1000000,1000000,1001146,1.842820000,1.840710546
7,1843734,1000364,1000364,1000365,1001510,1.843061283,1.840954159
7,1835875,1000209,1000209,995468,1001458,1.844233064,1.833202191
7,1843446,1000157,1000157,1000156,1001250,1.843158467,1.841144569
7,1844241,1000573,1000573,1000521,1001667,1.843280651,1.841171767
7,1843450,1000104,1000104,1000104,1001198,1.843258301,1.841244189
7,1818627,1000416,1000416,970000,1001875,1.874873196,1.815223456
7,1843771,1000313,1000313,1000312,1001718,1.843195923,1.840608834
7,1843767,1000312,1000312,1000313,1001459,1.843190082,1.841080863
7,1844101,1000469,1000469,1000469,1001614,1.843236522,1.841129417
7,1834560,1000365,1000365,982656,1001667,1.866940211,1.831506878
7,1843529,1000156,1000156,1000104,1001302,1.843337293,1.841131846
7,1843776,1000313,1000313,1000364,1001458,1.843105110,1.841091688
7,1843729,1000313,1000313,1000260,1001406,1.843249755,1.841140357
7,1824355,1000209,1000209,981406,1001667,1.858919754,1.821318861
7,1844249,1000469,1000469,1000469,1001563,1.843384453,1.841370937
7,1843251,1000156,1000156,1000157,1001250,1.842961655,1.840949813
7,1843432,1000156,1000156,1000105,1001303,1.843238460,1.841033134
7,1810710,987864,987864,951094,1001771,1.903818129,1.807508902
7,1843950,1000521,1000521,1000468,1001927,1.843087435,1.840403542
7,1843566,1000208,1000208,1000156,1001302,1.843278449,1.841168798
7,1843568,1000313,1000313,1000260,1001406,1.843088797,1.840979583
7,1826990,1000365,1000365,980104,1001667,1.864077690,1.823949476
7,1843860,1000364,1000364,1000365,1001250,1.843187237,1.841558052
7,1843520,1000208,1000208,1000208,1001041,1.843136628,1.841602891
7,1843464,1000365,1000365,1000312,1001198,1.842889019,1.841258173
7,1836897,1000364,1000364,985678,1001302,1.863587297,1.834508470
7,1843501,1000469,1000469,1000416,1001406,1.842734422,1.840912677
7,1843913,1000417,1000417,1000364,1001302,1.843242060,1.841515347
7,1843957,1000416,1000416,1000312,1001458,1.843381865,1.841272425
7,1833605,1000833,1000833,988073,1002187,1.855738392,1.829603657
7,1843198,1000000,1000000,1000000,1001198,1.843198000,1.840992491
7,1843361,1000104,1000104,1000053,1001198,1.843263307,1.841155296
7,1843797,1000364,1000364,1000313,1001459,1.843220072,1.841110819
7,1835349,1000156,1000156,995260,1001354,1.844089987,1.832867298
7,1843405,1000104,1000104,1000052,1001198,1.843309148,1.841199243
7,1843280,1000052,1000052,1000052,1001145,1.843184154,1.841171858
7,1843412,1000104,1000104,1000105,1001250,1.843218462,1.841110612
7,1827526,1000573,1000573,983593,1002084,1.858010376,1.823725356
7,1843926,1000520,1000520,1000469,1001823,1.843061604,1.840570640
7,1844011,1000417,1000417,1000417,1001562,1.843242368,1.841135147
7,1843974,1000416,1000416,1000417,1001563,1.843205383,1.841096366
7,1834254,1000313,1000313,983229,1001562,1.865540988,1.831393364
7,1843223,1000000,1000000,1000052,1001146,1.843127157,1.841113084
7,1844129,1000468,1000468,1000521,1001667,1.843168709,1.841059953
7,1843218,1000104,1000104,1000104,1001250,1.843026325,1.840916854
7,1795724,1000208,1000208,959531,1001823,1.871460120,1.792456352
7,1843335,1000157,1000157,1000208,1001406,1.842951666,1.840746910
7,1843357,1000208,1000208,1000208,1001302,1.842973661,1.840960070
7,1843200,1000104,1000104,1000104,1001250,1.843008327,1.840898876
7,1833007,1000573,1000573,993594,1002083,1.844824949,1.829196783
7,1843680,1000469,1000469,1000469,1001563,1.842815719,1.840802825
7,1843316,1000052,1000052,1000052,1001146,1.843220153,1.841205978
7,1843902,1000417,1000417,1000417,1001511,1.843133413,1.841120068
7,1826060,1000209,1000209,980574,1001719,1.862235793,1.822926390
7,1843115,999948,999948,999948,1001198,1.843210847,1.840909590
7,1843840,1000469,1000469,1000417,1001614,1.843071439,1.840868838
7,1843879,1000469,1000469,1000469,1001615,1.843014626,1.840905937
7,1835019,1000365,1000365,983595,1001666,1.865624571,1.831966943
7,1843422,1000156,1000156,1000104,1001250,1.843230304,1.841120599
7,1843706,1000313,1000313,1000208,1001666,1.843322589,1.840639495
7,1843780,1000312,1000312,1000261,1001407,1.843298899,1.841189446
7,1794748,1000260,1000260,958542,1001771,1.872372833,1.791575120
7,1842997,1000052,1000052,1000052,1001303,1.842901169,1.840598700
7,1843814,1000365,1000365,1000312,1001510,1.843238909,1.841034039
7,1843861,1000469,1000469,1000521,1001614,1.842900849,1.840889804
7,1835995,1000052,1000052,995417,1001302,1.844448106,1.833607643
7,1844064,1000469,1000469,1000469,1001615,1.843199539,1.841090639
7,1842893,999948,999948,999948,1001354,1.842988835,1.840401097
7,1843499,1000157,1000157,1000156,1001250,1.843211459,1.841197503
7,1824848,1000625,1000625,982396,1002083,1.857548280,1.821054743
7,1843936,1000417,1000417,1000364,1001511,1.843265052,1.841154016
7,1843839,1000365,1000365,1000312,1001458,1.843263902,1.841154597
7,1843754,1000312,1000312,1000313,1001667,1.843177086,1.840685577
7,1835173,1000365,1000365,983228,1001614,1.866477562,1.832215804
7,1843973,1000417,1000417,1000416,1001563,1.843206226,1.841095368
7,1843753,1000313,1000313,1000312,1001406,1.843177928,1.841164323
7,1843277,1000260,1000260,1000209,1001406,1.842891836,1.840688991
7,1829598,1000573,1000573,985156,1002084,1.857165769,1.825793047
7,1843734,1000261,1000261,1000313,1001510,1.843157092,1.840954159
7,1843164,999948,999948,999948,1001406,1.843259850,1.840576150
7,1843831,1000313,1000313,1000312,1001459,1.843255904,1.841144770
7,1836176,1000261,1000261,996823,1001719,1.842028123,1.833025030
7,1843420,1000104,1000104,1000104,1001302,1.843228304,1.841022988
7,1844061,1000469,1000469,1000469,1001562,1.843196541,1.841185069
7,1843749,1000312,1000312,1000313,1001406,1.843172087,1.841160329
7,1804784,1000625,1000625,962918,1002031,1.874286284,1.801125913
7,1843114,1000052,1000052,1000052,1001250,1.843018163,1.840812984
7,1843608,1000313,1000313,1000312,1001458,1.843032974,1.840923933
7,1843793,1000313,1000313,1000364,1001458,1.843122104,1.841108664
7,1835403,1000520,1000520,980834,1001823,1.871267717,1.832063149
7,1843340,1000053,1000053,1000052,1001510,1.843244151,1.840560753
7,1843142,999948,999948,999948,1001094,1.843237848,1.841127806
7,1843319,1000052,1000052,1000052,1001198,1.843223152,1.841113346
7,1827656,1000573,1000573,981719,1002187,1.861689547,1.823667639
7,1844108,1000521,1000521,1000468,1001667,1.843245361,1.841038988
7,1843246,1000000,1000000,1000052,1001146,1.843150156,1.841136058
7,1843829,1000313,1000313,1000365,1001510,1.843156248,1.841049016
7,1837161,1000260,1000260,995418,1001406,1.845617620,1.834581578
7,1843766,1000313,1000313,1000312,1001406,1.843190924,1.841177305
7,1844026,1000417,1000417,1000417,1001562,1.843257362,1.841150124
7,1843545,1000156,1000156,1000157,1001615,1.843255609,1.840572475
7,1798541,1000104,1000104,959322,1001614,1.874804289,1.795642832
7,1844059,1000469,1000469,1000468,1001615,1.843196384,1.841085647
7,1843742,1000416,1000416,1000365,1001510,1.843069280,1.840962147
7,1843760,1000312,1000312,1000312,1001459,1.843184926,1.841073873
7,1833014,1000104,1000104,977188,1001302,1.875804860,1.830630519
7,1843716,1000313,1000313,1000260,1001406,1.843236758,1.841127375
7,1843641,1000364,1000364,1000365,1001458,1.842968317,1.840956885
7,1843199,1000104,1000104,1000105,1001198,1.843005484,1.840993490
7,1830003,1000573,1000573,983178,1002083,1.861314025,1.826199027
7,1843749,1000261,1000261,1000312,1001718,1.843173930,1.840586872
7,1843623,1000260,1000260,1000260,1001355,1.843143783,1.841128271
7,1843645,1000313,1000313,1000312,1001459,1.843069962,1.840959041
7,1837810,1000156,1000156,996823,1001406,1.843667331,1.835229667
7,1844073,1000469,1000469,1000521,1001614,1.843112738,1.841101462
7,1843102,1000260,1000260,1000260,1001407,1.842622918,1.840512399
7,1844006,1000417,1000417,1000416,1001563,1.843239212,1.841128316
7,1828471,1000417,1000417,982918,1001875,1.860247752,1.825049033
7,1843603,1000208,1000208,1000209,1001354,1.843217767,1.841110137
7,1843475,1000364,1000364,1000365,1001510,1.842802377,1.840695550
7,1843159,999948,999948,999948,1001407,1.843254849,1.840569319
7,1835078,1000209,1000209,983229,1001510,1.866379043,1.832311210
7,1843006,999896,999896,999843,1001094,1.843295397,1.840991955
7,1843280,1000156,1000156,1000157,1001302,1.842990650,1.840883170
7,1844032,1000416,1000416,1000417,1001563,1.843263359,1.841154276
7,1822071,1000261,1000261,977448,1001822,1.864110418,1.818757224
7,1843546,1000157,1000157,1000208,1001406,1.843162622,1.840957614
7,1844104,1000469,1000469,1000469,1001614,1.843239521,1.841132412
7,1843835,1000417,1000417,1000416,1001615,1.843068284,1.840862008
7,1838560,1000469,1000469,995573,1001719,1.846735498,1.835404939
7,1843579,1000313,1000313,1000312,1001406,1.843003983,1.840990567
7,1843678,1000365,1000365,1000365,1001771,1.843005303,1.840418619
7,1843623,1000313,1000313,1000312,1001407,1.843047969,1.841032667
7,1827397,1000209,1000209,982395,1001770,1.860144850,1.824168222
7,1844068,1000469,1000469,1000469,1001666,1.843203538,1.841000893
7,1843930,1000417,1000417,1000416,1001511,1.843163244,1.841148025
7,1843073,1000157,1000157,1000104,1001250,1.842881340,1.840772035
7,1833697,1000156,1000156,982344,1001407,1.866654655,1.831120613
7,1843972,1000416,1000416,1000417,1001510,1.843203384,1.841191800
7,1844085,1000469,1000469,1000468,1001667,1.843222372,1.841016026
7,1843788,1000417,1000417,1000417,1001562,1.843019461,1.840912495
7,1823598,1000312,1000312,982343,1001875,1.856376032,1.820185153
7,1843799,1000313,1000313,1000312,1001511,1.843223914,1.841017223
7,1843465,1000157,1000157,1000104,1001250,1.843273300,1.841163546
7,1843114,1000052,1000052,1000000,1001198,1.843114000,1.840908592
7,1837248,1000261,1000261,996615,1001770,1.843488208,1.834001817
7,1843187,1000104,1000104,1000104,1001198,1.842995328,1.840981504
7,1843595,1000209,1000209,1000156,1001354,1.843307444,1.841102148
7,1857208,1012239,1012239,1004063,1013437,1.849692699,1.832583575
7,1838091,1000469,1000469,994218,1001875,1.848780650,1.834651029
7,1843744,1000417,1000417,1000416,1001511,1.842977321,1.840962306
7,1843796,1000312,1000312,1000313,1001719,1.843219072,1.840631954
7,1833947,1000313,1000313,982604,1001511,1.866415158,1.831180087
7,1843561,1000312,1000312,1000312,1001563,1.842985988,1.840684011
7,1843034,1000000,1000000,1000000,1001146,1.843034000,1.840924301
7,1843007,1000000,1000000,1000000,1001145,1.843007000,1.840899170
7,1835663,1000313,1000313,992083,1001459,1.850311919,1.832988670
7,1834515,1000104,1000104,992031,1001614,1.849251687,1.831558864
7,1843364,1000104,1000104,1000104,1001250,1.843172310,1.841062672
7,1843704,1000261,1000261,1000260,1001407,1.843224762,1.841113553
7,1834880,1000105,1000105,992136,1001354,1.849423869,1.832398932
7,1843376,1000104,1000104,1000104,1001250,1.843184309,1.841074657
7,1844001,1000468,1000468,1000469,1001562,1.843136569,1.841125162
7,1843709,1000261,1000261,1000260,1001407,1.843229760,1.841118546
7,1835510,1000521,1000521,985678,1001667,1.862180144,1.832455297
7,1809372,1000469,1000469,976041,1001979,1.853786880,1.805798325
7,1843210,1000105,1000105,1000104,1001302,1.843018326,1.840813261
7,1843931,1000416,1000416,1000365,1001562,1.843258211,1.841055272
7,1834496,1000208,1000208,982916,1001406,1.866381257,1.831920320
7,1843501,1000156,1000156,1000156,1001250,1.843213459,1.841199501
7,1843269,1000156,1000156,1000105,1001250,1.843075477,1.840967790
7,1843269,1000052,1000052,1000052,1001354,1.843173155,1.840776588
7,1836071,1000260,1000260,990938,1001510,1.852861632,1.833302713
7,1836098,1000156,1000156,991094,1001615,1.852597231,1.833137483
7,1843443,1000156,1000156,1000156,1001250,1.843155468,1.841141573
7,1844112,1000521,1000521,1000468,1001615,1.843249359,1.841138561
7,1832467,1000209,1000209,996719,1001406,1.838499116,1.829894169
7,1843087,999948,999948,1000000,1001406,1.843087000,1.840499258
7,1843309,1000104,1000104,1000052,1001250,1.843213153,1.841007740
7,1843694,1000313,1000313,1000260,1001406,1.843214764,1.841105406
7,1833951,1000417,1000417,984739,1001615,1.862372669,1.830993945
7,1834223,1000261,1000261,987604,1001615,1.857245414,1.831265506
7,1843371,1000052,1000052,1000052,1001510,1.843275150,1.840591707
7,1843197,1000000,1000000,1000000,1001094,1.843197000,1.841182746
7,1834136,1000625,1000625,985260,1001875,1.861575625,1.830703431
7,1843470,1000156,1000156,1000156,1001615,1.843182464,1.840497596
7,1843738,1000260,1000260,1000261,1001406,1.843256910,1.841149344
7,1843542,1000312,1000312,1000313,1001406,1.842965152,1.840953619
7,1829090,1000625,1000625,982344,1001823,1.861964851,1.825761637
7,1843725,1000417,1000417,1000365,1001875,1.843052286,1.840274485
7,1843166,1000313,1000313,1000260,1001407,1.842686901,1.840576309
7,1843578,1000209,1000209,1000208,1001302,1.843194616,1.841180783
7,1837893,1000053,1000053,995469,1001250,1.846258397,1.835598502
7,1843681,1000364,1000364,1000313,1001458,1.843104108,1.840996827
7,1844006,1000417,1000417,1000416,1001563,1.843239212,1.841128316
7,1843938,1000417,1000417,1000417,1001511,1.843169398,1.841156013
7,1826924,1000260,1000260,980730,1001458,1.862820552,1.824264223
7,1843216,1000209,1000209,1000208,1001667,1.842832691,1.840148472
7,1843020,1000104,1000104,1000052,1001198,1.842924168,1.840814704
7,1843399,1000208,1000208,1000209,1001354,1.843013810,1.840906413
7,1834460,1000417,1000417,983647,1001719,1.864957652,1.831311975
7,1843265,1000000,1000000,1000000,1001146,1.843265000,1.841155036
7,1843368,1000104,1000104,1000104,1001250,1.843176310,1.841066667
7,1844116,1000469,1000469,1000469,1001615,1.843251515,1.841142555
7,1798698,1000260,1000260,955468,1001615,1.882530864,1.795797787
7,1843357,1000052,1000052,1000052,1001562,1.843261150,1.840482167
7,1843165,999948,999948,999948,1001094,1.843260850,1.841150781
7,1843249,1000104,1000104,1000104,1001198,1.843057322,1.841043430
7,1837745,1000625,1000625,996979,1001823,1.843313651,1.834400887
7,1843743,1000260,1000260,1000260,1001615,1.843263751,1.840770156
7,1843603,1000312,1000312,1000365,1001458,1.842930330,1.840918940
7,1843727,1000312,1000312,1000260,1001406,1.843247756,1.841138359
7,1825626,1000417,1000417,984062,1001667,1.855194083,1.822587746
7,1843642,1000208,1000208,1000208,1001719,1.843258602,1.840478218
7,1843231,1000104,1000104,1000104,1001250,1.843039324,1.840929838
7,1843963,1000417,1000417,1000417,1001563,1.843194388,1.841085384
7,1835458,1000208,1000208,982917,1001458,1.867358078,1.832785798
7,1843700,1000365,1000365,1000365,1001511,1.843027295,1.840918372
7,1843479,1000156,1000156,1000105,1001302,1.843285455,1.841081911
7,1843919,1000468,1000468,1000469,1001614,1.843054607,1.840947710
7,1796438,1000208,1000208,959427,1001615,1.872407176,1.793541431
7,1843106,999948,999948,999948,1001146,1.843201846,1.840996218
7,1843803,1000468,1000468,1000417,1001562,1.843034455,1.840927471
7,1843591,1000417,1000417,1000469,1001875,1.842726761,1.840140736
7,1837333,1000104,1000104,995156,1001354,1.846276363,1.834848615
7,1843277,1000052,1000052,1000052,1001145,1.843181155,1.841168862
7,1843250,1000156,1000156,1000156,1001250,1.842962498,1.840948814
7,1843504,1000261,1000261,1000260,1001406,1.843024814,1.840915673
7,1826713,1000521,1000521,983854,1001979,1.856691135,1.823105075
7,1843336,1000365,1000365,1000364,1001562,1.842665270,1.840461200
7,1843287,1000000,1000000,1000052,1001146,1.843191154,1.841177011
7,1843656,1000261,1000261,1000260,1001354,1.843176774,1.841163065
7,1835275,1000156,1000156,981771,1001406,1.869351407,1.832698226
7,1843781,1000313,1000313,1000313,1001719,1.843204077,1.840616979
7,1843719,1000261,1000261,1000260,1001406,1.843239758,1.841130371
7,1843073,1000052,1000052,1000000,1001146,1.843073000,1.840963256
7,1825869,1000365,1000365,981770,1001719,1.859772656,1.822735717
7,1843022,1000000,1000000,999948,1001198,1.843117842,1.840816702
7,1843816,1000365,1000365,1000364,1001510,1.843145095,1.841036036
7,1843128,999948,999948,999948,1001094,1.843223848,1.841113821
7,1837878,1000208,1000208,996822,1001510,1.843737397,1.835106988
7,1843818,1000312,1000312,1000365,1001458,1.843145252,1.841133627
7,1843978,1000521,1000521,1000521,1001614,1.843017788,1.841006615
7,1843152,1000157,1000157,1000156,1001302,1.842864513,1.840755337
7,1790077,1000365,1000365,948386,1001563,1.887498339,1.787283476
7,1843860,1000365,1000365,1000364,1001510,1.843189079,1.841079969
7,1843898,1000365,1000365,1000365,1001823,1.843225223,1.840542691
7,1843746,1000521,1000521,1000521,1001615,1.842785909,1.840773151
7,1837838,1000468,1000468,981406,1001666,1.872658207,1.834781254
7,1843868,1000364,1000364,1000313,1001510,1.843291050,1.841087957
7,1843731,1000313,1000313,1000260,1001458,1.843251755,1.841046754
7,1842834,1000000,1000000,1000000,1001146,1.842834000,1.840724530
7,1829335,1000573,1000573,982134,1001927,1.862612434,1.825816651
7,1843484,1000157,1000157,1000104,1001354,1.843292298,1.840991298
7,1843424,1000365,1000365,1000313,1001459,1.842847189,1.840738363
7,1843478,1000260,1000260,1000261,1001407,1.842996978,1.840887871
7,1835022,1000521,1000521,996042,1001718,1.842313878,1.831874839
7,1843128,1000157,1000157,1000156,1001250,1.842840517,1.840826966
7,1843338,1000105,1000105,1000052,1001198,1.843242151,1.841132323
7,1843288,1000052,1000052,1000052,1001250,1.843192154,1.840986767
7,1830178,1000730,1000730,979271,1001927,1.868918818,1.826658030
7,1843125,1000000,1000000,999948,1001406,1.843220847,1.840537205
7,1843591,1000208,1000208,1000208,1001354,1.843207613,1.841098153
7,1843177,1000104,1000104,1000104,1001198,1.842985330,1.840971516
7,1836427,1000260,1000260,982031,1001510,1.870029561,1.833658176
7,1843614,1000312,1000312,1000261,1001458,1.843132942,1.840929924
7,1843482,1000156,1000156,1000156,1001458,1.843194462,1.840798116
7,1843278,1000052,1000052,1000052,1001146,1.843182155,1.841168021
7,1826505,1000573,1000573,979844,1002083,1.864077343,1.822708299
7,1843710,1000312,1000312,1000261,1001511,1.843228917,1.840928357
7,1843212,1000000,1000000,1000052,1001146,1.843116158,1.841102097
7,1843763,1000312,1000312,1000313,1001458,1.843186083,1.841078707
7,1836257,1000260,1000260,996562,1001719,1.842591831,1.833105891
7,1842979,1000000,1000000,999948,1001145,1.843074840,1.840871202
7,1844102,1000468,1000468,1000469,1001667,1.843237522,1.841032998
7,1843667,1000365,1000365,1000364,1001458,1.842996149,1.840982847
7,1828757,1000625,1000625,981927,1002031,1.862416453,1.825050323
7,1844047,1000469,1000469,1000417,1001770,1.843278353,1.840788804
7,1843868,1000469,1000469,1000469,1001927,1.843003631,1.840321700
7,1844248,1000469,1000469,1000521,1001615,1.843287647,1.841274342
7,1835249,1000208,1000208,981772,1001458,1.869323020,1.832577103
7,1843817,1000365,1000365,1000312,1001510,1.843241909,1.841037034
7,1843899,1000364,1000364,1000365,1001511,1.843226222,1.841117072
7,1843093,999948,999948,999895,1001093,1.843286545,1.841080699
7,1826766,1000520,1000520,978333,1001927,1.867223123,1.823252592
7,1843841,1000469,1000469,1000416,1001927,1.843074281,1.840294752
7,1843791,1000364,1000364,1000312,1001458,1.843215917,1.841106666
7,1843748,1000313,1000313,1000260,1001667,1.843268750,1.840679587
7,1835653,1000416,1000416,995782,1001615,1.843428582,1.832693200
7,1843503,1000157,1000157,1000208,1001250,1.843119631,1.841201498
7,1842988,1000000,1000000,1000000,1001094,1.842988000,1.840973974
7,1843732,1000313,1000313,1000260,1001406,1.843252754,1.841143352
7,1830446,1000625,1000625,983021,1002083,1.862061950,1.826641107
7,1843046,999896,999896,999896,1001198,1.843237697,1.840840673
7,1843213,1000000,1000000,999948,1001094,1.843308852,1.841198729
7,1843878,1000364,1000364,1000313,1001510,1.843301047,1.841097942
7,1833635,1000417,1000417,982239,1001614,1.866791076,1.830680282
7,1843675,1000260,1000260,1000260,1001666,1.843195769,1.840608546
7,1843787,1000312,1000312,1000313,1001459,1.843210075,1.841100834
7,1843227,1000052,1000052,1000052,1001198,1.843131157,1.841021456
7,1826850,1000677,1000677,979063,1002240,1.865916698,1.822767002
7,1843871,1000468,1000468,1000469,1001927,1.843006630,1.840324694
7,1843183,1000052,1000052,1000104,1001250,1.842991329,1.840881898
7,1843212,1000104,1000104,1000104,1001250,1.843020326,1.840910861
7,1836908,1000417,1000417,990781,1001927,1.854000026,1.833375086
7,1843560,1000260,1000260,1000261,1001355,1.843078956,1.841065356
7,1843316,1000156,1000156,1000157,1001250,1.843026645,1.841014732
7,1843777,1000312,1000312,1000313,1001718,1.843200078,1.840614824
7,1824742,1000521,1000521,979636,1002083,1.862673483,1.820948963
7,1843493,1000156,1000156,1000104,1001354,1.843301297,1.841000286
7,1843484,1000157,1000157,1000156,1001302,1.843196461,1.841086905
7,1843970,1000521,1000521,1000573,1001667,1.842914010,1.840901218
7,1835669,1000208,1000208,981980,1001458,1.869354773,1.832996491
7,1843280,1000052,1000052,1000000,1001198,1.843280000,1.841074393
7,1844212,1000573,1000573,1000573,1001667,1.843155872,1.841142815
7,1843366,1000312,1000312,1000260,1001406,1.842886849,1.840777866
7,1830843,1000469,1000469,983021,1001979,1.862465807,1.827226918
7,1842654,1000053,1000053,1000104,1001250,1.842462384,1.840353558
7,1843631,1000209,1000209,1000208,1001615,1.843247604,1.840658337
7,1843515,1000156,1000156,1000104,1001355,1.843323294,1.841020417
7,1838457,1000416,1000416,996094,1001615,1.845666172,1.835492679
7,1843476,1000156,1000156,1000156,1001511,1.843188463,1.840694710
7,1843844,1000365,1000365,1000364,1001510,1.843173085,1.841063993
7,1843659,1000260,1000260,1000261,1001406,1.843177931,1.841070455
7,1740850,1000156,1000156,908074,1001302,1.917079445,1.738586361
7,1843223,1000156,1000156,1000104,1001510,1.843031325,1.840443930
7,1843593,1000209,1000209,1000260,1001354,1.843113790,1.841100150
7,1843405,1000209,1000209,1000208,1001302,1.843021651,1.841008008
7,1836824,1000625,1000625,982709,1001823,1.869143358,1.833481563
7,1843607,1000364,1000364,1000313,1001459,1.843030132,1.840921096
7,1843486,1000156,1000156,1000157,1001303,1.843196618,1.841087064
7,1843979,1000417,1000417,1000417,1001563,1.843210381,1.841101359
7,1828887,1000365,1000365,983697,1001823,1.859197497,1.825559006
7,1843562,1000209,1000209,1000208,1001354,1.843178619,1.841069192
7,1843590,1000209,1000209,1000208,1001302,1.843206613,1.841192767
7,1843525,1000261,1000261,1000260,1001458,1.843045808,1.840841054
7,1834444,1000156,1000156,996771,1001667,1.840386608,1.831391071
7,1843270,1000000,1000000,1000052,1001198,1.843174155,1.841064405
7,1843965,1000417,1000417,1000416,1001771,1.843198230,1.840705111
7,1843930,1000469,1000469,1000468,1001666,1.843067444,1.840863122
7,1787065,1000573,1000573,948334,1002083,1.884425740,1.783350281
7,1844067,1000468,1000468,1000469,1001667,1.843202538,1.840998056
7,1844111,1000469,1000469,1000521,1001667,1.843150718,1.841041983
7,1843599,1000208,1000208,1000261,1001407,1.843117946,1.841008701
7,1834812,1000312,1000312,981042,1001510,1.870268551,1.832045611
7,1843753,1000416,1000416,1000417,1001511,1.842984475,1.840971292
7,1843395,1000104,1000104,1000052,1001197,1.843299148,1.841191094
7,1844151,1000521,1000521,1000469,1001615,1.843286499,1.841177498
7,1829442,1000729,1000729,983645,1002292,1.859860010,1.825258508
7,1842934,999948,999948,999948,1001198,1.843029838,1.840728807
7,1843587,1000417,1000417,1000364,1001511,1.842916179,1.840805543
7,1843571,1000209,1000209,1000208,1001354,1.843187617,1.841078180
7,1835136,1000157,1000157,995677,1001458,1.843103737,1.832464267
7,1843125,999948,999948,999948,1001094,1.843220847,1.841110825
7,1843442,1000157,1000157,1000156,1001250,1.843154468,1.841140574
7,1844237,1000573,1000573,1000573,1001667,1.843180857,1.841167773
7,1827136,1000625,1000625,983698,1002083,1.857415589,1.823337987
7,1844017,1000416,1000416,1000417,1001615,1.843248365,1.841043714
7,1843572,1000313,1000313,1000260,1001406,1.843092796,1.840983577
7,1843743,1000313,1000313,1000312,1001718,1.843167932,1.840580882
7,1834845,1000417,1000417,983438,1001667,1.865745477,1.831791404
7,1843385,1000104,1000104,1000104,1001250,1.843193308,1.841083645
7,1843946,1000416,1000416,1000417,1001563,1.843177395,1.841068410
7,1843918,1000521,1000521,1000468,1001615,1.843055450,1.840944874
7,1798217,1000625,1000625,959011,1002136,1.875074426,1.794384195
7,1843359,1000052,1000052,1000052,1001250,1.843263150,1.841057678
7,1843872,1000365,1000365,1000364,1001458,1.843201075,1.841187549
7,1843607,1000209,1000209,1000208,1001354,1.843223609,1.841114131
7,1836409,1000209,1000209,996563,1001667,1.842742506,1.833352801
7,1844082,1000469,1000469,1000469,1001875,1.843217531,1.840630817
7,1835563,1000261,1000261,1000208,1001354,1.835181282,1.833081008
7,1841903,1001094,1001094,1001666,1002916,1.838839493,1.836547627
7,1824069,1000573,1000573,979011,1001823,1.863175184,1.820749773
7,1842989,1000260,1000260,1000261,1001355,1.842508105,1.840495129
7,1843575,1000312,1000312,1000573,1001875,1.842519236,1.840124766
7,1843785,1000313,1000313,1000364,1001666,1.843114106,1.840718363
7,1836646,1000521,1000521,980156,1002188,1.873830288,1.832636192
7,1841601,1000312,1000312,1000313,1001667,1.841024759,1.838536160
7,1843980,1000417,1000417,1000417,1001770,1.843211381,1.840721922
7,1843357,1000313,1000313,1000260,1001719,1.842877852,1.840193707
7,1827637,1000364,1000364,978386,1001719,1.868012216,1.824500683
7,1844157,1000521,1000521,1000469,1001510,1.843292496,1.841376521
7,1843487,1000156,1000156,1000157,1001146,1.843197618,1.841376782
7,1844119,1000469,1000469,1000573,1001562,1.843062925,1.841242978
7,1838980,1000312,1000312,994844,1001302,1.848510922,1.836588761
7,1843980,1000416,1000416,1000469,1001459,1.843115579,1.841293553
7,1843972,1000417,1000417,1000417,1001302,1.843203384,1.841574270
7,1843456,1000364,1000364,1000365,1001250,1.842783384,1.841154557
7,1830309,1000209,1000209,982917,1001250,1.862119589,1.828023970
7,1843161,999948,999948,1000052,1001094,1.843065161,1.841146785
7,1843729,1000469,1000469,1000625,1001771,1.842577389,1.840469528
7,1843946,1000625,1000625,1000729,1001875,1.842602743,1.840495072
7,1828838,1000365,1000365,971614,1001614,1.882268061,1.825891012
7,1843516,1000156,1000156,1000157,1001250,1.843226613,1.841214482
7,1843465,1000260,1000260,1000209,1001250,1.843079796,1.841163546
7,1844001,1000521,1000521,1000521,1001510,1.843040776,1.841220757
7,1831305,1000416,1000416,982969,1001458,1.863034338,1.828638845
7,1843469,1000156,1000156,1000157,1001093,1.843179621,1.841456288
7,1843316,1000157,1000157,1000156,1001094,1.843028488,1.841301616
7,1844190,1000521,1000521,1000677,1001823,1.842942328,1.840834159
7,1838988,1000364,1000364,995365,1001407,1.847551401,1.836404179
7,1843556,1000313,1000313,1000416,1001510,1.842789400,1.840776428
7,1843197,1000000,1000000,999844,1000937,1.843484584,1.841471541
7,1842914,999948,999948,999948,1001042,1.843009837,1.840995682
7,1832752,1000834,1000834,983333,1002083,1.863816225,1.828942313
7,1843750,1000521,1000521,1000573,1001666,1.842694136,1.840683421
7,1843981,1000416,1000416,1000417,1001406,1.843212380,1.841392003
7,1843447,1000260,1000260,1000208,1001459,1.843063643,1.840761329
7,1834804,1000677,1000677,982395,1001875,1.867684587,1.831370181
7,1843800,1000417,1000417,1000468,1001458,1.842937505,1.841115653
7,1843805,1000365,1000365,1000312,1001458,1.843229912,1.841120646
7,1844017,1000469,1000469,1000417,1001406,1.843248365,1.841427952
7,1829898,1000469,1000469,985522,1001510,1.856780468,1.827139020
7,1843142,1000208,1000208,1000104,1001146,1.842950333,1.841032177
7,1843451,1000208,1000208,1000261,1001146,1.842969985,1.841340823
7,1844171,1000521,1000521,1000521,1001614,1.843210687,1.841199304
7,1837381,1000416,1000416,992657,1001459,1.850972692,1.834704167
7,1843320,1000052,1000052,1000104,1001198,1.843128315,1.841114345
7,1843736,1000365,1000365,1000364,1001407,1.843065124,1.841145508
7,1843124,1000000,1000000,999948,1000938,1.843219847,1.841396770
7,1830306,1000313,1000313,980156,1001562,1.867361930,1.827451521
7,1843765,1000417,1000417,1000365,1001719,1.843092271,1.840601007
7,1843235,1000104,1000104,1000104,1001198,1.843043323,1.841029447
7,1843573,1000208,1000208,1000208,1001511,1.843189617,1.840791564
7,1835435,1000573,1000573,981250,1001875,1.870507006,1.832000000
7,1843492,1000157,1000157,1000156,1001302,1.843204460,1.841094894
7,1842988,1000105,1000105,1000104,1001094,1.842796349,1.840973974
7,1842604,1000104,1000104,1000052,1001094,1.842508190,1.840590394
7,1829999,1000156,1000156,984271,1001354,1.859243034,1.827524532
7,1843971,1000417,1000417,1000416,1001510,1.843204227,1.841190802
7,1843339,1000261,1000261,1000260,1001250,1.842859856,1.841037703
7,1843291,1000052,1000052,1000000,1000989,1.843291000,1.841469786
7,1839523,1000416,1000416,996043,1001511,1.846830910,1.836747674
7,1843966,1000417,1000417,1000416,1001458,1.843199229,1.841281412
7,1843895,1000469,1000469,1000521,1001458,1.842934831,1.841210515
7,1844112,1000521,1000521,1000573,1001562,1.843055929,1.841235989
7,1820643,1000573,1000573,986771,1001771,1.845051182,1.817424341
7,1844328,1000625,1000625,1000730,1001771,1.842982623,1.841067470
7,1843004,1000261,1000261,1000260,1001250,1.842524944,1.840703121
7,1843095,999948,999948,999948,1000885,1.843190846,1.841465303
7,1837274,1000364,1000364,979948,1001459,1.874868871,1.834597323
7,1843390,1000104,1000104,1000052,1001041,1.843294149,1.841473027
7,1844181,1000521,1000521,1000573,1001511,1.843124889,1.841398647
7,1843267,1000052,1000052,1000052,1000989,1.843171155,1.841445810
7,1832276,1000625,1000625,983073,1001875,1.863824965,1.828846912
7,1843991,1000416,1000416,1000469,1001563,1.843126574,1.841113340
7,1844046,1000469,1000469,1000416,1001406,1.843279196,1.841456912
7,1843998,1000469,1000469,1000416,1001406,1.843231216,1.841408979
7,1839804,1000365,1000365,995832,1001458,1.847504398,1.837125471
7,1843639,1000261,1000261,1000208,1001198,1.843255603,1.841432963
7,1843520,1000157,1000157,1000208,1001094,1.843136628,1.841505393
7,1843971,1000417,1000417,1000416,1001407,1.843204227,1.841380178
7,1832574,1000521,1000521,987344,1001719,1.856064350,1.829429211
7,1844086,1000521,1000521,1000572,1001615,1.843031786,1.841112603
7,1843973,1000417,1000417,1000417,1001406,1.843204384,1.841384014
7,1843569,1000209,1000209,1000208,1001198,1.843185617,1.841363047
7,1836071,1000313,1000313,976926,1001406,1.879437132,1.833493109
7,1844084,1000469,1000469,1000469,1001406,1.843219530,1.841494858
7,1844093,1000468,1000468,1000417,1001563,1.843324334,1.841215181
7,1844141,1000521,1000521,1000521,1001458,1.843180703,1.841456157
7,1828493,1000469,1000469,984010,1001666,1.858205709,1.825451797
7,1843111,999948,999948,999948,1000938,1.843206847,1.841383782
7,1843996,1000417,1000417,1000469,1001302,1.843131571,1.841598239
7,1843465,1000156,1000156,1000104,1001041,1.843273300,1.841547949
7,1835408,1000312,1000312,990834,1001354,1.852386979,1.832926218
7,1843168,1000000,1000000,1000000,1001093,1.843168000,1.841155617
7,1843384,1000052,1000052,1000052,1000938,1.843288149,1.841656526
7,1843443,1000105,1000105,1000104,1000989,1.843251302,1.841621636
7,1831614,1000677,1000677,986198,1002084,1.857247733,1.827804855
7,1841563,1000104,1000104,1000052,1001562,1.841467244,1.838690965
7,1843932,1000417,1000417,1000416,1001823,1.843165243,1.840576629
7,1844162,1000521,1000521,1000468,1001927,1.843299336,1.840615135
7,1834984,1000625,1000625,973386,1001927,1.885155529,1.831454787
7,1843864,1000364,1000364,1000313,1001562,1.843287051,1.840988376
7,1844076,1000469,1000469,1000468,1001875,1.843213376,1.840624828
7,1844142,1000521,1000521,1000521,1001667,1.843181702,1.841072931
7,1828380,1000313,1000313,980105,1001823,1.865494003,1.825052929
7,1843844,1000312,1000312,1000364,1001562,1.843173085,1.840968407
7,1844086,1000469,1000469,1000469,1001615,1.843221529,1.841112603
7,1843692,1000260,1000260,1000260,1001458,1.843212765,1.841007811
7,1836868,1000156,1000156,988072,1001511,1.859042661,1.834096680
7,1843885,1000364,1000364,1000365,1001823,1.843212228,1.840529714
7,1843675,1000260,1000260,1000261,1001406,1.843193926,1.841086432
7,1843889,1000364,1000364,1000365,1001510,1.843216226,1.841108926
7,1825962,1000469,1000469,980469,1001771,1.862335270,1.822733938
7,1843244,1000000,1000000,1000000,1001198,1.843244000,1.841038436
7,1843330,1000052,1000052,1000052,1001250,1.843234152,1.841028714
7,1843566,1000208,1000208,1000156,1001354,1.843278449,1.841073187
7,1833803,1000677,1000677,976251,1002135,1.878413441,1.829896172
7,1843976,1000417,1000417,1000469,1001562,1.843111581,1.841100201
7,1843288,1000000,1000000,1000052,1001458,1.843192154,1.840604399
7,1843442,1000104,1000104,1000104,1001302,1.843250302,1.841044959
7,1822799,1000729,1000729,972708,1002083,1.873942643,1.819010002
7,1844087,1000469,1000469,1000469,1001666,1.843222529,1.841019861
7,1843322,1000104,1000104,1000052,1001354,1.843226152,1.840829517
7,1840877,1003125,1003125,996823,1004323,1.846744106,1.832953144
7,1843412,1000105,1000105,1000365,1001823,1.842739400,1.840057575
7,1843960,1000417,1000417,1000417,1001562,1.843191389,1.841084226
7,1843397,1000104,1000104,1000105,1001198,1.843203464,1.841191253
7,1834165,1000104,1000104,987240,1001302,1.857871440,1.831780022
7,1835529,1000573,1000573,988541,1002031,1.856806142,1.831808597
7,1843979,1000417,1000417,1000469,1001718,1.843114579,1.840816477
7,1843888,1000417,1000417,1000364,1001511,1.843217069,1.841106089
7,1835163,1000364,1000364,978958,1001614,1.874608512,1.832205820
7,1843113,1000000,1000000,999948,1001146,1.843208847,1.841003210
7,1843184,1000000,1000000,999948,1001355,1.843279851,1.840689865
7,1843515,1000157,1000157,1000208,1001303,1.843131629,1.841116026
7,1834385,1000209,1000209,990625,1001407,1.851745110,1.831807647
7,1837031,1000521,1000521,992083,1001927,1.851690836,1.833497850
7,1843307,1000052,1000052,1000052,1001146,1.843211153,1.841196988
7,1844016,1000469,1000469,1000469,1001562,1.843151562,1.841140139
7,1835424,1000156,1000156,990312,1001355,1.853379541,1.832940366
7,1843882,1000364,1000364,1000365,1001718,1.843209229,1.840719644
7,1843696,1000261,1000261,1000260,1001354,1.843216764,1.841203011
7,1844132,1000521,1000521,1000521,1001563,1.843171708,1.841254120
7,1835163,1000104,1000104,990938,1001302,1.851945329,1.832776725
7,1835017,1000260,1000260,990886,1001666,1.851895173,1.831964946
7,1843364,1000104,1000104,1000104,1001197,1.843172310,1.841160131
7,1843682,1000261,1000261,1000260,1001511,1.843202767,1.840900399
7,1837384,1000625,1000625,983385,1001927,1.868427930,1.833850171
7,1843200,1000000,1000000,1000000,1001250,1.843200000,1.840898876
7,1843583,1000208,1000208,1000209,1001198,1.843197772,1.841377030
7,1843541,1000156,1000156,1000208,1001146,1.843157623,1.841430720
7,1832707,1000417,1000417,985625,1001511,1.859436398,1.829941958
7,1829273,1000260,1000260,985990,1001510,1.855265266,1.826514962
7,1843436,1000157,1000157,1000104,1001354,1.843244303,1.840943363
7,1844030,1000469,1000469,1000417,1001511,1.843261360,1.841247874
7,1836366,1000052,1000052,996251,1001146,1.843276443,1.834263934
7,1843340,1000052,1000052,1000053,1001302,1.843242308,1.840943092
7,1844172,1000521,1000521,1000521,1001510,1.843211687,1.841391499
7,1843159,1000000,1000000,1000000,1001042,1.843159000,1.841240427
7,1827354,1001093,1001093,984480,1002239,1.856161628,1.823271695
7,1843644,1000260,1000260,1000208,1001458,1.843260602,1.840959880
7,1843882,1000364,1000364,1000365,1001458,1.843209229,1.841197534
7,1843499,1000156,1000156,1000157,1001198,1.843209616,1.841293131
7,1836389,1000417,1000417,985208,1001667,1.863960707,1.833332834
7,1844119,1000469,1000469,1000469,1001667,1.843254514,1.841049970
7,1843497,1000156,1000156,1000104,1001250,1.843305296,1.841195506
7,1843944,1000417,1000417,1000364,1001562,1.843273049,1.841068251
7,1827353,1000313,1000313,984114,1001563,1.856850934,1.824501304
7,1843759,1000261,1000261,1000312,1001771,1.843183927,1.840499475
7,1843681,1000260,1000260,1000313,1001406,1.843104108,1.841092424
7,1843448,1000104,1000104,1000104,1001250,1.843256301,1.841146567
7,1837062,1000261,1000261,995833,1001562,1.844749069,1.834196984
7,1844102,1000468,1000468,1000521,1001614,1.843141723,1.841130416
7,1843162,1000000,1000000,999948,1001042,1.843257849,1.841243424
7,1844013,1000416,1000416,1000417,1001510,1.843244367,1.841232739
7,1830033,1000521,1000521,986927,1001666,1.854273923,1.826989236
7,1843198,1000000,1000000,1000000,1001198,1.843198000,1.840992491
7,1843870,1000365,1000365,1000364,1001406,1.843199076,1.841281159
7,1843936,1000365,1000365,1000417,1001459,1.843167399,1.841249617
7,1833676,1000417,1000417,980313,1001771,1.870500544,1.830434301
7,1843437,1000156,1000156,1000104,1001355,1.843245302,1.840942523
7,1843607,1000208,1000208,1000209,1001406,1.843221767,1.841018528
7,1843333,1000052,1000052,1000104,1001250,1.843141313,1.841031710
7,1827981,1000469,1000469,982500,1001666,1.860540458,1.824940649
7,1843895,1000364,1000364,1000365,1001719,1.843222224,1.840730784
7,1843261,1000052,1000052,1000052,1001198,1.843165155,1.841055416
7,1843733,1000260,1000260,1000260,1001406,1.843253754,1.841144351
7,1835943,1000208,1000208,989531,1001354,1.855366835,1.833460494
7,1843878,1000365,1000365,1000365,1001719,1.843205230,1.840713813
7,1844186,1000573,1000573,1000521,1001667,1.843225679,1.841116858
7,1843756,1000312,1000312,1000313,1001458,1.843179085,1.841071717
7,1827341,1000208,1000208,978281,1001562,1.867910140,1.824491145
7,1843198,1000000,1000000,1000000,1001145,1.843198000,1.841089952
7,1843642,1000208,1000208,1000261,1001407,1.843160935,1.841051640
7,1843456,1000156,1000156,1000105,1001510,1.843262457,1.840676578
7,1835346,1000157,1000157,983645,1001406,1.865862176,1.832769127
7,1844040,1000417,1000417,1000417,1001510,1.843271356,1.841259698
7,1843238,1000000,1000000,1000000,1001146,1.843238000,1.841128067
7,1843290,1000052,1000052,1000052,1001198,1.843194154,1.841084381
7,1829125,1000573,1000573,984686,1001823,1.857571855,1.825796573
7,1843572,1000208,1000208,1000156,1001666,1.843284448,1.840505717
7,1843745,1000312,1000312,1000261,1001511,1.843263908,1.840963304
7,1843174,1000000,1000000,1000000,1001145,1.843174000,1.841065979
7,1835980,1000312,1000312,995626,1001511,1.844045857,1.833210020
7,1843963,1000417,1000417,1000416,1001771,1.843196230,1.840703115
7,1843861,1000364,1000364,1000365,1001458,1.843188236,1.841176565
7,1843758,1000313,1000313,1000312,1001458,1.843182927,1.841073715
7,1829788,1000417,1000417,982188,1001719,1.862971244,1.826647992
7,1843846,1000365,1000365,1000364,1001458,1.843175084,1.841161586
7,1844041,1000469,1000469,1000417,1001563,1.843272355,1.841163262
7,1844110,1000469,1000469,1000469,1001614,1.843245518,1.841138403
7,1834359,1000469,1000469,983281,1001719,1.865549116,1.831211148
7,1843692,1000260,1000260,1000260,1001354,1.843212765,1.841199017
7,1844143,1000521,1000521,1000469,1001615,1.843278502,1.841169511
7,1843983,1000416,1000416,1000365,1001511,1.843310192,1.841200945
7,1827659,1000365,1000365,981822,1001823,1.861497298,1.824333241
7,1843446,1000156,1000156,1000156,1001354,1.843158467,1.840953349
7,1843556,1000156,1000156,1000156,1001302,1.843268450,1.841158811
7,1843584,1000208,1000208,1000156,1001406,1.843296446,1.840995560
7,1835306,1000365,1000365,991614,1001562,1.850827036,1.832443723
7,1843660,1000260,1000260,1000261,1001563,1.843178930,1.840782856
7,1843634,1000209,1000209,1000208,1001667,1.843250604,1.840565777
7,1844041,1000468,1000468,1000469,1001615,1.843176550,1.841067676
7,1826982,1000365,1000365,979738,1001927,1.864765886,1.823468177
7,1843406,1000104,1000104,1000156,1001250,1.843118474,1.841104619
7,1844129,1000521,1000521,1000573,1001927,1.843072919,1.840582198
7,1843757,1000261,1000261,1000260,1001458,1.843277748,1.841072716
7,1835493,1000313,1000313,982969,1001563,1.867294899,1.832628601
7,1844204,1000521,1000521,1000520,1001666,1.843245512,1.841136666
7,1843260,1000052,1000052,1000000,1001146,1.843260000,1.841150042
7,1843326,1000052,1000052,1000052,1001250,1.843230152,1.841024719
7,1784468,1000365,1000365,946198,1001875,1.885935079,1.781128384
7,1843664,1000208,1000208,1000261,1001459,1.843182929,1.840978013
7,1843939,1000365,1000365,1000364,1001562,1.843268050,1.841063259
7,1843326,1000052,1000052,1000052,1001198,1.843230152,1.841120338
7,1834573,1000104,1000104,996145,1001614,1.841672648,1.831616771
7,1844017,1000417,1000417,1000417,1001563,1.843248365,1.841139299
7,1834025,1000052,1000052,1000104,1001250,1.833834281,1.831735331
7,1841652,1000573,1000573,1000781,1002135,1.840214792,1.837728450
7,1793348,1000364,1000364,959583,1001615,1.868882629,1.790456413
7,1842575,1000000,1000000,1000000,1001198,1.842575000,1.840370236
7,1843470,1000157,1000157,1000104,1001250,1.843278299,1.841168539
7,1843970,1000417,1000417,1000573,1001823,1.842914010,1.840614560
7,1830681,1000313,1000313,967969,1001562,1.891259947,1.827825936
7,1841136,1000208,1000208,1000157,1001303,1.840846987,1.838740122
7,1843002,1000000,1000000,1000000,1001302,1.843002000,1.840605532
7,1843943,1000365,1000365,1000416,1001822,1.843176239,1.840589446
7,1829688,1000208,1000208,979012,1001459,1.868912741,1.827022374
7,1843296,1000052,1000052,1000052,1001250,1.843200154,1.840994757
7,1843508,1000156,1000156,1000156,1001094,1.843220458,1.841493406
7,1844440,1000678,1000678,1000781,1001719,1.843000617,1.841274849
7,1837771,1000000,1000000,995625,1001250,1.845846579,1.835476654
7,1843237,1000000,1000000,1000052,1000885,1.843141157,1.841607178
7,1843808,1000313,1000313,1000312,1001250,1.843232911,1.841506117
7,1843345,1000104,1000104,1000052,1001042,1.843249151,1.841426234
7,1803703,1000260,1000260,957034,1001302,1.884680168,1.801357632
7,1843709,1000364,1000364,1000365,1001302,1.843036292,1.841311612
7,1843773,1000416,1000416,1000521,1001822,1.842812894,1.840419755
7,1843698,1000364,1000364,1000469,1001667,1.842833711,1.840629670
7,1823919,1000156,1000156,967605,1001510,1.884983025,1.821169035
7,1843951,1000416,1000416,1000417,1001511,1.843182393,1.841168994
7,1843610,1000312,1000312,1000365,1001458,1.842937328,1.840925930
7,1843851,1000365,1000365,1000364,1001614,1.843180082,1.840879820
7,1828506,1000261,1000261,981875,1001302,1.862259453,1.826128381
7,1843518,1000208,1000208,1000209,1001302,1.843132785,1.841120861
7,1843765,1000312,1000312,1000365,1001302,1.843092271,1.841367539
7,1843441,1000208,1000208,1000261,1001354,1.842959987,1.840948356
7,1836570,1000209,1000209,994897,1001459,1.845990087,1.833894348
7,1842799,1000104,1000104,1000104,1001145,1.842607369,1.840691408
7,1843322,1000105,1000105,1000052,1000990,1.843226152,1.841498916
7,1844581,1000729,1000729,1000833,1001927,1.843045743,1.841033329
7,1826844,1000052,1000052,984533,1001093,1.855543694,1.824849440
7,1843500,1000208,1000208,1000261,1001355,1.843018972,1.841005438
7,1843458,1000104,1000104,1000156,1001303,1.843170465,1.841059100
7,1844034,1000573,1000573,1000572,1001666,1.842979816,1.840966949
7,1834398,1000417,1000417,980365,1001615,1.871137791,1.831440224
7,1844028,1000573,1000573,1000625,1001718,1.842876202,1.840865393
7,1844022,1000469,1000469,1000469,1001615,1.843157559,1.841048706
7,1843916,1000521,1000521,1000469,1001719,1.843051609,1.840751748
7,1829306,1000052,1000052,979896,1001302,1.866836889,1.826927341
7,1843813,1000312,1000312,1000313,1001355,1.843236067,1.841318014
7,1843490,1000156,1000156,1000157,1001197,1.843200618,1.841285981
7,1842770,999947,999947,999948,1000886,1.842865829,1.841138751
7,1835868,1000104,1000104,995783,1001198,1.843642641,1.833671262
7,1843522,1000260,1000260,1000261,1001250,1.843040966,1.841220474
7,1844084,1000468,1000468,1000469,1001407,1.843219530,1.841493019
7,1843657,1000208,1000208,1000261,1001146,1.843175931,1.841546588
7,1823891,1000261,1000261,976041,1001302,1.868662280,1.821519382
7,1843724,1000468,1000468,1000469,1001459,1.842859699,1.841037926
7,1843664,1000260,1000260,1000209,1001146,1.843278755,1.841553580
7,1843586,1000209,1000209,1000208,1001146,1.843202614,1.841475669
7,1835303,1000156,1000156,975885,1001146,1.880654995,1.833202150
7,1844123,1000573,1000573,1000625,1001510,1.842971143,1.841342573
7,1843366,1000157,1000157,1000208,1001198,1.842982660,1.841160290
7,1843713,1000260,1000260,1000312,1001354,1.843137941,1.841219988
7,1820480,1000573,1000573,986460,1001823,1.845467632,1.817167304
7,1842150,1000209,1000209,1000208,1001250,1.841766912,1.839850187
7,1843783,1000313,1000313,1000260,1001354,1.843303741,1.841289893
7,1844153,1000521,1000521,1000468,1001458,1.843290340,1.841468139
7,1838618,1000157,1000157,995885,1001198,1.846215175,1.836417971
7,1844107,1000469,1000469,1000469,1001458,1.843242519,1.841422206
7,1843780,1000313,1000313,1000313,1001250,1.843203077,1.841478152
7,1842915,1000209,1000209,1000416,1001406,1.842148666,1.840327500
7,1828003,1000729,1000729,977500,1001823,1.870079795,1.824676615
7,1844487,1000677,1000677,1000781,1001719,1.843047580,1.841321768
7,1844025,1000469,1000469,1000416,1001406,1.843258205,1.841435941
7,1843466,1000156,1000156,1000156,1001198,1.843178464,1.841260170
7,1835032,1000052,1000052,977501,1001041,1.877268668,1.833123718
7,1843976,1000416,1000416,1000469,1001407,1.843111581,1.841385171
7,1843323,1000052,1000052,1000052,1000990,1.843227152,1.841499915
7,1843330,1000105,1000105,1000208,1001198,1.842946667,1.841124333
7,1828288,1000573,1000573,985780,1001718,1.854661283,1.825152388
7,1842975,999896,999896,999843,1000885,1.843264393,1.841345409
7,1843832,1000365,1000365,1000312,1001250,1.843256904,1.841530087
7,1843961,1000417,1000417,1000416,1001302,1.843194231,1.841563285
7,1836017,1000312,1000312,991145,1001302,1.852420181,1.833629614
7,1843564,1000208,1000208,1000156,1001198,1.843276449,1.841358053
7,1843257,1000052,1000052,1000000,1000938,1.843257000,1.841529645
7,1844010,1000417,1000417,1000416,1001406,1.843243211,1.841420962
7,1833493,1000469,1000469,990052,1001615,1.851915859,1.830536683
7,1842301,1000365,1000365,1000312,1001510,1.841726381,1.839523320
7,1844155,1000521,1000521,1000521,1001771,1.843194696,1.840894775
7,1843830,1000313,1000313,1000364,1001354,1.843159090,1.841336830
7,1831735,1000261,1000261,976094,1001406,1.876596926,1.829163197
7,1843981,1000417,1000417,1000364,1001667,1.843310035,1.840912199
7,1843483,1000157,1000157,1000156,1001562,1.843195462,1.840607970
7,1843548,1000208,1000208,1000157,1001302,1.843258608,1.841150822
7,1825059,1000625,1000625,981094,1002135,1.860228480,1.821170800
7,1843578,1000156,1000156,1000208,1001614,1.843194616,1.840607260
7,1843266,1000052,1000052,1000052,1001198,1.843170155,1.841060410
7,1843919,1000365,1000365,1000417,1001562,1.843150406,1.841043290
7,1835635,1000625,1000625,986197,1001875,1.861326895,1.832199626
7,1843662,1000261,1000261,1000260,1001718,1.843182772,1.840500021
7,1843781,1000312,1000312,1000260,1001459,1.843301742,1.841094843
7,1843459,1000104,1000104,1000104,1001250,1.843267300,1.841157553
7,1827733,1000521,1000521,982135,1001980,1.860979397,1.824121240
7,1843189,1000000,1000000,999948,1001146,1.843284851,1.841079123
7,1843429,1000104,1000104,1000157,1001250,1.843139627,1.841127591
7,1843976,1000416,1000416,1000417,1001510,1.843207383,1.841195794
7,1833679,1000677,1000677,976197,1002136,1.878390325,1.829770610
7,1844168,1000520,1000520,1000521,1001667,1.843207689,1.841098888
7,1843615,1000261,1000261,1000208,1001354,1.843231608,1.841122121
7,1843990,1000365,1000365,1000312,1001459,1.843414855,1.841303538
7,1827050,1000417,1000417,981562,1001719,1.861369939,1.823914691
7,1844109,1000469,1000469,1000468,1001979,1.843246361,1.840466716
7,1843331,1000052,1000052,1000052,1001250,1.843235152,1.841029713
7,1843412,1000156,1000156,1000157,1001198,1.843122630,1.841206235
7,1836941,1000208,1000208,997448,1001406,1.841640867,1.834361887
7,1844190,1000521,1000521,1000520,1001563,1.843231520,1.841312029
7,1843346,1000104,1000104,1000052,1001250,1.843250151,1.841044694
7,1843863,1000365,1000365,1000364,1001406,1.843192078,1.841274169
7,1829010,1000365,1000365,978124,1001510,1.869916289,1.826252359
7,1844167,1000521,1000521,1000521,1001354,1.843206689,1.841673374
7,1843159,1000000,1000000,1000000,1000886,1.843159000,1.841527407
7,1843990,1000417,1000417,1000417,1001303,1.843221377,1.841590408
7,1838738,1000469,1000469,988177,1001511,1.860737499,1.835963859
7,1843479,1000157,1000157,1000156,1001042,1.843191462,1.841560094
7,1843500,1000156,1000156,1000157,1001094,1.843210616,1.841485415
7,1843782,1000313,1000313,1000312,1001250,1.843206919,1.841480150
7,1834074,1000469,1000469,985574,1001562,1.860919627,1.831213644
7,1843855,1000312,1000312,1000313,1001354,1.843278054,1.841361796
7,1843500,1000156,1000156,1000157,1001250,1.843210616,1.841198502
7,1843437,1000156,1000156,1000157,1001094,1.843147626,1.841422484
7,1837522,1000000,1000000,996719,1001041,1.843570756,1.835611129
7,1843851,1000364,1000364,1000313,1001302,1.843274055,1.841453428
7,1843561,1000208,1000208,1000209,1001198,1.843175776,1.841355057
7,1843952,1000416,1000416,1000417,1001406,1.843183393,1.841363044
7,1829507,1000573,1000573,984583,1001771,1.858154163,1.826272671
7,1843891,1000364,1000364,1000313,1001406,1.843314043,1.841302129
7,1843249,1000000,1000000,1000052,1001094,1.843153156,1.841234689
7,1843730,1000313,1000313,1000260,1001250,1.843250755,1.841428215
7,1835211,1000573,1000573,986249,1001666,1.860798845,1.832158624
7,1844074,1000469,1000469,1000417,1001407,1.843305342,1.841483033
7,1843162,1000000,1000000,1000000,1000938,1.843162000,1.841434734
7,1843303,1000052,1000052,1000052,1000989,1.843207153,1.841481775
7,1826604,1000416,1000416,986615,1001615,1.851384785,1.823658791
7,1843397,1000105,1000105,1000104,1001146,1.843205307,1.841286885
7,1843234,1000000,1000000,1000000,1001042,1.843234000,1.841315349
7,1843524,1000208,1000208,1000209,1001198,1.843138784,1.841318101
7,1839043,1000468,1000468,997135,1001666,1.844326997,1.835984250
7,1843378,1000104,1000104,1000104,1001145,1.843186309,1.841269746
7,1844138,1000521,1000521,1000521,1001563,1.843177704,1.841260110
7,1843876,1000365,1000365,1000364,1001407,1.843205073,1.841285312
7,1829279,1000261,1000261,984114,1001407,1.858808024,1.826708821
7,1843870,1000364,1000364,1000313,1001406,1.843293049,1.841281159
7,1843259,1000052,1000052,1000052,1001094,1.843163156,1.841244678
7,1843143,999948,999948,999948,1001041,1.843238848,1.841226283
7,1832731,1000052,1000052,982813,1001250,1.864780991,1.830442946
7,1843848,1000365,1000365,1000312,1001459,1.843272899,1.841161745
7,1843392,1000104,1000104,1000104,1001250,1.843200307,1.841090637
7,1843900,1000365,1000365,1000364,1001511,1.843229065,1.841118071
7,1805118,1000729,1000729,961823,1001980,1.876767347,1.801550929
7,1843655,1000260,1000260,1000313,1001458,1.843078117,1.840970864
7,1843192,1000000,1000000,1000000,1001094,1.843192000,1.841177752
7,1844157,1000521,1000521,1000521,1001615,1.843196695,1.841183489
7,1836783,1000521,1000521,995886,1001667,1.844370741,1.833726178
7,1843857,1000365,1000365,1000312,1001458,1.843281896,1.841172570
7,1843548,1000209,1000209,1000156,1001250,1.843260451,1.841246442
7,1843879,1000365,1000365,1000364,1001511,1.843208072,1.841097102
7,1825773,1000209,1000209,978750,1001510,1.865413027,1.823020239
7,1843082,999896,999896,999948,1001146,1.843177845,1.840972246
7,1843848,1000312,1000312,1000365,1001562,1.843175241,1.840972401
7,1843105,999948,999948,999948,1001042,1.843200846,1.841186484
7,1834533,1000364,1000364,984167,1001562,1.864046447,1.831671928
7,1843150,1000000,1000000,1000000,1001042,1.843150000,1.841231437
7,1844059,1000469,1000469,1000416,1001511,1.843292190,1.841276831
7,1843962,1000417,1000417,1000417,1001510,1.843193388,1.841181815
7,1826937,1000104,1000104,983594,1001406,1.857409663,1.824371933
7,1843800,1000312,1000312,1000313,1001302,1.843223071,1.841402494
7,1844101,1000468,1000468,1000469,1001406,1.843236522,1.841511834
7,1843667,1000260,1000260,1000209,1001302,1.843281754,1.841269667
7,1837523,1000052,1000052,996823,1001250,1.843379416,1.835228964
7,1843874,1000364,1000364,1000365,1001458,1.843201232,1.841189546
7,1844029,1000469,1000469,1000469,1001406,1.843164556,1.841439935
7,1844077,1000469,1000469,1000469,1001458,1.843212533,1.841392250
7,1832804,1000573,1000573,984530,1001667,1.861602998,1.829753800
7,1843529,1000156,1000156,1000209,1001094,1.843143783,1.841514383
7,1843591,1000209,1000209,1000208,1001197,1.843207613,1.841386860
7,1843873,1000365,1000365,1000312,1001354,1.843297891,1.841379772
7,1837988,1000625,1000625,986354,1001667,1.863416177,1.834929173
7,1843578,1000208,1000208,1000208,1001146,1.843194616,1.841467678
7,1843396,1000104,1000104,1000104,1001250,1.843204307,1.841094632
7,1844089,1000521,1000521,1000469,1001458,1.843224528,1.841404233
7,1831647,1000677,1000677,987030,1001927,1.855715632,1.828124205
7,1843397,1000104,1000104,1000105,1001198,1.843203464,1.841191253
7,1843753,1000260,1000260,1000261,1001614,1.843271906,1.840781978
7,1843814,1000312,1000312,1000313,1001406,1.843237067,1.841225237
7,1838938,1000208,1000208,996667,1001354,1.845087677,1.836451445
7,1844091,1000469,1000469,1000468,1001563,1.843228369,1.841213184
7,1844112,1000469,1000469,1000469,1001511,1.843247517,1.841329751
7,1844156,1000520,1000520,1000521,1001718,1.843195695,1.840993174
7,1824305,1000261,1000261,976822,1001667,1.867592049,1.821268945
7,1843750,1000260,1000260,1000313,1001407,1.843173087,1.841159489
7,1843599,1000208,1000208,1000208,1001198,1.843215611,1.841393011
7,1843761,1000312,1000312,1000261,1001354,1.843279904,1.841267923
7,1836070,1000573,1000573,984635,1001666,1.864721445,1.833016195
7,1843254,1000000,1000000,1000000,1001198,1.843254000,1.841048424
7,1843872,1000365,1000365,1000365,1001563,1.843199232,1.840994526
7,1844014,1000416,1000416,1000417,1001562,1.843245367,1.841138142
7,1830098,1000417,1000417,979688,1001927,1.868041662,1.826578184
7,1843900,1000364,1000364,1000312,1001771,1.843324883,1.840640226
7,1843471,1000157,1000157,1000104,1001250,1.843279299,1.841169538
7,1843891,1000365,1000365,1000365,1001459,1.843218225,1.841204682
7,1836642,1000468,1000468,995625,1001718,1.844712618,1.833492061
7,1843874,1000365,1000365,1000313,1001511,1.843297048,1.841092110
7,1843822,1000312,1000312,1000313,1001458,1.843245064,1.841137621
7,1844006,1000417,1000417,1000416,1001510,1.843239212,1.841225749
7,1808637,1000105,1000105,965312,1001511,1.873629459,1.805908273
7,1842873,999844,999844,999792,1001094,1.843256397,1.840859100
7,1843113,999948,999948,999948,1000833,1.843208847,1.841578965
7,1843355,1000104,1000104,1000052,1000989,1.843259151,1.841533723
7,1837113,1000573,1000573,997396,1001615,1.841909332,1.834150846
7,1843992,1000416,1000416,1000417,1001354,1.843223376,1.841498611
7,1843772,1000260,1000260,1000261,1001146,1.843290901,1.841661456
7,1843600,1000209,1000209,1000156,1001041,1.843312443,1.841682808
7,1831310,1000104,1000104,988074,1001094,1.853413813,1.829308736
7,1843292,1000052,1000052,1000052,1000938,1.843196154,1.841564612
7,1844080,1000469,1000469,1000468,1001355,1.843217374,1.841584653
7,1843996,1000417,1000417,1000416,1001302,1.843229217,1.841598239
7,1838845,1000521,1000521,997969,1001511,1.842587295,1.836070697
7,1833960,1000625,1000625,1000781,1001666,1.832528795,1.830909704
7,1841738,1000260,1000260,1000364,1001511,1.841067851,1.838959332
7,1843312,1000052,1000052,1000052,1000938,1.843216153,1.841584594
7,1833911,1000990,1000990,987187,1002187,1.857713888,1.829908989
7,1844133,1000521,1000521,1000573,1001615,1.843076917,1.841159527
7,1844119,1000468,1000468,1000469,1001406,1.843254514,1.841529809
7,1843438,1000104,1000104,1000105,1001302,1.843244459,1.841040965
7,1836071,1000521,1000521,980000,1001823,1.873541837,1.832729933
7,1842030,1000208,1000208,1000261,1001458,1.841549356,1.839348230
7,1843295,1000052,1000052,1000052,1001302,1.843199154,1.840898151
7,1843916,1000364,1000364,1000417,1001458,1.843147408,1.841231484
7,1832335,1000625,1000625,983490,1001823,1.863094693,1.829000732
7,1843539,1000208,1000208,1000260,1001406,1.843059804,1.840950623
7,1844031,1000417,1000417,1000468,1001406,1.843168397,1.841441933
7,1843307,1000052,1000052,1000052,1000938,1.843211153,1.841579598
7,1838173,1000312,1000312,994428,1001562,1.848472690,1.835306252
7,1843787,1000313,1000313,1000312,1001250,1.843211918,1.841485144
7,1844164,1000521,1000521,1000625,1001562,1.843012117,1.841287908
7,1843764,1000313,1000313,1004062,1016458,1.836304929,1.813910658
7,1830301,1000573,1000573,987501,1001511,1.853467490,1.827539588
7,1843765,1000312,1000312,1000312,1001354,1.843189925,1.841271918
7,1843494,1000156,1000156,1000157,1001354,1.843204617,1.841001284
7,1838358,1000521,1000521,981823,1001666,1.872392478,1.835300390
7,1843860,1000364,1000364,1000365,1001562,1.843187237,1.840984382
7,1843977,1000417,1000417,1000364,1001511,1.843306037,1.841194954
7,1843108,999948,999948,999896,1001250,1.843299703,1.840806991
7,1835640,1000052,1000052,989530,1001198,1.855062504,1.833443535
7,1820422,1000468,1000468,974949,1001771,1.867197156,1.817203732
7,1843939,1000365,1000365,1000416,1001302,1.843172240,1.841541313
7,1843790,1000313,1000313,1000364,1001302,1.843119105,1.841392507
7,1839265,1000261,1000261,995677,1001407,1.847250665,1.836680790
7,1844101,1000468,1000468,1000469,1001562,1.843236522,1.841225007
7,1844065,1000469,1000469,1000469,1001354,1.843200539,1.841571512
7,1844029,1000469,1000469,1000417,1001406,1.843260360,1.841439935
7,1838305,1000521,1000521,991248,1001615,1.854535898,1.835340924
7,1834698,1000520,1000520,990573,1001562,1.852158296,1.831836671
7,1841755,1000157,1000157,1000156,1001511,1.841467731,1.838976307
7,1843648,1000208,1000208,1000209,1001354,1.843262758,1.841155076
7,1835160,1000677,1000677,982448,1001875,1.867946192,1.831725515
7,1842825,999844,999844,999739,1001198,1.843306103,1.840619937
7,1843539,1000156,1000156,1000156,1001198,1.843251453,1.841333083
7,1843316,1000052,1000052,1000052,1001042,1.843220153,1.841397264
7,1836966,1000521,1000521,990104,1001614,1.855326309,1.834005914
7,1820533,1000469,1000469,978594,1001563,1.860355776,1.817691947
7,1843500,1000156,1000156,1000157,1001146,1.843210616,1.841389767
7,1843787,1000312,1000312,1000365,1001302,1.843114263,1.841389511
7,1840328,1000625,1000625,996563,1001615,1.846675022,1.837360663
7,1843661,1000208,1000208,1000260,1001250,1.843181773,1.841359301
7,1844422,1000677,1000677,1000729,1001718,1.843078396,1.841258718
7,1833344,1000313,1000313,1000365,1001407,1.832675074,1.830768109
7,1833993,1000625,1000625,986927,1001823,1.858286378,1.830655715
7,1837412,1000468,1000468,995469,1001615,1.845775207,1.834449364
7,1843878,1000365,1000365,1000416,1001354,1.843111266,1.841384765
7,1843178,1000000,1000000,999948,1000938,1.843273850,1.841450719
7,1816847,994428,994428,975312,1001459,1.862836713,1.814200082
7,1844196,1000573,1000573,1000521,1001562,1.843235674,1.841319858
7,1844043,1000417,1000417,1000469,1001406,1.843178549,1.841453916
7,1843765,1000313,1000313,1000417,1001354,1.842996470,1.841271918
7,1829436,1000157,1000157,982447,1001198,1.862121824,1.827246958
7,1843794,1000313,1000313,1000364,1001354,1.843123103,1.841300879
7,1843224,1000365,1000365,1000365,1001354,1.842551469,1.840731649
7,1843862,1000469,1000469,1000469,1001407,1.842997634,1.841271331
7,1838228,1000261,1000261,996041,1001303,1.845534471,1.835835906
7,1843414,1000312,1000312,1000313,1001250,1.842837192,1.841112609
7,1843368,1000105,1000105,1000104,1000990,1.843176310,1.841544871
7,1842547,1000104,1000104,1000105,1001041,1.842353553,1.840630903
7,1826501,1000365,1000365,981043,1001354,1.861795049,1.824031262
7,1843326,1000052,1000052,1000052,1001042,1.843230152,1.841407254
7,1843604,1000208,1000208,1000156,1001094,1.843316443,1.841589301
7,1843620,1000156,1000156,1000156,1001093,1.843332440,1.841607123
7,1834889,1000313,1000313,980208,1001407,1.871938405,1.832310939
7,1842234,1000312,1000312,1000312,1001302,1.841659402,1.839838530
7,1844253,1000573,1000573,1000573,1001458,1.843196848,1.841567994
7,1843936,1000417,1000417,1000364,1001354,1.843265052,1.841442687
7,1822643,1000573,1000573,973801,1001615,1.871679121,1.819704178
7,1843156,1000000,1000000,999948,1001041,1.843251849,1.841239270
7,1843190,1000000,1000000,1000000,1000938,1.843190000,1.841462708
7,1843855,1000364,1000364,1000365,1001250,1.843182238,1.841553059
7,1839317,1000261,1000261,997709,1001250,1.843540551,1.837020724
7,1843027,1000625,1000625,1000677,1001563,1.841780115,1.840150844
7,1834157,1000521,1000521,1000625,1001562,1.833011368,1.831296515
7,1843899,1000417,1000417,1000469,1001459,1.843034617,1.841212671
7,1833336,1000572,1000572,987812,1001667,1.855956397,1.830284915
7,1843643,1000208,1000208,1000261,1001250,1.843161935,1.841341323
7,1843238,1000053,1000053,1000000,1000938,1.843238000,1.841510663
7,1843567,1000208,1000208,1000209,1001093,1.843181775,1.841554181
7,1836130,1000573,1000573,972968,1001615,1.887143257,1.833169431
7,1843580,1000573,1000573,1000729,1001719,1.842237009,1.840416324
7,1843237,1000000,1000000,1000000,1000989,1.843237000,1.841415840
7,1843240,1000000,1000000,1000000,1000885,1.843240000,1.841610175
7,1832412,1000469,1000469,986511,1001459,1.857467377,1.829742406
7,1843418,1000104,1000104,1000105,1001197,1.843224461,1.841214067
7,1843353,1000052,1000052,1000104,1001094,1.843161311,1.841338576
7,1843700,1000313,1000313,1000260,1001198,1.843220763,1.841493890
7,1836176,1000104,1000104,997136,1001145,1.841449913,1.834075983
7,1843449,1000156,1000156,1000156,1001042,1.843161467,1.841530126
7,1843547,1000208,1000208,1000208,1001250,1.843163622,1.841245443
7,1843691,1000260,1000260,1000261,1001146,1.843209922,1.841580549
7,1822846,1000312,1000312,973229,1001459,1.872987755,1.820190342
7,1842237,1000261,1000261,1000208,1001458,1.841853894,1.839554929
7,1844110,1000468,1000468,1000521,1001511,1.843149719,1.841327754
7,1843325,1000052,1000052,1000105,1001146,1.843131471,1.841214968
7,1835238,1000157,1000157,977760,1001354,1.876982081,1.832756448
7,1843480,1000156,1000156,1000157,1001563,1.843190619,1.840603137
7,1843332,1000052,1000052,1000000,1001354,1.843332000,1.840839503
7,1843781,1000313,1000313,1000312,1001719,1.843205920,1.840616979
7,1825122,1000261,1000261,975782,1001510,1.870419827,1.822370221
7,1843402,1000104,1000104,1000052,1001303,1.843306148,1.841003173
7,1843783,1000313,1000313,1000312,1001770,1.843207919,1.840525270
7,1844061,1000521,1000521,1000417,1001615,1.843292347,1.841087643
7,1837351,1000365,1000365,994426,1001614,1.847649800,1.834390294
7,1843561,1000104,1000104,1000105,1001511,1.843367446,1.840779582
7,1843948,1000365,1000365,1000365,1001510,1.843275205,1.841167837
7,1843137,999948,999948,999948,1001146,1.843232848,1.841027183
7,1831421,1000677,1000677,979166,1001979,1.870388678,1.827803776
7,1843288,1000052,1000052,1000052,1001563,1.843192154,1.840411437
7,1844045,1000469,1000469,1000521,1001771,1.843084753,1.840784970
7,1843493,1000157,1000157,1000104,1001302,1.843301297,1.841095893
7,1834349,1000521,1000521,981614,1001718,1.868707048,1.831202993
7,1843225,1000000,1000000,1000000,1001406,1.843225000,1.840637064
7,1843224,1000000,1000000,1000000,1001146,1.843224000,1.841114083
7,1843236,1000052,1000052,1000052,1001145,1.843140157,1.841127909
7,1826094,1000781,1000781,972603,1002084,1.877532765,1.822296334
7,1842637,1000052,1000052,1000052,1001250,1.842541188,1.840336579
7,1843961,1000416,1000416,1000469,1001563,1.843096588,1.841083387
7,1843101,1000052,1000052,1000052,1001197,1.843005164,1.840897446
7,1837759,1000364,1000364,994636,1001511,1.847669901,1.834986336
7,1844059,1000469,1000469,1000469,1001875,1.843194542,1.840607860
7,1843290,1000469,1000469,1000469,1001614,1.842425902,1.840319724
7,1843726,1000260,1000260,1000261,1001406,1.843244913,1.841137361
7,1825074,1000312,1000312,978646,1001511,1.864897011,1.822320474
7,1843061,1000000,1000000,1000000,1001511,1.843061000,1.840280336
7,1842977,1000104,1000104,1000052,1001302,1.842881170,1.840580564
7,1844006,1000469,1000469,1000468,1001563,1.843143409,1.841128316
7,1835323,1000573,1000573,979688,1001823,1.873374993,1.831983294
7,1843848,1000365,1000365,1000312,1001458,1.843272899,1.841163583
7,1843490,1000364,1000364,1000365,1001510,1.842817372,1.840710527
7,1843644,1000260,1000260,1000261,1001667,1.843162934,1.840575760
7,1828206,1000677,1000677,977656,1002135,1.869989035,1.824311096
7,1843267,1000000,1000000,1000052,1001510,1.843171155,1.840487863
7,1843201,1000052,1000052,1000104,1001250,1.843009327,1.840899875
7,1843073,1000052,1000052,1000000,1001146,1.843073000,1.840963256
7,1837053,1000156,1000156,996926,1001250,1.842717514,1.834759551
7,1842983,999948,999948,1000000,1001198,1.842983000,1.840777748
7,1843470,1000208,1000208,1000260,1001302,1.842990822,1.841072923
7,1843526,1000156,1000156,1000209,1001198,1.843140784,1.841320099
7,1827938,1000312,1000312,981198,1001458,1.862965477,1.825276747
7,1843355,1000209,1000209,1000156,1001302,1.843067481,1.840958073
7,1844013,1000417,1000417,1000417,1001406,1.843244367,1.841423958
7,1843172,1000000,1000000,1000000,1000937,1.843172000,1.841446565
7,1837088,1000260,1000260,985418,1001354,1.864272826,1.834603946
7,1843399,1000208,1000208,1000209,1001302,1.843013810,1.841002015
7,1843920,1000416,1000416,1000417,1001354,1.843151406,1.841426708
7,1843238,1000000,1000000,1000000,1000990,1.843238000,1.841414999
7,1828339,1000104,1000104,985000,1001302,1.856181726,1.825961598
7,1843588,1000209,1000209,1000156,1001302,1.843300445,1.841190770
7,1843296,1000105,1000105,1000052,1001042,1.843200154,1.841377285
7,1843909,1000365,1000365,1000365,1001511,1.843236219,1.841127057
7,1836545,1000313,1000313,994999,1001406,1.845775724,1.833966443
7,1843645,1000416,1000416,1000417,1001406,1.842876520,1.841056475
7,1843872,1000364,1000364,1000365,1001302,1.843199232,1.841474400
7,1842853,1000052,1000052,1000000,1000990,1.842853000,1.841030380
7,1829536,1000104,1000104,986145,1001302,1.855240355,1.827157042
7,1842530,1000052,1000052,1000000,1001146,1.842530000,1.840420878
7,1842805,999948,999948,1000000,1001145,1.842805000,1.840697401
7,1843379,1000208,1000208,1000208,1001146,1.842995657,1.841268906
7,1837341,1000313,1000313,984478,1001406,1.866309862,1.834761326
7,1843452,1000261,1000261,1000260,1001198,1.842972827,1.841246187
7,1843716,1000313,1000313,1000312,1001458,1.843140940,1.841031776
7,1843416,1000105,1000105,1000104,1001042,1.843224305,1.841497160
7,1827824,1000416,1000416,976563,1001719,1.871690818,1.824687362
7,1843017,999896,999896,999895,1001042,1.843210537,1.841098575
7,1843044,1000052,1000052,1000000,1001093,1.843044000,1.841031752
7,1843188,1000312,1000312,1000261,1001354,1.842707053,1.840695698
7,1836278,1000104,1000104,996095,1001458,1.843476777,1.833604604
7,1843895,1000469,1000469,1000468,1001511,1.843032461,1.841113078
7,1843765,1000417,1000417,1000417,1001406,1.842996470,1.841176306
7,1843556,1000417,1000417,1000417,1001406,1.842787558,1.840967600
7,1826607,1000625,1000625,980624,1002031,1.862698649,1.822904681
7,1842649,1000104,1000104,1000104,1001198,1.842457384,1.840444148
7,1843743,1000312,1000312,1000261,1001302,1.843261909,1.841345568
7,1843280,1000104,1000104,1000157,1001146,1.842990650,1.841170019
7,1834678,1000364,1000364,983490,1001562,1.865477026,1.831816702
7,1843276,1000052,1000052,1000000,1001406,1.843276000,1.840687993
7,1843294,1000208,1000208,1000209,1001354,1.842908832,1.840801555
7,1842276,999948,999948,999948,1001094,1.842371803,1.840262753
7,1820702,1000469,1000469,980729,1002032,1.856478191,1.817009836
7,1838120,1000000,1000000,1000000,1001146,1.838120000,1.836015926
7,1837076,1000312,1000312,1000313,1001667,1.836501175,1.834018691
7,1838447,1000052,1000052,1000104,1001250,1.838255821,1.836151810
7,1830810,1000104,1000104,995833,1001250,1.838470908,1.828524345
7,1838647,1000469,1000469,1000521,1001614,1.837689564,1.835684206
7,1839454,1000573,1000573,1000521,1001666,1.838496144,1.836394567
7,1839384,1000417,1000417,1000416,1001511,1.838619134,1.836608884
7,1786807,1000208,1000208,958332,1001511,1.864496855,1.784111208
7,1842477,1000209,1000209,1000156,1001719,1.842189618,1.839315217
7,1841271,1000573,1000573,1000573,1001666,1.840216556,1.838208545
7,1837515,1000052,1000052,1000052,1001198,1.837419454,1.835316291
7,1831135,1000521,1000521,985520,1001667,1.858039411,1.828087578
7,1835673,1000156,1000156,1000157,1001406,1.835384845,1.833095667
7,1835588,1000104,1000104,1000052,1001094,1.835492554,1.833582061
7,1838517,1000365,1000365,1000365,1001406,1.837846186,1.835935674
7,1821728,1000104,1000104,983749,1001250,1.851821959,1.819453683
7,1836579,1000105,1000105,1000156,1000989,1.836292538,1.834764418
7,1837728,1000260,1000260,1000208,1001146,1.837345832,1.835624374
7,1839549,1000364,1000364,1000365,1001250,1.838877810,1.837252434
7,1831318,1000469,1000469,997240,1001406,1.836386427,1.828746782
7,1839206,1000312,1000312,1000365,1001198,1.838534935,1.837005268
7,1843895,1000417,1000417,1000364,1001250,1.843224066,1.841593009
7,1837092,1000105,1000105,1000052,1001041,1.836996476,1.835181576
7,1827493,1000677,1000677,983126,1001823,1.858859393,1.824167543
7,1837396,1000000,1000000,1000000,1001562,1.837396000,1.834530463
7,1836195,1000104,1000104,1000052,1001094,1.836099523,1.834188398
7,1836957,1000312,1000312,1000261,1001250,1.836477679,1.834663670
7,1828280,1000468,1000468,982657,1001562,1.860547475,1.825428680
7,1837518,999948,999948,999948,1000937,1.837613556,1.835797857
7,1838128,1000104,1000104,1000104,1001094,1.837936855,1.836119286
7,1836152,1000260,1000260,1000261,1001250,1.835672889,1.833859675
7,1825959,1000677,1000677,983750,1001979,1.856120966,1.822352564
7,1837017,1000417,1000417,1000416,1001719,1.836253119,1.833864587
7,1839655,1000312,1000312,1000365,1001510,1.838983771,1.836881309
7,1841093,1000104,1000104,1000105,1001198,1.840899706,1.838890010
7,1829359,1000261,1000261,996458,1001406,1.835861622,1.826790533
7,1838933,999948,999948,1000000,1000990,1.838933000,1.837114257
7,1838949,1000052,1000052,1000053,1001094,1.838851541,1.836939388
7,1838416,1000000,1000000,999896,1001041,1.838607215,1.836504199
7,1825310,1000469,1000469,985364,1001823,1.852422049,1.821988515
7,1837878,1000000,1000000,1000000,1001042,1.837878000,1.835964925
7,1839555,1000104,1000104,1000104,1001198,1.839363706,1.837353850
7,1839192,1000417,1000417,1000365,1001667,1.838520940,1.836131169
7,1831317,1000209,1000209,982813,1001458,1.863342263,1.828650827
7,1837542,1000104,1000104,1000104,1001250,1.837350916,1.835247940
7,1837539,1000521,1000521,1000521,1001875,1.836582141,1.834100062
7,1843748,1000313,1000313,1000312,1001459,1.843172930,1.841061891
7,1822562,1000157,1000157,982812,1001719,1.854436047,1.819434392
7,1837345,1000208,1000208,1000157,1001354,1.837056582,1.834860599
7,1838164,1000364,1000364,1000365,1001562,1.837493315,1.835297266
7,1828810,1000469,1000469,1000521,1001875,1.827857686,1.825387399
7,1836199,1000521,1000521,996718,1002292,1.842245249,1.832000056
7,1843692,1000260,1000260,1000312,1001406,1.843116948,1.841103409
7,1843782,1000313,1000313,1000312,1001459,1.843206919,1.841095841
7,1843478,1000157,1000157,1000104,1001250,1.843286298,1.841176529
7,1828061,1000365,1000365,986093,1001563,1.853842386,1.825208200
7,1843940,1000417,1000417,1000417,1001510,1.843171398,1.841159849
7,1843733,1000313,1000313,1000521,1001979,1.842772915,1.840091459
7,1843680,1000261,1000261,1000312,1001615,1.843104951,1.840707258
7,1826600,1000312,1000312,958333,1001510,1.906018054,1.823845993
7,1842042,1000573,1000573,1000521,1001823,1.841082796,1.838690068
7,1843413,1000104,1000104,1000104,1001198,1.843221305,1.841207234
7,1843701,1000260,1000260,1000261,1001302,1.843219920,1.841303623
7,1824986,1000573,1000573,974950,1002083,1.871876506,1.821192456
7,1843923,1000416,1000416,1000417,1001458,1.843154405,1.841238474
7,1844014,1000416,1000416,1000469,1001406,1.843149563,1.841424957
7,1844327,1000625,1000625,1000677,1001771,1.843079235,1.841066471
7,1838974,1000313,1000313,994844,1001510,1.848504891,1.836201336
7,1843904,1000364,1000364,1000417,1001302,1.843135413,1.841506359
7,1844147,1000521,1000521,1000625,1001823,1.842995128,1.840791238
7,1844363,1000625,1000625,1000678,1001771,1.843113369,1.841102408
7,1832209,1000104,1000104,985937,1001198,1.858342876,1.830016640
7,1844005,1000417,1000417,1000469,1001510,1.843140567,1.841224751
7,1844029,1000469,1000469,1000417,1001406,1.843260360,1.841439935
7,1844211,1000521,1000521,1000520,1001667,1.843252509,1.841141817
7,1834719,1000730,1000730,976301,1001927,1.879255476,1.831190296
7,1843445,1000104,1000104,1000156,1001250,1.843157467,1.841143571
7,1844063,1000469,1000469,1000469,1001458,1.843198540,1.841378270
7,1844256,1000573,1000573,1000781,1001771,1.842816760,1.840995597
7,1829858,1000469,1000469,981667,1001562,1.864031286,1.827004219
7,1844297,1000573,1000573,1000625,1001771,1.843145034,1.841036524
7,1843386,1000104,1000104,1000104,1001146,1.843194308,1.841275898
7,1843905,1000365,1000365,1000416,1001250,1.843138254,1.841602996
7,1838411,1000781,1000781,991823,1001875,1.853567622,1.834970430
7,1843447,1000105,1000105,1000104,1001198,1.843255301,1.841241193
7,1843370,1000104,1000104,1000104,1001042,1.843178309,1.841451208
7,1844070,1000468,1000468,1000469,1001458,1.843205537,1.841385260
7,1833978,1000781,1000781,986041,1001771,1.859940915,1.830735767
7,1843471,1000156,1000156,1000156,1001302,1.843183463,1.841073922
7,1844138,1000521,1000521,1000520,1001615,1.843179547,1.841164519
7,1843331,1000053,1000053,1000052,1000989,1.843235152,1.841509747
7,1838030,1000625,1000625,983697,1001615,1.868492025,1.835066368
7,1843597,1000208,1000208,1000209,1001302,1.843211769,1.841199758
7,1843390,1000104,1000104,1000104,1001146,1.843198307,1.841279893
7,1843118,1000000,1000000,999948,1000990,1.843213847,1.841295118
7,1833667,1000573,1000573,984948,1001771,1.861689145,1.830425317
7,1844112,1000520,1000520,1000521,1001510,1.843151718,1.841331589
7,1843500,1000208,1000208,1000157,1001146,1.843210616,1.841389767
7,1844067,1000469,1000469,1000469,1001407,1.843202538,1.841476043
7,1835252,1000209,1000209,991197,1001355,1.851551205,1.832768599
7,1844111,1000468,1000468,1000469,1001562,1.843246517,1.841234991
7,1843360,1000104,1000104,1000052,1001042,1.843264150,1.841441218
7,1844107,1000468,1000468,1000521,1001458,1.843146721,1.841422206
7,1830869,1000416,1000416,984844,1001614,1.859044681,1.827918739
7,1843295,1000053,1000053,1000052,1001042,1.843199154,1.841376286
7,1843286,1000052,1000052,1000052,1000990,1.843190154,1.841462952
7,1843178,1000000,1000000,999948,1000938,1.843273850,1.841450719
7,1836937,1000469,1000469,984687,1001771,1.865503454,1.833689536
7,1842037,1000156,1000156,1000156,1001406,1.841749687,1.839450732
7,1843593,1000208,1000208,1000208,1001302,1.843209612,1.841195763
7,1843767,1000313,1000313,1000312,1001354,1.843191924,1.841273915
7,1832159,1000521,1000521,984635,1001667,1.860749415,1.829109874
7,1844146,1000520,1000520,1000521,1001458,1.843185700,1.841461150
7,1844163,1000521,1000521,1000573,1001563,1.843106900,1.841285071
7,1843574,1000209,1000209,1000260,1001198,1.843094795,1.841368041
7,1827005,1000625,1000625,995625,1001719,1.835033271,1.823869768
7,1842348,1000312,1000312,1000364,1001354,1.841677629,1.839856834
7,1843171,999948,999948,999948,1001042,1.843266850,1.841252415
7,1843946,1000416,1000416,1000417,1001406,1.843177395,1.841357052
7,1833481,1000625,1000625,986875,1001771,1.857865484,1.830239646
7,1843485,1000156,1000156,1000104,1001250,1.843293297,1.841183521
7,1843686,1000260,1000260,1000260,1001302,1.843206766,1.841288642
7,1844157,1000521,1000521,1000468,1001510,1.843294338,1.841376521
7,1807556,1000469,1000469,959688,1001823,1.883482965,1.804266822
7,1844077,1000469,1000469,1000573,1001615,1.843020949,1.841103618
7,1844435,1000678,1000678,1000729,1001823,1.843091386,1.841078714
7,1843437,1000104,1000104,1000104,1001094,1.843245302,1.841422484
7,1831032,1000156,1000156,982135,1001250,1.864338406,1.828746067
7,1843182,1000000,1000000,999948,1000937,1.843277850,1.841456555
7,1843962,1000365,1000365,1000416,1001302,1.843195231,1.841564283
7,1843750,1000313,1000313,1000260,1001302,1.843270750,1.841352559
7,1839453,1000312,1000312,995833,1001354,1.847150074,1.836965748
7,1843695,1000260,1000260,1000209,1001250,1.843309748,1.841393258
7,1843457,1000105,1000105,1000104,1001042,1.843265300,1.841538117
7,1843226,1000052,1000052,1000052,1000990,1.843130157,1.841403011
7,1830434,1000365,1000365,985625,1001459,1.857130247,1.827767288
7,1843845,1000312,1000312,1000365,1001250,1.843172242,1.841543071
7,1843731,1000312,1000312,1000261,1001198,1.843249912,1.841524853
7,1843252,1000052,1000052,1000000,1000938,1.843252000,1.841524650
7,1837929,1000364,1000364,981095,1001406,1.873344579,1.835348500
7,1842188,1000208,1000208,1000313,1001250,1.841611576,1.839888140
7,1843529,1000208,1000208,1000157,1001146,1.843239611,1.841418734
7,1843451,1000104,1000104,1000104,1001093,1.843259301,1.841438308
7,1831319,1000521,1000521,983020,1001563,1.862951924,1.828461115
7,1843478,1000156,1000156,1000157,1001094,1.843188619,1.841463439
7,1843849,1000365,1000365,1000364,1001407,1.843178083,1.841258350
7,1843866,1000365,1000365,1000365,1001355,1.843193234,1.841370942
7,1839708,1000313,1000313,997292,1001511,1.844703457,1.836932395
7,1843490,1000469,1000469,1000417,1001354,1.842721585,1.840997290
7,1843283,1000052,1000052,1000000,1000989,1.843283000,1.841461794
7,1843363,1000052,1000052,1000104,1001094,1.843171310,1.841348565
7,1824626,1000573,1000573,980938,1001771,1.860082900,1.821400300
7,1843100,999948,999948,999948,1000989,1.843195846,1.841278975
7,1843697,1000261,1000261,1000208,1001198,1.843313591,1.841490894
7,1844004,1000416,1000416,1000417,1001406,1.843235371,1.841414971
7,1837024,1000312,1000312,981771,1001406,1.871132881,1.834444771
7,1844131,1000521,1000521,1000468,1001406,1.843268350,1.841541792
7,1843803,1000313,1000313,1000312,1001250,1.843227913,1.841501124
7,1843712,1000313,1000313,1000260,1001250,1.843232759,1.841410237
7,1829624,1000677,1000677,985990,1001875,1.855621254,1.826199875
7,1843141,999947,999947,1000000,1001302,1.843141000,1.840744351
7,1843755,1000312,1000312,1000313,1001407,1.843178085,1.841164482
7,1843792,1000312,1000312,1000313,1001407,1.843215074,1.841201430
7,1837966,1000468,1000468,994427,1001666,1.848266389,1.834909042
7,1844131,1000469,1000469,1000469,1001511,1.843266508,1.841348722
7,1843786,1000312,1000312,1000313,1001354,1.843209076,1.841292889
7,1843350,1000052,1000052,1000104,1001146,1.843158312,1.841239939
7,1827333,1000156,1000156,981301,1001302,1.862153407,1.824956906
7,1843507,1000157,1000157,1000104,1001094,1.843315295,1.841492407
7,1843253,1000052,1000052,1000000,1000989,1.843253000,1.841431824
7,1843937,1000417,1000417,1000365,1001407,1.843264209,1.841346226
7,1832634,1000417,1000417,984271,1001511,1.861920142,1.829869068
7,1843439,1000104,1000104,1000104,1001094,1.843247302,1.841424482
7,1843620,1000208,1000208,1000261,1001146,1.843138941,1.841509630
7,1843264,1000052,1000052,1000052,1000938,1.843168155,1.841536639
7,1828817,1000677,1000677,985417,1001875,1.855881317,1.825394386
7,1843439,1000104,1000104,1000104,1001198,1.843247302,1.841233203
7,1843835,1000312,1000312,1000365,1001459,1.843162246,1.841148764
7,1843589,1000208,1000208,1000209,1001198,1.843203770,1.841383023
7,1833863,1000312,1000312,989688,1001667,1.852970835,1.830811038
7,1843908,1000365,1000365,1000417,1001406,1.843139411,1.841319105
7,1843360,1000104,1000104,1000052,1001406,1.843264150,1.840771875
7,1843698,1000261,1000261,1000312,1001302,1.843122946,1.841300627
7,1807690,1000417,1000417,959323,1001875,1.884339268,1.804306925
7,1843242,1000052,1000052,999948,1001146,1.843337854,1.841132063
7,1843840,1000313,1000313,1000364,1001406,1.843169086,1.841251201
7,1844156,1000521,1000521,1000521,1001563,1.843195695,1.841278082
7,1832060,1000677,1000677,975624,1001875,1.877834084,1.828631316
7,1843419,1000156,1000156,1000105,1001250,1.843225461,1.841117603
7,1844142,1000521,1000521,1000521,1001667,1.843181702,1.841072931
7,1843880,1000365,1000365,1000365,1001458,1.843207229,1.841195537
7,1826959,1000208,1000208,981199,1001719,1.861965819,1.823823847
7,1843773,1000312,1000312,1000313,1001511,1.843196080,1.840991262
7,1843436,1000156,1000156,1000104,1001250,1.843244303,1.841134582
7,1843584,1000208,1000208,1000208,1001354,1.843200614,1.841091163
7,1843723,1000209,1000209,1000208,1001458,1.843339585,1.841038765
7,1843502,1000156,1000156,1000156,1001354,1.843214459,1.841009273
7,1843704,1000312,1000312,1000313,1001406,1.843127101,1.841115392
7,1837733,1000313,1000313,990729,1001510,1.854930057,1.834962207
7,1836313,1000416,1000416,991615,1001875,1.851840684,1.832876357
7,1843293,1000052,1000052,1000052,1001146,1.843197154,1.841183004
7,1843391,1000105,1000105,1000104,1001510,1.843199307,1.840611676
7,1835945,1000260,1000260,981302,1001407,1.870927604,1.833365455
7,1843532,1000208,1000208,1000156,1001302,1.843244454,1.841134842
7,1843680,1000261,1000261,1000260,1001406,1.843200768,1.841091425
7,1843712,1000313,1000313,1000260,1001458,1.843232759,1.841027781
7,1835799,1000521,1000521,992552,1001719,1.849574632,1.832648677
7,1834671,1000417,1000417,992761,1001875,1.848049027,1.831237430
7,1843228,1000000,1000000,1000000,1001146,1.843228000,1.841118079
7,1843668,1000261,1000261,1000260,1001406,1.843188771,1.841079442
7,1838153,1000104,1000104,995469,1001354,1.846519580,1.835667506
7,1843309,1000052,1000052,1000000,1001302,1.843309000,1.840912132
7,1843214,1000000,1000000,1000000,1001146,1.843214000,1.841104095
7,1843940,1000416,1000416,1000365,1001510,1.843267207,1.841159849
7,1836725,1000260,1000260,990625,1001459,1.854107256,1.834049122
7,1837658,1000313,1000313,991667,1001875,1.853099881,1.834218840
7,1844074,1000468,1000468,1000469,1001667,1.843209535,1.841005045
7,1843309,1000052,1000052,1000052,1001198,1.843213153,1.841103358
7,1831341,1000364,1000364,975052,1001667,1.878198291,1.828293235
7,1843761,1000312,1000312,1000365,1001771,1.843088273,1.840501472
7,1843919,1000364,1000364,1000365,1001823,1.843246215,1.840563652
7,1844136,1000521,1000521,1000521,1001614,1.843175705,1.841164361
7,1832131,1000156,1000156,983801,1001407,1.862298371,1.829556814
7,1821957,1000261,1000261,987343,1001458,1.845313128,1.819304454
7,1843699,1000260,1000260,1000261,1001354,1.843217920,1.841206007
7,1843687,1000260,1000260,1000261,1001355,1.843205923,1.841192185
7,1836124,1000573,1000573,995572,1001719,1.844290518,1.832973119
7,1843204,1000000,1000000,999948,1001146,1.843299852,1.841094106
7,1843191,1000000,1000000,1000000,1001146,1.843191000,1.841081121
7,1843448,1000104,1000104,1000156,1001250,1.843160467,1.841146567
7,1831876,1000938,1000938,982969,1002187,1.863615231,1.827878430
7,1843283,1000052,1000052,1000052,1001459,1.843187154,1.840597568
7,1843233,1000000,1000000,1000000,1001458,1.843233000,1.840549479
7,1843242,1000000,1000000,1000000,1001146,1.843242000,1.841132063
7,1829633,1000156,1000156,975572,1001354,1.875446405,1.827159027
7,1843135,1000000,1000000,999948,1001094,1.843230848,1.841120814
7,1843143,999948,999948,1000000,1000989,1.843143000,1.841321933
7,1843171,999948,999948,1000000,1001250,1.843171000,1.840869913
7,1829468,1000156,1000156,980001,1001250,1.866802177,1.827184020
7,1843939,1000417,1000417,1000417,1001459,1.843170398,1.841252612
7,1843625,1000208,1000208,1000209,1001250,1.843239763,1.841323346
7,1843184,1000000,1000000,1000000,1000990,1.843184000,1.841361053
7,1837227,1000208,1000208,996562,1001250,1.843565177,1.834933333
7,1843819,1000313,1000313,1000364,1001302,1.843148094,1.841421469
7,1843742,1000260,1000260,1000313,1001407,1.843165089,1.841151500
7,1844137,1000521,1000521,1000520,1001458,1.843178547,1.841452163
7,1831843,1000573,1000573,988282,1001614,1.853563052,1.828891170
7,1843733,1000260,1000260,1000261,1001459,1.843251911,1.841046913
7,1843903,1000365,1000365,1000364,1001407,1.843232064,1.841312274
7,1843968,1000417,1000417,1000468,1001458,1.843105427,1.841283409
7,1838197,1000313,1000313,984166,1001510,1.867771291,1.835425507
7,1843442,1000104,1000104,1000104,1001303,1.843250302,1.841043121
7,1843800,1000313,1000313,1000312,1001719,1.843224914,1.840635947
7,1843716,1000260,1000260,1000261,1001406,1.843234916,1.841127375
7,1828540,1000469,1000469,989165,1001667,1.848569248,1.825496897
7,1843302,1000052,1000052,1000052,1001146,1.843206153,1.841191994
7,1843479,1000156,1000156,1000156,1001250,1.843191462,1.841177528
7,1844117,1000468,1000468,1000469,1001875,1.843252515,1.840665752
7,1832529,1000313,1000313,986875,1001510,1.856900823,1.829766053
7,1843702,1000260,1000260,1000521,1001979,1.842741931,1.840060520
7,1843301,1000052,1000052,1000000,1001198,1.843301000,1.841095368
7,1843476,1000156,1000156,1000156,1001250,1.843188463,1.841174532
7,1825944,1000417,1000417,977812,1001667,1.867377369,1.822905217
7,1843022,999896,999896,999947,1001146,1.843119685,1.840912314
7,1843802,1000312,1000312,1000313,1001354,1.843225071,1.841308868
7,1843273,1000052,1000052,1000000,1001146,1.843273000,1.841163027
7,1837660,1000260,1000260,983386,1001510,1.868706693,1.834889317
7,1843785,1000365,1000365,1000312,1001406,1.843209919,1.841196278
7,1843267,1000000,1000000,1000000,1001198,1.843267000,1.841061408
7,1843762,1000313,1000313,1000312,1001406,1.843186926,1.841173310
7,1828587,1000261,1000261,979896,1001458,1.866103137,1.825924802
7,1843220,1000000,1000000,1000000,1001145,1.843220000,1.841111927
7,1843467,1000104,1000104,1000104,1001250,1.843275299,1.841165543
7,1843300,1000052,1000052,1000052,1001198,1.843204153,1.841094369
7,1835236,1000156,1000156,996041,1001302,1.842530579,1.832849630
7,1844167,1000521,1000521,1000521,1001614,1.843206689,1.841195311
7,1843541,1000208,1000208,1000209,1001302,1.843155780,1.841143831
7,1843385,1000104,1000104,1000052,1001146,1.843289149,1.841274899
7,1817475,1000157,1000157,970989,1001458,1.871777126,1.814828979
7,1843473,1000156,1000156,1000105,1001250,1.843279456,1.841171536
7,1843342,1000052,1000052,1000104,1001250,1.843150312,1.841040699
7,1843927,1000364,1000364,1000365,1001562,1.843254212,1.841051278
7,1837444,1000625,1000625,981719,1001979,1.871659813,1.833814880
7,1843176,1000000,1000000,1000000,1001354,1.843176000,1.840683714
7,1844137,1000521,1000521,1000521,1001666,1.843176705,1.841069778
7,1843237,1000000,1000000,1000052,1001198,1.843141157,1.841031444
7,1824425,1000625,1000625,981250,1002031,1.859286624,1.820727103
7,1844129,1000521,1000521,1000469,1001666,1.843264509,1.841061791
7,1843463,1000156,1000156,1000104,1001250,1.843271300,1.841161548
7,1843937,1000417,1000417,1000416,1001563,1.843170241,1.841059424
7,1838825,1000157,1000157,995729,1001406,1.846712308,1.836243242
7,1844140,1000520,1000520,1000521,1001614,1.843179703,1.841168354
7,1843950,1000365,1000365,1000416,1001511,1.843183236,1.841167995
7,1843896,1000365,1000365,1000365,1001823,1.843223224,1.840540694
7,1827736,1000417,1000417,980103,1001719,1.864840736,1.824599513
7,1843889,1000365,1000365,1000312,1001459,1.843313886,1.841202685
7,1843164,1000000,1000000,1000000,1001094,1.843164000,1.841149782
7,1844161,1000521,1000521,1000521,1001823,1.843200692,1.840805212
7,1792234,1000260,1000260,951823,1001823,1.882948826,1.788972703
7,1843456,1000104,1000104,1000105,1001563,1.843262457,1.840579175
7,1843306,1000104,1000104,1000052,1001197,1.843210153,1.841102201
7,1834076,1000313,1000313,1000625,1001980,1.832930418,1.830451706
7,1814482,1000677,1000677,966823,1002135,1.876746830,1.810616334
7,1843343,1000052,1000052,1000000,1001407,1.843343000,1.840753060
7,1843480,1000156,1000156,1000156,1001614,1.843192462,1.840509418
7,1843463,1000156,1000156,1000156,1001302,1.843175465,1.841065932
7,1837641,1000208,1000208,993385,1001667,1.849877943,1.834582751
7,1843747,1000312,1000312,1000312,1001458,1.843171930,1.841062731
7,1843306,1000052,1000052,1000052,1001250,1.843210153,1.841004744
7,1844245,1000573,1000573,1000521,1001719,1.843284649,1.841080183
7,1828729,1000729,1000729,980209,1002135,1.865652121,1.824832982
7,1843726,1000261,1000261,1000417,1001718,1.842957487,1.840563911
7,1841906,1000156,1000156,1000157,1001302,1.841616866,1.839510957
7,1843621,1000208,1000208,1000209,1001198,1.843235764,1.841414985
7,1838258,1000417,1000417,994219,1001510,1.848946761,1.835486416
7,1843807,1000364,1000364,1000365,1001406,1.843134256,1.841218247
7,1843747,1000312,1000312,1000261,1001250,1.843265908,1.841445194
7,1843158,999948,999948,999948,1000885,1.843253849,1.841528248
7,1831487,1000416,1000416,984688,1001459,1.859966812,1.828818753
7,1843491,1000156,1000156,1000104,1001355,1.843299297,1.840996450
7,1844231,1000573,1000573,1000573,1001511,1.843174861,1.841448571
7,1843630,1000209,1000209,1000208,1001198,1.843246605,1.841423974
7,1838518,1000104,1000104,994948,1001197,1.847853355,1.836319925
7,1844068,1000469,1000469,1000468,1001407,1.843205380,1.841477042
7,1843151,999948,999948,1000052,1001041,1.843055161,1.841234275
7,1843474,1000156,1000156,1000105,1001042,1.843280456,1.841555100
7,1832295,1000521,1000521,987604,1001614,1.855293215,1.829342441
7,1844536,1000730,1000730,1000885,1002135,1.842905029,1.840606306
7,1844094,1000468,1000468,1000469,1001615,1.843229525,1.841120590
7,1843165,1000000,1000000,999948,1000886,1.843260850,1.841533401
7,1834927,1000521,1000521,977292,1001614,1.877562694,1.831970200
7,1843578,1000208,1000208,1000208,1001146,1.843194616,1.841467678
7,1843622,1000208,1000208,1000313,1001406,1.843045127,1.841033507
7,1843829,1000312,1000312,1000312,1001302,1.843253905,1.841431456
7,1813947,1000521,1000521,971354,1001459,1.867441736,1.811304307
7,1843909,1000364,1000364,1000365,1001666,1.843236219,1.840842157
7,1843538,1000209,1000209,1000208,1001303,1.843154624,1.841138996
7,1843644,1000209,1000209,1000208,1001302,1.843260602,1.841246697
7,1835474,1000156,1000156,995989,1001406,1.842865734,1.832896947
7,1843699,1000260,1000260,1000261,1001406,1.843217920,1.841110399
7,1844071,1000469,1000469,1000468,1001771,1.843208378,1.840810924
7,1843824,1000312,1000312,1000313,1001458,1.843247064,1.841139618
7,1820639,1000313,1000313,973436,1001615,1.870322240,1.817703409
7,1843901,1000365,1000365,1000364,1001875,1.843230064,1.840450156
7,1842631,1000052,1000052,1000052,1001146,1.842535188,1.840521762
7,1843700,1000312,1000312,1000261,1001666,1.843218920,1.840633505
7,1835687,1000625,1000625,977499,1001875,1.877942586,1.832251528
7,1843960,1000417,1000417,1000416,1001459,1.843193232,1.841273582
7,1843574,1000208,1000208,1000156,1001406,1.843286447,1.840985574
7,1843362,1000104,1000104,1000052,1001146,1.843266150,1.841251925
7,1817221,1000521,1000521,972135,1001719,1.869309304,1.814102558
7,1842578,1000416,1000416,1000417,1001406,1.841809965,1.839990973
7,1843853,1000365,1000365,1000312,1001250,1.843277897,1.841551061
7,1844078,1000469,1000469,1000469,1001406,1.843213533,1.841488867
7,1838597,1000312,1000312,996147,1001302,1.845708515,1.836206259
7,1844159,1000521,1000521,1000521,1001563,1.843198693,1.841281078
7,1843322,1000105,1000105,1000052,1001041,1.843226152,1.841405097
7,1843781,1000312,1000312,1000313,1001302,1.843204077,1.841383519
7,1833099,1000729,1000729,988490,1001823,1.854443646,1.829763341
7,1844124,1000521,1000521,1000469,1001510,1.843259511,1.841343571
7,1844205,1000573,1000573,1000625,1001615,1.843053092,1.841231411
7,1832823,1000469,1000469,1000625,1001562,1.831678201,1.829964595
7,1837914,1000052,1000052,981198,1001146,1.873132640,1.835810162
7,1842990,1000625,1000625,1000625,1001563,1.841838851,1.840113902
7,1843817,1000313,1000313,1000260,1001197,1.843337732,1.841612590
7,1843315,1000052,1000052,1000052,1001042,1.843219153,1.841396265
7,1831344,1000520,1000520,985626,1001614,1.858051634,1.828392974
7,1843398,1000104,1000104,1000156,1001094,1.843110475,1.841383526
7,1843809,1000364,1000364,1000469,1001458,1.842944659,1.841124640
7,1843737,1000260,1000260,1000364,1001459,1.843066124,1.841050907
7,1839466,1000261,1000261,995573,1001407,1.847645527,1.836881508
7,1843234,1000053,1000053,1000052,1000989,1.843138157,1.841412843
7,1844150,1000521,1000521,1000469,1001511,1.843285499,1.841367693
7,1843419,1000104,1000104,1000104,1001042,1.843227304,1.841500157
7,1831164,1000312,1000312,985886,1001406,1.857379048,1.828592998
7,1843481,1000156,1000156,1000104,1001250,1.843289298,1.841179526
7,1843474,1000156,1000156,1000105,1001042,1.843280456,1.841555100
7,1844020,1000417,1000417,1000625,1001562,1.842868207,1.841144133
7,1835850,1000260,1000260,981823,1001250,1.869838046,1.833558052
7,1844160,1000520,1000520,1000521,1001615,1.843199693,1.841186484
7,1844185,1000521,1000521,1000468,1001407,1.843322325,1.841593877
7,1844068,1000469,1000469,1000416,1001355,1.843301187,1.841572669
7,1830594,1000208,1000208,983906,1001250,1.860537490,1.828308614
7,1844497,1000677,1000677,1000677,1001667,1.843249120,1.841427341
7,1842450,1000521,1000521,1000521,1001875,1.841490583,1.839001871
7,1843535,1000208,1000208,1000157,1001562,1.843245610,1.840659889
7,1834279,1000417,1000417,986094,1001719,1.860146193,1.831131285
7,1843843,1000365,1000365,1000312,1001615,1.843267900,1.840869995
7,1843906,1000364,1000364,1000417,1001823,1.843137412,1.840550676
7,1844013,1000416,1000416,1000417,1001667,1.843244367,1.840944146
7,1826587,1000260,1000260,980835,1001823,1.862277549,1.823263191
7,1841858,1000157,1000157,1000156,1001615,1.841570715,1.838888196
7,1843504,1000208,1000208,1000156,1001563,1.843216458,1.840627100
7,1844050,1000468,1000468,1000417,1001562,1.843281352,1.841174086
7,1830610,1000729,1000729,969531,1002031,1.888139729,1.826899567
7,1843955,1000417,1000417,1000417,1001719,1.843186391,1.840790681
7,1843938,1000365,1000365,1000416,1001562,1.843171241,1.841062261
7,1842835,1000104,1000104,1000156,1001302,1.842547563,1.840438749
7,1824631,1000312,1000312,979687,1001667,1.862463215,1.821594402
7,1844041,1000469,1000469,1000416,1001302,1.843274198,1.841643181
7,1843850,1000365,1000365,1000364,1001250,1.843179083,1.841548065
7,1843011,1000104,1000104,1000104,1000989,1.842819347,1.841190063
7,1835719,1000104,1000104,991093,1001094,1.852216694,1.833712918
7,1843061,1000052,1000052,1000052,1001042,1.842965166,1.841142529
7,1843364,1000209,1000209,1000208,1001094,1.842980660,1.841349564
7,1843818,1000364,1000364,1000313,1001250,1.843241066,1.841516105
7,1832833,1000468,1000468,991928,1001458,1.847748022,1.830164620
7,1843549,1000312,1000312,1000260,1001146,1.843069802,1.841438711
7,1842957,1000000,1000000,1000000,1001094,1.842957000,1.840943008
7,1843621,1000312,1000312,1000313,1001718,1.843044127,1.840459091
7,1836565,1000625,1000625,981719,1002136,1.870764445,1.832650459
7,1843731,1000260,1000260,1000260,1001406,1.843251755,1.841142354
7,1843369,1000104,1000104,1000104,1001198,1.843177310,1.841163286
7,1844029,1000417,1000417,1000469,1001615,1.843164556,1.841055695
7,1803249,1000677,1000677,962553,1002291,1.873402296,1.799127200
7,1843492,1000156,1000156,1000157,1001406,1.843202617,1.840903689
7,1844051,1000469,1000469,1000417,1001718,1.843282351,1.840888354
7,1843542,1000365,1000365,1000365,1001511,1.842869353,1.840760611
7,1836759,1000416,1000416,993178,1001614,1.849375439,1.833799248
7,1843786,1000417,1000417,1000417,1001511,1.843017462,1.841004243
7,1843153,1000104,1000104,1000105,1001198,1.842959489,1.840947545
7,1843763,1000312,1000312,1000313,1001459,1.843186083,1.841076869
7,1794077,1000365,1000365,959583,1001927,1.869642334,1.790626463
7,1844026,1000417,1000417,1000469,1001614,1.843161557,1.841054538
7,1843846,1000312,1000312,1000313,1001771,1.843269057,1.840586322
7,1843371,1000104,1000104,1000052,1001198,1.843275150,1.841165284
7,1835002,1000208,1000208,976614,1001614,1.878942960,1.832045079
7,1843343,1000208,1000208,1000157,1001459,1.843053641,1.840657481
7,1843538,1000312,1000312,1000260,1001302,1.843058805,1.841140835
7,1843372,1000052,1000052,1000105,1001093,1.843178466,1.841359394
7,1827083,1000365,1000365,983699,1001667,1.857359822,1.824042321
7,1843071,1000105,1000105,1000156,1001198,1.842783526,1.840865643
7,1843894,1000469,1000469,1000468,1001510,1.843031461,1.841113918
7,1842903,1000052,1000052,1000052,1001094,1.842807174,1.840889067
7,1831150,1000260,1000260,991459,1001510,1.846924583,1.828389132
7,1843382,1000417,1000417,1000364,1001458,1.842711253,1.840698262
7,1843273,1000157,1000157,1000156,1001354,1.842985494,1.840780583
7,1842631,1000000,1000000,1000000,1001042,1.842631000,1.840712977
7,1821075,1000625,1000625,976355,1001927,1.865177113,1.817572538
7,1843145,1000208,1000208,1000104,1001250,1.842953333,1.840843945
7,1843435,1000156,1000156,1000105,1001198,1.843241460,1.841229207
7,1843793,1000312,1000312,1000313,1001407,1.843216073,1.841202428
7,1832561,1000625,1000625,980832,1001980,1.868373993,1.828939699
7,1843566,1000209,1000209,1000156,1001354,1.843278449,1.841073187
7,1843589,1000208,1000208,1000208,1001406,1.843205613,1.841000553
7,1843093,1000260,1000260,1000208,1001354,1.842709716,1.840600826
7,1825120,1000417,1000417,979062,1001771,1.864151606,1.821893427
7,1843975,1000417,1000417,1000416,1001823,1.843208225,1.840619551
7,1843900,1000417,1000417,1000364,1001562,1.843229065,1.841024320
7,1843562,1000209,1000209,1000208,1001302,1.843178619,1.841164803
7,1835815,1000209,1000209,995626,1001510,1.843880132,1.833047099
7,1843791,1000521,1000521,1000520,1001666,1.842832727,1.840724353
7,1843667,1000364,1000364,1000313,1001511,1.843090113,1.840885422
7,1843057,1000156,1000156,1000157,1001250,1.842767685,1.840756055
7,1805458,1000208,1000208,964792,1001355,1.871344290,1.803014915
7,1842465,1000000,1000000,1000052,1001198,1.842369197,1.840260368
7,1843523,1000312,1000312,1000260,1001406,1.843043809,1.840934646
7,1843253,1000261,1000261,1000208,1001354,1.842869683,1.840760610
7,1780612,1000261,1000261,917657,1001979,1.940389492,1.777095129
7,1843187,999948,999948,1000000,1001146,1.843187000,1.841077126
7,1843614,1000313,1000313,1000312,1001458,1.843038972,1.840929924
7,1843185,999947,999947,1000000,1001146,1.843185000,1.841075128
7,1793966,1000625,1000625,958854,1001823,1.870948028,1.790701551
7,1843258,1000208,1000208,1000261,1001458,1.842777035,1.840574442
7,1843182,1000000,1000000,999948,1001094,1.843277850,1.841167762
7,1843212,1000000,1000000,999948,1001094,1.843307852,1.841197730
7,1834080,1000052,1000052,989636,1001302,1.853287471,1.831695133
7,1843454,1000261,1000261,1000208,1001354,1.843070641,1.840961338
7,1843259,1000312,1000312,1000313,1001459,1.842682240,1.840573603
7,1843416,1000208,1000208,1000208,1001354,1.843032649,1.840923390
7,1828275,1000469,1000469,982395,1001666,1.861038584,1.825234160
7,1844129,1000521,1000521,1000520,1001718,1.843170551,1.840966220
7,1843122,1000052,1000052,1000052,1001198,1.843026163,1.840916582
7,1843718,1000261,1000261,1000313,1001458,1.843141097,1.841033773
7,1835172,1000572,1000572,978906,1001719,1.874717286,1.832022753
7,1843541,1000521,1000521,1000469,1001563,1.842676785,1.840664042
7,1843479,1000261,1000261,1000260,1001302,1.842999820,1.841081911
7,1843747,1000417,1000417,1000364,1001458,1.843076120,1.841062731
7,1826768,1000573,1000573,982239,1001719,1.859799906,1.823633175
7,1843650,1000365,1000365,1000312,1001354,1.843074961,1.841157073
7,1843358,1000417,1000417,1000364,1001406,1.842687262,1.840769878
7,1843242,1000104,1000104,1000156,1001198,1.842954499,1.841036438
7,1838840,1000364,1000364,994845,1001459,1.848368339,1.836161041
7,1843370,1000208,1000208,1000156,1001198,1.843082479,1.841164285
7,1843246,1000365,1000365,1000312,1001458,1.842671087,1.840562460
7,1843430,1000208,1000208,1000260,1001198,1.842950833,1.841224213
7,1828668,1000677,1000677,985470,1001823,1.855630308,1.825340404
7,1843696,1000260,1000260,1000208,1001355,1.843312591,1.841201172
7,1843810,1000312,1000312,1000312,1001406,1.843234911,1.841221243
7,1843230,1000208,1000208,1000208,1001302,1.842846688,1.840833235
7,1835376,1000156,1000156,984323,1001459,1.864607451,1.832702088
7,1843513,1000157,1000157,1000104,1001250,1.843321295,1.841211486
7,1844022,1000469,1000469,1000417,1001614,1.843253363,1.841050544
7,1843791,1000417,1000417,1000417,1001875,1.843022460,1.840340362
7,1820977,1000625,1000625,980521,1002136,1.857152473,1.817095684
7,1843167,999948,999948,999948,1001146,1.843262850,1.841057149
7,1843609,1000365,1000365,1000312,1001458,1.843033973,1.840924931
7,1843351,1000157,1000157,1000156,1001302,1.843063482,1.840954078
7,1835819,1000157,1000157,996614,1001667,1.842056202,1.832763783
7,1843386,1000625,1000625,1000677,1001823,1.842138872,1.840031622
7,1843821,1000313,1000313,1000312,1001458,1.843245907,1.841136623
7,1843809,1000469,1000469,1000417,1001614,1.843040452,1.840837888
7,1826114,1000052,1000052,984168,1001615,1.855490120,1.823169581
7,1843555,1000209,1000209,1000208,1001354,1.843171620,1.841062202
7,1843174,1000312,1000312,1000313,1001458,1.842597267,1.840490565
7,1843933,1000521,1000521,1000521,1001615,1.842972811,1.840959850
7,1833257,1000365,1000365,979011,1001771,1.872560165,1.830016042
7,1842981,1000053,1000053,1000052,1001510,1.842885170,1.840202295
7,1843151,1000104,1000104,1000104,1001198,1.842959332,1.840945547
7,1843027,1000000,1000000,1000000,1001458,1.843027000,1.840343779
7,1827066,1000260,1000260,981719,1001771,1.861088560,1.823835986
7,1843395,1000208,1000208,1000209,1001302,1.843009811,1.840998021
7,1843677,1000260,1000260,1000261,1001354,1.843195926,1.841184037
7,1844055,1000417,1000417,1000468,1001615,1.843192386,1.841081653
7,1834680,1000365,1000365,988230,1001875,1.856531374,1.831246413
7,1843528,1000260,1000260,1000261,1001406,1.843046965,1.840939639
7,1844098,1000469,1000469,1000521,1001667,1.843137725,1.841029005
7,1844129,1000521,1000521,1000469,1001614,1.843264509,1.841157372
7,1828247,1000052,1000052,982084,1001615,1.861599415,1.825299142
7,1843768,1000312,1000312,1000313,1001719,1.843191081,1.840604002
7,1843746,1000365,1000365,1000417,1001562,1.842977478,1.840870560
7,1843945,1000416,1000416,1000417,1001511,1.843176395,1.841163003
7,1835043,1000156,1000156,982552,1001354,1.867629398,1.832561711
7,1843292,1000000,1000000,1000052,1001198,1.843196154,1.841086379
7,1842834,1000104,1000104,1000104,1001354,1.842642365,1.840342177
7,1843873,1000365,1000365,1000364,1001510,1.843202074,1.841092950
7,1819128,1000416,1000416,983334,1001719,1.849959424,1.816006285
7,1839867,1000260,1000260,1000521,1001875,1.838908928,1.836423706
7,1843132,999947,999947,999948,1001094,1.843227848,1.841117817
7,1843489,1000521,1000521,1000625,1001823,1.842337539,1.840134435
7,1837104,1000156,1000156,995885,1001406,1.844694920,1.834524658
7,1842659,1000000,1000000,1000000,1001198,1.842659000,1.840454136
7,1843477,1000469,1000469,1000469,1001562,1.842612815,1.840601980
7,1843092,1000260,1000260,1000261,1001354,1.842611079,1.840599828
7,1821483,1000260,1000260,972344,1001510,1.873290728,1.818736708
7,1843534,1000365,1000365,1000573,1001823,1.842478260,1.840179353
7,1843985,1000417,1000417,1000573,1001770,1.842929002,1.840726913
7,1843549,1000417,1000417,1000573,1001667,1.842493251,1.840480918
7,1835821,1000364,1000364,981093,1001719,1.871199774,1.832670639
7,1841395,1000000,1000000,999948,1001354,1.841490758,1.838905122
7,1843310,1000052,1000052,1000052,1001198,1.843214153,1.841104357
7,1843379,1000209,1000209,1000156,1001562,1.843091478,1.840504133
7,1828209,1000208,1000208,978958,1001511,1.867505041,1.825450744
7,1843510,1000157,1000157,1000208,1001094,1.843126630,1.841495404
7,1843159,1000208,1000208,1000468,1001510,1.842296805,1.840380026
7,1850021,1006875,1006875,1002448,1007813,1.845503208,1.835678841
7,1843751,1000469,1000469,1000625,1001614,1.842599375,1.840779981
7,1843981,1000417,1000417,1000573,1001562,1.842925004,1.841105194
7,1843624,1000208,1000208,1000261,1001198,1.843142940,1.841417981
7,1836969,1000416,1000416,989323,1001459,1.856793989,1.834292767
7,1835831,1000365,1000365,990416,1001302,1.853595863,1.833443856
7,1844290,1000573,1000573,1000625,1001614,1.843138039,1.841318113
7,1844053,1000468,1000468,1000469,1001406,1.843188545,1.841463902
7,1832980,1000468,1000468,985782,1001511,1.859417194,1.830214546
7,1844207,1000573,1000573,1000885,1001927,1.842576320,1.840660048
7,1843594,1000209,1000209,1000312,1001302,1.843018978,1.841196762
7,1844009,1000625,1000625,1000729,1001771,1.842665697,1.840749033
7,1836236,1000313,1000313,990260,1001354,1.854296851,1.833753098
7,1835874,1000156,1000156,993958,1001146,1.847033778,1.833772497
7,1842814,1000000,1000000,1000052,1000937,1.842718179,1.841088900
7,1843000,999948,999948,1000000,1001042,1.843000000,1.841081593
7,1838070,1000052,1000052,995573,1001042,1.846243319,1.836156725
7,1844039,1000417,1000417,1000416,1001510,1.843272199,1.841258699
7,1843147,1000000,1000000,999896,1000937,1.843338707,1.841421588
7,1843107,1000156,1000156,1000104,1001042,1.842915337,1.841188482
7,1836503,1000208,1000208,990728,1001197,1.853690418,1.834307334
7,1833506,1000417,1000417,987865,1001459,1.856028911,1.830834812
7,1843577,1000417,1000417,1000364,1001302,1.842906182,1.841179784
7,1843388,1000104,1000104,1000104,1001041,1.843196308,1.841471029
7,1837372,1000364,1000364,981146,1001458,1.872679499,1.834697012
7,1843972,1000625,1000625,1000625,1001614,1.842820237,1.841000625
7,1843194,1000052,1000052,1000052,1001094,1.843098159,1.841179749
7,1843279,1000260,1000260,1000260,1001198,1.842799872,1.841073394
7,1838592,1000416,1000416,991928,1001511,1.853553887,1.835818079
7,1838101,1000469,1000469,995208,1001458,1.846951592,1.835424950
7,1843653,1000260,1000260,1000208,1001146,1.843269600,1.841542592
7,1843047,1000053,1000053,999948,1001250,1.843142843,1.840746067
7,1826288,1000260,1000260,992968,1001250,1.839221405,1.824007990
7,1841586,1000625,1000625,1000677,1001614,1.840340090,1.838618470
7,1842636,1000052,1000052,1000052,1001042,1.842540188,1.840717972
7,1843663,1000208,1000208,1000260,1001146,1.843183772,1.841552581
7,1846975,1007604,1007604,993178,1008594,1.859661612,1.831237346
7,1844453,1000677,1000677,1000729,1001667,1.843109373,1.841383414
7,1843476,1000157,1000157,1000156,1001198,1.843188463,1.841270158
7,1843751,1000313,1000313,1000312,1001354,1.843175929,1.841257937
7,1830900,1000365,1000365,969687,1001510,1.888135037,1.828139509
7,1844201,1000520,1000520,1000625,1001719,1.843049094,1.841036259
7,1844449,1000677,1000677,1000729,1001771,1.843105376,1.841188256
7,1843251,1000052,1000052,1000052,1001094,1.843155156,1.841236687
7,1831118,1000312,1000312,985261,1001354,1.858510588,1.828642019
7,1844003,1000469,1000469,1000417,1001511,1.843234371,1.841220915
7,1843882,1000365,1000365,1000417,1001302,1.843113422,1.841484387
7,1843142,999948,999948,1000000,1000886,1.843142000,1.841510422
7,1838489,1000208,1000208,994427,1001197,1.848792320,1.836290960
7,1844079,1000469,1000469,1000520,1001510,1.843120577,1.841298639
7,1842957,1000313,1000313,1000312,1001354,1.842382177,1.840465010
7,1843183,1000000,1000000,1000000,1000885,1.843183000,1.841553225
7,1830702,1000469,1000469,986719,1001511,1.855342808,1.827939983
7,1841717,1000104,1000104,1000104,1001145,1.841525481,1.839610646
7,1843720,1000260,1000260,1000313,1001302,1.843143096,1.841322598
7,1843209,1000104,1000104,1000209,1001146,1.842823850,1.841099100
7,1837200,1000469,1000469,982501,1001458,1.869921761,1.834525262
7,1843901,1000469,1000469,1000417,1001511,1.843132414,1.841119069
7,1843386,1000313,1000313,1000260,1001250,1.842906844,1.841084644
7,1843644,1000260,1000260,1000208,1001250,1.843260602,1.841342322
7,1832966,1000521,1000521,987657,1001615,1.855873041,1.830010533
7,1843001,999895,999895,999896,1000937,1.843192692,1.841275725
7,1844201,1000573,1000573,1000469,1001407,1.843336475,1.841609855
7,1843943,1000417,1000417,1000416,1001355,1.843176239,1.841447838
7,1839066,1000104,1000104,995624,1001094,1.847149125,1.837056260
7,1843549,1000208,1000208,1000157,1001146,1.843259608,1.841438711
7,1843189,999948,999948,999948,1000885,1.843284851,1.841559220
7,1843968,1000468,1000468,1000417,1001302,1.843199386,1.841570276
7,1834165,1000312,1000312,989375,1001406,1.853862287,1.831589785
7,1843379,1000104,1000104,1000104,1001042,1.843187309,1.841460198
7,1843536,1000208,1000208,1000157,1001146,1.843246610,1.841425726
7,1843434,1000105,1000105,1000104,1001094,1.843242303,1.841419487
7,1834241,1000625,1000625,979166,1001667,1.873268680,1.831188409
7,1843936,1000416,1000416,1000365,1001458,1.843263209,1.841251455
7,1843902,1000416,1000416,1000365,1001354,1.843229221,1.841408733
7,1844110,1000521,1000521,1000469,1001458,1.843245518,1.841425202
7,1826879,1000312,1000312,983178,1001302,1.858136573,1.824503496
7,1844339,1000625,1000625,1000625,1001771,1.843187008,1.841078450
7,1843818,1000365,1000365,1000312,1001406,1.843242908,1.841229232
7,1843890,1000365,1000365,1000364,1001406,1.843219068,1.841301131
7,1834320,1000208,1000208,988490,1001354,1.855678864,1.831839689
7,1843619,1000209,1000209,1000208,1001511,1.843235607,1.840837495
7,1843309,1000053,1000053,1000052,1001041,1.843213153,1.841392111
7,1843660,1000260,1000260,1000208,1001302,1.843276598,1.841262676
7,1828201,1000208,1000208,984843,1001510,1.856337508,1.825444579
7,1844149,1000521,1000521,1000469,1001770,1.843284500,1.840890624
7,1843639,1000261,1000261,1000208,1001459,1.843255603,1.840953050
7,1843486,1000156,1000156,1000156,1001198,1.843198461,1.841280146
7,1834023,1000156,1000156,973177,1001407,1.884572899,1.831446155
7,1843381,1000104,1000104,1000052,1001407,1.843285149,1.840791007
7,1843920,1000417,1000417,1000417,1001770,1.843151406,1.840662028
7,1843404,1000105,1000105,1000156,1001197,1.843116474,1.841200084
7,1826948,1000209,1000209,977656,1001407,1.868702284,1.824381096
7,1843757,1000312,1000312,1000313,1001718,1.843180085,1.840594858
7,1843823,1000313,1000313,1000312,1001459,1.843247907,1.841136781
7,1843795,1000312,1000312,1000313,1001458,1.843218073,1.841110661
7,1838663,1000573,1000573,995938,1001771,1.846162110,1.835412484
7,1843199,1000000,1000000,1000000,1001094,1.843199000,1.841184744
7,1843950,1000416,1000416,1000417,1001510,1.843181393,1.841169834
7,1844002,1000417,1000417,1000416,1001562,1.843235214,1.841126161
7,1828036,1000625,1000625,983645,1001979,1.858430633,1.824425462
7,1843641,1000208,1000208,1000261,1001458,1.843159935,1.840956885
7,1844044,1000469,1000469,1000468,1001615,1.843181391,1.841070671
7,1843276,1000053,1000053,1000052,1001146,1.843180155,1.841166024
7,1835236,1000261,1000261,983125,1001511,1.866737190,1.832467142
7,1843323,1000052,1000052,1000052,1001250,1.843227152,1.841021723
7,1843598,1000208,1000208,1000261,1001614,1.843116946,1.840627228
7,1844147,1000521,1000521,1000521,1001667,1.843186700,1.841077923
7,1827007,1000625,1000625,985261,1001927,1.854338089,1.823493129
7,1843398,1000104,1000104,1000052,1001563,1.843302148,1.840521265
7,1843215,1000000,1000000,999948,1001145,1.843310852,1.841106933
7,1843875,1000365,1000365,1000365,1001511,1.843202231,1.841093108
7,1837978,1000468,1000468,993385,1001666,1.850217187,1.834921022
7,1843591,1000208,1000208,1000208,1001302,1.843207613,1.841193766
7,1844054,1000468,1000468,1000469,1001562,1.843189544,1.841178080
7,1844002,1000469,1000469,1000468,1001615,1.843139411,1.841028739
7,1815248,1000417,1000417,979532,1001615,1.853178865,1.812321101
7,1843690,1000261,1000261,1000260,1001615,1.843210765,1.840717242
7,1843617,1000260,1000260,1000209,1001354,1.843231765,1.841124118
7,1843822,1000364,1000364,1000313,1001614,1.843245064,1.840850867
7,1836858,1000521,1000521,984166,1001667,1.866410748,1.833801054
7,1843557,1000156,1000156,1000209,1001250,1.843171777,1.841255431
7,1843805,1000312,1000312,1000313,1001407,1.843228070,1.841214411
7,1843659,1000260,1000260,1000209,1001302,1.843273756,1.841261677
7,1828033,1000365,1000365,984948,1001615,1.855969046,1.825085487
7,1843959,1000416,1000416,1000365,1001354,1.843286201,1.841465656
7,1843706,1000260,1000260,1000261,1001250,1.843224918,1.841404245
7,1843327,1000104,1000104,1000052,1001094,1.843231152,1.841312604
7,1837976,1000469,1000469,993645,1001563,1.849731041,1.835107727
7,1843422,1000104,1000104,1000157,1001042,1.843132628,1.841503154
7,1843292,1000052,1000052,1000104,1000990,1.843100318,1.841468946
7,1843470,1000104,1000104,1000157,1001042,1.843180621,1.841551104
7,1828742,1000417,1000417,983282,1001667,1.859834717,1.825698560
7,1840886,998698,998698,998698,1001458,1.843285958,1.838205896
7,1843283,1000052,1000052,1000052,1001094,1.843187154,1.841268652
7,1844015,1000468,1000468,1000417,1001458,1.843246366,1.841330340
7,1835593,1000573,1000573,980938,1001927,1.871263016,1.832062615
7,1843340,1000105,1000105,1000052,1001615,1.843244151,1.840367806
7,1843846,1000364,1000364,1000312,1001510,1.843270899,1.841065990
7,1843839,1000313,1000313,1000364,1001458,1.843168087,1.841154597
7,1825033,1000572,1000572,981980,1002136,1.858523595,1.821143038
7,1843165,999948,999948,999948,1001146,1.843260850,1.841055151
7,1843791,1000312,1000312,1000312,1001406,1.843215917,1.841202270
7,1844090,1000521,1000521,1000469,1001615,1.843225527,1.841116597
7,1836789,1000573,1000573,996198,1001822,1.843799124,1.833448457
7,1843856,1000364,1000364,1000313,1001458,1.843279054,1.841171572
7,1844075,1000469,1000469,1000469,1001562,1.843210534,1.841199047
7,1843439,1000105,1000105,1000156,1001511,1.843151468,1.840657766
7,1826567,1000260,1000260,981147,1001666,1.861664970,1.823529001
7,1843889,1000365,1000365,1000416,1001510,1.843122261,1.841108926
7,1843343,1000052,1000052,1000104,1001250,1.843151312,1.841041698
7,1843676,1000261,1000261,1000260,1001302,1.843196769,1.841278655
7,1836363,1000364,1000364,981407,1001563,1.871153354,1.833497244
7,1843887,1000365,1000365,1000364,1001510,1.843216069,1.841106929
7,1843417,1000156,1000156,1000104,1001302,1.843225305,1.841019992
7,1843347,1000052,1000052,1000104,1001250,1.843155312,1.841045693
7,1827247,1000157,1000157,981979,1001615,1.860780119,1.824300754
7,1843354,1000104,1000104,1000104,1001406,1.843162311,1.840765883
7,1843823,1000365,1000365,1000364,1001719,1.843152093,1.840658907
7,1843470,1000104,1000104,1000104,1001303,1.843278299,1.841071084
7,1837930,1000572,1000572,996250,1001823,1.844848181,1.834585551
7,1843914,1000416,1000416,1000365,1001459,1.843241217,1.841227649
7,1843676,1000260,1000260,1000209,1001302,1.843290752,1.841278655
7,1843599,1000208,1000208,1000209,1001250,1.843213768,1.841297378
7,1825508,1000260,1000260,984427,1001510,1.854386359,1.822755639
7,1843536,1000156,1000156,1000156,1001146,1.843248453,1.841425726
7,1843328,1000052,1000052,1000053,1001041,1.843230309,1.841411091
7,1843672,1000261,1000261,1000260,1001250,1.843192770,1.841370287
7,1835374,1000521,1000521,983177,1001823,1.866778820,1.832034202
7,1843612,1000261,1000261,1000208,1001198,1.843228608,1.841405996
7,1843519,1000156,1000156,1000208,1001198,1.843135628,1.841313107
7,1843704,1000260,1000260,1000261,1001250,1.843222919,1.841402247
7,1829007,1000364,1000364,979583,1001614,1.867128156,1.826059740
7,1843471,1000157,1000157,1000156,1001302,1.843183463,1.841073922
7,1843826,1000365,1000365,1000364,1001302,1.843155092,1.841428460
7,1843206,1000000,1000000,1000000,1000938,1.843206000,1.841478693
7,1838188,1000105,1000105,997500,1001094,1.842794987,1.836179220
7,1843809,1000313,1000313,1000312,1001406,1.843233911,1.841220244
7,1844028,1000469,1000469,1000416,1001459,1.843261203,1.841341483
7,1843680,1000261,1000261,1000260,1001198,1.843200768,1.841473914
7,1821344,1000677,1000677,975938,1001927,1.866249700,1.817841020
7,1843260,1000052,1000052,1000000,1001094,1.843260000,1.841245677
7,1843397,1000104,1000104,1000104,1001198,1.843205307,1.841191253
7,1843932,1000416,1000416,1000365,1001459,1.843259210,1.841245623
7,1836887,1000364,1000364,983855,1001614,1.867030203,1.833927042
7,1844090,1000469,1000469,1000469,1001511,1.843225527,1.841307784
7,1843801,1000364,1000364,1000313,1001406,1.843224071,1.841212256
7,1843457,1000156,1000156,1000104,1001145,1.843265300,1.841348656
7,1827895,1000469,1000469,981562,1001615,1.862230812,1.824947709
7,1843313,1000052,1000052,1000052,1001094,1.843217153,1.841298619
7,1843230,1000052,1000052,1000000,1001094,1.843230000,1.841215710
7,1844088,1000469,1000469,1000469,1001510,1.843223528,1.841307625
7,1837436,1000209,1000209,996563,1001302,1.843773048,1.835046769
7,1843482,1000156,1000156,1000156,1001198,1.843194462,1.841276151
7,1844024,1000469,1000469,1000417,1001511,1.843255363,1.841241884
7,1843197,1000000,1000000,1000000,1001042,1.843197000,1.841278388
7,1828862,1000365,1000365,986145,1001667,1.854556886,1.825818361
7,1843269,1000052,1000052,1000000,1001042,1.843269000,1.841350313
7,1843148,1000000,1000000,999948,1001250,1.843243849,1.840846941
7,1843476,1000156,1000156,1000104,1001198,1.843284298,1.841270158
7,1835063,1000104,1000104,984322,1001302,1.864291360,1.832676855
7,1843889,1000365,1000365,1000365,1001459,1.843216226,1.841202685
7,1843451,1000156,1000156,1000157,1001250,1.843161624,1.841149563
7,1843677,1000260,1000260,1000261,1001355,1.843195926,1.841182198
7,1829278,1000260,1000260,984271,1001770,1.858510512,1.826045899
7,1843126,1000000,1000000,999896,1001146,1.843317705,1.841016195
7,1843300,1000052,1000052,1000052,1001198,1.843204153,1.841094369
7,1843773,1000312,1000312,1000260,1001406,1.843293744,1.841184295
7,1837703,1000365,1000365,992031,1001614,1.852465296,1.834741727
7,1843798,1000312,1000312,1000313,1001771,1.843221072,1.840538406
7,1843173,999947,999947,999948,1001094,1.843268850,1.841158772
7,1843235,1000000,1000000,1000000,1001146,1.843235000,1.841125071
7,1828833,1000677,1000677,983855,1002239,1.858844037,1.824747391
7,1843928,1000417,1000417,1000364,1001562,1.843257054,1.841052276
7,1844366,1000625,1000625,1000729,1001927,1.843022437,1.840818742
7,1843436,1000105,1000105,1000260,1001562,1.842956831,1.840561044
7,1833748,998750,998750,976250,1001667,1.878359027,1.830696229
7,1843929,1000416,1000416,1000417,1001511,1.843160402,1.841147027
7,1843142,999948,999948,999948,1001093,1.843237848,1.841129645
7,1843884,1000364,1000364,1000365,1001615,1.843211228,1.840910929
7,1778750,1000573,1000573,947708,1001771,1.876896681,1.775605403
7,1836217,1000312,1000312,1000521,1002032,1.835260829,1.832493373
7,1839229,1000312,1000312,1000208,1001406,1.838846520,1.836646675
7,1843641,1000260,1000260,1000312,1001562,1.843065963,1.840765724
7,1834638,1000000,1000000,991563,1001406,1.850248547,1.832062121
7,1841818,1000156,1000156,1000156,1001198,1.841530721,1.839614142
7,1844148,1000521,1000521,1000469,1001771,1.843283500,1.840887788
7,1843266,1000000,1000000,1000052,1001146,1.843170155,1.841156035
7,1831137,1000208,1000208,986356,1001407,1.856466631,1.828564210
7,1843875,1000365,1000365,1000364,1001510,1.843204074,1.841094947
7,1844328,1000625,1000625,1000677,1001615,1.843080235,1.841354213
7,1836416,999948,999948,998020,1001094,1.840059317,1.834409156
7,1838718,1000417,1000417,984531,1001615,1.867608029,1.835753258
7,1844278,1000573,1000573,1000625,1001719,1.843126046,1.841113127
7,1843876,1000364,1000364,1000417,1001302,1.843107424,1.841478395
7,1843344,1000104,1000104,1000052,1001094,1.843248151,1.841329585
7,1825327,1000365,1000365,977759,1001458,1.866847557,1.822669548
7,1843257,1000000,1000000,1000000,1000886,1.843257000,1.841625320
7,1844208,1000573,1000573,1000573,1001458,1.843151874,1.841523059
7,1843312,1000052,1000052,1000052,1000989,1.843216153,1.841490766
7,1838638,1000572,1000572,997812,1001563,1.842669761,1.835768694
7,1843319,1000000,1000000,1000000,1000885,1.843319000,1.841689105
7,1843692,1000261,1000261,1000260,1001250,1.843212765,1.841390262
7,1843992,1000417,1000417,1000417,1001302,1.843223376,1.841594244
7,1833794,1000469,1000469,986616,1001510,1.858670445,1.831029146
7,1843533,1000156,1000156,1000157,1001146,1.843243611,1.841422730
7,1843931,1000365,1000365,1000521,1001511,1.842970812,1.841149024
7,1843368,1000104,1000104,1000104,1000990,1.843176310,1.841544871
7,1834136,1000260,1000260,975781,1001302,1.879659473,1.831751060
7,1844144,1000521,1000521,1000521,1001406,1.843183701,1.841554774
7,1844023,1000469,1000469,1000521,1001510,1.843062764,1.841242723
7,1843713,1000261,1000261,1000365,1001354,1.843040290,1.841219988
7,1822156,1000365,1000365,989531,1001511,1.841433972,1.819406876
7,1843940,1000312,1000312,1000365,1001354,1.843267207,1.841446681
7,1843855,1000364,1000364,1000365,1001302,1.843182238,1.841457422
7,1843993,1000417,1000417,1000417,1001354,1.843224375,1.841499610
7,1839367,1000521,1000521,997187,1001510,1.844555735,1.836593743
7,1843405,1000105,1000105,1000000,1001146,1.843405000,1.841294876
7,1844203,1000521,1000521,1000521,1001510,1.843242671,1.841422452
7,1843608,1000209,1000209,1000312,1001302,1.843032974,1.841210744
7,1831095,1000677,1000677,983281,1001875,1.862229617,1.827668122
7,1844039,1000468,1000468,1000573,1001667,1.842982971,1.840970103
7,1843727,1000260,1000260,1000261,1001302,1.843245913,1.841329589
7,1843112,999948,999948,999948,1000937,1.843207847,1.841386621
7,1835651,1000208,1000208,975260,1001302,1.882217050,1.833264090
7,1844053,1000417,1000417,1000469,1001406,1.843188545,1.841463902
7,1843923,1000364,1000364,1000365,1001354,1.843250214,1.841429704
7,1843316,1000052,1000052,1000104,1001042,1.843124315,1.841397264
7,1826524,1000417,1000417,976876,1001666,1.869760338,1.823486072
7,1843800,1000312,1000312,1000313,1001355,1.843223071,1.841305032
7,1844208,1000521,1000521,1000573,1001667,1.843151874,1.841138822
7,1842938,1000209,1000209,1000208,1001146,1.842554749,1.840828411
7,1838968,1000416,1000416,995364,1001459,1.847533164,1.836288855
7,1843826,1000365,1000365,1000364,1001354,1.843155092,1.841332835
7,1843330,1000365,1000365,1000364,1001406,1.842659272,1.840741917
7,1843201,1000000,1000000,1000052,1000937,1.843105159,1.841475537
7,1787271,1000312,1000312,953022,1001354,1.875372237,1.784854307
7,1843537,1000208,1000208,1000156,1001510,1.843249453,1.840757456
7,1843423,1000261,1000261,1000208,1001302,1.843039648,1.841025984
7,1843683,1000313,1000313,1000365,1001458,1.843010301,1.840998824
7,1836919,1000312,1000312,981771,1001771,1.871025932,1.833671568
7,1841652,1000157,1000157,1000104,1001302,1.841460488,1.839257287
7,1843812,1000312,1000312,1000313,1001406,1.843235067,1.841223240
7,1843677,1000260,1000260,1000261,1001563,1.843195926,1.840799830
7,1821265,1000208,1000208,974219,1001406,1.869461589,1.818707897
7,1843440,1000156,1000156,1000156,1001458,1.843152468,1.840756177
7,1844168,1000521,1000521,1000521,1001615,1.843207689,1.841194471
7,1843860,1000365,1000365,1000365,1001510,1.843187237,1.841079969
7,1837231,1000677,1000677,991303,1001979,1.853349581,1.833602301
7,1843532,1000156,1000156,1000156,1001459,1.843244454,1.840846205
7,1843139,1000052,1000052,1000052,1001198,1.843043162,1.840933562
7,1843543,1000208,1000208,1000208,1001250,1.843159623,1.841241448
7,1824164,1000156,1000156,978959,1001355,1.863371193,1.821695602
7,1843479,1000105,1000105,1000156,1001458,1.843191462,1.840795121
7,1842963,999947,999947,999948,1001042,1.843058839,1.841044631
7,1843515,1000156,1000156,1000156,1001250,1.843227457,1.841213483
7,1836116,1000677,1000677,980521,1001980,1.872592224,1.832487674
7,1843593,1000209,1000209,1000208,1001302,1.843209612,1.841195763
7,1843557,1000312,1000312,1000313,1001250,1.842980147,1.841255431
7,1843491,1000156,1000156,1000157,1001146,1.843201617,1.841380778
7,1809912,1000312,1000312,964324,1001563,1.876871259,1.807087522
7,1843966,1000417,1000417,1000416,1001354,1.843199229,1.841472646
7,1843356,1000260,1000260,1000313,1001198,1.842779210,1.841150302
7,1843502,1000364,1000364,1000313,1001354,1.842925164,1.841009273
7,1838599,1000208,1000208,996198,1001250,1.845616032,1.836303620
7,1843648,1000260,1000260,1000261,1001302,1.843166933,1.841250692
7,1843794,1000416,1000416,1000417,1001354,1.843025458,1.841300879
7,1843500,1000157,1000157,1000156,1001146,1.843212459,1.841389767
7,1834794,1000625,1000625,988438,1001614,1.856256032,1.831837414
7,1842962,1000104,1000104,1000104,1000990,1.842770352,1.841139272
7,1843465,1000260,1000260,1000208,1001093,1.843081639,1.841452293
7,1843291,1000156,1000156,1000104,1001094,1.843099318,1.841276643
7,1822903,994583,994583,976614,1001666,1.866554237,1.819871095
7,1843591,1000313,1000313,1000260,1001302,1.843111791,1.841193766
7,1843099,1000156,1000156,1000104,1001041,1.842907338,1.841182329
7,1843777,1000312,1000312,1000313,1001198,1.843200078,1.841570798
7,1829893,1000209,1000209,985780,1001250,1.856289436,1.827608489
7,1843570,1000209,1000209,1000208,1001198,1.843186617,1.841364046
7,1843624,1000208,1000208,1000208,1001197,1.843240606,1.841419820
7,1843428,1000260,1000260,1000209,1001146,1.843042804,1.841317850
7,1835441,1000469,1000469,991458,1001614,1.851254415,1.832483372
7,1843998,1000417,1000417,1000469,1001407,1.843133570,1.841407140
7,1843569,1000313,1000313,1000312,1001302,1.842993986,1.841171794
7,1843390,1000104,1000104,1000104,1000989,1.843198307,1.841568689
7,1826111,1000365,1000365,983907,1001562,1.855979274,1.823263063
7,1843670,1000260,1000260,1000260,1001250,1.843190770,1.841368290
7,1843137,1000000,1000000,999947,1001094,1.843234691,1.841122812
7,1842988,999948,999948,1000000,1001042,1.842988000,1.841069605
7,1833433,1000625,1000625,975676,1001980,1.879141231,1.829809976
7,1843460,1000156,1000156,1000156,1001302,1.843172465,1.841062936
7,1843427,1000261,1000261,1000208,1001250,1.843043647,1.841125593
7,1843894,1000364,1000364,1000365,1001459,1.843221224,1.841207678
7,1824794,1000208,1000208,980260,1001459,1.861540816,1.822135504
7,1843390,1000104,1000104,1000052,1001146,1.843294149,1.841279893
7,1843944,1000417,1000417,1000416,1001355,1.843177238,1.841448837
7,1843042,1000000,1000000,1000052,1001042,1.842946167,1.841123549
7,1835751,1000052,1000052,992864,1001145,1.848945072,1.833651469
7,1842845,1000261,1000261,1000260,1001250,1.842365985,1.840544320
7,1843339,1000104,1000104,1000052,1001094,1.843243151,1.841324591
7,1843148,999948,999948,999948,1000989,1.843243849,1.841326928
7,1832771,1000417,1000417,988280,1001667,1.854505808,1.829720855
7,1843795,1000312,1000312,1000313,1001354,1.843218073,1.841301877
7,1843143,999948,999948,999948,1001042,1.843238848,1.841224444
7,1844182,1000573,1000573,1000521,1001563,1.843221682,1.841304042
7,1838975,1000625,1000625,985364,1002031,1.866290021,1.835247612
7,1844033,1000469,1000469,1000416,1001563,1.843266201,1.841155274
7,1843739,1000260,1000260,1000313,1001458,1.843162090,1.841054742
7,1843907,1000364,1000364,1000365,1001510,1.843234220,1.841126898
7,1828417,1000677,1000677,981876,1002188,1.862166913,1.824425158
7,1843092,999948,999948,999896,1001146,1.843283702,1.840982234
7,1843365,1000104,1000104,1000105,1001198,1.843171467,1.841159291
7,1843326,1000052,1000052,1000104,1001250,1.843134314,1.841024719
7,1836529,1000208,1000208,995729,1001354,1.844406460,1.834045702
7,1843744,1000260,1000260,1000312,1001458,1.843168931,1.841059735
7,1843544,1000208,1000208,1000156,1001615,1.843256452,1.840571477
7,1843679,1000260,1000260,1000209,1001354,1.843293752,1.841186034
7,1828836,1000312,1000312,983022,1001667,1.860422249,1.825792404
7,1843786,1000364,1000364,1000313,1001458,1.843209076,1.841101674
7,1843187,1000000,1000000,1000000,1001406,1.843187000,1.840599118
7,1843834,1000313,1000313,1000312,1001458,1.843258903,1.841149604
7,1834492,1000313,1000313,978072,1001823,1.875620609,1.831153807
7,1843448,1000157,1000157,1000104,1001250,1.843256301,1.841146567
7,1843414,1000105,1000105,1000104,1001250,1.843222305,1.841112609
7,1860568,1014479,1014479,997083,1015625,1.866011155,1.831943877
7,1833512,1000312,1000312,991042,1001666,1.850085062,1.830462450
7,1843795,1000313,1000313,1000312,1001406,1.843219915,1.841206264
7,1843367,1000052,1000052,1000104,1001250,1.843175310,1.841065668
7,1835088,1000313,1000313,985991,1001406,1.861161005,1.832511489
7,1844215,1000573,1000573,1000573,1001562,1.843158870,1.841338829
7,1843506,1000156,1000156,1000208,1001407,1.843122630,1.840915831
7,1843276,1000052,1000052,1000052,1001094,1.843180155,1.841261660
7,1837948,1000625,1000625,992968,1001771,1.850963979,1.834698749
7,1835785,1000208,1000208,991823,1001562,1.850919973,1.832921976
7,1844069,1000469,1000469,1000417,1001510,1.843300344,1.841288654
7,1843887,1000364,1000364,1000365,1001406,1.843214227,1.841298135
7,1837646,1001354,1001354,985938,1002448,1.863855537,1.833158428
7,1841088,998854,998854,998855,1001146,1.843198462,1.838980528
7,1843830,1000365,1000365,1000313,1001562,1.843253062,1.840954429
7,1844103,1000521,1000521,1000469,1001562,1.843238521,1.841227003
7,1834766,1000052,1000052,991562,1001198,1.850379502,1.832570580
7,1836905,1000364,1000364,993386,1001667,1.849135180,1.833847975
7,1843904,1000364,1000364,1000365,1001406,1.843231221,1.841315111
7,1843150,1000000,1000000,999948,1000989,1.843245849,1.841328926
7,1838047,1000312,1000312,997083,1001406,1.843424269,1.835466334
7,1843422,1000104,1000104,1000104,1001094,1.843230304,1.841407500
7,1843207,1000000,1000000,1000000,1001146,1.843207000,1.841097103
7,1843568,1000209,1000209,1000156,1001198,1.843280448,1.841362048
7,1835853,1000365,1000365,992500,1001459,1.849725945,1.833178393
7,1837683,1000573,1000573,993854,1001875,1.849047244,1.834243793
7,1843788,1000313,1000313,1000312,1001355,1.843212918,1.841293048
7,1843756,1000313,1000313,1000260,1001354,1.843276748,1.841262930
7,1835083,1000313,1000313,980105,1001562,1.872333066,1.832221071
7,1844030,1000469,1000469,1000417,1001615,1.843261360,1.841056693
7,1843868,1000365,1000365,1000364,1001458,1.843197076,1.841183554
7,1843380,1000052,1000052,1000052,1001198,1.843284149,1.841174273
7,1850681,1012240,1012240,993854,1013386,1.862125624,1.826235018
7,1843912,1000417,1000417,1000364,1001510,1.843241060,1.841131891
7,1843640,1000261,1000261,1000208,1001354,1.843256603,1.841147087
7,1843469,1000157,1000157,1000104,1001302,1.843277299,1.841071924
7,1834550,1000625,1000625,990833,1001875,1.851522911,1.831116656
7,1844103,1000469,1000469,1000521,1001667,1.843142723,1.841033996
7,1843675,1000260,1000260,1000261,1001406,1.843193926,1.841086432
7,1843931,1000417,1000417,1000364,1001510,1.843260053,1.841150862
7,1825138,1000417,1000417,981771,1001615,1.859026188,1.822195155
7,1843598,1000208,1000208,1000208,1001406,1.843214611,1.841009541
7,1844167,1000521,1000521,1000520,1001511,1.843208532,1.841384668
7,1843255,1000052,1000052,1000052,1000885,1.843159156,1.841625162
7,1836369,1000261,1000261,984428,1001406,1.865417278,1.833790690
7,1843852,1000364,1000364,1000313,1001250,1.843275055,1.841550062
7,1843441,1000104,1000104,1000104,1001042,1.843249302,1.841522134
7,1843228,1000000,1000000,1000000,1000886,1.843228000,1.841596346
7,1831405,1000625,1000625,987604,1001562,1.854392044,1.828548807
7,1843699,1000261,1000261,1000260,1001563,1.843219763,1.840821796
7,1843554,1000208,1000208,1000209,1001354,1.843168778,1.841061203
7,1843088,999948,999948,999948,1001094,1.843183846,1.841073865
7,1837193,1000313,1000313,996719,1001459,1.843240673,1.834516441
7,1844216,1000521,1000521,1000521,1001927,1.843255664,1.840669031
7,1843391,1000104,1000104,1000104,1001198,1.843199307,1.841185260
7,1843315,1000104,1000104,1000053,1001198,1.843217309,1.841109351
7,1828254,1000260,1000260,979480,1001458,1.866555723,1.825592286
7,1843796,1000312,1000312,1000313,1001354,1.843219072,1.841302876
7,1843204,1000000,1000000,1000053,1001250,1.843106315,1.840902871
7,1843278,1000052,1000052,1000052,1001093,1.843182155,1.841265497
7,1835748,1000417,1000417,985260,1001563,1.863211741,1.832883204
7,1844078,1000469,1000469,1000469,1001562,1.843213533,1.841202042
7,1843645,1000261,1000261,1000260,1001302,1.843165777,1.841247696
7,1843695,1000313,1000313,1000260,1001510,1.843215764,1.840915218
7,1828113,1000365,1000365,982603,1001407,1.860479766,1.825544459
7,1842901,999843,999843,999792,1000989,1.843284403,1.841080172
7,1843839,1000313,1000313,1000312,1001250,1.843263902,1.841537079
7,1843253,1000052,1000052,1000000,1000938,1.843253000,1.841525649
7,1836702,1000157,1000157,997031,1001146,1.842171407,1.834599549
7,1844043,1000469,1000469,1000416,1001355,1.843276197,1.841547703
7,1843561,1000157,1000157,1000208,1001042,1.843177619,1.841642009
7,1843678,1000260,1000260,1000261,1001198,1.843196926,1.841471917
7,1819759,1002240,1002240,976876,1003385,1.862835201,1.813619897
7,1843460,1000156,1000156,1000104,1001406,1.843268300,1.840871734
7,1844013,1000469,1000469,1000416,1001458,1.843246210,1.841328343
7,1843366,1000105,1000105,1000104,1001146,1.843174310,1.841255921
7,1834855,1000208,1000208,982396,1001719,1.867734600,1.831706297
7,1843350,1000052,1000052,1000052,1001198,1.843254151,1.841144309
7,1843877,1000364,1000364,1000365,1001510,1.843204230,1.841096944
7,1843495,1000156,1000156,1000156,1001302,1.843207460,1.841097891
7,1826935,1000260,1000260,979739,1001667,1.864716011,1.823894568
7,1844156,1000521,1000521,1000521,1001666,1.843195695,1.841088746
7,1843691,1000261,1000261,1000260,1001354,1.843211765,1.841198018
7,1843367,1000105,1000105,1000052,1001511,1.843271150,1.840585875
7,1834976,1000104,1000104,991042,1001614,1.851562295,1.832019121
7,1843342,1000104,1000104,1000104,1001198,1.843150312,1.841136319
7,1843228,1000000,1000000,1000000,1001146,1.843228000,1.841118079
7,1844147,1000521,1000521,1000469,1001615,1.843282501,1.841173505
7,1825864,1000260,1000260,989168,1001511,1.845858338,1.823109282
7,1843304,1000052,1000052,1000000,1001198,1.843304000,1.841098364
7,1843701,1000260,1000260,1000260,1001354,1.843221762,1.841208004
7,1843857,1000365,1000365,1000364,1001562,1.843186080,1.840981387
7,1835312,1000416,1000416,985833,1001823,1.861686513,1.831972314
7,1843990,1000364,1000364,1000365,1001563,1.843317189,1.841112341
7,1843649,1000260,1000260,1000208,1001510,1.843265601,1.840869287
7,1844053,1000469,1000469,1000417,1001667,1.843284350,1.840984080
7,1797106,1000469,1000469,952240,1001770,1.887240612,1.793930743
7,1843556,1000156,1000156,1000157,1001354,1.843266607,1.841063200
7,1843587,1000208,1000208,1000157,1001302,1.843297602,1.841189771
7,1835210,1000364,1000364,1000520,1001927,1.834256187,1.831680352
7,1836318,1000417,1000417,994478,1001771,1.846514453,1.833071630
7,1841466,1000052,1000052,1000104,1001250,1.841274507,1.839167041
7,1843261,1000052,1000052,1000053,1001146,1.843163312,1.841151041
7,1843498,1000156,1000156,1000209,1001303,1.843112789,1.841099048
7,1830416,1000105,1000105,981512,1001250,1.864894163,1.828130836
7,1843687,1000312,1000312,1000209,1001355,1.843301750,1.841192185
7,1843970,1000416,1000416,1000417,1001562,1.843201385,1.841094211
7,1843610,1000260,1000260,1000261,1001198,1.843128943,1.841403998
7,1832734,1000364,1000364,976562,1001718,1.876720577,1.829590763
7,1843799,1000677,1000677,1000782,1001927,1.842358276,1.840252833
7,1843837,1000468,1000468,1000521,1001510,1.842876861,1.841057004
7,1843136,1000156,1000156,1000208,1001250,1.842752707,1.840834956
7,1833536,1000521,1000521,986198,1001666,1.859196632,1.830486410
7,1843298,1000000,1000000,1000104,1000990,1.843106317,1.841474940
7,1843671,1000260,1000260,1000260,1001146,1.843191770,1.841560572
7,1843532,1000312,1000312,1000313,1001250,1.842955155,1.841230462
7,1839103,1000521,1000521,994375,1001563,1.849506474,1.836232968
7,1843763,1000260,1000260,1000260,1001406,1.843283746,1.841174309
7,1843148,999948,999948,1000000,1000989,1.843148000,1.841326928
7,1843780,1000313,1000313,1000312,1001250,1.843204920,1.841478152
7,1833250,1000469,1000469,988646,1001511,1.854303765,1.830484138
7,1844051,1000468,1000468,1000417,1001406,1.843282351,1.841461905
7,1843745,1000312,1000312,1000313,1001146,1.843168088,1.841634487
7,1843545,1000208,1000208,1000156,1001145,1.843257452,1.841436555
7,1832929,1000313,1000313,973802,1001458,1.882239921,1.830260480
7,1843578,1000312,1000312,1000313,1001354,1.843001141,1.841085171
7,1843662,1000208,1000208,1000209,1001198,1.843276755,1.841455936
7,1843817,1000312,1000312,1000313,1001302,1.843240066,1.841419472
7,1827109,1000156,1000156,974271,1001406,1.875360141,1.824543692
7,1834912,1000625,1000625,1000730,1001667,1.833573491,1.831858292
7,1842565,1000677,1000677,1000729,1001771,1.841222749,1.839307586
7,1842931,1000208,1000208,1000208,1001198,1.842547750,1.840725810
7,1840122,1000521,1000521,997761,1001562,1.844251279,1.837252212
7,1843949,1000417,1000417,1000417,1001250,1.843180394,1.841646941
7,1843949,1000417,1000417,1000416,1001354,1.843182236,1.841455669
7,1844065,1000469,1000469,1000469,1001406,1.843200539,1.841475885
7,1827529,1000261,1000261,979843,1001302,1.865124311,1.825152651
7,1843880,1000365,1000365,1000469,1001511,1.843015626,1.841098101
7,1843563,1000156,1000156,1000261,1001250,1.843081956,1.841261423
7,1843680,1000260,1000260,1000261,1001250,1.843198925,1.841378277
7,1837123,1000417,1000417,979843,1001563,1.874915675,1.834256058
7,1843230,1000000,1000000,1000000,1000885,1.843230000,1.841600184
7,1843821,1000365,1000365,1000364,1001458,1.843150093,1.841136623
7,1844029,1000417,1000417,1000417,1001406,1.843260360,1.841439935
7,1833609,1000730,1000730,983645,1001823,1.864096295,1.830272413
7,1843505,1000156,1000156,1000261,1001406,1.843023971,1.840916671
7,1844343,1000625,1000625,1000729,1001770,1.842999453,1.841084281
7,1843269,1000364,1000364,1000417,1001459,1.842500677,1.840583589
7,1839744,1000416,1000416,995417,1001459,1.848214366,1.837063724
7,1844052,1000469,1000469,1000469,1001406,1.843187545,1.841462903
7,1843051,1000260,1000260,1000209,1001094,1.842665883,1.841036906
7,1843447,1000157,1000157,1000104,1001042,1.843255301,1.841528128
7,1831969,1000365,1000365,987604,1001458,1.854963123,1.829301878
7,1843547,1000416,1000416,1000313,1001458,1.842970150,1.840863022
7,1843020,1000104,1000104,1000105,1001041,1.842826503,1.841103411
7,1844114,1000469,1000469,1000469,1001459,1.843249516,1.841427357
7,1835911,1000156,1000156,981562,1001198,1.870397387,1.833714210
7,1843881,1000468,1000468,1000469,1001407,1.843016625,1.841290305
7,1843727,1000416,1000416,1000365,1001302,1.843054285,1.841329589
7,1843708,1000260,1000260,1000313,1001198,1.843131100,1.841501881
7,1830239,1000000,1000000,983333,1001094,1.861260631,1.828238907
7,1843729,1000364,1000364,1000365,1001302,1.843056284,1.841331586
7,1843562,1000365,1000365,1000364,1001354,1.842891188,1.841069192
7,1843448,1000365,1000365,1000312,1001302,1.842873024,1.841050952
7,1838281,1000417,1000417,993126,1001614,1.851004807,1.835318795
7,1842734,1000521,1000521,1000521,1001406,1.841774436,1.840146754
7,1843616,1000468,1000468,1000469,1001355,1.842751749,1.841121281
7,1844127,1000520,1000520,1000469,1001459,1.843262510,1.841440339
7,1829876,1000364,1000364,985419,1001459,1.856952220,1.827210100
7,1843478,1000156,1000156,1000104,1001094,1.843286298,1.841463439
7,1844062,1000469,1000469,1000468,1001354,1.843199383,1.841568516
7,1843740,1000417,1000417,1000365,1001302,1.843067280,1.841342572
7,1836189,1000468,1000468,980937,1001510,1.871872506,1.833420535
7,1843386,1000208,1000208,1000209,1001197,1.843000813,1.841182105
7,1843782,1000312,1000312,1000313,1001198,1.843205077,1.841575792
7,1843449,1000157,1000157,1000104,1001042,1.843257301,1.841530126
7,1829078,1000833,1000833,983647,1002031,1.859486177,1.825370672
7,1843560,1000208,1000208,1000156,1001406,1.843272449,1.840971594
7,1843697,1000364,1000364,1000365,1001406,1.843024296,1.841108402
7,1843870,1000364,1000364,1000365,1001406,1.843197233,1.841281159
7,1836887,1000573,1000573,987604,1001927,1.859942852,1.833354127
7,1843393,1000104,1000104,1000105,1001146,1.843199464,1.841282890
7,1843728,1000261,1000261,1000260,1001302,1.843248755,1.841330588
7,1843417,1000209,1000209,1000208,1001250,1.843033649,1.841115605
7,1829406,1000990,1000990,981822,1002343,1.863276643,1.825129721
7,1843349,1000209,1000209,1000156,1001302,1.843061482,1.840952080
7,1842942,1000052,1000052,1000052,1001093,1.842846172,1.840929864
7,1843553,1000208,1000208,1000209,1001458,1.843167778,1.840869013
7,1832846,1000104,1000104,977292,1001302,1.875433340,1.830462738
7,1843572,1000208,1000208,1000260,1001407,1.843092796,1.840981739
7,1843325,1000104,1000104,1000052,1001198,1.843229152,1.841119339
7,1843171,1000156,1000156,1000208,1001355,1.842787700,1.840676883
7,1826270,1000417,1000417,981354,1001927,1.860969640,1.822757546
7,1843223,1000000,1000000,1000052,1001198,1.843127157,1.841017461
7,1843203,1000104,1000104,1000052,1001250,1.843107158,1.840901873
7,1843874,1000364,1000364,1000365,1001510,1.843201232,1.841093948
7,1835604,1000208,1000208,995417,1001459,1.844055305,1.832929755
7,1843618,1000261,1000261,1000260,1001666,1.843138784,1.840551641
7,1843847,1000364,1000364,1000313,1001459,1.843270056,1.841160746
7,1843366,1000209,1000209,1000208,1001354,1.842982660,1.840873457
7,1827192,1000209,1000209,982865,1001823,1.859046766,1.823867090
7,1843097,1000156,1000156,1000104,1001302,1.842905338,1.840700408
7,1843594,1000208,1000208,1000209,1001354,1.843208769,1.841101149
7,1843343,1000104,1000104,1000052,1001198,1.843247151,1.841137317
7,1835563,1000573,1000573,979478,1002135,1.874021673,1.831652422
7,1843166,1000209,1000209,1000208,1001666,1.842782701,1.840100393
7,1844099,1000469,1000469,1000468,1001927,1.843236365,1.840552256
7,1843752,1000312,1000312,1000313,1001459,1.843175086,1.841065885
7,1831344,1002083,1002083,990832,1003334,1.848289115,1.825258588
7,1843983,1000417,1000417,1000416,1001458,1.843216222,1.841298387
7,1843513,1000157,1000157,1000156,1001406,1.843225457,1.840924660
7,1843523,1000364,1000364,1000365,1001458,1.842850360,1.840839057
7,1835237,1000312,1000312,996823,1001406,1.841086131,1.832660280
7,1843120,1000261,1000261,1000260,1001302,1.842640913,1.840723378
7,1843383,1000104,1000104,1000104,1001145,1.843191308,1.841274740
7,1843301,1000052,1000052,1000104,1001094,1.843109317,1.841286632
7,1825870,1000313,1000313,985156,1001562,1.853381596,1.823022439
7,1842915,999948,999948,999948,1001146,1.843010837,1.840805437
7,1843458,1000157,1000157,1000156,1001250,1.843170465,1.841156554
7,1843575,1000209,1000209,1000208,1001198,1.843191616,1.841369040
7,1835566,1000208,1000208,985208,1001355,1.863125350,1.833082174
7,1843694,1000261,1000261,1000260,1001250,1.843214764,1.841392260
7,1843379,1000104,1000104,1000104,1001093,1.843187309,1.841366387
7,1843615,1000260,1000260,1000261,1001302,1.843133942,1.841217735
7,1830413,1000521,1000521,985573,1001875,1.857206924,1.826987399
7,1843398,1000104,1000104,1000104,1001250,1.843206307,1.841096629
7,1843409,1000313,1000313,1000312,1001459,1.842834036,1.840723385
7,1844052,1000469,1000469,1000469,1001614,1.843187545,1.841080496
7,1837001,1000260,1000260,995989,1001771,1.844398884,1.833753423
7,1843161,1000364,1000364,1000365,1001459,1.842488492,1.840475746
7,1843751,1000313,1000313,1000312,1001406,1.843175929,1.841162326
7,1843276,1000052,1000052,1000000,1001198,1.843276000,1.841070398
7,1810949,1000209,1000209,967916,1001666,1.870977440,1.807936977
7,1843426,1000156,1000156,1000104,1001250,1.843234304,1.841124594
7,1843977,1000417,1000417,1000416,1001511,1.843210225,1.841194954
7,1843834,1000365,1000365,1000365,1001458,1.843161246,1.841149604
7,1834699,1000521,1000521,983178,1001719,1.866090372,1.831550565
7,1843605,1000208,1000208,1000261,1001354,1.843123945,1.841112134
7,1843829,1000417,1000417,1000416,1001563,1.843062286,1.840951593
7,1843666,1000261,1000261,1000260,1001614,1.843186771,1.840695118
7,1830318,1000312,1000312,982292,1001823,1.863313556,1.826987402
7,1843368,1000156,1000156,1000156,1001302,1.843080479,1.840971056
7,1843325,1000052,1000052,1000052,1001146,1.843229152,1.841214968
7,1843525,1000156,1000156,1000105,1001302,1.843331450,1.841127852
7,1835591,1000416,1000416,990157,1001927,1.853838331,1.832060619
7,1843316,1000052,1000052,1000053,1001146,1.843218309,1.841205978
7,1843930,1000416,1000416,1000365,1001510,1.843257211,1.841149864
7,1843538,1000364,1000364,1000365,1001511,1.842865354,1.840756617
7,1830523,1000469,1000469,981823,1001980,1.864412425,1.826905727
7,1843512,1000156,1000156,1000156,1001562,1.843224457,1.840636925
7,1843839,1000417,1000417,1000416,1001563,1.843072282,1.840961577
7,1844121,1000521,1000521,1000469,1001614,1.843256513,1.841149385
7,1835097,1000208,1000208,984323,1001510,1.864324007,1.832330181
7,1843996,1000521,1000521,1000521,1001666,1.843035778,1.840929012
7,1844051,1000469,1000469,1000416,1001563,1.843284194,1.841173246
7,1843461,1000157,1000157,1000156,1001354,1.843173465,1.840968329
7,1828850,1000521,1000521,988646,1001771,1.849853234,1.825616833
7,1843461,1000365,1000365,1000313,1001458,1.842884177,1.840777147
7,1843926,1000364,1000364,1000521,1001667,1.842965815,1.840857291
7,1843292,1000157,1000157,1000104,1001406,1.843100318,1.840703970
7,1837128,1000416,1000416,994010,1001666,1.848198710,1.834072435
7,1842894,1000000,1000000,1000052,1001197,1.842798174,1.840690693
7,1843142,1000052,1000052,1000052,1001198,1.843046162,1.840936558
7,1843955,1000417,1000417,1000417,1001511,1.843186391,1.841172988
7,1783168,1000261,1000261,950156,1001719,1.876710772,1.780107994
7,1843454,1000209,1000209,1000260,1001615,1.842974827,1.840481622
7,1843527,1000156,1000156,1000157,1001302,1.843237612,1.841129849
7,1843073,1000000,1000000,1000000,1001146,1.843073000,1.840963256
7,1835196,1000677,1000677,981093,1001927,1.870562730,1.831666379
7,1843689,1000365,1000365,1000312,1001511,1.843113948,1.840907389
7,1843693,1000365,1000365,1000417,1001614,1.842924500,1.840722075
7,1843320,1000052,1000052,1000053,1001146,1.843222309,1.841209973
7,1787770,1000104,1000104,950261,1001562,1.881346283,1.784981858
7,1843488,1000156,1000156,1000157,1001302,1.843198618,1.841090900
7,1842874,1000156,1000156,1000105,1001250,1.842680519,1.840573283
7,1843990,1000521,1000521,1000521,1001927,1.843029781,1.840443465
7,1836990,1000365,1000365,995364,1001563,1.845545951,1.834123265
7,1843673,1000261,1000261,1000260,1001354,1.843193770,1.841180042
7,1844006,1000520,1000520,1000573,1001614,1.842949990,1.841034570
7,1843292,1000052,1000052,1000052,1001146,1.843196154,1.841182005
7,1828656,1000469,1000469,978958,1001875,1.867961649,1.825233687
7,1843397,1000156,1000156,1000208,1001354,1.843013653,1.840904415
7,1843920,1000521,1000521,1000468,1001615,1.843057449,1.840946871
7,1843294,1000052,1000052,1000052,1001198,1.843198154,1.841088376
7,1833556,1000209,1000209,979739,1001771,1.871473933,1.830314513
7,1843922,1000468,1000468,1000469,1001614,1.843057606,1.840950706
7,1843142,1000000,1000000,1000000,1001094,1.843142000,1.841127806
7,1843389,1000104,1000104,1000105,1001250,1.843195464,1.841087640
7,1825418,1000156,1000156,980729,1001614,1.861286859,1.822476523
7,1843278,1000104,1000104,1000156,1001302,1.842990493,1.840881173
7,1843667,1000260,1000260,1000260,1001406,1.843187771,1.841078444
7,1843838,1000365,1000365,1000364,1001511,1.843167087,1.841056164
7,1837546,1000521,1000521,997084,1001666,1.842919955,1.834489740
7,1843267,1000000,1000000,1000000,1001407,1.843267000,1.840677167
7,1843608,1000312,1000312,1000261,1001458,1.843126944,1.840923933
7,1843012,1000000,1000000,1000000,1001146,1.843012000,1.840902326
7,1827464,1000260,1000260,981511,1001510,1.861888456,1.824708690
7,1843588,1000312,1000312,1000261,1001198,1.843106949,1.841382024
7,1843545,1000209,1000209,1000208,1001094,1.843161622,1.841530366
7,1843391,1000208,1000208,1000208,1001094,1.843007654,1.841376534
7,1835855,1000260,1000260,987604,1001302,1.858897898,1.833467825
7,1843466,1000104,1000104,1000156,1001042,1.843178464,1.841547108
7,1843054,1000000,1000000,1000000,1000886,1.843054000,1.841422500
7,1843423,1000157,1000157,1000104,1000989,1.843231304,1.841601656
7,1831566,1000833,1000833,987605,1001875,1.854553187,1.828138241
7,1843753,1000260,1000260,1000261,1001511,1.843271906,1.840971292
7,1843457,1000208,1000208,1000261,1001406,1.842975983,1.840868739
7,1843516,1000156,1000156,1000104,1001250,1.843324294,1.841214482
7,1836265,1000052,1000052,995574,1001250,1.844428440,1.833972534
7,1843311,1000052,1000052,1000053,1001146,1.843213310,1.841200984
7,1843175,1000260,1000260,1000261,1001406,1.842694057,1.840587134
7,1844001,1000416,1000416,1000417,1001510,1.843232372,1.841220757
7,1828501,1000729,1000729,984635,1002188,1.857034333,1.824508974
7,1843986,1000417,1000417,1000469,1001667,1.843121576,1.840917191
7,1843045,1000156,1000156,1000105,1001250,1.842851501,1.840744070
7,1843967,1000521,1000521,1000521,1001666,1.843006793,1.840900060
7,1836216,1000104,1000104,984739,1001302,1.864672771,1.833828355
7,1844106,1000521,1000521,1000573,1001823,1.843049932,1.840750312
7,1844194,1000521,1000521,1000677,1002083,1.842946325,1.840360529
7,1843642,1000365,1000365,1000364,1001459,1.842971158,1.840956045
7,1788218,1000625,1000625,951512,1001927,1.879343613,1.784778731
7,1844176,1000520,1000520,1000781,1002187,1.842736823,1.840151588
7,1830731,1000313,1000313,1000260,1001823,1.830255134,1.827399650
7,1844371,1000625,1000625,1000677,1002135,1.843123206,1.840441657
7,1836753,1000521,1000521,984271,1001979,1.866104965,1.833125245
7,1843685,1000261,1000261,1000261,1001510,1.843203924,1.840905233
7,1844051,1000469,1000469,1000416,1001615,1.843284194,1.841077660
7,1843994,1000417,1000417,1000469,1001875,1.843129572,1.840542982
7,1820144,1000573,1000573,975988,1001823,1.864924569,1.816831915
7,1843817,1000313,1000313,1000364,1001459,1.843146095,1.841130790
7,1843509,1000157,1000157,1000156,1001145,1.843221457,1.841400596
7,1843737,1000261,1000261,1000312,1001407,1.843161933,1.841146507
7,1836166,1000521,1000521,981198,1001511,1.871351144,1.833395739
7,1843523,1000208,1000208,1000157,1001146,1.843233612,1.841412741
7,1843184,1000000,1000000,999948,1000885,1.843279851,1.841554225
7,1843337,1000052,1000052,1000000,1000989,1.843337000,1.841515741
7,1830907,1000417,1000417,984894,1001406,1.858988886,1.828336359
7,1843822,1000313,1000313,1000364,1001250,1.843151093,1.841520100
7,1843831,1000313,1000313,1000521,1001563,1.842870864,1.840953590
7,1843621,1000208,1000208,1000261,1001198,1.843139940,1.841414985
7,1839374,1000261,1000261,995728,1001250,1.847265518,1.837077653
7,1843530,1000157,1000157,1000208,1001093,1.843146626,1.841517222
7,1843284,1000052,1000052,1000000,1001042,1.843284000,1.841365297
7,1844237,1000520,1000520,1000625,1001614,1.843085072,1.841265198
7,1808587,1000313,1000313,971302,1001511,1.862023346,1.805858348
7,1843772,1000312,1000312,1000313,1001510,1.843195080,1.840992102
7,1843513,1000417,1000417,1000416,1001563,1.842746417,1.840636086
7,1873016,1022187,1022187,998437,1023385,1.875948107,1.830216390
7,1843484,1000520,1000520,1000417,1001614,1.842715588,1.840513411
7,1843649,1000260,1000260,1000261,1001302,1.843167933,1.841251690
7,1843040,1000104,1000104,1000105,1001354,1.842846501,1.840547898
7,1837683,1000521,1000521,990313,1001614,1.855658766,1.834721759
7,1837600,1000209,1000209,992708,1001719,1.851098208,1.834446586
7,1843747,1000312,1000312,1000260,1001198,1.843267750,1.841540834
7,1843651,1000260,1000260,1000261,1001146,1.843169933,1.841540594
7,1839349,1000469,1000469,997762,1001406,1.843474696,1.836766506
7,1843979,1000416,1000416,1000469,1001406,1.843114579,1.841390006
7,1842962,1000000,1000000,999948,1000885,1.843057839,1.841332421
7,1843530,1000156,1000156,1000156,1001094,1.843242454,1.841515382
7,1837281,1000052,1000052,991875,1001094,1.852331191,1.835273211
7,1838180,1000521,1000521,995990,1001562,1.845580779,1.835313241
7,1843229,1000156,1000156,1000104,1001146,1.843037324,1.841119078
7,1843980,1000416,1000416,1000469,1001406,1.843115579,1.841391004
7,1828104,1000312,1000312,968594,1001354,1.887379026,1.825632094
7,1843596,1000313,1000313,1000364,1001354,1.842925175,1.841103146
7,1834036,1000209,1000209,1000260,1001355,1.833559275,1.831554244
7,1840370,1000573,1000573,1000677,1001667,1.839124912,1.837307209
7,1831699,1000573,1000573,987500,1001615,1.854885063,1.828745576
7,1838394,1000365,1000365,995417,1001458,1.846858151,1.835717524
7,1841551,999948,999948,999948,1000937,1.841646766,1.839827082
7,1843712,1000313,1000313,1000260,1001250,1.843232759,1.841410237
7,1839258,1000469,1000469,995051,1001511,1.848405760,1.836483074
7,1844083,1000468,1000468,1000521,1001458,1.843122733,1.841398241
7,1843916,1000417,1000417,1000678,1001719,1.842666672,1.840751748
7,1844506,1000677,1000677,1000833,1001823,1.842970805,1.841149584
7,1838040,1000261,1000261,990832,1001355,1.855047072,1.835552826
7,1843462,1000156,1000156,1000312,1001406,1.842887019,1.840873732
7,1843722,1000313,1000313,1000260,1001250,1.843242757,1.841420225
7,1843031,999948,999948,999895,1000938,1.843224539,1.841303857
7,1836815,1000261,1000261,979531,1001250,1.875198437,1.834521848
7,1844147,1000521,1000521,1000521,1001614,1.843186700,1.841175343
7,1843758,1000313,1000313,1000312,1001302,1.843182927,1.841360549
7,1843959,1000417,1000417,1000469,1001510,1.843094589,1.841178820
7,1829988,1000104,1000104,974530,1001146,1.877815973,1.827893234
7,1843600,1000208,1000208,1000156,1001198,1.843312443,1.841394010
7,1843752,1000312,1000312,1000365,1001406,1.843079276,1.841163324
7,1843657,1000260,1000260,1000208,1001146,1.843273599,1.841546588
7,1839357,1000416,1000416,996615,1001406,1.845604371,1.836774495
7,1844071,1000469,1000469,1000417,1001354,1.843302343,1.841577504
7,1843542,1000156,1000156,1000209,1001198,1.843156780,1.841336079
7,1843876,1000365,1000365,1000365,1001198,1.843203231,1.841669680
7,1831855,1000521,1000521,977969,1001459,1.873121745,1.829186217
7,1844351,1000573,1000573,1000677,1001614,1.843103219,1.841379014
7,1843141,1000313,1000313,1000312,1001719,1.842566119,1.839978078
7,1844133,1000521,1000521,1000469,1001666,1.843268507,1.841065784
7,1835768,1000521,1000521,978177,1001771,1.876723742,1.832522602
7,1843746,1000312,1000312,1000313,1001563,1.843169088,1.840868722
7,1841731,1000313,1000313,1000312,1001458,1.841156559,1.839049666
7,1843307,1000052,1000052,1000052,1001198,1.843211153,1.841101361
7,1810192,1000313,1000313,963072,1001562,1.879601940,1.807368890
7,1844244,1000573,1000573,1000573,1001718,1.843187853,1.841081023
7,1843334,1000052,1000052,1000104,1001198,1.843142313,1.841128328
7,1843827,1000521,1000521,1000573,1001667,1.842771092,1.840758456
7,1827267,1000312,1000312,989218,1001562,1.847183331,1.824417260
7,1840785,1000104,1000104,1000104,1001198,1.840593578,1.838582378
7,1843538,1000157,1000157,1000156,1001302,1.843250453,1.841140835
7,1840713,1000104,1000104,1000052,1001354,1.840617288,1.838224045
7,1829890,1000625,1000625,980730,1001927,1.865844830,1.826370584
7,1843715,1000260,1000260,1000312,1001666,1.843139940,1.840648480
7,1844007,1000469,1000469,1000417,1001563,1.843238370,1.841129315
7,1843918,1000365,1000365,1000364,1001562,1.843247058,1.841042292
7,1836364,1000260,1000260,979637,1001615,1.874535159,1.833403054
7,1843428,1000104,1000104,1000156,1001146,1.843140470,1.841317850
7,1843510,1000156,1000156,1000209,1001406,1.843124787,1.840921664
7,1843636,1000260,1000260,1000260,1001302,1.843156779,1.841238707
7,1805430,1000312,1000312,959844,1001459,1.880961906,1.802799715
7,1842980,999896,999896,999948,1001041,1.843075840,1.841063453
7,1843381,1000105,1000105,1000052,1000990,1.843285149,1.841557858
7,1843364,1000104,1000104,1000105,1000989,1.843170467,1.841542714
7,1838130,1000365,1000365,997500,1001406,1.842736842,1.835549218
7,1844183,1000521,1000521,1000521,1001459,1.843222681,1.841496257
7,1843665,1000260,1000260,1000209,1001250,1.843279755,1.841363296
7,1843970,1000416,1000416,1000417,1001355,1.843201385,1.841474802
7,1833142,1000364,1000364,988125,1001407,1.855172170,1.830566393
7,1843303,1000052,1000052,1000052,1000937,1.843207153,1.841577442
7,1843795,1000313,1000313,1000312,1001198,1.843219915,1.841588777
7,1843475,1000156,1000156,1000105,1001094,1.843281455,1.841460442
7,1837780,1000469,1000469,984689,1001563,1.866355773,1.834912032
7,1843774,1000313,1000313,1000312,1001198,1.843198922,1.841567802
7,1843586,1000208,1000208,1000208,1001042,1.843202614,1.841666983
7,1843564,1000209,1000209,1000208,1001094,1.843180618,1.841549345
7,1829401,1000417,1000417,982916,1001563,1.861197702,1.826546108
7,1843316,1000052,1000052,1000052,1001146,1.843220153,1.841205978
7,1843387,1000104,1000104,1000104,1001146,1.843195308,1.841276897
7,1843786,1000313,1000313,1000312,1001354,1.843210918,1.841292889
7,1834739,1000209,1000209,989426,1001563,1.854346864,1.831875778
7,1843721,1000260,1000260,1000260,1001510,1.843241757,1.840941179
7,1843793,1000365,1000365,1000312,1001354,1.843217916,1.841299880
7,1843752,1000313,1000313,1000312,1001354,1.843176929,1.841258935
7,1827766,1000521,1000521,975833,1001875,1.873031554,1.824345352
7,1843243,1000000,1000000,1000000,1001094,1.843243000,1.841228696
7,1843971,1000417,1000417,1000365,1001459,1.843298196,1.841284566
7,1843848,1000365,1000365,1000312,1001666,1.843272899,1.840781258
7,1831009,1000208,1000208,972292,1001563,1.883188384,1.828151599
7,1844121,1000469,1000469,1000469,1001927,1.843256513,1.840574213
7,1844018,1000417,1000417,1000417,1001562,1.843249365,1.841142136
7,1843583,1000208,1000208,1000209,1001615,1.843197772,1.840610414
7,1805974,1000417,1000417,967396,1001875,1.866840467,1.802594136
7,1843155,1000000,1000000,1000000,1000989,1.843155000,1.841333921
7,1843897,1000364,1000364,1000365,1001354,1.843224223,1.841403739
7,1843162,999948,999948,999948,1000938,1.843257849,1.841434734
7,1838823,1000104,1000104,997292,1001146,1.843816054,1.836718121
7,1843663,1000260,1000260,1000261,1001407,1.843181930,1.841072611
7,1843479,1000156,1000156,1000157,1001093,1.843189619,1.841466277
7,1843857,1000365,1000365,1000365,1001302,1.843184238,1.841459420
7,1830258,1000312,1000312,984636,1001615,1.858816862,1.827306899
7,1844024,1000417,1000417,1000417,1001615,1.843255363,1.841050703
7,1843377,1000105,1000105,1000052,1001510,1.843281149,1.840597697
7,1843479,1000156,1000156,1000104,1001250,1.843287298,1.841177528
7,1833445,1000260,1000260,980939,1001459,1.869071369,1.830773901
7,1844009,1000469,1000469,1000416,1001458,1.843242211,1.841324349
7,1843594,1000209,1000209,1000208,1001302,1.843210612,1.841196762
7,1844011,1000469,1000469,1000417,1001510,1.843242368,1.841230742
7,1828030,1000468,1000468,986042,1001875,1.853906832,1.824608858
7,1843775,1000312,1000312,1000313,1001459,1.843198079,1.841088851
7,1843634,1000208,1000208,1000261,1001250,1.843152937,1.841332335
7,1843796,1000312,1000312,1000313,1001354,1.843219072,1.841302876
7,1838044,1000052,1000052,996510,1001146,1.844481240,1.835940013
7,1843531,1000156,1000156,1000156,1001198,1.843243454,1.841325093
7,1844179,1000521,1000521,1000521,1001562,1.843218683,1.841302885
7,1843576,1000209,1000209,1000208,1001198,1.843192616,1.841370039
7,1827684,1000729,1000729,983386,1002031,1.858562152,1.823979498
7,1843732,1000260,1000260,1000260,1001459,1.843252754,1.841045914
7,1843210,1000000,1000000,1000000,1001041,1.843210000,1.841293214
7,1843841,1000312,1000312,1000313,1001563,1.843264058,1.840963574
7,1832214,1000625,1000625,975835,1002032,1.877585862,1.828498491
7,1843456,1000157,1000157,1000104,1001562,1.843264301,1.840581012
7,1843611,1000260,1000260,1000209,1001354,1.843225766,1.841118126
7,1843395,1000104,1000104,1000157,1001250,1.843105632,1.841093633
7,1828017,1000521,1000521,981978,1001979,1.861566145,1.824406500
7,1843756,1000313,1000313,1000312,1001510,1.843180928,1.840976126
7,1844130,1000521,1000521,1000469,1001614,1.843265508,1.841158370
7,1843906,1000365,1000365,1000364,1001563,1.843235062,1.841028472
7,1835618,1000573,1000573,990260,1002031,1.853672773,1.831897416
7,1844127,1000521,1000521,1000521,1001615,1.843166710,1.841153537
7,1843696,1000261,1000261,1000313,1001354,1.843119104,1.841203011
7,1843601,1000208,1000208,1000209,1001354,1.843215768,1.841108140
7,1824353,1000625,1000625,976510,1001875,1.868237908,1.820938740
7,1843969,1000417,1000417,1000416,1001614,1.843202228,1.840997630
7,1843468,1000156,1000156,1000104,1001250,1.843276299,1.841166542
7,1844047,1000468,1000468,1000469,1001875,1.843182547,1.840595883
7,1833836,1000105,1000105,981459,1001354,1.868479478,1.831356344
7,1843584,1000208,1000208,1000209,1001302,1.843198771,1.841186775
7,1843457,1000156,1000156,1000105,1001250,1.843263457,1.841155556
7,1844051,1000469,1000469,1000469,1001615,1.843186546,1.841077660
7,1808716,1000417,1000417,968334,1001927,1.867863774,1.805237308
7,1843445,1000156,1000156,1000156,1001250,1.843157467,1.841143571
7,1844135,1000468,1000468,1000469,1001667,1.843270506,1.841065943
7,1843668,1000260,1000260,1000260,1001667,1.843188771,1.840599720
7,1836108,1000416,1000416,995625,1001563,1.844176271,1.833242642
7,1843682,1000261,1000261,1000208,1001354,1.843298594,1.841189030
7,1843264,1000000,1000000,1000052,1001198,1.843168155,1.841058412
7,1844022,1000469,1000469,1000469,1001562,1.843157559,1.841146130
7,1786977,1000520,1000520,953855,1001979,1.873426255,1.783447557
7,1843486,1000156,1000156,1000156,1001355,1.843198461,1.840991457
7,1843837,1000365,1000365,1000312,1001822,1.843261902,1.840483639
7,1843529,1000208,1000208,1000156,1001302,1.843241454,1.841131846
7,1835761,1000417,1000417,979427,1001563,1.874321414,1.832896183
7,1844053,1000417,1000417,1000469,1001667,1.843188545,1.840984080
7,1843877,1000365,1000365,1000364,1001511,1.843206073,1.841095105
7,1843366,1000052,1000052,1000104,1001302,1.843174310,1.840969058
7,1823922,1000261,1000261,980678,1001562,1.859858180,1.821077477
7,1843293,1000052,1000052,1000000,1001094,1.843293000,1.841278641
7,1843263,1000052,1000052,1000052,1001146,1.843167155,1.841153039
7,1844071,1000469,1000469,1000468,1001563,1.843208378,1.841193215
7,1834705,1000052,1000052,991406,1001406,1.850609135,1.832129027
7,1843625,1000208,1000208,1000209,1001354,1.843239763,1.841132107
7,1843684,1000260,1000260,1000261,1001302,1.843202924,1.841286645
7,1843673,1000260,1000260,1000261,1001458,1.843191927,1.840988838
7,1827690,1000416,1000416,983541,1001719,1.858275354,1.824553592
7,1843912,1000416,1000416,1000365,1001510,1.843239218,1.841131891
7,1843449,1000156,1000156,1000156,1001198,1.843161467,1.841243191
7,1844122,1000468,1000468,1000521,1001510,1.843161713,1.841341574
7,1833245,1000417,1000417,977968,1001875,1.874544975,1.829814099
7,1843643,1000261,1000261,1000208,1001407,1.843259602,1.841052639
7,1843397,1000104,1000104,1000104,1001198,1.843205307,1.841191253
7,1843456,1000104,1000104,1000104,1001250,1.843264301,1.841154557
7,1828338,1000573,1000573,979428,1002031,1.866740587,1.824632172
7,1843848,1000364,1000364,1000365,1001510,1.843175241,1.841067987
7,1843604,1000208,1000208,1000208,1001615,1.843220610,1.840631380
7,1843410,1000156,1000156,1000156,1001250,1.843122473,1.841108614
7,1838598,1000573,1000573,996406,1001719,1.845229756,1.835442874
7,1843179,1000000,1000000,1000000,1001146,1.843179000,1.841069135
7,1843197,1000000,1000000,1000000,1001145,1.843197000,1.841088953
7,1843676,1000260,1000260,1000261,1001406,1.843194926,1.841087431
7,1825940,1000156,1000156,982188,1001459,1.859053460,1.823279835
7,1843494,1000156,1000156,1000156,1001302,1.843206460,1.841096892
7,1842711,1000052,1000052,1000052,1001354,1.842615184,1.840219343
7,1843689,1000260,1000260,1000261,1001354,1.843207923,1.841196021
7,1836978,1000573,1000573,985625,1001927,1.863769689,1.833444952
7,1843427,1000156,1000156,1000104,1001250,1.843235304,1.841125593
7,1843875,1000365,1000365,1000364,1001511,1.843204074,1.841093108
7,1843308,1000052,1000052,1000052,1001198,1.843212153,1.841102359
7,1826844,1000573,1000573,982501,1001823,1.859381314,1.823519724
7,1843941,1000417,1000417,1000365,1001562,1.843268207,1.841065256
7,1843318,1000052,1000052,1000052,1001458,1.843222152,1.840634355
7,1843254,1000052,1000052,1000000,1001146,1.843254000,1.841144049
7,1834364,1000156,1000156,993074,1001459,1.847157412,1.831691562
7,1843890,1000417,1000417,1000417,1001770,1.843121418,1.840632081
7,1844187,1000573,1000573,1000521,1001667,1.843226679,1.841117857
7,1843292,1000052,1000052,1000000,1001406,1.843292000,1.840703970
7,1819269,1000104,1000104,971874,1001615,1.871918582,1.816335618
7,1843974,1000416,1000416,1000365,1001562,1.843301195,1.841098205
7,1843196,1000000,1000000,1000000,1001302,1.843196000,1.840799279
7,1844055,1000469,1000469,1000468,1001875,1.843192386,1.840603868
7,1831499,1000417,1000417,977968,1001875,1.872759640,1.828071366
7,1843714,1000313,1000313,1000260,1001459,1.843234759,1.841027940
7,1843602,1000209,1000209,1000208,1001354,1.843218611,1.841109138
7,1843769,1000313,1000313,1000313,1001406,1.843192081,1.841180300
7,1828730,1000625,1000625,983438,1002083,1.859527494,1.824928674
7,1843797,1000313,1000313,1000312,1001771,1.843221915,1.840537408
7,1843409,1000156,1000156,1000104,1001563,1.843217305,1.840532248
7,1844032,1000417,1000417,1000417,1001562,1.843263359,1.841156114
7,1835106,1000573,1000573,989896,1002031,1.853837171,1.831386454
7,1843315,1000105,1000105,1000052,1001198,1.843219153,1.841109351
7,1843510,1000156,1000156,1000208,1001303,1.843126630,1.841111032
7,1843478,1000156,1000156,1000156,1001250,1.843190462,1.841176529
7,1830105,1000625,1000625,980678,1002084,1.866163002,1.826298993
7,1843179,1000000,1000000,999948,1001198,1.843274850,1.840973514
7,1843310,1000052,1000052,1000052,1001198,1.843214153,1.841104357
7,1843175,1000000,1000000,1000000,1001459,1.843175000,1.840489725
7,1834809,1000053,1000053,977604,1001302,1.876842771,1.832423185
7,1843506,1000156,1000156,1000156,1001302,1.843218458,1.841108876
7,1843119,999948,999948,999896,1001042,1.843310704,1.841200469
7,1844395,1000625,1000625,1000781,1002032,1.842955652,1.840654789
7,1821634,1000678,1000678,975000,1001979,1.868342564,1.818036107
7,1843700,1000313,1000313,1000260,1001459,1.843220763,1.841013961
7,1843503,1000157,1000157,1000104,1001250,1.843311296,1.841201498
7,1843576,1000209,1000209,1000156,1001302,1.843288447,1.841178785
7,1838445,1000625,1000625,993542,1001823,1.850394850,1.835099613
7,1835987,1000729,1000729,1000938,1002343,1.834266458,1.831695338
7,1840575,1000313,1000313,1000416,1001615,1.839809639,1.837607264
7,1843663,1000260,1000260,1000261,1001406,1.843181930,1.841074449
7,1808728,1000625,1000625,963960,1001875,1.876351716,1.805342982
7,1841108,1000209,1000209,1000208,1001511,1.840725129,1.838330283
7,1843399,1000000,1000000,1000053,1001198,1.843301305,1.841193250
7,1844166,1000520,1000520,1000573,1001927,1.843109898,1.840619127
7,1834892,1000573,1000573,977345,1001979,1.877425065,1.831267921
7,1843796,1000313,1000313,1000312,1001511,1.843220915,1.841014228
7,1843169,1000000,1000000,1000104,1001511,1.842977330,1.840388173
7,1843796,1000312,1000312,1000521,1001875,1.842835883,1.840345352
7,1829042,1000104,1000104,979688,1001406,1.866963768,1.826473978
7,1843527,1000209,1000209,1000156,1001198,1.843239455,1.841321097
7,1844249,1000573,1000573,1000677,1001667,1.843001288,1.841179753
7,1843471,1000157,1000157,1000156,1001093,1.843183463,1.841458286
7,1838544,1000312,1000312,996875,1001407,1.844307461,1.835960803
7,1843782,1000313,1000313,1000312,1001303,1.843206919,1.841382678
7,1843795,1000313,1000313,1000312,1001354,1.843219915,1.841301877
7,1843727,1000313,1000313,1000312,1001250,1.843151937,1.841425218
7,1822201,1000156,1000156,979062,1001249,1.861170181,1.819927910
7,1844314,1000625,1000625,1000729,1001822,1.842970475,1.840959771
7,1843226,1000000,1000000,1000104,1001094,1.843034324,1.841211714
7,1844257,1000573,1000573,1000677,1001823,1.843009283,1.840901037
7,1836861,1000572,1000572,980989,1001823,1.872458305,1.833518496
7,1843932,1000416,1000416,1000417,1001354,1.843163401,1.841438692
7,1844381,1000677,1000677,1000729,1001666,1.843037426,1.841313372
7,1843269,1000052,1000052,1000052,1000990,1.843173155,1.841445968
7,1832401,1000469,1000469,985469,1001510,1.859420235,1.829638246
7,1843588,1000208,1000208,1000260,1001511,1.843108792,1.840806541
7,1843216,1000000,1000000,1000000,1001094,1.843216000,1.841201725
7,1844063,1000469,1000469,1000468,1001511,1.843200382,1.841280825
7,1836699,1000469,1000469,994323,1001822,1.847185472,1.833358621
7,1843308,1000052,1000052,1000052,1001198,1.843212153,1.841102359
7,1843623,1000209,1000209,1000208,1001303,1.843239606,1.841223885
7,1843428,1000157,1000157,1000104,1001197,1.843236303,1.841224055
7,1825512,1000677,1000677,978489,1001875,1.865643865,1.822095571
7,1843585,1000260,1000260,1000209,1001562,1.843199771,1.840709811
7,1843169,999948,999948,1000000,1001094,1.843169000,1.841154777
7,1843760,1000260,1000260,1000313,1001406,1.843183084,1.841171313
7,1835569,1000208,1000208,978958,1001562,1.875023239,1.832706313
7,1843533,1000105,1000105,1000156,1001094,1.843245454,1.841518379
7,1844007,1000469,1000469,1000416,1001458,1.843240212,1.841322352
7,1843930,1000417,1000417,1000364,1001406,1.843259054,1.841341074
7,1830286,1000000,1000000,984947,1001250,1.858258363,1.828000999
7,1841891,1000000,1000000,1000000,1000990,1.841891000,1.840069331
7,1843770,1000312,1000312,1000365,1001302,1.843097269,1.841372533
7,1844034,1000416,1000416,1000469,1001406,1.843169553,1.841444928
7,1839518,1000416,1000416,997292,1001614,1.844512941,1.836553802
7,1844247,1000573,1000573,1000521,1001563,1.843286648,1.841368940
7,1843374,1000053,1000053,1000052,1001041,1.843278150,1.841457043
7,1843383,1000104,1000104,1000104,1001094,1.843191308,1.841368543
7,1831536,1000520,1000520,987449,1001771,1.854815793,1.828298084
7,1833004,1000520,1000520,1000573,1001666,1.831954290,1.829955294
7,1842269,1000208,1000208,1000312,1001302,1.841694391,1.839873485
7,1842717,1000104,1000104,1000105,1000990,1.842523535,1.840894514
7,1839153,1000261,1000261,995781,1001355,1.846945262,1.836664320
7,1842736,1000469,1000469,1000417,1001354,1.841967899,1.840244309
7,1843401,1000157,1000157,1000156,1001041,1.843113474,1.841484015
7,1844141,1000521,1000521,1000521,1001407,1.843180703,1.841549939
7,1833917,1000782,1000782,985936,1001980,1.860077125,1.830293020
7,1843767,1000312,1000312,1000416,1001510,1.843000312,1.840987109
7,1844575,1000781,1000781,1000833,1001875,1.843039748,1.841122895
7,1843876,1000365,1000365,1000365,1001302,1.843203231,1.841478395
7,1839203,1000573,1000573,993697,1001667,1.850869027,1.836142151
7,1843925,1000365,1000365,1000416,1001354,1.843158246,1.841431701
7,1843359,1000104,1000104,1000104,1001042,1.843167311,1.841440219
7,1843986,1000416,1000416,1000469,1001354,1.843121576,1.841492619
7,1833309,1000469,1000469,986981,1001719,1.857491684,1.830162950
7,1843638,1000209,1000209,1000208,1001250,1.843254603,1.841336330
7,1843575,1000208,1000208,1000156,1001146,1.843287447,1.841464681
7,1843587,1000208,1000208,1000209,1001094,1.843201771,1.841572320
7,1836517,1000469,1000469,983854,1001563,1.866656028,1.833651003
7,1843603,1000208,1000208,1000157,1001146,1.843313600,1.841492649
7,1843491,1000157,1000157,1000156,1001250,1.843203460,1.841189513
7,1843608,1000261,1000261,1000208,1001146,1.843224609,1.841497644
7,1828429,1000833,1000833,980990,1002135,1.863860998,1.824533621
7,1843566,1000208,1000208,1000208,1001302,1.843182618,1.841168798
7,1844075,1000469,1000469,1000469,1001563,1.843210534,1.841197209
7,1843176,1000000,1000000,999948,1001093,1.843271850,1.841163608
7,1836480,1000417,1000417,986562,1001666,1.861494767,1.833425513
7,1841657,1000156,1000156,1000104,1001250,1.841465488,1.839357803
7,1843603,1000208,1000208,1000209,1001615,1.843217767,1.840630382
7,1843816,1000313,1000313,1000312,1001771,1.843240909,1.840556375
7,1821297,1000312,1000312,975314,1001823,1.867395526,1.817982817
7,1844024,1000417,1000417,1000416,1001614,1.843257205,1.841052541
7,1843521,1000156,1000156,1000156,1001563,1.843233456,1.840644073
7,1843177,1000000,1000000,1000000,1001094,1.843177000,1.841162768
7,1834132,1000416,1000416,973439,1001927,1.884177642,1.830604425
7,1843787,1000312,1000312,1000364,1001458,1.843116106,1.841102672
7,1843860,1000365,1000365,1000364,1001458,1.843189079,1.841175566
7,1844001,1000468,1000468,1000417,1001563,1.843232372,1.841123324
7,1829028,1000625,1000625,981459,1002187,1.863580649,1.825036645
7,1844019,1000469,1000469,1000468,1001666,1.843156403,1.840951974
7,1844078,1000468,1000468,1000469,1001562,1.843213533,1.841202042
7,1843671,1000209,1000209,1000260,1001406,1.843191770,1.841082438
7,1832999,1000260,1000260,986563,1001719,1.857964469,1.829853482
7,1844120,1000521,1000521,1000469,1001771,1.843255513,1.840859837
7,1843665,1000261,1000261,1000208,1001354,1.843281597,1.841172053
7,1843770,1000313,1000313,1000260,1001406,1.843290744,1.841181299
7,1815924,1000260,1000260,971197,1001459,1.869779252,1.813278427
7,1843574,1000208,1000208,1000208,1001459,1.843190616,1.840888144
7,1843900,1000364,1000364,1000365,1001614,1.843227222,1.840928741
7,1875292,1023021,1023021,1004479,1024271,1.866930020,1.830855311
7,1843678,1000261,1000261,996302,1001979,1.850521227,1.840036568
7,1843573,1000208,1000208,1000156,1001302,1.843285447,1.841175789
7,1843374,1000104,1000104,1000104,1001198,1.843182309,1.841168280
7,1834979,1000572,1000572,987968,1001823,1.857326351,1.831639920
7,1835840,1000417,1000417,990729,1001823,1.853019342,1.832499354
7,1843187,1000000,1000000,1000000,1001094,1.843187000,1.841172757
7,1843819,1000313,1000313,1000365,1001563,1.843146252,1.840941608
7,1835185,1000052,1000052,989010,1001303,1.855577800,1.832796866
7,1843554,1000208,1000208,1000156,1001302,1.843266450,1.841156814
7,1843406,1000104,1000104,1000104,1001510,1.843214306,1.840626654
7,1843768,1000313,1000313,1000312,1001406,1.843192924,1.841179302
7,1834326,1000365,1000365,986251,1001563,1.859897734,1.831463423
7,1835533,1000156,1000156,992136,1001562,1.850082045,1.832670369
7,1843596,1000208,1000208,1000208,1001459,1.843212612,1.840910112
7,1844108,1000469,1000469,1000469,1001562,1.843243519,1.841231996
7,1837222,1000365,1000365,996509,1001563,1.843658211,1.834354903
7,1844007,1000469,1000469,1000416,1001666,1.843240212,1.840939994
7,1843243,1000000,1000000,1000000,1000990,1.843243000,1.841419994
7,1843248,1000000,1000000,1000052,1000989,1.843152156,1.841426829
7,1834489,1000156,1000156,986927,1001302,1.858788948,1.832103601
7,1836848,1000260,1000260,993074,1001407,1.849658736,1.834267186
7,1843919,1000364,1000364,1000417,1001354,1.843150406,1.841425710
7,1843302,1000052,1000052,1000053,1000989,1.843204310,1.841480776
7,1838800,1000209,1000209,996875,1001302,1.844564263,1.836408995
7,1843711,1000313,1000313,1000260,1001302,1.843231760,1.841313610
7,1843752,1000261,1000261,1000312,1001302,1.843176929,1.841354556
7,1843213,1000052,1000052,1000000,1000938,1.843213000,1.841485686
7,1835660,1000313,1000313,993386,1001459,1.847881891,1.832985674
7,1839124,999531,999531,992656,1001510,1.852730452,1.836351110
7,1843782,1000313,1000313,1000313,1001354,1.843205077,1.841288895
7,1843543,1000209,1000209,1000156,1001250,1.843255452,1.841241448
7,1834962,1000521,1000521,983177,1001771,1.866359770,1.831718027
7,1844009,1000469,1000469,1000417,1001563,1.843240369,1.841131312
7,1843241,1000052,1000052,1000000,1001458,1.843241000,1.840557467
7,1843406,1000156,1000156,1000104,1001250,1.843214306,1.841104619
7,1828523,1000313,1000313,981041,1001510,1.863859920,1.825766093
7,1843614,1000156,1000156,1000105,1001563,1.843420441,1.840736928
7,1843920,1000365,1000365,1000365,1001510,1.843247215,1.841139879
7,1844114,1000469,1000469,1000468,1001666,1.843251358,1.841046816
7,1835618,1000156,1000156,987916,1001406,1.858070929,1.833040745
7,1843598,1000208,1000208,1000208,1001562,1.843214611,1.840722791
7,1843891,1000417,1000417,1000365,1001510,1.843218225,1.841110923
7,1843720,1000312,1000312,1000313,1001459,1.843143096,1.841033931
7,1830071,1000469,1000469,980000,1001666,1.867419388,1.827027173
7,1843864,1000469,1000469,1000416,1001770,1.843097272,1.840606127
7,1843588,1000416,1000416,1000417,1001511,1.842819544,1.840806541
7,1843749,1000313,1000313,1000260,1001458,1.843269750,1.841064728
7,1833793,1000105,1000105,979636,1001250,1.871912629,1.831503620
7,1843766,1000209,1000209,1000260,1001302,1.843286745,1.841368538
7,1843585,1000313,1000313,1000313,1001406,1.843008138,1.840996559
7,1843370,1000261,1000261,1000312,1001354,1.842795048,1.840877452
7,1828897,1000521,1000521,986927,1001667,1.853122875,1.825853303
7,1842828,999896,999896,999895,1000937,1.843021517,1.841102887
7,1843484,1000209,1000209,1000260,1001094,1.843004819,1.841469432
7,1843538,1000156,1000156,1000209,1001041,1.843152781,1.841620873
7,1837680,1000209,1000209,997969,1001198,1.841419924,1.835481094
7,1843777,1000313,1000313,1000312,1001146,1.843201921,1.841666450
7,1844022,1000417,1000417,1000469,1001302,1.843157559,1.841624205
7,1843539,1000156,1000156,1000209,1001041,1.843153781,1.841621872
7,1832185,1000208,1000208,989375,1001146,1.851861023,1.830087719
7,1844186,1000678,1000678,1000573,1001615,1.843129887,1.841212442
7,1843556,1000365,1000365,1000416,1001354,1.842789400,1.841063200
7,1843150,1000261,1000261,1000312,1001198,1.842575117,1.840944548
7,1837564,1000521,1000521,986146,1001614,1.863379256,1.834602951
7,1843246,1000052,1000052,1000000,1001146,1.843246000,1.841136058
7,1843263,1000052,1000052,1000052,1001042,1.843167155,1.841344319
7,1843576,1000208,1000208,1000156,1001198,1.843288447,1.841370039
7,1828936,1000520,1000520,985990,1001667,1.854923478,1.825892238
7,1843443,1000156,1000156,1000104,1001250,1.843251302,1.841141573
7,1843097,1000052,1000052,1000053,1001094,1.842999321,1.841082855
7,1844145,1000521,1000521,1000469,1001562,1.843280501,1.841268938
7,1837377,1000416,1000416,996875,1001511,1.843136803,1.834604912
7,1843490,1000469,1000469,1000468,1001510,1.842627650,1.840710527
7,1843666,1000365,1000365,1000364,1001406,1.842995150,1.841077445
7,1843295,1000052,1000052,1000052,1001302,1.843199154,1.840898151
7,1830816,1000365,1000365,984478,1001614,1.859681984,1.827865825
7,1843475,1000052,1000052,1000105,1001145,1.843281455,1.841366635
7,1843884,1000364,1000364,1000365,1001407,1.843211228,1.841293300
7,1843712,1000469,1000469,1000469,1001563,1.842847704,1.840834775
7,1832375,1000677,1000677,979218,1002187,1.871263600,1.828376341
7,1843547,1000312,1000312,1000261,1001459,1.843065960,1.840861184
7,1843909,1000365,1000365,1000364,1001510,1.843238061,1.841128895
7,1843085,1000053,1000053,1000104,1001198,1.842893339,1.840879626
7,1825683,1000105,1000105,979010,1001458,1.864825691,1.823025030
7,1842664,1000000,1000000,1000000,1001459,1.842664000,1.839979470
7,1843597,1000208,1000208,1000208,1001302,1.843213612,1.841199758
7,1843283,1000156,1000156,1000156,1001302,1.842995493,1.840886166
7,1836521,1000521,1000521,993438,1001718,1.848651853,1.833371268
7,1843665,1000365,1000365,1000417,1001562,1.842896512,1.840789687
7,1843726,1000521,1000521,1000521,1001615,1.842765919,1.840753184
7,1843496,1000261,1000261,1000260,1001406,1.843016816,1.840907684
7,1828366,1000105,1000105,988803,1001250,1.849070037,1.826083396
7,1844005,1000416,1000416,1000417,1001510,1.843236370,1.841224751
7,1842748,999948,999948,999948,1001042,1.842843828,1.840829855
7,1842979,1000000,1000000,999948,1001146,1.843074840,1.840869364
7,1836719,1000156,1000156,984166,1001511,1.866269511,1.833947905
7,1843588,1000209,1000209,1000208,1001198,1.843204613,1.841382024
7,1843260,1000157,1000157,1000104,1001198,1.843068321,1.841054417
7,1844223,1000573,1000573,1000573,1001666,1.843166865,1.841155635
7,1825161,1000105,1000105,978384,1001458,1.865485331,1.822503789
7,1843244,1000104,1000104,1000105,1001094,1.843050480,1.841229695
7,1843144,1000208,1000208,1000208,1001146,1.842760706,1.841034175
7,1843173,1000208,1000208,1000157,1001146,1.842883667,1.841063142
7,1838084,1000157,1000157,996771,1001094,1.844038400,1.836075334
7,1843465,1000156,1000156,1000156,1001042,1.843177464,1.841546109
7,1842982,1000156,1000156,1000156,1001198,1.842694540,1.840776749
7,1844113,1000521,1000521,1000469,1001406,1.843248516,1.841523818
7,1828589,1000625,1000625,985573,1001771,1.855356224,1.825356294
7,1844153,1000521,1000521,1000417,1001563,1.843384309,1.841275087
7,1843295,1000053,1000053,1000000,1001094,1.843295000,1.841280639
7,1843510,1000313,1000313,1000260,1001407,1.843030812,1.840919826
7,1836686,1000208,1000208,980884,1001302,1.872480334,1.834297744
7,1843627,1000208,1000208,1000208,1001302,1.843243605,1.841229719
7,1843262,1000260,1000260,1000208,1001303,1.842878681,1.840863355
7,1834045,1000104,1000104,1000104,1001146,1.833854279,1.831945590
7,1826816,1000416,1000416,980417,1001979,1.863305104,1.823207872
7,1842202,1000365,1000365,1000416,1001458,1.841435963,1.839519980
7,1843711,1000625,1000625,1000781,1002031,1.842272185,1.839974013
7,1844011,1000416,1000416,1000521,1001667,1.843050771,1.840942149
7,1836181,1000208,1000208,984896,1001615,1.864339991,1.833220349
7,1843816,1000312,1000312,1000313,1001562,1.843239066,1.840940451
7,1843673,1000260,1000260,1000261,1001406,1.843191927,1.841084435
7,1843437,1000104,1000104,1000157,1001250,1.843147626,1.841135581
7,1830870,1000000,1000000,981980,1001198,1.864467708,1.828679242
7,1843394,1000104,1000104,1000052,1001042,1.843298148,1.841475183
7,1843259,1000052,1000052,1000052,1001093,1.843163156,1.841246518
7,1843712,1000260,1000260,1000417,1001459,1.842943493,1.841025943
7,1834231,1000781,1000781,970938,1001928,1.889132983,1.830701408
7,1843942,1000365,1000365,1000416,1001614,1.843175239,1.840970673
7,1843979,1000417,1000417,1000417,1001563,1.843210381,1.841101359
7,1844036,1000469,1000469,1000469,1001407,1.843171553,1.841445087
7,1828027,1000417,1000417,980469,1001511,1.864441405,1.825269019
7,1844273,1000573,1000573,1000573,1001510,1.843216837,1.841492347
7,1843810,1000312,1000312,1000365,1001406,1.843137255,1.841221243
7,1843294,1000052,1000052,1000052,1000990,1.843198154,1.841470944
7,1838091,1000521,1000521,994947,1001510,1.847426044,1.835319667
7,1843967,1000417,1000417,1000417,1001406,1.843198386,1.841378023
7,1842544,1000000,1000000,999948,1000990,1.842639817,1.840721686
7,1838074,1000677,1000677,1000729,1001771,1.836735020,1.834824526
7,1798483,1000521,1000521,963906,1001667,1.865828203,1.795489918
7,1836367,1000052,1000052,1000052,1000989,1.836271514,1.834552627
7,1837474,1000208,1000208,1000209,1001250,1.837090048,1.835180025
7,1836414,1000520,1000520,1000469,1001511,1.835553126,1.833643365
7,1830678,1000677,1000677,983490,1001771,1.861409877,1.827441601
7,1836520,1000000,1000000,999895,1001146,1.836712855,1.834417757
7,1835866,1000000,1000000,1000000,1000938,1.835866000,1.834145571
7,1844115,1000521,1000521,1000469,1001563,1.843250516,1.841237146
7,1824700,1000782,1000782,985937,1003385,1.850726771,1.818544228
7,1834627,1000156,1000156,1000157,1001302,1.834339009,1.832241422
7,1836060,1000000,1000000,1000000,1001094,1.836060000,1.834053545
7,1835667,1000208,1000208,1000208,1001302,1.835285261,1.833280069
7,1832310,1000417,1000417,993542,1001614,1.844219973,1.829357417
7,1835863,1000052,1000052,1000052,1001146,1.835767540,1.833761509
7,1838044,1000208,1000208,1000208,1001510,1.837661766,1.835272738
7,1836819,1000156,1000156,1000105,1001198,1.836626154,1.834621124
7,1819592,1000520,1000520,979739,1001667,1.857221158,1.816563788
7,1836120,1000520,1000520,1000573,1001927,1.835068506,1.832588602
7,1835127,1000052,1000052,1000052,1001146,1.835031578,1.833026352
7,1836713,1000000,1000000,1000052,1001198,1.836617496,1.834515251
7,1834790,1000053,1000053,972657,1001406,1.886368987,1.832213907
7,1834849,1000260,1000260,1000209,1001458,1.834465597,1.832177685
7,1837286,1000208,1000208,1000105,1001198,1.837093105,1.835087565
7,1834815,1000416,1000416,1000417,1001458,1.834050201,1.832143734
7,1809891,1000156,1000156,969635,1001459,1.866569379,1.807254216
7,1834394,1000053,1000053,1000000,1000989,1.834394000,1.832581577
7,1836999,1000052,1000052,1000104,1001094,1.836807972,1.834991519
7,1836908,1000208,1000208,1000209,1001198,1.836524166,1.834710017
7,1831023,1000052,1000052,995574,1001146,1.839163136,1.828927050
7,1834216,1000105,1000105,1000104,1001041,1.834025261,1.832308567
7,1836517,1000156,1000156,1000105,1001042,1.836324186,1.834605341
7,1838857,1000365,1000365,1000364,1001250,1.838187900,1.836561298
7,1829739,1000573,1000573,986719,1001718,1.854366846,1.826600900
7,1836271,1000105,1000105,1000000,1001407,1.836271000,1.833690997
7,1824381,1000573,1000573,1000677,1001666,1.823146730,1.821346637
7,1843967,1000417,1000417,1000469,1001459,1.843102585,1.841280572
7,1836477,1000313,1000313,979322,1001303,1.875253492,1.834087184
7,1843187,1000000,1000000,1000000,1000990,1.843187000,1.841364050
7,1843948,1000417,1000417,1000364,1001355,1.843277047,1.841452831
7,1844237,1000573,1000573,1000573,1001459,1.843180857,1.841550178
7,1831985,1000209,1000209,985677,1001302,1.858605811,1.829602857
7,1843692,1000260,1000260,1000313,1001406,1.843115105,1.841103409
7,1843872,1000364,1000364,1000469,1001511,1.843007629,1.841090113
7,1843723,1000313,1000313,1000364,1001355,1.843052129,1.841228136
7,1838605,1000104,1000104,995677,1001145,1.846587799,1.836502205
7,1843500,1000156,1000156,1000156,1001146,1.843212459,1.841389767
7,1843495,1000156,1000156,1000157,1001146,1.843205617,1.841384773
7,1843941,1000365,1000365,1000365,1001354,1.843268207,1.841447680
7,1829462,1000365,1000365,981614,1001458,1.863728512,1.826798528
7,1844255,1000573,1000573,1000677,1001719,1.843007284,1.841090166
7,1843868,1000365,1000365,1000364,1001302,1.843197076,1.841470406
7,1843491,1000156,1000156,1000156,1001041,1.843203460,1.841573922
7,1836718,1000468,1000468,980521,1001562,1.873206183,1.833853521
7,1843243,1000000,1000000,1000000,1001041,1.843243000,1.841326179
7,1843534,1000208,1000208,1000157,1001094,1.843244611,1.841519378
7,1843601,1000209,1000209,1000208,1001093,1.843217611,1.841588144
7,1825866,1000625,1000625,981458,1001927,1.860360810,1.822354323
7,1843366,1000521,1000521,1000573,1001771,1.842310356,1.840107170
7,1843340,1000156,1000156,1000156,1001563,1.843052484,1.840463356
7,1843234,1000000,1000000,1000052,1001093,1.843138157,1.841221545
7,1836286,1000417,1000417,987397,1001719,1.859724103,1.833134841
7,1843599,1000417,1000417,1000416,1001771,1.842832382,1.840339758
7,1841912,1000260,1000260,1000261,1001614,1.841431386,1.838943944
7,1843403,1000208,1000208,1000208,1001615,1.843019652,1.840430704
7,1824298,1000209,1000209,983282,1001562,1.855315159,1.821452891
7,1843053,1000104,1000104,1000156,1001250,1.842765529,1.840752060
7,1843191,1000000,1000000,999948,1001146,1.843286851,1.841081121
7,1843313,1000052,1000052,1000053,1001198,1.843215310,1.841107353
7,1832709,1000625,1000625,973072,1001823,1.883425892,1.829374051
7,1842748,1000052,1000052,1000052,1001459,1.842652182,1.840063348
7,1843976,1000364,1000364,1000313,1001510,1.843399016,1.841195794
7,1843328,1000052,1000052,1000104,1001094,1.843136314,1.841313603
7,1830469,1000104,1000104,981718,1001459,1.864556828,1.827802237
7,1842829,1000312,1000312,1000313,1001302,1.842252375,1.840432757
7,1843282,1000052,1000052,1000052,1001302,1.843186154,1.840885168
7,1843502,1000364,1000364,1000313,1001406,1.842925164,1.840913675
7,1837895,1000208,1000208,994376,1001510,1.848289782,1.835123963
7,1842781,1000104,1000104,1000052,1001250,1.842685180,1.840480400
7,1844015,1000469,1000469,1000416,1001667,1.843248209,1.840946143
7,1843658,1000469,1000469,1000417,1001510,1.842889515,1.840878274
7,1828194,1000260,1000260,981198,1001615,1.863226382,1.825246227
7,1843484,1000156,1000156,1000156,1001197,1.843196461,1.841279988
7,1843628,1000209,1000209,1000208,1001250,1.843244605,1.841326342
7,1843295,1000052,1000052,1000052,1001302,1.843199154,1.840898151
7,1834861,1000521,1000521,976250,1001927,1.879499104,1.831332023
7,1844187,1000573,1000573,1000521,1001667,1.843226679,1.841117857
7,1844166,1000521,1000521,1000468,1001666,1.843303334,1.841098730
7,1843873,1000468,1000468,1000417,1001562,1.843104425,1.840997362
7,1822913,1000677,1000677,975624,1001979,1.868458546,1.819312580
7,1843073,1000053,1000053,1000000,1001459,1.843073000,1.840387874
7,1843479,1000156,1000156,1000105,1001250,1.843285455,1.841177528
7,1843698,1000260,1000260,1000209,1001354,1.843312748,1.841205008
7,1836775,1000208,1000208,995886,1001458,1.844362708,1.834100881
7,1843230,1000052,1000052,1000000,1001146,1.843230000,1.841120076
7,1843347,1000156,1000156,1000208,1001302,1.842963664,1.840950083
7,1843806,1000312,1000312,1000313,1001458,1.843229069,1.841121645
7,1817565,1000677,1000677,973906,1002083,1.866263274,1.813786882
7,1843355,1000104,1000104,1000104,1001197,1.843163311,1.841151142
7,1843496,1000365,1000365,1000313,1001719,1.842919166,1.840332468
7,1843680,1000260,1000260,1000260,1001406,1.843200768,1.841091425
7,1831370,1000261,1000261,974896,1001667,1.878528582,1.828322187
7,1843899,1000417,1000417,1000312,1001510,1.843323883,1.841118910
7,1842565,1000000,1000000,999948,1001042,1.842660818,1.840647046
7,1843006,1000104,1000104,1000052,1001354,1.842910169,1.840513944
7,1824202,1000104,1000104,978281,1001406,1.864701451,1.821640773
7,1843543,1000208,1000208,1000157,1001146,1.843253609,1.841432718
7,1843841,1000365,1000365,1000313,1001302,1.843264058,1.841443441
7,1843902,1000469,1000469,1000469,1001510,1.843037615,1.841121906
7,1839668,1000416,1000416,996510,1001510,1.846110927,1.836894290
7,1844111,1000469,1000469,1000468,1001406,1.843248360,1.841521820
7,1844095,1000469,1000469,1000521,1001407,1.843134727,1.841504004
7,1843255,1000053,1000053,1000000,1000989,1.843255000,1.841433822
7,1827985,1000417,1000417,983594,1001719,1.858475143,1.824848086
7,1842231,1000000,1000000,999948,1001094,1.842326801,1.840217802
7,1843026,1000000,1000000,1000000,1001094,1.843026000,1.841011933
7,1843611,1000313,1000313,1000312,1001354,1.843035973,1.841118126
7,1817552,990782,990782,972240,1001615,1.869447873,1.814621386
7,1843338,1000052,1000052,1000104,1001198,1.843146313,1.841132323
7,1843136,999948,999948,999947,1001094,1.843233691,1.841121813
7,1843402,1000312,1000312,1000261,1001719,1.842920998,1.840238630
7,1826326,1000209,1000209,981406,1001719,1.860928097,1.823191933
7,1843632,1000261,1000261,1000208,1001459,1.843248604,1.840946060
7,1843020,1000312,1000312,1000313,1001406,1.842443315,1.840432352
7,1843179,1000000,1000000,1000000,1001146,1.843179000,1.841069135
7,1837953,1000572,1000572,993386,1001771,1.850190158,1.834703740
7,1843365,1000416,1000416,1000417,1001563,1.842596637,1.840488317
7,1843621,1000260,1000260,1000260,1001354,1.843141783,1.841128113
7,1843266,1000104,1000104,1000104,1001250,1.843074320,1.840964794
7,1829819,1000364,1000364,982709,1001823,1.862015103,1.826489310
7,1844007,1000573,1000573,1000520,1001927,1.843048615,1.840460433
7,1843375,1000208,1000208,1000156,1001302,1.843087478,1.840978047
7,1844039,1000417,1000417,1000468,1001614,1.843176393,1.841067517
7,1834448,1000521,1000521,982812,1001719,1.866529916,1.831299995
7,1843768,1000365,1000365,1000313,1001407,1.843191081,1.841177463
7,1843455,1000156,1000156,1000105,1001250,1.843261458,1.841153558
7,1843843,1000364,1000364,1000365,1001511,1.843170243,1.841061157
7,1827042,1000365,1000365,980364,1001667,1.863636364,1.824001390
7,1843262,1000104,1000104,1000104,1001250,1.843070321,1.840960799
7,1843283,1000104,1000104,1000156,1001562,1.842995493,1.840408282
7,1843041,1000000,1000000,1000000,1001302,1.843041000,1.840644481
7,1833430,1000573,1000573,988281,1002083,1.855170746,1.829618904
7,1843125,1000364,1000364,1000313,1001459,1.842548282,1.840439798
7,1843271,1000208,1000208,1000208,1001354,1.842887679,1.840778586
7,1843950,1000521,1000521,1000521,1001667,1.842989802,1.840881251
7,1827310,1000260,1000260,983750,1001875,1.857494282,1.823890206
7,1843324,1000052,1000052,1000052,1001510,1.843228152,1.840544777
7,1843615,1000209,1000209,1000208,1001354,1.843231608,1.841122121
7,1843524,1000209,1000209,1000156,1001302,1.843236455,1.841126853
7,1836810,1000573,1000573,979010,1001875,1.876191254,1.833372427
7,1843150,1000052,1000052,1000105,1001250,1.842956490,1.840848939
7,1843426,1000208,1000208,1000209,1001354,1.843040804,1.840933376
7,1843916,1000469,1000469,1000520,1001823,1.842957662,1.840560658
7,1828888,1000208,1000208,980833,1001562,1.864627312,1.826035732
7,1844099,1000521,1000521,1000469,1001563,1.843234523,1.841221171
7,1843126,1000052,1000052,1000052,1001146,1.843030162,1.841016195
7,1843837,1000468,1000468,1000469,1001563,1.842972646,1.840959580
7,1839370,1000365,1000365,996249,1001562,1.846295454,1.836501385
7,1843262,1000053,1000053,1000000,1001094,1.843262000,1.841247675
7,1843713,1000417,1000417,1000364,1001458,1.843042133,1.841028780
7,1843368,1000053,1000053,1000052,1001146,1.843272150,1.841257918
7,1830766,1000469,1000469,982187,1001927,1.863968878,1.827244899
7,1843299,1000052,1000052,1000053,1001250,1.843201310,1.840997753
7,1843572,1000364,1000364,1000417,1001511,1.842803551,1.840790565
7,1843478,1000156,1000156,1000156,1001302,1.843190462,1.841080913
7,1833792,1000364,1000364,982396,1001562,1.866652552,1.830932084
7,1843638,1000261,1000261,1000208,1001354,1.843254603,1.841145090
7,1843445,1000156,1000156,1000156,1001250,1.843157467,1.841143571
7,1843170,1000209,1000209,1000208,1001302,1.842786700,1.840773313
7,1827093,1000208,1000208,982657,1001667,1.859339525,1.824052305
7,1843903,1000521,1000521,1000521,1001615,1.842942827,1.840929898
7,1843939,1000417,1000417,1000416,1001562,1.843172240,1.841063259
7,1843529,1000209,1000209,1000208,1001615,1.843145626,1.840556501
7,1836326,1000260,1000260,993177,1001718,1.848941327,1.833176603
7,1843358,1000052,1000052,1000104,1001198,1.843166311,1.841152300
7,1842541,1000052,1000052,1000052,1001146,1.842445193,1.840431865
7,1844144,1000469,1000469,1000521,1001667,1.843183701,1.841074928
7,1827733,1000677,1000677,977552,1002187,1.869704118,1.823744471
7,1843046,1000104,1000104,1000104,1001250,1.842854343,1.840745069
7,1843635,1000364,1000364,1000313,1001459,1.843058123,1.840949055
7,1843592,1000312,1000312,1000365,1001458,1.842919334,1.840907956
7,1836112,1000417,1000417,978072,1001823,1.877276928,1.832770859
7,1843240,1000156,1000156,1000104,1001302,1.843048323,1.840843222
7,1843391,1000104,1000104,1000104,1001250,1.843199307,1.841089638
7,1843005,1000000,1000000,1000000,1001146,1.843005000,1.840895334
7,1814989,1000208,1000208,972188,1001511,1.866911544,1.812250689
7,1843156,999948,999948,1000000,1001406,1.843156000,1.840568161
7,1843516,1000209,1000209,1000208,1001302,1.843132628,1.841118863
7,1843888,1000521,1000521,1000469,1001615,1.843023622,1.840914922
7,1836862,1000208,1000208,995000,1001458,1.846092462,1.834187754
7,1844203,1000521,1000521,1000469,1001615,1.843338474,1.841229414
7,1843321,1000052,1000052,1000105,1001197,1.843127472,1.841117183
7,1843593,1000312,1000312,1000313,1001459,1.843016136,1.840907117
7,1825834,1000104,1000104,981614,1001614,1.860032559,1.822891853
7,1842407,1000052,1000052,1000104,1001198,1.842215410,1.840202437
7,1843935,1000364,1000364,1000417,1001563,1.843166400,1.841057427
7,1843234,1000364,1000364,1000365,1001562,1.842561465,1.840359359
7,1833930,1000052,1000052,993177,1001250,1.846528866,1.831640449
7,1843251,1000000,1000000,1000052,1001250,1.843155156,1.840949813
7,1843204,1000209,1000209,1000208,1001250,1.842820693,1.840902871
7,1833536,1000417,1000417,1000417,1001510,1.832771734,1.830771535
7,1828453,1000573,1000573,985469,1001927,1.855414021,1.824936348
7,1844261,1000573,1000573,1000625,1001822,1.843109057,1.840906868
7,1844097,1000468,1000468,1000469,1001511,1.843232524,1.841314773
7,1844090,1000469,1000469,1000468,1001562,1.843227370,1.841214024
7,1839727,1000573,1000573,995625,1001667,1.847811174,1.836665279
7,1842912,1000625,1000625,1000573,1001615,1.841856616,1.839940496
7,1843945,1000416,1000416,1000417,1001407,1.843176395,1.841354215
7,1843655,1000260,1000260,1000261,1001302,1.843173932,1.841257682
7,1822726,1000208,1000208,976980,1001458,1.865673811,1.820072335
7,1843976,1000417,1000417,1000469,1001563,1.843111581,1.841098363
7,1838851,1000521,1000521,999531,1001511,1.839713826,1.836076688
7,1867310,1016927,1016927,995782,1017968,1.875219677,1.834350392
7,1844328,1000625,1000625,1000573,1001458,1.843271805,1.841642885
7,1843367,1000104,1000104,1000052,1001146,1.843271150,1.841256920
7,1843516,1000208,1000208,1000157,1001093,1.843226613,1.841503237
7,1837757,1000573,1000573,991459,1001511,1.853588499,1.834984339
7,1827768,1000521,1000521,984530,1001562,1.856487867,1.824917479
7,1843732,1000313,1000313,1000365,1001302,1.843059283,1.841334582
7,1843951,1000416,1000416,1000365,1001406,1.843278203,1.841362045
7,1836088,1000260,1000260,989480,1001354,1.855609007,1.833605298
7,1843822,1000364,1000364,1000417,1001355,1.843053447,1.841327002
7,1843477,1000156,1000156,1000156,1001094,1.843189462,1.841462440
7,1843834,1000313,1000313,1000364,1001250,1.843163089,1.841532085
7,1837231,1000313,1000313,991303,1001302,1.853349581,1.834842036
7,1835130,1000677,1000677,992239,1001823,1.849483844,1.831790646
7,1843462,1000469,1000469,1000469,1001667,1.842597822,1.840394063
7,1836383,1000156,1000156,1000157,1001146,1.836094733,1.834280914
7,1827758,1000625,1000625,981354,1001667,1.862485912,1.824716198
7,1834904,999375,999375,999375,1001719,1.836051532,1.831755213
7,1837565,1000365,1000365,1000364,1001406,1.836896370,1.834985011
7,1836705,1000260,1000260,1000261,1001250,1.836225745,1.834411985
7,1828642,1000469,1000469,988073,1001615,1.850715484,1.825693505
7,1826468,1000521,1000521,989583,1001719,1.845694601,1.823333689
7,1835381,1000364,1000364,1000365,1001459,1.834711330,1.832707080
7,1839426,1000469,1000469,1000573,1001510,1.838372612,1.836652654
7,1835845,1000156,1000156,997135,1001094,1.841119808,1.833838780
7,1834593,1000313,1000313,1000260,1001354,1.834116130,1.832112320
7,1835853,1000209,1000209,1000156,1001146,1.835566652,1.833751521
7,1835736,1000000,1000000,1000052,1000937,1.835640547,1.834017526
7,1828770,1000105,1000105,990782,1001198,1.845784441,1.826581755
7,1830576,1000365,1000365,994531,1001458,1.840642474,1.827910906
7,1836778,1000000,1000000,1000000,1000989,1.836778000,1.834963221
7,1837533,1000417,1000417,1000469,1001354,1.836671601,1.835048345
7,1827565,1000938,1000938,983489,1002031,1.858246508,1.823860739
7,1837002,1000417,1000417,1000416,1001563,1.836238125,1.834135247
7,1838813,1000521,1000521,1000521,1001562,1.837855477,1.835945254
7,1834830,1000260,1000260,1000313,1001250,1.834255878,1.832539326
7,1830027,1003594,1003594,979428,1004635,1.868465063,1.821583958
7,1836541,1000261,1000261,1000312,1001354,1.835968178,1.834057686
7,1837067,1000105,1000105,1000104,1001042,1.836875965,1.835154769
7,1834916,1000365,1000365,1000469,1001510,1.834055828,1.832149454
7,1824359,1000209,1000209,997031,1001302,1.829791651,1.821986773
7,1839029,1000261,1000261,1000208,1001250,1.838646562,1.836733084
7,1842278,1000261,1000261,1000208,1001250,1.841894886,1.839978027
7,1844008,1000469,1000469,1000468,1001510,1.843145408,1.841227746
7,1831145,1000156,1000156,987657,1001198,1.854029283,1.828953913
7,1843566,1000208,1000208,1000208,1001198,1.843182618,1.841360051
7,1843678,1000260,1000260,1000260,1001198,1.843198768,1.841471917
7,1844257,1000573,1000573,1000573,1001563,1.843200846,1.841378925
7,1836004,1000365,1000365,976040,1001614,1.881074546,1.833045465
7,1843867,1000364,1000364,1000417,1001563,1.843098428,1.840989533
7,1843317,1000417,1000417,1000416,1001458,1.842550499,1.840633357
7,1844502,1000677,1000677,1000781,1001823,1.843062568,1.841145592
7,1832018,1000156,1000156,982603,1001198,1.864453905,1.829825869
7,1843538,1000261,1000261,1000260,1001302,1.843058805,1.841140835
7,1843619,1000417,1000417,1000468,1001354,1.842756590,1.841126115
7,1842908,1000052,1000052,1000052,1000989,1.842812174,1.841087165
7,1837522,1000000,1000000,993802,1001094,1.848981990,1.835513948
7,1843960,1000417,1000417,1000417,1001302,1.843191389,1.841562286
7,1843380,1000365,1000365,1000416,1001354,1.842613473,1.840887438
7,1843247,1000156,1000156,1000156,1001198,1.842959498,1.841041432
7,1817485,1000417,1000417,969844,1001459,1.873997261,1.814837153
7,1843538,1000209,1000209,1000104,1001198,1.843346292,1.841332084
7,1843740,1000313,1000313,1000260,1001250,1.843260752,1.841438202
7,1843938,1000417,1000417,1000417,1001406,1.843169398,1.841349063
7,1828391,1000469,1000469,982396,1001510,1.861154769,1.825634292
7,1838970,1000156,1000156,1000156,1001041,1.838683165,1.837057623
7,1844116,1000521,1000521,1000521,1001406,1.843155716,1.841526813
7,1843480,1000156,1000156,1000156,1001146,1.843192462,1.841369790
7,1823111,1000104,1000104,975989,1001093,1.867962651,1.821120515
7,1842865,1000260,1000260,1000260,1001250,1.842385980,1.840564295
7,1843494,1000260,1000260,1000313,1001250,1.842917167,1.841192509
7,1843368,1000312,1000312,1000261,1001198,1.842887006,1.841162288
7,1838939,1000208,1000208,997657,1001198,1.843257753,1.836738587
7,1843638,1000365,1000365,1000365,1001250,1.842965318,1.841336330
7,1843893,1000365,1000365,1000364,1001354,1.843222067,1.841399745
7,1843583,1000209,1000209,1000208,1001146,1.843199614,1.841472672
7,1832103,1000052,1000052,988543,1001146,1.853336678,1.830005813
7,1843617,1000312,1000312,1000313,1001250,1.843040128,1.841315356
7,1843828,1000312,1000312,1000313,1001250,1.843251062,1.841526092
7,1843213,1000104,1000104,1000104,1001042,1.843021326,1.841294371
7,1834060,1000521,1000521,977604,1001667,1.876076612,1.831007710
7,1843083,999948,999948,999896,1000938,1.843274701,1.841355808
7,1843191,1000208,1000208,1000208,1001093,1.842807696,1.841178592
7,1842639,1000000,1000000,999948,1000886,1.842734822,1.841007867
7,1829724,1000677,1000677,984377,1001875,1.858763462,1.826299688
7,1842838,999948,999948,999896,1001198,1.843029675,1.840632922
7,1843385,1000104,1000104,1000053,1001146,1.843287306,1.841274899
7,1843205,1000000,1000000,1000052,1001094,1.843109158,1.841190737
7,1835085,1000573,1000573,989999,1001927,1.853623084,1.831555592
7,1843571,1000208,1000208,1000208,1001198,1.843187617,1.841365045
7,1842513,1000365,1000365,1000417,1001615,1.841744992,1.839542139
7,1843778,1000313,1000313,1000312,1001354,1.843202921,1.841284900
7,1828697,1000521,1000521,980313,1001823,1.865421554,1.825369352
7,1843509,1000157,1000157,1000156,1001458,1.843221457,1.840825077
7,1843624,1000364,1000364,1000313,1001354,1.843047126,1.841131108
7,1843357,1000208,1000208,1000208,1001250,1.842973661,1.841055680
7,1830606,1000365,1000365,975521,1001666,1.876541868,1.827561283
7,1843485,1000157,1000157,1000156,1001354,1.843197461,1.840992296
7,1842883,1000261,1000261,1000260,1001354,1.842403975,1.840391110
7,1843328,1000052,1000052,1000052,1001510,1.843232152,1.840548771
7,1826333,1000625,1000625,978334,1002031,1.866778626,1.822631236
7,1842715,1000157,1000157,1000156,1001407,1.842427581,1.840125943
7,1844002,1000521,1000521,1000521,1001614,1.843041775,1.841030577
7,1843526,1000261,1000261,1000260,1001407,1.843046808,1.840935803
7,1838231,1000469,1000469,996927,1001980,1.843897296,1.834598495
7,1843703,1000260,1000260,1000261,1001406,1.843221919,1.841114393
7,1843724,1000260,1000260,1000261,1001406,1.843242914,1.841135364
7,1843480,1000156,1000156,1000105,1001250,1.843286455,1.841178527
7,1831213,1000625,1000625,982084,1002135,1.864619523,1.827311690
7,1843411,1000157,1000157,1000104,1001302,1.843219305,1.841014000
7,1843923,1000365,1000365,1000365,1001510,1.843250214,1.841142874
7,1843731,1000416,1000416,1000417,1001510,1.842962485,1.840951164
7,1836854,1000677,1000677,982968,1001823,1.868681381,1.833511509
7,1843177,1000000,1000000,999948,1001407,1.843272850,1.840587294
7,1843810,1000313,1000313,1000365,1001823,1.843137255,1.840454851
7,1843307,1000104,1000104,1000052,1001511,1.843211153,1.840525965
7,1828708,1000469,1000469,982604,1002031,1.861083407,1.825001422
7,1843813,1000417,1000417,1000417,1001562,1.843044450,1.840937456
7,1843988,1000469,1000469,1000417,1001563,1.843219378,1.841110345
7,1844094,1000521,1000521,1000469,1001666,1.843229525,1.841026849
7,1835353,1000208,1000208,995677,1001406,1.843321680,1.832776117
7,1843348,1000209,1000209,1000156,1001302,1.843060483,1.840951082
7,1844081,1000469,1000469,1000469,1001614,1.843216531,1.841109449
7,1842706,1000000,1000000,1000052,1001198,1.842610184,1.840501080
7,1819142,1000625,1000625,978438,1001927,1.859230733,1.815643255
7,1843310,1000052,1000052,1000156,1001511,1.843022488,1.840528961
7,1843253,1000104,1000104,1000104,1001250,1.843061322,1.840951810
7,1843205,1000000,1000000,1000000,1001146,1.843205000,1.841095105
7,1836693,1000313,1000313,980834,1001562,1.872582924,1.833828560
7,1843095,1000052,1000052,1000052,1001146,1.842999164,1.840985231
7,1843629,1000416,1000416,1000417,1001667,1.842860527,1.840560785
7,1843657,1000261,1000261,1000208,1001302,1.843273599,1.841259680
7,1825171,1000521,1000521,978958,1001823,1.864401741,1.821849768
7,1843524,1000157,1000157,1000156,1001459,1.843236455,1.840838217
7,1843844,1000313,1000313,1000364,1001562,1.843173085,1.840968407
7,1843618,1000208,1000208,1000209,1001250,1.843232764,1.841316355
7,1837938,1000052,1000052,993854,1001198,1.849303821,1.835738785
7,1843826,1000364,1000364,1000313,1001614,1.843249063,1.840854860
7,1843927,1000521,1000521,1000520,1001563,1.842968656,1.841049440
7,1843747,1000417,1000417,1000417,1001458,1.842978478,1.841062731
7,1826364,1000209,1000209,982760,1001458,1.858402865,1.823705038
7,1843245,1000000,1000000,1000000,1001042,1.843245000,1.841326338
7,1844032,1000416,1000416,1000417,1001458,1.843263359,1.841347316
7,1843952,1000520,1000520,1000521,1001510,1.842991801,1.841171831
7,1835738,1000521,1000521,983177,1001875,1.867149048,1.832302433
7,1843409,1000417,1000417,1000416,1001511,1.842642461,1.840627811
7,1842944,999948,999948,999948,1001042,1.843039838,1.841025651
7,1843732,1000313,1000313,1000260,1001407,1.843252754,1.841141514
7,1828440,1000261,1000261,983542,1001614,1.859036015,1.825493653
7,1844025,1000468,1000468,1000417,1001562,1.843256362,1.841149125
7,1844184,1000521,1000521,1000520,1001667,1.843225523,1.841114862
7,1843344,1000156,1000156,1000157,1001302,1.843054640,1.840947087
7,1838032,1000573,1000573,996459,1001823,1.844563600,1.834687365
7,1843825,1000312,1000312,1000313,1001510,1.843248063,1.841045022
7,1843763,1000312,1000312,1000312,1001458,1.843187925,1.841078707
7,1843144,1000104,1000104,1000052,1001459,1.843048161,1.840458771
7,1816076,1000209,1000209,973072,1001615,1.866332604,1.813147766
7,1844012,1000573,1000573,1000521,1001667,1.843051770,1.840943148
7,1843373,1000208,1000208,1000208,1001354,1.842989658,1.840880448
7,1843539,1000208,1000208,1000156,1001302,1.843251453,1.841141833
7,1834758,1000573,1000573,982917,1001823,1.866645912,1.831419323
7,1843214,1000000,1000000,1000000,1001146,1.843214000,1.841104095
7,1844044,1000469,1000469,1000416,1001563,1.843277197,1.841166257
7,1844050,1000469,1000469,1000417,1001563,1.843281352,1.841172248
7,1827927,1000468,1000468,983438,1001927,1.858710971,1.824411359
7,1843360,1000521,1000521,1000468,1001927,1.842497711,1.839814677
7,1844221,1000573,1000573,1000572,1001667,1.843166709,1.841151800
7,1843662,1000260,1000260,1000209,1001354,1.843276755,1.841169057
7,1833836,1000208,1000208,987761,1001666,1.856558418,1.830785911
7,1843285,1000260,1000260,1000261,1001406,1.842804028,1.840696980
7,1843324,1000052,1000052,1000000,1001354,1.843324000,1.840831514
7,1843696,1000312,1000312,1000260,1001406,1.843216764,1.841107403
7,1829284,1000364,1000364,984271,1001510,1.858516608,1.826525946
7,1842933,1000052,1000052,1000052,1001302,1.842837172,1.840536621
7,1843292,1000052,1000052,1000052,1001094,1.843196154,1.841277642
7,1843410,1000104,1000104,1000104,1001406,1.843218305,1.840821805
7,1834924,1000677,1000677,984634,1001875,1.863559455,1.831489956
7,1843442,1000260,1000260,1000209,1001302,1.843056801,1.841044959
7,1842981,999948,999948,1000000,1000989,1.842981000,1.841160093
7,1843704,1000261,1000261,1000260,1001250,1.843224762,1.841402247
7,1827092,1000365,1000365,983280,1001563,1.858160443,1.824240712
7,1843397,1000104,1000104,1000052,1001146,1.843301148,1.841286885
7,1843663,1000261,1000261,1000208,1001146,1.843279598,1.841552581
7,1843380,1000104,1000104,1000052,1000990,1.843284149,1.841556859
7,1837396,1000365,1000365,997031,1001302,1.842867474,1.835006821
7,1843322,1000157,1000157,1000156,1001145,1.843034487,1.841213810
7,1843725,1000417,1000417,1000364,1001302,1.843054128,1.841327591
7,1843523,1000156,1000156,1000157,1001094,1.843233612,1.841508390
7,1828025,1000416,1000416,986511,1001614,1.853020392,1.825079322
7,1843399,1000105,1000105,1000104,1001146,1.843207306,1.841288883
7,1843253,1000052,1000052,1000000,1001094,1.843253000,1.841238685
7,1843481,1000156,1000156,1000156,1001198,1.843193462,1.841275152
7,1837359,1000313,1000313,984999,1001407,1.865340980,1.834777468
7,1843841,1000312,1000312,1000365,1001458,1.843168244,1.841156594
7,1843469,1000104,1000104,1000156,1001250,1.843181464,1.841167541
7,1843940,1000469,1000469,1000468,1001927,1.843077440,1.840393562
7,1824924,1000156,1000156,980781,1001667,1.860684495,1.821886915
7,1843634,1000313,1000313,1000312,1001562,1.843058966,1.840758735
7,1843882,1000364,1000364,1000313,1001511,1.843305046,1.841100098
7,1843394,1000208,1000208,1000209,1001354,1.843008811,1.840901419
7,1837482,1000156,1000156,995886,1001354,1.845072629,1.834997414
7,1843825,1000313,1000313,1000260,1001458,1.843345730,1.841140617
7,1843227,1000052,1000052,1000000,1001146,1.843227000,1.841117080
7,1843859,1000365,1000365,1000364,1001458,1.843188080,1.841174567
7,1826824,1000209,1000209,982187,1001719,1.859955385,1.823689078
7,1843363,1000104,1000104,1000052,1001250,1.843267150,1.841061673
7,1843953,1000521,1000521,1000469,1001667,1.843088591,1.840884246
7,1843646,1000260,1000260,1000209,1001406,1.843260759,1.841057473
7,1835014,1000156,1000156,980260,1001667,1.871966621,1.831960122
7,1844144,1000521,1000521,1000469,1001614,1.843279502,1.841172348
7,1843552,1000157,1000157,1000156,1001354,1.843264451,1.841059206
7,1843144,999948,999948,999948,1001094,1.843239848,1.841129804
7,1829504,1000729,1000729,981563,1002135,1.863868137,1.825606330
7,1844026,1000469,1000469,1000469,1001771,1.843161557,1.840766003
7,1843723,1000312,1000312,1000261,1001406,1.843241914,1.841134365
7,1843502,1000156,1000156,1000156,1001197,1.843214459,1.841297966
7,1837872,1000312,1000312,997188,1001667,1.843054670,1.834813366
7,1842770,1000104,1000104,1000052,1001146,1.842674181,1.840660603
7,1842834,1000000,1000000,999948,1001041,1.842929832,1.840917605
7,1843687,1000261,1000261,1000260,1001250,1.843207766,1.841385268
7,1827789,1000208,1000208,982968,1001510,1.859459311,1.825033200
7,1843164,999948,999948,1000000,1000989,1.843164000,1.841342912
7,1843850,1000365,1000365,1000312,1001302,1.843274898,1.841452429
7,1844302,1000730,1000730,1000781,1001771,1.842862724,1.841041515
7,1838023,1000156,1000156,994948,1001302,1.847355842,1.835633006
7,1842700,1000521,1000521,1000625,1001719,1.841549032,1.839537834
7,1832473,1000625,1000625,1000677,1001771,1.831233255,1.829233428
7,1843944,1000364,1000364,1000365,1001510,1.843271206,1.841163843
7,1832240,1000261,1000261,983282,1001510,1.863392191,1.829477489
7,1843368,1000104,1000104,1000052,1001041,1.843272150,1.841451049
7,1843605,1000208,1000208,1000208,1001250,1.843221610,1.841303371
7,1843947,1000417,1000417,1000416,1001354,1.843180237,1.841453672
7,1838718,1000313,1000313,995311,1001406,1.847380367,1.836136392
7,1844137,1000521,1000521,1000521,1001459,1.843176705,1.841450324
7,1843994,1000416,1000416,1000573,1001667,1.842937997,1.840925178
7,1843656,1000261,1000261,1000260,1001250,1.843176774,1.841354307
7,1834197,1000833,1000833,987293,1001979,1.857804117,1.830574293
7,1843495,1000156,1000156,1000156,1001250,1.843207460,1.841193508
7,1843666,1000260,1000260,1000261,1001198,1.843184929,1.841459931
7,1844065,1000468,1000468,1000469,1001458,1.843200539,1.841380268
7,1835753,1000468,1000468,978020,1001562,1.877009673,1.832890026
7,1844100,1000469,1000469,1000469,1001511,1.843235523,1.841317769
7,1844226,1000572,1000572,1000521,1001615,1.843265659,1.841252377
7,1844253,1000573,1000573,1000625,1001667,1.843101062,1.841183747
7,1832715,1000365,1000365,985104,1001407,1.860427935,1.830139993
7,1843962,1000417,1000417,1000416,1001406,1.843195231,1.841373030
7,1844072,1000469,1000469,1000573,1001615,1.843015952,1.841098626
7,1843537,1000208,1000208,1000157,1001198,1.843247610,1.841331085
7,1838827,1000312,1000312,991615,1001354,1.854375942,1.836340595
7,1844027,1000469,1000469,1000521,1001562,1.843066762,1.841151122
7,1843310,1000468,1000468,1000417,1001510,1.842541660,1.840530798
7,1844000,1000469,1000469,1000469,1001406,1.843135569,1.841410976
7,1833719,1000208,1000208,988698,1001302,1.854680600,1.831334602
7,1843742,1000313,1000313,1000260,1001615,1.843262752,1.840769158
7,1843634,1000208,1000208,1000209,1001303,1.843248761,1.841234871
7,1843190,1000000,1000000,1000000,1001093,1.843190000,1.841177593
7,1835167,1000261,1000261,978751,1001563,1.875009068,1.832303110
7,1843518,1000157,1000157,1000156,1001458,1.843230456,1.840834064
7,1843583,1000208,1000208,1000209,1001302,1.843197772,1.841185776
7,1843258,1000000,1000000,1000000,1001094,1.843258000,1.841243679
7,1819749,1000625,1000625,972135,1001927,1.871909766,1.816249088
7,1843779,1000312,1000312,1000261,1001459,1.843297899,1.841092846
7,1843461,1000156,1000156,1000104,1001250,1.843269300,1.841159551
7,1843401,1000104,1000104,1000052,1001198,1.843305148,1.841195248
7,1837660,1000521,1000521,990624,1001927,1.855052977,1.834125640
7,1843182,1000000,1000000,999948,1001146,1.843277850,1.841072131
7,1843692,1000260,1000260,1000208,1001302,1.843308592,1.841294634
7,1843609,1000208,1000208,1000208,1001458,1.843225609,1.840924931
7,1822189,1000469,1000469,974115,1001667,1.870609733,1.819156466
7,1843417,1000156,1000156,1000156,1001406,1.843129472,1.840828795
7,1843464,1000104,1000104,1000104,1001250,1.843272300,1.841162547
7,1843392,1000105,1000105,1000104,1001198,1.843200307,1.841186259
7,1836601,1000313,1000313,981874,1001563,1.870505788,1.833734872
7,1842295,1000312,1000312,1000365,1001406,1.841622808,1.839708370
7,1843711,1000260,1000260,1000260,1001406,1.843231760,1.841122382
7,1844250,1000573,1000573,1000573,1001614,1.843193850,1.841278177
7,1808331,1000365,1000365,960729,1001615,1.882248792,1.805415254
7,1844230,1000573,1000573,1000521,1001615,1.843269657,1.841256371
7,1844110,1000468,1000468,1000469,1001459,1.843245518,1.841423363
7,1843563,1000208,1000208,1000209,1001146,1.843177776,1.841452695
7,1839602,1000468,1000468,997968,1001511,1.843347682,1.836826555
7,1844033,1000469,1000469,1000416,1001458,1.843266201,1.841348314
7,1844368,1000625,1000625,1000677,1001771,1.843120208,1.841107399
7,1832224,1000416,1000416,1000469,1001510,1.831365090,1.829461513
7,1832232,1000417,1000417,985677,1001667,1.858856400,1.829182752
7,1841411,1000469,1000469,1000469,1001510,1.840547783,1.838634662
7,1843262,1000052,1000052,1000052,1001042,1.843166155,1.841343320
7,1843775,1000313,1000313,1000312,1001250,1.843199922,1.841473159
7,1834063,1000260,1000260,975939,1001198,1.879280365,1.831868422
7,1843914,1000417,1000417,1000364,1001354,1.843243060,1.841420716
7,1844535,1000677,1000677,1000885,1001875,1.842904030,1.841082969
7,1843909,1000365,1000365,1000468,1001458,1.843046454,1.841224495
7,1832609,1000469,1000469,986197,1001510,1.858258543,1.829845933
7,1844140,1000521,1000521,1000521,1001615,1.843179703,1.841166516
7,1843996,1000417,1000417,1000416,1001354,1.843229217,1.841502605
7,1844124,1000521,1000521,1000468,1001458,1.843261354,1.841439182
7,1839661,1000365,1000365,996199,1001458,1.846680232,1.836982679
7,1843709,1000260,1000260,1000261,1001250,1.843227918,1.841407241
7,1843709,1000260,1000260,1000313,1001355,1.843132100,1.841214155
7,1843761,1000313,1000313,1000313,1001198,1.843184083,1.841554817
7,1829588,1000521,1000521,985781,1001667,1.855978153,1.826543153
7,1843142,999948,999948,999948,1001041,1.843237848,1.841225284
7,1844125,1000469,1000469,1000469,1001458,1.843260511,1.841440180
7,1844023,1000417,1000417,1000417,1001354,1.843254363,1.841529569
7,1835557,1000521,1000521,976510,1001511,1.879711421,1.832787658
7,1843993,1000417,1000417,1000417,1001406,1.843224375,1.841403986
7,1843590,1000208,1000208,1000156,1001094,1.843302445,1.841575317
7,1843689,1000260,1000260,1000261,1001197,1.843207923,1.841484743
7,1833349,1000677,1000677,985939,1001875,1.859495364,1.829917904
7,1842698,1000521,1000521,1000521,1001563,1.841738454,1.839822358
7,1843509,1000157,1000157,1000208,1001198,1.843125630,1.841303119
7,1843720,1000261,1000261,1000260,1001458,1.843240757,1.841035770
7,1832963,1000209,1000209,986041,1001510,1.858911546,1.830199399
7,1843634,1000260,1000260,1000261,1001250,1.843152937,1.841332335
7,1843375,1000104,1000104,1000105,1001355,1.843181466,1.840880607
7,1843444,1000104,1000104,1000157,1001146,1.843154625,1.841333831
7,1830336,1000520,1000520,985365,1001771,1.857520817,1.827100206
7,1843504,1000260,1000260,1000313,1001198,1.842927164,1.841298125
7,1843978,1000417,1000417,1000417,1001511,1.843209382,1.841195953
7,1843712,1000469,1000469,1000469,1001459,1.842847704,1.841025943
7,1834588,1000573,1000573,980312,1001823,1.871432768,1.831249632
7,1843892,1000469,1000469,1000469,1001458,1.843027620,1.841207519
7,1842566,1000053,1000053,1000052,1000990,1.842470192,1.840743664
7,1843723,1000260,1000260,1000260,1001250,1.843243757,1.841421223
7,1817450,1000468,1000468,974428,1001771,1.865145501,1.814236986
7,1843649,1000364,1000364,1000312,1001459,1.843073961,1.840963035
7,1843338,1000104,1000104,1000104,1001198,1.843146313,1.841132323
7,1843916,1000417,1000417,1000364,1001511,1.843245059,1.841134046
7,1832653,1000417,1000417,985314,1001823,1.859968497,1.829318153
7,1843486,1000105,1000105,1000156,1001562,1.843198461,1.840610966
7,1843953,1000364,1000364,1000365,1001511,1.843280203,1.841170991
7,1843761,1000417,1000417,1000416,1001562,1.842994314,1.840885537
7,1811833,1000156,1000156,965417,1001615,1.876736167,1.808911608
7,1844202,1000573,1000573,1000521,1001771,1.843241671,1.840941692
7,1842870,1000000,1000000,1000052,1001302,1.842774176,1.840473703
7,1843369,1000209,1000209,1000260,1001666,1.842889849,1.840303055
7,1834823,1000573,1000573,976978,1001875,1.878059690,1.831389145
7,1843057,1000052,1000052,1000000,1001146,1.843057000,1.840947274
7,1843353,1000312,1000312,1000312,1001667,1.842778053,1.840285244
7,1843530,1000208,1000208,1000209,1001302,1.843144783,1.841132845
7,1827019,1000573,1000573,981928,1002135,1.860644569,1.823126625
7,1843854,1000365,1000365,1000313,1001562,1.843277054,1.840978392
7,1843430,1000208,1000208,1000209,1001302,1.843044804,1.841032975
7,1843149,1000052,1000052,1000105,1001250,1.842955490,1.840847940
7,1839021,1000573,1000573,996198,1001719,1.846039643,1.835865148
7,1843860,1000364,1000364,1000365,1001614,1.843187237,1.840888805
7,1844226,1000573,1000573,1000521,1001667,1.843265659,1.841156792
7,1843916,1000416,1000416,1000417,1001510,1.843147408,1.841135885
7,1823885,1000260,1000260,981614,1001563,1.858047053,1.821038716
7,1843765,1000312,1000312,1000313,1001719,1.843188082,1.840601007
7,1844091,1000521,1000521,1000521,1001614,1.843130729,1.841119433
7,1843494,1000260,1000260,1000209,1001354,1.843108790,1.841001284
7,1843560,1000208,1000208,994740,1001667,1.853308402,1.840491900
7,1843358,1000104,1000104,1000104,1001250,1.843166311,1.841056679
7,1843107,999948,999948,999948,1001094,1.843202847,1.841092844
7,1836509,1000365,1000365,991667,1001614,1.851941226,1.833549651
7,1834410,1000365,1000365,991666,1001875,1.849826454,1.830976918
7,1843493,1000157,1000157,1000156,1001302,1.843205460,1.841095893
7,1843435,1000417,1000417,1000417,1001562,1.842666608,1.840560045
7,1836925,1000052,1000052,995209,1001250,1.845768075,1.834631710
7,1843776,1000312,1000312,1000313,1001458,1.843199079,1.841091688
7,1843880,1000469,1000469,1000468,1001563,1.843017468,1.841002513
7,1843036,1000209,1000209,1000208,1001302,1.842652728,1.840639487
7,1835955,1000157,1000157,991145,1001406,1.852357627,1.833377272
7,1836766,1000677,1000677,991928,1002083,1.851713028,1.832947969
7,1843301,1000053,1000053,1000104,1001250,1.843109317,1.840999750
7,1843718,1000261,1000261,1000261,1001458,1.843236915,1.841033773
7,1834052,1000572,1000572,980157,1001771,1.871181862,1.830809636
7,1843998,1000572,1000572,1000521,1001823,1.843037777,1.840642509
7,1844101,1000521,1000521,1000469,1001875,1.843236522,1.840649782
7,1843555,1000208,1000208,1000209,1001354,1.843169778,1.841062202
7,1834722,1000052,1000052,990782,1001250,1.851791817,1.832431461
7,1835664,1000469,1000469,991927,1001927,1.850603925,1.832133479
7,1842999,1000000,1000000,999948,1001042,1.843094841,1.841080594
7,1843776,1000312,1000312,1000365,1001354,1.843103267,1.841282903
7,1836532,1000261,1000261,996666,1001406,1.842675480,1.833953461
7,1843855,1000364,1000364,1000365,1001354,1.843182238,1.841361796
7,1843092,999948,999948,999896,1000990,1.843283702,1.841269144
7,1843123,999948,999948,999896,1001042,1.843314705,1.841204465
7,1847228,1010885,1010885,994843,1011927,1.856803536,1.825455789
7,1842832,999896,999896,999896,1000990,1.843023674,1.841009401
7,1843449,1000261,1000261,1000208,1001198,1.843065642,1.841243191
7,1842967,1000000,1000000,999947,1000938,1.843064682,1.841239917
7,1835575,1000052,1000052,987448,1001094,1.858908013,1.833569075
7,1842718,1000052,1000052,1000000,1001146,1.842718000,1.840608662
7,1843399,1000104,1000104,1000104,1001093,1.843207306,1.841386365
7,1843107,1000156,1000156,1000157,1001198,1.842817678,1.840901600
7,1827586,1000208,1000208,984115,1001250,1.857085808,1.825304370
7,1842795,1000000,1000000,1000052,1001198,1.842699180,1.840589973
7,1843761,1000312,1000312,1000313,1001406,1.843184083,1.841172312
7,1843359,1000104,1000104,1000105,1001042,1.843165468,1.841440219
7,1835991,1000365,1000365,988124,1001406,1.858057288,1.833413221
7,1843465,1000156,1000156,1000104,1001146,1.843273300,1.841354807
7,1843383,1000104,1000104,1000104,1001093,1.843191308,1.841370382
7,1843560,1000417,1000417,1000417,1001406,1.842791556,1.840971594
7,1829432,1000156,1000156,985780,1001198,1.855821786,1.827242963
7,1843929,1000365,1000365,1000364,1001302,1.843258054,1.841531326
7,1843917,1000521,1000521,1000468,1001459,1.843054451,1.841230644
7,1842797,999948,999948,1000000,1000937,1.842797000,1.841071916
7,1832082,1000156,1000156,980000,1001198,1.869471429,1.829889792
7,1843328,1000105,1000105,1000052,1001042,1.843232152,1.841409252
7,1843828,1000313,1000313,1000364,1001250,1.843157091,1.841526092
7,1843685,1000365,1000365,1000312,1001354,1.843109950,1.841192026
7,1831680,1000156,1000156,986146,1001198,1.857412594,1.829488273
7,1843982,1000469,1000469,1000417,1001406,1.843213380,1.841393001
7,1843442,1000417,1000417,1000468,1001459,1.842579673,1.840756337
7,1843298,1000157,1000157,1000156,1001197,1.843010490,1.841094210
7,1836984,1000417,1000417,992082,1001511,1.851645328,1.834212505
7,1843903,1000520,1000520,1000469,1001510,1.843038615,1.841122904
7,1843254,1000364,1000364,1000313,1001406,1.842677242,1.840666024
7,1843295,1000156,1000156,1000157,1001198,1.843005648,1.841089375
7,1824008,1000469,1000469,982604,1001510,1.856300198,1.821257901
7,1843456,1000260,1000260,1000260,1001511,1.842976826,1.840674740
7,1843871,1000365,1000365,1000365,1001406,1.843198233,1.841282157
7,1843764,1000312,1000312,1000313,1001354,1.843187082,1.841270919
7,1835881,1000416,1000416,986042,1001562,1.861868967,1.833017826
7,1843923,1000417,1000417,1000365,1001823,1.843250214,1.840567645
7,1842802,999948,999948,999948,1001094,1.842897831,1.840788178
7,1843205,1000104,1000104,1000104,1001250,1.843013327,1.840903870
7,1827917,1000573,1000573,983282,1001771,1.858995690,1.824685482
7,1843054,1000260,1000260,1000208,1001667,1.842670724,1.839986742
7,1843213,1000104,1000104,1000104,1001198,1.843021326,1.841007473
7,1843386,1000208,1000208,1000208,1001354,1.843002655,1.840893430
7,1836264,1000469,1000469,992604,1001822,1.849946202,1.832924412
7,1844124,1000469,1000469,1000521,1001667,1.843163712,1.841054961
7,1843201,1000000,1000000,1000000,1001146,1.843201000,1.841091110
7,1842736,1000260,1000260,1000261,1001354,1.842255171,1.840244309
7,1830165,1000573,1000573,982135,1001927,1.863455635,1.826645055
7,1843278,1000052,1000052,1000000,1001146,1.843278000,1.841168021
7,1843264,1000000,1000000,1000000,1001198,1.843264000,1.841058412
7,1843603,1000208,1000208,1000261,1001614,1.843121945,1.840632220
7,1836235,1000365,1000365,980468,1001927,1.872814819,1.832703381
7,1843188,999948,999948,1000000,1001146,1.843188000,1.841078124
7,1842725,1000156,1000156,1000156,1001250,1.842437580,1.840424469
7,1843871,1000417,1000417,1000416,1001615,1.843104269,1.840897950
7,1827008,1000573,1000573,978334,1002031,1.867468574,1.823304868
7,1843957,1000417,1000417,1000364,1001562,1.843286044,1.841081231
7,1843564,1000209,1000209,1000052,1001354,1.843468140,1.841071190
7,1843839,1000313,1000313,1000365,1001458,1.843166244,1.841154597
7,1836639,1000312,1000312,994897,1001510,1.846059441,1.833869857
7,1843060,1000000,1000000,1000000,1001407,1.843060000,1.840470458
7,1843806,1000312,1000312,1000313,1001458,1.843229069,1.841121645
7,1843756,1000312,1000312,1000312,1001458,1.843180928,1.841071717
7,1828843,1000156,1000156,988646,1001406,1.849846153,1.826275257
7,1844055,1000572,1000572,1000573,1001614,1.842998962,1.841083491
7,1843524,1000260,1000260,1000261,1001510,1.843042966,1.840744476
7,1843479,1000156,1000156,1000156,1001302,1.843191462,1.841081911
7,1833902,1000313,1000313,975104,1001615,1.880724518,1.830945024
7,1832105,1000312,1000312,1000417,1001666,1.831341331,1.829057790
7,1843567,1000157,1000157,1000365,1001511,1.842894344,1.840785573
7,1843492,1000520,1000520,1000521,1001562,1.842532041,1.840616956
7,1831281,1000729,1000729,986614,1001979,1.856127118,1.827664053
7,1844430,1000677,1000677,1000781,1001927,1.842990624,1.840882619
7,1842213,1000469,1000469,1000468,1001615,1.841351248,1.839242623
7,1843941,1000417,1000417,1000365,1001406,1.843268207,1.841352059
7,1838793,1000208,1000208,995103,1001406,1.847841882,1.836211287
7,1844264,1000573,1000573,1000573,1001615,1.843207842,1.841290316
7,1844248,1000573,1000573,1000573,1001563,1.843191851,1.841369939
7,1843785,1000364,1000364,1000313,1001354,1.843208076,1.841291891
7,1829228,1000105,1000105,981614,1001302,1.863490130,1.826849442
7,1843678,1000261,1000261,1000312,1001198,1.843102952,1.841471917
7,1844082,1000469,1000469,1000573,1001510,1.843025946,1.841301635
7,1844488,1000729,1000729,1000782,1001771,1.843046737,1.841227187
7,1835518,1000261,1000261,979061,1001406,1.874773890,1.832940885
7,1843595,1000208,1000208,1000209,1001146,1.843209769,1.841484659
7,1843609,1000209,1000209,1000208,1001145,1.843225609,1.841500482
7,1843744,1000312,1000312,1000260,1001198,1.843264751,1.841537838
7,1834210,1000469,1000469,985625,1001563,1.860961319,1.831347604
7,1844209,1000520,1000520,1000573,1001510,1.843152873,1.841428443
7,1843853,1000312,1000312,1000417,1001458,1.843084434,1.841168576
7,1843828,1000729,1000729,1000782,1001719,1.842387253,1.840663899
7,1838284,1000416,1000416,996927,1001510,1.843950460,1.835512376
7,1844084,1000469,1000469,1000469,1001510,1.843219530,1.841303632
7,1844317,1000573,1000573,1000625,1001615,1.843165022,1.841343231
7,1843932,1000416,1000416,1000365,1001406,1.843259210,1.841343072
7,1823832,1000521,1000521,977449,1001771,1.865910140,1.820607704
7,1843979,1000416,1000416,1000417,1001458,1.843210381,1.841294393
7,1843857,1000365,1000365,1000312,1001406,1.843281896,1.841268177
7,1844039,1000469,1000469,1000468,1001510,1.843176393,1.841258699
7,1835843,1000469,1000469,979688,1001667,1.873905774,1.832787743
7,1843082,999948,999948,999948,1001302,1.843177845,1.840685428
7,1844084,1000469,1000469,1000469,1001823,1.843219530,1.840728352
7,1843170,999948,999948,999948,1001354,1.843265850,1.840677722
7,1827150,1000521,1000521,981094,1001823,1.862359774,1.823825167
7,1843713,1000261,1000261,1000208,1001198,1.843329587,1.841506875
7,1843455,1000104,1000104,1000156,1001146,1.843167466,1.841344819
7,1844182,1000521,1000521,1000521,1001510,1.843221682,1.841401484
7,1834063,1000417,1000417,990520,1001458,1.851616323,1.831392829
7,1843637,1000261,1000261,1000208,1001354,1.843253603,1.841144091
7,1843445,1000104,1000104,1000104,1001093,1.843253302,1.841432314
7,1843275,1000052,1000052,1000052,1000990,1.843179155,1.841451963
7,1823421,1000208,1000208,978802,1001562,1.862910987,1.820577258
7,1843958,1000417,1000417,1000365,1001459,1.843285201,1.841271585
7,1842216,1000364,1000364,1000365,1001666,1.841543836,1.839151973
7,1843797,1000313,1000313,1000313,1001407,1.843220072,1.841206423
7,1832020,1000156,1000156,971927,1001407,1.884935803,1.829445970
7,1843308,1000052,1000052,1000052,1001458,1.843212153,1.840624370
7,1843910,1000364,1000364,1000365,1001354,1.843237218,1.841416722
7,1843431,1000156,1000156,1000157,1001198,1.843141627,1.841225212
7,1830926,1000260,1000260,986043,1001407,1.856841943,1.828353507
7,1843324,1000104,1000104,1000052,1001094,1.843228152,1.841309607
7,1843733,1000260,1000260,1000261,1001250,1.843251911,1.841431211
7,1843109,999948,999948,999948,1000885,1.843204847,1.841479291
7,1839808,1000521,1000521,995468,1001562,1.848183970,1.836938702
7,1843344,1000052,1000052,1000104,1001042,1.843152312,1.841425235
7,1843202,1000677,1000677,1000782,1001771,1.841761742,1.839943460
7,1832490,1000572,1000572,1000625,1001666,1.831345409,1.829442149
7,1833721,1000104,1000104,984949,1001198,1.861742080,1.831526831
7,1843356,1000052,1000052,1000104,1001042,1.843164311,1.841437222
7,1843329,1000104,1000104,1000052,1000989,1.843233152,1.841507749
7,1843827,1000312,1000312,1000365,1001250,1.843154249,1.841525094
7,1837676,1000416,1000416,979010,1001458,1.877075821,1.835000569
7,1843541,1000104,1000104,1000156,1001093,1.843253452,1.841528210
7,1844133,1000521,1000521,1000677,1001719,1.842885367,1.840968375
7,1843480,1000156,1000156,1000209,1001250,1.843094793,1.841178527
7,1825675,1000520,1000520,982553,1001614,1.858093151,1.822733109
7,1843384,1000105,1000105,1000104,1001041,1.843192308,1.841467033
7,1843645,1000208,1000208,1000260,1001198,1.843165777,1.841438956
7,1843437,1000156,1000156,1000157,1001041,1.843147626,1.841519978
7,1840054,1000625,1000625,995937,1001667,1.847560639,1.836991735
7,1843142,1000000,1000000,999948,1000989,1.843237848,1.841320934
7,1843810,1000313,1000313,1000364,1001250,1.843139097,1.841508115
7,1843315,1000052,1000052,1000052,1000990,1.843219153,1.841491923
7,1826493,1000625,1000625,981406,1001823,1.861098261,1.823169362
7,1843421,1000104,1000104,1000104,1001041,1.843229304,1.841503994
7,1844148,1000521,1000521,1000573,1001510,1.843091908,1.841367535
7,1844164,1000521,1000521,1000573,1001511,1.843107899,1.841381672
7,1833895,1000520,1000520,972864,1001667,1.885047653,1.830842985
7,1843749,1000313,1000313,1000312,1001354,1.843173930,1.841255939
7,1843566,1000208,1000208,1000208,1001146,1.843182618,1.841455692
7,1843546,1000208,1000208,1000156,1001094,1.843258452,1.841531365
7,1828359,1000364,1000364,980678,1001562,1.864382601,1.825507557
7,1843672,1000261,1000261,1000208,1001198,1.843288596,1.841465924
7,1843274,1000052,1000052,1000052,1001094,1.843178155,1.841259662
7,1843952,1000416,1000416,1000417,1001302,1.843183393,1.841554296
7,1839301,1000416,1000416,995104,1001614,1.848350524,1.836337152
7,1843960,1000261,1000261,1001198,1002084,1.841753579,1.840125179
7,1843929,1000416,1000416,1000417,1001406,1.843160402,1.841340076
7,1843859,1000364,1000364,1000365,1001354,1.843186237,1.841365791
7,1831069,1000416,1000416,985157,1001614,1.858657047,1.828118417
7,1843649,1000260,1000260,1000261,1001355,1.843167933,1.841154236
7,1843217,1000000,1000000,1000000,1001041,1.843217000,1.841300206
7,1843092,999948,999948,999948,1001042,1.843187846,1.841173497
7,1821274,1000104,1000104,966251,1001250,1.884887053,1.819000250
7,1843914,1000364,1000364,1000365,1001667,1.843241217,1.840845311
7,1843786,1000313,1000313,1000312,1001354,1.843210918,1.841292889
7,1843493,1000156,1000156,1000156,1001198,1.843205460,1.841287138
7,1829578,1000365,1000365,981771,1001666,1.863548628,1.826534993
7,1844144,1000469,1000469,1000520,1001562,1.843185544,1.841267939
7,1843888,1000417,1000417,1000365,1001458,1.843215226,1.841203525
7,1843658,1000208,1000208,1000260,1001302,1.843178774,1.841260679
7,1836720,1000157,1000157,989011,1001458,1.857127979,1.834045961
7,1843847,1000364,1000364,1000313,1001406,1.843270056,1.841258191
7,1843192,1000000,1000000,1000000,1000989,1.843192000,1.841370884
7,1843301,1000053,1000053,1000052,1001250,1.843205153,1.840999750
7,1817961,1000417,1000417,975469,1001615,1.863678907,1.815029727
7,1843934,1000312,1000312,1000365,1001354,1.843261210,1.841440689
7,1843112,999948,999948,999948,1000989,1.843207847,1.841290963
7,1844106,1000521,1000521,1000469,1001510,1.843241520,1.841325598
7,1837200,1000312,1000312,983490,1001563,1.868041363,1.834332938
7,1843544,1000157,1000157,1000156,1001510,1.843256452,1.840764446
7,1843856,1000364,1000364,1000365,1001459,1.843183238,1.841169733
7,1843715,1000312,1000312,1000260,1001510,1.843235759,1.840935188
7,1781110,1000104,1000104,950625,1001510,1.873619987,1.778424579
7,1843441,1000156,1000156,1000052,1001250,1.843345146,1.841139576
7,1843675,1000208,1000208,1000313,1001145,1.843098110,1.841566406
7,1844022,1000417,1000417,1000417,1001355,1.843253363,1.841526731
7,1837331,1000573,1000573,991875,1001615,1.852381601,1.834368495
7,1843794,1000312,1000312,1000365,1001198,1.843121261,1.841587778
7,1843129,999948,999948,1000000,1000833,1.843129000,1.841594951
7,1843947,1000417,1000417,1000416,1001406,1.843180237,1.841358051
7,1833397,1000677,1000677,988802,1001979,1.854159882,1.829775874
7,1843708,1000312,1000312,1000261,1001407,1.843226918,1.841117548
7,1843251,1000052,1000052,1000052,1001302,1.843155156,1.840854208
7,1843225,1000000,1000000,1000000,1001406,1.843225000,1.840637064
7,1834635,1000573,1000573,978958,1001875,1.874069163,1.831201497
7,1843825,1000313,1000313,1000365,1001458,1.843152249,1.841140617
7,1843194,1000000,1000000,1000000,1001042,1.843194000,1.841275391
7,1843859,1000365,1000365,1000364,1001562,1.843188080,1.840983384
7,1831143,1000417,1000417,983802,1001667,1.861292211,1.828095565
7,1843258,1000052,1000052,1000000,1001093,1.843258000,1.841245519
7,1844057,1000469,1000469,1000469,1001354,1.843192543,1.841563523
7,1843204,1000000,1000000,1000000,1000990,1.843204000,1.841381033
7,1838632,1000417,1000417,997656,1001406,1.842951879,1.836050513
7,1843390,1000104,1000104,1000104,1001094,1.843198307,1.841375535
7,1843948,1000416,1000416,1000417,1001302,1.843179394,1.841550302
7,1843441,1000105,1000105,1000104,1001042,1.843249302,1.841522134
7,1832687,1000781,1000781,987864,1001979,1.855201728,1.829067276
7,1843483,1000157,1000157,1000156,1001146,1.843195462,1.841372787
7,1843570,1000209,1000209,1000208,1001198,1.843186617,1.841364046
7,1843550,1000209,1000209,1000208,1001250,1.843166621,1.841248439
7,1834169,1000364,1000364,985365,1001563,1.861410746,1.831306668
7,1844162,1000520,1000520,1000469,1001615,1.843297493,1.841188481
7,1843191,1000000,1000000,1000000,1001145,1.843191000,1.841082960
7,1843330,1000052,1000052,1000053,1001198,1.843232309,1.841124333
7,1826271,1000468,1000468,982865,1002031,1.858109710,1.822569362
7,1843206,1000000,1000000,1000000,1001198,1.843206000,1.841000481
7,1844096,1000469,1000469,1000416,1001614,1.843329175,1.841124425
7,1843773,1000312,1000312,1000261,1001406,1.843291901,1.841184295
7,1838754,1000260,1000260,995782,1001459,1.846542717,1.836075166
7,1844122,1000469,1000469,1000469,1001562,1.843257512,1.841245974
7,1843254,1000052,1000052,1000000,1001198,1.843254000,1.841048424
7,1843795,1000312,1000312,1000313,1001458,1.843218073,1.841110661
7,1825311,1000312,1000312,982135,1001771,1.858513341,1.822084089
7,1843997,1000469,1000469,1000416,1001614,1.843230216,1.841025585
7,1843657,1000260,1000260,1000209,1001615,1.843271756,1.840684295
7,1843992,1000417,1000417,1000416,1001562,1.843225218,1.841116177
7,1833370,1000416,1000416,979270,1001979,1.872180298,1.829748927
7,1843764,1000312,1000312,1000261,1001407,1.843282903,1.841173469
7,1843703,1000313,1000313,1000260,1001406,1.843223762,1.841114393
7,1843944,1000417,1000417,1000365,1001719,1.843271206,1.840779700
7,1828206,1000312,1000312,983124,1001563,1.859588414,1.825352973
7,1844000,1000416,1000416,1000417,1001562,1.843231373,1.841124164
7,1843174,999948,999948,999947,1001094,1.843271693,1.841159771
7,1843187,1000000,1000000,1000000,1001146,1.843187000,1.841077126
7,1834518,1000313,1000313,991666,1001458,1.849935361,1.831847167
7,1843855,1000312,1000312,1000365,1001719,1.843182238,1.840690852
7,1844081,1000468,1000468,1000469,1001563,1.843216531,1.841203199
7,1843415,1000104,1000104,1000104,1001197,1.843223305,1.841211070
7,1789177,1000260,1000260,954531,1001771,1.874404289,1.786013969
7,1843244,1000000,1000000,1000000,1001250,1.843244000,1.840942821
7,1843173,1000000,1000000,999948,1001145,1.843268850,1.841064981
7,1844032,1000417,1000417,1000416,1001615,1.843265202,1.841058690
7,1836389,1000417,1000417,981302,1001719,1.871380064,1.833237664
7,1843971,1000417,1000417,1000416,1001562,1.843204227,1.841095209
7,1843210,1000000,1000000,999948,1001094,1.843305852,1.841195732
7,1843703,1000313,1000313,1000260,1001718,1.843223762,1.840540951
7,1791918,1000417,1000417,957084,1001667,1.872268265,1.788935844
7,1843658,1000260,1000260,1000260,1001459,1.843178774,1.840972022
7,1844213,1000573,1000573,1000573,1001666,1.843156871,1.841145651
7,1843207,1000000,1000000,1000000,1001146,1.843207000,1.841097103
7,1837603,1000104,1000104,995625,1001302,1.845677841,1.835213552
7,1843230,1000000,1000000,1000000,1001094,1.843230000,1.841215710
7,1843582,1000208,1000208,1000156,1001615,1.843294446,1.840609416
7,1843688,1000260,1000260,1000260,1001407,1.843208766,1.841097576
7,1827706,1000677,1000677,975417,1002240,1.873768860,1.823621089
7,1843420,1000104,1000104,1000104,1001615,1.843228304,1.840447677
7,1843876,1000364,1000364,1000313,1001510,1.843299047,1.841095945
7,1844130,1000521,1000521,1000520,1001667,1.843171551,1.841060951
7,1835993,1000313,1000313,982449,1001562,1.868792171,1.833129651
7,1843633,1000208,1000208,1000208,1001303,1.843249604,1.841233872
7,1843246,1000052,1000052,1000000,1001146,1.843246000,1.841136058
7,1843917,1000364,1000364,1000417,1001563,1.843148407,1.841039455
7,1827928,1000573,1000573,980937,1002084,1.863450966,1.824126520
7,1843304,1000104,1000104,1000052,1001198,1.843208153,1.841098364
7,1843210,1000052,1000052,999948,1001094,1.843305852,1.841195732
7,1843958,1000417,1000417,1000417,1001875,1.843189390,1.840507049
7,1834511,1000052,1000052,989948,1001614,1.853138751,1.831554870
7,1843219,1000000,1000000,1000000,1001094,1.843219000,1.841204722
7,1843536,1000156,1000156,1000157,1001302,1.843246610,1.841138837
7,1843642,1000260,1000260,1000261,1001354,1.843160935,1.841149084
7,1826417,1000208,1000208,981980,1001719,1.859932993,1.823282777
7,1843300,1000052,1000052,1000000,1001250,1.843300000,1.840998752
7,1843505,1000157,1000157,1000156,1001302,1.843217458,1.841107878
7,1843854,1000365,1000365,1000312,1001510,1.843278897,1.841073978
7,1833069,1000260,1000260,978803,1001771,1.872766021,1.829828374
7,1843539,1000208,1000208,1000156,1001354,1.843251453,1.841046223
7,1844152,1000520,1000520,1000521,1001719,1.843191697,1.840987343
7,1843380,1000053,1000053,1000104,1001250,1.843188308,1.841078652
7,1829140,1000625,1000625,983646,1001822,1.859551099,1.825813368
7,1843422,1000157,1000157,1000104,1001250,1.843230304,1.841120599
7,1843282,1000052,1000052,1000052,1001146,1.843186154,1.841172017
7,1843226,1000052,1000052,999948,1001406,1.843321853,1.840638063
7,1837929,1000156,1000156,995520,1001459,1.846199976,1.835251368
7,1843478,1000157,1000157,1000156,1001250,1.843190462,1.841176529
7,1843428,1000157,1000157,1000104,1001250,1.843236303,1.841126592
7,1843596,1000209,1000209,1000156,1001354,1.843308444,1.841103146
7,1791577,1000209,1000209,946926,1001666,1.891992616,1.788597197
7,1843653,1000156,1000156,1000208,1001355,1.843269600,1.841158231
7,1843192,1000000,1000000,1000000,1001146,1.843192000,1.841082120
7,1843209,1000052,1000052,1000000,1001146,1.843209000,1.841099100
7,1836647,1000260,1000260,982656,1001562,1.869064047,1.833782632
7,1842743,1000105,1000105,1000104,1001250,1.842551375,1.840442447
7,1843248,1000000,1000000,1000000,1001145,1.843248000,1.841139895
7,1843176,999948,999948,1000000,1001146,1.843176000,1.841066138
7,1810823,1000521,1000521,970522,1002083,1.865823753,1.807058896
7,1843272,1000261,1000261,1000260,1001354,1.842792874,1.840779584
7,1843975,1000417,1000417,1000417,1001823,1.843206383,1.840619551
7,1843765,1000261,1000261,1000312,1001458,1.843189925,1.841080704
7,1834794,1000260,1000260,992032,1001510,1.849531064,1.832027638
7,1843481,1000104,1000104,1000156,1001303,1.843193462,1.841082070
7,1843560,1000209,1000209,1000156,1001355,1.843272449,1.841065356
7,1843822,1000417,1000417,1000416,1001563,1.843055289,1.840944604
7,1800108,1000677,1000677,964271,1002031,1.866807153,1.796459391
7,1843687,1000365,1000365,1000468,1001615,1.842824558,1.840714246
7,1844017,1000416,1000416,1000834,1002135,1.842480371,1.840088411
7,1843452,1000156,1000156,1000156,1001615,1.843164466,1.840479625
7,1834654,1000625,1000625,969220,1001927,1.892918017,1.831125421
7,1844280,1000625,1000625,1000781,1002292,1.842840741,1.840062577
7,1832441,1000260,1000260,1000261,1001406,1.831962858,1.829868205
7,1843662,1000208,1000208,1000313,1001510,1.843085114,1.840882268
7,1800455,1000625,1000625,956613,1002135,1.882114293,1.796619218
7,1841436,1000313,1000313,1000261,1001510,1.840955511,1.838659624
7,1843346,1000104,1000104,1000052,1001510,1.843250151,1.840566744
7,1843106,999948,999948,999947,1001406,1.843203690,1.840518231
7,1836007,1000208,1000208,995885,1001406,1.843593387,1.833429199
7,1843542,1000209,1000209,1000156,1001667,1.843254452,1.840473930
7,1843498,1000156,1000156,1000156,1001354,1.843210459,1.841005279
7,1854075,1010000,1010000,1000730,1011250,1.852722513,1.833448702
7,1813993,1000157,1000157,971093,1001407,1.867991016,1.811444298
7,1843629,1000208,1000208,1000209,1001354,1.843243762,1.841136102
7,1843453,1000104,1000104,1000365,1001562,1.842780385,1.840578017
7,1837219,1000886,1000886,978854,1002084,1.876908099,1.833398198
7,1843644,1000261,1000261,1000208,1001355,1.843260602,1.841149243
7,1843341,1000052,1000052,1000052,1001198,1.843245151,1.841135320
7,1843669,1000261,1000261,1000364,1001458,1.842998149,1.840984844
7,1838270,1000468,1000468,993438,1001458,1.850412406,1.835593704
7,1837566,1000469,1000469,993751,1001719,1.849121158,1.834412645
7,1844281,1000573,1000573,1000677,1001979,1.843033266,1.840638377
7,1843747,1000261,1000261,1000260,1001667,1.843267750,1.840678589
7,1836981,1000416,1000416,993907,1001615,1.848242341,1.834019059
7,1843970,1000416,1000416,1000417,1001718,1.843201385,1.840807493
7,1843153,999948,999948,999948,1001094,1.843248849,1.841138794
7,1844001,1000417,1000417,1000468,1001563,1.843138411,1.841123324
7,1835571,1000573,1000573,989583,1001719,1.854893425,1.832421068
7,1825329,1000156,1000156,980365,1001459,1.861887154,1.822669725
7,1843719,1000260,1000260,1000209,1001354,1.843333743,1.841225980
7,1843487,1000156,1000156,1000104,1001198,1.843295297,1.841281145
7,1836522,1000416,1000416,981250,1001562,1.871614777,1.833657826
7,1843721,1000312,1000312,1000261,1001614,1.843239914,1.840750029
7,1841873,1000104,1000104,1000104,1001302,1.841681465,1.839478000
7,1843660,1000260,1000260,1000208,1001354,1.843276598,1.841167060
7,1836635,1000625,1000625,991043,1001771,1.853234421,1.833388070
7,1836948,1000364,1000364,993906,1001562,1.848210998,1.834083162
7,1843958,1000417,1000417,1000416,1001355,1.843191232,1.841462818
7,1843918,1000417,1000417,1000416,1001355,1.843151249,1.841422872
7,1838764,1000313,1000313,995155,1001355,1.847716185,1.836275846
7,1843538,1000209,1000209,1000156,1001146,1.843250453,1.841427724
7,1843517,1000156,1000156,1000156,1001146,1.843229456,1.841406748
7,1843649,1000208,1000208,1000261,1001146,1.843167933,1.841538597
7,1838315,1000208,1000208,996250,1009062,1.845234630,1.821805796
7,1843227,1000000,1000000,1000000,1001042,1.843227000,1.841308357
7,1842755,1000416,1000416,1000521,1001510,1.841795425,1.839976635
7,1831526,1000469,1000469,1000573,1001511,1.830477137,1.828762740
7,1837794,1000417,1000417,981510,1001563,1.872414952,1.834926011
7,1843948,1000416,1000416,1000417,1001406,1.843179394,1.841359049
7,1843196,1000000,1000000,999948,1000938,1.843291851,1.841468702
7,1843675,1000260,1000260,1000260,1001198,1.843195769,1.841468920
7,1831751,1000000,1000000,987604,1001042,1.854742387,1.829844302
7,1844093,1000468,1000468,1000469,1001458,1.843228526,1.841408227
7,1843578,1000208,1000208,1000313,1001354,1.843001141,1.841085171
7,1844347,1000625,1000625,1000782,1001771,1.842905848,1.841086436
7,1837917,1000260,1000260,995521,1001250,1.846186067,1.835622472
7,1843645,1000260,1000260,1000209,1001250,1.843259759,1.841343321
7,1843735,1000313,1000313,1000260,1001302,1.843255754,1.841337578
7,1843995,1000417,1000417,1000417,1001406,1.843226375,1.841405983
7,1833384,1000417,1000417,988020,1001458,1.855614259,1.830714818
7,1844083,1000521,1000521,1000469,1001511,1.843218531,1.841300794
7,1844328,1000573,1000573,1000729,1001770,1.842984464,1.841069307
7,1843463,1000052,1000052,1000105,1001094,1.843269457,1.841448455
7,1836178,1000678,1000678,975468,1001718,1.882355956,1.833028856
7,1843394,1000105,1000105,1000104,1001145,1.843202307,1.841285728
7,1843663,1000208,1000208,1000260,1001198,1.843183772,1.841456935
7,1843499,1000156,1000156,1000157,1001042,1.843209616,1.841580074
7,1833451,1000365,1000365,987293,1001406,1.857048515,1.830876787
7,1843575,1000208,1000208,1000209,1001250,1.843189773,1.841273408
7,1843886,1000365,1000365,1000365,1001406,1.843213227,1.841297136
7,1844180,1000520,1000520,1000469,1001562,1.843315485,1.841303883
7,1839565,1000573,1000573,996095,1001458,1.846776663,1.836886819
7,1844168,1000521,1000521,1000521,1001563,1.843207689,1.841290064
7,1843198,1000000,1000000,1000000,1000937,1.843198000,1.841472540
7,1843984,1000416,1000416,1000417,1001302,1.843215379,1.841586255
7,1831988,1000520,1000520,987187,1001458,1.855765929,1.829320850
7,1843645,1000208,1000208,1000208,1001407,1.843261602,1.841054636
7,1843200,1000000,1000000,1000000,1001146,1.843200000,1.841090111
7,1843877,1000365,1000365,1000364,1001719,1.843206073,1.840712815
7,1830281,1000260,1000260,968750,1001510,1.889322323,1.827521443
7,1843141,999948,999948,1000000,1001197,1.843141000,1.840937398
7,1842182,1000416,1000416,1000365,1001511,1.841509849,1.839402663
7,1843359,1000052,1000052,1000104,1001510,1.843167311,1.840579725
7,1822735,1000052,1000052,977500,1001302,1.864690537,1.820364885
7,1843475,1000156,1000156,1000104,1001562,1.843283299,1.840599983
7,1843319,1000052,1000052,1000052,1001198,1.843223152,1.841113346
7,1843267,1000052,1000052,1000000,1001146,1.843267000,1.841157034
7,1834625,1000364,1000364,986145,1001614,1.860400854,1.831668687
7,1843283,1000052,1000052,1000052,1001458,1.843187154,1.840599406
7,1843629,1000208,1000208,1000208,1001354,1.843245605,1.841136102
7,1843213,1000000,1000000,1000000,1001146,1.843213000,1.841103096
7,1826861,1000260,1000260,981773,1001458,1.860777389,1.824201314
7,1843365,1000052,1000052,1000104,1001563,1.843173310,1.840488317
7,1843659,1000208,1000208,1000261,1001406,1.843177931,1.841070455
7,1843474,1000156,1000156,1000157,1001302,1.843184620,1.841076918
7,1834819,1000469,1000469,976147,1001718,1.879654396,1.831672187
7,1843990,1000416,1000416,1000469,1001875,1.843125574,1.840538989
7,1843791,1000312,1000312,1000313,1001458,1.843214074,1.841106666
7,1843666,1000208,1000208,1000261,1001510,1.843184929,1.840886262
7,1823218,1000625,1000625,977500,1001979,1.865184655,1.819616978
7,1844122,1000521,1000521,1000469,1001615,1.843257512,1.841148545
7,1843276,1000052,1000052,1000000,1001146,1.843276000,1.841166024
7,1844068,1000469,1000469,1000469,1001614,1.843203538,1.841096470
7,1835545,1000104,1000104,995729,1001302,1.843418239,1.833158228
7,1843392,1000105,1000105,1000104,1001198,1.843200307,1.841186259
7,1843710,1000261,1000261,1000260,1001354,1.843230760,1.841216992
7,1843387,1000105,1000105,1000052,1001198,1.843291149,1.841181265
7,1826276,1000365,1000365,982553,1001563,1.858704823,1.823425985
7,1843458,1000156,1000156,1000156,1001406,1.843170465,1.840869737
7,1844082,1000521,1000521,1000469,1001771,1.843217531,1.840821904
7,1843594,1000208,1000208,1000208,1001354,1.843210612,1.841101149
7,1836117,1000260,1000260,985156,1001458,1.863782995,1.833443839
7,1843994,1000416,1000416,1000365,1001563,1.843321188,1.841116335
7,1843925,1000417,1000417,1000364,1001510,1.843254056,1.841144871
7,1843370,1000052,1000052,1000104,1001250,1.843178309,1.841068664
7,1816513,1000365,1000365,976093,1001615,1.861004023,1.813584062
7,1844121,1000521,1000521,1000520,1001614,1.843162555,1.841149385
7,1844130,1000468,1000468,1000521,1001667,1.843169709,1.841060951
7,1843440,1000156,1000156,1000104,1001250,1.843248302,1.841138577
7,1836749,1000365,1000365,992083,1001562,1.851406586,1.833884472
7,1843190,1000000,1000000,1000000,1001406,1.843190000,1.840602113
7,1843713,1000260,1000260,1000260,1001406,1.843233759,1.841124379
7,1843388,1000104,1000104,1000052,1001510,1.843292149,1.840608681
7,1828745,1000625,1000625,976355,1001823,1.873032862,1.825417264
7,1843881,1000364,1000364,1000313,1001823,1.843304046,1.840525722
7,1843344,1000104,1000104,1000052,1001510,1.843248151,1.840564747
7,1844146,1000520,1000520,1000521,1001667,1.843185700,1.841076925
7,1836822,1000156,1000156,980260,1001406,1.873811030,1.834243054
7,1843289,1000052,1000052,1000000,1001198,1.843289000,1.841083382
7,1843436,1000105,1000105,1000104,1001250,1.843244303,1.841134582
7,1843466,1000157,1000157,1000156,1001302,1.843178464,1.841068928
7,1826145,1000000,1000000,981927,1001511,1.859756377,1.823389858
7,1843193,1000000,1000000,1000052,1001198,1.843097159,1.840987497
7,1842614,1000000,1000000,1000000,1001094,1.842614000,1.840600383
7,1843892,1000364,1000364,1000365,1001510,1.843219225,1.841111921
7,1837059,1000365,1000365,993281,1001562,1.849485694,1.834193989
7,1843765,1000312,1000312,1000261,1001355,1.843283903,1.841270079
7,1843621,1000260,1000260,1000261,1001510,1.843139940,1.840841330
7,1843324,1000104,1000104,1000104,1001146,1.843132314,1.841213969
7,1820890,1001042,1001042,974166,1002500,1.869178354,1.816349127
7,1843328,1000104,1000104,1000104,1001458,1.843136314,1.840644341
7,1843384,1000105,1000105,1000052,1001459,1.843288149,1.840698421
7,1843651,1000260,1000260,1000261,1001354,1.843169933,1.841158072
7,1837930,1000364,1000364,982603,1001510,1.870470577,1.835158910
7,1843660,1000261,1000261,1000260,1001458,1.843180773,1.840975857
7,1844048,1000469,1000469,1000469,1001563,1.843183547,1.841170251
7,1843336,1000104,1000104,1000104,1001146,1.843144313,1.841225955
7,1829670,1000157,1000157,982656,1001406,1.861963902,1.827101096
7,1844043,1000468,1000468,1000417,1001458,1.843274355,1.841358300
7,1844163,1000521,1000521,1000468,1001510,1.843300335,1.841382512
7,1843289,1000052,1000052,1000052,1001198,1.843193154,1.841083382
7,1837344,1000417,1000417,997238,1001510,1.842432799,1.834573794
7,1843707,1000313,1000313,1000260,1001302,1.843227761,1.841309615
7,1843280,1000052,1000052,1000000,1001042,1.843280000,1.841361302
7,1843865,1000365,1000365,1000312,1001354,1.843289894,1.841371783
7,1831795,1000208,1000208,987188,1001458,1.855568544,1.829128131
7,1843476,1000104,1000104,1000156,1001198,1.843188463,1.841270158
7,1843895,1000365,1000365,1000364,1001406,1.843224066,1.841306124
7,1843557,1000209,1000209,1000208,1001250,1.843173620,1.841255431
7,1831837,1000469,1000469,978437,1002083,1.872207408,1.828029215
7,1843713,1000260,1000260,1000209,1001719,1.843327745,1.840549096
7,1843450,1000157,1000157,1000156,1001250,1.843162467,1.841148564
7,1844021,1000469,1000469,1000417,1001615,1.843252364,1.841047708
7,1798211,1000156,1000156,958281,1001771,1.876496560,1.795031998
7,1843836,1000365,1000365,1000312,1001510,1.843260903,1.841056005
7,1844002,1000469,1000469,1000417,1001563,1.843233372,1.841124323
7,1843400,1000104,1000104,1000104,1001250,1.843208306,1.841098627
7,1838432,1000417,1000417,995834,1001666,1.846122948,1.835374266
7,1843520,1000208,1000208,1000156,1001250,1.843232456,1.841218477
7,1843588,1000261,1000261,1000156,1001406,1.843300445,1.840999555
7,1843140,999948,999948,999948,1000989,1.843235848,1.841318936
7,1829801,1000677,1000677,983959,1001875,1.859631346,1.826376544
7,1843861,1000365,1000365,1000364,1001458,1.843190079,1.841176565
7,1843858,1000365,1000365,1000365,1001406,1.843185237,1.841269176
7,1843182,1000000,1000000,999948,1001042,1.843277850,1.841263404
7,1835889,1000521,1000521,983282,1001823,1.867103232,1.832548265
7,1843365,1000052,1000052,1000104,1001510,1.843173310,1.840585716
7,1843253,1000000,1000000,1000052,1001198,1.843157156,1.841047425
7,1844149,1000521,1000521,1000469,1001614,1.843284500,1.841177340
7,1828558,1000364,1000364,981719,1001771,1.862608343,1.825325349
7,1843760,1000312,1000312,1000261,1001459,1.843278904,1.841073873
7,1843274,1000052,1000052,1000052,1001354,1.843178155,1.840781582
7,1843925,1000365,1000365,1000364,1001458,1.843254056,1.841240471
7,1839198,1000520,1000520,996250,1001719,1.846120954,1.836041844
7,1843563,1000157,1000157,1000156,1001250,1.843275449,1.841261423
7,1844061,1000469,1000469,1000521,1001563,1.843100745,1.841183231
7,1843942,1000416,1000416,1000417,1001511,1.843173397,1.841160007
7,1829070,1000417,1000417,983905,1001823,1.858990451,1.825741673
7,1843569,1000157,1000157,1000208,1001354,1.843185617,1.841076183
7,1843158,1000000,1000000,1000000,1001094,1.843158000,1.841143789
7,1843999,1000417,1000417,1000416,1001562,1.843232215,1.841123166
7,1835724,1000312,1000312,983855,1001563,1.865848118,1.832859241
7,1843580,1000209,1000209,1000208,1001354,1.843196615,1.841087168
7,1843367,1000105,1000105,1000104,1001198,1.843175310,1.841161289
7,1843138,999948,999948,999948,1001094,1.843233848,1.841123811
7,1829221,1000208,1000208,984114,1001875,1.858749088,1.825797629
7,1843098,999947,999947,1000000,1001198,1.843098000,1.840892611
7,1843535,1000209,1000209,1000208,1001354,1.843151624,1.841042229
7,1843811,1000313,1000313,1000364,1001458,1.843140097,1.841126637
7,1835053,1000365,1000365,990365,1001927,1.852905747,1.831523654
7,1844118,1000520,1000520,1000469,1001615,1.843253514,1.841144552
7,1843249,1000052,1000052,1000052,1001458,1.843153156,1.840565456
7,1844071,1000469,1000469,1000469,1001614,1.843206536,1.841099465
7,1825714,1000208,1000208,983959,1001511,1.855477718,1.822959508
7,1843913,1000417,1000417,1000417,1001666,1.843144409,1.840846150
7,1843817,1000365,1000365,1000312,1001511,1.843241909,1.841035196
7,1843578,1000209,1000209,1000208,1001302,1.843194616,1.841180783
7,1817708,992761,992761,971824,1001666,1.870408634,1.814684735
7,1843072,999947,999947,999896,1001146,1.843263699,1.840962257
7,1843292,1000052,1000052,1000104,1001510,1.843100318,1.840512826
7,1843548,1000208,1000208,1000208,1001302,1.843164622,1.841150822
7,1809305,1000312,1000312,969167,1001719,1.866866082,1.806200142
7,1843955,1000365,1000365,1000417,1001562,1.843186391,1.841079234
7,1843445,1000104,1000104,1000105,1001302,1.843251459,1.841047956
7,1843846,1000364,1000364,1000365,1001511,1.843173242,1.841064152
7,1837189,1000000,1000000,994948,1001303,1.846517607,1.834798258
7,1843959,1000417,1000417,1000364,1001562,1.843288043,1.841083228
7,1844045,1000468,1000468,1000469,1001615,1.843180548,1.841071669
7,1843781,1000312,1000312,1000312,1001407,1.843205920,1.841190445
7,1793742,1000052,1000052,963541,1001406,1.861614607,1.791223540
7,1839994,1000364,1000364,1000886,1002187,1.838365208,1.835978715
7,1843676,1000261,1000261,1000312,1001458,1.843100953,1.840991834
7,1843060,999948,999948,999896,1001146,1.843251698,1.840950271
7,1836843,1000521,1000521,980833,1002031,1.872737765,1.833119933
7,1844387,1000625,1000625,1000677,1001979,1.843139195,1.840744167
7,1842142,1000260,1000260,1000261,1001510,1.841661326,1.839364560
7,1843732,1000312,1000312,1000313,1001459,1.843155092,1.841045914
7,1812862,999948,999948,966302,1001198,1.876082219,1.810692790
7,1844113,1000521,1000521,1000521,1001511,1.843152717,1.841330749
7,1843940,1000365,1000365,1000364,1001406,1.843269050,1.841351060
7,1843591,1000208,1000208,1000208,1001146,1.843207613,1.841480663
7,1837694,1000417,1000417,995677,1001510,1.845672844,1.834923266
7,1843473,1000157,1000157,1000260,1001354,1.842993822,1.840980313
7,1843525,1000209,1000209,1000260,1001354,1.843045808,1.841032242
7,1843878,1000365,1000365,1000365,1001406,1.843205230,1.841289147
7,1832927,1000365,1000365,986251,1001563,1.858479231,1.830066606
7,1843841,1000365,1000365,1000312,1001406,1.843265901,1.841252199
7,1843991,1000417,1000417,1000469,1001406,1.843126574,1.841401989
7,1843657,1000261,1000261,1000208,1001198,1.843273599,1.841450942
7,1833443,1000261,1000261,972916,1001354,1.884482319,1.830963875
7,1843953,1000417,1000417,1000521,1001563,1.842992801,1.841075399
7,1843626,1000208,1000208,1000261,1001146,1.843144939,1.841515623
7,1843769,1000313,1000313,1000364,1001406,1.843098112,1.841180300
7,1830421,1000104,1000104,982083,1001146,1.863814973,1.828325739
7,1843976,1000416,1000416,1000417,1001354,1.843207383,1.841482633
7,1843139,1000000,1000000,999948,1000938,1.843234848,1.841411756
7,1843252,1000000,1000000,1000052,1000990,1.843156156,1.841428985
7,1837286,1000469,1000469,994115,1001458,1.848162436,1.834611137
7,1844497,1000677,1000677,1000729,1001823,1.843153341,1.841140601
7,1843514,1000208,1000208,1000052,1001250,1.843418142,1.841212484
7,1843521,1000208,1000208,1000157,1001250,1.843231613,1.841219476
7,1833440,1000885,1000885,982344,1002032,1.866393035,1.829722005
7,1843967,1000417,1000417,1000416,1001615,1.843200229,1.840993795
7,1843798,1000313,1000313,1000365,1001562,1.843125259,1.840922479
7,1844469,1000677,1000677,1000729,1002187,1.843125362,1.840443949
7,1837561,1000521,1000521,978802,1001980,1.877357218,1.833929819
7,1844111,1000469,1000469,1000521,1001666,1.843150718,1.841043821
7,1843951,1000417,1000417,1000416,1001563,1.843184235,1.841073402
7,1843865,1000364,1000364,1000365,1001510,1.843192235,1.841084962
7,1822158,1000365,1000365,973907,1001615,1.870977414,1.819219960
7,1843640,1000208,1000208,1000208,1001510,1.843256603,1.840860301
7,1843780,1000312,1000312,1000260,1001354,1.843300742,1.841286898
7,1843881,1000365,1000365,1000364,1001459,1.843210072,1.841194697
7,1834999,1000365,1000365,990156,1001771,1.853242317,1.831754962
7,1843664,1000261,1000261,1000260,1001614,1.843184772,1.840693121
7,1844131,1000469,1000469,1000469,1001615,1.843266508,1.841157531
7,1843802,1000365,1000365,1000312,1001406,1.843226913,1.841213254
7,1824420,1000157,1000157,976249,1001406,1.868806012,1.821858467
7,1843534,1000156,1000156,1000209,1001406,1.843148782,1.840945630
7,1843135,999948,999948,999948,1001094,1.843230848,1.841120814
7,1844067,1000469,1000469,1000469,1001615,1.843202538,1.841093634
7,1805921,1000104,1000104,933594,1001303,1.934375114,1.803570947
7,1843350,1000104,1000104,1000052,1001250,1.843254151,1.841048689
7,1844015,1000417,1000417,1000416,1001511,1.843248209,1.841232897
7,1843839,1000365,1000365,1000364,1001510,1.843168087,1.841059001
7,1830864,1000678,1000678,984375,1001823,1.859925333,1.827532408
7,1843247,1000053,1000053,1000000,1000989,1.843247000,1.841425830
7,1843855,1000312,1000312,1000313,1001250,1.843278054,1.841553059
7,1843453,1000156,1000156,1000157,1001094,1.843163623,1.841438466
7,1838268,1000105,1000105,992916,1001198,1.851383199,1.836068390
7,1843506,1000157,1000157,1000156,1001094,1.843218458,1.841491408
7,1843658,1000208,1000208,1000261,1001198,1.843176931,1.841451941
7,1843808,1000364,1000364,1000313,1001302,1.843231069,1.841410484
7,1822278,1000312,1000312,975208,1001458,1.868604441,1.819624987
7,1831352,1000625,1000625,1000729,1001719,1.830017917,1.828209308
7,1843855,1000313,1000313,1000468,1001458,1.842992480,1.841170573
7,1843919,1000365,1000365,1000364,1001406,1.843248058,1.841330090
7,1837362,1000261,1000261,980417,1001458,1.874061751,1.834687026
7,1843151,1000000,1000000,999948,1000938,1.843246849,1.841423745
7,1843770,1000313,1000313,1000312,1001198,1.843194923,1.841563807
7,1843273,1000052,1000052,1000052,1000990,1.843177155,1.841449965
7,1832703,1000469,1000469,989115,1001666,1.852871506,1.829654795
7,1842453,1000365,1000365,1000468,1001511,1.841591135,1.839673254
7,1843604,1000209,1000209,1000364,1001302,1.842933172,1.841206749
7,1844042,1000469,1000469,1000468,1001354,1.843179392,1.841548543
7,1839860,1000521,1000521,995781,1001562,1.847655258,1.836990621
7,1843536,1000208,1000208,1000156,1001042,1.843248453,1.841617035
7,1844062,1000469,1000469,1000469,1001406,1.843197540,1.841472889
7,1844106,1000521,1000521,1000469,1001458,1.843241520,1.841421208
7,1831983,1000573,1000573,985990,1001823,1.858013773,1.828649372
7,1843171,999948,999948,999948,1001042,1.843266850,1.841252415
7,1843891,1000364,1000364,1000365,1001250,1.843218225,1.841589014
7,1843414,1000104,1000104,1000156,1001042,1.843126472,1.841495162
7,1833859,1000521,1000521,980677,1001718,1.869992872,1.830713834
7,1841816,1000000,1000000,999948,1000886,1.841911779,1.840185596
7,1843681,1000261,1000261,1000208,1001354,1.843297594,1.841188031
7,1843710,1000261,1000261,1000312,1001145,1.843134942,1.841601366
7,1829877,1000364,1000364,984271,1001459,1.859119084,1.827211099
7,1844345,1000573,1000573,1000573,1001823,1.843288796,1.840988877
7,1843944,1000417,1000417,1000365,1001511,1.843271206,1.841162004
7,1843939,1000364,1000364,1000417,1001562,1.843170398,1.841063259
7,1836227,1000052,1000052,992812,1001563,1.849521360,1.833361456
7,1843747,1000312,1000312,1000313,1001458,1.843170088,1.841062731
7,1843185,1000000,1000000,1000000,1001458,1.843185000,1.840501549
7,1843591,1000208,1000208,1000156,1001302,1.843303445,1.841193766
7,1826958,1000208,1000208,974634,1001459,1.874506738,1.824296352
7,1843118,1000052,1000052,1000053,1001250,1.843020320,1.840816979
7,1843715,1000260,1000260,1000261,1001719,1.843233916,1.840551093
7,1843005,1000000,1000000,1000000,1001145,1.843005000,1.840897173
7,1833953,1000313,1000313,974374,1001927,1.882185896,1.830425770
7,1843186,1000105,1000105,1000104,1001355,1.842994329,1.840691863
7,1843385,1000313,1000313,1000313,1001406,1.842808201,1.840796840
7,1843308,1000052,1000052,1000104,1001146,1.843116316,1.841197987
7,1791957,1000469,1000469,947761,1001718,1.890726671,1.788883698
7,1843769,1000521,1000521,1000469,1001666,1.842904678,1.840702390
7,1842543,1000052,1000052,1000000,1001146,1.842543000,1.840433863
7,1843702,1000365,1000365,1000312,1001510,1.843126944,1.840922207
7,1837346,1000104,1000104,993906,1001511,1.848611438,1.834573959
7,1843597,1000312,1000312,1000313,1001406,1.843020135,1.841008542
7,1843498,1000156,1000156,1000156,1001302,1.843210459,1.841100887
7,1843967,1000417,1000417,1000417,1001510,1.843198386,1.841186808
7,1825536,1000209,1000209,977135,1001667,1.868253619,1.822497896
7,1843084,1000052,1000052,1000000,1001563,1.843084000,1.840207755
7,1843936,1000468,1000468,1000469,1001614,1.843071599,1.840964683
7,1844150,1000521,1000521,1000469,1001927,1.843285499,1.840603158
7,1835609,1000261,1000261,979739,1001511,1.873569389,1.832839579
7,1843668,1000364,1000364,1000313,1001458,1.843091112,1.840983846
7,1843321,1000365,1000365,1000364,1001458,1.842650275,1.840637351
7,1843363,1000105,1000105,1000104,1001197,1.843171310,1.841159133
7,1830145,1000521,1000521,983178,1002032,1.861458454,1.826433687
7,1843674,1000364,1000364,1000365,1001510,1.843001305,1.840894250
7,1843086,1000104,1000104,1000156,1001302,1.842798523,1.840689422
7,1843893,1000469,1000469,1000468,1001615,1.843030462,1.840919914
7,1835452,1000209,1000209,996927,1001407,1.841109730,1.832873147
7,1843914,1000469,1000469,1000469,1001562,1.843049610,1.841038298
7,1843953,1000521,1000521,1000521,1001615,1.842992801,1.840979818
7,1843845,1000417,1000417,1000417,1001875,1.843076437,1.840394261
7,1812369,1000364,1000364,964635,1001771,1.878813230,1.809164969
7,1843218,1000104,1000104,1000104,1001562,1.843026325,1.840343384
7,1843511,1000312,1000312,1000260,1001406,1.843031812,1.840922663
7,1843129,1000365,1000365,1000364,1001511,1.842458345,1.840348234
7,1834843,1000521,1000521,981770,1001718,1.868913289,1.831696146
7,1843212,1000105,1000105,1000104,1001198,1.843020326,1.841006474
7,1843550,1000313,1000313,1000260,1001407,1.843070802,1.840959770
7,1843611,1000469,1000469,1000417,1001563,1.842842535,1.840733933
7,1826636,1000625,1000625,981407,1001979,1.861242074,1.823028227
7,1843217,1000209,1000209,1000260,1001563,1.842737888,1.840340548
7,1843731,1000521,1000521,1000469,1001771,1.842866696,1.840471525
7,1843074,1000053,1000053,1000000,1001093,1.843074000,1.841061720
7,1838386,1000521,1000521,992240,1001875,1.852763444,1.834945477
7,1843700,1000261,1000261,1000260,1001355,1.843220763,1.841205167
7,1843135,1000052,1000052,1000052,1001145,1.843039162,1.841027024
7,1858339,1010417,1010417,1003958,1013542,1.851012692,1.833509613
7,1814753,1000677,1000677,975730,1001979,1.859892593,1.811168697
7,1843309,1000157,1000157,1000156,1001250,1.843021489,1.841007740
7,1843515,1000156,1000156,1000104,1001303,1.843323294,1.841116026
7,1835186,1000416,1000416,983125,1001667,1.866686332,1.832131836
7,1843640,1000261,1000261,1000208,1001355,1.843256603,1.841145248
7,1842868,1000053,1000053,1000052,1001146,1.842772176,1.840758491
7,1843543,1000469,1000469,1000468,1001563,1.842680625,1.840666039
7,1837461,1000260,1000260,990678,1001458,1.854750989,1.834785882
7,1834814,1000156,1000156,991301,1001615,1.850915111,1.831855553
7,1843346,1000104,1000104,1000104,1001250,1.843154312,1.841044694
7,1843577,1000208,1000208,1000157,1001302,1.843287604,1.841179784
7,1836868,1000364,1000364,995782,1001614,1.844648728,1.833908072
7,1844122,1000469,1000469,1000521,1001615,1.843161713,1.841148545
7,1843708,1000364,1000364,1000365,1001719,1.843035292,1.840544105
7,1843587,1000208,1000208,1000208,1001355,1.843203614,1.841092320
7,1835679,1000157,1000157,990938,1001355,1.852466047,1.833195021
7,1836691,1000521,1000521,991771,1002031,1.851930536,1.832968242
7,1843371,1000209,1000209,1000208,1001406,1.842987659,1.840782859
7,1844173,1000521,1000521,1000521,1001615,1.843212686,1.841199463
7,1835525,1000312,1000312,982707,1001562,1.867825303,1.832662381
7,1843764,1000521,1000521,1000521,1001615,1.842803899,1.840791122
7,1843198,1000208,1000208,1000208,1001354,1.842814695,1.840705685
7,1843518,1000208,1000208,1000208,1001354,1.843134628,1.841025252
7,1832428,1000052,1000052,984635,1001302,1.861022612,1.830045281
7,1837538,1000104,1000104,997916,1001302,1.841375426,1.835148636
7,1843992,1000469,1000469,1000417,1001563,1.843223376,1.841114338
7,1843942,1000364,1000364,1000417,1001510,1.843173397,1.841161846
7,1835932,1000573,1000573,993020,1001771,1.848836881,1.832686313
7,1843546,1000521,1000521,1000521,1001666,1.842586013,1.840479761
7,1844236,1000573,1000573,1000573,1001667,1.843179858,1.841166775
7,1843660,1000208,1000208,1000208,1001406,1.843276598,1.841071454
7,1850488,1017969,1017969,990677,1019167,1.867902455,1.815686732
7,1843405,1000104,1000104,1000156,1001510,1.843117474,1.840625655
7,1843243,1000104,1000104,1000156,1001355,1.842955499,1.840748785
7,1843869,1000364,1000364,1000365,1001667,1.843196233,1.840800386
7,1834021,1000261,1000261,977813,1001667,1.875635730,1.830968775
7,1843815,1000313,1000313,1000260,1001406,1.843335733,1.841226236
7,1843800,1000313,1000313,1000312,1001459,1.843224914,1.841113815
7,1843296,1000052,1000052,1000052,1001197,1.843200154,1.841092213
7,1826342,1000209,1000209,977500,1001407,1.868380563,1.823775947
7,1843828,1000417,1000417,1000416,1001614,1.843061287,1.840856857
7,1843356,1000104,1000104,1000052,1001198,1.843260150,1.841150302
7,1843595,1000209,1000209,1000208,1001302,1.843211612,1.841197761
7,1836050,1000573,1000573,996459,1001719,1.842574557,1.832899246
7,1843929,1000365,1000365,1000365,1001511,1.843256211,1.841147027
7,1844149,1000521,1000521,1000521,1001615,1.843188699,1.841175502
7,1843523,1000261,1000261,1000260,1001406,1.843043809,1.840934646
7,1826672,1000261,1000261,983072,1001510,1.858126363,1.823917884
7,1843895,1000416,1000416,1000365,1001510,1.843222224,1.841114916
7,1843875,1000365,1000365,1000364,1001562,1.843204074,1.840999359
7,1843330,1000156,1000156,1000156,1001302,1.843042485,1.840933105
7,1836132,1000416,1000416,983855,1001667,1.866262813,1.833076262
7,1843622,1000209,1000209,1000208,1001302,1.843238606,1.841224725
7,1843051,1000157,1000157,1000156,1001302,1.842763529,1.840654468
7,1843481,1000469,1000469,1000417,1001562,1.842712589,1.840605973
7,1823893,1000208,1000208,980835,1001459,1.859530910,1.821235817
7,1844138,1000521,1000521,1000521,1001614,1.843177704,1.841166357
7,1843520,1000312,1000312,1000313,1001407,1.842943159,1.840929812
7,1843427,1000208,1000208,1000209,1001354,1.843041804,1.840934375
7,1836984,1000156,1000156,995833,1001250,1.844670743,1.834690637
7,1843777,1000417,1000417,1000416,1001510,1.843010308,1.840997094
7,1843150,999948,999948,999948,1001094,1.843245849,1.841135797
7,1843290,1000365,1000365,1000312,1001458,1.842715073,1.840606396
7,1759959,1000209,1000209,925105,1001406,1.902442425,1.757487972
7,1843488,1000260,1000260,1000261,1001511,1.843006975,1.840706692
7,1843574,1000312,1000312,1000260,1001718,1.843094795,1.840412172
7,1843214,1000312,1000312,1000313,1001459,1.842637255,1.840528669
7,1833304,1000312,1000312,979845,1001511,1.871014293,1.830538057
7,1842829,1000052,1000052,1000000,1001198,1.842829000,1.840623933
7,1843675,1000261,1000261,1000260,1001458,1.843195769,1.840990835
7,1843083,1000052,1000052,1000000,1001146,1.843083000,1.840973245
7,1817596,1000313,1000313,974532,1001667,1.865096272,1.814571110
7,1842998,1000000,1000000,1000000,1001354,1.842998000,1.840505955
7,1843159,1000000,1000000,999948,1001094,1.843254849,1.841144788
7,1843655,1000261,1000261,1000208,1001354,1.843271600,1.841162067
7,1832486,1000416,1000416,989323,1001615,1.852262608,1.829531307
7,1843849,1000573,1000573,1000573,1001875,1.842793080,1.840398253
7,1844025,1000469,1000469,1000469,1001563,1.843160558,1.841147287
7,1843724,1000364,1000364,1000365,1001459,1.843051286,1.841037926
7,1825069,1000365,1000365,979844,1003073,1.862611804,1.819477745
7,1843869,1000364,1000364,1000365,1001615,1.843196233,1.840895953
7,1843624,1000364,1000364,1000312,1001511,1.843048969,1.840842487
7,1843180,1000052,1000052,1000052,1001250,1.843084160,1.840878901
7,1832416,1000052,1000052,978333,1001250,1.872998253,1.830128340
7,1843280,1000052,1000052,1000052,1001250,1.843184154,1.840978777
7,1843590,1000208,1000208,1000208,1001302,1.843206613,1.841192767
7,1831806,1000521,1000521,1000677,1001771,1.830566706,1.828567607
7,1829527,1000573,1000573,978074,1002136,1.870540470,1.825627460
7,1842993,1000260,1000260,1000261,1001667,1.842512104,1.839925844
7,1844584,1000781,1000781,1000990,1002291,1.842759668,1.840367718
7,1844158,1000520,1000520,1000573,1001771,1.843101903,1.840897770
7,1837496,1000157,1000157,993333,1001354,1.849828809,1.835011395
7,1844069,1000468,1000468,1000469,1001771,1.843204537,1.840808927
7,1843245,1000000,1000000,1000052,1001198,1.843149156,1.841039435
7,1844056,1000469,1000469,1000469,1001562,1.843191543,1.841180077
7,1824520,1000468,1000468,975000,1001875,1.871302564,1.821105427
7,1842485,999636,999636,999635,1001615,1.843157753,1.839514185
7,1843528,1000208,1000208,1000260,1001198,1.843048807,1.841322096
7,1843755,1000312,1000312,1000365,1001406,1.843082275,1.841166320
7,1839355,1000938,1000938,985469,1002292,1.866476774,1.835148839
7,1843593,1000208,1000208,1000261,1001302,1.843111948,1.841195763
7,1843226,1000052,1000052,1000000,1000937,1.843226000,1.841500514
7,1843315,1000052,1000052,1000000,1000990,1.843315000,1.841491923
7,1829441,1000729,1000729,983021,1001875,1.861039591,1.826017218
7,1843958,1000521,1000521,1000520,1001718,1.842999640,1.840795513
7,1843162,1000313,1000313,1000313,1001146,1.842585271,1.841052154
7,1843596,1000573,1000573,1000521,1001615,1.842635987,1.840623393
7,1836981,1000416,1000416,994739,1001407,1.846696470,1.834399999
7,1844045,1000468,1000468,1000469,1001354,1.843180548,1.841551539
7,1843584,1000416,1000416,1000417,1001250,1.842815546,1.841282397
7,1843373,1000417,1000417,1000365,1001250,1.842700414,1.841071660
7,1834189,1000782,1000782,987030,1002031,1.858291035,1.830471313
7,1843301,1000052,1000052,1000000,1001354,1.843301000,1.840808545
7,1836610,1000260,1000260,999010,1001510,1.838430046,1.833840900
7,1843312,1000053,1000053,1000052,1001198,1.843216153,1.841106355
7,1834380,1000365,1000365,974791,1001562,1.881818769,1.831519167
7,1842897,1000156,1000156,1000156,1001354,1.842609553,1.840405092
7,1843012,1000104,1000104,1000105,1001198,1.842818504,1.840806714
7,1843673,1000260,1000260,1000261,1001302,1.843191927,1.841275659
7,1810008,1000052,1000052,964426,1001198,1.876772298,1.807842205
7,1843757,1000260,1000260,1000261,1001302,1.843275905,1.841359550
7,1843740,1000312,1000312,1000313,1001302,1.843163090,1.841342572
7,1843421,1000313,1000313,1000313,1001250,1.842844190,1.841119600
7,1839068,1000469,1000469,997448,1001458,1.843773309,1.836390543
7,1843577,1000208,1000208,1000209,1001146,1.843191773,1.841466679
7,1843678,1000261,1000261,1000313,1001302,1.843101109,1.841280653
7,1843500,1000261,1000261,1000260,1001250,1.843020815,1.841198502
7,1831554,1000209,1000209,988073,1001302,1.853662634,1.829172418
7,1843177,1000000,1000000,1000000,1000990,1.843177000,1.841354059
7,1843380,1000208,1000208,1000313,1001250,1.842803203,1.841078652
7,1834906,1000573,1000573,1000625,1001667,1.833759900,1.831852302
7,1835664,1000261,1000261,995677,1001354,1.843634030,1.833181872
7,1843677,1000261,1000261,1000208,1001146,1.843293595,1.841566565
7,1842140,1000209,1000209,1000208,1001198,1.841756915,1.839935757
7,1843876,1000365,1000365,1000312,1001302,1.843300890,1.841478395
7,1833234,1000417,1000417,988176,1001510,1.855169524,1.830469990
7,1843451,1000156,1000156,1000156,1001197,1.843163466,1.841247027
7,1843971,1000416,1000416,1000417,1001407,1.843202385,1.841380178
7,1843860,1000364,1000364,1000625,1001615,1.842708307,1.840886968
7,1838394,1000261,1000261,994271,1001562,1.848986846,1.835526907
7,1843955,1000416,1000416,1000469,1001407,1.843090591,1.841364201
7,1844073,1000469,1000469,1000469,1001458,1.843208535,1.841388256
7,1843958,1000417,1000417,1000416,1001354,1.843191232,1.841464657
7,1831303,1000260,1000260,983332,1001354,1.862344559,1.828826769
7,1843847,1000365,1000365,1000313,1001302,1.843270056,1.841449433
7,1843479,1000157,1000157,1000104,1001094,1.843287298,1.841464438
7,1844146,1000521,1000521,1000521,1001458,1.843185700,1.841461150
7,1833501,1000312,1000312,972239,1001406,1.885854198,1.830926717
7,1844659,1000782,1000782,1000885,1002031,1.843027920,1.840920091
7,1843227,1000052,1000052,1000000,1001146,1.843227000,1.841117080
7,1843566,1000208,1000208,1000208,1001094,1.843182618,1.841551343
7,1831804,1000729,1000729,982239,1001927,1.864926968,1.828280903
7,1844126,1000469,1000469,1000521,1001719,1.843165711,1.840961387
7,1844116,1000417,1000417,1000468,1001406,1.843253357,1.841526813
7,1843721,1000261,1000261,1000260,1001250,1.843241757,1.841419226
7,1837411,1000365,1000365,990571,1001458,1.854900860,1.834735955
7,1843827,1000365,1000365,1000312,1001250,1.843251905,1.841525094
7,1843675,1000261,1000261,1000260,1001250,1.843195769,1.841373283
7,1843692,1000260,1000260,1000260,1001198,1.843212765,1.841485900
7,1829443,1000729,1000729,982709,1001979,1.861632487,1.825829683
7,1843535,1000209,1000209,1000156,1001510,1.843247453,1.840755459
7,1841802,1000156,1000156,1000156,1001458,1.841514724,1.839120562
7,1843513,1000156,1000156,1000104,1001615,1.843321295,1.840540527
7,1831337,1000104,1000104,972865,1001510,1.882416368,1.828575850
7,1843578,1000208,1000208,1000261,1001302,1.843096952,1.841180783
7,1840646,1000156,1000156,1000157,1001407,1.840357064,1.838059850
7,1843586,1000208,1000208,1000208,1001250,1.843202614,1.841284395
7,1814694,1000000,1000000,967346,1001146,1.875951314,1.812616741
7,1843340,1000104,1000104,1000104,1001094,1.843148313,1.841325590
7,1843763,1000313,1000313,1000312,1001198,1.843187925,1.841556815
7,1843851,1000365,1000365,1000364,1001302,1.843180082,1.841453428
7,1839286,1000417,1000417,997448,1001406,1.843991867,1.836703595
7,1843449,1000156,1000156,1000104,1001042,1.843257301,1.841530126
7,1843307,1000104,1000104,1000052,1001042,1.843211153,1.841388273
7,1844159,1000521,1000521,1000521,1001510,1.843198693,1.841378518
7,1833464,1000573,1000573,988021,1001615,1.855693351,1.830507730
7,1843955,1000417,1000417,1000416,1001302,1.843188234,1.841557292
7,1844190,1000521,1000521,1000521,1001510,1.843229677,1.841409472
7,1844181,1000520,1000520,1000573,1001407,1.843124889,1.841589883
7,1838512,1000260,1000260,995989,1001407,1.845915969,1.835928848
7,1843252,1000000,1000000,1000053,1000885,1.843154313,1.841622164
7,1843906,1000365,1000365,1000416,1001250,1.843139254,1.841603995
7,1843224,1000000,1000000,1000000,1000885,1.843224000,1.841594189
7,1831697,1000521,1000521,983437,1001562,1.862546355,1.828840351
7,1843310,1000052,1000052,1000053,1000938,1.843212310,1.841582596
7,1843171,1000000,1000000,1000000,1000937,1.843171000,1.841445566
7,1843689,1000260,1000260,1000261,1001146,1.843207923,1.841578551
7,1839956,1000521,1000521,997605,1001510,1.844373274,1.837181855
7,1843392,1000104,1000104,1000157,1001094,1.843102633,1.841377533
7,1843956,1000417,1000417,1000365,1001302,1.843283202,1.841558291
7,1844120,1000469,1000469,1000469,1001354,1.843255513,1.841626438
7,1831010,1000677,1000677,987135,1001823,1.854872940,1.827678143
7,1843513,1000156,1000156,1000156,1001198,1.843225457,1.841307114
7,1843260,1000052,1000052,1000000,1001093,1.843260000,1.841247516
7,1843730,1000312,1000312,1000312,1001302,1.843154936,1.841332585
7,1833931,1000417,1000417,976457,1001563,1.878148244,1.831069039
7,1843390,1000104,1000104,1000104,1001458,1.843198307,1.840706250
7,1840132,1000156,1000156,1000156,1001250,1.839844984,1.837834707
7,1843240,1000000,1000000,999948,1001459,1.843335853,1.840554631
7,1828616,1000469,1000469,982551,1002032,1.861090162,1.824907787
7,1843694,1000312,1000312,1000261,1001406,1.843212921,1.841105406
7,1843412,1000104,1000104,1000105,1001250,1.843218462,1.841110612
7,1843830,1000312,1000312,1000365,1001458,1.843157248,1.841145610
7,1832890,1000104,1000104,986823,1001354,1.857364492,1.830411623
7,1843997,1000417,1000417,1000417,1001822,1.843228374,1.840643348
7,1844005,1000469,1000469,1000416,1001563,1.843238213,1.841127318
7,1843558,1000208,1000208,1000208,1001302,1.843174620,1.841160809
7,1825919,1000156,1000156,980260,1001719,1.862688470,1.822785631
7,1843608,1000208,1000208,1000156,1001615,1.843320442,1.840635374
7,1843158,1000000,1000000,999948,1001093,1.843253849,1.841145628
7,1843668,1000261,1000261,1000260,1001407,1.843188771,1.841077604
7,1833486,1000157,1000157,982031,1001510,1.867034747,1.830721610
7,1843910,1000365,1000365,1000416,1001615,1.843143252,1.840936887
7,1843148,1000313,1000313,1000312,1001459,1.842573117,1.840462765
7,1843278,1000053,1000053,1000000,1001510,1.843278000,1.840498847
7,1822900,1000364,1000364,981250,1001823,1.857732484,1.819582900
7,1843777,1000417,1000417,1000364,1001511,1.843106109,1.840995256
7,1843295,1000468,1000468,1000417,1001562,1.842526666,1.840420264
7,1842853,1000104,1000104,1000104,1001198,1.842661363,1.840647904
7,1834790,1000573,1000573,992916,1001771,1.847880385,1.831546331
7,1844129,1000469,1000469,1000469,1001563,1.843264509,1.841251124
7,1843642,1000313,1000313,1000312,1001614,1.843066963,1.840671157
7,1843402,1000260,1000260,1000156,1001302,1.843114474,1.841005011
7,1802883,1000156,1000156,960991,1001458,1.876066477,1.800258224
7,1843301,1000313,1000313,1000364,1001407,1.842630283,1.840711119
7,1843428,1000104,1000104,1000104,1001146,1.843236303,1.841317850
7,1843324,1000156,1000156,1000209,1001198,1.842938826,1.841118340
7,1834926,1000208,1000208,983750,1001354,1.865236086,1.832444870
7,1843973,1000417,1000417,1000416,1001459,1.843206226,1.841286563
7,1842794,1000104,1000104,1000052,1001355,1.842698180,1.840300393
7,1842966,999948,999948,999948,1001198,1.843061839,1.840760769
7,1827626,1000469,1000469,984948,1001719,1.855555826,1.824489702
7,1842890,1000000,1000000,1000104,1001042,1.842698359,1.840971707
7,1843468,1000156,1000156,1000156,1001041,1.843180464,1.841550945
7,1843956,1000521,1000521,1000469,1001406,1.843091590,1.841367038
7,1836651,1000468,1000468,997396,1001458,1.841446126,1.833977061
7,1843795,1000469,1000469,1000416,1001302,1.843028300,1.841397500
7,1843488,1000156,1000156,1000156,1001250,1.843200461,1.841186517
7,1843525,1000261,1000261,1000312,1001146,1.842950000,1.841414739
7,1831235,1000573,1000573,985416,1001770,1.858336987,1.827999441
7,1843353,1000052,1000052,1000052,1001406,1.843257151,1.840764885
7,1843468,1000156,1000156,1000105,1001198,1.843274456,1.841262168
7,1843892,1000417,1000417,1000365,1001458,1.843219225,1.841207519
7,1835012,1000573,1000573,984062,1001823,1.864732100,1.831672860
7,1843862,1000468,1000468,1000521,1001614,1.842901848,1.840890802
7,1843225,1000052,1000052,1000000,1001146,1.843225000,1.841115082
7,1843223,1000208,1000208,1000208,1001667,1.842839689,1.840155461
7,1826979,1000365,1000365,976979,1001822,1.870028936,1.823656298
7,1844065,1000469,1000469,1000417,1001614,1.843296345,1.841093475
7,1843350,1000208,1000208,1000208,1001563,1.842966663,1.840473340
7,1844148,1000521,1000521,1000469,1001614,1.843283500,1.841176341
7,1837955,1000521,1000521,996197,1001771,1.844971426,1.834705736
7,1843817,1000469,1000469,1000469,1001511,1.842952655,1.841035196
7,1844079,1000521,1000521,1000521,1001615,1.843118735,1.841105614
7,1843030,1000156,1000156,1000105,1001250,1.842836502,1.840729089
7,1824325,1000468,1000468,980365,1001927,1.860863046,1.820816287
7,1843773,1000312,1000312,1000313,1001458,1.843196080,1.841088693
7,1843788,1000313,1000313,1000312,1001459,1.843212918,1.841101832
7,1842747,1000261,1000261,1000208,1001354,1.842363788,1.840255294
7,1834460,1000156,1000156,978645,1001406,1.874489728,1.831884371
7,1843725,1000417,1000417,1000365,1001770,1.843052286,1.840467373
7,1843924,1000417,1000417,1000365,1001510,1.843251213,1.841143873
7,1843489,1000261,1000261,1000260,1001667,1.843009817,1.840421018
7,1831109,1000573,1000573,976198,1002135,1.875755738,1.827207911
7,1843162,999948,999948,1000000,1001198,1.843162000,1.840956534
7,1843746,1000312,1000312,1000313,1001562,1.843169088,1.840870560
7,1843671,1000261,1000261,1000208,1001354,1.843287596,1.841178045
7,1836433,1000313,1000313,996978,1001406,1.841999523,1.833854600
7,1843239,1000052,1000052,1000000,1001042,1.843239000,1.841320344
7,1843920,1000521,1000521,1000469,1001510,1.843055607,1.841139879
7,1843267,1000156,1000156,1000104,1001354,1.843075320,1.840774591
7,1828093,1000521,1000521,982499,1001667,1.860656347,1.825050641
7,1843411,1000312,1000312,1000313,1001302,1.842834193,1.841014000
7,1843323,1000052,1000052,1000052,1000989,1.843227152,1.841501755
7,1843321,1000156,1000156,1000157,1001094,1.843031644,1.841306611
7,1839394,1000678,1000678,986615,1001666,1.864348302,1.836334666
7,1842726,1000052,1000052,1000000,1000938,1.842726000,1.840999143
7,1843259,1000157,1000157,1000104,1001041,1.843067321,1.841342163
7,1843841,1000312,1000312,1000365,1001250,1.843168244,1.841539076
7,1832469,1000521,1000521,983437,1001562,1.863331357,1.829611147
7,1843240,1000052,1000052,999948,1001093,1.843335853,1.841227538
7,1843928,1000365,1000365,1000416,1001615,1.843161245,1.840954858
7,1843722,1000261,1000261,1000260,1001355,1.843242757,1.841227137
7,1838916,1000521,1000521,993958,1001615,1.850094270,1.835950939
7,1843307,1000156,1000156,1000156,1001250,1.843019489,1.841005743
7,1842977,1000000,1000000,999948,1001042,1.843072840,1.841058617
7,1843908,1000417,1000417,1000364,1001459,1.843237062,1.841221658
7,1828317,1000417,1000417,985313,1001719,1.855569753,1.825179516
7,1843684,1000261,1000261,1000208,1001511,1.843300593,1.840902396
7,1843678,1000260,1000260,1000313,1001563,1.843101109,1.840800828
7,1843393,1000416,1000416,1000365,1001458,1.842720407,1.840709246
7,1834240,1000469,1000469,984426,1001666,1.863258386,1.831189239
7,1843025,1000000,1000000,1000000,1001093,1.843025000,1.841012773
7,1843165,1000000,1000000,999948,1001094,1.843260850,1.841150781
7,1842789,1000000,1000000,1000000,1001250,1.842789000,1.840488390
7,1818705,1000364,1000364,974948,1001614,1.865437952,1.815774340
7,1843212,1000000,1000000,1000000,1001041,1.843212000,1.841295212
7,1844082,1000469,1000469,1000468,1001458,1.843219373,1.841397243
7,1843343,1000156,1000156,1000156,1001146,1.843055483,1.841232947
7,1838805,1000312,1000312,994740,1001510,1.848528259,1.836032591
7,1843673,1000261,1000261,1000260,1001250,1.843193770,1.841371286
7,1843482,1000156,1000156,1000157,1001094,1.843192619,1.841467435
7,1843625,1000312,1000312,1000313,1001458,1.843048126,1.840940908
7,1830292,1000468,1000468,983907,1001771,1.860228660,1.827056283
7,1843999,1000416,1000416,1000417,1001510,1.843230373,1.841218760
7,1843507,1000260,1000260,1000260,1001354,1.843027813,1.841014267
7,1843942,1000416,1000416,1000365,1001458,1.843269207,1.841257447
7,1835559,1000208,1000208,984165,1001354,1.865092744,1.833077014
7,1843923,1000521,1000521,1000469,1001615,1.843058606,1.840949866
7,1843916,1000417,1000417,1000417,1001510,1.843147408,1.841135885
7,1843375,1000104,1000104,1000104,1001250,1.843183309,1.841073658
7,1826152,1000677,1000677,981667,1002188,1.860256075,1.822165103
7,1843758,1000417,1000417,1000417,1001562,1.842989473,1.840882541
7,1843579,1000209,1000209,1000208,1001458,1.843195615,1.840894975
7,1843432,1000520,1000520,1000521,1001562,1.842472072,1.840557050
7,1836342,1000156,1000156,996668,1001250,1.842481147,1.834049438
7,1842964,1000104,1000104,1000053,1001250,1.842866328,1.840663171
7,1844044,1000469,1000469,1000469,1001562,1.843179549,1.841168095
7,1843886,1000365,1000365,1000364,1001406,1.843215070,1.841297136
7,1824799,999896,999896,982083,1001146,1.858090406,1.822710174
7,1842847,1000052,1000052,1000000,1000938,1.842847000,1.841120029
7,1843227,1000105,1000105,1000104,1000990,1.843035324,1.841404010
7,1844002,1000417,1000417,1000469,1001354,1.843137568,1.841508597
7,1834553,1000364,1000364,983437,1001562,1.865450456,1.831691897
7,1843447,1000209,1000209,1000260,1001146,1.842967828,1.841336828
7,1843095,1000156,1000156,1000156,1001042,1.842807522,1.841176494
7,1843841,1000365,1000365,1000365,1001250,1.843168244,1.841539076
7,1830829,1000886,1000886,982658,1002240,1.863139566,1.826737109
7,1843586,1000156,1000156,1000573,1002031,1.842530230,1.839849266
7,1843100,1000156,1000156,1000105,1001459,1.842906495,1.840414835
7,1843509,1000364,1000364,1000521,1002031,1.842549032,1.839772422
7,1823588,1000156,1000156,992187,1001354,1.837947887,1.821122201
7,1842436,1000834,1000834,1000833,1001979,1.840902528,1.838797021
7,1844030,1000417,1000417,1000417,1001719,1.843261360,1.840865552
7,1843497,1000208,1000208,1000156,1001250,1.843209459,1.841195506
7,1829157,1000156,1000156,979792,1001458,1.866882971,1.826493972
7,1843950,1000364,1000364,1000365,1001354,1.843277204,1.841456668
7,1843892,1000364,1000364,1000417,1001406,1.843123418,1.841303128
7,1843559,1000208,1000208,1000208,1001146,1.843175619,1.841448700
7,1836562,1000521,1000521,977917,1001666,1.878034639,1.833507377
7,1843575,1000208,1000208,1000417,1001615,1.842806550,1.840602427
7,1844266,1000573,1000573,1000730,1001823,1.842920668,1.840910021
7,1843409,1000104,1000104,1000052,1001198,1.843313148,1.841203239
7,1832538,1000417,1000417,985052,1001719,1.860346459,1.829393273
7,1843282,1000053,1000053,1000000,1001042,1.843282000,1.841363299
7,1843800,1000312,1000312,1000313,1001406,1.843223071,1.841211257
7,1846073,1004687,1004687,999844,1005729,1.846361032,1.835557093
7,1843394,1000312,1000312,1000313,1001302,1.842817198,1.840997022
7,1843607,1000416,1000416,1000417,1001406,1.842838536,1.841018528
7,1843088,1000052,1000052,1000000,1000989,1.843088000,1.841266987
7,1836371,1000365,1000365,990521,1001406,1.853944540,1.833792687
7,1831918,1000365,1000365,988593,1001406,1.853055808,1.829345940
7,1843998,1000416,1000416,1000417,1001354,1.843229373,1.841504603
7,1844141,1000520,1000520,1000469,1001406,1.843276503,1.841551778
7,1836926,1000156,1000156,983439,1001094,1.867859623,1.834918599
7,1843955,1000416,1000416,1000417,1001406,1.843186391,1.841366039
7,1844042,1000469,1000469,1000417,1001406,1.843273355,1.841452917
7,1843231,1000156,1000156,1000105,1001042,1.843037481,1.841312353
7,1836179,1000313,1000313,987604,1001302,1.859225965,1.833791404
7,1838356,1000156,1000156,998177,1001250,1.841713444,1.836060924
7,1843005,1000105,1000105,1000104,1000990,1.842813347,1.841182230
7,1843000,1000000,1000000,999947,1000937,1.843097684,1.841274726
7,1838701,1000417,1000417,994689,1001406,1.848518482,1.836119416
7,1843383,1000208,1000208,1000208,1001250,1.842999656,1.841081648
7,1842994,1000209,1000209,1000208,1001198,1.842610737,1.840788735
7,1842349,1000260,1000260,1000260,1001250,1.841870114,1.840048939
7,1835726,1000000,1000000,993074,1001042,1.848528911,1.833815165
7,1834141,1000052,1000052,995990,1001198,1.841525517,1.831946328
7,1839223,1000261,1000261,1000260,1001146,1.838744926,1.837117663
7,1840578,1000521,1000521,1000521,1001510,1.839619558,1.837802918
7,1833813,1000573,1000573,981043,1001667,1.869248341,1.830761121
7,1840588,1000521,1000521,1000521,1001719,1.839629553,1.837429459
7,1840720,1000521,1000521,1000521,1001510,1.839761484,1.837944703
7,1841121,1000365,1000365,1000416,1001406,1.840355412,1.838536018
7,1835220,1000625,1000625,993073,1001771,1.848021243,1.831975571
7,1827326,1000677,1000677,994012,1001771,1.838333944,1.824095527
7,1843967,1000416,1000416,1000417,1001406,1.843198386,1.841378023
7,1844159,1000521,1000521,1000521,1001458,1.843198693,1.841474131
7,1839820,1000521,1000521,996094,1001510,1.847034517,1.837046060
7,1843678,1000261,1000261,1000260,1001355,1.843198768,1.841183197
7,1844071,1000469,1000469,1000469,1001407,1.843206536,1.841480038
7,1843758,1000312,1000312,1000313,1001250,1.843181084,1.841456180
7,1837856,1000157,1000157,990885,1001250,1.854762157,1.835561548
7,1840535,1000729,1000729,995937,1001927,1.848043601,1.836995110
7,1842602,1000573,1000573,1000625,1001615,1.841451093,1.839630996
7,1844370,1000625,1000625,1000625,1001667,1.843217989,1.841300552
7,1836709,1000104,1000104,978698,1001250,1.876686169,1.834415980
7,1844048,1000417,1000417,1000417,1001354,1.843279353,1.841554535
7,1844069,1000469,1000469,1000521,1001458,1.843108740,1.841384262
7,1843510,1000208,1000208,1000156,1001198,1.843222457,1.841304118
7,1829188,1000729,1000729,983853,1001666,1.859208642,1.826145641
7,1843217,1000000,1000000,1000052,1001042,1.843121158,1.841298367
7,1844227,1000521,1000521,1000677,1001719,1.842979303,1.841062214
7,1842616,1000052,1000052,1000000,1000937,1.842616000,1.840891085
7,1838739,1000156,1000156,995573,1001146,1.846915294,1.836634217
7,1844047,1000469,1000469,1000521,1001562,1.843086752,1.841171091
7,1843465,1000261,1000261,1000208,1001302,1.843081639,1.841067930
7,1843254,1000052,1000052,1000000,1000989,1.843254000,1.841432823
7,1830166,1000417,1000417,986875,1001459,1.854506396,1.827499678
7,1843027,1000104,1000104,1000104,1001198,1.842835345,1.840821696
7,1843858,1000417,1000417,1000469,1001354,1.842993636,1.841364792
7,1843965,1000417,1000417,1000416,1001354,1.843198230,1.841471647
7,1837303,1000729,1000729,983906,1001823,1.867356231,1.833959691
7,1843666,1000365,1000365,1000364,1001614,1.842995150,1.840695118
7,1843799,1000312,1000312,1000365,1001459,1.843126259,1.841112816
7,1843992,1000520,1000520,1000521,1001511,1.843031780,1.841209932
7,1818573,1000104,1000104,976981,1001093,1.861421051,1.816587470
7,1843148,1000208,1000208,1000157,1001198,1.842858671,1.840942551
7,1843938,1000468,1000468,1000521,1001563,1.842977809,1.841060423
7,1843639,1000364,1000364,1000313,1001562,1.843062122,1.840763727
7,1839013,1000417,1000417,995572,1001458,1.847192368,1.836335623
7,1843385,1000105,1000105,1000052,1001198,1.843289149,1.841179267
7,1841672,1000208,1000208,1000156,1001354,1.841384744,1.839181748
7,1843961,1000417,1000417,1000416,1001354,1.843194231,1.841467653
7,1801317,1000677,1000677,959480,1001979,1.877388794,1.797759234
7,1843988,1000521,1000521,1000521,1001615,1.843027783,1.841014761
7,1843193,1000312,1000312,1000313,1001302,1.842616261,1.840796283
7,1843024,1000000,1000000,1000052,1001042,1.842928168,1.841105568
7,1834279,1000208,1000208,980260,1001406,1.871216820,1.831703625
7,1844042,1000417,1000417,1000469,1001458,1.843177550,1.841357301
7,1842851,1000104,1000104,1000104,1001146,1.842659363,1.840741510
7,1843916,1000417,1000417,1000364,1001406,1.843245059,1.841327094
7,1825603,1000417,1000417,980781,1001510,1.861376801,1.822850496
7,1843771,1000260,1000260,1000261,1001407,1.843289901,1.841180459
7,1843943,1000521,1000521,1000573,1001510,1.842887026,1.841162844
7,1843809,1000417,1000417,1000469,1001562,1.842944659,1.840933462
7,1836592,1000573,1000573,997448,1001562,1.841290975,1.833727717
7,1844167,1000521,1000521,1000521,1001407,1.843206689,1.841575903
7,1843349,1000208,1000208,1000209,1001094,1.842963821,1.841334580
7,1843552,1000261,1000261,1000312,1001250,1.842976991,1.841250437
7,1832648,1000521,1000521,982655,1001614,1.864996362,1.829694872
7,1843527,1000260,1000260,1000261,1001250,1.843045965,1.841225468
7,1843888,1000417,1000417,1000365,1001354,1.843215226,1.841394752
7,1842996,1000000,1000000,1000000,1000886,1.842996000,1.841364551
7,1837100,1000260,1000260,981823,1001406,1.871111188,1.834520664
7,1843567,1000156,1000156,1000156,1001250,1.843279448,1.841265418
7,1843103,1000156,1000156,1000104,1001041,1.842911337,1.841186325
7,1843578,1000156,1000156,1000208,1001146,1.843194616,1.841467678
7,1831310,1000365,1000365,982396,1001510,1.864126075,1.828548891
7,1843401,1000105,1000105,1000104,1001354,1.843209306,1.840908410
7,1842705,1000000,1000000,1000000,1001198,1.842705000,1.840500081
7,1844015,1000469,1000469,1000417,1001615,1.843246366,1.841041718
7,1838362,1000521,1000521,995051,1001667,1.847505304,1.835302551
7,1843348,1000105,1000105,1000052,1001094,1.843252151,1.841333581
7,1843315,1000052,1000052,1000000,1001041,1.843315000,1.841398105
7,1843228,1000052,1000052,1000000,1001198,1.843228000,1.841022455
7,1830845,1000313,1000313,984374,1001406,1.859907921,1.828274446
7,1843449,1000261,1000261,1000208,1001354,1.843065642,1.840956345
7,1843961,1000416,1000416,1000417,1001354,1.843192389,1.841467653
7,1844147,1000520,1000520,1000469,1001511,1.843282501,1.841364698
7,1835185,1000625,1000625,983229,1001718,1.866487868,1.832037559
7,1842908,1000052,1000052,1000000,1001146,1.842908000,1.840798445
7,1843312,1000053,1000053,1000104,1001094,1.843120315,1.841297620
7,1843610,1000365,1000365,1000312,1001250,1.843034973,1.841308365
7,1831644,1000364,1000364,980833,1001458,1.867437168,1.828977351
7,1840849,998854,998854,998750,1001562,1.843152941,1.837978078
7,1843790,1000417,1000417,1000417,1001459,1.843021460,1.841103830
7,1843836,1000365,1000365,1000312,1001355,1.843260903,1.841340983
7,1837862,1000104,1000104,996198,1001198,1.844876219,1.835662876
7,1843449,1000313,1000313,1000364,1001355,1.842778229,1.840954507
7,1843672,1000260,1000260,1000260,1001511,1.843192770,1.840890415
7,1843283,1000052,1000052,1000052,1001042,1.843187154,1.841364298
7,1830313,1000677,1000677,984896,1001927,1.858382002,1.826792770
7,1843380,1000104,1000104,1000104,1001250,1.843188308,1.841078652
7,1844025,1000469,1000469,1000417,1001511,1.843256362,1.841242882
7,1843076,999948,999948,999896,1001250,1.843267700,1.840775031
7,1835424,1000365,1000365,984062,1001563,1.865150773,1.832559709
7,1844211,1000520,1000520,1000521,1001615,1.843250666,1.841237402
7,1843227,1000313,1000313,1000312,1001458,1.842652093,1.840543488
7,1844024,1000417,1000417,1000469,1001562,1.843159558,1.841148127
7,1827090,1000312,1000312,982917,1001771,1.858844643,1.823859944
7,1843034,1000000,1000000,1000052,1001146,1.842938167,1.840924301
7,1843011,1000000,1000000,1000000,1001146,1.843011000,1.840901327
7,1843837,1000313,1000313,1000312,1001458,1.843261902,1.841152600
7,1838142,1000520,1000520,996042,1001667,1.845446276,1.835082917
7,1842957,1000105,1000105,1000052,1001510,1.842861171,1.840178331
7,1843779,1000312,1000312,1000313,1001458,1.843202078,1.841094684
7,1843189,1000000,1000000,1000000,1001094,1.843189000,1.841174755
7,1797339,1000521,1000521,958907,1002031,1.874362164,1.793696003
7,1843543,1000209,1000209,1000364,1001615,1.842872195,1.840570479
7,1843083,1000156,1000156,1000105,1001250,1.842889497,1.840782022
7,1844053,1000468,1000468,1000469,1001562,1.843188545,1.841177081
7,1836529,1000208,1000208,979530,1001459,1.874908374,1.833853408
7,1843308,1000052,1000052,1000000,1001406,1.843308000,1.840719948
7,1843459,1000156,1000156,1000156,1001250,1.843171465,1.841157553
7,1843683,1000313,1000313,1000260,1001250,1.843203767,1.841381273
7,1819445,1000313,1000313,978644,1001667,1.859148986,1.816417033
7,1844004,1000417,1000417,1000416,1001511,1.843237213,1.841221914
7,1843700,1000261,1000261,1000312,1001302,1.843124945,1.841302624
7,1843524,1000209,1000209,1000208,1001250,1.843140627,1.841222472
7,1836892,1000260,1000260,996927,1001407,1.842554169,1.834311124
7,1843703,1000365,1000365,1000364,1001407,1.843032136,1.841112555
7,1842555,1000157,1000157,1000156,1001198,1.842267606,1.840350260
7,1843319,1000052,1000052,1000052,1001146,1.843223152,1.841208975
7,1827741,1000468,1000468,980417,1001615,1.864248580,1.824793958
7,1843732,1000417,1000417,1000313,1001302,1.843155092,1.841334582
7,1843651,1000261,1000261,1000208,1001250,1.843267600,1.841349313
7,1843378,1000105,1000105,1000052,1001041,1.843282149,1.841461039
7,1835734,1000416,1000416,986512,1001354,1.860832914,1.833251777
7,1843371,1000104,1000104,1000104,1001042,1.843179309,1.841452207
7,1843831,1000365,1000365,1000312,1001250,1.843255904,1.841529089
7,1843679,1000261,1000261,1000260,1001198,1.843199768,1.841472915
7,1834161,1000573,1000573,988437,1001719,1.855617505,1.831013488
7,1844132,1000521,1000521,1000520,1001615,1.843173550,1.841158529
7,1843773,1000312,1000312,1000313,1001406,1.843196080,1.841184295
7,1844080,1000521,1000521,1000469,1001615,1.843215532,1.841106613
7,1837289,1000521,1000521,992969,1001980,1.850298448,1.833658356
7,1843395,1000105,1000105,1000052,1001198,1.843299148,1.841189255
7,1843694,1000261,1000261,1000260,1001406,1.843214764,1.841105406
7,1843102,1000156,1000156,1000104,1001250,1.842910337,1.840800999
7,1817196,1000313,1000313,973072,1002031,1.867483598,1.813512756
7,1843567,1000521,1000521,1000469,1001614,1.842702772,1.840596278
7,1843657,1000469,1000469,1000468,1001615,1.842794572,1.840684295
7,1843337,1000208,1000208,1000156,1001302,1.843049484,1.840940096
7,1836331,1000208,1000208,982292,1001458,1.869434954,1.833657527
7,1843984,1000365,1000365,1000312,1001459,1.843408856,1.841297547
7,1843181,999948,999948,999948,1001094,1.843276850,1.841166764
7,1843989,1000521,1000521,1000572,1001771,1.842934841,1.840729069
7,1788304,1000260,1000260,954061,1001771,1.874412642,1.785142513
7,1843408,1000104,1000104,1000104,1001302,1.843216306,1.841011004
7,1843198,1000000,1000000,1000000,1001146,1.843198000,1.841088113
7,1843447,1000104,1000104,1000105,1001250,1.843253458,1.841145568
7,1838424,1000364,1000364,995417,1001719,1.846888289,1.835269172
7,1843742,1000520,1000520,1000521,1001614,1.842781911,1.840770996
7,1843507,1000156,1000156,1000156,1001302,1.843219458,1.841109875
7,1843887,1000469,1000469,1000417,1001563,1.843118420,1.841009502
7,1795785,1000260,1000260,958387,1001458,1.873757678,1.793170557
7,1842512,1000105,1000105,1000052,1001250,1.842416194,1.840211735
7,1843290,1000052,1000052,1000052,1001094,1.843194154,1.841275644
7,1843853,1000364,1000364,1000365,1001406,1.843180239,1.841264183
7,1835586,1000468,1000468,986615,1001719,1.860488640,1.832436042
7,1842871,1000104,1000104,1000104,1001250,1.842679361,1.840570287
7,1842859,1000000,1000000,1000000,1001145,1.842859000,1.840751340
7,1842997,1000104,1000104,1000104,1001198,1.842805348,1.840791732
7,1824261,1000677,1000677,982656,1001823,1.856459432,1.820941424
7,1843131,1000261,1000261,1000260,1001666,1.842651911,1.840065451
7,1843423,1000313,1000313,1000312,1001406,1.842848031,1.840834786
7,1843673,1000417,1000417,1000468,1001511,1.842810565,1.840891413
7,1838240,1000365,1000365,995418,1001458,1.846701587,1.835563748
7,1843428,1000208,1000208,1000208,1001615,1.843044647,1.840455664
7,1843538,1000156,1000156,1000156,1001250,1.843250453,1.841236454
7,1844049,1000521,1000521,1000573,1001614,1.842992965,1.841077501
7,1820509,1000677,1000677,975104,1002187,1.866989572,1.816536235
7,1843230,1000156,1000156,1000105,1001302,1.843036481,1.840833235
7,1843444,1000104,1000104,1000052,1001250,1.843348146,1.841142572
7,1843390,1000104,1000104,1000104,1001250,1.843198307,1.841088639
7,1835244,1000365,1000365,980886,1001510,1.871006417,1.832476960
7,1843167,1000000,1000000,999948,1001198,1.843262850,1.840961528
7,1843546,1000312,1000312,1000261,1001354,1.843064960,1.841053214
7,1843999,1000468,1000468,1000417,1001614,1.843230373,1.841027581
7,1827682,1000156,1000156,983334,1001302,1.858658401,1.825305452
7,1843873,1000365,1000365,1000364,1001355,1.843202074,1.841377933
7,1843206,1000209,1000209,1000208,1001197,1.842822693,1.841002320
7,1843845,1000365,1000365,1000364,1001354,1.843174085,1.841351810
7,1836450,1000521,1000521,997239,1001563,1.841534477,1.833584108
7,1843985,1000469,1000469,1000417,1001406,1.843216379,1.841395997
7,1843749,1000260,1000260,1000261,1001250,1.843267907,1.841447191
7,1843654,1000469,1000469,1000469,1001458,1.842789732,1.840969866
7,1828838,1000520,1000520,981719,1001771,1.862893557,1.825604854
7,1843383,1000052,1000052,1000104,1001250,1.843191308,1.841081648
7,1842986,1000365,1000365,1000364,1001615,1.842315397,1.840014377
7,1843523,1000208,1000208,1000156,1001406,1.843235455,1.840934646
7,1834670,1000208,1000208,984272,1001406,1.863986784,1.832094076
7,1843920,1000417,1000417,1000364,1001511,1.843249057,1.841138040
7,1844182,1000416,1000416,1000469,1001615,1.843317484,1.841208448
7,1843190,1000000,1000000,1000000,1001094,1.843190000,1.841175754
7,1825520,1000729,1000729,980573,1002187,1.861686993,1.821536300
7,1843575,1000209,1000209,1000208,1001407,1.843191616,1.840984734
7,1843591,1000208,1000208,1000208,1001302,1.843207613,1.841193766
7,1844005,1000416,1000416,1000365,1001562,1.843332184,1.841129156
7,1836979,1000208,1000208,995573,1001510,1.845147468,1.834209344
7,1843869,1000365,1000365,1000313,1001407,1.843292050,1.841278321
7,1843526,1000156,1000156,1000209,1001354,1.843140784,1.841033241
7,1843587,1000208,1000208,1000209,1001406,1.843201771,1.840998556
7,1765764,1000364,1000364,928072,1001771,1.902615314,1.762642360
7,1843110,1000000,1000000,999948,1001042,1.843205847,1.841191478
7,1844489,1000677,1000677,1000833,1002031,1.842953819,1.840750436
7,1843619,1000208,1000208,1000208,1001354,1.843235607,1.841126115
7,1833829,1000209,1000209,977447,1001511,1.876141622,1.831062265
7,1843804,1000313,1000313,1000364,1001510,1.843133100,1.841024054
7,1843141,999948,999948,999948,1001145,1.843236848,1.841033017
7,1844064,1000469,1000469,1000417,1001615,1.843295346,1.841090639
7,1825166,1000573,1000573,972447,1001823,1.876879665,1.821844777
7,1836675,1000729,1000729,1000833,1002292,1.835146323,1.832474967
7,1840315,1000572,1000572,1000573,1001770,1.839261103,1.837063398
7,1843787,1000313,1000313,1000260,1001667,1.843307740,1.840718522
7,1838543,1000469,1000469,994426,1001927,1.848848481,1.835006942
7,1843049,1000261,1000261,1000260,1001406,1.842569932,1.840461311
7,1844161,1000521,1000521,1000521,1001719,1.843200692,1.840996327
7,1843772,1000313,1000313,1000364,1001406,1.843101111,1.841183296
7,1830925,1000521,1000521,982552,1001823,1.863438271,1.827593297
7,1843336,1000052,1000052,1000053,1001354,1.843238308,1.840843498
7,1842937,1000781,1000781,1000990,1002031,1.841114297,1.839201582
7,1843869,1000364,1000364,1000417,1001406,1.843100427,1.841280160
7,1836767,1000416,1000416,984948,1001406,1.864836519,1.834188131
7,1844041,1000469,1000469,1000677,1001719,1.842793429,1.840876533
7,1843958,1000416,1000416,1000365,1001354,1.843285201,1.841464657
7,1843411,1000157,1000157,1000104,1001093,1.843219305,1.841398352
7,1830415,1000573,1000573,983801,1001615,1.860554116,1.827463646
7,1843542,1000208,1000208,1000156,1001198,1.843254452,1.841336079
7,1843374,1000104,1000104,1000104,1000990,1.843182309,1.841550865
7,1843769,1000313,1000313,1000312,1001250,1.843193923,1.841467166
7,1838523,1000052,1000052,997344,1001094,1.843419121,1.836513854
7,1843683,1000260,1000260,1000209,1001094,1.843297751,1.841668215
7,1843557,1000209,1000209,1000156,1001197,1.843269450,1.841352901
7,1843698,1000260,1000260,1000260,1001198,1.843218763,1.841491893
7,1832460,1000521,1000521,989792,1001719,1.851358669,1.829315407
7,1843846,1000313,1000313,1000312,1001458,1.843270899,1.841161586
7,1843487,1000157,1000157,1000156,1001250,1.843199461,1.841185518
7,1843384,1000104,1000104,1000104,1001198,1.843192308,1.841178268
7,1836637,1000521,1000521,983541,1001875,1.867372077,1.833199750
7,1843843,1000365,1000365,1000364,1001458,1.843172085,1.841158591
7,1843772,1000313,1000313,1000312,1001511,1.843196923,1.840990264
7,1843293,1000052,1000052,1000052,1001042,1.843197154,1.841374288
7,1831279,1000469,1000469,982864,1001719,1.863206914,1.828136433
7,1843469,1000104,1000104,1000156,1001041,1.843181464,1.841551944
7,1842213,1000209,1000209,1000208,1001250,1.841829899,1.839913109
7,1844100,1000469,1000469,1000468,1001458,1.843237365,1.841415217
7,1839649,1000365,1000365,997447,1001459,1.844357645,1.836968862
7,1844015,1000417,1000417,1000417,1001459,1.843246366,1.841328502
7,1844044,1000416,1000416,1000469,1001354,1.843179549,1.841550541
7,1843564,1000208,1000208,1000208,1001145,1.843180618,1.841455533
7,1832302,1000573,1000573,986720,1001667,1.856962461,1.829252636
7,1843960,1000365,1000365,1000469,1001511,1.843095588,1.841177980
7,1831850,1000520,1000520,1000625,1001614,1.830705809,1.828898158
7,1842585,1000729,1000729,1000781,1001771,1.841147064,1.839327551
7,1838566,1000208,1000208,981615,1001302,1.873001126,1.836175300
7,1843697,1000260,1000260,1000261,1001198,1.843215921,1.841490894
7,1844054,1000468,1000468,1000469,1001354,1.843189544,1.841560527
7,1843641,1000260,1000260,1000208,1001145,1.843257602,1.841532445
7,1833782,1000313,1000313,987292,1001407,1.857385657,1.831205494
7,1843657,1000260,1000260,1000261,1001198,1.843175931,1.841450942
7,1844312,1000625,1000625,1000729,1001823,1.842968476,1.840955937
7,1843725,1000261,1000261,1000364,1001354,1.843054128,1.841231972
7,1837997,1000104,1000104,995000,1001198,1.847233166,1.835797714
7,1844340,1000625,1000625,1000625,1001614,1.843188007,1.841368032
7,1843572,1000209,1000209,1000156,1001146,1.843284448,1.841461685
7,1843977,1000468,1000468,1000417,1001406,1.843208382,1.841388008
7,1833875,1000469,1000469,986095,1001562,1.859734610,1.831014955
7,1844325,1000572,1000572,1000625,1001615,1.843173017,1.841351218
7,1843598,1000208,1000208,1000313,1001406,1.843021134,1.841009541
7,1843713,1000260,1000260,1000313,1001354,1.843136098,1.841219988
7,1837238,1000573,1000573,978908,1001719,1.876823971,1.834085208
7,1843519,1000156,1000156,1000157,1001145,1.843229613,1.841410585
7,1844075,1000417,1000417,1000417,1001407,1.843306341,1.841484032
7,1843440,1000105,1000105,1000104,1000990,1.843248302,1.841616799
7,1830768,1000260,1000260,983490,1001458,1.861501388,1.828102626
7,1843791,1000313,1000313,1000312,1001250,1.843215917,1.841489139
7,1843945,1000417,1000417,1000416,1001406,1.843178238,1.841356053
7,1843932,1000417,1000417,1000417,1001354,1.843163401,1.841438692
7,1837534,1000365,1000365,993801,1001354,1.848995926,1.835049343
7,1843209,1000052,1000052,1000000,1001042,1.843209000,1.841290375
7,1843995,1000469,1000469,1000364,1001354,1.843324030,1.841501607
7,1843826,1000365,1000365,1000312,1001406,1.843250906,1.841237220
7,1830489,1000938,1000938,986144,1002292,1.856208627,1.826303113
7,1844122,1000520,1000520,1000469,1001667,1.843257512,1.841052965
7,1841776,1000209,1000209,1000156,1001302,1.841488728,1.839381126
7,1843366,1000104,1000104,1000104,1001562,1.843174310,1.840491153
7,1832126,1000312,1000312,969792,1001615,1.889194796,1.829171887
7,1843861,1000365,1000365,1000313,1001771,1.843284052,1.840601295
7,1843139,999948,999948,999948,1001146,1.843234848,1.841029181
7,1843990,1000417,1000417,1000416,1001614,1.843223219,1.841018596
7,1826804,1000365,1000365,978751,1001979,1.866464504,1.823195895
7,1843307,1000052,1000052,1000104,1001510,1.843115316,1.840527803
7,1843862,1000313,1000313,1000365,1001511,1.843189236,1.841080128
7,1843359,1000104,1000104,1000105,1001197,1.843165468,1.841155137
7,1833970,1000364,1000364,987344,1001615,1.857478245,1.831012914
7,1843468,1000104,1000104,1000104,1001563,1.843276299,1.840591156
7,1843714,1000260,1000260,1000260,1001406,1.843234759,1.841125378
7,1843703,1000261,1000261,1000260,1001406,1.843223762,1.841114393
7,1826711,1000521,1000521,978958,1001927,1.865974843,1.823197698
7,1843586,1000208,1000208,1000208,1001667,1.843202614,1.840517857
7,1843332,1000105,1000105,1000052,1001198,1.843236152,1.841126331
7,1843588,1000209,1000209,1000208,1001458,1.843204613,1.840903962
7,1836442,1000520,1000520,987708,1001927,1.859296472,1.832909982
7,1843359,1000052,1000052,1000052,1001562,1.843263150,1.840484164
7,1843549,1000157,1000157,1000208,1001302,1.843165622,1.841151820
7,1843275,1000000,1000000,1000000,1001146,1.843275000,1.841165025
7,1828126,1000625,1000625,981356,1002135,1.862857108,1.824231266
7,1843452,1000104,1000104,1000156,1001355,1.843164466,1.840957503
7,1843849,1000312,1000312,1000312,1001458,1.843273899,1.841164582
7,1843325,1000104,1000104,1000052,1001198,1.843229152,1.841119339
7,1836603,1000573,1000573,987082,1002135,1.860638731,1.832690206
7,1843152,1000000,1000000,1000000,1001198,1.843152000,1.840946546
7,1843887,1000312,1000312,1000261,1001563,1.843405871,1.841009502
7,1843853,1000365,1000365,1000364,1001510,1.843182082,1.841072980
7,1826804,1000521,1000521,979427,1001979,1.865176271,1.823195895
7,1843666,1000260,1000260,1000260,1001459,1.843186771,1.840980010
7,1843898,1000365,1000365,1000364,1001510,1.843227065,1.841117912
7,1843979,1000417,1000417,1000417,1001510,1.843210381,1.841198790
7,1836355,1000573,1000573,975781,1002084,1.881933549,1.832535995
7,1844030,1000469,1000469,1000521,1001614,1.843069761,1.841058532
7,1843192,1000000,1000000,1000000,1001146,1.843192000,1.841082120
7,1844130,1000520,1000520,1000521,1001615,1.843169709,1.841156532
7,1829931,1000781,1000781,981563,1002291,1.864303157,1.825748211
7,1844080,1000469,1000469,1000468,1001666,1.843217374,1.841012873
7,1843908,1000364,1000364,1000365,1001563,1.843235219,1.841030469
7,1843255,1000052,1000052,1000000,1001198,1.843255000,1.841049423
7,1833109,1000208,1000208,989376,1001719,1.852793074,1.829963293
7,1843287,1000052,1000052,999947,1001511,1.843384699,1.840505995
7,1843854,1000365,1000365,1000364,1001458,1.843183081,1.841169575
7,1844168,1000521,1000521,1000469,1001666,1.843303491,1.841100726
7,1817003,1000573,1000573,975469,1002188,1.862696816,1.813036077
7,1843318,1000052,1000052,1000052,1001250,1.843222152,1.841016729
7,1843413,1000104,1000104,1000104,1001510,1.843221305,1.840633643
7,1874997,1021875,1021875,1003490,1023021,1.868476019,1.832804019
7,1844040,1000416,1000416,1000469,1001615,1.843175551,1.841066677
7,1843281,1000052,1000052,1000052,1001198,1.843185154,1.841075392
7,1843647,1000260,1000260,1000260,1001406,1.843167776,1.841058472
7,1835208,1000208,1000208,990469,1001406,1.852867682,1.832631320
7,1835630,1000312,1000312,992605,1001823,1.849305615,1.832289736
7,1843190,1000000,1000000,1000000,1001146,1.843190000,1.841080122
7,1843510,1000209,1000209,1000208,1001302,1.843126630,1.841112871
7,1837797,1000209,1000209,996562,1001406,1.844137143,1.835216685
7,1843347,1000104,1000104,1000052,1001198,1.843251151,1.841141313
7,1843384,1000104,1000104,1000104,1001250,1.843192308,1.841082647
7,1843990,1000469,1000469,1000417,1001823,1.843221377,1.840634523
7,1833742,1000313,1000313,982239,1001510,1.866900011,1.830977224
7,1832256,1000625,1000625,986302,1002136,1.857702813,1.828350643
7,1843778,1000313,1000313,1000260,1001458,1.843298742,1.841093685
7,1843370,1000104,1000104,1000104,1001354,1.843178309,1.840877452
7,1831147,1000312,1000312,973959,1001511,1.880106863,1.828384311
7,1841933,999271,999271,999323,1001562,1.843180833,1.839060388
7,1844042,1000416,1000416,1000469,1001615,1.843177550,1.841068674
7,1843390,1000104,1000104,1000104,1001198,1.843198307,1.841184261
7,1835349,1000365,1000365,991405,1001562,1.851260585,1.832486656
7,1832941,1000416,1000416,988334,1001771,1.854576489,1.829700600
7,1844028,1000416,1000416,1000417,1001563,1.843259361,1.841150282
7,1843532,1000156,1000156,1000156,1001354,1.843244454,1.841039233
7,1835103,1000052,1000052,995886,1001250,1.842683801,1.832811985
7,1843739,1000261,1000261,1000312,1001406,1.843163933,1.841150343
7,1843468,1000157,1000157,1000156,1001250,1.843180464,1.841166542
7,1844040,1000469,1000469,1000417,1001510,1.843271356,1.841259698
7,1837803,1000573,1000573,993125,1001719,1.850525362,1.834649238
7,1837442,1000416,1000416,990938,1001823,1.854245170,1.834098439
7,1843199,1000000,1000000,1000000,1001146,1.843199000,1.841089112
7,1843871,1000365,1000365,1000365,1001771,1.843198233,1.840611277
7,1834296,1000469,1000469,974271,1001823,1.882736939,1.830958163
7,1843730,1000261,1000261,1000312,1001511,1.843154936,1.840948327
7,1843287,1000052,1000052,1000052,1001198,1.843191154,1.841081385
7,1843571,1000156,1000156,1000208,1001354,1.843187617,1.841078180
7,1827323,1000156,1000156,980573,1001354,1.863525714,1.824852150
7,1843438,1000156,1000156,1000104,1001250,1.843246302,1.841136579
7,1843345,1000052,1000052,1000052,1001198,1.843249151,1.841139315
7,1843433,1000104,1000104,1000104,1001250,1.843241303,1.841131586
7,1838814,1000156,1000156,996198,1001458,1.845831853,1.836136912
7,1843280,1000000,1000000,1000052,1001146,1.843184154,1.841170019
7,1843760,1000313,1000313,1000260,1001406,1.843280747,1.841171313
7,1843615,1000208,1000208,1000209,1001302,1.843229765,1.841217735
7,1828480,1000364,1000364,982761,1001562,1.860554092,1.825628368
7,1843234,1000000,1000000,1000052,1001145,1.843138157,1.841125911
7,1844144,1000521,1000521,1000468,1001615,1.843281344,1.841170510
7,1843157,1000000,1000000,999948,1001146,1.843252849,1.841047160
7,1838447,1000625,1000625,984792,1001875,1.866837870,1.835006363
7,1843486,1000156,1000156,1000156,1001354,1.843198461,1.840993295
7,1843386,1000104,1000104,1000052,1001250,1.843290149,1.841084644
7,1843646,1000261,1000261,1000260,1001406,1.843166777,1.841057473
7,1811657,1000312,1000312,967292,1001458,1.872916348,1.809019450
7,1843604,1000261,1000261,1000208,1001511,1.843220610,1.840822517
7,1843254,1000000,1000000,1000000,1001198,1.843254000,1.841048424
7,1844162,1000521,1000521,1000521,1001719,1.843201692,1.840997326
7,1835935,1000105,1000105,995312,1001302,1.844582402,1.833547721
7,1843856,1000312,1000312,1000365,1001510,1.843183238,1.841075975
7,1844076,1000468,1000468,1000469,1001615,1.843211534,1.841102619
7,1843523,1000209,1000209,1000208,1001302,1.843139627,1.841125854
7,1816707,1000156,1000156,974688,1001355,1.863885674,1.814248693
7,1844070,1000468,1000468,1000469,1001927,1.843205537,1.840523312
7,1843249,1000000,1000000,1000052,1001458,1.843153156,1.840565456
7,1844089,1000521,1000521,1000468,1001667,1.843226370,1.841020020
7,1836581,1000417,1000417,982136,1001666,1.869986438,1.833526345
7,1843672,1000261,1000261,1000208,1001354,1.843288596,1.841179044
7,1843743,1000313,1000313,1000364,1001666,1.843072122,1.840676433
7,1843512,1000156,1000156,1000157,1001563,1.843222614,1.840635087
7,1828799,1000052,1000052,983593,1001354,1.859304611,1.826326154
7,1843600,1000208,1000208,1000208,1001614,1.843216611,1.840629224
7,1843785,1000313,1000313,1000312,1001459,1.843209919,1.841098837
7,1843244,1000052,1000052,1000000,1001145,1.843244000,1.841135899
7,1836262,1000104,1000104,993281,1001407,1.848683303,1.833682009
7,1844149,1000521,1000521,1000573,1001666,1.843092908,1.841081758
7,1843559,1000208,1000208,1000156,1001354,1.843271450,1.841066196
7,1843191,1000000,1000000,1000000,1001146,1.843191000,1.841081121
7,1829894,1000417,1000417,980104,1001771,1.867040641,1.826658987
7,1843819,1000313,1000313,1000364,1001563,1.843148094,1.840941608
7,1843967,1000417,1000417,1000417,1001562,1.843198386,1.841091216
7,1843887,1000364,1000364,1000365,1001510,1.843214227,1.841106929
7,1837970,1000260,1000260,983749,1001459,1.868332268,1.835292309
7,1843195,1000000,1000000,1000000,1001093,1.843195000,1.841182587
7,1843708,1000261,1000261,1000260,1001355,1.843228761,1.841213156
7,1843844,1000365,1000365,1000365,1001770,1.843171242,1.840586162
7,1828733,1000625,1000625,983541,1001927,1.859335808,1.825215809
7,1844078,1000469,1000469,1000469,1001614,1.843213533,1.841106454
7,1843937,1000365,1000365,1000416,1001563,1.843170241,1.841059424
7,1843774,1000313,1000313,1000312,1001406,1.843198922,1.841185293
7,1835399,1000261,1000261,992344,1001510,1.849559225,1.832631726
7,1843496,1000156,1000156,1000156,1001302,1.843208459,1.841098889
7,1843202,1000000,1000000,1000000,1001146,1.843202000,1.841092108
7,1843224,1000000,1000000,1000000,1001146,1.843224000,1.841114083
7,1817711,1000416,1000416,984584,1001666,1.846171581,1.814687730
7,1840995,1000573,1000573,1000729,1002083,1.839653892,1.837168179
7,1844098,1000521,1000521,1000573,1001771,1.843041937,1.840837876
7,1843112,1000312,1000312,1000313,1001458,1.842535286,1.840428655
7,1832731,1000521,1000521,996042,1001979,1.840013775,1.829111189
7,1840118,1000365,1000365,1000364,1001563,1.839448441,1.837246384
7,1839421,1000260,1000260,1000261,1001406,1.838941036,1.836838405
7,1840182,1000364,1000364,1000365,1001458,1.839510579,1.837502921
7,1801364,1000104,1000104,962760,1001354,1.871041589,1.798928251
7,1843244,1000001,1000001,1000000,1001198,1.843244000,1.841038436
7,1838942,1000052,1000052,1000052,1001145,1.838846380,1.836838820
7,1829126,1000677,1000677,1000833,1002136,1.827603606,1.825227314
7,1835115,1000416,1000416,993854,1001718,1.846463364,1.831967680
7,1843612,1000260,1000260,1000209,1001718,1.843226766,1.840450107
7,1841657,1000052,1000052,1000000,1001250,1.841657000,1.839357803
7,1843767,1000313,1000313,1000312,1001458,1.843191924,1.841082701
7,1800820,1000521,1000521,956667,1001823,1.882389588,1.797543079
7,1843757,1000209,1000209,1000208,1001407,1.843373578,1.841166479
7,1843953,1000417,1000417,1000417,1001666,1.843184392,1.840886084
7,1843925,1000365,1000365,1000312,1001667,1.843349875,1.840856293
7,1807972,1000365,1000365,947604,1001406,1.907940448,1.805433560
7,1844093,1000469,1000469,1000625,1001667,1.842941162,1.841024013
7,1843983,1000417,1000417,1000469,1001562,1.843118577,1.841107191
7,1843354,1000104,1000104,1000156,1001198,1.843066482,1.841148304
7,1818186,1000208,1000208,975679,1001302,1.863508387,1.815821800
7,1844064,1000469,1000469,1000469,1001406,1.843199539,1.841474886
7,1843676,1000260,1000260,1000261,1001302,1.843194926,1.841278655
7,1844037,1000469,1000469,1000417,1001510,1.843268357,1.841256702
7,1839195,1000364,1000364,995626,1001458,1.847274981,1.836517358
7,1843244,1000052,1000052,1000000,1001042,1.843244000,1.841325339
7,1844103,1000469,1000469,1000469,1001458,1.843238521,1.841418212
7,1843718,1000312,1000312,1000261,1001198,1.843236915,1.841511869
7,1832265,1000157,1000157,984426,1001302,1.861252141,1.829882493
7,1844049,1000417,1000417,1000417,1001406,1.843280352,1.841459907
7,1843999,1000417,1000417,1000417,1001354,1.843230373,1.841505601
7,1844148,1000521,1000521,1000521,1001406,1.843187699,1.841558768
7,1834716,1000156,1000156,975469,1001250,1.880855260,1.832425468
7,1843605,1000156,1000156,1000157,1001146,1.843315599,1.841494647
7,1843989,1000417,1000417,1000417,1001354,1.843220377,1.841495615
7,1844137,1000521,1000521,1000521,1001458,1.843176705,1.841452163
7,1827718,1000730,1000730,981458,1001771,1.862247799,1.824486834
7,1843948,1000365,1000365,1000469,1001458,1.843083594,1.841263438
7,1831941,1000260,1000260,1000313,1001302,1.831367782,1.829558914
7,1843951,1000417,1000417,1000417,1001302,1.843182393,1.841553298
7,1839272,1000365,1000365,997291,1001354,1.844268122,1.836784993
7,1843780,1000312,1000312,1000313,1001250,1.843203077,1.841478152
7,1843381,1000469,1000469,1000416,1001354,1.842614472,1.840888437
7,1843873,1000365,1000365,1000364,1001302,1.843202074,1.841475399
7,1832382,1000261,1000261,985781,1001355,1.858812454,1.829902482
7,1844237,1000573,1000573,1000625,1001718,1.843085072,1.841074035
7,1844130,1000521,1000521,1000729,1001667,1.842786609,1.841060951
7,1843548,1000208,1000208,1000261,1001250,1.843066960,1.841246442
7,1835086,1000157,1000157,978229,1001250,1.875926802,1.832795006
7,1843471,1000156,1000156,1000208,1001198,1.843087638,1.841265164
7,1843856,1000365,1000365,1000364,1001354,1.843185081,1.841362795
7,1843847,1000313,1000313,1000364,1001302,1.843176084,1.841449433
7,1831590,1000573,1000573,984583,1001614,1.860269779,1.828638577
7,1844006,1000469,1000469,1000468,1001615,1.843143409,1.841032732
7,1843141,1000000,1000000,1000000,1000937,1.843141000,1.841415594
7,1844437,1000677,1000677,1000781,1001823,1.842997619,1.841080710
7,1839974,1000625,1000625,995939,1001666,1.847476602,1.836913702
7,1843270,1000417,1000417,1000468,1001459,1.842407753,1.840584587
7,1844298,1000573,1000573,1000573,1001666,1.843241822,1.841230510
7,1843157,1000156,1000156,1000209,1001198,1.842771861,1.840951540
7,1824313,1000260,1000260,978074,1001354,1.865209585,1.821846220
7,1843379,1000052,1000052,1000052,1000990,1.843283149,1.841555860
7,1842891,1000052,1000052,1000000,1001042,1.842891000,1.840972706
7,1843962,1000521,1000521,1000521,1001406,1.843001796,1.841373030
7,1819900,993906,993906,972761,1001354,1.870860365,1.817439187
7,1843451,1000156,1000156,1000104,1001302,1.843259301,1.841053948
7,1843880,1000365,1000365,1000417,1001302,1.843111423,1.841482390
7,1843938,1000417,1000417,1000417,1001355,1.843169398,1.841442845
7,1834426,1000625,1000625,987032,1001770,1.858527383,1.831184803
7,1843293,1000157,1000157,1000156,1001250,1.843005491,1.840991760
7,1843488,1000156,1000156,1000156,1001250,1.843200461,1.841186517
7,1843733,1000417,1000417,1000364,1001302,1.843062125,1.841335581
7,1837823,1000469,1000469,995728,1001511,1.845707864,1.835050239
7,1843818,1000417,1000417,1000417,1001354,1.843049448,1.841324846
7,1841693,1000052,1000052,1000000,1000937,1.841693000,1.839968949
7,1843544,1000156,1000156,1000156,1001146,1.843256452,1.841433717
7,1832053,1000468,1000468,985210,1001510,1.859555831,1.829290771
7,1843774,1000313,1000313,1000312,1001459,1.843198922,1.841087853
7,1843457,1000261,1000261,1000260,1001250,1.842977826,1.841155556
7,1843314,1000157,1000157,1000156,1001094,1.843026488,1.841299618
7,1834751,1000208,1000208,982604,1001406,1.867233392,1.832174962
7,1843133,1000105,1000105,1000052,1001093,1.843037162,1.841120655
7,1844124,1000521,1000521,1000468,1001511,1.843261354,1.841341733
7,1843860,1000365,1000365,1000364,1001406,1.843189079,1.841271173
7,1828835,1000365,1000365,984010,1001563,1.858553267,1.825980992
7,1843077,1000000,1000000,1000000,1001042,1.843077000,1.841158513
7,1843470,1000156,1000156,1000156,1001146,1.843182464,1.841359802
7,1842694,1000052,1000052,1000000,1000990,1.842694000,1.840871537
7,1838140,1000157,1000157,997448,1001198,1.842842935,1.835940543
7,1843987,1000417,1000417,1000469,1001354,1.843122576,1.841493618
7,1842767,1000052,1000052,1000052,1000937,1.842671181,1.841041944
7,1843965,1000416,1000416,1000469,1001302,1.843100586,1.841567279
7,1831089,1000312,1000312,987084,1001458,1.855048810,1.828423159
7,1843871,1000365,1000365,1000364,1001458,1.843200075,1.841186550
7,1843520,1000157,1000157,1000208,1001354,1.843136628,1.841027249
7,1843030,1000000,1000000,1000000,1001042,1.843030000,1.841111562
7,1836062,1000312,1000312,980625,1001614,1.872338560,1.833103371
7,1843637,1000208,1000208,1000208,1001197,1.843253603,1.841432805
7,1843833,1000313,1000313,1000364,1001355,1.843162089,1.841337987
7,1843178,1000209,1000209,1000208,1001355,1.842794699,1.840683873
7,1826320,1000104,1000104,977136,1001302,1.869054052,1.823945223
7,1843496,1000156,1000156,1000105,1001146,1.843302453,1.841385772
7,1843578,1000209,1000209,1000156,1001094,1.843290447,1.841563330
7,1843216,1000104,1000104,1000104,1001094,1.843024325,1.841201725
7,1838475,1000572,1000572,992083,1001614,1.853146360,1.835512483
7,1843512,1000261,1000261,1000312,1001355,1.842937004,1.841017421
7,1843883,1000365,1000365,1000416,1001302,1.843116264,1.841485386
7,1843843,1000313,1000313,1000312,1001354,1.843267900,1.841349812
7,1831860,1000209,1000209,985519,1001354,1.858776949,1.829383015
7,1843176,1000000,1000000,999948,1001041,1.843271850,1.841259249
7,1843810,1000469,1000469,1000417,1001354,1.843041452,1.841316857
7,1843474,1000156,1000156,1000157,1001094,1.843184620,1.841459443
7,1836099,1000469,1000469,980209,1001614,1.873170926,1.833140312
7,1843160,1000000,1000000,1000000,1000938,1.843160000,1.841432736
7,1843159,999948,999948,999948,1000885,1.843254849,1.841529247
7,1843888,1000364,1000364,1000417,1001302,1.843119419,1.841490380
7,1830961,1000469,1000469,983698,1001614,1.861303977,1.828010591
7,1843629,1000260,1000260,1000209,1001510,1.843243762,1.840849318
7,1843744,1000365,1000365,1000416,1001458,1.842977321,1.841059735
7,1843826,1000313,1000313,1000364,1001562,1.843155092,1.840950435
7,1837739,1000365,1000365,996406,1001667,1.844367657,1.834680587
7,1843560,1000209,1000209,1000208,1001250,1.843176619,1.841258427
7,1843549,1000156,1000156,1000208,1001250,1.843165622,1.841247441
7,1843761,1000312,1000312,1000261,1001354,1.843279904,1.841267923
7,1831472,1000573,1000573,982761,1001823,1.863598576,1.828139302
7,1843523,1000156,1000156,1000208,1001458,1.843139627,1.840839057
7,1843563,1000208,1000208,1000156,1001250,1.843275449,1.841261423
7,1843408,1000104,1000104,1000105,1001093,1.843214462,1.841395355
7,1834860,1000312,1000312,983646,1001511,1.865366199,1.832091709
7,1843900,1000417,1000417,1000364,1001562,1.843229065,1.841024320
7,1843828,1000313,1000313,1000313,1001511,1.843251062,1.841046179
7,1844021,1000468,1000468,1000417,1001615,1.843252364,1.841047708
7,1828815,1000677,1000677,982655,1002239,1.861095705,1.824729431
7,1843467,1000104,1000104,1000104,1001354,1.843275299,1.840974321
7,1843772,1000261,1000261,1000260,1001406,1.843292744,1.841183296
7,1843093,1000000,1000000,1000052,1001198,1.842997164,1.840887617
7,1834133,1000313,1000313,992291,1001562,1.848382178,1.831272552
7,1843584,1000208,1000208,1000208,1001302,1.843200614,1.841186775
7,1843532,1000156,1000156,1000156,1001302,1.843244454,1.841134842
7,1843663,1000260,1000260,1000209,1001511,1.843277755,1.840881428
7,1829500,1000469,1000469,983072,1001979,1.861003060,1.825886570
7,1843852,1000364,1000364,1000313,1001511,1.843275055,1.841070143
7,1843571,1000313,1000313,1000312,1001406,1.842995985,1.840982578
7,1844138,1000521,1000521,1000469,1001615,1.843273505,1.841164519
7,1834938,1000156,1000156,996093,1001614,1.842135222,1.831981182
7,1843703,1000364,1000364,1000365,1001459,1.843030294,1.841016956
7,1843259,1000052,1000052,1000052,1001303,1.843163156,1.840860359
7,1843793,1000364,1000364,1000313,1001354,1.843216073,1.841299880
7,1829235,1000573,1000573,985103,1001875,1.856897198,1.825811603
7,1843477,1000365,1000365,1000364,1001354,1.842806219,1.840984307
7,1843612,1000469,1000469,1000469,1001615,1.842747751,1.840639367
7,1843314,1000052,1000052,1000052,1001250,1.843218153,1.841012734
7,1837743,1000365,1000365,996823,1001459,1.843600118,1.835065639
7,1843514,1000260,1000260,1000261,1001250,1.843032968,1.841212484
7,1843151,999948,999948,1000000,1000990,1.843151000,1.841328085
7,1843521,1000156,1000156,1000208,1001146,1.843137627,1.841410743
7,1829679,1000312,1000312,987292,1001406,1.853229845,1.827110083
7,1843938,1000365,1000365,1000417,1001667,1.843169398,1.840869271
7,1844088,1000521,1000521,1000469,1001510,1.843223528,1.841307625
7,1843801,1000417,1000417,1000417,1001458,1.843032455,1.841116652
7,1836864,1000572,1000572,983750,1001771,1.867206099,1.833616665
7,1843262,1000000,1000000,1000000,1001198,1.843262000,1.841056414
7,1843361,1000053,1000053,1000104,1001198,1.843169310,1.841155296
7,1844075,1000469,1000469,1000469,1001614,1.843210534,1.841103459
7,1829401,1000364,1000364,984895,1001875,1.857457902,1.825977293
7,1843524,1000208,1000208,1000156,1001354,1.843236455,1.841031244
7,1844105,1000469,1000469,1000468,1001614,1.843242363,1.841133411
7,1843700,1000261,1000261,1000260,1001406,1.843220763,1.841111397
7,1837730,1000312,1000312,996042,1001511,1.845032639,1.834957379
7,1843642,1000261,1000261,1000260,1001354,1.843162778,1.841149084
7,1843399,1000105,1000105,1000104,1001510,1.843207306,1.840619664
7,1843284,1000052,1000052,1000052,1001146,1.843188154,1.841174015
7,1825521,1000209,1000209,980364,1001615,1.862084899,1.822577537
7,1843327,1000000,1000000,1000000,1001146,1.843327000,1.841216965
7,1843430,1000261,1000261,1000208,1001354,1.843046646,1.840937371
7,1843210,1000105,1000105,1000052,1001198,1.843114158,1.841004477
7,1833872,1000261,1000261,982656,1001510,1.866240068,1.831107028
7,1843506,1000156,1000156,1000157,1001302,1.843216615,1.841108876
7,1843833,1000364,1000364,1000365,1001459,1.843160247,1.841146767
7,1842949,1000104,1000104,1000052,1001197,1.842853172,1.840745627
7,1826703,1000573,1000573,980573,1002084,1.862893431,1.822904068
7,1843784,1000312,1000312,1000261,1001562,1.843302898,1.840908501
7,1843140,999948,999948,999947,1001094,1.843237692,1.841125808
7,1843136,1000000,1000000,999948,1001146,1.843231848,1.841026184
7,1838763,1000573,1000573,995677,1001823,1.846746485,1.835417035
7,1843579,1000209,1000209,1000208,1001302,1.843195615,1.841181781
7,1843739,1000313,1000313,1000260,1001406,1.843259752,1.841150343
7,1843366,1000260,1000260,1000313,1001406,1.842789207,1.840777866
7,1816709,1000520,1000520,979584,1001719,1.854571941,1.813591436
7,1843347,1000208,1000208,1000156,1001250,1.843059483,1.841045693
7,1843462,1000313,1000313,1000365,1001563,1.842789382,1.840585165
7,1843828,1000364,1000364,1000313,1001407,1.843251062,1.841237379
7,1837187,1000573,1000573,984115,1001823,1.866841782,1.833843903
7,1843759,1000313,1000313,1000261,1001458,1.843277904,1.841074713
7,1843173,999948,999948,999948,1001094,1.843268850,1.841158772
7,1843253,1000105,1000105,1000104,1001250,1.843061322,1.840951810
7,1804831,1000157,1000157,955104,1001614,1.889669607,1.801922697
7,1843756,1000313,1000313,1000312,1001458,1.843180928,1.841071717
7,1843902,1000468,1000468,1000469,1001667,1.843037615,1.840833331
7,1842893,999948,999948,999896,1001093,1.843084681,1.840880917
7,1836708,1000521,1000521,995937,1001980,1.844200989,1.833078505
7,1842909,1000157,1000157,1000156,1001250,1.842621551,1.840608240
7,1843742,1000365,1000365,1000312,1001458,1.843166932,1.841057738
7,1843346,1000104,1000104,1000052,1001198,1.843250151,1.841140314
7,1826243,1000105,1000105,984427,1001562,1.855132986,1.823394857
7,1843326,1000156,1000156,1000208,1001250,1.842942668,1.841024719
7,1843038,1000000,1000000,1000000,1001145,1.843038000,1.840930135
7,1843574,1000208,1000208,1000208,1001355,1.843190616,1.841079337
7,1834508,1000573,1000573,978334,1001771,1.875134668,1.831264830
7,1843796,1000416,1000416,1000417,1001511,1.843027458,1.841014228
7,1843222,1000052,1000052,1000000,1001145,1.843222000,1.841113925
7,1844138,1000521,1000521,1000520,1001928,1.843179547,1.840589344
7,1825305,1000625,1000625,980418,1002136,1.861762024,1.821414459
7,1843393,1000208,1000208,1000208,1001354,1.843009654,1.840900421
7,1843713,1000312,1000312,1000261,1001719,1.843231916,1.840549096
7,1844087,1000469,1000469,1000521,1001666,1.843126731,1.841019861
7,1836340,1000156,1000156,993230,1001667,1.848856760,1.833283916
7,1843493,1000157,1000157,1000156,1001302,1.843205460,1.841095893
7,1843934,1000417,1000417,1000417,1001510,1.843165400,1.841153858
7,1843469,1000260,1000260,1000209,1001406,1.843083795,1.840880722
7,1824050,1000208,1000208,975990,1001719,1.868922837,1.820919839
7,1844151,1000521,1000521,1000521,1001979,1.843190698,1.840508633
7,1843390,1000104,1000104,1000104,1001250,1.843198307,1.841088639
7,1843849,1000365,1000365,1000312,1001615,1.843273899,1.840875985
7,1836089,1000260,1000260,979792,1001614,1.873957942,1.833130328
7,1843140,1000000,1000000,999948,1001093,1.843235848,1.841127647
7,1843401,1000104,1000104,1000105,1001302,1.843207463,1.841004013
7,1844033,1000416,1000416,1000469,1001511,1.843168554,1.841250870
7,1829059,1000313,1000313,984427,1001615,1.857993533,1.826109833
7,1843708,1000364,1000364,1000417,1001459,1.842939494,1.841021949
7,1843605,1000208,1000208,1000208,1001250,1.843221610,1.841303371
7,1844089,1000469,1000469,1000469,1001719,1.843224528,1.840924451
7,1838524,1000417,1000417,996770,1001510,1.844481676,1.835752014
7,1843193,999948,999948,1000000,1001198,1.843193000,1.840987497
7,1843646,1000313,1000313,1000313,1001354,1.843069119,1.841153079
7,1843950,1000417,1000417,1000417,1001458,1.843181393,1.841265435
7,1829469,1000313,1000313,982292,1001562,1.862449251,1.826615826
7,1843620,1000260,1000260,1000364,1001563,1.842949167,1.840742919
7,1844001,1000469,1000469,1000521,1001719,1.843040776,1.840836602
7,1843422,1000104,1000104,1000156,1001198,1.843134471,1.841216223
7,1836956,1000104,1000104,980260,1001458,1.873947728,1.834281617
7,1843415,1000104,1000104,1000104,1001198,1.843223305,1.841209231
7,1842743,999948,999948,999948,1001146,1.842838828,1.840633634
7,1842972,1000052,1000052,1000052,1001302,1.842876170,1.840575571
7,1827594,1000417,1000417,976927,1001771,1.870757999,1.824363053
7,1843736,1000261,1000261,1000312,1001354,1.843160934,1.841242957
7,1843922,1000417,1000417,1000364,1001458,1.843251057,1.841237476
7,1843409,1000209,1000209,1000208,1001250,1.843025651,1.841107615
7,1837394,1000573,1000573,995103,1001875,1.846435997,1.833955334
7,1843716,1000261,1000261,1000312,1001302,1.843140940,1.841318603
7,1842870,999896,999896,999948,1000990,1.842965834,1.841047363
7,1843198,1000208,1000208,1000209,1001302,1.842812852,1.840801277
7,1829888,1000312,1000312,979375,1001667,1.868424250,1.826842653
7,1843234,1000000,1000000,1000052,1001094,1.843138157,1.841219706
7,1843550,1000156,1000156,1000208,1001250,1.843166621,1.841248439
7,1843965,1000417,1000417,1000364,1001459,1.843294041,1.841278575
7,1836630,999063,999063,977761,1001615,1.878403823,1.833668625
7,1843385,1000104,1000104,1000104,1001198,1.843193308,1.841179267
7,1843465,1000260,1000260,1000261,1001406,1.842983981,1.840876727
7,1861449,1014166,1014166,995834,1015365,1.869236238,1.833280643
7,1837213,1000261,1000261,994062,1001458,1.848187538,1.834538243
7,1843355,1000208,1000208,1000209,1001302,1.842969819,1.840958073
7,1843297,1000052,1000052,1000053,1001146,1.843199310,1.841187000
7,1836744,1000208,1000208,993959,1001406,1.847907207,1.834165164
7,1843799,1000417,1000417,1000416,1001511,1.843032299,1.841017223
7,1843961,1000417,1000417,1000417,1001510,1.843192389,1.841180817
7,1843357,1000052,1000052,1000053,1001198,1.843259307,1.841151301
7,1834150,1000364,1000364,984115,1001510,1.863755760,1.831384609
7,1838530,1000573,1000573,995261,1001875,1.847284280,1.835089208
7,1843241,1000000,1000000,1000000,1001197,1.843241000,1.841037278
7,1844116,1000364,1000364,1000417,1001562,1.843347324,1.841239983
7,1836214,1001667,1001667,979375,1002969,1.874883472,1.830778419
7,1842905,999948,999948,999896,1001407,1.843096682,1.840315676
7,1843685,1000261,1000261,1000260,1001303,1.843205767,1.841285805
7,1842848,1000000,1000000,1000000,1001042,1.842848000,1.840929751
7,1832915,1000416,1000416,978386,1001562,1.873406815,1.830056452
7,1837945,1000365,1000365,993645,1001615,1.849699842,1.834981505
7,1843125,1000156,1000156,1000209,1001250,1.842739867,1.840823970
7,1843627,1000208,1000208,1000209,1001250,1.843241762,1.841325343
7,1833980,1000416,1000416,990730,1001562,1.851140068,1.831119791
7,1843720,1000469,1000469,1000416,1001667,1.842953331,1.840651634
7,1843857,1000468,1000468,1000469,1001510,1.842992636,1.841076974
7,1843620,1000312,1000312,1000313,1001406,1.843043128,1.841031510
7,1834073,1000417,1000417,981926,1001615,1.867832199,1.831115748
7,1827913,1000312,1000312,986042,1001719,1.853788175,1.824776210
7,1843898,1000417,1000417,1000365,1001458,1.843225223,1.841213511
7,1843210,1000000,1000000,1000000,1001094,1.843210000,1.841195732
7,1840266,1003229,1003229,982135,1004480,1.873740372,1.832058378
7,1844000,1000416,1000416,1000417,1001927,1.843231373,1.840453446
7,1843571,1000260,1000260,1000261,1001406,1.843089954,1.840982578
7,1842954,1000000,1000000,999948,1001094,1.843049839,1.840940012
7,1833651,1001823,1001823,978906,1003020,1.873163511,1.828130047
7,1843422,1000105,1000105,1000104,1001510,1.843230304,1.840642630
7,1843256,1000156,1000156,1000157,1001250,1.842966654,1.840954806
7,1844062,1000468,1000468,1000469,1001562,1.843197540,1.841186067
7,1835287,1000469,1000469,995417,1001667,1.843736846,1.832232668
7,1843789,1000312,1000312,1000312,1001458,1.843213917,1.841104669
7,1843957,1000417,1000417,1000416,1001511,1.843190233,1.841174985
7,1843549,1000157,1000157,1000208,1001354,1.843165622,1.841056210
7,1827279,1000157,1000157,980989,1001354,1.862690611,1.824808210
7,1843050,999948,999948,999896,1001406,1.843241697,1.840462310
7,1843390,1000105,1000105,1000156,1001302,1.843102476,1.840993027
7,1843703,1000365,1000365,1000364,1001511,1.843032136,1.840921368
7,1834499,1000416,1000416,982293,1001718,1.867568027,1.831352736
7,1843206,1000000,1000000,1000000,1001198,1.843206000,1.841000481
7,1844163,1000521,1000521,1000573,1001667,1.843106900,1.841093896
7,1843516,1000312,1000312,1000261,1001406,1.843034968,1.840927656
7,1829153,1000208,1000208,983593,1001458,1.859664516,1.826489978
7,1844182,1000520,1000520,1000469,1001979,1.843317484,1.840539572
7,1843946,1000416,1000416,1000365,1001823,1.843273205,1.840590603
7,1843563,1000312,1000312,1000261,1001458,1.843081956,1.840878998
7,1837999,1000573,1000573,995833,1001771,1.845689990,1.834749658
7,1843657,1000364,1000364,1000313,1001458,1.843080116,1.840972862
7,1843213,1000052,1000052,1000000,1001146,1.843213000,1.841103096
7,1843119,1000052,1000052,1000052,1001198,1.843023163,1.840913586
7,1828711,1000678,1000678,983959,1001927,1.858523577,1.825193851
7,1843869,1000365,1000365,1000364,1001667,1.843198076,1.840800386
7,1842958,999948,999948,999896,1001250,1.843149688,1.840657179
7,1843236,1000104,1000104,1000157,1001302,1.842946657,1.840839227
7,1836028,1000468,1000468,981875,1001667,1.869920306,1.832972435
7,1843017,1000000,1000000,1000000,1001093,1.843017000,1.841004782
7,1843207,1000000,1000000,1000000,1001146,1.843207000,1.841097103
7,1844069,1000469,1000469,1000468,1001563,1.843206379,1.841191218
7,1831695,1000730,1000730,983646,1001927,1.862148578,1.828172112
7,1843742,1000312,1000312,1000364,1001771,1.843071122,1.840482505
7,1842976,999948,999948,999948,1001094,1.843071840,1.840961988
7,1843397,1000105,1000105,1000104,1001250,1.843205307,1.841095630
7,1837053,1000365,1000365,995886,1001562,1.844641857,1.834187998
7,1843415,1000260,1000260,1000208,1001302,1.843031649,1.841017995
7,1843499,1000156,1000156,1000156,1001615,1.843211459,1.840526550
7,1843596,1000312,1000312,1000313,1001458,1.843019135,1.840911950
7,1826705,1000729,1000729,983177,1001927,1.857961486,1.823191710
7,1843035,999896,999896,1000000,1001458,1.843035000,1.840351767
7,1844197,1000573,1000573,1000521,1001667,1.843236674,1.841127840
7,1843041,1000000,1000000,1000000,1001094,1.843041000,1.841026917
7,1835767,1000416,1000416,983125,1001666,1.867277305,1.832713699
7,1843326,1000052,1000052,1000052,1001198,1.843230152,1.841120338
7,1844128,1000521,1000521,1000521,1001614,1.843167710,1.841156374
7,1843812,1000313,1000313,1000313,1001459,1.843235067,1.841125797
7,1828258,1000469,1000469,984896,1001823,1.856295487,1.824931151
7,1844048,1000469,1000469,1000416,1001875,1.843281195,1.840596881
7,1843356,1000104,1000104,1000052,1001198,1.843260150,1.841150302
7,1843821,1000416,1000416,1000417,1001614,1.843052447,1.840849868
7,1835658,1000313,1000313,995729,1001511,1.843531724,1.832888505
7,1843316,1000052,1000052,1000052,1001146,1.843220153,1.841205978
7,1843186,1000000,1000000,1000000,1001094,1.843186000,1.841171758
7,1843317,1000104,1000104,1000052,1001198,1.843221153,1.841111349
7,1826654,1000156,1000156,984374,1001354,1.855650393,1.824184055
7,1843301,1000157,1000157,1000156,1001563,1.843013490,1.840424417
7,1843566,1000208,1000208,1000208,1001354,1.843182618,1.841073187
7,1844030,1000469,1000469,1000468,1001927,1.843167398,1.840483389
7,1833440,1000573,1000573,981302,1001875,1.868374873,1.830008734
7,1843426,1000156,1000156,1000104,1001354,1.843234304,1.840933376
7,1844020,1000469,1000469,1000468,1001563,1.843157402,1.841142295
7,1843871,1000312,1000312,1000365,1001511,1.843198233,1.841089114
7,1784128,1000677,1000677,943490,1002291,1.890987716,1.780049906
7,1843298,1000052,1000052,1000052,1001250,1.843202153,1.840996754
7,1843306,1000156,1000156,1000104,1001250,1.843114316,1.841004744
7,1844129,1000468,1000468,1000469,1001666,1.843264509,1.841061791
7,1838922,1000313,1000313,994791,1001511,1.848551103,1.836147581
7,1843407,1000104,1000104,1000157,1001562,1.843117631,1.840532089
7,1843563,1000156,1000156,1000208,1001354,1.843179619,1.841070191
7,1843119,999948,999948,999948,1001094,1.843214847,1.841104831
7,1828796,1000677,1000677,982241,1002187,1.861860786,1.824805151
7,1843619,1000208,1000208,1000209,1001459,1.843233764,1.840933079
7,1844072,1000469,1000469,1000469,1001614,1.843207536,1.841100464
7,1843456,1000104,1000104,1000156,1001302,1.843168466,1.841058941
7,1832579,1000469,1000469,982709,1001719,1.864823666,1.829434203
7,1843196,1000000,1000000,1000000,1001250,1.843196000,1.840894881
7,1843535,1000208,1000208,1000156,1001302,1.843247453,1.841137839
7,1844180,1000573,1000573,1000520,1001979,1.843221525,1.840537576
7,1828794,1000729,1000729,982239,1002240,1.861862541,1.824706657
7,1843976,1000417,1000417,1000364,1001614,1.843305037,1.841004619
7,1843711,1000261,1000261,1000313,1001407,1.843134099,1.841120543
7,1843678,1000468,1000468,1000469,1001563,1.842813720,1.840800828
7,1836729,1000208,1000208,995729,1001406,1.844607318,1.834150185
7,1843905,1000365,1000365,1000364,1001459,1.843234063,1.841218662
7,1843422,1000104,1000104,1000104,1001302,1.843230304,1.841024985
7,1843791,1000417,1000417,1000417,1001511,1.843022460,1.841009235
7,1826403,1000677,1000677,981875,1002031,1.860117632,1.822701094
7,1843541,1000157,1000157,1000208,1001354,1.843157623,1.841048221
7,1842635,1000052,1000052,1000000,1001146,1.842635000,1.840525757
7,1843779,1000313,1000313,1000312,1001458,1.843203920,1.841094684
7,1833410,1000417,1000417,982449,1001719,1.866163027,1.830263777
7,1843487,1000157,1000157,1000104,1001250,1.843295297,1.841185518
7,1844078,1000469,1000469,1000417,1001563,1.843309340,1.841200204
7,1844110,1000521,1000521,1000469,1001614,1.843245518,1.841138403
7,1826324,1000365,1000365,982501,1001823,1.858852052,1.823000670
7,1843193,1000104,1000104,1000104,1001302,1.843001328,1.840796283
7,1843284,1000052,1000052,1000052,1001146,1.843188154,1.841174015
7,1843269,1000052,1000052,1000000,1001146,1.843269000,1.841159032
7,1836880,1000208,1000208,995573,1001458,1.845048028,1.834205728
7,1843726,1000313,1000313,1000260,1001406,1.843246756,1.841137361
7,1843232,1000261,1000261,1000208,1001354,1.842848687,1.840739639
7,1843292,1000052,1000052,1000052,1001198,1.843196154,1.841086379
7,1828500,1000521,1000521,980261,1002083,1.865319542,1.824699152
7,1843573,1000157,1000157,1000208,1001406,1.843189617,1.840984576
7,1844153,1000521,1000521,1000521,1001667,1.843192697,1.841083913
7,1844147,1000469,1000469,1000521,1001667,1.843186700,1.841077923
7,1833849,1000364,1000364,982239,1001614,1.867008946,1.830893937
7,1844042,1000469,1000469,1000469,1001563,1.843177550,1.841164260
7,1842998,1000000,1000000,1000000,1001458,1.842998000,1.840314821
7,1843681,1000261,1000261,1000312,1001458,1.843105951,1.840996827
7,1828052,1000573,1000573,982656,1002188,1.860317344,1.824060955
7,1843129,999947,999947,999896,1001146,1.843320705,1.841019192
7,1843844,1000469,1000469,1000469,1001563,1.842979643,1.840966569
7,1843598,1000416,1000416,1000417,1001563,1.842829540,1.840720953
7,1834847,1000260,1000260,995885,1001406,1.842428594,1.832270827
7,1843684,1000364,1000364,1000313,1001511,1.843107107,1.840902396
7,1844075,1000521,1000521,1000469,1001614,1.843210534,1.841103459
7,1842774,999948,999948,1000000,1001146,1.842774000,1.840664598
7,1826815,1000365,1000365,984426,1001719,1.855715920,1.823680094
7,1843878,1000365,1000365,1000364,1001510,1.843207073,1.841097942
7,1843839,1000364,1000364,1000365,1001459,1.843166244,1.841152758
7,1843296,1000052,1000052,1000053,1001197,1.843198310,1.841092213
7,1834889,1000104,1000104,983178,1001355,1.866283623,1.832406090
7,1843876,1000469,1000469,1000416,1001614,1.843109267,1.840904780
7,1843739,1000313,1000313,1000313,1001406,1.843162090,1.841150343
7,1843639,1000260,1000260,1000261,1001407,1.843157936,1.841048645
7,1828464,1000104,1000104,983803,1001614,1.858567213,1.825517615
7,1843589,1000208,1000208,1000209,1001302,1.843203770,1.841191768
7,1843149,999948,999948,999948,1001146,1.843244849,1.841039169
7,1843939,1000417,1000417,1000469,1001823,1.843074598,1.840583616
7,1833241,1000052,1000052,992188,1001250,1.847675037,1.830952310
7,1843850,1000416,1000416,1000417,1001563,1.843081435,1.840972560
7,1844120,1000469,1000469,1000468,1001666,1.843257356,1.841052806
7,1843571,1000209,1000209,1000208,1001302,1.843187617,1.841173792
7,1806743,1000521,1000521,967656,1001719,1.867133568,1.803642538
7,1843913,1000520,1000520,1000469,1001615,1.843048610,1.840939882
7,1843289,1000156,1000156,1000156,1001250,1.843001492,1.840987765
7,1843698,1000261,1000261,1000260,1001719,1.843218763,1.840534122
7,1836055,1000260,1000260,983595,1001511,1.866677850,1.833284907
7,1844197,1000573,1000573,1000521,1001927,1.843236674,1.840650067
7,1843976,1000417,1000417,1000417,1001563,1.843207383,1.841098363
7,1843839,1000312,1000312,1000313,1001510,1.843262059,1.841059001
7,1827652,1000260,1000260,979322,1001771,1.866242155,1.824420950
7,1843142,999948,999948,999948,1001406,1.843237848,1.840554181
7,1844141,1000469,1000469,1000521,1001667,1.843180703,1.841071933
7,1843424,1000104,1000104,1000105,1001250,1.843230461,1.841122597
7,1837110,1000104,1000104,995209,1001355,1.845953965,1.834624084
7,1843496,1000156,1000156,1000156,1001250,1.843208459,1.841194507
7,1843389,1000104,1000104,1000104,1001198,1.843197307,1.841183262
7,1843946,1000417,1000417,1000364,1001510,1.843275048,1.841165840
7,1824896,1000104,1000104,982656,1001615,1.857105640,1.821953545
7,1844142,1000521,1000521,1000521,1001614,1.843181702,1.841170351
7,1843251,1000000,1000000,1000000,1001146,1.843251000,1.841141052
7,1843104,999948,999948,999948,1001094,1.843199846,1.841089848
7,1835105,1000000,1000000,982291,1001302,1.868188755,1.832718800
7,1843865,1000365,1000365,1000416,1001510,1.843098271,1.841084962
7,1843267,1000156,1000156,1000157,1001250,1.842977653,1.840965793
7,1842870,1000260,1000260,1000261,1001354,1.842389136,1.840378128
7,1825374,1000156,1000156,982344,1001771,1.858182062,1.822146978
7,1843676,1000260,1000260,1000261,1001355,1.843194926,1.841181199
7,1843120,1000052,1000052,1000052,1001458,1.843024163,1.840436643
7,1843412,1000209,1000209,1000208,1001354,1.843028650,1.840919395
7,1837261,1000417,1000417,995989,1001719,1.844659931,1.834108168
7,1843612,1000260,1000260,1000208,1001354,1.843228608,1.841119125
7,1843315,1000052,1000052,1000000,1001198,1.843315000,1.841109351
7,1843686,1000261,1000261,1000260,1001666,1.843206766,1.840619528
7,1826060,1000520,1000520,979271,1001979,1.864713649,1.822453365
7,1843528,1000208,1000208,1000208,1001354,1.843144626,1.841035238
7,1843036,1000000,1000000,1000000,1001146,1.843036000,1.840926298
7,1843065,1000000,1000000,1000000,1001145,1.843065000,1.840957104
7,1833469,1000573,1000573,980677,1002084,1.869595188,1.829655997
7,1843357,1000208,1000208,1000157,1001302,1.843067638,1.840960070
7,1843607,1000260,1000260,1000209,1001407,1.843221767,1.841016690
7,1843558,1000156,1000156,1000209,1001303,1.843172777,1.841158970
7,1827996,1000521,1000521,982500,1002032,1.860555725,1.824289045
7,1843658,1000261,1000261,1000208,1001406,1.843274599,1.841069456
7,1843570,1000312,1000312,1000313,1001458,1.842993143,1.840885988
7,1843666,1000260,1000260,1000261,1001354,1.843184929,1.841173052
7,1836931,1000417,1000417,995625,1001667,1.845002888,1.833873932
7,1843593,1000208,1000208,1000209,1001302,1.843207770,1.841195763
7,1843389,1000260,1000260,1000313,1001667,1.842812200,1.840321185
7,1844051,1000417,1000417,1000469,1001615,1.843186546,1.841077660
7,1825107,1000260,1000260,983593,1001615,1.855551026,1.822164205
7,1836001,1000156,1000156,998385,1001563,1.838970938,1.833135809
7,1843746,1000313,1000313,1000312,1001406,1.843170931,1.841157333
7,1843514,1000157,1000157,1000156,1001302,1.843226457,1.841116866
7,1835741,1000261,1000261,979481,1001458,1.874197662,1.833068386
7,1843314,1000261,1000261,1000208,1001458,1.842930670,1.840630361
7,1843432,1000104,1000104,1000104,1001250,1.843240303,1.841130587
7,1843691,1000261,1000261,1000260,1001354,1.843211765,1.841198018
7,1822051,1000468,1000468,981147,1001771,1.857062194,1.818829852
7,1843039,1000000,1000000,1000000,1001406,1.843039000,1.840451325
7,1844077,1000469,1000469,1000468,1001667,1.843214376,1.841008040
7,1843341,1000209,1000209,1000156,1001302,1.843053484,1.840944091
7,1837902,1000105,1000105,995469,1001250,1.846267438,1.835607491
7,1843354,1000052,1000052,1000052,1001146,1.843258151,1.841243934
7,1843451,1000157,1000157,1000104,1001250,1.843259301,1.841149563
7,1843310,1000156,1000156,1000156,1001250,1.843022488,1.841008739
7,1827396,1000573,1000573,982916,1002031,1.859157853,1.823692081
7,1844065,1000469,1000469,1000469,1001615,1.843200539,1.841091637
7,1843458,1000156,1000156,1000156,1001302,1.843170465,1.841060939
7,1843392,1000104,1000104,1000052,1001563,1.843296149,1.840515275
7,1834712,1000573,1000573,981979,1001875,1.868382114,1.831278353
7,1843107,1000156,1000156,1000156,1001250,1.842819520,1.840805993
7,1843120,999948,999948,999947,1001094,1.843217691,1.841105830
7,1843470,1000156,1000156,1000157,1001302,1.843180621,1.841072923
7,1829107,1000364,1000364,981979,1001927,1.862674253,1.825589090
7,1843901,1000469,1000469,1000521,1001615,1.842940828,1.840927901
7,1843449,1000105,1000105,1000208,1001302,1.843065642,1.841051950
7,1843775,1000313,1000313,1000312,1001510,1.843199922,1.840995097
7,1838432,1000364,1000364,995990,1001511,1.845833794,1.835658320
7,1843508,1000157,1000157,1000156,1001562,1.843220458,1.840632931
7,1843789,1000312,1000312,1000364,1001459,1.843118105,1.841102831
7,1844031,1000469,1000469,1000416,1001614,1.843264202,1.841059530
7,1816790,1000364,1000364,975573,1001875,1.862279911,1.813389894
7,1843327,1000312,1000312,1000261,1001406,1.842846017,1.840738921
7,1843642,1000312,1000312,1000365,1001459,1.842969316,1.840956045
7,1843925,1000521,1000521,1000521,1001666,1.842964815,1.840858130
7,1834355,1000625,1000625,983021,1001875,1.866038467,1.830922021
7,1843967,1000416,1000416,1000417,1001563,1.843198386,1.841089377
7,1843550,1000313,1000313,1000260,1001458,1.843070802,1.840866017
7,1843725,1000313,1000313,1000260,1001719,1.843245756,1.840561076
7,1826578,1000208,1000208,978334,1001771,1.867029051,1.823348849
7,1843241,1000156,1000156,1000105,1001250,1.843047480,1.840939825
7,1844095,1000469,1000469,1000521,1001667,1.843134727,1.841026010
7,1843103,1000000,1000000,1000052,1001198,1.843007164,1.840897605
7,1838576,1000469,1000469,995104,1001666,1.847621957,1.835518027
7,1843629,1000208,1000208,1000261,1001354,1.843147938,1.841136102
7,1843852,1000364,1000364,1000365,1001511,1.843179240,1.841070143
7,1843223,1000000,1000000,1000000,1001093,1.843223000,1.841210557
7,1829887,1000521,1000521,983436,1002032,1.860707763,1.826176210
7,1843743,1000364,1000364,1000365,1001562,1.843070279,1.840867565
7,1843777,1000312,1000312,1000312,1001719,1.843201921,1.840612986
7,1843469,1000260,1000260,1000261,1001406,1.842987980,1.840880722
7,1834906,1000364,1000364,982969,1001563,1.866697729,1.832042518
7,1843772,1000417,1000417,1000417,1001510,1.843003468,1.840992102
7,1842976,1000208,1000208,1000209,1001302,1.842590899,1.840579565
7,1843094,1000312,1000312,1000365,1001511,1.842421516,1.840313287
7,1826197,1000156,1000156,981615,1001615,1.860400463,1.823252447
7,1843122,999948,999948,999948,1001094,1.843217847,1.841107828
7,1843870,1000573,1000573,1000573,1001666,1.842814068,1.840803222
7,1843887,1000469,1000469,1000468,1001615,1.843024465,1.840913924
7,1837547,1000416,1000416,996823,1001875,1.843403493,1.834108047
7,1844152,1000520,1000520,1000521,1001615,1.843191697,1.841178497
7,1843654,1000365,1000365,1000364,1001458,1.842983154,1.840969866
7,1843004,1000000,1000000,1000052,1001146,1.842908169,1.840894335
7,1828842,1000521,1000521,984220,1001979,1.858163825,1.825229870
7,1843785,1000416,1000416,1000417,1001511,1.843016462,1.841003244
7,1843162,999948,999948,999948,1001093,1.843257849,1.841149623
7,1843614,1000260,1000260,1000261,1001354,1.843132942,1.841121122
7,1835966,1000208,1000208,981876,1001511,1.869855257,1.833196041
7,1843859,1000364,1000364,1000313,1001458,1.843282053,1.841174567
7,1843681,1000260,1000260,1000260,1001667,1.843201768,1.840612699
7,1843194,1000000,1000000,1000000,1001094,1.843194000,1.841179749
7,1826946,1000417,1000417,981146,1001927,1.862053150,1.823432246
7,1843689,1000312,1000312,1000261,1001458,1.843207923,1.841004815
7,1843024,1000000,1000000,1000000,1001145,1.843024000,1.840916151
7,1843985,1000417,1000417,1000416,1001563,1.843218221,1.841107349
7,1837210,1000364,1000364,995938,1001510,1.844703184,1.834439996
7,1843442,1000260,1000260,1000260,1001354,1.842962830,1.840949355
7,1843517,1000156,1000156,1000208,1001302,1.843133628,1.841119862
7,1843747,1000521,1000521,1000520,1001615,1.842788750,1.840774150
7,1792334,1000573,1000573,956407,1001927,1.874028526,1.788886815
7,1843086,999948,999948,999947,1001458,1.843183689,1.840402693
7,1843705,1000261,1000261,1000260,1001407,1.843225761,1.841114552
7,1843643,1000365,1000365,1000312,1001459,1.843067963,1.840957044
7,1836973,1000573,1000573,986303,1001823,1.862483436,1.833630292
7,1843654,1000260,1000260,1000261,1001614,1.843172932,1.840683137
7,1843741,1000261,1000261,1000260,1001667,1.843261752,1.840672599
7,1843735,1000260,1000260,1000261,1001406,1.843253911,1.841146348
7,1803686,1000156,1000156,960002,1001354,1.878835669,1.801247111
7,1842825,1000000,1000000,1000000,1001145,1.842825000,1.840717379
7,1843360,1000052,1000052,1000052,1001198,1.843264150,1.841154297
7,1843645,1000260,1000260,1000208,1001354,1.843261602,1.841152080
7,1836834,1000521,1000521,995209,1001771,1.845676637,1.833586718
7,1843639,1000365,1000365,1000312,1001459,1.843063964,1.840953050
7,1842069,1000469,1000469,1000469,1001562,1.841205475,1.839196176
7,1843877,1000469,1000469,1000468,1001771,1.843014469,1.840617267
7,1830811,1000677,1000677,984117,1001979,1.860359083,1.827194981
7,1842230,1000000,1000000,999948,1001146,1.842325801,1.840121221
7,1843134,1000104,1000104,1000052,1001198,1.843038162,1.840928568
7,1843163,1000000,1000000,999948,1001146,1.843258849,1.841053153
7,1825300,1000365,1000365,973386,1001614,1.875206753,1.822358713
7,1843313,1000156,1000156,1000156,1001459,1.843025488,1.840627524
7,1844086,1000469,1000469,1000469,1001614,1.843221529,1.841114441
7,1842565,999948,999948,999948,1001198,1.842660818,1.840360248
7,1827089,1000573,1000573,981043,1001875,1.862394411,1.823669619
7,1843486,1000364,1000364,1000313,1001406,1.842909169,1.840897698
7,1843770,1000312,1000312,1000313,1001406,1.843193081,1.841181299
7,1843545,1000208,1000208,1000157,1001146,1.843255609,1.841434716
7,1837363,1000052,1000052,997032,1001094,1.842832527,1.835355121
7,1843140,1000000,1000000,999948,1000937,1.843235848,1.841414595
7,1843810,1000417,1000417,1000416,1001459,1.843043294,1.841123800
7,1843319,1000261,1000261,1000208,1001302,1.842935669,1.840922119
7,1829236,1000677,1000677,987188,1001927,1.852976333,1.825717842
7,1843898,1000521,1000521,1000469,1001510,1.843033617,1.841117912
7,1841933,1000312,1000312,1000261,1001510,1.841452381,1.839155875
7,1843045,1000104,1000104,1000156,1001146,1.842757530,1.840935288
7,1834940,1000364,1000364,983281,1001875,1.866139995,1.831505926
7,1844036,1000469,1000469,1000416,1001615,1.843269200,1.841062684
7,1843124,999947,999947,999948,1001145,1.843219847,1.841016037
7,1843415,1000104,1000104,1000104,1001250,1.843223305,1.841113608
7,1828468,1000417,1000417,980937,1001875,1.864001460,1.825046039
7,1843672,1000365,1000365,1000312,1001511,1.843096954,1.840890415
7,1843387,1000208,1000208,1000209,1001354,1.843001813,1.840894429
7,1850668,1006875,1006875,1002083,1008073,1.846821072,1.835847206
7,1843516,1000156,1000156,1000156,1001302,1.843228456,1.841118863
7,1843731,1000312,1000312,1000313,1001406,1.843154093,1.841142354
7,1843381,1000156,1000156,1000209,1001354,1.842995814,1.840888437
7,1832105,1000104,1000104,989115,1001354,1.852266925,1.829627684
7,1836149,1000364,1000364,993437,1001823,1.848279257,1.832807791
7,1843017,1000000,1000000,1000053,1001146,1.842919325,1.840907320
7,1843701,1000364,1000364,1000365,1001510,1.843028295,1.840921209
7,1836199,1000313,1000313,982239,1001511,1.869401439,1.833428689
7,1843944,1000364,1000364,1000417,1001562,1.843175396,1.841068251
7,1843222,1000052,1000052,1000000,1001198,1.843222000,1.841016462
7,1843625,1000208,1000208,1000208,1001302,1.843241606,1.841227722
7,1835788,1000208,1000208,991042,1001406,1.852381635,1.833210506
7,1837272,1000521,1000521,992187,1002032,1.851739642,1.833546234
7,1843121,999948,999948,999948,1001094,1.843216847,1.841106829
7,1843305,1000156,1000156,1000104,1001302,1.843113316,1.840908138
7,1837901,1000572,1000572,996458,1001770,1.844433985,1.834653663
7,1843489,1000157,1000157,1000156,1001250,1.843201461,1.841187516
7,1843397,1000209,1000209,1000208,1001355,1.843013653,1.840902577
7,1843367,1000209,1000209,1000208,1001303,1.842983659,1.840968218
7,1833830,1000105,1000105,992552,1001303,1.847590857,1.831443629
7,1836489,1000156,1000156,992552,1001666,1.850269810,1.833434498
7,1843274,1000000,1000000,1000052,1001198,1.843178155,1.841068400
7,1844058,1000469,1000469,1000468,1001563,1.843195385,1.841180235
7,1835406,1000261,1000261,983281,1001459,1.866613918,1.832732044
7,1844206,1000573,1000573,1000521,1001666,1.843245669,1.841138663
7,1843163,1000053,1000053,1000052,1001198,1.843067161,1.840957533
7,1843497,1000157,1000157,1000156,1001302,1.843209459,1.841099888
7,1837362,1000313,1000313,992291,1001511,1.851636264,1.834589935
7,1837724,1000468,1000468,993021,1001979,1.850639614,1.834094327
7,1843550,1000417,1000417,1000417,1001615,1.842781560,1.840577467
7,1844151,1000521,1000521,1000521,1001562,1.843190698,1.841274929
7,1836001,1000156,1000156,991668,1001302,1.851427091,1.833613635
7,1843806,1000469,1000469,1000468,1001615,1.842943502,1.840833055
7,1843346,1000156,1000156,1000156,1001406,1.843058483,1.840757894
7,1842964,1000052,1000052,1000052,1001041,1.842868171,1.841047470
7,1832804,1000208,1000208,982656,1001354,1.865153217,1.830325739
7,1828127,1000208,1000208,985989,1001511,1.854104863,1.825368868
7,1843571,1000208,1000208,1000208,1001094,1.843187617,1.841556337
7,1843722,1000261,1000261,1000312,1001146,1.843146938,1.841611513
7,1836941,1000625,1000625,985053,1001667,1.864814381,1.833883916
