cpu,cycles,enabled_ns,running_ns,thread_ns,wall_ns,cycles_per_thread_ns,cycles_per_wall_ns
7,1818027,998542,998542,972031,1001719,1.870338497,1.814907175
7,1842732,999792,999792,999583,1001094,1.843500740,1.840718254
7,1843800,1000312,1000312,1000365,1001250,1.843127259,1.841498127
7,1843831,1000365,1000365,1000364,1001198,1.843160090,1.841624734
7,1836553,1000469,1000469,989739,1001458,1.855593242,1.833879204
7,1844081,1000468,1000468,1000365,1001407,1.843408156,1.841490024
7,1843319,1000052,1000052,1000053,1000937,1.843221309,1.841593427
7,1844101,1000469,1000469,1000469,1001354,1.843236522,1.841607463
7,1831029,1000261,1000261,983384,1001302,1.861967451,1.828648100
7,1843402,1000104,1000104,1000104,1000990,1.843210306,1.841578837
7,1843942,1000417,1000417,1000364,1001302,1.843271049,1.841544309
7,1843554,1000208,1000208,1000208,1001042,1.843170621,1.841635016
7,1839187,1000677,1000677,988853,1001770,1.859919523,1.835937391
7,1844081,1000468,1000468,1000417,1001355,1.843312339,1.841585651
7,1843882,1000364,1000364,1000365,1001250,1.843209229,1.841580025
7,1843876,1000365,1000365,1000365,1001406,1.843203231,1.841287150
7,1833296,1001198,1001198,986354,1002448,1.858659264,1.828819051
7,1843236,1000000,1000000,999948,1001145,1.843331853,1.841127909
7,1844145,1000521,1000521,1000521,1001875,1.843184701,1.840693699
7,1844035,1000469,1000469,1000417,1001615,1.843266358,1.841061685
7,1835497,1000521,1000521,990417,1002031,1.853256760,1.831776662
7,1843893,1000416,1000416,1000365,1001511,1.843220225,1.841111081
7,1843651,1000208,1000208,1000208,1001354,1.843267600,1.841158072
7,1843378,1000105,1000105,1000052,1001146,1.843282149,1.841267907
7,1830112,1000417,1000417,982291,1001979,1.863105740,1.826497362
7,1843359,1000104,1000104,1000052,1001354,1.843263150,1.840866467
7,1843716,1000312,1000312,1000261,1001407,1.843234916,1.841125536
7,1843339,1000104,1000104,1000052,1001198,1.843243151,1.841133322
7,1836197,1000468,1000468,982657,1001719,1.868604203,1.833045994
7,1843549,1000208,1000208,1000157,1001302,1.843259608,1.841151820
7,1843584,1000208,1000208,1000209,1001667,1.843198771,1.840515860
7,1843403,1000104,1000104,1000104,1001250,1.843211306,1.841101623
7,1792841,1000261,1000261,955155,1001875,1.877015772,1.789485714
7,1843967,1000417,1000417,1000365,1001562,1.843294198,1.841091216
7,1844035,1000468,1000468,1000417,1001615,1.843266358,1.841061685
7,1843808,1000313,1000313,1000312,1001614,1.843232911,1.840836889
7,1836993,1000312,1000312,995574,1001511,1.845159677,1.834221491
7,1844140,1000521,1000521,1000521,1001666,1.843179703,1.841072773
7,1843275,1000052,1000052,1000000,1001146,1.843275000,1.841165025
7,1843171,1000000,1000000,1000000,1001146,1.843171000,1.841061144
7,1830313,1000208,1000208,983958,1001719,1.860153584,1.827172091
7,1843350,1000053,1000053,1000052,1001146,1.843254151,1.841239939
7,1844209,1000573,1000573,1000573,1001666,1.843152873,1.841141658
7,1843390,1000104,1000104,1000105,1001198,1.843196464,1.841184261
7,1816041,1000208,1000208,968387,1001510,1.875325670,1.813302913
7,1843243,1000052,1000052,1000000,1001355,1.843243000,1.840748785
7,1843160,1000000,1000000,999948,1001406,1.843255849,1.840572156
7,1843467,1000157,1000157,1000156,1001250,1.843179464,1.841165543
7,1828110,1000365,1000365,983281,1001823,1.859193862,1.824783420
7,1844033,1000416,1000416,1000417,1001667,1.843264359,1.840964113
7,1844069,1000521,1000521,1000468,1001563,1.843206379,1.841191218
7,1843644,1000260,1000260,1000261,1001406,1.843162934,1.841055476
7,1838443,1000104,1000104,995625,1001302,1.846521532,1.836052460
7,1843717,1000312,1000312,1000260,1001407,1.843237758,1.841126535
7,1843739,1000313,1000313,1000260,1001407,1.843259752,1.841148504
7,1844059,1000469,1000469,1000469,1001562,1.843194542,1.841183072
7,1828962,1000312,1000312,982553,1001771,1.861438518,1.825728635
7,1843317,1000052,1000052,1000052,1001146,1.843221153,1.841206977
7,1843875,1000364,1000364,1000365,1001458,1.843202231,1.841190544
7,1843356,1000052,1000052,1000052,1001146,1.843260150,1.841245932
7,1833959,1000677,1000677,978698,1002136,1.873876313,1.830050013
7,1843643,1000208,1000208,1000209,1001458,1.843257759,1.840958882
7,1843559,1000208,1000208,1000104,1001510,1.843367290,1.840779423
7,1843894,1000364,1000364,1000365,1001458,1.843221224,1.841209517
7,1826773,1000156,1000156,978801,1001459,1.866337488,1.824111621
7,1844065,1000469,1000469,1000469,1001354,1.843200539,1.841571512
7,1843877,1000365,1000365,1000365,1001302,1.843204230,1.841479394
7,1843215,1000000,1000000,1000000,1000886,1.843215000,1.841583357
7,1840045,1000364,1000364,993750,1001302,1.851617610,1.837652377
7,1844088,1000521,1000521,1000469,1001354,1.843223528,1.841594481
7,1843668,1000260,1000260,1000208,1001093,1.843284597,1.841655071
7,1843670,1000260,1000260,1000261,1001146,1.843188928,1.841559573
7,1828098,1000521,1000521,982031,1001823,1.861548159,1.824771442
7,1844131,1000469,1000469,1000469,1001667,1.843266508,1.841061950
7,1843881,1000364,1000364,1000365,1001510,1.843208229,1.841100938
7,1844021,1000416,1000416,1000417,1001511,1.843252364,1.841238888
7,1836251,1000469,1000469,984896,1001979,1.864411065,1.832624237
7,1843532,1000156,1000156,1000156,1001302,1.843244454,1.841134842
7,1843224,1000000,1000000,1000000,1001146,1.843224000,1.841114083
7,1843608,1000209,1000209,1000208,1001354,1.843224609,1.841115130
7,1829736,1000417,1000417,980781,1002031,1.865590789,1.826027338
7,1843182,1000000,1000000,999948,1001197,1.843277850,1.840978349
7,1843578,1000208,1000208,1000156,1001303,1.843290447,1.841178944
7,1843239,1000000,1000000,1000000,1001093,1.843239000,1.841226539
7,1838179,1000521,1000521,995781,1001771,1.845967135,1.834929340
7,1844003,1000469,1000469,1000416,1001563,1.843236214,1.841125321
7,1843675,1000260,1000260,1000209,1001354,1.843289752,1.841182040
7,1843821,1000364,1000364,1000365,1001719,1.843148251,1.840656911
7,1826639,1000625,1000625,982187,1002083,1.859767030,1.822842020
7,1843468,1000156,1000156,1000052,1001302,1.843372145,1.841070926
7,1843389,1000104,1000104,1000104,1001250,1.843197307,1.841087640
7,1843304,1000052,1000052,1000052,1001146,1.843208153,1.841193992
7,1834929,1000520,1000520,986302,1002344,1.860412936,1.830637985
7,1844107,1000520,1000520,1000521,1001614,1.843146721,1.841135407
7,1843401,1000104,1000104,1000052,1001250,1.843305148,1.841099625
7,1843212,1000000,1000000,999948,1001094,1.843307852,1.841197730
7,1829012,1000208,1000208,981562,1001458,1.863368794,1.826349183
7,1843607,1000209,1000209,1000208,1001406,1.843223609,1.841018528
7,1843193,1000000,1000000,1000000,1001146,1.843193000,1.841083119
7,1844092,1000469,1000469,1000469,1001615,1.843227526,1.841118593
7,1835740,1000208,1000208,989689,1001406,1.854865518,1.833162573
7,1843873,1000364,1000364,1000365,1001458,1.843200232,1.841188547
7,1843643,1000261,1000261,1000260,1001355,1.843163777,1.841148244
7,1843667,1000261,1000261,1000260,1001406,1.843187771,1.841078444
7,1829853,1000365,1000365,981980,1001562,1.863432045,1.826999227
7,1843180,1000000,1000000,999948,1001198,1.843275850,1.840974513
7,1843979,1000469,1000469,1000416,1001563,1.843212224,1.841101359
7,1843728,1000260,1000260,1000261,1001458,1.843246913,1.841043758
7,1836036,1000572,1000572,985678,1001771,1.862713787,1.832790129
7,1843471,1000156,1000156,1000104,1001250,1.843279299,1.841169538
7,1843529,1000157,1000157,1000104,1001250,1.843337293,1.841227466
7,1843688,1000261,1000261,1000208,1001354,1.843304593,1.841195022
7,1805396,1000105,1000105,964584,1001302,1.871683544,1.803048431
7,1843828,1000312,1000312,1000365,1001458,1.843155248,1.841143613
7,1843753,1000261,1000261,1000312,1001459,1.843177928,1.841066883
7,1844125,1000521,1000521,1000469,1001614,1.843260511,1.841153378
7,1836678,1000156,1000156,991979,1001406,1.851529115,1.834099256
7,1843979,1000417,1000417,1000417,1001511,1.843210381,1.841196951
7,1843548,1000208,1000208,1000157,1001354,1.843258608,1.841055211
7,1843906,1000364,1000364,1000365,1001510,1.843233220,1.841125900
7,1827394,1000625,1000625,982917,1001823,1.859153927,1.824068723
7,1843540,1000157,1000157,1000208,1001302,1.843156623,1.841142832
7,1843675,1000261,1000261,1000208,1001354,1.843291595,1.841182040
7,1843509,1000157,1000157,1000208,1001250,1.843125630,1.841207491
7,1836334,1000625,1000625,983646,1001875,1.866864705,1.832897318
7,1843536,1000157,1000157,1000208,1001354,1.843152624,1.841043227
7,1843348,1000105,1000105,1000052,1001198,1.843252151,1.841142312
7,1843368,1000104,1000104,1000052,1001198,1.843272150,1.841162288
7,1828711,1000573,1000573,981771,1001823,1.862665530,1.825383326
7,1843431,1000157,1000157,1000104,1001302,1.843239303,1.841033974
7,1843988,1000417,1000417,1000365,1001510,1.843315190,1.841207776
7,1844121,1000521,1000521,1000521,1001615,1.843160713,1.841147547
7,1836532,1000156,1000156,995520,1001355,1.844796689,1.834046866
7,1843827,1000365,1000365,1000365,1001406,1.843154249,1.841238219
7,1843449,1000104,1000104,1000052,1001302,1.843353146,1.841051950
7,1843474,1000156,1000156,1000156,1001198,1.843186463,1.841268161
7,1830586,1000573,1000573,984270,1001770,1.859841304,1.827351588
7,1843472,1000156,1000156,1000156,1001354,1.843184463,1.840979314
7,1843317,1000104,1000104,1000052,1001250,1.843221153,1.841015730
7,1843416,1000105,1000105,1000052,1001198,1.843320147,1.841210230
7,1835846,1000834,1000834,973749,1002344,1.885338008,1.831552840
7,1843532,1000157,1000157,1000208,1001302,1.843148625,1.841134842
7,1843580,1000209,1000209,1000156,1001302,1.843292446,1.841182780
7,1843173,1000000,1000000,999948,1001146,1.843268850,1.841063142
7,1828407,1000208,1000208,982708,1001667,1.860580152,1.825364118
7,1844058,1000469,1000469,1000417,1001667,1.843289348,1.840989071
7,1843271,1000052,1000052,1000000,1001146,1.843271000,1.841161029
7,1843664,1000260,1000260,1000209,1001354,1.843278755,1.841171054
7,1836444,1000156,1000156,995678,1001406,1.844415564,1.833865585
7,1843319,1000052,1000052,1000052,1001407,1.843223152,1.840729094
7,1843746,1000312,1000312,1000261,1001666,1.843264908,1.840679428
7,1843808,1000313,1000313,1000312,1001406,1.843232911,1.841219246
7,1825459,1000417,1000417,975937,1001875,1.870468073,1.822042670
7,1843620,1000208,1000208,1000209,1001406,1.843234764,1.841031510
7,1843950,1000416,1000416,1000417,1001510,1.843181393,1.841169834
7,1843177,1000000,1000000,999948,1001094,1.843272850,1.841162768
7,1835164,1000312,1000312,980885,1001510,1.870926765,1.832397080
7,1843963,1000417,1000417,1000417,1001511,1.843194388,1.841180976
7,1843985,1000416,1000416,1000417,1001510,1.843216379,1.841204781
7,1843909,1000417,1000417,1000364,1001667,1.843238061,1.840840319
7,1826967,1000468,1000468,981459,1001823,1.861480714,1.823642500
7,1843734,1000260,1000260,1000260,1001458,1.843254754,1.841049749
7,1843985,1000417,1000417,1000468,1001563,1.843122419,1.841107349
7,1843373,1000104,1000104,1000052,1001197,1.843277150,1.841169121
7,1836270,1000312,1000312,996042,1001563,1.843566838,1.833404389
7,1844124,1000521,1000521,1000468,1001615,1.843261354,1.841150542
7,1843681,1000260,1000260,1000261,1001406,1.843199925,1.841092424
7,1843344,1000104,1000104,1000052,1001458,1.843248151,1.840660317
7,1828107,1000417,1000417,980937,1001875,1.863633444,1.824685714
7,1843521,1000208,1000208,1000156,1001666,1.843233456,1.840454802
7,1843619,1000208,1000208,1000208,1001407,1.843235607,1.841028673
7,1844087,1000468,1000468,1000469,1001615,1.843222529,1.841113602
7,1832022,1000365,1000365,976718,1001875,1.875691858,1.828593387
7,1843702,1000261,1000261,1000260,1001354,1.843222762,1.841209003
7,1843243,1000052,1000052,1000000,1001094,1.843243000,1.841228696
7,1843784,1000313,1000313,1000312,1001458,1.843208919,1.841099677
7,1824914,1000157,1000157,974531,1001667,1.872607439,1.821876931
7,1843336,1000052,1000052,1000104,1001198,1.843144313,1.841130326
7,1843609,1000261,1000261,1000260,1001354,1.843129786,1.841116129
7,1843765,1000313,1000313,1000312,1001719,1.843189925,1.840601007
7,1835206,1000156,1000156,990313,1001614,1.853157537,1.832248751
7,1843654,1000208,1000208,1000157,1001406,1.843364592,1.841065462
7,1843466,1000156,1000156,1000157,1001250,1.843176621,1.841164544
7,1843739,1000312,1000312,1000313,1001458,1.843162090,1.841054742
7,1824324,1000729,1000729,977708,1001979,1.865919068,1.820720794
7,1843577,1000209,1000209,1000156,1001406,1.843289447,1.840988570
7,1843340,1000105,1000105,1000052,1001459,1.843244151,1.840654485
7,1843908,1000364,1000364,1000417,1001562,1.843139411,1.841032308
7,1833159,1000469,1000469,981042,1001823,1.868583608,1.829823232
7,1843547,1000209,1000209,1000208,1001354,1.843163622,1.841054213
7,1843988,1000417,1000417,1000365,1001823,1.843315190,1.840632527
7,1844011,1000417,1000417,1000469,1001563,1.843146564,1.841133309
7,1782687,1000156,1000156,940521,1001718,1.895424983,1.779629596
7,1843394,1000104,1000104,1000156,1001250,1.843106475,1.841092634
7,1843237,1000052,1000052,1000052,1001145,1.843141157,1.841128907
7,1843644,1000208,1000208,1000209,1001407,1.843258759,1.841053638
7,1837040,1000208,1000208,995313,1001407,1.845690753,1.834458916
7,1843929,1000417,1000417,1000416,1001510,1.843162245,1.841148865
7,1843184,1000000,1000000,999948,1001146,1.843279851,1.841074129
7,1843855,1000365,1000365,1000364,1001458,1.843184081,1.841170573
7,1824699,1000208,1000208,980104,1001771,1.861740183,1.821473171
7,1843420,1000156,1000156,1000156,1001250,1.843132471,1.841118602
7,1843868,1000364,1000364,1000313,1001459,1.843291050,1.841181716
7,1843687,1000260,1000260,1000261,1001510,1.843205923,1.840907230
7,1810862,989636,989636,947655,1001667,1.910887401,1.807848317
7,1843079,999948,999948,999896,1000990,1.843270700,1.841256156
7,1843689,1000260,1000260,1000209,1001303,1.843303750,1.841289799
7,1843507,1000156,1000156,1000156,1001198,1.843219458,1.841301121
7,1827553,1000209,1000209,983020,1001458,1.859120872,1.824892307
7,1843634,1000209,1000209,1000208,1001146,1.843250604,1.841523614
7,1843688,1000313,1000313,1000208,1001198,1.843304593,1.841481905
7,1843514,1000208,1000208,1000157,1001042,1.843224614,1.841595058
7,1838805,1000261,1000261,997656,1001145,1.843125286,1.836701976
7,1843524,1000157,1000157,1000156,1001042,1.843236455,1.841605048
7,1843869,1000364,1000364,1000313,1001198,1.843292050,1.841662688
7,1843900,1000364,1000364,1000417,1001250,1.843131414,1.841598002
7,1833427,1000573,1000573,987656,1001667,1.856341682,1.830375764
7,1843843,1000312,1000312,1000417,1001667,1.843074438,1.840774429
7,1843738,1000313,1000313,1000260,1001354,1.843258753,1.841244954
7,1843161,1000000,1000000,999948,1001094,1.843256849,1.841146785
7,1833463,1000468,1000468,977136,1001875,1.876364191,1.830031691
7,1843589,1000208,1000208,1000208,1001354,1.843205613,1.841096156
7,1843403,1000104,1000104,1000104,1001458,1.843211306,1.840719231
7,1843199,1000000,1000000,1000000,1001250,1.843199000,1.840897878
7,1827746,1000521,1000521,979532,1002031,1.865938019,1.824041372
7,1843641,1000208,1000208,1000156,1001458,1.843353437,1.840956885
7,1843686,1000313,1000313,1000260,1001406,1.843206766,1.841097417
7,1843718,1000313,1000313,1000312,1001406,1.843142939,1.841129372
7,1837806,1000416,1000416,995730,1001615,1.845687084,1.834842729
7,1843671,1000261,1000261,1000260,1001354,1.843191770,1.841178045
7,1843289,1000052,1000052,1000000,1001406,1.843289000,1.840700974
7,1843739,1000261,1000261,1000260,1001354,1.843259752,1.841245953
7,1828177,1000468,1000468,979167,1001979,1.867073747,1.824566184
7,1843409,1000104,1000104,1000052,1001302,1.843313148,1.841012002
7,1843702,1000313,1000313,1000260,1001406,1.843222762,1.841113395
7,1843577,1000209,1000209,1000208,1001302,1.843193616,1.841179784
7,1836935,1000625,1000625,984948,1002136,1.865007087,1.833019670
7,1844214,1000521,1000521,1000520,1001614,1.843255507,1.841242235
7,1843741,1000260,1000260,1000261,1001563,1.843259909,1.840863730
7,1843538,1000208,1000208,1000208,1001302,1.843154624,1.841140835
7,1828098,1000365,1000365,982812,1001510,1.860068864,1.825341734
7,1844106,1000521,1000521,1000468,1001614,1.843243362,1.841134409
7,1843372,1000105,1000105,1000052,1001198,1.843276150,1.841166283
7,1843212,1000000,1000000,999948,1001198,1.843307852,1.841006474
7,1837080,1000260,1000260,995938,1001458,1.844572654,1.834405437
7,1843556,1000209,1000209,1000208,1001250,1.843172620,1.841254432
7,1843580,1000209,1000209,1000156,1001302,1.843292446,1.841182780
7,1844074,1000469,1000469,1000469,1001563,1.843209535,1.841196210
7,1798781,1000312,1000312,960886,1001823,1.872002506,1.795507789
7,1843198,1000052,1000052,1000000,1001197,1.843198000,1.840994330
7,1843461,1000156,1000156,1000104,1001510,1.843269300,1.840681571
7,1843335,1000052,1000052,1000052,1001198,1.843239152,1.841129327
7,1836175,1000104,1000104,983646,1001302,1.866703062,1.833787409
7,1843651,1000208,1000208,1000209,1001459,1.843265757,1.840965032
7,1843327,1000104,1000104,1000052,1001459,1.843231152,1.840641504
7,1856861,1011927,1011927,1002344,1013125,1.852518696,1.832805429
7,1836371,1000417,1000417,992813,1001875,1.849664539,1.832934248
7,1843247,1000053,1000053,1000052,1001198,1.843151156,1.841041432
7,1843217,1000000,1000000,1000052,1001146,1.843121158,1.841107091
7,1832990,1000521,1000521,986563,1001719,1.857955346,1.829844497
7,1843970,1000417,1000417,1000364,1001823,1.843299039,1.840614560
7,1843407,1000104,1000104,1000052,1001250,1.843311148,1.841105618
7,1843471,1000156,1000156,1000105,1001250,1.843277456,1.841169538
7,1835281,1000104,1000104,992032,1001250,1.850021975,1.832989763
7,1803364,1000312,1000312,963854,1001770,1.870992910,1.800177685
7,1844123,1000521,1000521,1000469,1001615,1.843258512,1.841149543
7,1843243,1000000,1000000,1000000,1001146,1.843243000,1.841133062
7,1835796,1000521,1000521,980781,1001771,1.871769539,1.832550553
7,1843040,999948,999948,999844,1001198,1.843327559,1.840834680
7,1843791,1000313,1000313,1000260,1001354,1.843311739,1.841297883
7,1843772,1000313,1000313,1000312,1001458,1.843196923,1.841087694
7,1836436,1000677,1000677,985938,1001823,1.862628279,1.833094269
7,1835498,1000261,1000261,992709,1001614,1.848978905,1.832540280
7,1844134,1000521,1000521,1000469,1001458,1.843269507,1.841449167
7,1843204,1000000,1000000,999948,1001094,1.843299852,1.841189738
7,1837302,1000468,1000468,997344,1001459,1.842194870,1.834625282
7,1843290,1000052,1000052,1000052,1000989,1.843194154,1.841468787
7,1843747,1000312,1000312,1000261,1001250,1.843265908,1.841445194
7,1844042,1000417,1000417,1000417,1001458,1.843273355,1.841357301
7,1838674,1000364,1000364,993646,1001407,1.850431643,1.836090620
7,1837050,1000156,1000156,993542,1001302,1.848990782,1.834661271
7,1844024,1000417,1000417,1000417,1001458,1.843255363,1.841339327
7,1843995,1000416,1000416,1000469,1001458,1.843130572,1.841310369
7,1836513,1000625,1000625,985157,1001823,1.864183069,1.833171129
7,1843500,1000157,1000157,1000104,1001770,1.843308296,1.840242770
7,1843124,999948,999948,999947,1001094,1.843221691,1.841109826
7,1843569,1000208,1000208,1000209,1001354,1.843183775,1.841076183
7,1833573,1000104,1000104,989896,1001354,1.852288523,1.831093699
7,1834609,1000469,1000469,990261,1001927,1.852651978,1.831080508
7,1843860,1000365,1000365,1000312,1001458,1.843284895,1.841175566
7,1843723,1000261,1000261,1000260,1001406,1.843243757,1.841134365
7,1838546,1000364,1000364,995678,1001511,1.846526688,1.835772148
7,1843368,1000052,1000052,1000104,1001145,1.843176310,1.841259758
7,1843792,1000312,1000312,1000313,1001407,1.843215074,1.841201430
7,1844201,1000521,1000521,1000520,1001614,1.843242514,1.841229256
7,1827406,1000312,1000312,980574,1001511,1.863608458,1.824648955
7,1843288,1000053,1000053,1000000,1001510,1.843288000,1.840508832
7,1843413,1000104,1000104,1000156,1001250,1.843125472,1.841111610
7,1843884,1000364,1000364,1000312,1001459,1.843308888,1.841197693
7,1835769,1000365,1000365,980780,1001770,1.871743918,1.832525430
7,1843636,1000157,1000157,1000260,1001354,1.843156779,1.841143092
7,1843485,1000156,1000156,1000156,1001302,1.843197461,1.841087904
7,1843333,1000104,1000104,1000104,1001198,1.843141313,1.841127329
7,1829111,1000313,1000313,981563,1001615,1.863467755,1.826161749
7,1843589,1000209,1000209,1000156,1001406,1.843301445,1.841000553
7,1843626,1000209,1000209,1000208,1001354,1.843242606,1.841133106
7,1843554,1000209,1000209,1000208,1001354,1.843170621,1.841061203
7,1835426,1000000,1000000,995833,1001198,1.843106224,1.833229791
7,1843630,1000260,1000260,1000261,1001354,1.843148938,1.841137100
7,1843151,999948,999948,999948,1001094,1.843246849,1.841136796
7,1843352,1000105,1000105,1000052,1001250,1.843256151,1.841050687
7,1796147,1000573,1000573,955365,1001822,1.880063641,1.792880372
7,1843408,1000104,1000104,1000104,1001302,1.843216306,1.841011004
7,1843209,1000000,1000000,1000000,1001093,1.843209000,1.841196572
7,1844057,1000469,1000469,1000469,1001563,1.843192543,1.841179237
7,1834437,1000365,1000365,983906,1001614,1.864443351,1.831480990
7,1843809,1000365,1000365,1000364,1001406,1.843138098,1.841220244
7,1843595,1000208,1000208,1000208,1001302,1.843211612,1.841197761
7,1843570,1000208,1000208,1000209,1001354,1.843184774,1.841077181
7,1830621,1000416,1000416,983750,1001771,1.860859975,1.827384702
7,1843981,1000417,1000417,1000364,1001615,1.843310035,1.841007772
7,1843288,1000052,1000052,1000104,1001146,1.843096318,1.841178010
7,1843359,1000104,1000104,1000052,1001250,1.843263150,1.841057678
7,1836171,1000157,1000157,995624,1001406,1.844241400,1.833592968
7,1843439,1000104,1000104,1000104,1001198,1.843247302,1.841233203
7,1844044,1000469,1000469,1000417,1001562,1.843275354,1.841168095
7,1844052,1000469,1000469,1000468,1001615,1.843189387,1.841078658
7,1829093,1000521,1000521,981979,1001771,1.862659996,1.825859403
7,1843252,1000000,1000000,1000052,1001250,1.843156156,1.840950811
7,1843500,1000156,1000156,1000157,1001302,1.843210616,1.841102884
7,1843796,1000312,1000312,1000313,1001459,1.843219072,1.841109821
7,1834830,1000573,1000573,983542,1001823,1.865532941,1.831491192
7,1843800,1000365,1000365,1000312,1001771,1.843224914,1.840540403
7,1844028,1000469,1000469,1000416,1001615,1.843261203,1.841054697
7,1844092,1000469,1000469,1000469,1001614,1.843227526,1.841120432
7,1826966,1000729,1000729,981407,1001927,1.861578326,1.823452208
7,1843283,1000052,1000052,1000000,1001510,1.843283000,1.840503839
7,1843987,1000416,1000416,1000417,1001563,1.843218378,1.841109346
7,1843324,1000104,1000104,1000104,1001250,1.843132314,1.841022722
7,1835212,1000104,1000104,990052,1001615,1.853652131,1.832252912
7,1843992,1000416,1000416,1000469,1001563,1.843127573,1.841114338
7,1843536,1000209,1000209,1000156,1001250,1.843248453,1.841234457
7,1843190,1000000,1000000,1000000,1001145,1.843190000,1.841081961
7,1814532,1000573,1000573,970469,1001823,1.869747514,1.811230127
7,1843206,1000000,1000000,999948,1001198,1.843301852,1.841000481
7,1843572,1000157,1000157,1000156,1001354,1.843284448,1.841079179
7,1844112,1000521,1000521,1000521,1001927,1.843151718,1.840565231
7,1835090,1000313,1000313,981147,1001614,1.870351741,1.832132937
7,1841562,999115,999115,999063,1001094,1.843289162,1.839549533
7,1843287,1000052,1000052,1000052,1001146,1.843191154,1.841177011
7,1843828,1000312,1000312,1000313,1001510,1.843251062,1.841048017
7,1815638,1000364,1000364,967241,1001927,1.877130932,1.812145995
7,1843659,1000261,1000261,1000260,1001406,1.843179773,1.841070455
7,1844145,1000520,1000520,1000469,1001563,1.843280501,1.841267100
7,1843825,1000365,1000365,1000312,1001406,1.843249906,1.841236222
7,1836649,1000521,1000521,996198,1001771,1.843658590,1.833402045
7,1843337,1000052,1000052,1000104,1001406,1.843145313,1.840748907
7,1844144,1000468,1000468,1000521,1001562,1.843183701,1.841267939
7,1843531,1000156,1000156,1000156,1001250,1.843243454,1.841229463
7,1831553,1000729,1000729,983959,1002188,1.861411908,1.827554311
7,1843414,1000104,1000104,1000105,1001302,1.843220462,1.841016996
7,1843711,1000312,1000312,1000261,1001406,1.843229917,1.841122382
7,1843238,1000052,1000052,1000000,1001146,1.843238000,1.841128067
7,1833619,1000468,1000468,984323,1001719,1.862822468,1.830472418
7,1844078,1000520,1000520,1000469,1001614,1.843213533,1.841106454
7,1843227,1000000,1000000,1000000,1001146,1.843227000,1.841117080
7,1843301,1000052,1000052,1000052,1001511,1.843205153,1.840519974
7,1826452,1000730,1000730,978177,1002291,1.867199903,1.822277163
7,1843088,999948,999948,999948,1001145,1.843183846,1.840980078
7,1843989,1000365,1000365,1000313,1001510,1.843412012,1.841208775
7,1843525,1000156,1000156,1000157,1001302,1.843235612,1.841127852
7,1836156,1000208,1000208,992084,1001406,1.850806988,1.833577989
7,1844188,1000573,1000573,1000521,1001615,1.843227678,1.841214439
7,1843563,1000208,1000208,1000157,1001354,1.843273606,1.841070191
7,1843282,1000052,1000052,1000000,1001198,1.843282000,1.841076390
7,1828211,1000573,1000573,981041,1002084,1.863541891,1.824408932
7,1844095,1000468,1000468,1000469,1001614,1.843230525,1.841123427
7,1843818,1000313,1000313,1000312,1001719,1.843242908,1.840653916
7,1843458,1000156,1000156,1000105,1001250,1.843264457,1.841156554
7,1835268,1000521,1000521,979739,1002083,1.873221338,1.831453083
7,1843910,1000365,1000365,1000312,1001511,1.843334880,1.841128056
7,1843846,1000312,1000312,1000313,1001458,1.843269057,1.841161586
7,1843982,1000417,1000417,1000416,1001511,1.843215222,1.841199947
7,1828593,1000572,1000572,981042,1002083,1.863929373,1.824791958
7,1843609,1000208,1000208,1000156,1001354,1.843321442,1.841116129
7,1843345,1000105,1000105,1000104,1001197,1.843153312,1.841141154
7,1843948,1000365,1000365,1000364,1001511,1.843277047,1.841165998
7,1835948,1000157,1000157,995312,1001354,1.844595464,1.833465488
7,1843819,1000364,1000364,1000313,1001406,1.843242065,1.841230230
7,1843660,1000260,1000260,1000208,1001406,1.843276598,1.841071454
7,1844182,1000521,1000521,1000469,1001615,1.843317484,1.841208448
7,1800290,1000625,1000625,964739,1002135,1.866090207,1.796454569
7,1843387,1000104,1000104,1000104,1001250,1.843195308,1.841085643
7,1843990,1000469,1000469,1000417,1001563,1.843221377,1.841112341
7,1843657,1000260,1000260,1000261,1001406,1.843175931,1.841068458
7,1835776,1000521,1000521,985365,1001927,1.863041614,1.832245263
7,1843549,1000156,1000156,1000209,1001302,1.843163779,1.841151820
7,1843362,1000104,1000104,1000052,1001510,1.843266150,1.840582720
7,1843211,1000000,1000000,999948,1001146,1.843306852,1.841101098
7,1831208,1000469,1000469,982760,1001979,1.863331841,1.827591197
7,1843812,1000364,1000364,1000261,1001510,1.843330891,1.841032042
7,1843642,1000208,1000208,1000208,1001354,1.843258602,1.841149084
7,1843376,1000104,1000104,1000052,1001198,1.843280149,1.841170278
7,1838570,1000208,1000208,995469,1001406,1.846938478,1.835988600
7,1843224,1000000,1000000,1000000,1001094,1.843224000,1.841209717
7,1843794,1000313,1000313,1000312,1001406,1.843218916,1.841205265
7,1844048,1000469,1000469,1000469,1001511,1.843183547,1.841265847
7,1805220,1000365,1000365,962969,1001823,1.874639786,1.801935072
7,1843846,1000364,1000364,1000365,1001458,1.843173242,1.841161586
7,1843481,1000156,1000156,1000104,1001302,1.843289298,1.841083909
7,1843393,1000104,1000104,1000104,1001250,1.843201307,1.841091635
7,1833932,1000416,1000416,981355,1001719,1.868775316,1.830784881
7,1843378,1000104,1000104,1000052,1001198,1.843282149,1.841172276
7,1843567,1000208,1000208,1000209,1001354,1.843181775,1.841074186
7,1843782,1000312,1000312,1000313,1001458,1.843205077,1.841097680
7,1830616,1000417,1000417,982656,1001927,1.862926599,1.827095188
7,1843825,1000313,1000313,1000312,1001459,1.843249906,1.841138779
7,1843398,1000104,1000104,1000104,1001198,1.843206307,1.841192252
7,1843656,1000260,1000260,1000261,1001666,1.843174931,1.840589578
7,1836727,1000521,1000521,991250,1002031,1.852940227,1.833004169
7,1844093,1000468,1000468,1000469,1001614,1.843228526,1.841121430
7,1844081,1000469,1000469,1000520,1001615,1.843122576,1.841107611
7,1843601,1000209,1000209,1000208,1001303,1.843217611,1.841201914
7,1827970,1000469,1000469,975312,1001719,1.874241268,1.824833112
7,1843187,1000000,1000000,1000000,1001146,1.843187000,1.841077126
7,1843137,999948,999948,1000000,1001094,1.843137000,1.841122812
7,1843884,1000365,1000365,1000364,1001458,1.843213070,1.841199531
7,1836584,1000573,1000573,986093,1001719,1.862485587,1.833432330
7,1843857,1000313,1000313,1000260,1001407,1.843377722,1.841266338
7,1843604,1000209,1000209,1000208,1001355,1.843220610,1.841109297
7,1843909,1000364,1000364,1000365,1001562,1.843236219,1.841033306
7,1801038,1000625,1000625,961041,1001875,1.874049078,1.797667374
7,1843326,1000104,1000104,1000104,1001302,1.843134314,1.840929110
7,1844173,1000521,1000521,1000521,1001667,1.843212686,1.841103880
7,1843607,1000208,1000208,1000209,1001354,1.843221767,1.841114131
7,1838127,1000469,1000469,995572,1001719,1.846302427,1.834972682
7,1843674,1000260,1000260,1000261,1001406,1.843192927,1.841085434
7,1843659,1000260,1000260,1000260,1001354,1.843179773,1.841166061
7,1844050,1000469,1000469,1000468,1001563,1.843187388,1.841172248
7,1826163,1000520,1000520,982396,1001770,1.858886844,1.822936403
7,1843160,1000000,1000000,999948,1001146,1.843255849,1.841050157
7,1843939,1000364,1000364,1000417,1001510,1.843170398,1.841158850
7,1843329,1000052,1000052,1000104,1001250,1.843137314,1.841027715
7,1833992,1000312,1000312,983177,1001562,1.865373173,1.831131772
7,1843516,1000156,1000156,1000208,1001250,1.843132628,1.841214482
7,1843932,1000417,1000417,1000417,1001563,1.843163401,1.841054432
7,1843689,1000260,1000260,1000209,1001406,1.843303750,1.841100413
7,1830971,1000625,1000625,983125,1001875,1.862398983,1.827544354
7,1844015,1000469,1000469,1000417,1001615,1.843246366,1.841041718
7,1843415,1000104,1000104,1000157,1001250,1.843125629,1.841113608
7,1843921,1000416,1000416,1000365,1001510,1.843248214,1.841140877
7,1836926,1000261,1000261,995989,1001458,1.844323582,1.834251661
7,1843276,1000052,1000052,1000052,1001146,1.843180155,1.841166024
7,1843608,1000208,1000208,1000208,1001302,1.843224609,1.841210744
7,1843216,1000000,1000000,1000000,1001093,1.843216000,1.841203565
7,1828524,1000365,1000365,983594,1001563,1.859023134,1.825670477
7,1843309,1000052,1000052,1000000,1001250,1.843309000,1.841007740
7,1843982,1000417,1000417,1000469,1001563,1.843117578,1.841104354
7,1844020,1000416,1000416,1000469,1001614,1.843155560,1.841048548
7,1834164,1000521,1000521,981302,1002031,1.869112669,1.830446363
7,1843265,1000052,1000052,1000052,1001510,1.843169155,1.840485866
7,1843882,1000365,1000365,1000364,1001510,1.843211071,1.841101936
7,1843303,1000052,1000052,1000052,1001146,1.843207153,1.841192993
7,1828150,1000104,1000104,982500,1001511,1.860712468,1.825391833
7,1844043,1000364,1000364,1000313,1001510,1.843465995,1.841262693
7,1843112,999948,999948,999948,1001094,1.843207847,1.841097839
7,1843449,1000156,1000156,1000104,1001250,1.843257301,1.841147566
7,1837032,1000104,1000104,992812,1001250,1.850332188,1.834738577
7,1843363,1000104,1000104,1000104,1001198,1.843171310,1.841157294
7,1843918,1000417,1000417,1000364,1001823,1.843247058,1.840562654
7,1843153,999948,999948,999948,1001093,1.843248849,1.841140633
7,1789204,1000468,1000468,950781,1001980,1.881825573,1.785668377
7,1843776,1000312,1000312,1000313,1001458,1.843199079,1.841091688
7,1843965,1000417,1000417,1000416,1001510,1.843198230,1.841184811
7,1843248,1000053,1000053,1000052,1001146,1.843152156,1.841138056
7,1838643,1000625,1000625,983386,1001823,1.869706300,1.835297253
7,1843940,1000313,1000313,1000260,1001406,1.843460700,1.841351060
7,1843189,1000000,1000000,1000000,1001094,1.843189000,1.841174755
7,1843125,999948,999948,999948,1001094,1.843220847,1.841110825
7,1829888,1000104,1000104,983646,1001614,1.860311535,1.826939320
7,1843592,1000208,1000208,1000157,1001302,1.843302601,1.841194764
7,1843812,1000364,1000364,1000312,1001458,1.843236910,1.841127636
7,1843273,1000052,1000052,1000000,1001146,1.843273000,1.841163027
7,1835711,1000365,1000365,993176,1001510,1.848323963,1.832943256
7,1843378,1000104,1000104,1000104,1001250,1.843186309,1.841076654
7,1843248,1000000,1000000,1000000,1001146,1.843248000,1.841138056
7,1843271,1000000,1000000,1000000,1001198,1.843271000,1.841065404
7,1830200,1000313,1000313,982759,1001719,1.862308053,1.827059285
7,1843745,1000313,1000313,1000312,1001406,1.843169931,1.841156334
7,1843147,999948,999948,999948,1001302,1.843242849,1.840750343
7,1843642,1000261,1000261,1000260,1001354,1.843162778,1.841149084
7,1836804,1000365,1000365,985833,1001875,1.863199954,1.833366438
7,1843376,1000000,1000000,1000052,1001146,1.843280149,1.841265909
7,1843361,1000104,1000104,1000052,1001198,1.843265150,1.841155296
7,1844222,1000573,1000573,1000521,1001667,1.843261661,1.841152798
7,1829577,1000156,1000156,986615,1001510,1.854398119,1.826818504
7,1843152,1000000,1000000,999948,1001094,1.843247849,1.841137795
7,1843992,1000469,1000469,1000364,1001562,1.843321031,1.841116177
7,1843339,1000104,1000104,1000052,1001198,1.843243151,1.841133322
7,1835815,1000677,1000677,990364,1002084,1.853677032,1.831997118
7,1843731,1000313,1000313,1000260,1001562,1.843251755,1.840855584
7,1844116,1000520,1000520,1000469,1001615,1.843251515,1.841142555
7,1844136,1000521,1000521,1000469,1001927,1.843271506,1.840589185
7,1829668,1000261,1000261,981927,1001719,1.863344220,1.826528198
7,1843486,1000156,1000156,1000156,1001302,1.843198461,1.841088902
7,1843932,1000365,1000365,1000364,1001510,1.843261053,1.841151861
7,1843905,1000416,1000416,1000417,1001511,1.843136412,1.841123063
7,1834963,1000052,1000052,982813,1001302,1.867052023,1.832576985
7,1844094,1000417,1000417,1000416,1001562,1.843327176,1.841218017
7,1843198,1000000,1000000,1000000,1001146,1.843198000,1.841088113
7,1843568,1000209,1000209,1000156,1001615,1.843280448,1.840595438
7,1789798,1000677,1000677,951770,1002187,1.880494237,1.785892254
7,1843876,1000365,1000365,1000312,1001562,1.843300890,1.841000357
7,1843891,1000364,1000364,1000417,1001511,1.843122418,1.841109084
7,1843979,1000417,1000417,1000416,1001510,1.843212224,1.841198790
7,1838339,1000157,1000157,995364,1001406,1.846901234,1.835757924
7,1843201,1000000,1000000,999948,1001407,1.843296851,1.840611260
7,1843410,1000104,1000104,1000105,1001354,1.843216462,1.840917398
7,1843315,1000052,1000052,1000000,1001146,1.843315000,1.841204979
7,1826436,1000208,1000208,980209,1001666,1.863312824,1.823398219
7,1843453,1000156,1000156,1000104,1001563,1.843261301,1.840576179
7,1843213,1000000,1000000,1000000,1001146,1.843213000,1.841103096
7,1844184,1000520,1000520,1000521,1001615,1.843223680,1.841210445
7,1835841,1000573,1000573,985520,1001823,1.862814555,1.832500352
7,1843076,999948,999948,999896,1001094,1.843267700,1.841061878
7,1843988,1000468,1000468,1000417,1001563,1.843219378,1.841110345
7,1843274,1000052,1000052,1000000,1001146,1.843274000,1.841164026
7,1826143,1000104,1000104,982553,1001614,1.858569461,1.823200355
7,1843356,1000052,1000052,1000104,1001250,1.843164311,1.841054682
7,1843223,1000000,1000000,999948,1001094,1.843318853,1.841208718
7,1843481,1000157,1000157,1000104,1001302,1.843289298,1.841083909
7,1836916,1000313,1000313,995989,1001562,1.844313542,1.834051212
7,1843640,1000260,1000260,1000209,1001354,1.843254760,1.841147087
7,1843885,1000365,1000365,1000364,1001510,1.843214070,1.841104932
7,1843721,1000261,1000261,1000312,1001406,1.843145938,1.841132368
7,1829602,1000521,1000521,984376,1002031,1.858641413,1.825893610
7,1843919,1000364,1000364,1000365,1001511,1.843246215,1.841137042
7,1843484,1000156,1000156,1000156,1001302,1.843196461,1.841086905
7,1843176,1000000,1000000,999948,1001093,1.843271850,1.841163608
7,1834579,1000521,1000521,979323,1002084,1.873313503,1.830763688
7,1843718,1000260,1000260,1000313,1001459,1.843141097,1.841031934
7,1843620,1000208,1000208,1000209,1001666,1.843234764,1.840553638
7,1843551,1000208,1000208,1000156,1001354,1.843263451,1.841058207
7,1830452,1000052,1000052,981823,1001563,1.864340110,1.827595468
7,1843882,1000365,1000365,1000364,1001458,1.843211071,1.841197534
7,1843573,1000156,1000156,1000157,1001302,1.843283604,1.841175789
7,1843698,1000260,1000260,1000261,1001407,1.843216920,1.841107562
7,1837895,1000469,1000469,995885,1001666,1.845489188,1.834838160
7,1843599,1000208,1000208,1000157,1001355,1.843309600,1.841104304
7,1843789,1000312,1000312,1000260,1001406,1.843309739,1.841200272
7,1843553,1000156,1000156,1000208,1001302,1.843169621,1.841155815
7,1823266,1000469,1000469,976614,1001979,1.866925930,1.819664883
7,1843265,1000000,1000000,999948,1001198,1.843360855,1.841059411
7,1843189,999948,999948,999948,1001094,1.843284851,1.841174755
7,1843667,1000261,1000261,1000260,1001354,1.843187771,1.841174050
7,1832416,1000000,1000000,981980,1001614,1.866042078,1.829463246
7,1844145,1000521,1000521,1000468,1001614,1.843282344,1.841173346
7,1843514,1000209,1000209,1000156,1001250,1.843226457,1.841212484
7,1843337,1000105,1000105,1000104,1001198,1.843145313,1.841131325
7,1825681,1000261,1000261,980832,1001771,1.861359540,1.822453435
7,1843504,1000156,1000156,1000157,1001354,1.843214615,1.841011271
7,1844071,1000469,1000469,1000468,1001927,1.843208378,1.840524310
7,1843838,1000365,1000365,1000364,1001458,1.843167087,1.841153598
7,1837743,1000469,1000469,995938,1001719,1.845238358,1.834589341
7,1843652,1000261,1000261,1000260,1001354,1.843172775,1.841159071
7,1843385,1000104,1000104,1000104,1001250,1.843193308,1.841083645
7,1843749,1000313,1000313,1000261,1001406,1.843267907,1.841160329
7,1828328,1000520,1000520,981460,1002084,1.862865527,1.824525688
7,1843429,1000104,1000104,1000104,1001302,1.843237303,1.841031976
7,1843273,1000052,1000052,1000052,1001146,1.843177155,1.841163027
7,1843198,1000000,1000000,1000000,1001093,1.843198000,1.841185584
7,1837702,1000573,1000573,982447,1001823,1.870535510,1.834357965
7,1843903,1000364,1000364,1000365,1001823,1.843230221,1.840547682
7,1843732,1000312,1000312,1000261,1001406,1.843250912,1.841143352
7,1843671,1000260,1000260,1000261,1001355,1.843189927,1.841176206
7,1825178,1000677,1000677,980417,1002240,1.861634386,1.821098739
7,1843470,1000156,1000156,1000104,1001302,1.843278299,1.841072923
7,1844028,1000469,1000469,1000416,1001563,1.843261203,1.841150282
7,1843915,1000365,1000365,1000365,1001458,1.843242217,1.841230486
7,1836509,1000312,1000312,990677,1001927,1.853791902,1.832976854
7,1843329,1000052,1000052,1000052,1001198,1.843233152,1.841123334
7,1843448,1000156,1000156,1000105,1001250,1.843254458,1.841146567
7,1843846,1000364,1000364,1000365,1001719,1.843173242,1.840681868
7,1829785,1000417,1000417,981876,1001979,1.863560164,1.826171008
7,1843055,999948,999948,999896,1001146,1.843246698,1.840945277
7,1843597,1000260,1000260,1000209,1001354,1.843211769,1.841104145
7,1843618,1000260,1000260,1000209,1001354,1.843232764,1.841125117
7,1835866,1000208,1000208,985939,1001719,1.862048261,1.832715562
7,1843302,1000052,1000052,1000052,1001198,1.843206153,1.841096367
7,1843968,1000416,1000416,1000417,1001510,1.843199386,1.841187806
7,1843862,1000365,1000365,1000364,1001563,1.843191078,1.840984541
7,1810721,1000573,1000573,967760,1002135,1.871043441,1.806863347
7,1843112,999948,999948,999896,1001458,1.843303704,1.840428655
7,1844019,1000468,1000468,1000417,1001563,1.843250365,1.841141296
7,1843791,1000313,1000313,1000312,1001459,1.843215917,1.841104828
7,1837394,1000417,1000417,992709,1001666,1.850888830,1.834337993
7,1843922,1000417,1000417,1000416,1001458,1.843155247,1.841237476
7,1843135,999948,999948,999948,1001094,1.843230848,1.841120814
7,1843642,1000261,1000261,1000260,1001666,1.843162778,1.840575601
7,1835512,1000468,1000468,991562,1001979,1.851131851,1.831886696
7,1843993,1000416,1000416,1000417,1001563,1.843224375,1.841115337
7,1843211,1000000,1000000,1000000,1001146,1.843211000,1.841101098
7,1837709,1000521,1000521,984271,1001718,1.867076242,1.834557231
7,1843385,1000104,1000104,1000104,1001198,1.843193308,1.841179267
7,1843415,1000104,1000104,1000104,1001302,1.843223305,1.841017995
7,1843355,1000104,1000104,1000052,1001198,1.843259151,1.841149303
7,1836974,1000521,1000521,992240,1001667,1.851340402,1.833916861
7,1836402,1000104,1000104,992083,1001562,1.851056817,1.833538014
7,1843667,1000261,1000261,1000260,1001354,1.843187771,1.841174050
7,1843622,1000209,1000209,1000208,1001302,1.843238606,1.841224725
7,1834534,1000052,1000052,995521,1001198,1.842787847,1.832338858
7,1843481,1000157,1000157,1000104,1001250,1.843289298,1.841179526
7,1844093,1000521,1000521,1000469,1001666,1.843228526,1.841025851
7,1843271,1000052,1000052,1000000,1001146,1.843271000,1.841161029
7,1834260,1000157,1000157,990520,1001302,1.851815208,1.831874899
7,1835085,1000312,1000312,991042,1001771,1.851672280,1.831840810
7,1843399,1000104,1000104,1000104,1001198,1.843207306,1.841193250
7,1843086,999948,999948,999896,1001094,1.843277701,1.841071867
7,1834649,1000521,1000521,982708,1001770,1.866931988,1.831407409
7,1843117,1000000,1000000,999948,1001093,1.843212847,1.841104673
7,1843643,1000208,1000208,1000260,1001667,1.843163777,1.840574762
7,1843982,1000468,1000468,1000417,1001562,1.843213380,1.841106192
7,1837515,1000469,1000469,990936,1001667,1.854322580,1.834456960
7,1838140,1000521,1000521,991979,1001771,1.853002937,1.834890409
7,1843506,1000156,1000156,1000104,1001302,1.843314295,1.841108876
7,1843346,1000052,1000052,1000053,1001146,1.843248308,1.841235944
7,1836393,1000260,1000260,996980,1001458,1.841955706,1.833719437
7,1844199,1000521,1000521,1000521,1001614,1.843238673,1.841227259
7,1843748,1000312,1000312,1000313,1001406,1.843171087,1.841159330
7,1843415,1000104,1000104,1000052,1001250,1.843319147,1.841113608
7,1834069,1003021,1003021,990520,1004167,1.851622380,1.826458149
7,1843081,999896,999896,999844,1000990,1.843368565,1.841258154
7,1843450,1000156,1000156,1000104,1001094,1.843258301,1.841435470
7,1843868,1000364,1000364,1000365,1001302,1.843195234,1.841470406
7,1837693,1000313,1000313,987760,1001354,1.860465093,1.835208128
7,1844030,1000416,1000416,1000417,1001563,1.843261360,1.841152279
7,1844051,1000469,1000469,1000468,1001406,1.843188388,1.841461905
7,1843830,1000365,1000365,1000312,1001406,1.843254904,1.841241215
7,1831434,1000261,1000261,984322,1001458,1.860604558,1.828767657
7,1843980,1000416,1000416,1000417,1001459,1.843211381,1.841293553
7,1843868,1000364,1000364,1000313,1001302,1.843291050,1.841470406
7,1843880,1000364,1000364,1000365,1001250,1.843207229,1.841578027
7,1839301,1000416,1000416,997605,1001354,1.843716702,1.836813954
7,1843629,1000260,1000260,1000209,1001094,1.843243762,1.841614274
7,1843163,1000000,1000000,999948,1000833,1.843258849,1.841628923
7,1843685,1000260,1000260,1000261,1001146,1.843203924,1.841574556
7,1831957,1000157,1000157,986718,1001198,1.856616581,1.829764942
7,1843426,1000104,1000104,1000104,1001093,1.843234304,1.841413335
7,1843417,1000104,1000104,1000105,1001354,1.843223462,1.840924388
7,1844112,1000521,1000521,1000469,1001511,1.843247517,1.841329751
7,1834938,1000521,1000521,981406,1001823,1.869703262,1.831598995
7,1843669,1000261,1000261,1000208,1001355,1.843285597,1.841174209
7,1843522,1000208,1000208,1000156,1001302,1.843234455,1.841124855
7,1843894,1000365,1000365,1000364,1001407,1.843223067,1.841303286
7,1829462,1000365,1000365,983385,1001511,1.860372082,1.826701853
7,1843770,1000312,1000312,1000261,1001614,1.843288902,1.840798950
7,1843888,1000364,1000364,1000365,1001354,1.843215226,1.841394752
7,1843705,1000312,1000312,1000261,1001302,1.843223919,1.841307617
7,1837856,1000364,1000364,992240,1001615,1.852229299,1.834892648
7,1843524,1000157,1000157,1000156,1001406,1.843236455,1.840935644
7,1843244,1000000,1000000,1000000,1001041,1.843244000,1.841327178
7,1843286,1000052,1000052,999948,1001094,1.843381856,1.841271649
7,1832109,1000678,1000678,985156,1001979,1.859714604,1.828490417
7,1843105,999948,999948,999948,1001042,1.843200846,1.841186484
7,1843967,1000417,1000417,1000469,1001510,1.843102585,1.841186808
7,1843999,1000416,1000416,1000469,1001458,1.843134570,1.841314364
7,1835314,1000104,1000104,976981,1001354,1.878556492,1.832832345
7,1844004,1000417,1000417,1000365,1001614,1.843331184,1.841032573
7,1843286,1000052,1000052,1000052,1001146,1.843190154,1.841176012
7,1843434,1000156,1000156,1000105,1001250,1.843240460,1.841132584
7,1827545,1000416,1000416,975835,1001667,1.872801242,1.824503553
7,1843158,1000000,1000000,1000000,1001458,1.843158000,1.840474588
7,1843917,1000364,1000364,1000365,1001510,1.843244216,1.841136883
7,1844113,1000521,1000521,1000468,1001927,1.843250359,1.840566229
7,1837992,1000521,1000521,994895,1001667,1.847423095,1.834933166
7,1843722,1000260,1000260,1000573,1001719,1.842666152,1.840558081
7,1843529,1000157,1000157,1000156,1001302,1.843241454,1.841131846
7,1843415,1000105,1000105,1000052,1001198,1.843319147,1.841209231
7,1830854,1000677,1000677,980781,1001875,1.866730697,1.827427573
7,1843924,1000364,1000364,1000417,1001771,1.843155404,1.840664184
7,1843393,1000105,1000105,1000052,1001198,1.843297149,1.841187258
7,1843555,1000209,1000209,1000156,1001302,1.843267450,1.841157813
7,1832388,1000105,1000105,965364,1001354,1.898131689,1.829910301
7,1843412,1000104,1000104,1000469,1001875,1.842547845,1.839962071
7,1843445,1000156,1000156,1000157,1001250,1.843155625,1.841143571
7,1844050,1000468,1000468,1000469,1001562,1.843185546,1.841174086
7,1823608,1000208,1000208,982707,1001615,1.855698596,1.820667622
7,1843366,1000104,1000104,1000052,1001563,1.843270150,1.840489315
7,1843882,1000364,1000364,1000365,1001510,1.843209229,1.841101936
7,1843284,1000052,1000052,1000000,1001146,1.843284000,1.841174015
7,1838133,1000468,1000468,995105,1001614,1.847174921,1.835171034
7,1843171,999947,999947,999948,1001093,1.843266850,1.841158614
7,1843874,1000365,1000365,1000312,1001459,1.843298891,1.841187707
7,1843709,1000313,1000313,1000261,1001406,1.843227918,1.841120385
7,1825343,1000677,1000677,978021,1001875,1.866363810,1.821926887
7,1844093,1000469,1000469,1000469,1001927,1.843228526,1.840546267
7,1844232,1000521,1000521,1000573,1001615,1.843175860,1.841258368
7,1843942,1000417,1000417,1000365,1001823,1.843269207,1.840586611
7,1833272,1000469,1000469,976407,1001927,1.877569497,1.829746079
7,1843106,999947,999947,999948,1001145,1.843201846,1.840998057
7,1843573,1000209,1000209,1000208,1001302,1.843189617,1.841175789
7,1843619,1000260,1000260,1000208,1001354,1.843235607,1.841126115
7,1827060,1000469,1000469,978541,1001979,1.867126671,1.823451390
7,1843715,1000260,1000260,1000209,1001510,1.843329744,1.840935188
7,1843951,1000365,1000365,1000364,1001510,1.843280046,1.841170832
7,1843176,1000000,1000000,1000000,1001459,1.843176000,1.840490724
7,1835055,1000209,1000209,995833,1001458,1.842733671,1.832383385
7,1843959,1000416,1000416,1000417,1001823,1.843190390,1.840603580
7,1843651,1000208,1000208,1000209,1001354,1.843265757,1.841158072
7,1844034,1000468,1000468,1000469,1001510,1.843169553,1.841253707
7,1827586,1000521,1000521,978958,1002083,1.866868650,1.823787052
7,1843385,1000104,1000104,1000156,1001562,1.843097477,1.840510123
7,1843743,1000260,1000260,1000260,1001406,1.843263751,1.841154337
7,1843338,1000052,1000052,1000052,1001198,1.843242151,1.841132323
7,1836376,1000521,1000521,983229,1002031,1.867699183,1.832653880
7,1844189,1000521,1000521,1000521,1001667,1.843228678,1.841119853
7,1843796,1000312,1000312,1000260,1001458,1.843316738,1.841111659
7,1843637,1000208,1000208,1000208,1001615,1.843253603,1.840664327
7,1828548,1000208,1000208,981199,1001771,1.863585267,1.825315366
7,1843647,1000208,1000208,1000208,1001354,1.843263601,1.841154077
7,1843321,1000052,1000052,1000052,1001250,1.843225152,1.841019725
7,1843312,1000052,1000052,1000053,1001198,1.843214310,1.841106355
7,1838986,1000521,1000521,995781,1001771,1.846777555,1.835734913
7,1843442,1000156,1000156,1000104,1001302,1.843250302,1.841044959
7,1843667,1000260,1000260,1000261,1001354,1.843185928,1.841174050
7,1844125,1000520,1000520,1000469,1001614,1.843260511,1.841153378
7,1828689,1000417,1000417,982760,1001927,1.860768652,1.825171894
7,1843417,1000105,1000105,1000104,1001302,1.843225305,1.841019992
7,1843466,1000157,1000157,1000104,1001615,1.843274299,1.840493603
7,1843919,1000416,1000416,1000365,1001510,1.843246215,1.841138880
7,1833500,1000208,1000208,983125,1001406,1.864971392,1.830925718
7,1843209,1000000,1000000,1000000,1001145,1.843209000,1.841100939
7,1843768,1000313,1000313,1000312,1001459,1.843192924,1.841081862
7,1844070,1000468,1000468,1000469,1001614,1.843205537,1.841098467
7,1828275,1000208,1000208,984323,1001823,1.857393356,1.824948120
7,1843211,1000000,1000000,1000000,1001198,1.843211000,1.841005475
7,1843572,1000208,1000208,1000209,1001354,1.843186774,1.841079179
7,1843713,1000260,1000260,1000208,1001354,1.843329587,1.841219988
7,1834141,1000156,1000156,988749,1001615,1.855011737,1.831183638
7,1844043,1000417,1000417,1000364,1001562,1.843372013,1.841167097
7,1843304,1000104,1000104,1000052,1001198,1.843208153,1.841098364
7,1843229,1000000,1000000,1000000,1001146,1.843229000,1.841119078
7,1828220,1000208,1000208,982501,1001771,1.860781821,1.824987946
7,1844008,1000469,1000469,1000469,1001562,1.843143566,1.841132152
7,1843120,999948,999948,999948,1001094,1.843215847,1.841105830
7,1843505,1000156,1000156,1000208,1001302,1.843121631,1.841107878
7,1836938,1000677,1000677,986251,1001927,1.862546147,1.833405029
7,1843242,1000053,1000053,1000000,1001511,1.843242000,1.840461063
7,1843727,1000261,1000261,1000312,1001667,1.843151937,1.840658622
7,1843492,1000208,1000208,1000209,1001302,1.843106791,1.841094894
7,1830156,1000521,1000521,984427,1001771,1.859107887,1.826920524
7,1843628,1000260,1000260,1000208,1001719,1.843244605,1.840464242
7,1843452,1000157,1000157,1000104,1001250,1.843260301,1.841150562
7,1844049,1000469,1000469,1000417,1001563,1.843280352,1.841171249
7,1837029,1000052,1000052,994897,1001302,1.846451442,1.834640298
7,1844053,1000469,1000469,1000416,1001615,1.843286193,1.841079656
7,1844166,1000521,1000521,1000469,1001615,1.843301492,1.841192474
7,1843506,1000156,1000156,1000104,1001250,1.843314295,1.841204494
7,1831413,1000521,1000521,985937,1002031,1.857535522,1.827700939
7,1843119,999948,999948,999948,1001042,1.843214847,1.841200469
7,1843232,1000000,1000000,1000000,1001146,1.843232000,1.841122074
7,1843502,1000156,1000156,1000156,1001250,1.843214459,1.841200499
7,1836366,1000468,1000468,982396,1001666,1.869272676,1.833311703
7,1843800,1000313,1000313,1000261,1001771,1.843318894,1.840540403
7,1843677,1000261,1000261,1000208,1001354,1.843293595,1.841184037
7,1843845,1000365,1000365,1000312,1001511,1.843269900,1.841063154
7,1831274,1000730,1000730,980000,1002240,1.868646939,1.827181114
7,1843714,1000261,1000261,1000208,1001407,1.843330587,1.841123539
7,1844233,1000573,1000573,1000573,1001666,1.843176860,1.841165618
7,1843794,1000313,1000313,1000364,1001771,1.843123103,1.840534414
7,1836386,1000313,1000313,995781,1001510,1.844166539,1.833617238
7,1843668,1000260,1000260,1000209,1001354,1.843282754,1.841175049
7,1843496,1000156,1000156,1000105,1001250,1.843302453,1.841194507
7,1844067,1000468,1000468,1000417,1001614,1.843298345,1.841095472
7,1827834,1000677,1000677,981927,1002188,1.861476464,1.823843431
7,1843194,1000000,1000000,1000000,1001146,1.843194000,1.841084118
7,1843419,1000104,1000104,1000104,1001198,1.843227304,1.841213227
7,1843965,1000416,1000416,1000365,1001563,1.843292198,1.841087380
7,1832888,1000208,1000208,980155,1001458,1.869998113,1.830219540
7,1843772,1000312,1000312,1000261,1001718,1.843290901,1.840609832
7,1843637,1000209,1000209,1000260,1001354,1.843157779,1.841144091
7,1843114,999948,999948,999948,1001094,1.843209847,1.841099837
7,1825821,1000156,1000156,980938,1001719,1.861301122,1.822687800
7,1843618,1000209,1000209,1000208,1001406,1.843234607,1.841029513
7,1843511,1000209,1000209,1000156,1001302,1.843223457,1.841113870
7,1843500,1000209,1000209,1000156,1001250,1.843212459,1.841198502
7,1836474,1000520,1000520,995156,1001719,1.845413181,1.833322519
7,1843199,999948,999948,1000000,1001146,1.843199000,1.841089112
7,1844042,1000469,1000469,1000417,1001563,1.843273355,1.841164260
7,1844079,1000468,1000468,1000469,1001875,1.843214532,1.840627823
7,1798403,1000572,1000572,958959,1002084,1.875370063,1.794662922
7,1843830,1000365,1000365,1000312,1001562,1.843254904,1.840954429
7,1844198,1000573,1000573,1000521,1001615,1.843237673,1.841224423
7,1843496,1000157,1000157,1000156,1001302,1.843208459,1.841098889
7,1835740,1000208,1000208,981926,1001406,1.869529883,1.833162573
7,1843536,1000156,1000156,1000104,1001250,1.843344292,1.841234457
7,1843596,1000208,1000208,1000209,1001302,1.843210769,1.841198759
7,1843287,1000052,1000052,1000052,1001198,1.843191154,1.841081385
7,1829905,1000260,1000260,983542,1001771,1.860525529,1.826669967
7,1843999,1000417,1000417,1000365,1001823,1.843326186,1.840643507
7,1843683,1000261,1000261,1000260,1001406,1.843203767,1.841094421
7,1844062,1000468,1000468,1000417,1001615,1.843293347,1.841088642
7,1834909,1000208,1000208,995676,1001458,1.842877603,1.832237598
7,1843819,1000313,1000313,1000313,1001458,1.843242065,1.841134626
7,1843606,1000260,1000260,1000209,1001355,1.843220767,1.841111294
7,1844160,1000520,1000520,1000521,1001615,1.843199693,1.841186484
7,1831994,1000313,1000313,984009,1001875,1.861765492,1.828565440
7,1843326,1000052,1000052,1000000,1001302,1.843326000,1.840929110
7,1843327,1000052,1000052,1000052,1001198,1.843231152,1.841121337
7,1843588,1000209,1000209,1000208,1001510,1.843204613,1.840808379
7,1835063,1000208,1000208,983386,1001719,1.866065817,1.831913940
7,1843451,1000052,1000052,1000104,1001198,1.843259301,1.841245188
7,1843123,999948,999948,999947,1001093,1.843220691,1.841110666
7,1843251,1000000,1000000,1000000,1001198,1.843251000,1.841045428
7,1828190,1000520,1000520,982187,1002136,1.861346159,1.824293309
7,1843298,1000052,1000052,1000000,1001250,1.843298000,1.840996754
7,1843317,1000052,1000052,1000052,1001198,1.843221153,1.841111349
7,1843576,1000209,1000209,1000156,1001302,1.843288447,1.841178785
7,1835785,1000104,1000104,989739,1001614,1.854817280,1.832826818
7,1844078,1000469,1000469,1000416,1001562,1.843311183,1.841202042
7,1844110,1000521,1000521,1000521,1001927,1.843149719,1.840563235
7,1844036,1000469,1000469,1000469,1001563,1.843171553,1.841158270
7,1827970,1000573,1000573,982292,1002135,1.860923229,1.824075599
7,1843515,1000156,1000156,1000157,1001354,1.843225614,1.841022256
7,1843378,1000104,1000104,1000105,1001250,1.843184466,1.841076654
7,1843533,1000208,1000208,1000209,1001302,1.843147782,1.841135841
7,1834831,1000469,1000469,982917,1001667,1.866720181,1.831777427
7,1843921,1000416,1000416,1000417,1001459,1.843152405,1.841234639
7,1843178,1000000,1000000,999948,1001093,1.843273850,1.841165606
7,1843240,1000052,1000052,1000052,1001146,1.843144157,1.841130065
7,1828299,1000313,1000313,985053,1001823,1.856041249,1.824972076
7,1843288,1000052,1000052,1000052,1001250,1.843192154,1.840986767
7,1844022,1000468,1000468,1000417,1001511,1.843253363,1.841239887
7,1843746,1000260,1000260,1000260,1001406,1.843266751,1.841157333
7,1837811,1000313,1000313,995156,1001458,1.846756689,1.835135373
7,1843754,1000312,1000312,1000261,1001406,1.843272906,1.841165322
7,1843884,1000364,1000364,1000365,1001511,1.843211228,1.841102095
7,1843444,1000156,1000156,1000104,1001250,1.843252302,1.841142572
7,1827635,1000104,1000104,983958,1001614,1.857431923,1.824689950
7,1844183,1000469,1000469,1000469,1001562,1.843318484,1.841306879
7,1843735,1000260,1000260,1000261,1001719,1.843253911,1.840571058
7,1843554,1000209,1000209,1000156,1001302,1.843266450,1.841156814
7,1834939,1000104,1000104,985469,1001614,1.861995659,1.831982181
7,1843214,1000052,1000052,1000000,1001093,1.843214000,1.841201567
7,1843138,999948,999948,999948,1001094,1.843233848,1.841123811
7,1843425,1000156,1000156,1000156,1001250,1.843137471,1.841123596
7,1826614,1000313,1000313,980833,1001823,1.862308874,1.823290142
7,1843332,1000053,1000053,1000052,1001250,1.843236152,1.841030712
7,1843433,1000157,1000157,1000104,1001250,1.843241303,1.841131586
7,1843987,1000417,1000417,1000417,1001562,1.843218378,1.841111184
7,1838172,1000156,1000156,995730,1001615,1.846054653,1.835208139
7,1843289,1000052,1000052,1000052,1001198,1.843193154,1.841083382
7,1843400,1000104,1000104,1000156,1001198,1.843112474,1.841194249
7,1844144,1000521,1000521,1000469,1001614,1.843279502,1.841172348
7,1828387,1000573,1000573,982396,1002032,1.861150697,1.824679252
7,1843548,1000209,1000209,1000208,1001354,1.843164622,1.841055211
7,1843323,1000052,1000052,1000052,1001198,1.843227152,1.841117341
7,1844001,1000469,1000469,1000417,1001510,1.843232372,1.841220757
7,1836087,1000416,1000416,980364,1001927,1.872862529,1.832555665
7,1843574,1000209,1000209,1000156,1001302,1.843286447,1.841176788
7,1843887,1000365,1000365,1000365,1001562,1.843214227,1.841011340
7,1843395,1000104,1000104,1000105,1001511,1.843201464,1.840613832
7,1828748,1000261,1000261,981041,1001771,1.864089268,1.825515013
7,1843331,1000052,1000052,1000104,1001250,1.843139314,1.841029713
7,1843848,1000365,1000365,1000313,1001458,1.843271056,1.841163583
7,1843519,1000156,1000156,1000157,1001302,1.843229613,1.841121859
7,1837735,1000416,1000416,992866,1001615,1.850939603,1.834771843
7,1843715,1000313,1000313,1000208,1001406,1.843331587,1.841126376
7,1843368,1000105,1000105,1000104,1001198,1.843176310,1.841162288
7,1843349,1000052,1000052,1000052,1001198,1.843253151,1.841143310
7,1828522,1000261,1000261,979218,1001875,1.867328828,1.825099938
7,1843871,1000364,1000364,1000417,1001615,1.843102426,1.840897950
7,1843505,1000157,1000157,1000104,1001302,1.843313295,1.841107878
7,1843581,1000208,1000208,1000209,1001354,1.843195772,1.841088167
7,1833513,1000573,1000573,976458,1001771,1.877718243,1.830271589
7,1844018,1000469,1000469,1000469,1001615,1.843153561,1.841044713
7,1844086,1000521,1000521,1000469,1001562,1.843221529,1.841210030
7,1836286,1000208,1000208,1000157,1001354,1.835997748,1.833803031
7,1823517,1000312,1000312,983230,1001875,1.854618960,1.820104304
7,1843467,1000156,1000156,1000156,1001615,1.843179464,1.840494601
7,1843209,1000365,1000365,1000365,1001510,1.842536474,1.840429951
7,1843600,1000208,1000208,1000209,1001407,1.843214768,1.841009699
7,1836840,1000417,1000417,993333,1001719,1.849168406,1.833687891
7,1843162,999948,999948,999948,1001094,1.843257849,1.841147784
7,1843572,1000209,1000209,1000208,1001354,1.843188617,1.841079179
7,1844104,1000469,1000469,1000677,1002031,1.842856386,1.840366216
7,1825864,1000208,1000208,979948,1001615,1.863225396,1.822919984
7,1843962,1000417,1000417,1000417,1001823,1.843193388,1.840606574
7,1844051,1000469,1000469,1000573,1001875,1.842994964,1.840599875
7,1844216,1000521,1000521,1000625,1001979,1.843064085,1.840573505
7,1833119,1000521,1000521,967917,1001875,1.893880364,1.829688334
7,1843610,1000209,1000209,1000208,1001250,1.843226609,1.841308365
7,1841217,1000052,1000052,1000052,1001250,1.841121262,1.838918352
7,1843180,1000000,1000000,1000000,1001250,1.843180000,1.840878901
7,1830531,1000052,1000052,982031,1001407,1.864025677,1.827959062
7,1843502,1000157,1000157,1000156,1001198,1.843214459,1.841296127
7,1844092,1000521,1000521,1000468,1001458,1.843229369,1.841407228
7,1844434,1000677,1000677,1000729,1001771,1.843090387,1.841173282
7,1839847,1000469,1000469,991197,1001562,1.856187014,1.836977641
7,1843833,1000313,1000313,1000365,1001406,1.843160247,1.841244211
7,1844335,1000625,1000625,1000677,1001719,1.843087230,1.841170029
7,1844132,1000469,1000469,1000469,1001510,1.843267508,1.841351559
7,1830798,1000312,1000312,983854,1001511,1.860843174,1.828035838
7,1843471,1000104,1000104,1000104,1001198,1.843279299,1.841265164
7,1843874,1000365,1000365,1000364,1001302,1.843203074,1.841476398
7,1843287,1000052,1000052,1000052,1001041,1.843191154,1.841370134
7,2009878,1000572,1000572,978021,1001771,2.055045853,2.006324799
7,2092959,1000052,1000052,1000052,1000989,2.092850172,2.090891109
7,2092496,1000157,1000157,1000156,1001250,2.092169622,2.089883645
7,2093445,1000313,1000313,1000312,1001198,2.092792049,2.090940054
7,2083207,1000520,1000520,985469,1002084,2.113924436,2.078874625
7,2093201,1000208,1000208,1000209,1001094,2.092763612,2.090913541
7,2093205,1000157,1000157,1000208,1001094,2.092769704,2.090917536
7,2092899,1000053,1000053,1000000,1000990,2.092899000,2.090829079
7,2086397,1000156,1000156,997135,1001146,2.092391702,2.084008726
7,1970698,1000313,1000313,1000365,1001198,1.969978958,1.968339929
7,1840723,1000052,1000052,1000052,1000989,1.840627287,1.838904324
7,1843421,1000104,1000104,1000104,1000990,1.843229304,1.841597818
7,1827024,1000313,1000313,980728,1001510,1.862926316,1.824269353
7,1843745,1000312,1000312,1000260,1001355,1.843265751,1.841250106
7,1843294,1000052,1000052,1000052,1001094,1.843198154,1.841279640
7,1843510,1000209,1000209,1000104,1001146,1.843318295,1.841399756
7,1837820,1000469,1000469,985522,1001510,1.864818847,1.835049076
7,1843331,1000052,1000052,1000104,1001094,1.843139314,1.841316600
7,1842437,1000365,1000365,1000365,1001354,1.841764756,1.839945714
7,1842530,999635,999635,999583,1001042,1.843298656,1.840612082
7,1831750,1000052,1000052,987344,1001198,1.855229788,1.829558189
7,1843825,1000364,1000364,1000313,1001250,1.843248063,1.841523096
7,1843638,1000208,1000208,1000208,1001250,1.843254603,1.841336330
7,1843443,1000105,1000105,1000104,1001094,1.843251302,1.841428477
7,1839843,1000521,1000521,996562,1001615,1.846190202,1.836876445
7,1843593,1000209,1000209,1000208,1001146,1.843209612,1.841482661
7,1843732,1000313,1000313,1000312,1001354,1.843156935,1.841238962
7,1843764,1000313,1000313,1000260,1001354,1.843284746,1.841270919
7,1831778,1000469,1000469,986769,1001614,1.856339224,1.828826274
7,1844263,1000625,1000625,1000573,1001562,1.843206842,1.841386754
7,1843890,1000364,1000364,1000365,1001354,1.843217226,1.841396749
7,1843392,1000104,1000104,1000052,1001094,1.843296149,1.841377533
7,1833264,1000833,1000833,975521,1002135,1.879266566,1.829358320
7,1844329,1000625,1000625,1000677,1001823,1.843081234,1.840972906
7,1831971,1000365,1000365,1000417,1001406,1.831207387,1.829398865
7,1844080,1000468,1000468,1000469,1001458,1.843215532,1.841395246
7,1833111,1000364,1000364,986145,1001511,1.858865583,1.830345348
7,1843021,999896,999896,999896,1000937,1.843212694,1.841295706
7,1842254,1000312,1000312,1000313,1001354,1.841677555,1.839762961
7,1852261,1007448,1007448,1003386,1008542,1.846010409,1.836572993
7,1844140,1000521,1000521,1000521,1001562,1.843179703,1.841263946
7,1843493,1000156,1000156,1000156,1001146,1.843205460,1.841382775
7,1843724,1000261,1000261,1000469,1001562,1.842859699,1.840848594
7,1836855,1000260,1000260,990418,1001354,1.854626027,1.834371261
7,1838533,1000520,1000520,994688,1001563,1.848351443,1.835663857
7,1844176,1000521,1000521,1000521,1001510,1.843215685,1.841395493
7,1843840,1000312,1000312,1000313,1001302,1.843263059,1.841442442
7,1862187,1028646,1028646,975625,1030469,1.908711851,1.807125687
7,2064059,1000156,1000156,999843,1001458,2.064383108,2.061053983
7,2093101,1000156,1000156,1000156,1000937,2.092774527,2.091141600
7,2093618,1000364,1000364,1000521,1001458,2.092527793,2.090569949
7,2086741,1000365,1000365,991406,1001302,2.104829908,2.084027596
7,2076492,1000625,1000625,986458,1001614,2.104997881,2.073145942
7,2093406,1000312,1000312,1000313,1001354,2.092750969,2.090575361
7,2093415,1000313,1000313,1000312,1001094,2.092762058,2.091127307
7,2088400,1000156,1000156,997345,1001094,2.093959462,2.086117787
7,2093105,1000157,1000157,1000156,1001146,2.092778527,2.090709047
7,2093472,1000312,1000312,1000365,1001198,2.092708162,2.090967022
7,2092673,999948,999948,999948,1000833,2.092781825,2.090931254
7,1822417,1000417,1000417,991510,1001458,1.838021805,1.819763784
7,1839339,1000260,1000260,995834,1001354,1.847033743,1.836851903
7,1842860,1000156,1000156,1000157,1001146,1.842570716,1.840750500
7,1843351,1000105,1000105,1000052,1000990,1.843255151,1.841527887
7,1839413,1000312,1000312,997656,1001250,1.843734714,1.837116604
7,1843244,1000000,1000000,999948,1000886,1.843339854,1.841612331
7,1843836,1000365,1000365,1000364,1001250,1.843165088,1.841534082
7,1843662,1000260,1000260,1000261,1001146,1.843180930,1.841551582
7,1844613,1005520,1005520,994792,1006458,1.854270038,1.832776927
7,1843506,1000104,1000104,1000105,1001042,1.843312452,1.841587066
7,1843917,1000364,1000364,1000417,1001406,1.843148407,1.841328093
7,1843311,1000052,1000052,1000052,1000990,1.843215153,1.841487927
7,1822021,1000312,1000312,971405,1001250,1.875655365,1.819746317
7,1843365,1000104,1000104,1000052,1001146,1.843269150,1.841254922
7,1843782,1000312,1000312,1000313,1001250,1.843205077,1.841480150
7,1843760,1000312,1000312,1000261,1001146,1.843278904,1.841649470
7,1834336,1000416,1000416,987187,1001406,1.858144404,1.831760545
7,1844095,1000521,1000521,1000468,1001511,1.843232367,1.841312776
7,1843813,1000313,1000313,1000365,1001250,1.843140254,1.841511111
7,1844299,1000573,1000573,1000625,1001562,1.843147033,1.841422698
7,1834368,1000260,1000260,980729,1001302,1.870412724,1.831982758
7,1843816,1000312,1000312,1000313,1001302,1.843239066,1.841418473
7,1843388,1000052,1000052,1000053,1001042,1.843290306,1.841469189
7,1843161,999947,999947,1000000,1000989,1.843161000,1.841339915
7,1830263,1000104,1000104,984062,1001302,1.859906185,1.827883096
7,1843943,1000417,1000417,1000364,1001459,1.843272049,1.841256607
7,1843832,1000365,1000365,1000365,1001354,1.843159247,1.841338827
7,1844147,1000521,1000521,1000521,1001510,1.843186700,1.841366537
7,1838727,1000052,1000052,995729,1001094,1.846613888,1.836717631
7,1843541,1000209,1000209,1000156,1001146,1.843253452,1.841430720
7,1843230,1000000,1000000,1000053,1000886,1.843132314,1.841598344
7,1841767,1000000,1000000,1000000,1000937,1.841767000,1.840042880
7,1831422,1000729,1000729,986146,1001875,1.857150970,1.827994510
7,1843309,1000052,1000052,1000052,1001094,1.843213153,1.841294624
7,1844151,1000520,1000520,1000469,1001510,1.843286499,1.841370530
7,1843795,1000312,1000312,1000313,1001406,1.843218073,1.841206264
7,1830665,1000625,1000625,966666,1001927,1.893792685,1.827144093
7,1843206,1000000,1000000,1000000,1001250,1.843206000,1.840904869
7,1844149,1000521,1000521,1000521,1001563,1.843188699,1.841271093
7,1843300,1000052,1000052,1000104,1001302,1.843108317,1.840903144
7,1827288,1000208,1000208,978699,1001250,1.867058207,1.825006742
7,1843822,1000364,1000364,1000313,1001615,1.843245064,1.840849029
7,1843735,1000313,1000313,1000260,1001302,1.843255754,1.841337578
7,1843790,1000313,1000313,1000312,1001355,1.843214917,1.841295045
7,1838269,1000469,1000469,997292,1001615,1.843260550,1.835304982
7,1843418,1000104,1000104,1000052,1001146,1.843322147,1.841307861
7,1843377,1000105,1000105,1000052,1001145,1.843281149,1.841268747
7,1844073,1000469,1000469,1000469,1001511,1.843208535,1.841290810
7,1828504,1000469,1000469,987553,1001667,1.851550246,1.825460957
7,1843608,1000260,1000260,1000208,1001302,1.843224609,1.841210744
7,1843859,1000364,1000364,1000365,1001406,1.843186237,1.841270174
7,1844041,1000469,1000469,1000416,1001458,1.843274198,1.841356303
7,1835600,1000365,1000365,992604,1001511,1.849277255,1.832830593
7,1843291,1000052,1000052,1000052,1001198,1.843195154,1.841085380
7,1843170,999948,999948,999948,1000990,1.843265850,1.841347066
7,1843933,1000416,1000416,1000313,1001406,1.843356030,1.841344070
7,1827513,1000417,1000417,985261,1001667,1.854851659,1.824471606
7,1844079,1000521,1000521,1000469,1001510,1.843214532,1.841298639
7,1843294,1000052,1000052,1000000,1001250,1.843294000,1.840992759
7,1843315,1000052,1000052,1000052,1001250,1.843219153,1.841013733
7,1834689,1000364,1000364,993594,1001510,1.846517793,1.831922797
7,1843597,1000156,1000156,1000208,1001198,1.843213612,1.841391014
7,1843547,1000208,1000208,1000157,1001406,1.843257609,1.840958612
7,1843923,1000365,1000365,1000364,1001458,1.843252056,1.841238474
7,1832140,1000313,1000313,985261,1001719,1.859547876,1.828995956
7,1843454,1000104,1000104,1000105,1001146,1.843260458,1.841343820
7,1843344,1000052,1000052,1000052,1001093,1.843248151,1.841331425
7,1843224,1000000,1000000,1000000,1001094,1.843224000,1.841209717
7,1835294,1000104,1000104,982136,1001354,1.868676029,1.832812372
7,1843980,1000417,1000417,1000417,1001719,1.843211381,1.840815638
7,1843215,1000000,1000000,1000052,1001406,1.843119158,1.840627078
7,1843436,1000104,1000104,1000105,1001250,1.843242460,1.841134582
7,1828221,1000677,1000677,977135,1001979,1.871001448,1.824610097
7,1843689,1000313,1000313,1000260,1001771,1.843209765,1.840429599
7,1844211,1000573,1000573,1000572,1001614,1.843156714,1.841239240
7,1843313,1000104,1000104,1000104,1001146,1.843121315,1.841202981
7,1835832,1000417,1000417,995417,1001615,1.844284355,1.832871912
7,1843753,1000261,1000261,1000260,1001406,1.843273749,1.841164323
7,1843658,1000261,1000261,1000260,1001354,1.843178774,1.841165063
7,1843898,1000417,1000417,1000365,1001667,1.843225223,1.840829337
7,1829223,1000208,1000208,983072,1001719,1.860721290,1.826083962
7,1843604,1000208,1000208,1000261,1001302,1.843122945,1.841206749
7,1843867,1000313,1000313,1000364,1001510,1.843196077,1.841086959
7,1844044,1000417,1000417,1000469,1001563,1.843179549,1.841166257
7,1838504,1000521,1000521,983334,1001718,1.869663817,1.835350867
7,1843320,1000052,1000052,1000000,1001146,1.843320000,1.841209973
7,1843171,999948,999948,1000000,1001146,1.843171000,1.841061144
7,1844210,1000573,1000573,1000573,1001667,1.843153873,1.841140818
7,1831036,1000521,1000521,985678,1001666,1.857641136,1.827990568
7,1843998,1000364,1000364,1000313,1001771,1.843421009,1.840738053
7,1844097,1000468,1000468,1000469,1001928,1.843232524,1.840548423
7,1843601,1000208,1000208,1000157,1001355,1.843311600,1.841106301
7,1767976,1000260,1000260,932084,1001407,1.896799001,1.765491953
7,1844054,1000469,1000469,1000468,1001615,1.843191386,1.841080655
7,1843835,1000364,1000364,1000313,1001406,1.843258060,1.841246208
7,1844079,1000468,1000468,1000469,1001980,1.843214532,1.840434939
7,1806340,1000573,1000573,965417,1001875,1.871046398,1.802959451
7,1843543,1000156,1000156,1000208,1001302,1.843159623,1.841145828
7,1843592,1000208,1000208,1000208,1001302,1.843208613,1.841194764
7,1843790,1000313,1000313,1000260,1001406,1.843310739,1.841201271
7,1820681,1000573,1000573,964531,1001875,1.887633472,1.817273612
7,1843262,1000052,1000052,1000053,1001510,1.843164312,1.840482871
7,1844017,1000417,1000417,1000416,1001719,1.843250208,1.840852574
7,1843588,1000208,1000208,1000209,1001303,1.843202771,1.841188931
7,1829509,1000208,1000208,982656,1001666,1.861800060,1.826466107
7,1843771,1000312,1000312,1000313,1001459,1.843194080,1.841084857
7,1843387,1000104,1000104,1000052,1001198,1.843291149,1.841181265
7,1843145,1000000,1000000,1000000,1001145,1.843145000,1.841037013
7,1834556,1000053,1000053,995677,1001198,1.842521219,1.832360832
7,1843789,1000312,1000312,1000313,1001407,1.843212075,1.841198434
7,1844017,1000468,1000468,1000469,1001510,1.843152561,1.841236733
7,1844204,1000521,1000521,1000520,1001875,1.843245512,1.840752589
7,1827885,1000573,1000573,979583,1002031,1.865982770,1.824180090
7,1843827,1000365,1000365,1000313,1001511,1.843250063,1.841045181
7,1844001,1000416,1000416,1000417,1001510,1.843232372,1.841220757
7,1843142,1000000,1000000,999948,1001094,1.843237848,1.841127806
7,1836711,1000416,1000416,983229,1001562,1.868039897,1.833846532
7,1844018,1000469,1000469,1000416,1001615,1.843251207,1.841044713
7,1843489,1000156,1000156,1000104,1001145,1.843297297,1.841380619
7,1843424,1000157,1000157,1000104,1001250,1.843232304,1.841122597
7,1829622,1000625,1000625,985573,1001927,1.856404345,1.826103099
7,1843602,1000260,1000260,1000209,1001510,1.843216768,1.840822358
7,1844115,1000521,1000521,1000468,1001510,1.843252358,1.841334585
7,1844099,1000469,1000469,1000469,1001511,1.843234523,1.841316770
7,1836353,1000052,1000052,996562,1001197,1.842688162,1.834157513
7,1843985,1000416,1000416,1000417,1001511,1.843216379,1.841202942
7,1842982,1000052,1000052,1000052,1001093,1.842886170,1.840969820
7,1844014,1000469,1000469,1000417,1001511,1.843245367,1.841231899
7,1830104,1000416,1000416,985781,1001719,1.856501596,1.826963450
7,1843542,1000209,1000209,1000156,1001198,1.843254452,1.841336079
7,1843199,1000000,1000000,1000052,1001042,1.843103159,1.841280386
7,1843377,1000208,1000208,1000209,1001407,1.842991815,1.840787013
7,1812716,993072,993072,966667,1001718,1.875222802,1.809607095
7,1843534,1000208,1000208,1000156,1001302,1.843246454,1.841136840
7,1843440,1000156,1000156,1000157,1001198,1.843150625,1.841234201
7,1843451,1000156,1000156,1000157,1001250,1.843161624,1.841149563
7,1828947,1000729,1000729,981510,1002396,1.863401290,1.824575318
7,1843769,1000261,1000261,1000312,1001458,1.843193923,1.841084699
7,1843113,1000052,1000052,1000104,1001198,1.842921336,1.840907593
7,1843141,999947,999947,999948,1001094,1.843236848,1.841126807
7,1838696,1000261,1000261,995780,1001458,1.846488180,1.836019084
7,1843929,1000416,1000416,1000365,1001823,1.843256211,1.840573634
7,1843488,1000156,1000156,1000156,1001250,1.843200461,1.841186517
7,1843151,1000000,1000000,999948,1001094,1.843246849,1.841136796
7,1829998,1000469,1000469,982551,1001979,1.862496705,1.826383587
7,1843403,1000105,1000105,1000104,1001250,1.843211306,1.841101623
7,1843839,1000365,1000365,1000365,1001667,1.843166244,1.840770436
7,1843819,1000469,1000469,1000416,1001510,1.843052290,1.841039031
7,1835736,1000625,1000625,985573,1001771,1.862607843,1.832490659
7,1843391,1000105,1000105,1000104,1001198,1.843199307,1.841185260
7,1843513,1000209,1000209,1000156,1001302,1.843225457,1.841115867
7,1843765,1000313,1000313,1000260,1001406,1.843285746,1.841176306
7,1825663,1000365,1000365,985208,1001458,1.853073666,1.823005059
7,1843639,1000312,1000312,1000313,1001198,1.843062122,1.841432963
7,1843570,1000209,1000209,1000208,1001042,1.843186617,1.841651000
7,1843896,1000365,1000365,1000364,1001250,1.843225066,1.841594007
7,1838252,1000260,1000260,994168,1001146,1.849035575,1.836147775
7,1844007,1000521,1000521,1000521,1001354,1.843046773,1.841513591
7,1843423,1000261,1000261,1000260,1001146,1.842943835,1.841312855
7,1843739,1000260,1000260,1000260,1001146,1.843259752,1.841628494
7,1828118,1000833,1000833,986303,1001770,1.853505464,1.824887948
7,1843906,1000365,1000365,1000364,1001510,1.843235062,1.841125900
7,1844120,1000469,1000469,1000469,1001615,1.843255513,1.841146548
7,1843445,1000260,1000260,1000208,1001354,1.843061643,1.840952351
7,1825197,1000417,1000417,983592,1001614,1.855644414,1.822255879
7,1841392,1000104,1000104,1000052,1001303,1.841296253,1.838995788
7,1843519,1000156,1000156,1000209,1001459,1.843133785,1.840833224
7,1843639,1000260,1000260,1000209,1001250,1.843253760,1.841337328
7,1825465,1000416,1000416,982292,1001771,1.858373070,1.822237817
7,1843767,1000312,1000312,1000261,1001407,1.843285902,1.841176465
7,1843887,1000416,1000416,1000365,1001407,1.843214227,1.841296296
7,1843831,1000364,1000364,1000313,1001355,1.843254061,1.841335990
7,1837934,1000260,1000260,991303,1001511,1.854058749,1.835161072
7,1843703,1000209,1000209,1000208,1001198,1.843319590,1.841496887
7,1843277,1000052,1000052,1000052,1001042,1.843181155,1.841358305
7,1844015,1000416,1000416,1000417,1001407,1.843246366,1.841424116
7,1826095,1000468,1000468,982343,1001875,1.858917914,1.822677480
7,1843141,999948,999948,999947,1001145,1.843238692,1.841033017
7,1844119,1000521,1000521,1000678,1002188,1.842869534,1.840092877
7,1832349,1000469,1000469,1000469,1001614,1.831490031,1.829396354
7,1824768,1000260,1000260,951928,1001771,1.916918086,1.821542049
7,1843119,999948,999948,999947,1001407,1.843216690,1.840529375
7,1843660,1000261,1000261,1000260,1001666,1.843180773,1.840593571
7,1841833,1000364,1000364,1000417,1001771,1.841065276,1.838576880
7,1827646,1000416,1000416,979687,1001823,1.865540729,1.824320264
7,1843919,1000365,1000365,1000365,1001354,1.843246215,1.841425710
7,1843704,1000260,1000260,1000313,1001302,1.843127101,1.841306619
7,1843759,1000313,1000313,1000312,1001302,1.843183927,1.841361547
7,1838892,1000365,1000365,995521,1001667,1.847165454,1.835831669
7,1843905,1000416,1000416,1000417,1001302,1.843136412,1.841507357
7,1843696,1000260,1000260,1000313,1001354,1.843119104,1.841203011
7,1843983,1000417,1000417,1000468,1001562,1.843120420,1.841107191
7,1831398,1000365,1000365,985469,1001406,1.858402446,1.828826670
7,1843776,1000312,1000312,1000313,1001406,1.843199079,1.841187291
7,1843364,1000104,1000104,1000105,1000989,1.843170467,1.841542714
7,1843549,1000209,1000209,1000208,1001094,1.843165622,1.841534361
7,1940170,1000156,1000156,976250,1001146,1.987370038,1.937949110
7,2091852,1000208,1000208,1000261,1001198,2.091306169,2.089348960
7,2093284,1000573,1000573,1000625,1001615,2.091976515,2.089908797
7,2092714,999947,999947,999948,1000938,2.092822827,2.090752874
7,2082151,1000156,1000156,985938,1001094,2.111847804,2.079875616
7,2093298,1000209,1000209,1000156,1001094,2.092971496,2.091010435
7,2093661,1000416,1000416,1000521,1001511,2.092570771,2.090502251
7,2093122,1000156,1000156,1000157,1001041,2.092793431,2.090945326
7,2083959,1000104,1000104,993438,1001094,2.097724267,2.081681640
7,2093540,1000364,1000364,1000365,1001146,2.092776137,2.091143549
7,2048471,1000260,1000260,1000312,1001250,2.047832076,2.045913608
7,1839481,1000469,1000469,1000468,1001406,1.838620526,1.836898321
7,1805249,1000677,1000677,964635,1001823,1.871432200,1.801964020
7,1843959,1000416,1000416,1000417,1001927,1.843190390,1.840412525
7,1843458,1000156,1000156,1000104,1001302,1.843266300,1.841060939
7,1843292,1000052,1000052,1000052,1001250,1.843196154,1.840990762
7,1833522,1000104,1000104,977395,1001406,1.875927337,1.830947688
7,1843686,1000260,1000260,1000260,1001407,1.843206766,1.841095579
7,1843338,1000052,1000052,1000052,1001302,1.843242151,1.840941095
7,1843677,1000260,1000260,1000261,1001303,1.843195926,1.841277815
7,1829266,1000208,1000208,980051,1001407,1.866500825,1.826695839
7,1843864,1000365,1000365,1000364,1001354,1.843193078,1.841370784
7,1843770,1000312,1000312,1000260,1001250,1.843290744,1.841468165
7,1843424,1000156,1000156,1000105,1001042,1.843230461,1.841505152
7,1839401,1000312,1000312,995887,1001354,1.846997702,1.836913819
7,1843631,1000261,1000261,1000208,1001094,1.843247604,1.841616272
7,1842831,1000573,1000573,1000573,1001459,1.841775663,1.840146227
7,1843895,1000365,1000365,1000364,1001354,1.843224066,1.841401742
7,1831500,1000052,1000052,987500,1001145,1.854683544,1.829405331
7,1844321,1000625,1000625,1000573,1001511,1.843264809,1.841538435
7,1841222,1000313,1000313,1000312,1001198,1.840647718,1.839018855
7,1843888,1000365,1000365,1000364,1001354,1.843217069,1.841394752
7,1822671,1000365,1000365,978594,1001510,1.862540543,1.819922916
7,1842281,1000208,1000208,1000261,1001354,1.841800290,1.839789924
7,1844374,1000625,1000625,1000729,1001771,1.843030431,1.841113388
7,1843540,1000209,1000209,1000208,1001198,1.843156623,1.841334082
7,1834078,1000313,1000313,987656,1001458,1.857000818,1.831407807
7,1843169,999948,999948,999948,1000886,1.843264850,1.841537398
7,1843275,1000052,1000052,1000052,1001042,1.843179155,1.841356307
7,1843538,1000209,1000209,1000156,1001146,1.843250453,1.841427724
7,1838765,1000104,1000104,995676,1001146,1.846750349,1.836660187
7,1843482,1000156,1000156,1000208,1001198,1.843098635,1.841276151
7,1844423,1000677,1000677,1000834,1001822,1.842886033,1.841068573
7,1844338,1000625,1000625,1000677,1001719,1.843090228,1.841173024
7,1825024,1000729,1000729,981613,1001875,1.859209281,1.821608484
7,1843721,1000261,1000261,1000312,1001302,1.843145938,1.841323597
7,1843937,1000417,1000417,1000364,1001250,1.843266051,1.841634956
7,1843767,1000313,1000313,1000312,1001146,1.843191924,1.841656462
7,1977638,1000208,1000208,979897,1001407,2.018210077,1.974859373
7,2093389,1000260,1000260,1000417,1001302,2.092516421,2.090666952
7,2092592,1000208,1000208,1000209,1001042,2.092154740,2.090413789
7,2092985,1000104,1000104,1000052,1000885,2.092876170,2.091134346
7,2079928,1000365,1000365,983698,1001302,2.114396898,2.077223455
7,2093057,1000104,1000104,1000105,1001093,2.092837252,2.090771786
7,2093108,1000157,1000157,1000104,1000938,2.092890339,2.091146505
7,2093198,1000209,1000209,1000208,1000990,2.092762705,2.091127783
7,2088356,1000416,1000416,996042,1001459,2.096654559,2.085313528
7,2093542,1000364,1000364,1000365,1001145,2.092778136,2.091147636
7,1918172,1000313,1000313,1000364,1001406,1.917474039,1.915478837
7,1840395,1000417,1000417,1000364,1001354,1.839725340,1.837906475
7,1828810,1000469,1000469,980365,1001510,1.865437873,1.826052660
7,1843679,1000417,1000417,1000364,1001510,1.843008145,1.840899242
7,1843644,1000260,1000260,1000261,1001458,1.843162934,1.840959880
7,1844153,1000521,1000521,1000521,1001979,1.843192697,1.840510629
7,1832444,1000417,1000417,974584,1001979,1.880231976,1.828824756
7,1843511,1000157,1000157,1000156,1001302,1.843223457,1.841113870
7,1844254,1000573,1000573,1000573,1001666,1.843197848,1.841186583
7,1842764,999948,999948,999948,1001094,1.842859829,1.840750219
7,1825346,1000521,1000521,973906,1001927,1.874252751,1.821835323
7,1843731,1000417,1000417,1000364,1001823,1.843060126,1.840375995
7,1843440,1000364,1000364,1000365,1001510,1.842767390,1.840660602
7,1843478,1000156,1000156,1000156,1001250,1.843190462,1.841176529
7,1836927,1000208,1000208,994063,1001406,1.847897970,1.834347907
7,1843207,1000313,1000313,1000313,1001458,1.842630257,1.840523517
7,1843704,1000521,1000521,1000469,1001563,1.842839708,1.840826788
7,1842888,1000052,1000052,1000000,1001459,1.842888000,1.840203144
7,1815126,1000573,1000573,970052,1001875,1.871163608,1.811729008
7,1843513,1000156,1000156,1000104,1001250,1.843321295,1.841211486
7,1844002,1000417,1000417,1000416,1001823,1.843235214,1.840646501
7,1843204,1000000,1000000,1000000,1001250,1.843204000,1.840902871
7,1833985,1000625,1000625,991198,1001875,1.850271086,1.830552714
7,1843352,1000469,1000469,1000469,1001823,1.842487873,1.839997684
7,1844055,1000468,1000468,1000417,1001562,1.843286350,1.841179078
7,1843762,1000313,1000313,1000260,1001407,1.843282746,1.841171472
7,1799405,1000521,1000521,954323,1002083,1.885530371,1.795664631
7,1843860,1000365,1000365,1000364,1001563,1.843189079,1.840982544
7,1843173,1000000,1000000,1000000,1001146,1.843173000,1.841063142
7,1843871,1000365,1000365,1000365,1001510,1.843198233,1.841090953
7,1838264,1000364,1000364,995417,1001615,1.846727552,1.835299991
7,1843267,1000052,1000052,1000000,1001458,1.843267000,1.840583429
7,1843395,1000104,1000104,1000105,1001250,1.843201464,1.841093633
7,1843107,999948,999948,999948,1001094,1.843202847,1.841092844
7,1829662,1000105,1000105,981093,1001614,1.864922082,1.826713684
7,1843779,1000313,1000313,1000260,1001406,1.843299742,1.841190286
7,1844135,1000468,1000468,1000469,1001667,1.843270506,1.841065943
7,1843658,1000261,1000261,1000260,1001407,1.843178774,1.841067618
7,1836344,1000469,1000469,981407,1001718,1.871133994,1.833194572
7,1843212,1000000,1000000,1000000,1001458,1.843212000,1.840528509
7,1844216,1000573,1000573,1000521,1001666,1.843255664,1.841148646
7,1843215,1000000,1000000,1000000,1001094,1.843215000,1.841200726
7,1779299,1000104,1000104,951094,1001302,1.870791951,1.776985365
7,1843993,1000417,1000417,1000364,1001615,1.843322031,1.841019753
7,1843546,1000208,1000208,1000209,1001510,1.843160779,1.840766443
7,1843782,1000313,1000313,1000312,1001719,1.843206919,1.840617978
7,1837565,1000625,1000625,991407,1001823,1.853492057,1.834221215
7,1843602,1000208,1000208,1000208,1001354,1.843218611,1.841109138
7,1843908,1000365,1000365,1000364,1001511,1.843237062,1.841126059
7,1843568,1000209,1000209,1000208,1001303,1.843184618,1.841168957
7,1829305,1000261,1000261,982917,1001719,1.861098140,1.826165821
7,1843397,1000105,1000105,1000104,1001302,1.843205307,1.841000018
7,1843939,1000417,1000417,1000416,1001459,1.843172240,1.841252612
7,1843440,1000104,1000104,1000104,1001354,1.843248302,1.840947357
7,1836276,1000052,1000052,992812,1001823,1.849570714,1.832934560
7,1843382,1000105,1000105,1000104,1001250,1.843190308,1.841080649
7,1843885,1000417,1000417,1000365,1001510,1.843212228,1.841104932
7,1843444,1000104,1000104,1000052,1001198,1.843348146,1.841238197
7,1822798,1000364,1000364,974791,1001771,1.869937248,1.819575532
7,1843421,1000156,1000156,1000104,1001250,1.843229304,1.841119600
7,1843938,1000364,1000364,1000365,1001510,1.843265208,1.841157852
7,1844115,1000469,1000469,1000521,1001667,1.843154716,1.841045976
7,1836287,1000000,1000000,993491,1001250,1.848317700,1.833994507
7,1843804,1000313,1000313,1000260,1001771,1.843324736,1.840544396
7,1843369,1000104,1000104,1000105,1001563,1.843175467,1.840492311
7,1843941,1000417,1000417,1000417,1001563,1.843172397,1.841063418
7,1777548,1000312,1000312,946406,1001875,1.878208718,1.774221335
7,1843354,1000052,1000052,1000104,1001198,1.843162311,1.841148304
7,1843588,1000208,1000208,1000209,1001302,1.843202771,1.841190770
7,1843112,999948,999948,999947,1001094,1.843209690,1.841097839
7,1836490,1000364,1000364,980730,1001614,1.872574511,1.833530681
7,1844117,1000521,1000521,1000469,1001667,1.843252515,1.841047973
7,1843900,1000364,1000364,1000365,1001510,1.843227222,1.841119909
7,1843117,999948,999948,999895,1001406,1.843310548,1.840529216
7,1817716,1000261,1000261,971823,1001511,1.870418790,1.814973575
7,1843616,1000208,1000208,1000261,1001354,1.843134942,1.841123119
7,1843247,1000052,1000052,1000052,1001406,1.843151156,1.840659033
7,1845051,1004062,1004062,999844,1005208,1.845338873,1.835491759
7,1843282,1000000,1000000,1000052,1001146,1.843186154,1.841172017
7,1843792,1000313,1000313,1000312,1001407,1.843216916,1.841201430
7,1844072,1000469,1000469,1000469,1001562,1.843207536,1.841196052
7,1846917,1025625,1025625,1016510,1026771,1.816919656,1.798762334
7,1837644,1000104,1000104,968542,1001458,1.897330214,1.834968616
7,1843177,1000000,1000000,999948,1001407,1.843272850,1.840587294
7,1843501,1000156,1000156,1000156,1001302,1.843213459,1.841103883
7,1836549,1000520,1000520,980520,1001770,1.873035736,1.833304052
7,1843781,1000364,1000364,1000261,1001406,1.843299899,1.841192284
7,1843216,1000000,1000000,1000000,1001250,1.843216000,1.840914856
7,1843195,1000000,1000000,999948,1001041,1.843290851,1.841278229
7,1835773,1000312,1000312,991875,1001510,1.850810838,1.833005162
7,1836389,1000417,1000417,993437,1001615,1.848520842,1.833428014
7,1843092,999948,999948,999948,1000938,1.843187846,1.841364800
7,1843164,1000000,1000000,1000000,1000885,1.843164000,1.841534242
7,1835677,1000313,1000313,995103,1001302,1.844710548,1.833290056
7,1843729,1000313,1000313,1000312,1001250,1.843153936,1.841427216
7,1843675,1000261,1000261,1000208,1001302,1.843291595,1.841277656
7,1844027,1000469,1000469,1000416,1001354,1.843260204,1.841533564
7,1838062,1000104,1000104,992864,1001094,1.851272682,1.836053358
7,1838641,1000208,1000208,994636,1001406,1.848556658,1.836059500
7,1843418,1000105,1000105,1000104,1001146,1.843226304,1.841307861
7,1843900,1000417,1000417,1000364,1001406,1.843229065,1.841311117
7,1834216,1000313,1000313,982187,1001563,1.867481447,1.831353594
7,1839498,998021,998021,998020,1001354,1.843147432,1.837010688
7,1843564,1000208,1000208,1000156,1001302,1.843276449,1.841166801
7,1843944,1000417,1000417,1000416,1001562,1.843177238,1.841068251
7,1842012,1007396,1007396,986145,1008542,1.867891639,1.826410799
7,1843873,1000365,1000365,1000364,1001771,1.843202074,1.840613274
7,1843736,1000260,1000260,1000313,1001406,1.843159091,1.841147347
7,1843359,1000104,1000104,1000052,1001198,1.843263150,1.841153298
7,1838547,1000260,1000260,996041,1001458,1.845854739,1.835870301
7,1843250,1000052,1000052,1000052,1001198,1.843154156,1.841044429
7,1843745,1000261,1000261,1000260,1001354,1.843265751,1.841251945
7,1843544,1000209,1000209,1000156,1001302,1.843256452,1.841146827
7,1825780,1000521,1000521,985104,1001719,1.853388069,1.822646870
7,1843922,1000365,1000365,1000364,1001823,1.843251057,1.840566647
7,1843578,1000208,1000208,1000156,1001563,1.843290447,1.840700984
7,1844021,1000468,1000468,1000417,1001562,1.843252364,1.841145131
7,1835463,1000677,1000677,983021,1001927,1.867165605,1.831932865
7,1843397,1000104,1000104,1000052,1001354,1.843301148,1.840904415
7,1843772,1000313,1000313,1000260,1001406,1.843292744,1.841183296
7,1843831,1000365,1000365,1000313,1001459,1.843254061,1.841144770
7,1827992,1000260,1000260,981407,1001510,1.862623764,1.825235894
7,1843788,1000312,1000312,1000209,1001771,1.843402729,1.840528424
7,1843318,1000052,1000052,1000000,1001198,1.843318000,1.841112347
7,1843670,1000261,1000261,1000260,1001354,1.843190770,1.841177046
7,1838322,1000313,1000313,995364,1001563,1.846884155,1.835453187
7,1844052,1000417,1000417,1000416,1001823,1.843285193,1.840696410
7,1843726,1000312,1000312,1000261,1001406,1.843244913,1.841137361
7,1843237,1000000,1000000,1000052,1001146,1.843141157,1.841127068
7,1828170,1000573,1000573,981301,1001822,1.863006356,1.824845132
7,1843218,1000000,1000000,1000000,1001510,1.843218000,1.840438937
7,1842990,999844,999844,999844,1001094,1.843277551,1.840975972
7,1843847,1000365,1000365,1000364,1001458,1.843176084,1.841162585
7,1833684,1000104,1000104,985261,1001250,1.861114974,1.831394757
7,1843911,1000417,1000417,1000365,1001823,1.843238218,1.840555667
7,1843459,1000157,1000157,1000156,1001250,1.843171465,1.841157553
7,1843303,1000052,1000052,1000052,1001094,1.843207153,1.841288630
7,1828484,1000260,1000260,985104,1001458,1.856132957,1.825821952
7,1843420,1000105,1000105,1000156,1001302,1.843132471,1.841022988
7,1843497,1000156,1000156,1000104,1001042,1.843305296,1.841578076
7,1843850,1000364,1000364,1000417,1001198,1.843081435,1.841643711
7,1828537,1000677,1000677,998072,1001718,1.832069229,1.825400961
7,1842608,1000313,1000313,1000312,1001302,1.842033286,1.840212044
7,1844027,1000417,1000417,1000521,1001563,1.843066762,1.841149284
7,1842766,1000678,1000678,1000781,1001718,1.841327923,1.839605558
7,1829605,1000052,1000052,982916,1000990,1.861405247,1.827795482
7,1843996,1000417,1000417,1000417,1001354,1.843227374,1.841502605
7,1843943,1000365,1000365,1000416,1001302,1.843176239,1.841545308
7,1844141,1000469,1000469,1000468,1001458,1.843278346,1.841456157
7,1841701,1000000,1000000,995470,1001042,1.850081871,1.839783945
7,2089457,1000416,1000416,1000417,1001302,2.088586060,2.086740064
7,2093791,1000468,1000468,1000625,1001510,2.092483198,2.090634142
7,2092598,1000208,1000208,1000209,1001042,2.092160738,2.090419783
7,2078054,1000833,1000833,982031,1001823,2.116077802,2.074272601
7,2091370,999323,999323,999271,1001354,2.092895721,2.088542114
7,2093722,1000469,1000469,1000417,1001198,2.092849282,2.091216722
7,2092969,1000052,1000052,1000052,1000938,2.092860171,2.091007635
7,2087953,1000156,1000156,996250,1001042,2.095812296,2.085779618
7,2093940,1000573,1000573,1000573,1001458,2.092740859,2.090891480
7,2086122,1000156,1000156,1000156,1001094,2.085796616,2.083842277
7,1826796,1000000,1000000,999739,1001354,1.827272918,1.824325863
7,1831126,1000313,1000313,987500,1001302,1.854304810,1.828744974
7,1843404,1000105,1000105,1000104,1001094,1.843212306,1.841389520
7,1843275,1000000,1000000,1000052,1001146,1.843179155,1.841165025
7,1843416,1000156,1000156,1000104,1001198,1.843224305,1.841210230
7,1826171,1000469,1000469,978386,1001666,1.866513830,1.823133659
7,1839335,1000364,1000364,1000313,1001406,1.838759468,1.836752526
7,1843493,1000156,1000156,1000104,1001250,1.843301297,1.841191511
7,1843487,1000156,1000156,1000157,1001406,1.843197618,1.840898696
7,1818061,1000469,1000469,967967,1001614,1.878226221,1.815131378
7,1844119,1000469,1000469,1000521,1001875,1.843158714,1.840667748
7,1844171,1000521,1000521,1000573,1001666,1.843114895,1.841103721
7,1843916,1000417,1000417,1000417,1001511,1.843147408,1.841134046
7,1838118,1000364,1000364,994271,1001718,1.848709255,1.834965529
7,1843370,1000104,1000104,1000052,1001145,1.843274150,1.841261755
7,1844191,1000520,1000520,1000469,1001563,1.843326480,1.841313028
7,1843418,1000156,1000156,1000104,1001146,1.843226304,1.841307861
7,1828799,1000521,1000521,984790,1001666,1.857044649,1.825757288
7,1844124,1000521,1000521,1000469,1001770,1.843259511,1.840865668
7,1843701,1000260,1000260,1000261,1001562,1.843219920,1.840825630
7,1842321,1000521,1000521,1000469,1001563,1.841457356,1.839445946
7,1833246,1000729,1000729,977292,1001979,1.875842635,1.829625172
7,1843526,1000156,1000156,1000209,1001250,1.843140784,1.841224469
7,1843768,1000313,1000313,1000312,1001406,1.843192924,1.841179302
7,1843116,1000000,1000000,999948,1000938,1.843211847,1.841388777
7,1828026,1000156,1000156,980938,1001302,1.863548970,1.825649005
7,1843778,1000312,1000312,1000313,1001197,1.843201078,1.841573636
7,1843889,1000417,1000417,1000364,1001302,1.843218069,1.841491378
7,1843341,1000105,1000105,1000104,1000990,1.843149312,1.841517897
7,1838913,1000052,1000052,995678,1001094,1.846895281,1.836903428
7,1843830,1000364,1000364,1000313,1001250,1.843253062,1.841528090
7,1843990,1000469,1000469,1000521,1001511,1.843029781,1.841207935
7,1833306,1000677,1000677,1000730,1001771,1.831968663,1.830064955
7,1827135,1000156,1000156,983542,1001303,1.857709178,1.824757341
7,1843392,1000104,1000104,1000052,1001093,1.843296149,1.841379372
7,1843494,1000521,1000521,1000469,1001459,1.842629807,1.840808261
7,1843519,1000157,1000157,1000156,1001146,1.843231456,1.841408746
7,1822293,1000261,1000261,970051,1001406,1.878553808,1.819734453
7,1843481,1000157,1000157,1000208,1001094,1.843097636,1.841466436
7,1844210,1000573,1000573,1000520,1001510,1.843251509,1.841429442
7,1844553,1000729,1000729,1000781,1001823,1.843113528,1.841196499
7,1829693,1000677,1000677,979426,1001875,1.868127863,1.826268746
7,1843889,1000417,1000417,1000416,1001458,1.843122261,1.841204524
7,1843475,1000105,1000105,1000156,1001146,1.843187463,1.841364796
7,1843195,1000000,1000000,1000000,1000937,1.843195000,1.841469543
7,1839340,1000365,1000365,997396,1001407,1.844142146,1.836755685
7,1843689,1000260,1000260,1000261,1001197,1.843207923,1.841484743
7,1843235,1000000,1000000,1000000,1000990,1.843235000,1.841412002
7,1843774,1000312,1000312,1000417,1001458,1.843005467,1.841089691
7,1829283,1000156,1000156,982395,1001302,1.862064648,1.826904371
7,1843828,1000313,1000313,1000469,1001406,1.842963650,1.841239218
7,1843719,1000312,1000312,1000261,1001198,1.843237915,1.841512868
7,1843425,1000105,1000105,1000104,1001042,1.843233304,1.841506151
7,1892591,1000521,1000521,977396,1001614,1.936360493,1.889541280
7,2090097,1000052,1000052,1000000,1000886,2.090097000,2.088246813
7,2092960,1000052,1000052,1000052,1000989,2.092851172,2.090892108
7,2092457,1000052,1000052,1000052,1000990,2.092348198,2.090387516
7,2078308,1000157,1000157,983333,1001094,2.113534276,2.076036816
7,2092711,999948,999948,999948,1000833,2.092819827,2.090969223
7,2092883,1000052,1000052,1000052,1000833,2.092774176,2.091141079
7,2092979,1000104,1000104,1000104,1001042,2.092761353,2.090800386
7,2088963,1000520,1000520,997709,1001510,2.093759804,2.085813422
7,2093413,1000312,1000312,1000261,1001093,2.092866762,2.091127398
7,2093451,1000313,1000313,1000312,1001094,2.092798047,2.091163267
7,2003666,1000209,1000209,1000260,1001094,2.003145182,2.001476385
7,1826237,999948,999948,980834,1001614,1.861922609,1.823294203
7,1843709,1000260,1000260,1000261,1001303,1.843227918,1.841309773
7,1843773,1000312,1000312,1000313,1001250,1.843196080,1.841471161
7,1842268,1000313,1000313,1000312,1001198,1.841693392,1.840063604
7,1805032,1000156,1000156,958489,1001302,1.883205754,1.802684904
7,1843785,1000313,1000313,1000260,1001354,1.843305741,1.841291891
7,1844149,1000521,1000521,1000521,1001354,1.843188699,1.841655399
7,1843241,1000052,1000052,1000052,1000886,1.843145156,1.841609334
7,1831682,1000416,1000416,986564,1001459,1.856627649,1.829013469
7,1844332,1000625,1000625,1000625,1001562,1.843180012,1.841455646
7,1842325,999948,999948,1000000,1001406,1.842325000,1.839738328
7,1843812,1000312,1000312,1000312,1001407,1.843236910,1.841221401
7,1833853,1000261,1000261,991457,1001458,1.849654599,1.831183135
7,1843415,1000052,1000052,1000000,1001406,1.843415000,1.840826798
7,1843909,1000365,1000365,1000364,1001459,1.843238061,1.841222656
7,1843473,1000261,1000261,1000208,1001406,1.843089637,1.840884716
7,1826078,1000261,1000261,977864,1001458,1.867415101,1.823419454
7,1843283,1000156,1000156,1000156,1001667,1.842995493,1.840215361
7,1843402,1000312,1000312,1000313,1001406,1.842825196,1.840813816
7,1843639,1000260,1000260,1000261,1001406,1.843157936,1.841050483
7,1835855,1000208,1000208,976615,1001667,1.879814461,1.832799723
7,1843426,1000104,1000104,1000104,1001302,1.843234304,1.841028980
7,1843855,1000469,1000469,1000469,1001562,1.842990637,1.840979390
7,1843986,1000469,1000469,1000416,1001823,1.843219221,1.840630531
7,1827476,1000208,1000208,974063,1001719,1.876137375,1.824339960
7,1843663,1000364,1000364,1000313,1001458,1.843086114,1.840978853
7,1843584,1000416,1000416,1000417,1001823,1.842815546,1.840229262
7,1843890,1000416,1000416,1000365,1001511,1.843217226,1.841108086
7,1834756,1000104,1000104,991927,1001250,1.849688536,1.832465418
7,1842960,1000104,1000104,1000104,1001146,1.842768352,1.840850385
7,1843562,1000313,1000313,1000260,1001406,1.843082798,1.840973591
7,1843244,1000104,1000104,1000104,1001250,1.843052323,1.840942821
7,1824970,1000416,1000416,983125,1001979,1.856294978,1.821365518
7,1843592,1000208,1000208,1000208,1001407,1.843208613,1.841001711
7,1844105,1000521,1000521,1000469,1001614,1.843240520,1.841133411
7,1843325,1000365,1000365,1000416,1001511,1.842558496,1.840543938
7,1782870,1000261,1000261,945312,1002031,1.886012237,1.779256330
7,1842966,1000260,1000260,1000261,1001406,1.842485111,1.840378428
7,1842866,1000000,1000000,1000052,1001198,1.842770176,1.840660888
7,1844153,1000521,1000521,1000469,1001615,1.843288498,1.841179495
7,1827226,1000261,1000261,982083,1001458,1.860561684,1.824565783
7,1844209,1000469,1000469,1000416,1001667,1.843442128,1.841139820
7,1842874,1000053,1000053,1000000,1001146,1.842874000,1.840764484
7,1843522,1000157,1000157,1000156,1001302,1.843234455,1.841124855
7,1836218,1000104,1000104,990364,1001302,1.854083953,1.833830353
7,1844111,1000520,1000520,1000469,1001615,1.843246517,1.841137563
7,1844111,1000521,1000521,1000468,1001615,1.843248360,1.841137563
7,1842819,1000000,1000000,1000000,1001094,1.842819000,1.840805159
7,1811161,1000521,1000521,969271,1001770,1.868580614,1.807960909
7,1843757,1000313,1000313,1000313,1001458,1.843180085,1.841072716
7,1843312,1000260,1000260,1000261,1001354,1.842831021,1.840819530
7,1843527,1000260,1000260,1000261,1001667,1.843045965,1.840458955
7,1834472,1000313,1000313,983019,1001458,1.866161285,1.831801234
7,1844179,1000521,1000521,1000520,1001667,1.843220525,1.841109870
7,1843679,1000208,1000208,1000157,1001302,1.843389588,1.841281651
7,1844202,1000521,1000521,1000521,1001615,1.843241671,1.841228416
7,1774399,1000417,1000417,938021,1001718,1.891641019,1.771355811
7,1843045,1000209,1000209,1000208,1001302,1.842661726,1.840648476
7,1843571,1000313,1000313,1000260,1001354,1.843091796,1.841078180
7,1843272,1000000,1000000,1000000,1001041,1.843272000,1.841355149
7,1837479,1000364,1000364,996667,1001458,1.843623798,1.834803856
7,1843831,1000313,1000313,1000416,1001458,1.843064285,1.841146608
7,1843291,1000000,1000000,1000052,1001302,1.843195154,1.840894156
7,1843955,1000521,1000521,1000469,1001510,1.843090591,1.841174826
7,1826133,1000312,1000312,984792,1001510,1.854333707,1.823379697
7,1843056,1000052,1000052,999947,1000938,1.843153687,1.841328834
7,1843651,1000209,1000209,1000208,1001146,1.843267600,1.841540594
7,1843213,1000312,1000312,1000312,1001197,1.842638097,1.841009312
7,1839538,1000364,1000364,997813,1001511,1.843569887,1.836762652
7,1844211,1000521,1000521,1000520,1001406,1.843252509,1.841621680
7,1843309,1000052,1000052,1000052,1000989,1.843213153,1.841487769
7,1843031,1000000,1000000,1000000,1000937,1.843031000,1.841305697
7,1831428,1000729,1000729,984480,1002084,1.860299854,1.827619242
7,1843915,1000417,1000417,1000364,1001615,1.843244059,1.840941879
7,1843292,1000052,1000052,1000000,1001198,1.843292000,1.841086379
7,1842842,1000000,1000000,1000000,1001146,1.842842000,1.840732521
7,1837081,1000521,1000521,996980,1001718,1.842645790,1.833930308
7,1843930,1000365,1000365,1000364,1001458,1.843259054,1.841245464
7,1843091,999947,999947,999948,1001354,1.843186846,1.840598829
7,1843891,1000468,1000468,1000469,1001562,1.843026621,1.841015334
7,1828628,1000417,1000417,983594,1001928,1.859128868,1.825109189
7,1843366,1000416,1000416,1000469,1001771,1.842501867,1.840107170
7,1843345,1000052,1000052,1000052,1001198,1.843249151,1.841139315
7,1844091,1000469,1000469,1000469,1001823,1.843226527,1.840735339
7,1831349,1000625,1000625,970625,1001980,1.886772956,1.827730094
7,1843361,1000052,1000052,1000052,1001146,1.843265150,1.841250926
7,1843885,1000416,1000416,1000313,1001458,1.843308045,1.841200530
7,1843573,1000208,1000208,1000209,1001198,1.843187774,1.841367042
7,1829551,1000312,1000312,983074,1001614,1.861051152,1.826602863
7,1843823,1000365,1000365,1000312,1001354,1.843247907,1.841329839
7,1843746,1000261,1000261,1000312,1001354,1.843170931,1.841252944
7,1843598,1000209,1000209,1000208,1001250,1.843214611,1.841296380
7,1836434,1000313,1000313,996978,1001407,1.842000526,1.833853768
7,1844001,1000417,1000417,1000469,1001510,1.843136569,1.841220757
7,1843941,1000416,1000416,1000417,1001458,1.843172397,1.841256448
7,1844178,1000521,1000521,1000521,1001511,1.843217684,1.841395651
7,1830314,1000417,1000417,981457,1001719,1.864894743,1.827173089
7,1843840,1000365,1000365,1000312,1001667,1.843264901,1.840771434
7,1843649,1000260,1000260,1000208,1001510,1.843265601,1.840869287
7,1843450,1000156,1000156,1000105,1001146,1.843256458,1.841339825
7,1836328,1000156,1000156,985416,1001562,1.863505362,1.833464129
7,1843748,1000313,1000313,1000260,1001406,1.843268750,1.841159330
7,1844178,1000520,1000520,1000521,1001614,1.843217684,1.841206293
7,1843425,1000156,1000156,1000104,1001198,1.843233304,1.841219219
7,1829608,1000260,1000260,981614,1001459,1.863877247,1.826942491
7,1844105,1000520,1000520,1000469,1001614,1.843240520,1.841133411
7,1843534,1000156,1000156,1000156,1001302,1.843246454,1.841136840
7,1843365,1000104,1000104,1000052,1001197,1.843269150,1.841161130
7,1835701,1000208,1000208,995833,1001407,1.843382374,1.833121798
7,1843399,1000105,1000105,1000052,1001458,1.843303148,1.840715237
7,1843731,1000260,1000260,1000209,1001458,1.843345741,1.841046754
7,1843750,1000312,1000312,1000260,1001406,1.843270750,1.841161327
7,1827149,1000521,1000521,982656,1001875,1.859398406,1.823729507
7,1843993,1000417,1000417,1000417,1001563,1.843224375,1.841115337
7,1843945,1000416,1000416,1000365,1001510,1.843272206,1.841164841
7,1843761,1000313,1000313,1000312,1001459,1.843185926,1.841074872
7,1833531,1000104,1000104,983280,1001198,1.864708933,1.831337058
7,1843961,1000417,1000417,1000416,1001407,1.843194231,1.841370192
7,1843836,1000313,1000313,1000364,1001407,1.843165088,1.841245368
7,1843639,1000209,1000209,1000208,1001459,1.843255603,1.840953050
7,1825097,1000157,1000157,977343,1001354,1.867406837,1.822629160
7,1843944,1000364,1000364,1000365,1001354,1.843271206,1.841450676
7,1843851,1000313,1000313,1000312,1001354,1.843275898,1.841357802
7,1843707,1000313,1000313,1000260,1001250,1.843227761,1.841405243
7,1836864,1000417,1000417,991719,1001615,1.852202085,1.833902248
7,1844150,1000469,1000469,1000469,1001510,1.843285499,1.841369532
7,1843340,1000104,1000104,1000052,1001042,1.843244151,1.841421239
7,1843746,1000313,1000313,1000260,1001303,1.843266751,1.841346725
7,1828884,1000625,1000625,982501,1001823,1.861457647,1.825556011
7,1844108,1000469,1000469,1000468,1001459,1.843245361,1.841421366
7,1843736,1000313,1000313,1000260,1001354,1.843256753,1.841242957
7,1843980,1000417,1000417,1000417,1001406,1.843211381,1.841391004
7,1835806,1000677,1000677,987136,1001771,1.859729561,1.832560535
7,1843525,1000209,1000209,1000156,1001198,1.843237455,1.841319100
7,1843699,1000261,1000261,1000260,1001198,1.843219763,1.841492892
7,1843691,1000260,1000260,1000209,1001198,1.843305749,1.841484901
7,1829001,1000468,1000468,981302,1001667,1.863851291,1.825957129
7,1843175,1000000,1000000,1000000,1001041,1.843175000,1.841258250
7,1843288,1000052,1000052,1000052,1001094,1.843192154,1.841273647
7,1843824,1000312,1000312,1000365,1001354,1.843151250,1.841330838
7,1829875,1000416,1000416,997032,1001718,1.835322236,1.826736666
7,1841290,1000730,1000730,1000885,1002136,1.839661899,1.837365388
7,1843983,1000468,1000468,1000417,1001510,1.843214380,1.841202784
7,1843649,1000573,1000573,1000729,1001979,1.842305959,1.840007625
7,1831321,1000417,1000417,986979,1001771,1.855481221,1.828083464
7,1843519,1000156,1000156,1000157,1001458,1.843229613,1.840835062
7,1841384,1000313,1000313,1000312,1001510,1.840809667,1.838607702
7,1843746,1000313,1000313,1000312,1001615,1.843170931,1.840773151
7,1835300,1000156,1000156,975312,1001510,1.881756812,1.832532875
7,1844174,1000625,1000625,1000625,1002083,1.843022111,1.840340571
7,1843655,1000261,1000261,1000208,1001667,1.843271600,1.840586742
7,1843200,1000209,1000209,1000208,1001354,1.842816694,1.840707682
7,1828020,1000209,1000209,981823,1001407,1.861863085,1.825451590
7,1844162,1000729,1000729,1001093,1002448,1.842148532,1.839658516
7,1844128,1000469,1000469,1000521,1001614,1.843167710,1.841156374
7,1843093,1000157,1000157,1000208,1001355,1.842709716,1.840598988
7,1834663,1000105,1000105,990624,1001303,1.852027611,1.832275545
7,1843869,1000365,1000365,1000468,1001458,1.843006473,1.841184553
7,1843917,1000417,1000417,1000365,1001354,1.843244216,1.841423712
7,1843374,1000105,1000105,1000052,1001041,1.843278150,1.841457043
7,1826614,1000104,1000104,982239,1001250,1.859643121,1.824333583
7,1843614,1000313,1000313,1000260,1001250,1.843134785,1.841312360
7,1843372,1000104,1000104,1000052,1001094,1.843276150,1.841357555
7,1843326,1000052,1000052,1000052,1001094,1.843230152,1.841311605
7,2007067,1000261,1000261,975676,1001459,2.057103998,2.004142955
7,2092721,1000000,1000000,1000000,1000885,2.092721000,2.090870580
7,2093594,1000417,1000417,1000365,1001250,2.092830117,2.090980275
7,2093548,1000365,1000365,1000468,1001407,2.092568678,2.090606517
7,2077963,1000521,1000521,984896,1001511,2.109829870,2.074827935
7,2093265,1000261,1000261,1000208,1001145,2.092829691,2.090870953
7,2093665,1000417,1000417,1000521,1001406,2.092574769,2.090725440
7,2093113,1000156,1000156,1000105,1001042,2.092893246,2.090934247
7,2087693,1000105,1000105,997239,1001093,2.093473079,2.085413643
7,1928495,1000052,1000052,1000104,1000938,1.928294457,1.926687767
7,1843775,1000313,1000313,1000260,1001355,1.843295743,1.841280066
7,1840833,1000156,1000156,1000156,1001042,1.840545875,1.838916849
7,1829432,1000468,1000468,984426,1001823,1.858374322,1.826103014
7,1843846,1000365,1000365,1000312,1001510,1.843270899,1.841065990
7,1843347,1000104,1000104,1000052,1001146,1.843251151,1.841236942
7,1843439,1000157,1000157,1000104,1001145,1.843247302,1.841330676
7,1837135,1000261,1000261,982448,1001459,1.869956476,1.834458525
7,1843370,1000104,1000104,1000053,1001250,1.843272307,1.841068664
7,1843723,1000312,1000312,1000313,1001302,1.843146095,1.841325594
7,1843640,1000260,1000260,1000209,1001250,1.843254760,1.841338327
7,1826195,1000156,1000156,981615,1001406,1.860398425,1.823630975
7,1843806,1000365,1000365,1000312,1001302,1.843230912,1.841408486
7,1842615,1000469,1000469,1000469,1001458,1.841751219,1.839932379
7,1843152,999948,999948,999947,1000886,1.843249692,1.841520413
7,1839419,1000104,1000104,995520,1001146,1.847696681,1.837313439
7,1843893,1000417,1000417,1000364,1001355,1.843222067,1.841397906
7,1843874,1000365,1000365,1000364,1001250,1.843203074,1.841572035
7,1844114,1000521,1000521,1000468,1001407,1.843251358,1.841522977
7,1832651,1000781,1000781,987760,1001875,1.855360614,1.829221210
7,1844234,1000573,1000573,1000573,1001511,1.843177859,1.841451567
7,1842972,1000625,1000625,1000677,1001718,1.841725152,1.839811204
7,1833876,1000521,1000521,1000625,1001615,1.832730543,1.830919066
7,1833989,1000989,1000989,980730,1002135,1.870024370,1.830081775
7,1843347,1000104,1000104,1000000,1001094,1.843347000,1.841332582
7,1843411,1000104,1000104,1000104,1001094,1.843219305,1.841396512
7,1843451,1000105,1000105,1000156,1001094,1.843163466,1.841436469
7,1832277,1000625,1000625,987136,1001719,1.856154572,1.829132721
7,1843935,1000417,1000417,1000364,1001458,1.843264052,1.841250457
7,1843447,1000156,1000156,1000104,1001146,1.843255301,1.841336828
7,1838785,1000104,1000104,995834,1001094,1.846477425,1.836775568
7,1844485,1000677,1000677,1000781,1001823,1.843045581,1.841128623
7,1843737,1000312,1000312,1000313,1001250,1.843160091,1.841435206
7,1843615,1000209,1000209,1000208,1001197,1.843231608,1.841410831
7,1837738,1000209,1000209,990990,1001250,1.854446564,1.835443695
7,1838204,1000365,1000365,993385,1001406,1.850444692,1.835623114
7,1843910,1000417,1000417,1000417,1001302,1.843141410,1.841512351
7,1843847,1000365,1000365,1000365,1001302,1.843174241,1.841449433
7,1836132,1000625,1000625,981197,1001563,1.871318400,1.833266604
7,2051384,1000416,1000416,1000313,1001406,2.050742118,2.048503804
7,2093265,1000260,1000260,1000208,1001041,2.092829691,2.091088177
7,2093389,1000312,1000312,1000261,1001094,2.092842768,2.091101335
7,2085683,1000521,1000521,988125,1001407,2.110748134,2.082752567
7,2087793,1000417,1000417,998281,1001354,2.091388096,2.084969951
7,2093355,1000261,1000261,1000260,1001355,2.092810869,2.090522342
7,2093092,1000104,1000104,1000104,1001042,2.092874341,2.090913268
7,2072142,1000469,1000469,992761,1001511,2.087251614,2.069015717
7,1826660,999896,999896,999895,1001146,1.826851819,1.824569044
7,1843435,1000156,1000156,1000105,1001093,1.843241460,1.841422325
7,1843908,1000417,1000417,1000364,1001563,1.843237062,1.841030469
7,1831927,1000104,1000104,983959,1001146,1.861792006,1.829830015
7,1837191,1000156,1000156,993230,1001302,1.849713561,1.834802088
7,1843940,1000417,1000417,1000364,1001823,1.843269050,1.840584614
7,1843643,1000208,1000208,1000208,1001302,1.843259602,1.841245698
7,1831444,1000156,1000156,972239,1001354,1.883738463,1.828967578
7,1843814,1000312,1000312,1000313,1001771,1.843237067,1.840554378
7,1843481,1000157,1000157,1000156,1001302,1.843193462,1.841083909
7,1843310,1000052,1000052,1000000,1001146,1.843310000,1.841199985
7,1834176,1000104,1000104,988646,1001354,1.855240399,1.831695884
7,1837723,1000416,1000416,992657,1001719,1.851317222,1.834569375
7,1844074,1000521,1000521,1000469,1001875,1.843209535,1.840622832
7,1844141,1000469,1000469,1000521,1001667,1.843180703,1.841071933
7,1836707,1000364,1000364,993489,1001510,1.848744173,1.833937754
7,1843312,1000052,1000052,1000052,1001459,1.843216153,1.840626526
7,1843333,1000104,1000104,1000052,1001198,1.843237152,1.841127329
7,1843251,1000000,1000000,1000000,1001459,1.843251000,1.840565615
7,1835267,1000573,1000573,983228,1001823,1.866573165,1.831927396
7,1843892,1000417,1000417,1000365,1001667,1.843219225,1.840823347
7,1843450,1000156,1000156,1000104,1001510,1.843258301,1.840670587
7,1844023,1000468,1000468,1000417,1001615,1.843254363,1.841049705
7,1837321,1000521,1000521,980053,1001823,1.874715959,1.833977659
7,1843759,1000313,1000313,1000313,1001458,1.843182084,1.841074713
7,1844209,1000521,1000521,1000521,1001615,1.843248667,1.841235405
7,1843456,1000156,1000156,1000156,1001250,1.843168466,1.841154557
7,1826342,1000156,1000156,983698,1001406,1.856608431,1.823777768
7,1843277,1000000,1000000,999948,1001406,1.843372855,1.840688991
7,1844097,1000469,1000469,1000469,1001615,1.843232524,1.841123585
7,1843550,1000209,1000209,1000156,1001302,1.843262451,1.841152819
7,1837300,1000313,1000313,995677,1001406,1.845277133,1.834720383
7,1843733,1000260,1000260,1000261,1001354,1.843251911,1.841239961
7,1844010,1000417,1000417,1000416,1001823,1.843243211,1.840654487
7,1843527,1000156,1000156,1000157,1001303,1.843237612,1.841128010
7,1828218,1000729,1000729,978387,1001927,1.868604141,1.824701800
7,1843620,1000261,1000261,1000208,1001719,1.843236607,1.840456256
7,1843599,1000208,1000208,1000209,1001355,1.843213768,1.841104304
7,1843296,1000052,1000052,1000053,1001145,1.843198310,1.841187840
7,1834598,1000104,1000104,985783,1001355,1.861056642,1.832115484
7,1843278,1000000,1000000,1000052,1001354,1.843182155,1.840785576
7,1843428,1000104,1000104,1000104,1001562,1.843236303,1.840553056
7,1843719,1000312,1000312,1000261,1001406,1.843237915,1.841130371
7,1819549,1000468,1000468,977343,1001771,1.861730222,1.816332276
7,1843918,1000365,1000365,1000416,1001927,1.843151249,1.840371604
7,1843460,1000156,1000156,1000156,1001302,1.843172465,1.841062936
7,1843169,1000000,1000000,1000000,1001093,1.843169000,1.841156616
7,1836396,1000312,1000312,995677,1001563,1.844369208,1.833530192
7,1844296,1000521,1000521,1000521,1001614,1.843335622,1.841324103
7,1844157,1000521,1000521,1000468,1001614,1.843294338,1.841185327
7,1844155,1000521,1000521,1000469,1001615,1.843290497,1.841181492
7,1830424,1000261,1000261,982864,1001562,1.862337007,1.827569337
7,1843776,1000313,1000313,1000260,1001770,1.843296743,1.840518283
7,1843748,1000260,1000260,1000260,1001718,1.843268750,1.840585873
7,1843411,1000104,1000104,1000156,1001250,1.843123473,1.841109613
7,1836180,1000520,1000520,982552,1001719,1.868786588,1.833029023
7,1844013,1000416,1000416,1000417,1001667,1.843244367,1.840944146
7,1843421,1000156,1000156,1000104,1001354,1.843229304,1.840928383
7,1843782,1000365,1000365,1000312,1001458,1.843206919,1.841097680
7,1828747,1000469,1000469,985052,1001615,1.856497931,1.825798336
7,1843977,1000417,1000417,1000416,1001719,1.843210225,1.840812643
7,1844067,1000468,1000468,1000469,1001511,1.843202538,1.841284819
7,1843302,1000052,1000052,1000052,1001093,1.843206153,1.841289471
7,1836872,1000469,1000469,996875,1001511,1.842630219,1.834100674
7,1843505,1000208,1000208,1000156,1001354,1.843217458,1.841012269
7,1843445,1000156,1000156,1000104,1001198,1.843253302,1.841239195
7,1843522,1000156,1000156,1000157,1001198,1.843232612,1.841316103
7,1827186,1000416,1000416,983855,1001615,1.857170010,1.824239853
7,1843812,1000313,1000313,1000364,1001250,1.843141097,1.841510112
7,1843267,1000052,1000052,1000052,1000937,1.843171155,1.841541476
7,1843150,1000000,1000000,1000000,1000990,1.843150000,1.841327086
7,1838164,1000364,1000364,987189,1001458,1.862018317,1.835487859
7,1843297,1000052,1000052,1000052,1000990,1.843201154,1.841473941
7,1844066,1000468,1000468,1000469,1001355,1.843201538,1.841570672
7,1843550,1000156,1000156,1000208,1001198,1.843166621,1.841344070
7,1830066,1000365,1000365,983646,1001562,1.860492494,1.827211895
7,1843971,1000417,1000417,1000416,1001354,1.843204227,1.841477639
7,1843927,1000417,1000417,1000417,1001354,1.843158403,1.841433699
7,1843620,1000208,1000208,1000261,1001146,1.843138941,1.841509630
7,1837207,1000365,1000365,995209,1001302,1.846051432,1.834818067
7,1843485,1000156,1000156,1000104,1001146,1.843293297,1.841374784
7,1844093,1000469,1000469,1000469,1001354,1.843228526,1.841599474
7,1843808,1000365,1000365,1000312,1001250,1.843232911,1.841506117
7,1824431,1000521,1000521,978125,1001719,1.865232971,1.821300185
7,1843835,1000365,1000365,1000364,1001614,1.843164088,1.840863846
7,1843820,1000364,1000364,1000313,1001406,1.843243065,1.841231229
7,1843554,1000208,1000208,1000208,1001198,1.843170621,1.841348065
7,1836890,1000365,1000365,985000,1001666,1.864862944,1.833834831
7,1843993,1000417,1000417,1000417,1001614,1.843224375,1.841021591
7,1843272,1000000,1000000,1000000,1001146,1.843272000,1.841162028
7,1843992,1000416,1000416,1000469,1001563,1.843127573,1.841114338
7,1825719,1000261,1000261,983489,1001822,1.856369517,1.822398590
7,1843620,1000261,1000261,1000208,1001406,1.843236607,1.841031510
7,1844071,1000468,1000468,1000469,1001563,1.843206536,1.841193215
7,1844011,1000417,1000417,1000416,1001771,1.843244210,1.840751030
7,1837818,1000521,1000521,996511,1001771,1.844252597,1.834568978
7,1844105,1000468,1000468,1000469,1001563,1.843240520,1.841227162
7,1844022,1000469,1000469,1000416,1001822,1.843255206,1.840668302
7,1843668,1000208,1000208,1000209,1001407,1.843282754,1.841077604
7,1829422,1000260,1000260,980729,1001719,1.865369536,1.826282620
7,1843650,1000261,1000261,1000208,1001406,1.843266601,1.841061468
7,1843476,1000157,1000157,1000156,1001302,1.843188463,1.841078915
7,1843165,1000000,1000000,1000000,1001094,1.843165000,1.841150781
7,1835049,1000417,1000417,983803,1001614,1.865260626,1.832092004
7,1843666,1000260,1000260,1000208,1001667,1.843282597,1.840597724
7,1844076,1000468,1000468,1000417,1001615,1.843307341,1.841102619
7,1843844,1000313,1000313,1000312,1001458,1.843268900,1.841159589
7,1827347,1000677,1000677,981354,1002291,1.862067103,1.823170117
7,1843712,1000261,1000261,1000208,1001406,1.843328588,1.841123381
7,1843778,1000313,1000313,1000313,1001458,1.843201078,1.841093685
7,1843222,1000000,1000000,1000052,1001094,1.843126157,1.841207719
7,1836416,1000469,1000469,996771,1001666,1.842364997,1.833361620
7,1843571,1000156,1000156,1000156,1001198,1.843283448,1.841365045
7,1843212,1000000,1000000,1000000,1001198,1.843212000,1.841006474
7,1843864,1000364,1000364,1000365,1001563,1.843191235,1.840986538
7,1828675,1000521,1000521,979531,1001927,1.866888337,1.825157921
7,1843806,1000261,1000261,1000260,1001407,1.843326735,1.841215410
7,1844032,1000417,1000417,1000468,1001458,1.843169397,1.841347316
7,1844095,1000469,1000469,1000469,1001510,1.843230525,1.841314615
7,1834758,1000364,1000364,982345,1001562,1.867732823,1.831896578
7,1843135,999948,999948,999896,1001093,1.843326706,1.841122653
7,1843452,1000156,1000156,1000156,1001250,1.843164466,1.841150562
7,1843236,1000000,1000000,1000000,1001198,1.843236000,1.841030446
7,1825285,1000052,1000052,978803,1001459,1.864813451,1.822625789
7,1843566,1000157,1000157,1000208,1001406,1.843182618,1.840977586
7,1843526,1000208,1000208,1000156,1001458,1.843238455,1.840842052
7,1843695,1000260,1000260,1000261,1001354,1.843213921,1.841202012
7,1838401,1000312,1000312,996146,1001511,1.845513609,1.835627367
7,1844178,1000521,1000521,1000521,1001562,1.843217684,1.841301886
7,1843162,999948,999948,999947,1001042,1.843259693,1.841243424
7,1843975,1000417,1000417,1000365,1001458,1.843302195,1.841290399
7,1830286,1000469,1000469,985364,1001667,1.857471960,1.827239991
7,1843172,1000000,1000000,999948,1000938,1.843267850,1.841444725
7,1843338,1000052,1000052,1000052,1000937,1.843242151,1.841612409
7,1844082,1000469,1000469,1000469,1001354,1.843217531,1.841588489
7,1838937,1000573,1000573,989845,1001667,1.857802989,1.835876594
7,1843335,1000052,1000052,1000052,1000989,1.843239152,1.841513743
7,1843980,1000417,1000417,1000365,1001250,1.843307193,1.841677903
7,1843773,1000313,1000313,1000312,1001146,1.843197922,1.841662455
7,1833739,1000521,1000521,987135,1001770,1.857637507,1.830499017
7,1836048,1000261,1000261,1000260,1001354,1.835570752,1.833565353
7,1839772,1000261,1000261,1000521,1001771,1.838813978,1.836519524
7,1843678,1000261,1000261,1000416,1001719,1.842911349,1.840514156
7,1836557,1000364,1000364,996302,1001563,1.843373796,1.833690941
7,1843516,1000365,1000365,1000365,1001510,1.842843362,1.840736488
7,1843265,1000052,1000052,1000052,1001250,1.843169155,1.840963795
7,1843463,1000156,1000156,1000104,1001250,1.843271300,1.841161548
7,1817100,1000468,1000468,973439,1001614,1.866680912,1.814171927
7,1844190,1000521,1000521,1000521,1001614,1.843229677,1.841218274
7,1843503,1000156,1000156,1000157,1001250,1.843213615,1.841201498
7,1835590,1000729,1000729,1000938,1002240,1.833869830,1.831487468
7,1827530,1000782,1000782,965990,1002239,1.891872587,1.823447301
7,1844249,1000573,1000573,1000625,1002084,1.843097064,1.840413578
7,1843505,1000157,1000157,1000208,1001458,1.843121631,1.840821083
7,1843725,1000312,1000312,1000261,1001406,1.843243913,1.841136362
7,1822745,1000781,1000781,974896,1001979,1.869681484,1.819144912
7,1843491,1000156,1000156,1000104,1001355,1.843299297,1.840996450
7,1843843,1000417,1000417,1000364,1001407,1.843172085,1.841252358
7,1844192,1000521,1000521,1000520,1001666,1.843233519,1.841124686
7,1837304,1000312,1000312,994844,1001615,1.846826236,1.834341538
7,1835667,999896,999896,999948,1000990,1.835762460,1.833851487
7,1837746,1000573,1000573,1000677,1001719,1.836502688,1.834592336
7,1839933,1000209,1000209,1000260,1001302,1.839454742,1.837540522
7,1825382,1000260,1000260,985313,1001406,1.852591004,1.822819116
7,1836754,1000105,1000105,1000000,1000989,1.836754000,1.834939245
7,1836957,1000000,1000000,1000000,1001093,1.836957000,1.834951398
7,1837425,1000469,1000469,1000521,1001511,1.836468200,1.834652840
7,1922294,1000417,1000417,978905,1001354,1.963718645,1.919694733
7,2090960,1000104,1000104,1000104,1001093,2.090742563,2.088677076
7,2093045,1000468,1000468,1000469,1001406,2.092063822,2.090106311
7,2093116,1000104,1000104,1000208,1001146,2.092680722,2.090720035
7,2081922,1000625,1000625,986822,1001614,2.109723942,2.078567193
7,2093370,1000260,1000260,1000261,1001198,2.092823773,2.090865144
7,2093380,1000261,1000261,1000260,1001250,2.092835863,2.090766542
7,2093475,1000312,1000312,1000261,1001198,2.092928746,2.090970018
7,2088452,1000104,1000104,997396,1001042,2.093904527,2.086278098
7,2093115,1000156,1000156,1000157,1000938,2.092786433,2.091153498
7,2056324,1000313,1000313,1000312,1001197,2.055682627,2.053865523
7,1838816,1000105,1000105,1000104,1001041,1.838624783,1.836903783
7,1830738,1000260,1000260,986251,1001302,1.856259715,1.828357479
7,1843870,1000365,1000365,1000364,1001302,1.843199076,1.841472403
7,1843370,1000104,1000104,1000052,1000937,1.843274150,1.841644379
7,1842763,1000105,1000105,1000104,1001042,1.842571373,1.840844840
7,1836208,1000417,1000417,977551,1001511,1.878375655,1.833437676
7,1843245,1000105,1000105,1000104,1001094,1.843053322,1.841230694
7,1843154,1000104,1000104,1000104,1000990,1.842962332,1.841331082
7,1843788,1000417,1000417,1000365,1001406,1.843115263,1.841199274
7,1825278,1000520,1000520,984740,1001615,1.853563377,1.822334929
7,1844160,1000729,1000729,1000781,1001823,1.842720835,1.840804214
7,1835873,1000625,1000625,1000677,1001770,1.834630955,1.832629246
7,1840529,1000677,1000677,1000730,1001719,1.839186394,1.837370560
7,1839051,1000209,1000209,994531,1001198,1.849164078,1.836850453
7,1842879,1000521,1000521,1000469,1001458,1.842015095,1.840195994
7,1843638,1000260,1000260,1000209,1001094,1.843252760,1.841623264
7,1843534,1000157,1000157,1000208,1001146,1.843150625,1.841423728
7,1832602,1000417,1000417,981041,1001511,1.868017748,1.829837116
7,1843407,1000104,1000104,1000053,1001146,1.843309305,1.841296874
7,1844195,1000520,1000520,1000625,1001615,1.843043098,1.841221427
7,1843534,1000208,1000208,1000260,1001302,1.843054806,1.841136840
7,1937912,1000104,1000104,977187,1001094,1.983153685,1.935794241
7,2093135,1000520,1000520,1000521,1001354,2.092045045,2.090304727
7,2092944,1000105,1000105,1000052,1000937,2.092835173,2.090984747
7,2093196,1000208,1000208,1000208,1001042,2.092760706,2.091017160
7,2080713,1000625,1000625,987188,1001615,2.107717071,2.077358067
7,2092330,1000417,1000417,1000573,1001458,2.091131781,2.089283824
7,2093352,1000261,1000261,1000260,1001093,2.092807870,2.091066464
7,2093105,1000156,1000156,1000156,1001094,2.092778527,2.090817645
7,2085918,1000469,1000469,993281,1001458,2.100028089,2.082881159
7,2093459,1000312,1000312,1000313,1001198,2.092803952,2.090954037
7,2092858,1000052,1000052,999947,1000782,2.092968927,2.091222664
7,2092895,1000052,1000052,1000000,1000782,2.092895000,2.091259635
7,2080457,1000573,1000573,989480,1001511,2.102576101,2.077318172
7,2036047,1000365,1000365,1000416,1001302,2.035200357,2.033399514
7,1838306,1000208,1000208,1000156,1001041,1.838019269,1.836394314
7,1843480,1000156,1000156,1000209,1001042,1.843094793,1.841561093
7,1835072,1000677,1000677,980052,1001614,1.872423096,1.832114966
7,1843882,1000364,1000364,1000417,1001302,1.843113422,1.841484387
7,1843982,1000416,1000416,1000417,1001354,1.843213380,1.841488624
7,1842144,1000312,1000312,1000261,1001146,1.841663326,1.840035320
7,1832592,1000782,1000782,985886,1002135,1.858827491,1.828687752
7,1843858,1000365,1000365,1000313,1001511,1.843281053,1.841076134
7,1843499,1000156,1000156,1000157,1001302,1.843209616,1.841101885
7,1843285,1000052,1000052,1000052,1001198,1.843189154,1.841079387
7,1833074,1000208,1000208,989167,1001510,1.853149165,1.830310232
7,1843367,1000104,1000104,1000052,1001510,1.843271150,1.840587713
7,1843261,1000053,1000053,1000052,1001146,1.843165155,1.841151041
7,1843327,1000052,1000052,1000052,1001146,1.843231152,1.841216965
7,1812210,1000365,1000365,968699,1001823,1.870766874,1.808912353
7,1843211,1000000,1000000,1000000,1001198,1.843211000,1.841005475
7,1843847,1000365,1000365,1000312,1001458,1.843271899,1.841162585
7,1843879,1000365,1000365,1000364,1001459,1.843208072,1.841192700
7,1830984,1000364,1000364,976145,1001615,1.875729528,1.828031729
7,1843959,1000417,1000417,1000364,1001823,1.843288043,1.840603580
7,1843268,1000052,1000052,1000000,1001146,1.843268000,1.841158033
7,1843458,1000104,1000104,1000157,1001302,1.843168623,1.841060939
7,1829928,1000677,1000677,982450,1002135,1.862616927,1.826029427
7,1844053,1000469,1000469,1000469,1001875,1.843188545,1.840601871
7,1843621,1000261,1000261,1000260,1001563,1.843141783,1.840743917
7,1843493,1000156,1000156,1000157,1001302,1.843203617,1.841095893
7,1835758,1000312,1000312,987918,1001771,1.858208880,1.832512620
7,1843889,1000364,1000364,1000365,1001458,1.843216226,1.841204524
7,1844043,1000469,1000469,1000416,1001562,1.843276197,1.841167097
7,1843421,1000105,1000105,1000156,1001302,1.843133471,1.841023987
7,1821311,1000521,1000521,976563,1002031,1.865021509,1.817619415
7,1843493,1000156,1000156,1000156,1001250,1.843205460,1.841191511
7,1843558,1000208,1000208,1000156,1001354,1.843270450,1.841065198
7,1843379,1000104,1000104,1000104,1001250,1.843187309,1.841077653
7,1833756,1000364,1000364,975574,1001719,1.879668790,1.830609183
7,1843636,1000260,1000260,1000261,1001354,1.843154937,1.841143092
7,1843601,1000208,1000208,1000209,1001302,1.843215768,1.841203753
7,1843915,1000417,1000417,1000364,1001510,1.843244059,1.841134886
7,1827998,1000573,1000573,979896,1002188,1.865502053,1.824007073
7,1843977,1000417,1000417,1000416,1001614,1.843210225,1.841005617
7,1844146,1000521,1000521,1000521,1001667,1.843185700,1.841076925
7,1843345,1000052,1000052,1000052,1001146,1.843249151,1.841234945
7,1837779,1000312,1000312,995365,1001614,1.846336771,1.834817604
7,1844196,1000521,1000521,1000521,1001615,1.843235674,1.841222426
7,1843938,1000365,1000365,1000416,1001615,1.843171241,1.840964842
7,1843561,1000208,1000208,1000209,1001302,1.843175776,1.841163805
7,1788157,1000416,1000416,948750,1001980,1.884750461,1.784623446
7,1843752,1000313,1000313,1000260,1001510,1.843272749,1.840972132
7,1843449,1000157,1000157,1000156,1001302,1.843161467,1.841051950
7,1843389,1000105,1000105,1000104,1001250,1.843197307,1.841087640
7,1835257,1000521,1000521,985730,1002083,1.861825246,1.831442106
7,1844093,1000468,1000468,1000469,1001562,1.843228526,1.841217019
7,1843300,1000052,1000052,1000052,1001146,1.843204153,1.841189996
7,1843732,1000261,1000261,1000312,1001406,1.843156935,1.841143352
7,1827397,1000573,1000573,981511,1001875,1.861820194,1.823977043
7,1843566,1000156,1000156,1000156,1001355,1.843278449,1.841071348
7,1843495,1000209,1000209,1000104,1001302,1.843303296,1.841097891
7,1843984,1000417,1000417,1000417,1001459,1.843215379,1.841297547
7,1837054,1000000,1000000,996719,1001145,1.843101215,1.834952979
7,1843839,1000364,1000364,1000365,1001354,1.843166244,1.841345818
7,1843648,1000260,1000260,1000261,1001250,1.843166933,1.841346317
7,1843336,1000104,1000104,1000000,1001093,1.843336000,1.841323433
7,1829275,1000625,1000625,985730,1001823,1.855756647,1.825946300
7,1843329,1000052,1000052,1000052,1001250,1.843233152,1.841027715
7,1844067,1000469,1000469,1000469,1001407,1.843202538,1.841476043
7,1843885,1000364,1000364,1000365,1001458,1.843212228,1.841200530
7,1836965,1000052,1000052,985470,1001094,1.864049641,1.834957556
7,1843810,1000312,1000312,1000312,1001250,1.843234911,1.841508115
7,1843277,1000052,1000052,1000053,1001146,1.843179311,1.841167023
7,1843570,1000208,1000208,1000208,1001145,1.843186617,1.841461527
7,1829686,1000417,1000417,984479,1001719,1.858532280,1.826546167
7,1843522,1000156,1000156,1000156,1001302,1.843234455,1.841124855
7,1843852,1000313,1000313,1000312,1001406,1.843276898,1.841263184
7,1843313,1000104,1000104,1000052,1001094,1.843217153,1.841298619
7,1835173,1000625,1000625,997396,1001667,1.839964267,1.832118858
7,1843331,1000052,1000052,1000052,1001354,1.843235152,1.840838505
7,1843287,1000052,1000052,1000000,1001094,1.843287000,1.841272648
7,1843986,1000416,1000416,1000417,1001406,1.843217378,1.841396996
7,1830325,1000312,1000312,983697,1001719,1.860659329,1.827184071
7,1843517,1000208,1000208,1000157,1001302,1.843227613,1.841119862
7,1843238,1000000,1000000,1000000,1001041,1.843238000,1.841321185
7,1843376,1000104,1000104,1000156,1001146,1.843088478,1.841265909
7,1834179,1000469,1000469,981354,1001979,1.869028913,1.830556329
7,1844103,1000469,1000469,1000417,1001615,1.843334330,1.841129576
7,1843374,1000104,1000104,1000053,1001198,1.843276306,1.841168280
7,1843203,1000000,1000000,1000000,1001407,1.843203000,1.840613257
7,1789805,1000521,1000521,949167,1002083,1.885658688,1.786084586
7,1843561,1000208,1000208,1000209,1001406,1.843175776,1.840972593
7,1843939,1000416,1000416,1000365,1001510,1.843266208,1.841158850
7,1843742,1000261,1000261,1000260,1001406,1.843262752,1.841153338
7,1837559,1000521,1000521,995781,1001667,1.845344508,1.834500887
7,1843536,1000156,1000156,1000156,1001302,1.843248453,1.841138837
7,1843722,1000261,1000261,1000260,1001406,1.843242757,1.841133366
7,1843359,1000105,1000105,1000052,1001198,1.843263150,1.841153298
7,1827935,1000313,1000313,983230,1001823,1.859112313,1.824608738
7,1843922,1000365,1000365,1000365,1001562,1.843249214,1.841046286
7,1843451,1000156,1000156,1000105,1001563,1.843257458,1.840574183
7,1843960,1000417,1000417,1000416,1001510,1.843193232,1.841179818
7,1835079,1000625,1000625,983333,1001927,1.866182667,1.831549604
7,1844006,1000416,1000416,1000365,1001563,1.843333183,1.841128316
7,1843937,1000417,1000417,1000416,1001510,1.843170241,1.841156853
7,1843761,1000313,1000313,1000260,1001406,1.843281747,1.841172312
7,1792881,1000312,1000312,954792,1001875,1.877771284,1.789525639
7,1843764,1000312,1000312,1000313,1001459,1.843187082,1.841077867
7,1843933,1000417,1000417,1000364,1001510,1.843262053,1.841152859
7,1843935,1000417,1000417,1000364,1001458,1.843264052,1.841250457
7,1838007,1000312,1000312,996719,1001459,1.844057352,1.835329255
7,1843745,1000312,1000312,1000261,1001354,1.843263908,1.841251945
7,1843273,1000052,1000052,1000052,1001093,1.843177155,1.841260502
7,1844025,1000469,1000469,1000469,1001458,1.843160558,1.841340326
7,1826045,1000261,1000261,983489,1001511,1.856700990,1.823290009
7,1843291,1000052,1000052,1000052,1001041,1.843195154,1.841374130
7,1843985,1000417,1000417,1000417,1001459,1.843216379,1.841298545
7,1844144,1000469,1000469,1000521,1001407,1.843183701,1.841552935
7,1837085,1000573,1000573,987501,1001667,1.860337357,1.834027676
7,1843913,1000365,1000365,1000365,1001302,1.843240217,1.841515347
7,1843590,1000209,1000209,1000208,1001250,1.843206613,1.841288390
7,1843438,1000156,1000156,1000104,1001042,1.843246302,1.841519137
7,1829676,1000208,1000208,985051,1001459,1.857442914,1.827010392
7,1843689,1000261,1000261,1000260,1001302,1.843209765,1.841291638
7,1843597,1000261,1000261,1000208,1001250,1.843213612,1.841295381
7,1843501,1000156,1000156,1000156,1001198,1.843213459,1.841295128
7,1836648,1000416,1000416,994219,1001510,1.847327400,1.833878843
7,1843340,1000105,1000105,1000104,1001250,1.843148313,1.841038702
7,1843653,1000261,1000261,1000156,1001302,1.843365435,1.841255685
7,1857052,1011198,1011198,1001614,1012343,1.854059548,1.834409879
7,1837651,1000573,1000573,990261,1001771,1.855723895,1.834402274
7,1844019,1000416,1000416,1000417,1001459,1.843250365,1.841332496
7,1843724,1000312,1000312,1000261,1001302,1.843242914,1.841326593
7,1835363,1000208,1000208,984324,1001355,1.864592350,1.832879448
7,1844227,1000573,1000573,1000573,1001666,1.843170863,1.841159628
7,1844186,1000573,1000573,1000521,1001667,1.843225679,1.841116858
7,1843898,1000365,1000365,1000365,1001510,1.843225223,1.841117912
7,1836789,1000573,1000573,992656,1001771,1.850378177,1.833541797
7,1836461,1000208,1000208,992292,1001719,1.850726399,1.833309541
7,1843759,1000312,1000312,1000261,1001406,1.843277904,1.841170315
7,1843582,1000208,1000208,1000209,1001302,1.843196772,1.841184777
7,1836433,1000104,1000104,995678,1001302,1.844404516,1.834045073
7,1843408,1000104,1000104,1000105,1001198,1.843214462,1.841202240
7,1843409,1000104,1000104,1000104,1001198,1.843217305,1.841203239
7,1836485,1000313,1000313,1000261,1001406,1.836005802,1.833906527
7,1808870,1000416,1000416,981615,1001563,1.842748939,1.806047148
7,1837607,1000104,1000104,968802,1001458,1.896782831,1.834931670
7,1843126,1000260,1000260,1000313,1001459,1.842549282,1.840440797
7,1843478,1000156,1000156,1000156,1001250,1.843190462,1.841176529
7,1829611,1000625,1000625,964479,1001875,1.896994128,1.826186900
7,1844545,1000729,1000729,1000886,1002031,1.842912180,1.840806322
7,1843245,1000052,1000052,1000000,1001303,1.843245000,1.840846377
7,1842172,1000469,1000469,1000521,1001875,1.841212728,1.838724392
7,1834495,1000156,1000156,987187,1001406,1.858305468,1.831919321
7,1836203,1000052,1000052,990677,1001250,1.853483022,1.833910612
7,1843511,1000156,1000156,1000156,1001250,1.843223457,1.841209488
7,1843914,1000417,1000417,1000364,1001406,1.843243060,1.841325097
7,1839048,1000469,1000469,995520,1001510,1.847324012,1.836275224
7,1843594,1000209,1000209,1000260,1001250,1.843114790,1.841292385
7,1843759,1000261,1000261,1000417,1001563,1.842990473,1.840881702
7,1843467,1000156,1000156,1000261,1001250,1.842985981,1.841165543
7,1845578,1010782,1010782,994584,1011771,1.855628082,1.824106443
7,1843530,1000209,1000209,1000156,1001198,1.843242454,1.841324094
7,1843489,1000156,1000156,1000104,1001146,1.843297297,1.841378780
7,1844169,1000521,1000521,1000521,1001510,1.843208688,1.841388503
7,1824518,1000365,1000365,979843,1001458,1.862051369,1.821861726
7,2088419,1000208,1000208,1000209,1001250,2.087982612,2.085811735
7,2093198,1000209,1000209,1000260,1001146,2.092653910,2.090801941
7,2092280,1000365,1000365,1000468,1001406,2.091301271,2.089342385
7,2050888,1006979,1006979,964948,1007916,2.125387067,2.034780676
7,2093565,1000365,1000365,1000365,1001198,2.092801128,2.091059910
7,2093136,1000156,1000156,1000104,1001042,2.092918336,2.090957223
7,2093891,1000521,1000521,1000625,1001563,2.092583136,2.090623356
7,2087458,1000364,1000364,997604,1001250,2.092471562,2.084851935
7,2093425,1000313,1000313,1000312,1001094,2.092772055,2.091137296
7,2093687,1000417,1000417,1000469,1001406,2.092705521,2.090747409
7,1829182,1000573,1000573,1000573,1001510,1.828134479,1.826424100
7,1827894,1000104,1000104,981613,1001146,1.862133040,1.825801631
7,1843899,1000365,1000365,1000364,1001302,1.843228065,1.841501365
7,1843931,1000365,1000365,1000416,1001510,1.843164244,1.841150862
7,1843194,1000000,1000000,1000000,1000937,1.843194000,1.841468544
7,1837089,1000520,1000520,980729,1001615,1.873187190,1.834126885
7,1843474,1000157,1000157,1000156,1001302,1.843186463,1.841076918
7,1843627,1000261,1000261,1000208,1001146,1.843243605,1.841516622
7,1843722,1000260,1000260,1000260,1001250,1.843242757,1.841420225
7,1831595,1000573,1000573,984791,1001667,1.859881944,1.828546812
7,1843429,1000104,1000104,1000052,1001302,1.843333147,1.841031976
7,1843184,1000000,1000000,1000000,1000938,1.843184000,1.841456714
7,1844091,1000468,1000468,1000469,1001407,1.843226527,1.841500009
7,1838486,1000364,1000364,994636,1001511,1.848400822,1.835712239
7,1843594,1000209,1000209,1000208,1001198,1.843210612,1.841388017
7,1843395,1000104,1000104,1000104,1001041,1.843203307,1.841478021
7,1841691,1000052,1000052,1000052,1001146,1.841595237,1.839582838
7,1830557,1000365,1000365,985103,1001406,1.858239189,1.827986850
7,1844154,1000520,1000520,1000521,1001615,1.843193696,1.841180494
7,1843714,1000313,1000313,1000260,1001250,1.843234759,1.841412235
7,1843679,1000260,1000260,1000261,1001197,1.843197925,1.841474755
7,1835311,1000260,1000260,983178,1001406,1.866712843,1.832734176
7,1843528,1000208,1000208,1000104,1001197,1.843336293,1.841323935
7,1843914,1000364,1000364,1000417,1001354,1.843145408,1.841420716
7,1843731,1000260,1000260,1000261,1001355,1.843249912,1.841236125
7,1832907,1000469,1000469,985417,1001615,1.860031844,1.829951628
7,1844232,1000573,1000573,1000573,1001562,1.843175860,1.841355802
7,1843755,1000312,1000312,1000313,1001303,1.843178085,1.841355714
7,1843441,1000104,1000104,1000104,1001042,1.843249302,1.841522134
7,1838198,1000209,1000209,995624,1001302,1.846277310,1.835807778
7,1834145,1000365,1000365,1000416,1001458,1.833382313,1.831474710
7,1840753,1000416,1000416,1000469,1001459,1.839890092,1.838071254
7,1842656,1000469,1000469,1000469,1001459,1.841792199,1.839971482
7,1833342,1000677,1000677,985575,1001770,1.860175025,1.830102718
7,1843358,1000104,1000104,1000104,1001042,1.843166311,1.841439220
7,1843717,1000312,1000312,1000261,1001303,1.843235915,1.841317763
7,1843955,1000417,1000417,1000365,1001459,1.843282202,1.841268589
7,1855276,1000521,1000521,980312,1001666,1.892536254,1.852190251
7,2088270,1000156,1000156,1000209,1001302,2.087833643,2.085554608
7,2093518,1000365,1000365,1000468,1001458,2.092538692,2.090470095
7,2093328,1000261,1000261,1000312,1001198,2.092675085,2.090823194
7,2081147,1000416,1000416,984584,1001355,2.113732297,2.078330862
7,2093361,1000261,1000261,1000260,1001250,2.092816868,2.090747566
7,2093743,1000468,1000468,1000417,1001250,2.092870273,2.091129089
7,2092803,1000000,1000000,1000000,1000938,2.092803000,2.090841790
7,2088789,1000572,1000572,997552,1001511,2.093914904,2.085637602
7,2093602,1000312,1000312,1000365,1001302,2.092838114,2.090879675
7,1852934,1000468,1000468,1000469,1001354,1.852065381,1.850428520
7,1843187,1000000,1000000,1000000,1000938,1.843187000,1.841459711
7,1830468,1000156,1000156,987866,1001094,1.852951716,1.828467656
7,1843226,1000000,1000000,1000000,1000990,1.843226000,1.841403011
7,1843927,1000365,1000365,1000365,1001302,1.843254212,1.841529329
7,1842468,1000365,1000365,1000364,1001250,1.841797586,1.840167790
7,1837847,1000104,1000104,980729,1001198,1.873960085,1.835647894
7,1843898,1000417,1000417,1000364,1001250,1.843227065,1.841596005
7,1843803,1000313,1000313,1000312,1001250,1.843227913,1.841501124
7,1843525,1000156,1000156,1000156,1001198,1.843237455,1.841319100
7,1830592,1000312,1000312,985731,1001354,1.857090829,1.828116730
7,1843825,1000312,1000312,1000312,1001250,1.843249906,1.841523096
7,1843933,1000364,1000364,1000417,1001302,1.843164400,1.841535321
7,1843533,1000208,1000208,1000157,1001042,1.843243611,1.841614038
7,1838185,1000104,1000104,997292,1001146,1.843176321,1.836080851
7,1844085,1000521,1000521,1000468,1001354,1.843222372,1.841591485
7,1843914,1000365,1000365,1000364,1001250,1.843243060,1.841611985
7,1843167,999948,999948,999947,1000834,1.843264693,1.841631080
7,1828173,1000261,1000261,975104,1001458,1.874849247,1.825511404
7,1843957,1000416,1000416,1000417,1001719,1.843188390,1.840792677
7,1843384,1000105,1000105,1000104,1001198,1.843192308,1.841178268
7,1843827,1000313,1000313,1000364,1001407,1.843156091,1.841236380
7,1817774,993959,993959,971824,1001719,1.870476547,1.814654609
7,1843342,1000052,1000052,1000052,1001042,1.843246151,1.841423237
7,1843841,1000364,1000364,1000313,1001354,1.843264058,1.841347815
7,1843908,1000364,1000364,1000365,1001354,1.843235219,1.841414724
7,1825228,1000157,1000157,977136,1001198,1.867936500,1.823043993
7,1844060,1000469,1000469,1000417,1001302,1.843291348,1.841662156
7,1844078,1000469,1000469,1000469,1001302,1.843213533,1.841680132
7,1843319,1000052,1000052,1000052,1000989,1.843223152,1.841497759
7,1839330,1000312,1000312,997709,1001250,1.843553581,1.837033708
7,1843889,1000364,1000364,1000365,1001250,1.843216226,1.841587016
7,1844074,1000468,1000468,1000469,1001354,1.843209535,1.841580500
7,1843316,1000052,1000052,1000052,1000937,1.843220153,1.841590430
7,1830909,1000521,1000521,982814,1001563,1.862925233,1.828051755
7,1843331,1000052,1000052,1000104,1001146,1.843139314,1.841220961
7,1843531,1000156,1000156,1000156,1001198,1.843243454,1.841325093
7,1843407,1000104,1000104,1000052,1001146,1.843311148,1.841296874
7,1836364,1000573,1000573,981094,1001771,1.871751331,1.833117549
7,1843423,1000156,1000156,1000104,1001198,1.843231304,1.841217222
7,1844186,1000573,1000573,1000573,1001770,1.843129887,1.840927558
7,1843841,1000365,1000365,1000312,1001459,1.843265901,1.841154755
7,1829865,1000261,1000261,981927,1001406,1.863544846,1.827295822
7,1843726,1000260,1000260,1000209,1001354,1.843340742,1.841232971
7,1843084,999948,999948,999895,1001094,1.843277544,1.841069870
7,1843269,1000000,1000000,1000052,1000937,1.843173155,1.841543474
7,1835080,1000208,1000208,992032,1001302,1.849819361,1.832693833
7,1843169,1000000,1000000,999948,1000886,1.843264850,1.841537398
7,1843156,999948,999948,999948,1000833,1.843251849,1.841621929
7,1843757,1000261,1000261,1000312,1001146,1.843181927,1.841646473
7,1832070,1000677,1000677,987500,1001927,1.855260759,1.828546391
7,1843911,1000417,1000417,1000365,1001458,1.843238218,1.841226492
7,1843702,1000312,1000312,1000260,1001354,1.843222762,1.841209003
7,1843856,1000364,1000364,1000365,1001458,1.843183238,1.841171572
7,1835924,1000573,1000573,983542,1001875,1.866645247,1.832488085
7,1843077,999948,999948,999896,1000990,1.843268700,1.841254158
7,1843784,1000313,1000313,1000313,1001302,1.843207076,1.841386515
7,1843509,1000157,1000157,1000156,1001145,1.843221457,1.841400596
7,1828899,1000260,1000260,985520,1001459,1.855770558,1.826234524
7,1843948,1000417,1000417,1000365,1001458,1.843275205,1.841263438
7,1843731,1000260,1000260,1000261,1001510,1.843249912,1.840951164
7,1843747,1000312,1000312,1000209,1001302,1.843361737,1.841349563
7,1839029,1000573,1000573,997135,1001667,1.844312957,1.835968441
7,1844062,1000469,1000469,1000417,1001459,1.843293347,1.841375433
7,1843891,1000365,1000365,1000365,1001354,1.843218225,1.841397747
7,1843391,1000104,1000104,1000052,1001250,1.843295149,1.841089638
7,1827469,1000313,1000313,981043,1001615,1.862781754,1.824522396
7,1843755,1000313,1000313,1000260,1001406,1.843275748,1.841166320
7,1843425,1000156,1000156,1000104,1001198,1.843233304,1.841219219
7,1843546,1000208,1000208,1000157,1001250,1.843256609,1.841244444
7,1833350,1000260,1000260,977241,1001614,1.876046953,1.830395741
7,1843217,1000000,1000000,1000000,1001146,1.843217000,1.841107091
7,1843543,1000156,1000156,1000156,1001302,1.843255452,1.841145828
7,1844073,1000469,1000469,1000468,1001615,1.843210378,1.841099624
7,1825995,1000157,1000157,979530,1001666,1.864154237,1.822957952
7,1843398,1000105,1000105,1000104,1001303,1.843206307,1.840999178
7,1843063,1000261,1000261,1000261,1001354,1.842582086,1.840570867
7,1843505,1000156,1000156,1000104,1001250,1.843313295,1.841203496
7,1834818,1000312,1000312,995470,1001510,1.843167549,1.832051602
7,1843843,1000312,1000312,1000312,1001406,1.843267900,1.841254197
7,1843561,1000208,1000208,1000208,1001667,1.843177619,1.840492898
7,1844122,1000468,1000468,1000521,1001666,1.843161713,1.841054803
7,1787013,1000104,1000104,950520,1001615,1.880037243,1.784131627
7,1843462,1000156,1000156,1000104,1001250,1.843270300,1.841160549
7,1843165,1000000,1000000,999948,1001094,1.843260850,1.841150781
7,1843549,1000208,1000208,1000209,1001302,1.843163779,1.841151820
7,1798690,1000104,1000104,960470,1001354,1.872718565,1.796257867
7,1843649,1000260,1000260,1000209,1001510,1.843263758,1.840869287
7,1843889,1000364,1000364,1000365,1001614,1.843216226,1.840917759
7,1844095,1000469,1000469,1000469,1001511,1.843230525,1.841312776
7,1825320,1000364,1000364,982344,1001666,1.858127092,1.822284075
7,1843819,1000365,1000365,1000313,1001407,1.843242065,1.841228392
7,1843690,1000260,1000260,1000209,1001250,1.843304749,1.841388265
7,1843735,1000313,1000313,1000260,1001302,1.843255754,1.841337578
7,1838901,1000365,1000365,996823,1001511,1.844761808,1.836126613
7,1844162,1000521,1000521,1000469,1001510,1.843297493,1.841381514
7,1842553,999635,999635,999636,1001302,1.843223934,1.840157115
7,1843969,1000417,1000417,1000416,1001406,1.843202228,1.841380020
7,1830712,1000365,1000365,982447,1001563,1.863420622,1.827855063
7,1843562,1000156,1000156,1000209,1001198,1.843176776,1.841356055
7,1843162,1000000,1000000,999948,1000937,1.843257849,1.841436574
7,1843538,1000208,1000208,1000156,1001302,1.843250453,1.841140835
7,1836034,1000312,1000312,985417,1001302,1.863205120,1.833646592
7,1843702,1000261,1000261,1000312,1001250,1.843126944,1.841400250
7,1843481,1000156,1000156,1000157,1001094,1.843191619,1.841466436
7,1843411,1000104,1000104,1000104,1001041,1.843219305,1.841494005
7,1829642,1000365,1000365,988437,1001615,1.851045641,1.826691893
7,1843765,1000313,1000313,1000312,1001458,1.843189925,1.841080704
7,1844024,1000469,1000469,1000416,1001511,1.843257205,1.841241884
7,1843393,1000105,1000105,1000104,1001146,1.843201307,1.841282890
7,1837260,1000156,1000156,996354,1001250,1.843983163,1.834966292
7,1843758,1000312,1000312,1000260,1001562,1.843278748,1.840882541
7,1843946,1000365,1000365,1000416,1001407,1.843179237,1.841355213
7,1843651,1000261,1000261,1000208,1001250,1.843267600,1.841349313
7,1827212,1000313,1000313,984688,1001615,1.855625335,1.824265811
7,1843836,1000365,1000365,1000313,1001459,1.843259060,1.841149762
7,1843637,1000260,1000260,1000209,1001302,1.843251760,1.841239706
7,1843878,1000365,1000365,1000417,1001407,1.843109423,1.841287309
7,1832281,1000208,1000208,980677,1001719,1.868383780,1.829136714
7,1843647,1000260,1000260,1000261,1001406,1.843165934,1.841058472
7,1843759,1000313,1000313,1000260,1001458,1.843279747,1.841074713
7,1844164,1000521,1000521,1000521,1001927,1.843203691,1.840617131
7,1783253,1000678,1000678,951666,1002188,1.873822328,1.779359761
7,1843598,1000209,1000209,1000156,1001406,1.843310444,1.841009541
7,1843542,1000157,1000157,1000156,1001302,1.843254452,1.841144829
7,1843965,1000417,1000417,1000417,1001563,1.843196387,1.841087380
7,1833454,1000573,1000573,989948,1001979,1.852071018,1.829832761
7,1843580,1000208,1000208,1000156,1001302,1.843292446,1.841182780
7,1843279,1000052,1000052,1000052,1001146,1.843183154,1.841169020
7,1843280,1000052,1000052,1000052,1001146,1.843184154,1.841170019
7,1829892,1000364,1000364,982187,1001719,1.863079027,1.826751814
7,1843555,1000208,1000208,1000209,1001302,1.843169778,1.841157813
7,1843477,1000156,1000156,1000104,1001146,1.843285298,1.841366794
7,1844035,1000417,1000417,1000468,1001458,1.843172395,1.841350311
7,1837132,1000157,1000157,986719,1001355,1.861859354,1.834646055
7,1843482,1000156,1000156,1000157,1001250,1.843192619,1.841180524
7,1843913,1000364,1000364,1000365,1001510,1.843240217,1.841132889
7,1843235,1000000,1000000,999948,1001094,1.843330853,1.841220705
7,1827588,1000260,1000260,985000,1001510,1.855419289,1.824832503
7,1843843,1000364,1000364,1000365,1001666,1.843170243,1.840776267
7,1843791,1000313,1000313,1000312,1001302,1.843215917,1.841393506
7,1843905,1000365,1000365,1000312,1001354,1.843329881,1.841411729
7,1838996,1000260,1000260,996770,1001302,1.844955205,1.836604741
7,1843641,1000261,1000261,1000208,1001198,1.843257602,1.841434961
7,1843658,1000260,1000260,1000261,1001198,1.843176931,1.841451941
7,1843166,999948,999948,1000000,1000937,1.843166000,1.841440570
7,1832008,1000521,1000521,986771,1001927,1.856568545,1.828484510
7,1844113,1000468,1000468,1000469,1001615,1.843248516,1.841139560
7,1844177,1000521,1000521,1000572,1001666,1.843122734,1.841109711
7,1843382,1000105,1000105,1000104,1001198,1.843190308,1.841176271
7,1835052,1000156,1000156,984480,1001562,1.863980985,1.832190119
7,1843525,1000209,1000209,1000156,1001250,1.843237455,1.841223471
7,1844206,1000573,1000573,1000521,1001823,1.843245669,1.840850130
7,1843490,1000157,1000157,1000156,1001198,1.843202460,1.841284142
7,1827353,1000052,1000052,978176,1001511,1.868122914,1.824596035
7,1843557,1000156,1000156,1000156,1001354,1.843269450,1.841064199
7,1843572,1000208,1000208,1000156,1001302,1.843284448,1.841174790
7,1843951,1000417,1000417,1000416,1001510,1.843184235,1.841170832
7,1837633,1000105,1000105,995885,1001302,1.845226105,1.835243513
7,1843842,1000312,1000312,1000313,1001458,1.843265058,1.841157592
7,1844004,1000469,1000469,1000416,1001562,1.843237213,1.841128158
7,1843710,1000313,1000313,1000260,1001354,1.843230760,1.841216992
7,1828271,1000157,1000157,986718,1001354,1.852880965,1.825798868
7,1843784,1000312,1000312,1000313,1001718,1.843207076,1.840621812
7,1843052,999895,999895,999896,1000990,1.843243697,1.841229183
7,1843615,1000208,1000208,1000208,1001250,1.843231608,1.841313358
7,1797711,1000885,1000885,945053,1002604,1.902232996,1.793041919
7,1843487,1000157,1000157,1000313,1001823,1.842910169,1.840132439
7,1843338,1000104,1000104,1000104,1001198,1.843146313,1.841132323
7,1843847,1000313,1000313,1000469,1001875,1.842982641,1.840396257
7,1812903,1000469,1000469,977448,1001823,1.854730891,1.809604092
7,1843755,1000312,1000312,1000364,1001458,1.843084117,1.841070719
7,1842651,1000052,1000052,1000052,1001354,1.842555187,1.840159424
7,1841705,1000157,1000157,1000156,1001511,1.841417739,1.838926382
7,1838226,1000364,1000364,993386,1001718,1.850464975,1.835073344
7,1844314,1000573,1000573,1000521,1001718,1.843353613,1.841150903
7,1843565,1000209,1000209,1000156,1001354,1.843277449,1.841072188
7,1843461,1000157,1000157,1000156,1001511,1.843173465,1.840679733
7,1831656,1000677,1000677,982135,1001875,1.864973756,1.828228072
7,1844182,1000573,1000573,1000625,1002135,1.843030106,1.840253060
7,1843494,1000156,1000156,1000260,1001406,1.843014816,1.840905687
7,1843772,1000313,1000313,1000260,1001406,1.843292744,1.841183296
7,1982269,1000469,1000469,981561,1001406,2.019506684,1.979485843
7,2093853,1000469,1000469,1000573,1001511,2.092653909,2.090693961
7,2092281,1000104,1000104,1000104,1001042,2.092063425,2.090103113
7,2093890,1000520,1000520,1000573,1001406,2.092690888,2.090950124
7,2080474,1000678,1000678,983958,1001928,2.114393094,2.076470565
7,2092801,1000000,1000000,1000000,1001041,2.092801000,2.090624660
7,1876938,1000208,1000208,1000208,1001302,1.876547678,1.874497404
7,1843389,1000104,1000104,1000104,1001250,1.843197307,1.841087640
7,1833710,1000052,1000052,991041,1001510,1.850286719,1.830945273
7,1843169,1000105,1000105,1000104,1001094,1.842977330,1.841154777
7,1844055,1000469,1000469,1000469,1001510,1.843190544,1.841274675
7,1843942,1000416,1000416,1000365,1001459,1.843269207,1.841255608
7,1830013,1000364,1000364,984428,1001614,1.858960737,1.827064119
7,1843707,1000260,1000260,1000261,1001563,1.843225918,1.840829783
7,1843415,1000104,1000104,1000104,1001250,1.843223305,1.841113608
7,1842340,1000417,1000417,1000364,1001458,1.841669632,1.839657779
7,1834984,1000365,1000365,979688,1001667,1.873028964,1.831930172
7,1843196,1000000,1000000,1000000,1001042,1.843196000,1.841277389
7,1843360,1000364,1000364,1000417,1001355,1.842591639,1.840865627
7,1843376,1000364,1000364,1000365,1001406,1.842703413,1.840787852
7,1829233,1000521,1000521,984583,1001719,1.857875872,1.826093945
7,1842894,1000156,1000156,1000156,1001146,1.842606553,1.840784461
7,1843332,1000052,1000052,1000052,1001042,1.843236152,1.841413247
7,1843557,1000260,1000260,1000313,1001198,1.842980147,1.841351061
7,1836988,1000208,1000208,997500,1001250,1.841591980,1.834694632
7,1843260,1000052,1000052,1000000,1001041,1.843260000,1.841343162
7,1843729,1000469,1000469,1000469,1001406,1.842864696,1.841140357
7,1842649,1000104,1000104,1000156,1001042,1.842361592,1.840730958
7,1833099,1000364,1000364,985210,1001406,1.860617533,1.830525281
7,1843442,1000208,1000208,1000364,1001354,1.842771231,1.840949355
7,1830879,1000313,1000313,1000469,1001407,1.830020720,1.828306573
7,1843033,1000781,1000781,1000781,1001875,1.841594715,1.839583780
7,1837712,1000313,1000313,980730,1001459,1.873820521,1.835034684
7,1838481,1000208,1000208,998595,1001145,1.841067700,1.836378347
7,1843654,1000208,1000208,1000208,1001198,1.843270600,1.841447945
7,1844187,1000573,1000573,1000521,1001459,1.843226679,1.841500251
7,1832855,1000677,1000677,983594,1001770,1.863426373,1.829616579
7,1844141,1000468,1000468,1000573,1001667,1.843084912,1.841071933
7,1843527,1000156,1000156,1000208,1001302,1.843143626,1.841129849
7,1844204,1000573,1000573,1000625,1001614,1.843052092,1.841232251
7,1838389,1000468,1000468,997240,1001563,1.843476997,1.835520082
7,1843786,1000313,1000313,1000312,1001354,1.843210918,1.841292889
7,1843979,1000417,1000417,1000416,1001406,1.843212224,1.841390006
7,1843752,1000313,1000313,1000260,1001198,1.843272749,1.841545828
7,1832338,1000365,1000365,984634,1001406,1.860933098,1.829765350
7,1843585,1000209,1000209,1000313,1001302,1.843008138,1.841187774
7,1844100,1000469,1000469,1000521,1001511,1.843139724,1.841317769
7,1844127,1000521,1000521,1000573,1001563,1.843070920,1.841249128
7,2014496,1000104,1000104,980052,1001146,2.055499096,2.012190030
7,2093316,1000208,1000208,1000209,1001041,2.092878588,2.091139124
7,2093249,1000521,1000521,1000521,1001354,2.092158985,2.090418573
7,2093808,1000521,1000521,1000468,1001406,2.092828556,2.090868239
7,2067143,1000313,1000313,978646,1001250,2.112247943,2.064562297
7,2093465,1000312,1000312,1000313,1001198,2.092809950,2.090960030
7,2093645,1000364,1000364,1000365,1001198,2.092881098,2.091139815
7,2092910,1000052,1000052,1000052,1000833,2.092801174,2.091168057
7,2085899,1000104,1000104,997447,1001042,2.091237930,2.083727756
7,2093074,1000104,1000104,1000104,1000938,2.092856343,2.091112536
7,2092807,1000000,1000000,1000000,1000781,2.092807000,2.091173793
7,2093292,1000208,1000208,1000209,1001042,2.092854593,2.091113060
7,2076151,1000312,1000312,983802,1001250,2.110334193,2.073559051
7,1915298,1000260,1000260,1000261,1001093,1.914798238,1.913206865
7,1843311,1000052,1000052,1000104,1000938,1.843119316,1.841583595
7,1842871,1000157,1000157,1000156,1001094,1.842583557,1.840857102
7,1836356,1000365,1000365,982447,1001510,1.869165461,1.833587283
7,1843690,1000364,1000364,1000365,1001197,1.843017299,1.841485742
7,1843098,1000156,1000156,1000104,1001042,1.842906338,1.841179491
7,1842416,1000469,1000469,1000468,1001458,1.841554153,1.839733668
7,1832163,1000625,1000625,982761,1001875,1.864301697,1.828734124
7,1843576,1000312,1000312,1000261,1001771,1.843094952,1.840316799
7,1843563,1000313,1000313,1000313,1001719,1.842986145,1.840399354
7,1844039,1000469,1000469,1000468,1001562,1.843176393,1.841163103
7,1837132,1000417,1000417,993802,1001875,1.848589558,1.833693824
7,1843862,1000312,1000312,1000365,1001771,1.843189236,1.840602293
7,1843333,1000105,1000105,1000052,1001198,1.843237152,1.841127329
7,1843811,1000469,1000469,1000469,1001562,1.842946658,1.840935459
7,1824775,1000364,1000364,976405,1001875,1.868871012,1.821359950
7,1842944,999948,999948,999948,1001145,1.843039838,1.840836243
7,1842983,999948,999948,1000000,1001146,1.842983000,1.840873359
7,1843503,1000260,1000260,1000261,1001354,1.843021971,1.841010272
7,1831604,1000365,1000365,978593,1001823,1.871670858,1.828271062
7,1843751,1000313,1000313,1000312,1001459,1.843175929,1.841064886
7,1844042,1000417,1000417,1000417,1001562,1.843273355,1.841166099
7,1842922,1000052,1000052,1000052,1001458,1.842826173,1.840238932
7,1834466,1000469,1000469,994322,1001979,1.844941578,1.830842762
7,1843160,1000000,1000000,1000000,1001146,1.843160000,1.841050157
7,1843932,1000365,1000365,1000417,1001458,1.843163401,1.841247461
7,1836024,1000364,1000364,993854,1001563,1.847377985,1.833158773
7,1843131,1000157,1000157,1000156,1001614,1.842843516,1.840160980
7,1843455,1000156,1000156,1000157,1001250,1.843165623,1.841153558
7,1843487,1000104,1000104,1000104,1001302,1.843295297,1.841089901
7,1834602,1000104,1000104,982552,1001302,1.867180567,1.832216454
7,1832458,1000052,1000052,990938,1001563,1.849215592,1.829598338
7,1844234,1000573,1000573,1000521,1001823,1.843273654,1.840878079
7,1843278,1000157,1000157,1000156,1001250,1.842990493,1.840976779
7,1836336,1000625,1000625,981095,1001823,1.871720883,1.832994451
7,1843828,1000313,1000313,1000313,1001458,1.843251062,1.841143613
7,1844187,1000521,1000521,1000521,1001615,1.843226679,1.841213440
7,1843673,1000261,1000261,1000260,1001354,1.843193770,1.841180042
7,1833340,1000417,1000417,984375,1001666,1.862440635,1.830290736
7,1829471,1000313,1000313,987447,1001823,1.852728298,1.826141943
7,1843090,1000052,1000052,1000000,1001458,1.843090000,1.840406687
7,1843898,1000468,1000468,1000417,1001615,1.843129415,1.840924906
7,1836034,1000157,1000157,994948,1001302,1.845356742,1.833646592
7,1843878,1000364,1000364,1000365,1001771,1.843205230,1.840618265
7,1843339,1000313,1000313,1000260,1001406,1.842859856,1.840750904
7,1843578,1000209,1000209,1000208,1001302,1.843194616,1.841180783
7,1835684,1000573,1000573,985000,1001823,1.863638579,1.832343638
7,1792167,1000208,1000208,947501,1001771,1.891467133,1.788998683
7,1843997,1000520,1000520,1000521,1001667,1.843036778,1.840928173
7,1843434,1000104,1000104,1000104,1001302,1.843242303,1.841036970
7,1836010,1000052,1000052,980937,1001302,1.871690027,1.833622623
7,1843725,1000260,1000260,1000261,1001458,1.843243913,1.841040763
7,1843469,1000260,1000260,1000209,1001406,1.843083795,1.840880722
7,1843705,1000260,1000260,1000260,1001615,1.843225761,1.840732217
7,1831697,1003750,1003750,981876,1004948,1.865507457,1.822678387
7,1843830,1000469,1000469,1000468,1001823,1.842967491,1.840474814
7,1843614,1000312,1000312,1000365,1001615,1.842941326,1.840641364
7,1843374,1000104,1000104,1000104,1001197,1.843182309,1.841170119
7,1838231,1000521,1000521,996250,1001667,1.845150314,1.835171769
7,1843431,1000156,1000156,1000104,1001250,1.843239303,1.841129588
7,1844087,1000469,1000469,1000469,1001563,1.843222529,1.841209190
7,1843544,1000313,1000313,1000260,1001354,1.843064803,1.841051217
7,1830157,1000625,1000625,984480,1001770,1.859008817,1.826923346
7,1843667,1000260,1000260,1000209,1001563,1.843281754,1.840789845
7,1843220,1000105,1000105,1000104,1001250,1.843028325,1.840918851
7,1843886,1000469,1000469,1000417,1001614,1.843117420,1.840914764
7,1835948,1000104,1000104,984844,1001511,1.864201843,1.833178068
7,1843666,1000208,1000208,1000261,1001666,1.843184929,1.840599561
7,1844164,1000521,1000521,1000469,1001615,1.843299493,1.841190477
7,1843746,1000416,1000416,1000365,1001510,1.843073278,1.840966141
7,1826730,1000521,1000521,979063,1001771,1.865794132,1.823500580
7,1843261,1000000,1000000,1000000,1001459,1.843261000,1.840575600
7,1843574,1000156,1000156,1000157,1001302,1.843284604,1.841176788
7,1843360,1000208,1000208,1000157,1001302,1.843070638,1.840963066
7,1836474,1000052,1000052,995573,1001250,1.844640222,1.834181273
7,1844017,1000468,1000468,1000417,1001562,1.843248365,1.841141138
7,1843549,1000156,1000156,1000156,1001250,1.843261451,1.841247441
7,1844154,1000521,1000521,1000469,1001615,1.843289497,1.841180494
7,1799155,1000729,1000729,961302,1002135,1.871581459,1.795321988
7,1843500,1000157,1000157,1000156,1001614,1.843212459,1.840529386
7,1843233,1000000,1000000,1000000,1001094,1.843233000,1.841218707
7,1843476,1000156,1000156,1000156,1001302,1.843188463,1.841078915
7,1834737,1000521,1000521,982291,1001771,1.867814120,1.831493425
7,1843880,1000365,1000365,1000364,1001459,1.843209072,1.841193698
7,1843008,1000104,1000104,1000052,1001510,1.842912169,1.840229254
7,1843036,1000000,1000000,1000000,1001094,1.843036000,1.841021922
7,1828740,1000209,1000209,978750,1001406,1.868444444,1.826172402
7,1843291,1000052,1000052,1000052,1001511,1.843195154,1.840509989
7,1843386,1000104,1000104,1000104,1001198,1.843194308,1.841180266
7,1842624,1000000,1000000,1000000,1001094,1.842624000,1.840610372
7,1835242,1000469,1000469,992186,1001667,1.849695521,1.832187743
7,1843435,1000208,1000208,1000261,1001354,1.842953989,1.840942364
7,1843732,1000416,1000416,1000417,1001510,1.842963484,1.840952162
7,1843383,1000104,1000104,1000052,1001198,1.843287149,1.841177270
7,1829666,1000573,1000573,983177,1002084,1.860973151,1.825860906
7,1843387,1000104,1000104,1000052,1001302,1.843291149,1.840990031
7,1843165,1000052,1000052,1000104,1001198,1.842973331,1.840959530
7,1843309,1000156,1000156,1000157,1001302,1.843019646,1.840912132
7,1835682,1000364,1000364,986094,1001771,1.861568978,1.832436755
7,1843530,1000156,1000156,1000105,1001354,1.843336450,1.841037236
7,1843307,1000156,1000156,1000156,1001354,1.843019489,1.840814537
7,1844109,1000469,1000469,1000468,1001615,1.843246361,1.841135566
7,1827688,1000157,1000157,981042,1001562,1.863006885,1.824837604
7,1843946,1000417,1000417,1000416,1001563,1.843179237,1.841068410
7,1843537,1000208,1000208,1000157,1001614,1.843247610,1.840566326
7,1843605,1000209,1000209,1000208,1001355,1.843221610,1.841110296
7,1836655,1000157,1000157,995833,1001303,1.844340366,1.834264953
7,1844225,1000572,1000572,1000521,1001666,1.843264659,1.841157631
7,1843345,1000156,1000156,1000208,1001302,1.842961664,1.840948086
7,1843152,1000052,1000052,1000052,1001198,1.843056161,1.840946546
7,1829177,1000417,1000417,980884,1001771,1.864824995,1.825943254
7,1843641,1000260,1000260,1000260,1001510,1.843161778,1.840861299
7,1843053,1000052,1000052,1000000,1001198,1.843053000,1.840847664
7,1843389,1000104,1000104,1000052,1001198,1.843293149,1.841183262
7,1835594,1000156,1000156,985260,1001458,1.863055437,1.832921600
7,1844106,1000521,1000521,1000469,1001927,1.843241520,1.840559242
7,1843230,1000156,1000156,1000104,1001250,1.843038324,1.840928839
7,1844063,1000468,1000468,1000469,1001614,1.843198540,1.841091478
7,1828963,1000521,1000521,985469,1001771,1.855931541,1.825729633
7,1844080,1000469,1000469,1000469,1001614,1.843215532,1.841108451
7,1843351,1000052,1000052,1000052,1001198,1.843255151,1.841145308
7,1843164,999948,999948,1000000,1001094,1.843164000,1.841149782
7,1836389,1000469,1000469,992030,1001667,1.851142607,1.833332834
7,1843755,1000260,1000260,1000261,1001406,1.843273906,1.841166320
7,1843158,1000052,1000052,1000104,1001198,1.842966332,1.840952539
7,1843572,1000364,1000364,1000365,1001771,1.842899342,1.840312806
7,1792401,1000416,1000416,945261,1001927,1.896196923,1.788953686
7,1843956,1000417,1000417,1000416,1001615,1.843189233,1.840982813
7,1843594,1000260,1000260,1000261,1001406,1.843112948,1.841005546
7,1843993,1000416,1000416,1000417,1001510,1.843224375,1.841212769
7,1834254,1000625,1000625,984584,1001979,1.862973601,1.830631181
7,1842981,1000000,1000000,1000000,1001042,1.842981000,1.841062613
7,1843189,1000000,1000000,999948,1001042,1.843284851,1.841270396
7,1844005,1000416,1000416,1000469,1001510,1.843140567,1.841224751
7,1828078,1000364,1000364,985417,1001667,1.855131381,1.825035666
7,1843738,1000261,1000261,1000260,1001510,1.843258753,1.840958153
7,1843848,1000364,1000364,1000365,1001406,1.843175241,1.841259190
7,1843972,1000521,1000521,1000573,1001562,1.842916009,1.841096208
7,1837552,1000417,1000417,996614,1001511,1.843795090,1.834779648
7,1843373,1000105,1000105,1000104,1001145,1.843181309,1.841264752
7,1843269,1000052,1000052,1000052,1001042,1.843173155,1.841350313
7,1832119,1000260,1000260,1000261,1001302,1.831640942,1.829736683
7,1825645,1000208,1000208,976355,1001562,1.869857787,1.822797790
7,1843014,1000261,1000261,1000312,1001563,1.842439159,1.840137865
7,1844155,1000625,1000625,1000677,1001927,1.842907352,1.840608148
7,1841988,1000364,1000364,1000313,1001614,1.841411638,1.839019822
7,1827625,1000261,1000261,964478,1001459,1.894936950,1.824962380
7,1843578,1000208,1000208,1000156,1001250,1.843290447,1.841276404
7,1843856,1000365,1000365,1000364,1001354,1.843185081,1.841362795
7,1844340,1000625,1000625,1000573,1001875,1.843283798,1.840888334
7,1830065,1000469,1000469,979687,1001666,1.868009885,1.827021183
7,1843740,1000313,1000313,1000260,1001459,1.843260752,1.841053902
7,1844188,1000572,1000572,1000573,1001666,1.843131885,1.841120693
7,1843474,1000104,1000104,1000156,1001094,1.843186463,1.841459443
7,1839832,1000416,1000416,995677,1001614,1.847820126,1.836867296
7,1843192,1000000,1000000,1000000,1001041,1.843192000,1.841275232
7,1843062,1000000,1000000,1000000,1000886,1.843062000,1.841430493
7,1843544,1000313,1000313,1000365,1001354,1.842871352,1.841051217
7,1809687,1002187,1002187,965053,1003229,1.875220325,1.803862329
7,1843472,1000156,1000156,1000156,1001354,1.843184463,1.840979314
7,1843793,1000365,1000365,1000312,1001458,1.843217916,1.841108664
7,1842991,1000000,1000000,1000000,1001042,1.842991000,1.841072602
7,1833475,1000208,1000208,974272,1001406,1.881892326,1.830900754
7,1843379,1000104,1000104,1000052,1001198,1.843283149,1.841173274
7,1844055,1000469,1000469,1000416,1001771,1.843288192,1.840794952
7,1843339,1000052,1000052,1000052,1001146,1.843243151,1.841228952
7,1814894,1000417,1000417,967917,1001666,1.875051270,1.811875416
7,1841975,999323,999323,999271,1001094,1.843318779,1.839962081
7,1842851,1000052,1000052,999948,1000990,1.842946833,1.841028382
7,1843328,1000052,1000052,1000104,1001094,1.843136314,1.841313603
7,1837630,1000312,1000312,995416,1001406,1.846092488,1.835049920
7,1843280,1000261,1000261,1000208,1001354,1.842896677,1.840787574
7,1843984,1000521,1000521,1000469,1001459,1.843119577,1.841297547
7,1843601,1000521,1000521,1000521,1001563,1.842640984,1.840723948
7,1823137,1000416,1000416,977864,1001719,1.864407525,1.820008406
7,1843544,1000156,1000156,1000156,1001302,1.843256452,1.841146827
7,1843601,1000208,1000208,1000157,1001510,1.843311600,1.840821360
7,1843785,1000313,1000313,1000312,1001354,1.843209919,1.841291891
7,1836013,1000469,1000469,978750,1001771,1.875875351,1.832767169
7,1843857,1000364,1000364,1000313,1001354,1.843280053,1.841363793
7,1843363,1000104,1000104,1000052,1001094,1.843267150,1.841348565
7,1843487,1000260,1000260,1000209,1001250,1.843101792,1.841185518
7,1832538,1000573,1000573,984480,1001823,1.861427353,1.829203362
7,1843924,1000364,1000364,1000313,1001406,1.843347032,1.841335083
7,1844087,1000573,1000573,1000573,1001510,1.843030943,1.841306627
7,1844122,1000469,1000469,1000521,1001407,1.843161713,1.841530966
7,1839105,1000625,1000625,998021,1001615,1.842751806,1.836139634
7,1844121,1000521,1000521,1000468,1001511,1.843258355,1.841338737
7,1843400,1000209,1000209,1000260,1001302,1.842920841,1.841003014
7,1831306,1000417,1000417,1000521,1001563,1.830352386,1.828448136
7,1833311,1000625,1000625,984843,1001718,1.861526152,1.830166773
7,1844153,1000520,1000520,1000469,1001458,1.843288498,1.841468139
7,1843609,1000208,1000208,1000208,1001198,1.843225609,1.841402999
7,1843412,1000104,1000104,1000104,1001094,1.843220305,1.841397511
7,1836303,1000261,1000261,980209,1001511,1.873379045,1.833532532
7,1844146,1000521,1000521,1000521,1001458,1.843185700,1.841461150
7,1844140,1000521,1000521,1000572,1001563,1.843085755,1.841262107
7,1843778,1000313,1000313,1000365,1001459,1.843105267,1.841091847
7,1831506,1000468,1000468,981823,1001510,1.865413623,1.828744596
7,1844127,1000469,1000469,1000573,1001511,1.843070920,1.841344728
7,1843749,1000312,1000312,1000261,1001250,1.843267907,1.841447191
7,1843283,1000053,1000053,1000052,1001042,1.843187154,1.841364298
7,1838662,1000573,1000573,996040,1001510,1.845972049,1.835889806
7,1843976,1000417,1000417,1000417,1001407,1.843207383,1.841385171
7,1843976,1000417,1000417,1000417,1001355,1.843207383,1.841480794
7,1843750,1000261,1000261,1000312,1001250,1.843174929,1.841448190
7,1832459,1000208,1000208,986615,1001302,1.857319218,1.830076241
7,1843868,1000365,1000365,1000312,1001250,1.843292893,1.841566042
7,1843649,1000260,1000260,1000208,1001094,1.843265601,1.841634252
7,1843096,999948,999948,999948,1000833,1.843191846,1.841561979
7,1834744,1000208,1000208,976980,1001198,1.877974984,1.832548607
7,1844153,1000521,1000521,1000521,1001510,1.843192697,1.841372527
7,1843580,1000209,1000209,1000156,1001146,1.843292446,1.841469676
7,1843956,1000417,1000417,1000416,1001354,1.843189233,1.841462660
7,1831135,1000313,1000313,985416,1001302,1.858235507,1.828753962
7,1844186,1000520,1000520,1000573,1001510,1.843129887,1.841405478
7,1844253,1000573,1000573,1000625,1001666,1.843101062,1.841185585
7,1838887,1000573,1000573,1000677,1001667,1.837642916,1.835826677
7,1833327,1000469,1000469,997708,1001615,1.837538639,1.830370951
7,1843799,1000312,1000312,1000365,1001302,1.843126259,1.841401495
7,1844083,1000521,1000521,1000469,1001406,1.843218531,1.841493860
7,1842392,1000260,1000260,1000260,1001198,1.841913103,1.840187455
7,1833020,1000417,1000417,985729,1001510,1.859557749,1.830256313
7,1843468,1000156,1000156,1000104,1001146,1.843276299,1.841357804
7,1844267,1000573,1000573,1000521,1001511,1.843306637,1.841484517
7,1842769,1000156,1000156,1000313,1001303,1.842192394,1.840370997
7,1933243,1000416,1000416,981458,1001511,1.969766409,1.930326277
7,2093612,1000364,1000364,1000313,1001145,2.092956904,2.091217556
7,2091569,1000052,1000052,1000052,1000886,2.091460244,2.089717510
7,2093074,1000156,1000156,1000156,1000990,2.092747531,2.091003906
7,2078227,1000313,1000313,985311,1001302,2.109209174,2.075524667
7,2092880,1000000,1000000,1000052,1000990,2.092771176,2.090810098
7,2092750,999948,999948,999948,1000833,2.092858829,2.091008190
7,2092828,1000365,1000365,1000313,1001198,2.092173150,2.090323792
7,1840234,1000468,1000468,989166,1001615,1.860389459,1.837266814
7,1843517,1000157,1000157,1000208,1001250,1.843133628,1.841215481
7,1841030,1000052,1000052,1000000,1001094,1.841030000,1.839018114
7,1841108,1000469,1000469,1000469,1001562,1.840244925,1.838236674
7,1826373,1000365,1000365,978541,1001563,1.866424606,1.823522834
7,1843579,1000416,1000416,1000469,1001563,1.842714767,1.840701983
7,1842356,1000052,1000052,1000105,1001093,1.842162573,1.840344503
7,1842816,1000260,1000260,1000261,1001302,1.842335151,1.840419773
7,1829225,1000209,1000209,974167,1001563,1.877732463,1.826370383
7,1840548,1000417,1000417,1000417,1001771,1.839780811,1.837294152
7,1843753,1000260,1000260,1000312,1001614,1.843177928,1.840781978
7,1843591,1000209,1000209,1000208,1001302,1.843207613,1.841193766
7,1825400,1000625,1000625,977813,1001875,1.866819116,1.821983780
7,1844127,1000521,1000521,1000469,1001927,1.843262510,1.840580202
7,1843952,1000416,1000416,1000417,1001563,1.843183393,1.841074401
7,1842520,1000469,1000469,1000468,1001614,1.841658104,1.839550965
7,1836043,1000469,1000469,989220,1001979,1.856051232,1.832416647
7,1843985,1000469,1000469,1000416,1001614,1.843218221,1.841013604
7,1843705,1000260,1000260,1000261,1001406,1.843223919,1.841116390
7,1843695,1000260,1000260,1000261,1001354,1.843213921,1.841202012
7,1827381,1000260,1000260,982084,1001823,1.860717617,1.824055746
7,1843115,999948,999948,999948,1001145,1.843210847,1.841007047
7,1844184,1000573,1000573,1000521,1001667,1.843223680,1.841114862
7,1843693,1000261,1000261,1000260,1001719,1.843213764,1.840529130
7,1832426,1000625,1000625,975105,1001979,1.879208906,1.828806791
7,1843378,1000105,1000105,1000156,1001354,1.843090478,1.840885441
7,1843284,1000052,1000052,1000000,1001198,1.843284000,1.841078388
7,1844112,1000521,1000521,1000469,1001614,1.843247517,1.841140399
7,1830165,1000625,1000625,982031,1002136,1.863652980,1.826264100
7,1843990,1000416,1000416,1000365,1001615,1.843317189,1.841016758
7,1843659,1000261,1000261,1000260,1001406,1.843179773,1.841070455
7,1844214,1000573,1000573,1000573,1001667,1.843157871,1.841144812
7,1835020,1000208,1000208,987136,1001667,1.858933318,1.831966112
7,1843507,1000156,1000156,1000157,1001563,1.843217615,1.840630095
7,1843505,1000156,1000156,1000208,1001302,1.843121631,1.841107878
7,1843670,1000261,1000261,1000260,1001406,1.843190770,1.841081439
7,1828741,1000209,1000209,978958,1001771,1.868048476,1.825508025
7,1844057,1000468,1000468,1000469,1001719,1.843192543,1.840892506
7,1843987,1000417,1000417,1000417,1001562,1.843218378,1.841111184
7,1843204,1000000,1000000,999948,1001146,1.843299852,1.841094106
7,1836084,1000573,1000573,985677,1001771,1.862764374,1.832838044
7,1843831,1000313,1000313,1000313,1001667,1.843254061,1.840762449
7,1843088,999948,999948,999948,1001093,1.843183846,1.841075704
7,1843488,1000156,1000156,1000105,1001250,1.843294454,1.841186517
7,1830410,1000677,1000677,984375,1001823,1.859464127,1.827079235
7,1843877,1000365,1000365,1000364,1001511,1.843206073,1.841095105
7,1843330,1000052,1000052,1000104,1001354,1.843138314,1.840837506
7,1843211,1000000,1000000,1000000,1001146,1.843211000,1.841101098
7,1835489,1000416,1000416,995365,1001719,1.844036107,1.832339209
7,1843465,1000157,1000157,1000104,1001250,1.843273300,1.841163546
7,1844176,1000521,1000521,1000469,1001614,1.843311487,1.841204296
7,1843738,1000312,1000312,1000260,1001563,1.843258753,1.840860735
7,1811991,1000261,1000261,972082,1001458,1.864031018,1.809352963
7,1843504,1000208,1000208,1000157,1001302,1.843214615,1.841106879
7,1843374,1000104,1000104,1000052,1001354,1.843278150,1.840881447
7,1844114,1000521,1000521,1000521,1001979,1.843153717,1.840471706
7,1833595,1000208,1000208,976876,1001407,1.876998718,1.831018757
7,1844056,1000469,1000469,1000469,1001458,1.843191543,1.841371281
7,1843844,1000364,1000364,1000365,1001406,1.843171242,1.841255195
7,1843824,1000364,1000364,1000313,1001406,1.843247064,1.841235223
7,1830288,1000208,1000208,985053,1001407,1.858060429,1.827716403
7,1843994,1000417,1000417,1000416,1001354,1.843227217,1.841500608
7,1843691,1000260,1000260,1000261,1001250,1.843209922,1.841389263
7,1843115,999948,999948,999948,1000990,1.843210847,1.841292121
7,1836590,1000052,1000052,997448,1001041,1.841288969,1.834680098
7,1843695,1000260,1000260,1000261,1001198,1.843213921,1.841488896
7,1843466,1000156,1000156,1000156,1001042,1.843178464,1.841547108
7,1843623,1000260,1000260,1000208,1001094,1.843239606,1.841608281
7,1830213,1000416,1000416,988125,1001407,1.852207970,1.827641508
7,1843721,1000261,1000261,1000260,1001198,1.843241757,1.841514865
7,1843414,1000156,1000156,1000104,1001198,1.843222305,1.841208233
7,1844021,1000469,1000469,1000416,1001406,1.843254206,1.841431947
7,1836621,1000469,1000469,985988,1001562,1.862721453,1.833756672
7,1843153,1000000,1000000,999948,1000938,1.843248849,1.841425743
7,1843268,1000052,1000052,1000052,1000989,1.843172155,1.841446809
7,1843519,1000156,1000156,1000156,1001250,1.843231456,1.841217478
7,1829335,1000521,1000521,984689,1001823,1.857779461,1.826006191
7,1843828,1000312,1000312,1000365,1001458,1.843155248,1.841143613
7,1843206,1000000,1000000,1000052,1001042,1.843110158,1.841287379
7,1843778,1000313,1000313,1000312,1001354,1.843202921,1.841284900
7,1837984,1000365,1000365,996771,1001510,1.843938076,1.835212829
7,1843469,1000156,1000156,1000157,1001198,1.843179621,1.841263167
7,1843909,1000364,1000364,1000417,1001406,1.843140410,1.841320104
7,1843425,1000156,1000156,1000104,1001146,1.843233304,1.841314853
7,1829669,1000365,1000365,982605,1001719,1.862059525,1.826529196
7,1843687,1000260,1000260,1000261,1001562,1.843205923,1.840811652
7,1843207,1000000,1000000,1000000,1000990,1.843207000,1.841384030
7,1844058,1000468,1000468,1000417,1001458,1.843289348,1.841373278
7,1835131,1000625,1000625,978021,1002136,1.876371775,1.831219515
7,1843285,1000052,1000052,1000104,1001198,1.843093318,1.841079387
7,1843892,1000365,1000365,1000365,1001510,1.843219225,1.841111921
7,1843529,1000208,1000208,1000157,1001302,1.843239611,1.841131846
7,1827576,1000469,1000469,981146,1001927,1.862695256,1.824061034
7,1843368,1000052,1000052,1000052,1001198,1.843272150,1.841162288
7,1843657,1000260,1000260,1000208,1001355,1.843273599,1.841162225
7,1844057,1000469,1000469,1000468,1001562,1.843194385,1.841181075
7,1835994,1000312,1000312,991615,1001823,1.851518987,1.832653073
7,1844070,1000468,1000468,1000417,1001562,1.843301343,1.841194055
7,1843881,1000365,1000365,1000312,1001511,1.843305889,1.841099099
7,1844072,1000469,1000469,1000469,1001562,1.843207536,1.841196052
7,1827323,1000729,1000729,982449,1002292,1.859967286,1.823144353
7,1843647,1000261,1000261,1000208,1001407,1.843263601,1.841056633
7,1843922,1000417,1000417,1000417,1001562,1.843153405,1.841046286
7,1843929,1000416,1000416,1000365,1001511,1.843256211,1.841147027
7,1835612,1000156,1000156,982656,1001406,1.868010779,1.833034753
7,1843318,1000052,1000052,1000053,1001250,1.843220309,1.841016729
7,1843717,1000312,1000312,1000261,1001719,1.843235915,1.840553089
7,1843350,1000104,1000104,1000104,1001198,1.843158312,1.841144309
7,1829122,1000313,1000313,979635,1001822,1.867146437,1.825795401
7,1843056,999948,999948,999896,1001198,1.843247698,1.840850661
7,1843962,1000417,1000417,1000364,1001511,1.843291042,1.841179977
7,1843575,1000208,1000208,1000209,1001302,1.843189773,1.841177787
7,1837848,1000416,1000416,996146,1001667,1.844958470,1.834789406
7,1844061,1000521,1000521,1000469,1001562,1.843196541,1.841185069
7,1843683,1000260,1000260,1000208,1001510,1.843299594,1.840903236
7,1843977,1000416,1000416,1000417,1001406,1.843208382,1.841388008
7,1830408,1000416,1000416,984688,1001719,1.858871033,1.827266928
7,1843426,1000156,1000156,1000104,1001198,1.843234304,1.841220218
7,1843764,1000312,1000312,1000313,1001511,1.843187082,1.840982276
7,1843399,1000104,1000104,1000104,1001094,1.843207306,1.841384525
7,1834087,1000156,1000156,981147,1001615,1.869329468,1.831129725
7,1843331,1000105,1000105,1000052,1001198,1.843235152,1.841125332
7,1844133,1000469,1000469,1000469,1001614,1.843268507,1.841161366
7,1843431,1000104,1000104,1000104,1001250,1.843239303,1.841129588
7,1827027,1000468,1000468,978491,1001823,1.867188354,1.823702391
7,1844069,1000469,1000469,1000468,1001615,1.843206379,1.841095631
7,1843444,1000105,1000105,1000156,1001458,1.843156468,1.840760172
7,1844162,1000520,1000520,1000521,1001614,1.843201692,1.841190319
7,1838693,1000104,1000104,996250,1001407,1.845614053,1.836109594
7,1844105,1000521,1000521,1000521,1001823,1.843144722,1.840749314
7,1844143,1000521,1000521,1000469,1001562,1.843278502,1.841266941
7,1843743,1000260,1000260,1000261,1001302,1.843261909,1.841345568
7,1827242,1000156,1000156,983646,1001562,1.857621543,1.824392299
7,1843741,1000313,1000313,1000260,1001354,1.843261752,1.841247950
7,1843840,1000364,1000364,1000365,1001458,1.843167244,1.841155595
7,1879509,1026614,1026614,1006458,1027813,1.867449014,1.828648791
7,1844152,1000469,1000469,999427,1001979,1.845209305,1.840509631
7,1843592,1000208,1000208,1000208,1001302,1.843208613,1.841194764
7,1843641,1000209,1000209,1000208,1001303,1.843257602,1.841241862
7,1836087,1000104,1000104,990208,1001355,1.854243755,1.833602469
7,1835144,1000365,1000365,992187,1001822,1.849594885,1.831806449
7,1831909,1000573,1000573,1000833,1002188,1.830384290,1.827909534
7,1843968,1000417,1000417,1000834,1002135,1.842431412,1.840039516
7,1835339,1000156,1000156,993958,1001407,1.846495526,1.832760306
7,1843258,1000053,1000053,1000000,1001146,1.843258000,1.841148044
7,1843522,1000521,1000521,1000729,1002240,1.842179051,1.839401740
7,1841420,1000156,1000156,1000261,1001406,1.840939515,1.838834599
7,1836134,1000677,1000677,989635,1001927,1.855364857,1.832602575
7,1828496,1000573,1000573,991666,1001875,1.843862752,1.825073986
7,1841974,1000469,1000469,1000469,1001615,1.841110519,1.839004009
7,1840925,1000417,1000417,1000417,1001562,1.840157654,1.838053960
7,1828276,1000312,1000312,968490,1001510,1.887759295,1.825519466
7,1841941,1000469,1000469,1000416,1001719,1.841175071,1.838780137
7,1841975,1000052,1000052,1000053,1001354,1.841877380,1.839484338
7,1841188,1000573,1000573,1000520,1001823,1.840231080,1.837837622
7,1831917,1000312,1000312,987865,1001562,1.854420391,1.829060008
7,1832198,1000105,1000105,991302,1001406,1.848274290,1.829625546
7,1841293,1000156,1000156,1000156,1001042,1.841005803,1.839376370
7,1842754,1000417,1000417,1000573,1001562,1.841698707,1.839880107
7,1834533,1000260,1000260,997344,1001302,1.839418496,1.832147544
7,1837431,1000156,1000156,1000209,1001094,1.837047057,1.835423047
7,1840370,1000468,1000468,1000521,1001458,1.839411667,1.837690647
7,1840544,1000469,1000469,1000469,1001511,1.839681190,1.837767134
7,1833433,1004479,1004479,990416,1005417,1.851174658,1.823554804
7,1841856,1000677,1000677,1000677,1001615,1.840609907,1.838886199
7,1841701,1000209,1000209,1000260,1001510,1.841222282,1.838924224
7,1840822,1000312,1000312,1000312,1001406,1.840247843,1.838237438
7,1833408,1000313,1000313,979166,1001458,1.872417956,1.830738783
7,1839483,1000104,1000104,1000105,1001354,1.839289875,1.836995708
7,1840705,1000260,1000260,1000313,1001458,1.840129040,1.838025159
7,1843299,1000052,1000052,1000052,1001094,1.843203153,1.841284635
7,1830204,1000729,1000729,985468,1001823,1.857192725,1.826873609
7,1839745,999895,999895,999844,1001146,1.840032045,1.837639066
7,1840298,1000313,1000313,1000312,1001355,1.839724006,1.837807770
7,1839580,1000313,1000313,1000312,1001355,1.839006230,1.837090742
7,1831328,1000573,1000573,990990,1001667,1.847978284,1.828280257
7,1840428,1000417,1000417,1000416,1001615,1.839662700,1.837460501
7,1839600,1000052,1000052,1000052,1001041,1.839504346,1.837686968
7,1839187,1000260,1000260,1000208,1001250,1.838804529,1.836890886
7,1821225,1000104,1000104,980677,1001198,1.857109935,1.819045783
7,1839706,1000052,1000052,1000000,1001094,1.839706000,1.837695561
7,1840849,1000313,1000313,1000260,1001354,1.840370504,1.838359861
7,1837873,1000364,1000364,1000365,1001406,1.837202421,1.835292579
7,1836832,1000312,1000312,984896,1001354,1.865000975,1.834348292
7,1839062,1000104,1000104,1000104,1001094,1.838870757,1.837052265
7,1839607,1000260,1000260,1000261,1001198,1.839126988,1.837405788
7,1839509,1000157,1000157,1000104,1001093,1.839317711,1.837500612
7,1828173,1000469,1000469,985260,1003229,1.855523415,1.822288829
7,1841701,1000416,1000416,1000417,1001562,1.840933331,1.838828749
7,1839932,1000364,1000364,1000365,1001302,1.839260670,1.837539524
7,1840815,1000573,1000573,1000625,1001563,1.839665209,1.837942296
7,1832257,1000156,1000156,995572,1001146,1.840406319,1.830159637
7,1840983,1000625,1000625,1000677,1001719,1.839737498,1.837823781
7,1834186,1000468,1000468,1000521,1001562,1.833230887,1.831325470
7,1843174,1000729,1000729,1000781,1001823,1.841735604,1.839820008
7,1824155,1000469,1000469,978439,1001563,1.864352300,1.821308295
7,1843381,1000052,1000052,1000104,1001145,1.843189308,1.841272743
7,1843124,1000000,1000000,1000000,1000938,1.843124000,1.841396770
7,1843928,1000417,1000417,1000417,1001354,1.843159403,1.841434697
7,1843615,1000052,1000052,979167,1001093,1.882840210,1.841602129
7,2088400,1000208,1000208,1000261,1001094,2.087855070,2.086117787
7,2093324,1000209,1000209,1000469,1001459,2.092342691,2.090274290
7,2092019,999948,999948,999896,1000781,2.092236593,2.090386408
7,2080715,1000261,1000261,986770,1001146,2.108611936,2.078333230
7,2093114,1000156,1000156,1000157,1001042,2.092785433,2.090935245
7,2093325,1000261,1000261,1000260,1001094,2.092780877,2.091037405
7,2093514,1000364,1000364,1000365,1001198,2.092750146,2.091008971
7,2089144,1000365,1000365,997552,1001354,2.094270775,2.086319124
7,2093123,1000156,1000156,1000157,1000938,2.092794431,2.091161491
7,2039077,1000573,1000573,1000625,1001459,2.037803373,2.036106321
7,1839069,1000208,1000208,1000208,1001145,1.838686553,1.836965674
7,1831891,1000521,1000521,985677,1001563,1.858510445,1.829032223
7,1843233,1000052,1000052,1000052,1000937,1.843137157,1.841507507
7,1844074,1000521,1000521,1000468,1001354,1.843211377,1.841580500
7,1843529,1000156,1000156,1000156,1001042,1.843241454,1.841610042
7,1823727,1000364,1000364,969949,1001406,1.880229785,1.821166440
7,1839573,1000156,1000156,1000156,1001042,1.839286071,1.837658160
7,1844001,1000416,1000416,1000417,1001354,1.843232372,1.841507599
7,1841426,1000104,1000104,1000156,1001146,1.841138782,1.839318141
7,1832115,1000417,1000417,986564,1001511,1.857066546,1.829350851
7,1844153,1000521,1000521,1000520,1001563,1.843194539,1.841275087
7,1843698,1000313,1000313,1000260,1001355,1.843218763,1.841203170
7,1844235,1000573,1000573,1000573,1001511,1.843178859,1.841452565
7,1839519,1000416,1000416,995990,1001510,1.846925170,1.836745514
7,1844216,1000521,1000521,1000520,1001511,1.843257506,1.841433594
7,1843964,1000520,1000520,1000573,1001666,1.842908014,1.840897065
7,1831937,1000677,1000677,1000729,1001823,1.830602491,1.828603456
7,1830277,1000260,1000260,983125,1001458,1.861693071,1.827612341
7,1843367,1000469,1000469,1000469,1001511,1.842502866,1.840585875
7,1843758,1000312,1000312,1000313,1001250,1.843181084,1.841456180
7,1843164,1000000,1000000,1000000,1000885,1.843164000,1.841534242
7,1835680,1000468,1000468,978177,1001510,1.876633779,1.832912302
7,1843650,1000157,1000157,1000260,1001198,1.843170776,1.841443950
7,1844204,1000521,1000521,1000573,1001511,1.843147876,1.841421612
7,1843650,1000208,1000208,1000365,1001354,1.842977313,1.841157073
7,1831436,1000677,1000677,984532,1001771,1.860209724,1.828198261
7,1844016,1000469,1000469,1000417,1001406,1.843247366,1.841426954
7,1843094,999948,999948,999948,1000885,1.843189846,1.841464304
7,1843248,1000000,1000000,1000000,1000938,1.843248000,1.841520654
7,1838780,1000521,1000521,995105,1001458,1.847825104,1.836102962
7,1843349,1000104,1000104,1000052,1000989,1.843253151,1.841527729
7,1843245,1000052,1000052,1000052,1001042,1.843149156,1.841326338
7,1843293,1000052,1000052,1000052,1000937,1.843197154,1.841567451
7,1827948,1000729,1000729,981875,1001875,1.861691152,1.824527012
7,1844032,1000416,1000416,1000417,1001511,1.843263359,1.841249871
7,1843996,1000416,1000416,1000417,1001458,1.843227374,1.841311368
7,1842486,1000469,1000469,1000468,1001666,1.841624120,1.839421524
7,1835017,1000678,1000678,977343,1001927,1.877556805,1.831487723
7,1843751,1000312,1000312,1000573,1002032,1.842695136,1.840012095
7,1843928,1000416,1000416,1000365,1001510,1.843255212,1.841147867
7,1843186,1000000,1000000,999948,1001094,1.843281851,1.841171758
7,1823280,1000312,1000312,974530,1001562,1.870932655,1.820436478
7,1843930,1000416,1000416,1000417,1001563,1.843161402,1.841052435
7,1843778,1000313,1000313,1000260,1001719,1.843298742,1.840613985
7,1843603,1000208,1000208,1000209,1001302,1.843217767,1.841205750
7,1833708,1000625,1000625,986770,1001927,1.858293219,1.830181241
7,1843425,1000104,1000104,1000104,1001198,1.843233304,1.841219219
7,1843962,1000417,1000417,1000416,1001510,1.843195231,1.841181815
7,1843330,1000104,1000104,1000052,1001198,1.843234152,1.841124333
7,1824537,1000573,1000573,979010,1001875,1.863655121,1.821122396
7,1843548,1000156,1000156,1000157,1001667,1.843258608,1.840479920
7,1843702,1000313,1000313,1000260,1001406,1.843222762,1.841113395
7,1843726,1000261,1000261,1000209,1001667,1.843340742,1.840657624
7,1835699,1000469,1000469,981668,1002083,1.869979464,1.831883187
7,1843612,1000417,1000417,1000469,1001563,1.842747751,1.840734931
7,1844082,1000469,1000469,1000469,1001562,1.843217531,1.841206036
7,1843485,1000157,1000157,1000156,1001354,1.843197461,1.840992296
7,1826092,1000365,1000365,977916,1001667,1.867330118,1.823052971
7,1844008,1000416,1000416,1000417,1001927,1.843239369,1.840461431
7,1843968,1000416,1000416,1000417,1001563,1.843199386,1.841090376
7,1843358,1000208,1000208,1000156,1001302,1.843070481,1.840961069
7,1838156,1000625,1000625,994896,1001771,1.847586079,1.834906381
7,1844071,1000469,1000469,1000416,1001562,1.843304185,1.841195053
7,1843175,999947,999947,999948,1001406,1.843270850,1.840587134
7,1843572,1000208,1000208,1000209,1001302,1.843186774,1.841174790
7,1781901,1000521,1000521,952083,1002032,1.871581574,1.778287520
7,1843337,1000157,1000157,1000156,1001354,1.843049484,1.840844497
7,1844164,1000520,1000520,1000469,1001667,1.843299493,1.841094895
7,1843698,1000365,1000365,1000364,1001510,1.843027138,1.840918213
7,1835616,1000520,1000520,984479,1001979,1.864555770,1.831990491
7,1844098,1000521,1000521,1000469,1001615,1.843233523,1.841124584
7,1843512,1000157,1000157,1000156,1001302,1.843224457,1.841114868
7,1843276,1000052,1000052,1000052,1001146,1.843180155,1.841166024
7,1831103,1000313,1000313,985052,1001719,1.858889683,1.827960735
7,1843166,1000000,1000000,1000000,1001094,1.843166000,1.841151780
7,1843685,1000260,1000260,1000261,1001458,1.843203924,1.841000821
7,1843426,1000260,1000260,1000208,1001302,1.843042647,1.841028980
7,1834593,1000677,1000677,988228,1002083,1.856447095,1.830779486
7,1843241,1000104,1000104,1000104,1001511,1.843049323,1.840460065
7,1843837,1000469,1000469,1000416,1001562,1.843070283,1.840961418
7,1843493,1000365,1000365,1000312,1001406,1.842918010,1.840904688
7,1825550,1000677,1000677,981406,1002084,1.860137395,1.821753466
7,1843955,1000365,1000365,1000365,1001614,1.843282202,1.840983652
7,1843824,1000312,1000312,1000313,1001615,1.843247064,1.840851026
7,1843282,1000000,1000000,1000052,1001198,1.843186154,1.841076390
7,1835074,1000573,1000573,980520,1002083,1.871531432,1.831259486
7,1843093,999948,999948,999896,1001407,1.843284702,1.840503412
7,1843510,1000208,1000208,1000156,1001302,1.843222457,1.841112871
7,1843538,1000156,1000156,1000156,1001302,1.843250453,1.841140835
7,1827295,1000000,1000000,980885,1001354,1.862904418,1.824824188
7,1843526,1000208,1000208,1000208,1001094,1.843142626,1.841511387
7,1843687,1000260,1000260,1000313,1001145,1.843110107,1.841578393
7,1842976,1000000,1000000,999948,1000834,1.843071840,1.841440239
7,1839331,1000156,1000156,996720,1001093,1.845383859,1.837322806
7,1843779,1000365,1000365,1000313,1001303,1.843202078,1.841379682
7,1843187,1000000,1000000,999948,1000886,1.843282851,1.841555382
7,1843185,1000104,1000104,1000052,1000937,1.843089159,1.841459552
7,1833274,1000937,1000937,987761,1002292,1.855989455,1.829081745
7,1843393,1000209,1000209,1000208,1001406,1.843009654,1.840804828
7,1843697,1000261,1000261,1000208,1001354,1.843313591,1.841204010
7,1843260,1000417,1000417,1000365,1001563,1.842587456,1.840383481
7,1834038,1000260,1000260,985261,1001615,1.861474269,1.831080805
7,1843800,1000312,1000312,1000261,1001459,1.843318894,1.841113815
7,1842849,1000052,1000052,1000000,1001146,1.842849000,1.840739513
7,1843779,1000416,1000416,1000365,1001823,1.843106266,1.840423907
7,1829363,1000469,1000469,982136,1001927,1.862637150,1.825844597
7,1843853,1000364,1000364,1000365,1001511,1.843180239,1.841071142
7,1844089,1000469,1000469,1000468,1001614,1.843226370,1.841117436
7,1843656,1000260,1000260,1000261,1001354,1.843174931,1.841163065
7,1837686,1000000,1000000,995312,1001198,1.846341650,1.835487086
7,1844087,1000468,1000468,1000521,1001615,1.843126731,1.841113602
7,1843909,1000417,1000417,1000364,1001510,1.843238061,1.841128895
7,1843179,1000000,1000000,1000000,1001094,1.843179000,1.841164766
7,1826258,1000677,1000677,984219,1002135,1.855540281,1.822367246
7,1843589,1000208,1000208,1000209,1001667,1.843203770,1.840520852
7,1843741,1000261,1000261,1000260,1001406,1.843261752,1.841152340
7,1843409,1000105,1000105,1000104,1001198,1.843217305,1.841203239
7,1833226,1000417,1000417,979167,1001927,1.872230171,1.829700168
7,1844012,1000416,1000416,1000469,1001563,1.843147564,1.841134307
7,1843278,1000052,1000052,1000052,1001198,1.843182155,1.841072395
7,1843385,1000104,1000104,1000105,1001250,1.843191465,1.841083645
7,1829096,1000364,1000364,982396,1001875,1.861872402,1.825672863
7,1843861,1000469,1000469,1000417,1001666,1.843092430,1.840794237
7,1843206,1000104,1000104,1000105,1001250,1.843012484,1.840904869
7,1843484,1000156,1000156,1000104,1001563,1.843292298,1.840607131
7,1837120,1000521,1000521,991770,1001979,1.852364964,1.833491520
7,1843714,1000365,1000365,1000313,1001458,1.843137098,1.841029779
7,1843428,1000156,1000156,1000104,1001250,1.843236303,1.841126592
7,1843484,1000156,1000156,1000156,1001250,1.843196461,1.841182522
7,1827196,1000364,1000364,982449,1001875,1.859838017,1.823776419
7,1843202,1000000,1000000,1000053,1001198,1.843104315,1.840996486
7,1843919,1000416,1000416,1000365,1001511,1.843246215,1.841137042
7,1843818,1000313,1000313,1000312,1001458,1.843242908,1.841133627
7,1835484,1000364,1000364,996667,1001667,1.841622127,1.832429340
7,1843950,1000417,1000417,1000364,1001458,1.843279046,1.841265435
7,1843785,1000469,1000469,1000416,1001614,1.843018304,1.840813926
7,1843179,1000208,1000208,1000156,1001250,1.842891509,1.840877903
7,1826689,1000105,1000105,983646,1001458,1.857059349,1.824029565
7,1843748,1000261,1000261,1000260,1001302,1.843268750,1.841350562
7,1843680,1000261,1000261,1000260,1001302,1.843200768,1.841282650
7,1843853,1000469,1000469,1000417,1001510,1.843084434,1.841072980
7,1837345,1000416,1000416,997605,1001563,1.841756006,1.834477711
7,1843811,1000313,1000313,1000260,1001562,1.843331734,1.840935459
7,1843666,1000365,1000365,1000365,1001406,1.842993307,1.841077445
7,1843917,1000469,1000469,1000469,1001562,1.843052608,1.841041293
7,1825894,1000416,1000416,985261,1001719,1.853208439,1.822760674
7,1843352,1000052,1000052,1000052,1001094,1.843256151,1.841337577
7,1843403,1000104,1000104,1000104,1001042,1.843211306,1.841484173
7,1843453,1000208,1000208,1000261,1001198,1.842971984,1.841247186
7,1837070,1000573,1000573,983073,1001614,1.868701510,1.834109747
7,1843561,1000208,1000208,1000209,1001146,1.843175776,1.841450698
7,1843211,1000104,1000104,1000052,1001198,1.843115158,1.841005475
7,1843405,1000156,1000156,1000104,1001042,1.843213306,1.841486171
7,1826727,1000364,1000364,982135,1001615,1.859955098,1.823781593
7,1843500,1000156,1000156,1000156,1001198,1.843212459,1.841294130
7,1844069,1000469,1000469,1000417,1001667,1.843300344,1.841000053
7,1843546,1000208,1000208,1000157,1001250,1.843256609,1.841244444
7,1836387,1000208,1000208,991875,1001510,1.851429868,1.833618236
7,1843495,1000156,1000156,1000156,1001145,1.843207460,1.841386612
7,1843449,1000208,1000208,1000261,1001250,1.842967985,1.841147566
7,1843110,1000052,1000052,1000000,1001094,1.843110000,1.841095841
7,1825529,1000261,1000261,983957,1001614,1.855293473,1.822587344
7,1843320,1000260,1000260,1000312,1001407,1.842745064,1.840730093
7,1843639,1000260,1000260,1000208,1001303,1.843255603,1.841239864
7,1843244,1000000,1000000,1000000,1001042,1.843244000,1.841325339
7,1828674,1000677,1000677,970833,1001927,1.883613351,1.825156923
7,1843552,1000208,1000208,1000157,1001615,1.843262608,1.840579464
7,1843625,1000209,1000209,1000208,1001354,1.843241606,1.841132107
7,1843320,1000052,1000052,1000052,1001198,1.843224152,1.841114345
7,1828636,1000521,1000521,981770,1002083,1.862591035,1.824834869
7,1844123,1000521,1000521,1000469,1001615,1.843258512,1.841149543
7,1843507,1000261,1000261,1000208,1001354,1.843123630,1.841014267
7,1843288,1000157,1000157,1000156,1001250,1.843000492,1.840986767
7,1828999,1000417,1000417,995625,1001614,1.837036033,1.826051752
7,1839950,1000729,1000729,1000781,1002136,1.838514120,1.836028244
7,1843595,1000209,1000209,1000260,1001458,1.843115790,1.840910952
7,1843320,1000104,1000104,1000104,1001198,1.843128315,1.841114345
7,1803293,1000521,1000521,962448,1001614,1.873652395,1.800387175
7,1843770,1000625,1000625,1000781,1002083,1.842331139,1.839937410
7,1844257,1000468,1000468,1000521,1002031,1.843296642,1.840518906
7,1843624,1000208,1000208,1000209,1001354,1.843238763,1.841131108
7,1836577,1000365,1000365,979479,1001927,1.875055004,1.833044723
7,1843304,1000052,1000052,1000104,1001197,1.843112316,1.841100203
7,1843370,1000052,1000052,1000052,1001198,1.843274150,1.841164285
7,1843603,1000208,1000208,1000260,1001459,1.843123788,1.840917102
7,1829454,1000365,1000365,981615,1001719,1.863718464,1.826314565
7,1843098,999948,999948,999896,1000990,1.843289702,1.841275138
7,1844556,1000781,1000781,1001093,1002083,1.842542101,1.840721777
7,1843941,1000417,1000417,1000364,1001354,1.843270050,1.841447680
7,1837107,1000313,1000313,994583,1001250,1.847112810,1.834813483
7,1843811,1000365,1000365,1000417,1001458,1.843042451,1.841126637
7,1843822,1000312,1000312,1000313,1001458,1.843245064,1.841137621
7,1843619,1000208,1000208,1000209,1001146,1.843233764,1.841508631
7,1829773,1000417,1000417,982552,1001354,1.862265814,1.827298837
7,1843911,1000364,1000364,1000365,1001615,1.843238218,1.840937885
7,1843524,1000208,1000208,1000209,1001667,1.843138784,1.840455960
7,1843757,1000313,1000313,1000260,1001510,1.843277748,1.840977125
7,1834985,1000625,1000625,974687,1002083,1.882640273,1.831170671
7,1843704,1000261,1000261,1000260,1001459,1.843224762,1.841017955
7,1843399,1000104,1000104,1000156,1001250,1.843111475,1.841097628
7,1843068,999895,999895,999948,1001198,1.843163845,1.840862647
7,1814407,1000261,1000261,968436,1001615,1.873543528,1.811481457
7,1843472,1000157,1000157,1000104,1001407,1.843280299,1.840881879
7,1844048,1000417,1000417,1000365,1001562,1.843375168,1.841172089
7,1843827,1000312,1000312,1000312,1001823,1.843251905,1.840471820
7,1835921,1000104,1000104,985261,1001667,1.863385438,1.832865613
7,1843697,1000313,1000313,1000261,1001406,1.843215921,1.841108402
7,1843842,1000312,1000312,1000365,1001458,1.843169243,1.841157592
7,1844208,1000521,1000521,1000573,1001615,1.843151874,1.841234406
7,1812436,1000417,1000417,966199,1001718,1.875841312,1.809327575
7,1843496,1000156,1000156,1000104,1001666,1.843304296,1.840429844
7,1844143,1000521,1000521,1000468,1001667,1.843280345,1.841073930
7,1843535,1000157,1000157,1000156,1001302,1.843247453,1.841137839
7,1835762,1000209,1000209,977292,1001614,1.878417095,1.832803855
7,1843860,1000365,1000365,1000364,1001458,1.843189079,1.841175566
7,1843392,1000104,1000104,1000104,1001355,1.843200307,1.840897584
7,1842277,1000365,1000365,1000365,1001667,1.841604814,1.839211035
7,1806491,1000312,1000312,962552,1001510,1.876772372,1.803767311
7,1843279,1000052,1000052,1000000,1000989,1.843279000,1.841457798
7,1844123,1000468,1000468,1000469,1001406,1.843258512,1.841533803
7,1843650,1000260,1000260,1000261,1001250,1.843168933,1.841348315
7,1839531,1000312,1000312,995885,1001354,1.847131948,1.837043643
7,1844178,1000521,1000521,1000521,1001458,1.843217684,1.841493103
7,1843433,1000105,1000105,1000156,1001041,1.843145469,1.841515982
7,1843464,1000156,1000156,1000157,1001042,1.843174622,1.841545110
7,1833824,1000625,1000625,986092,1001771,1.859688548,1.830582039
7,1844032,1000416,1000416,1000469,1001510,1.843167554,1.841251710
7,1831499,1000729,1000729,1000834,1001771,1.829972803,1.828261150
7,1842936,1000572,1000572,1000625,1001510,1.841784884,1.840157362
7,1837122,1000260,1000260,981354,1001354,1.872027831,1.834637900
7,1843710,1000261,1000261,1000312,1001250,1.843134942,1.841408240
7,1844288,1000573,1000573,1000573,1001511,1.843231828,1.841505485
7,1843527,1000209,1000209,1000156,1001094,1.843239455,1.841512385
7,1829299,1000417,1000417,980832,1001459,1.865048245,1.826633941
7,1844408,1000678,1000678,1000781,1001771,1.842968641,1.841147328
7,1844395,1000677,1000677,1000729,1001770,1.843051416,1.841136189
7,1844268,1000625,1000625,1000678,1001615,1.843018434,1.841294310
7,1838514,1000261,1000261,995885,1001302,1.846110746,1.836123367
7,1844097,1000468,1000468,1000521,1001510,1.843136726,1.841316612
7,1843808,1000364,1000364,1000313,1001250,1.843231069,1.841506117
7,1844283,1000573,1000573,1000573,1001511,1.843226831,1.841500493
7,1833026,1000312,1000312,987136,1001406,1.856913333,1.830452384
7,1843654,1000261,1000261,1000312,1001354,1.843078959,1.841161068
7,1843897,1000417,1000417,1000469,1001458,1.843032618,1.841212512
7,1843733,1000260,1000260,1000313,1001354,1.843156092,1.841239961
7,2013943,1000260,1000260,973073,1001458,2.069673087,2.011010946
7,2092906,1000052,1000052,1000052,1000990,2.092797175,2.090836072
7,2093241,1000208,1000208,1000209,1001094,2.092803604,2.090953497
7,2093274,1000209,1000209,1000208,1001093,2.092838690,2.090988550
7,2082710,1000468,1000468,986719,1001667,2.110742775,2.079243900
7,2092417,1000157,1000157,1000156,1000989,2.092090634,2.090349644
7,2093445,1000312,1000312,1000261,1001250,2.092898753,2.090831461
7,2093364,1000261,1000261,1000260,1001093,2.092819867,2.091078451
7,2087780,1000416,1000416,997813,1001302,2.092355983,2.085065245
7,2092801,1000000,1000000,1000000,1000938,2.092801000,2.090839792
7,2092961,1000052,1000052,1000052,1000834,2.092852172,2.091216925
7,2093170,1000156,1000156,1000157,1000990,2.092841424,2.091099811
7,2079510,1000469,1000469,988698,1001354,2.103281285,2.076698151
7,1898374,1000208,1000208,1000208,1001094,1.897979220,1.896299448
7,1843102,1000260,1000260,1000261,1001146,1.842621076,1.840992223
7,1843210,1000052,1000052,1000000,1000885,1.843210000,1.841580202
7,1835571,1000209,1000209,978958,1001250,1.875025282,1.833279401
7,1843227,1000000,1000000,1000000,1000885,1.843227000,1.841597186
7,1843629,1000208,1000208,1000157,1001094,1.843339596,1.841614274
7,1843261,1000000,1000000,1000052,1000937,1.843165155,1.841535481
7,1829914,1000416,1000416,984896,1001667,1.857976883,1.826868610
7,1843657,1000260,1000260,1000260,1001406,1.843177774,1.841068458
7,1843559,1000209,1000209,1000156,1001303,1.843271450,1.841159969
7,1843223,1000000,1000000,1000000,1001146,1.843223000,1.841113084
7,1836730,1000365,1000365,989375,1001771,1.856454833,1.833482902
7,1844215,1000521,1000521,1000521,1001615,1.843254664,1.841241395
7,1843428,1000104,1000104,1000105,1001302,1.843234460,1.841030978
7,1843110,999948,999948,999948,1001094,1.843205847,1.841095841
7,1834209,1000468,1000468,989167,1001927,1.854296595,1.830681277
7,1843220,1000000,1000000,1000052,1001146,1.843124158,1.841110088
7,1843742,1000312,1000312,1000261,1001354,1.843260909,1.841248949
7,1837346,1000520,1000520,980052,1001666,1.874743381,1.834290073
7,1843374,1000104,1000104,1000052,1001250,1.843278150,1.841072659
7,1843248,1000052,1000052,1000000,1000989,1.843248000,1.841426829
7,1843768,1000313,1000313,1000260,1001302,1.843288745,1.841370536
7,1834642,1000104,1000104,989791,1001198,1.853565046,1.832446729
7,1835264,1000312,1000312,992864,1001511,1.848454572,1.832495100
7,1843155,999948,999948,999948,1001041,1.843250849,1.841238271
7,1843581,1000208,1000208,1000156,1001406,1.843293446,1.840992564
7,1832989,1000521,1000521,982970,1001615,1.864745618,1.830033496
7,1843649,1000208,1000208,1000260,1001510,1.843169776,1.840869287
7,1843216,1000000,1000000,1000000,1001042,1.843216000,1.841297368
7,1843988,1000417,1000417,1000364,1001458,1.843317033,1.841303380
7,1835371,1000521,1000521,989479,1001719,1.854886258,1.832221411
7,1837302,1000052,1000052,993594,1001406,1.849147640,1.834722380
7,1843933,1000365,1000365,1000416,1001406,1.843166243,1.841344070
7,1843976,1000417,1000417,1000416,1001511,1.843209225,1.841193956
7,1834097,1000417,1000417,978333,1001511,1.874716482,1.831329861
7,1843295,1000052,1000052,1000052,1001354,1.843199154,1.840802553
7,1843163,999948,999948,1000000,1001094,1.843163000,1.841148783
7,1843817,1000365,1000365,1000312,1001458,1.843241909,1.841132629
7,1835627,1000625,1000625,989999,1001875,1.854170560,1.832191641
7,1835219,1000052,1000052,986979,1001615,1.859430646,1.832259900
7,1844119,1000521,1000521,1000469,1001615,1.843254514,1.841145550
7,1843883,1000364,1000364,1000313,1001510,1.843306045,1.841102935
7,1837555,1000365,1000365,992916,1001562,1.850665112,1.834689215
7,1843705,1000260,1000260,1000261,1001407,1.843223919,1.841114552
7,1843969,1000416,1000416,1000469,1001510,1.843104584,1.841188805
7,1843639,1000208,1000208,1000260,1001615,1.843159778,1.840666324
7,1841793,1005573,1005573,993959,1006770,1.852986894,1.829407908
7,1844128,1000520,1000520,1000417,1001770,1.843359319,1.840869661
7,1844030,1000469,1000469,1000417,1001511,1.843261360,1.841247874
7,1843187,1000000,1000000,1000000,1001041,1.843187000,1.841270238
7,1836232,1000313,1000313,983750,1001510,1.866563659,1.833463470
7,1843369,1000104,1000104,1000052,1001198,1.843273150,1.841163286
7,1843437,1000104,1000104,1000104,1001250,1.843245302,1.841135581
7,1843999,1000468,1000468,1000417,1001511,1.843230373,1.841216921
7,1827478,1000156,1000156,982812,1001354,1.859438021,1.825006941
7,1843849,1000313,1000313,1000312,1001615,1.843273899,1.840875985
7,1843196,1000000,1000000,999948,1001458,1.843291851,1.840512533
7,1843699,1000260,1000260,1000261,1001406,1.843217920,1.841110399
7,1837895,1000104,1000104,995520,1001354,1.846165823,1.835409855
7,1843464,1000157,1000157,1000104,1001250,1.843272300,1.841162547
7,1844034,1000469,1000469,1000469,1001615,1.843169553,1.841060687
7,1843275,1000000,1000000,1000000,1001145,1.843275000,1.841166864
7,1784335,1000105,1000105,950208,1001407,1.877836221,1.781827968
7,1843226,1000000,1000000,1000052,1001458,1.843130157,1.840542489
7,1844024,1000469,1000469,1000468,1001562,1.843161400,1.841148127
7,1843406,1000157,1000157,1000104,1001198,1.843214306,1.841200242
7,1819835,993282,993282,971823,1002031,1.872599228,1.816146407
7,1843111,999948,999948,999948,1001458,1.843206847,1.840427656
7,1843325,1000052,1000052,1000052,1001146,1.843229152,1.841214968
7,1843124,1000000,1000000,999947,1001093,1.843221691,1.841111665
7,1827595,1000677,1000677,980365,1001875,1.864198538,1.824174672
7,1843141,999948,999948,999948,1001458,1.843236848,1.840457613
7,1843902,1000365,1000365,1000365,1001511,1.843229221,1.841120068
7,1843730,1000312,1000312,1000261,1001407,1.843248912,1.841139517
7,1835066,1000521,1000521,995886,1001666,1.842646648,1.832013865
7,1843972,1000312,1000312,1000313,1001459,1.843395017,1.841285564
7,1843435,1000104,1000104,1000104,1001510,1.843243303,1.840655610
7,1843984,1000417,1000417,1000469,1001563,1.843119577,1.841106351
7,1827295,1000417,1000417,980260,1001666,1.864092180,1.824255790
7,1843318,1000052,1000052,1000052,1001510,1.843222152,1.840538786
7,1843950,1000417,1000417,1000364,1001562,1.843279046,1.841074242
7,1843751,1000312,1000312,1000261,1001459,1.843269907,1.841064886
7,1836416,1000260,1000260,982813,1001458,1.868530433,1.833742404
7,1843928,1000417,1000417,1000364,1001510,1.843257054,1.841147867
7,1843469,1000156,1000156,1000104,1001250,1.843277299,1.841167541
7,1843615,1000208,1000208,1000208,1001354,1.843231608,1.841122121
7,1830190,1000364,1000364,985990,1001563,1.856195296,1.827333877
7,1843693,1000313,1000313,1000208,1001719,1.843309592,1.840529130
7,1843442,1000156,1000156,1000104,1001250,1.843250302,1.841140574
7,1843027,999948,999948,999896,1001041,1.843218695,1.841110404
7,1838664,1000521,1000521,997604,1001667,1.843080020,1.835604048
7,1844081,1000469,1000469,1000469,1001510,1.843216531,1.841300636
7,1843740,1000261,1000261,1000260,1001302,1.843260752,1.841342572
7,1843830,1000365,1000365,1000364,1001354,1.843159090,1.841336830
7,1829399,1000469,1000469,986249,1001563,1.854905810,1.826544112
7,1843750,1000260,1000260,1000261,1001510,1.843268907,1.840970135
7,1844078,1000469,1000469,1000468,1001458,1.843215375,1.841393249
7,1843903,1000365,1000365,1000312,1001510,1.843327882,1.841122904
7,1835604,1000157,1000157,985676,1001302,1.862279289,1.833217151
7,1843329,1000104,1000104,1000053,1001354,1.843231309,1.840836507
7,1843383,1000104,1000104,1000105,1001145,1.843189465,1.841274740
7,1843287,1000052,1000052,1000000,1001302,1.843287000,1.840890161
7,1783215,1000730,1000730,944582,1001979,1.887835042,1.779692988
7,1843344,1000052,1000052,1000052,1001250,1.843248151,1.841042697
7,1844009,1000417,1000417,1000417,1001510,1.843240369,1.841228745
7,1843899,1000364,1000364,1000365,1001511,1.843226222,1.841117072
7,1821529,1000260,1000260,978438,1001458,1.861670336,1.818877077
7,1843777,1000313,1000313,1000312,1001406,1.843201921,1.841188289
7,1843824,1000365,1000365,1000313,1001459,1.843247064,1.841137780
7,1843561,1000208,1000208,1000157,1001458,1.843271606,1.840877001
7,1831582,1000469,1000469,984061,1001875,1.861248439,1.828154211
7,1843072,999948,999948,999896,1001146,1.843263699,1.840962257
7,1843580,1000208,1000208,1000208,1001302,1.843196615,1.841182780
7,1844111,1000469,1000469,1000469,1001771,1.843246517,1.840850853
7,1831302,1000521,1000521,977083,1001770,1.874254285,1.828066323
7,1843141,999948,999948,999948,1001459,1.843236848,1.840455775
7,1843254,1000052,1000052,1000052,1001198,1.843158156,1.841048424
7,1843293,1000052,1000052,1000000,1001146,1.843293000,1.841183004
7,1829614,1000364,1000364,982812,1001666,1.861611376,1.826570933
7,1843594,1000104,1000104,1000156,1001666,1.843306444,1.840527681
7,1843627,1000260,1000260,1000261,1001355,1.843145939,1.841132266
7,1843233,1000000,1000000,1000052,1001146,1.843137157,1.841123073
7,1838158,1000469,1000469,994011,1001927,1.849233057,1.834622682
7,1843620,1000208,1000208,1000209,1001355,1.843234764,1.841125275
7,1843244,1000000,1000000,1000000,1001146,1.843244000,1.841134060
7,1844004,1000416,1000416,1000469,1001511,1.843139568,1.841221914
7,1825674,1000313,1000313,975261,1001562,1.871985038,1.822826745
7,1843725,1000260,1000260,1000261,1001771,1.843243913,1.840465536
7,1843859,1000364,1000364,1000365,1001823,1.843186237,1.840503762
7,1843290,1000052,1000052,1000104,1001198,1.843098318,1.841084381
7,1834941,1000521,1000521,979791,1001771,1.872788176,1.831697064
7,1843024,999895,999895,999896,1001406,1.843215694,1.840436346
7,1844025,1000416,1000416,1000469,1001615,1.843160558,1.841051702
7,1843158,1000000,1000000,999948,1001094,1.843253849,1.841143789
7,1826489,1000260,1000260,980574,1001718,1.862673291,1.823356474
7,1844101,1000469,1000469,1000468,1001666,1.843238364,1.841033838
7,1844150,1000468,1000468,1000521,1001615,1.843189698,1.841176500
7,1843560,1000156,1000156,1000208,1001250,1.843176619,1.841258427
7,1838901,1000521,1000521,996875,1001771,1.844665580,1.835650064
7,1843296,1000052,1000052,1000052,1001458,1.843200154,1.840612387
7,1843417,1000157,1000157,1000104,1001198,1.843225305,1.841211229
7,1832842,1000000,1000000,999948,1001146,1.832937313,1.830743967
7,1797576,1000469,1000469,959531,1001875,1.873390229,1.794211853
7,1840958,1000209,1000209,1000208,1001458,1.840575160,1.838277791
7,1844149,1000521,1000521,1000521,1001615,1.843188699,1.841175502
7,1843297,1000052,1000052,1000052,1001146,1.843201154,1.841187000
7,1780449,1000521,1000521,908126,1001771,1.960574854,1.777301399
7,1844466,1000782,1000782,1000833,1002135,1.842930839,1.840536455
7,1844073,1000469,1000469,1000521,1001875,1.843112738,1.840621834
7,1841025,1000312,1000312,1000261,1001719,1.840544618,1.837865709
7,1820772,1000417,1000417,970781,1001771,1.875574409,1.817553113
7,1843272,1000104,1000104,1000052,1001354,1.843176155,1.840779584
7,1843623,1000208,1000208,1000260,1001250,1.843143783,1.841321348
7,1844003,1000469,1000469,1000417,1001459,1.843234371,1.841316519
7,1838778,1000469,1000469,995417,1001562,1.847243919,1.835910308
7,1843600,1000416,1000416,1000417,1001459,1.842831539,1.840914106
7,1843329,1000364,1000364,1000469,1001511,1.842464884,1.840547932
7,1843093,999948,999948,1000000,1001041,1.843093000,1.841176335
7,1828495,1000104,1000104,984168,1001146,1.857909422,1.826401943
7,1843089,1000156,1000156,1000157,1001146,1.842799680,1.840979238
7,1842956,999948,999948,1000000,1000885,1.842956000,1.841326426
7,1843805,1000468,1000468,1000521,1001459,1.842844878,1.841118808
7,1900880,1000417,1000417,978957,1001458,1.941740036,1.898112552
7,2091149,1000156,1000156,1000156,1001094,2.090822832,2.088863783
7,2093225,1000208,1000208,1000208,1001042,2.092789700,2.091046130
7,2092948,1000104,1000104,1000104,1000885,2.092730356,2.091097379
7,2081863,1000208,1000208,988802,1001302,2.105439714,2.079155939
7,2093293,1000573,1000573,1000625,1001510,2.091985509,2.090136893
7,2093269,1000208,1000208,1000312,1001198,2.092616104,2.090764264
7,2093113,1000156,1000156,1000208,1001094,2.092677723,2.090825637
7,2089252,1000365,1000365,996094,1001406,2.097444619,2.086318636
7,2093021,1000104,1000104,1000104,1000937,2.092803348,2.091061675
7,2092167,1000052,1000052,1000052,1000937,2.092058213,2.090208475
7,2093568,1000365,1000365,1000364,1001250,2.092806219,2.090954307
7,2082458,1000312,1000312,986771,1001250,2.110376166,2.079858177
7,2093198,1000209,1000209,1000156,1000938,2.092871512,2.091236420
7,2093680,1000416,1000416,1000417,1001250,2.092807299,2.091066167
7,2093319,1000261,1000261,1000260,1001042,2.092774879,2.091140032
7,1949624,1000365,1000365,988177,1001354,1.972950190,1.946987779
7,1841018,1000208,1000208,1000157,1001041,1.840729006,1.839103493
7,1843889,1000365,1000365,1000364,1001354,1.843218069,1.841395750
7,1843927,1000417,1000417,1000417,1001302,1.843158403,1.841529329
7,1832125,1000417,1000417,987083,1001563,1.856100247,1.829265857
7,1843660,1000261,1000261,1000208,1001198,1.843276598,1.841453938
7,1843680,1000260,1000260,1000312,1001250,1.843104951,1.841378277
7,1843521,1000208,1000208,1000209,1001094,1.843135785,1.841506392
7,1825632,1000313,1000313,992603,1001302,1.839236835,1.823258118
7,1842235,1000521,1000521,1000573,1001563,1.841180004,1.839360080
7,1843911,1000364,1000364,1000417,1001355,1.843142410,1.841415881
7,1831996,1000312,1000312,1000417,1001511,1.831232376,1.829232030
7,1832951,1000208,1000208,983072,1001250,1.864513484,1.830662672
7,1844239,1000573,1000573,1000573,1001510,1.843182856,1.841458398
7,1843962,1000416,1000416,1000417,1001407,1.843193388,1.841371191
7,1844007,1000416,1000416,1000469,1001355,1.843142566,1.841511752
7,1838533,1000677,1000677,981823,1001666,1.872570718,1.835475098
7,1844337,1000521,1000521,1000573,1001459,1.843280800,1.841650033
7,1844089,1000469,1000469,1000677,1001614,1.842841396,1.841117436
7,1843975,1000417,1000417,1000469,1001510,1.843110581,1.841194796
7,1833642,1000364,1000364,987239,1001459,1.857343561,1.830970614
7,1843691,1000261,1000261,1000260,1001250,1.843211765,1.841389263
7,1843831,1000365,1000365,1000312,1001354,1.843255904,1.841337829
7,1843678,1000261,1000261,1000260,1001146,1.843198768,1.841567564
7,1839432,1000417,1000417,995833,1001510,1.847128986,1.836658645
7,1843735,1000312,1000312,1000209,1001198,1.843349740,1.841528848
7,1843364,1000052,1000052,1000104,1000990,1.843172310,1.841540875
7,1843735,1000312,1000312,1000260,1001197,1.843255754,1.841530688
7,1830655,1000364,1000364,986668,1001459,1.855391074,1.827987966
7,1843237,1000052,1000052,999948,1000937,1.843332853,1.841511504
7,1844138,1000468,1000468,1000469,1001406,1.843273505,1.841548782
7,1843195,1000000,1000000,999948,1000990,1.843290851,1.841372042
7,1834749,1000157,1000157,981822,1001354,1.868718566,1.832268109
7,1843715,1000260,1000260,1000208,1001198,1.843331587,1.841508872
7,1844014,1000469,1000469,1000469,1001406,1.843149563,1.841424957
7,1842529,1000469,1000469,1000417,1001510,1.841760986,1.839750976
7,1832297,1000364,1000364,986718,1001406,1.856961158,1.829724407
7,1843225,1000052,1000052,1000000,1000990,1.843225000,1.841402012
7,1843123,999948,999948,999948,1000885,1.843218847,1.841493278
7,1843453,1000156,1000156,1000157,1001146,1.843163623,1.841342821
7,1839888,1000573,1000573,995782,1001719,1.847681521,1.836730660
7,1843608,1000209,1000209,1000208,1001094,1.843224609,1.841593297
7,1843636,1000208,1000208,1000209,1001198,1.843250761,1.841429967
7,1843707,1000260,1000260,1000261,1001250,1.843225918,1.841405243
7,1829616,1000157,1000157,984791,1001198,1.857872381,1.827426743
7,1844218,1000520,1000520,1000469,1001406,1.843353467,1.841628670
7,1843782,1000312,1000312,1000313,1001198,1.843205077,1.841575792
7,1843769,1000312,1000312,1000313,1001198,1.843192081,1.841562808
7,1836188,1000209,1000209,979323,1001354,1.874956475,1.833705163
7,1844113,1000469,1000469,1000469,1001354,1.843248516,1.841619447
7,1843904,1000365,1000365,1000365,1001250,1.843231221,1.841601998
7,1843317,1000104,1000104,1000052,1000989,1.843221153,1.841495761
7,1829416,1000678,1000678,984793,1001875,1.857665520,1.825992265
7,1843349,1000104,1000104,1000105,1001406,1.843155469,1.840760890
7,1843182,1000000,1000000,999947,1000990,1.843279694,1.841359055
7,1843346,1000053,1000053,1000104,1001093,1.843154312,1.841333423
7,1835335,1000260,1000260,993594,1001511,1.847167958,1.832565993
7,1843506,1000209,1000209,1000156,1001146,1.843218458,1.841395760
7,1843820,1000313,1000313,1000312,1001354,1.843244908,1.841326843
7,1843839,1000313,1000313,1000312,1001406,1.843263902,1.841250202
7,1826471,1000573,1000573,976146,1001875,1.871104323,1.823052776
7,1843934,1000417,1000417,1000365,1001458,1.843261210,1.841249458
7,1844004,1000416,1000416,1000417,1001458,1.843235371,1.841319356
7,1843400,1000104,1000104,1000104,1001354,1.843208306,1.840907411
7,1833427,1000625,1000625,976354,1001875,1.877830172,1.829995758
7,1843863,1000365,1000365,1000364,1001511,1.843192078,1.841081126
7,1843656,1000260,1000260,1000209,1001354,1.843270756,1.841163065
7,1844190,1000521,1000521,1000573,1001667,1.843133884,1.841120852
7,1828347,1000104,1000104,979218,1001562,1.867150114,1.825495576
7,1843221,1000000,1000000,1000000,1001146,1.843221000,1.841111087
7,1844159,1000521,1000521,1000521,1001667,1.843198693,1.841089903
7,1843987,1000417,1000417,1000417,1001822,1.843218378,1.840633366
7,1837538,1000469,1000469,996041,1001615,1.844841728,1.834575161
7,1844119,1000469,1000469,1000469,1001875,1.843254514,1.840667748
7,1843925,1000364,1000364,1000417,1001510,1.843156404,1.841144871
7,1843364,1000052,1000052,1000052,1001198,1.843268150,1.841158292
7,1830421,1000260,1000260,984530,1001407,1.859182554,1.827849216
7,1843117,999948,999948,999896,1001198,1.843308704,1.840911588
7,1843992,1000417,1000417,1000416,1001459,1.843225218,1.841305535
7,1843546,1000209,1000209,1000156,1001198,1.843258452,1.841340075
7,1834746,1000157,1000157,981510,1001511,1.869309533,1.831977881
7,1843581,1000208,1000208,1000209,1001198,1.843195772,1.841375033
7,1843243,1000000,1000000,1000052,1001250,1.843147156,1.840941823
7,1843698,1000261,1000261,1000312,1001563,1.843122946,1.840820797
7,1830006,1000468,1000468,981094,1001614,1.865270810,1.827057130
7,1843487,1000157,1000157,1000156,1001145,1.843199461,1.841378621
7,1843333,1000052,1000052,1000053,1000938,1.843235309,1.841605574
7,1843966,1000416,1000416,1000417,1001406,1.843197387,1.841377024
7,1837243,1000365,1000365,993698,1001511,1.848894735,1.834471114
7,1843441,1000105,1000105,1000104,1000989,1.843249302,1.841619638
7,1843693,1000260,1000260,1000260,1001198,1.843213764,1.841486899
7,1842417,1000364,1000364,1000313,1001406,1.841840504,1.839830199
7,1831203,1000260,1000260,986251,1001354,1.856731197,1.828726904
7,1843725,1000261,1000261,1000208,1001511,1.843341585,1.840943335
7,1843470,1000156,1000156,1000156,1001198,1.843182464,1.841264166
7,1843950,1000417,1000417,1000417,1001459,1.843181393,1.841263596
7,1836968,1000416,1000416,983855,1001614,1.867112532,1.834007911
7,1843700,1000157,1000157,1000156,1001302,1.843412428,1.841302624
7,1844039,1000469,1000469,1000469,1001562,1.843174551,1.841163103
7,1843260,1000052,1000052,1000000,1001146,1.843260000,1.841150042
7,1828171,1000573,1000573,984791,1001979,1.856405065,1.824560195
7,1843506,1000156,1000156,1000104,1001406,1.843314295,1.840917670
7,1843846,1000365,1000365,1000312,1001459,1.843270899,1.841159748
7,1843878,1000365,1000365,1000365,1001458,1.843205230,1.841193540
7,1836524,1000364,1000364,995782,1001614,1.844303271,1.833564627
7,1843960,1000417,1000417,1000416,1001511,1.843193232,1.841177980
7,1843143,1000000,1000000,999948,1001093,1.843238848,1.841130644
7,1844232,1000573,1000573,1000573,1001667,1.843175860,1.841162782
7,1827760,1000469,1000469,984947,1001823,1.855693758,1.824434057
7,1843348,1000104,1000104,1000156,1001563,1.843060483,1.840471343
7,1844212,1000573,1000573,1000521,1001666,1.843251666,1.841144653
7,1844178,1000521,1000521,1000469,1001667,1.843313486,1.841108872
7,1834626,1000469,1000469,985104,1001927,1.862367831,1.831097475
7,1843718,1000261,1000261,1000208,1001563,1.843334586,1.840840766
7,1843678,1000208,1000208,1000260,1001250,1.843198768,1.841376280
7,1843727,1000313,1000313,1000260,1001511,1.843247756,1.840945332
7,1825685,1000312,1000312,979480,1001510,1.863932903,1.822932372
7,1843326,1000052,1000052,1000000,1001146,1.843326000,1.841215967
7,1844136,1000521,1000521,1000521,1001510,1.843175705,1.841355553
7,1843841,1000365,1000365,1000312,1001406,1.843265901,1.841252199
7,1837576,1000208,1000208,997083,1001302,1.842951891,1.835186587
7,1843316,1000052,1000052,1000052,1001093,1.843220153,1.841303455
7,1843495,1000156,1000156,1000156,1001146,1.843207460,1.841384773
7,1844093,1000468,1000468,1000469,1001510,1.843228526,1.841312618
7,1828433,1000000,1000000,985208,1001094,1.855885255,1.826434880
7,1843595,1000208,1000208,1000209,1001250,1.843209769,1.841293383
7,1844001,1000468,1000468,1000417,1001302,1.843232372,1.841603233
7,1843173,999948,999948,999948,1000937,1.843268850,1.841447564
7,1837596,1000208,1000208,986092,1001354,1.863513749,1.835111259
7,1844038,1000469,1000469,1000468,1001355,1.843175394,1.841542710
7,1843967,1000417,1000417,1000416,1001354,1.843200229,1.841473645
7,1843540,1000157,1000157,1000208,1001093,1.843156623,1.841527211
7,1830866,1000469,1000469,982552,1001667,1.863378223,1.827819026
7,1843640,1000260,1000260,1000261,1001302,1.843158936,1.841242702
7,1843671,1000260,1000260,1000209,1001510,1.843285753,1.840891254
7,1843379,1000104,1000104,1000052,1001146,1.843283149,1.841268906
7,1836465,1000469,1000469,996771,1001562,1.842414155,1.833600915
7,1843248,1000000,1000000,1000000,1001094,1.843248000,1.841233690
7,1843828,1000312,1000312,1000312,1001354,1.843252905,1.841334833
7,1843415,1000104,1000104,1000157,1001146,1.843125629,1.841304865
7,1831905,1000416,1000416,982292,1001770,1.864929166,1.828668257
7,1843410,1000104,1000104,1000105,1001198,1.843216462,1.841204237
7,1843893,1000364,1000364,1000365,1001406,1.843220225,1.841304126
7,1843594,1000208,1000208,1000209,1001198,1.843208769,1.841388017
7,1833339,1000678,1000678,984010,1002240,1.863130456,1.829241499
7,1843688,1000313,1000313,1000260,1001458,1.843208766,1.841003816
7,1843259,1000000,1000000,1000000,1001145,1.843259000,1.841150882
7,1843405,1000105,1000105,1000104,1001250,1.843213306,1.841103620
7,1829120,1000573,1000573,981719,1002136,1.863180808,1.825221327
7,1843827,1000312,1000312,1000312,1001510,1.843251905,1.841047019
7,1844055,1000469,1000469,1000468,1001615,1.843192386,1.841081653
7,1843318,1000104,1000104,1000052,1001197,1.843222152,1.841114186
7,1835430,1000417,1000417,992292,1001615,1.849687390,1.832470560
7,1844086,1000469,1000469,1000469,1001615,1.843221529,1.841112603
7,1843586,1000208,1000208,1000209,1001458,1.843200771,1.840901965
7,1843281,1000052,1000052,1000052,1001146,1.843185154,1.841171018
7,1826311,1000312,1000312,984688,1001666,1.854710324,1.823273426
7,1843536,1000208,1000208,1000156,1001303,1.843248453,1.841136998
7,1843151,1000000,1000000,999948,1001042,1.843246849,1.841232436
7,1844116,1000469,1000469,1000521,1001510,1.843155716,1.841335583
7,1835832,1000521,1000521,985052,1001719,1.863690445,1.832681620
7,1843453,1000052,1000052,1000052,1001146,1.843357145,1.841342821
7,1843510,1000156,1000156,1000208,1001302,1.843126630,1.841112871
7,1843769,1000313,1000313,1000312,1001563,1.843193923,1.840891686
7,1829202,1000416,1000416,980105,1001771,1.866332689,1.825968210
7,1843544,1000209,1000209,1000156,1001146,1.843256452,1.841433717
7,1843292,1000052,1000052,1000052,1001094,1.843196154,1.841277642
7,1843837,1000364,1000364,1000365,1001250,1.843164245,1.841535081
7,1836356,1000209,1000209,992656,1001354,1.849941974,1.833872936
7,1844149,1000520,1000520,1000521,1001406,1.843188699,1.841559767
7,1843203,1000000,1000000,1000000,1000937,1.843203000,1.841477536
7,1843365,1000104,1000104,1000052,1001042,1.843269150,1.841446213
7,1831670,1000625,1000625,982864,1001875,1.863604731,1.828242046
7,1843866,1000365,1000365,1000364,1001458,1.843195077,1.841181557
7,1843289,1000052,1000052,1000000,1001146,1.843289000,1.841179009
7,1843723,1000260,1000260,1000260,1001406,1.843243757,1.841134365
7,1836513,1000313,1000313,985052,1001667,1.864381779,1.833456628
7,1843283,1000052,1000052,1000052,1001458,1.843187154,1.840599406
7,1844034,1000417,1000417,1000468,1001615,1.843171396,1.841060687
7,1843967,1000416,1000416,1000417,1001510,1.843198386,1.841186808
7,1829259,1000625,1000625,982240,1002135,1.862334053,1.825361852
7,1843963,1000416,1000416,1000417,1001615,1.843194388,1.840989801
7,1843572,1000208,1000208,1000208,1001302,1.843188617,1.841174790
7,1843658,1000209,1000209,1000208,1001354,1.843274599,1.841165063
7,1837490,1000313,1000313,995937,1001563,1.844986179,1.834622485
7,1843351,1000104,1000104,1000053,1001198,1.843253308,1.841145308
7,1843848,1000364,1000364,1000313,1001458,1.843271056,1.841163583
7,1843479,1000156,1000156,1000157,1001458,1.843189619,1.840795121
7,1826457,1000156,1000156,980416,1001614,1.862940833,1.823513849
7,1843674,1000260,1000260,1000313,1001406,1.843097111,1.841085434
7,1843314,1000052,1000052,1000052,1001146,1.843218153,1.841203980
7,1866677,1015989,1015989,998750,1017187,1.869013267,1.835136509
7,1844077,1000469,1000469,1000469,1001563,1.843212533,1.841199206
7,1843719,1000312,1000312,1000260,1001354,1.843239758,1.841225980
7,1844323,1000573,1000573,1000678,1001718,1.843073396,1.841159887
7,1829720,1000052,1000052,986823,1001354,1.854152163,1.827245909
7,1834925,1000417,1000417,988751,1001614,1.855800904,1.831968203
7,1843123,999948,999948,999948,1001146,1.843218847,1.841013199
7,1832887,1000469,1000469,1000573,1001771,1.831837357,1.829646696
7,1834328,1000521,1000521,993125,1001719,1.847026306,1.831180201
7,1843810,1000313,1000313,1000312,1001458,1.843234911,1.841125639
7,1843364,1000105,1000105,1000052,1001406,1.843268150,1.840775869
7,1843948,1000364,1000364,1000365,1001875,1.843275205,1.840497068
7,1836111,1000157,1000157,988697,1001354,1.857101822,1.833628267
7,1834552,1000416,1000416,989428,1001563,1.854154117,1.831689070
7,1843894,1000364,1000364,1000365,1001354,1.843221224,1.841400743
7,1843329,1000052,1000052,1000053,1000989,1.843231309,1.841507749
7,1823385,1000573,1000573,981093,1001667,1.858524115,1.820350476
7,2073720,1000104,1000104,1000052,1000990,2.073612172,2.071669048
7,2092911,1000052,1000052,1000052,1000834,2.092802174,2.091166967
7,2093415,1000261,1000261,1000312,1001302,2.092762058,2.090692918
7,2086794,1000260,1000260,993542,1001198,2.100358113,2.084297012
7,2085724,1000469,1000469,994115,1001563,2.098071149,2.082469101
7,2093855,1000521,1000521,1000573,1001562,2.092655908,2.090589499
7,2092867,1000364,1000364,1000313,1001198,2.092212138,2.090362745
7,2088113,1000208,1000208,996250,1001198,2.095972898,2.085614434
7,1891115,1000052,1000052,1000104,1001094,1.890918344,1.889048381
7,1843578,1000208,1000208,1000157,1001145,1.843288604,1.841469517
7,1841094,1000261,1000261,1000260,1001146,1.840615440,1.838986521
7,1837298,1000417,1000417,991719,1001458,1.852639709,1.834623119
7,1836647,1000677,1000677,992083,1001875,1.851303772,1.833209732
7,1843178,1000000,1000000,999948,1001094,1.843273850,1.841163767
7,1843791,1000313,1000313,1000312,1001563,1.843215917,1.840913652
7,1834371,1001302,1001302,975364,1002552,1.880704024,1.829701602
7,1830882,1000573,1000573,1000521,1001771,1.829928607,1.827645240
7,1843230,1000052,1000052,1000000,1001198,1.843230000,1.841024453
7,1844173,1000573,1000573,1000521,1001458,1.843212686,1.841488110
7,1829341,1000417,1000417,984427,1001510,1.858279994,1.826582860
7,1843041,999896,999896,999896,1001041,1.843232696,1.841124390
7,1843332,1000052,1000052,1000052,1000990,1.843236152,1.841508906
7,1843696,1000260,1000260,1000261,1001198,1.843214921,1.841489895
7,1838084,1000312,1000312,997344,1001407,1.842978952,1.835501449
7,1843348,1000052,1000052,1000104,1001041,1.843156312,1.841431070
7,1843557,1000156,1000156,1000208,1001198,1.843173620,1.841351061
7,1844037,1000469,1000469,1000417,1001354,1.843268357,1.841543550
7,1830258,1000677,1000677,985209,1001666,1.857735770,1.827213862
7,1843780,1000312,1000312,1000364,1001406,1.843109108,1.841191285
7,1844680,1000729,1000729,1000885,1001823,1.843048902,1.841323268
7,1831234,1000469,1000469,1000573,1001562,1.830185304,1.828378073
7,1837853,1000782,1000782,980989,1001927,1.873469529,1.834318269
7,1844318,1000625,1000625,1000573,1001615,1.843261811,1.841344229
7,1843581,1000208,1000208,1000209,1001145,1.843195772,1.841472514
7,1843718,1000313,1000313,1000260,1001198,1.843238758,1.841511869
7,1833668,1000417,1000417,987814,1001875,1.856288735,1.830236307
7,1843712,1000261,1000261,1000260,1001250,1.843232759,1.841410237
7,1843641,1000261,1000261,1000364,1001250,1.842970159,1.841339326
7,1844170,1000521,1000521,1000625,1001667,1.843018114,1.841100885
7,1833266,1000104,1000104,991511,1001250,1.848961837,1.830977278
7,1843663,1000260,1000260,1000209,1001250,1.843277755,1.841361298
7,1843311,1000052,1000052,1000105,1000989,1.843117473,1.841489767
7,1843367,1000052,1000052,1000156,1001042,1.843079480,1.841448211
7,1833769,1000312,1000312,986407,1001822,1.859038916,1.830433949
7,1843347,1000104,1000104,1000104,1001145,1.843155312,1.841238782
7,1843592,1000208,1000208,1000313,1001355,1.843015136,1.841097313
7,1844083,1000468,1000468,1000521,1001563,1.843122733,1.841205196
7,1843988,1000469,1000469,980624,1001562,1.880423078,1.841112183
7,2088988,1000104,1000104,1000156,1001042,2.088662169,2.086813540
7,2093106,1000156,1000156,1000104,1001042,2.092888340,2.090927254
7,2093558,1000312,1000312,1000417,1001302,2.092685350,2.090835732
7,2080034,1000416,1000416,984114,1001355,2.113610822,2.077219368
7,2093638,1000417,1000417,1000521,1001614,2.092547783,2.090264313
7,2091425,1000000,1000000,1000000,1000833,2.091425000,2.089684293
7,2093076,1000104,1000104,1000105,1000885,2.092856250,2.091225266
7,2086486,1000364,1000364,994323,1001250,2.098398609,2.083881149
7,2093412,1000260,1000260,1000261,1001146,2.092865762,2.091015696
7,2092942,1000052,1000052,1000052,1000886,2.092833173,2.091089295
7,2093565,1000365,1000365,1000416,1001198,2.092694439,2.091059910
7,2079675,1000364,1000364,990417,1001354,2.099797358,2.076862928
7,2093575,1000365,1000365,1000364,1001250,2.092813216,2.090961298
7,1906220,1000416,1000416,1000417,1001250,1.905425438,1.903840200
7,1843623,1000208,1000208,1000261,1001094,1.843141940,1.841608281
7,1835318,1000261,1000261,991405,1001250,1.851229316,1.833026717
7,1843871,1000469,1000469,1000469,1001458,1.843006630,1.841186550
7,1843667,1000260,1000260,1000208,1001146,1.843283597,1.841556576
7,1843928,1000417,1000417,1000364,1001250,1.843257054,1.841625968
7,1832557,1000677,1000677,985001,1001667,1.860462071,1.829507211
7,1843772,1000365,1000365,1000469,1001667,1.842907676,1.840703547
7,1844030,1000417,1000417,1000469,1001614,1.843165555,1.841058532
7,1843859,1000364,1000364,1000313,1001459,1.843282053,1.841172729
7,1834121,1000365,1000365,987604,1001615,1.857142134,1.831163671
7,1844122,1000469,1000469,1000521,1001875,1.843161713,1.840670742
7,1843666,1000417,1000417,1000469,1001615,1.842801726,1.840693280
7,1843401,1000104,1000104,1000104,1001198,1.843209306,1.841195248
7,1827722,1000417,1000417,981927,1001666,1.861362403,1.824682080
7,1843824,1000365,1000365,1000313,1001719,1.843247064,1.840659906
7,1843326,1000156,1000156,1000156,1001302,1.843038486,1.840929110
7,1843735,1000261,1000261,1000312,1001406,1.843159934,1.841146348
7,1830275,1000313,1000313,967760,1001562,1.891248863,1.827420569
7,1843397,1000208,1000208,1000208,1001667,1.843013653,1.840329171
7,1843039,1000000,1000000,1000000,1001302,1.843039000,1.840642483
7,1843581,1000208,1000208,1000261,1001354,1.843099951,1.841088167
7,1802563,1000260,1000260,961147,1001459,1.875429045,1.799936892
7,1843572,1000209,1000209,1000156,1001406,1.843284448,1.840983577
7,1843353,1000053,1000053,1000052,1001146,1.843257151,1.841242936
7,1843431,1000104,1000104,1000104,1001250,1.843239303,1.841129588
7,1838125,1000417,1000417,994426,1001614,1.848428138,1.835163047
7,1843125,1000208,1000208,1000157,1001250,1.842835675,1.840823970
7,1843344,1000052,1000052,1000000,1001511,1.843344000,1.840562909
7,1843614,1000209,1000209,1000260,1001354,1.843134785,1.841121122
7,1826676,1000365,1000365,977918,1001875,1.867923486,1.823257392
7,1843824,1000364,1000364,1000313,1001563,1.843247064,1.840946600
7,1843215,1000000,1000000,1000000,1001093,1.843215000,1.841202566
7,1843296,1000052,1000052,1000000,1001354,1.843296000,1.840803552
7,1836101,1000312,1000312,983177,1001563,1.867518260,1.833235653
7,1843235,1000000,1000000,1000000,1001094,1.843235000,1.841220705
7,1843532,1000313,1000313,1000261,1001406,1.843050964,1.840943633
7,1843854,1000364,1000364,1000365,1001667,1.843181239,1.840785411
7,1823734,1000261,1000261,979583,1001770,1.861745253,1.820511694
7,1843615,1000313,1000313,1000313,1001562,1.843038129,1.840739764
7,1843646,1000260,1000260,1000261,1001354,1.843164934,1.841153079
7,1843175,1000052,1000052,1000105,1001198,1.842981487,1.840969519
7,1834773,1000312,1000312,990209,1001459,1.852914890,1.832099966
7,1843096,999948,999948,999948,1001614,1.843191846,1.840126037
7,1843667,1000364,1000364,1000313,1001459,1.843090113,1.840981009
7,1844202,1000521,1000521,1000520,1001615,1.843243513,1.841228416
7,1828957,1000468,1000468,982552,1001875,1.861435324,1.825534124
7,1843540,1000313,1000313,1000260,1001771,1.843060804,1.840280863
7,1843349,1000260,1000260,1000261,1001406,1.842868011,1.840760890
7,1843722,1000364,1000364,1000417,1001459,1.842953488,1.841035929
7,1837030,1000313,1000313,982396,1001563,1.869948575,1.834163203
7,1843526,1000365,1000365,1000365,1001406,1.842853359,1.840937642
7,1842982,999948,999948,1000000,1001146,1.842982000,1.840872360
7,1843480,1000157,1000157,1000104,1001198,1.843288298,1.841274154
7,1830097,1000417,1000417,985208,1001718,1.857574238,1.826958286
7,1843688,1000312,1000312,1000261,1001250,1.843206923,1.841386267
7,1843770,1000312,1000312,1000313,1001198,1.843193081,1.841563807
7,1843235,1000052,1000052,1000000,1000990,1.843235000,1.841412002
7,1837512,1000365,1000365,994739,1001354,1.847230278,1.835027373
7,1843612,1000261,1000261,1000156,1001093,1.843324441,1.841599132
7,1843687,1000364,1000364,1000313,1001250,1.843110107,1.841385268
7,1843543,1000156,1000156,1000157,1001042,1.843253609,1.841624028
7,1833385,1000677,1000677,988541,1001823,1.854637289,1.830048821
7,1844029,1000469,1000469,1000469,1001510,1.843164556,1.841248714
7,1842890,1000052,1000052,1000052,1001094,1.842794175,1.840876082
7,1843993,1000417,1000417,1000416,1001459,1.843226218,1.841306534
7,1833900,1000156,1000156,981980,1001615,1.867553311,1.830943027
7,1843382,1000156,1000156,1000104,1001562,1.843190308,1.840507128
7,1843734,1000260,1000260,1000313,1001458,1.843157092,1.841049749
7,1843390,1000104,1000104,1000052,1001197,1.843294149,1.841186100
7,1826782,1000729,1000729,981093,1002240,1.861986580,1.822699154
7,1843217,1000000,1000000,1000000,1001198,1.843217000,1.841011468
7,1843258,1000208,1000208,1000209,1001354,1.842872840,1.840765603
7,1843270,1000000,1000000,1000053,1001198,1.843172312,1.841064405
7,1838404,1000156,1000156,995730,1001406,1.846287648,1.835822833
7,1844113,1000521,1000521,1000520,1001667,1.843154560,1.841043980
7,1844002,1000417,1000417,1000417,1001510,1.843233372,1.841221755
7,1843983,1000521,1000521,1000521,1001615,1.843022785,1.841009769
7,1811777,1000677,1000677,968125,1001875,1.871428793,1.808386276
7,1842885,999948,999948,999896,1001094,1.843076680,1.840871087
7,1843319,1000104,1000104,1000053,1000937,1.843221309,1.841593427
7,1843187,1000104,1000104,1000052,1001094,1.843091159,1.841172757
7,1833373,1000417,1000417,983125,1001511,1.864842212,1.830606953
7,1843675,1000261,1000261,1000260,1001094,1.843195769,1.841660224
7,1842992,1000000,1000000,1000000,1000833,1.842992000,1.841458065
7,1843414,1000104,1000104,1000104,1000937,1.843222305,1.841688338
7,1832889,1000677,1000677,987916,1001667,1.855308549,1.829838659
7,1843736,1000312,1000312,1000260,1001406,1.843256753,1.841147347
7,1844004,1000417,1000417,1000416,1001563,1.843237213,1.841126320
7,1844122,1000521,1000521,1000521,1001614,1.843161713,1.841150383
7,1836250,1000417,1000417,996718,1001667,1.842296417,1.833194065
7,1843787,1000312,1000312,1000261,1001406,1.843305897,1.841198275
7,1843262,1000052,1000052,1000000,1001146,1.843262000,1.841152040
7,1843544,1000156,1000156,1000209,1001302,1.843158780,1.841146827
7,1823773,1000573,1000573,979791,1001771,1.861389827,1.820548808
7,1843851,1000312,1000312,1000313,1001510,1.843274055,1.841070983
7,1843303,1000052,1000052,1000105,1001146,1.843109474,1.841192993
7,1843673,1000313,1000313,1000208,1001354,1.843289596,1.841180042
7,1833512,1000416,1000416,982136,1001562,1.866861616,1.830652521
7,1843786,1000313,1000313,1000312,1001510,1.843210918,1.841006081
7,1843869,1000364,1000364,1000313,1001354,1.843292050,1.841375777
7,1843352,1000104,1000104,1000052,1001094,1.843256151,1.841337577
7,1827655,1000625,1000625,982083,1001928,1.860998510,1.824138062
7,1843472,1000157,1000157,1000104,1001198,1.843280299,1.841266163
7,1843238,1000000,1000000,1000052,1000990,1.843142157,1.841414999
7,1843609,1000365,1000365,1000313,1001354,1.843032131,1.841116129
7,1838507,1000053,1000053,996979,1001198,1.844077960,1.836307104
7,1843327,1000105,1000105,1000052,1001041,1.843231152,1.841410092
7,1843080,1000052,1000052,1000053,1001042,1.842982322,1.841161510
7,1843509,1000261,1000261,1000260,1001354,1.843029812,1.841016264
7,1829981,1000261,1000261,985156,1001562,1.857554540,1.827127028
7,1843383,1000209,1000209,1000208,1001302,1.842999656,1.840986036
7,1843711,1000313,1000313,1000312,1001302,1.843135942,1.841313610
7,1843288,1000261,1000261,1000208,1001302,1.842904676,1.840891160
7,1836847,1000521,1000521,985469,1001771,1.863931793,1.833599695
7,1843259,1000052,1000052,1000052,1001146,1.843163156,1.841149043
7,1843451,1000104,1000104,1000053,1001250,1.843353302,1.841149563
7,1843393,1000104,1000104,1000104,1001250,1.843201307,1.841091635
7,1829774,1000157,1000157,982031,1001614,1.863254826,1.826825504
7,1844240,1000573,1000573,1000573,1001980,1.843183856,1.840595621
7,1843950,1000521,1000521,1000469,1001614,1.843085593,1.840978660
7,1843271,1000052,1000052,1000052,1001146,1.843175155,1.841161029
7,1838515,1000625,1000625,993958,1001823,1.849690832,1.835169486
7,1843756,1000260,1000260,1000260,1001563,1.843276748,1.840878707
7,1844072,1000469,1000469,1000469,1001563,1.843207536,1.841194213
7,1843672,1000260,1000260,1000261,1001354,1.843190927,1.841179044
7,1787599,1000000,1000000,953907,1001302,1.873976184,1.785274573
7,1843637,1000208,1000208,1000208,1001146,1.843253603,1.841526611
7,1843008,1000000,1000000,1000052,1000885,1.842912169,1.841378380
7,1843752,1000312,1000312,1000261,1001146,1.843270906,1.841641479
7,1838195,1000261,1000261,987759,1001302,1.860975197,1.835804782
7,1843359,1000104,1000104,1000104,1001042,1.843167311,1.841440219
7,1843420,1000104,1000104,1000104,1000989,1.843228304,1.841598659
7,1843601,1000209,1000209,1000156,1001094,1.843313443,1.841586305
7,1831640,1000364,1000364,985885,1001615,1.857863747,1.828686671
7,1843066,1000156,1000156,1000104,1001250,1.842874341,1.840765044
7,1843616,1000313,1000313,1000364,1001458,1.842945168,1.840931921
7,1843607,1000209,1000209,1000208,1001354,1.843223609,1.841114131
7,1836932,1000417,1000417,987813,1001927,1.859594883,1.833399040
7,1843993,1000416,1000416,1000417,1001510,1.843224375,1.841212769
7,1844198,1000521,1000521,1000520,1001875,1.843239515,1.840746600
7,1832529,1000208,1000208,1000260,1001406,1.832052666,1.829956082
7,1829184,1000313,1000313,985625,1001979,1.855862016,1.825571195
7,1842717,1000104,1000104,1000052,1001198,1.842621184,1.840512067
7,1843374,1000052,1000052,1000104,1001198,1.843182309,1.841168280
7,1842879,1000729,1000729,1000885,1002188,1.841249494,1.838855584
7,1832386,1000625,1000625,972865,1002031,1.883494627,1.828671967
7,1843760,1000312,1000312,1000312,1001354,1.843184926,1.841266925
7,1843720,1000313,1000313,1000260,1001354,1.843240757,1.841226979
7,1843733,1000261,1000261,1000312,1001563,1.843157935,1.840855742
7,1817866,1000677,1000677,972135,1001980,1.869972792,1.814273738
7,1842452,999584,999584,999583,1001145,1.843220623,1.840344805
7,1843278,1000052,1000052,1000052,1000990,1.843182155,1.841454960
7,1844248,1000573,1000573,1000625,1001667,1.843096065,1.841178755
7,1838535,1000261,1000261,994843,1001407,1.848065474,1.835951816
7,1843499,1000156,1000156,1000208,1001146,1.843115632,1.841388768
7,1843877,1000365,1000365,1000417,1001510,1.843108424,1.841096944
7,1843858,1000364,1000364,1000313,1001458,1.843281053,1.841173569
7,1833976,1000521,1000521,986718,1001614,1.858662759,1.831020733
7,1843123,1000000,1000000,999948,1000937,1.843218847,1.841397610
7,1843540,1000156,1000156,1000209,1001250,1.843154781,1.841238452
7,1843498,1000157,1000157,1000104,1001198,1.843306296,1.841292132
7,1959418,1000521,1000521,979063,1001615,2.001319629,1.956258642
7,2093351,1000573,1000573,1000677,1001615,2.091934760,2.089975689
7,2092931,1000365,1000365,1000469,1001407,2.091949876,2.089990384
7,2093299,1000209,1000209,1000208,1001094,2.092863684,2.091011433
7,2051088,1000364,1000364,967447,1001302,2.120103737,2.048420956
7,2093500,1000365,1000365,1000364,1001145,2.092738243,2.091105684
7,2093335,1000260,1000260,1000209,1001094,2.092897584,2.091047394
7,2093797,1000469,1000469,1000625,1001511,2.092489194,2.090638046
7,2088537,1000313,1000313,995729,1001354,2.097495403,2.085712945
7,2093758,1000468,1000468,1000417,1001250,2.092885267,2.091144070
7,1899037,1000157,1000157,1000208,1001041,1.898642082,1.897062158
7,1844444,1000677,1000677,1000729,1001771,1.843100380,1.841183264
7,1821821,1000469,1000469,973176,1001563,1.872036507,1.818977937
7,1844235,1000573,1000573,1000573,1001510,1.843178859,1.841454404
7,1843615,1000208,1000208,1000209,1001094,1.843229765,1.841600289
7,1844053,1000468,1000468,1000469,1001406,1.843188545,1.841463902
7,1839079,1000104,1000104,996979,1001145,1.844651693,1.836975663
7,1843162,1000000,1000000,1000000,1000886,1.843162000,1.841530404
7,1843485,1000156,1000156,1000104,1000989,1.843293297,1.841663595
7,1843230,1000000,1000000,1000000,1000938,1.843230000,1.841502670
7,1818881,1000677,1000677,976458,1001823,1.862733471,1.815571214
7,1844257,1000573,1000573,1000573,1001614,1.843200846,1.841285166
7,1843840,1000365,1000365,1000312,1001407,1.843264901,1.841249362
7,1843678,1000261,1000261,1000208,1001355,1.843294595,1.841183197
7,1836619,1000572,1000572,992917,1001771,1.849720571,1.833372098
7,1843169,1000000,1000000,1000000,1001303,1.843169000,1.840770476
7,1843977,1000416,1000416,1000365,1001510,1.843304194,1.841196793
7,1843492,1000156,1000156,1000157,1001198,1.843202617,1.841286139
7,1822239,1000312,1000312,971511,1001719,1.875675108,1.819111947
7,1843521,1000156,1000156,1000157,1001510,1.843231613,1.840741480
7,1843625,1000261,1000261,1000260,1001302,1.843145782,1.841227722
7,1843417,1000156,1000156,1000105,1001197,1.843223462,1.841213068
7,1836613,1000156,1000156,979063,1001406,1.875888477,1.834034348
7,1843710,1000312,1000312,1000312,1001250,1.843134942,1.841408240
7,1844126,1000521,1000521,1000468,1001458,1.843263353,1.841441179
7,1842035,1000209,1000209,1000208,1001406,1.841651936,1.839448735
7,1830567,1000104,1000104,983959,1001250,1.860409834,1.828281648
7,1843697,1000261,1000261,1000260,1001250,1.843217763,1.841395256
7,1843578,1000209,1000209,1000208,1001198,1.843194616,1.841372036
7,1843619,1000260,1000260,1000208,1001198,1.843235607,1.841412987
7,1838807,1000052,1000052,997396,1001146,1.843607755,1.836702139
7,1843459,1000104,1000104,1000104,1001093,1.843267300,1.841446299
7,1843450,1000104,1000104,1000156,1001250,1.843162467,1.841148564
7,1829404,1000313,1000313,1000416,1001458,1.828643284,1.826740612
7,1831792,1000521,1000521,986146,1001667,1.857526168,1.828743485
7,1843861,1000313,1000313,1000312,1001406,1.843285895,1.841272171
7,1843789,1000313,1000313,1000312,1001250,1.843213917,1.841487141
7,1843410,1000104,1000104,1000104,1001094,1.843218305,1.841395513
7,1836917,1000364,1000364,977968,1001510,1.878299699,1.834147437
7,1843786,1000313,1000313,1000312,1001354,1.843210918,1.841292889
7,1843427,1000104,1000104,1000104,1001094,1.843235304,1.841412495
7,1843513,1000156,1000156,1000313,1001302,1.842936161,1.841115867
7,1834199,1000468,1000468,986510,1001718,1.859280697,1.831053251
7,1843216,1000000,1000000,1000000,1001042,1.843216000,1.841297368
7,1843264,1000052,1000052,1000000,1001042,1.843264000,1.841345318
7,1843525,1000156,1000156,1000156,1001250,1.843237455,1.841223471
7,1838267,1000209,1000209,992916,1001250,1.851382191,1.835972035
7,1843508,1000157,1000157,1000156,1001146,1.843220458,1.841397758
7,1843220,1000000,1000000,1000000,1000990,1.843220000,1.841397017
7,1843688,1000260,1000260,1000417,1001458,1.842919503,1.841003816
7,1828544,1000677,1000677,985416,1001770,1.855606160,1.825313196
7,1843468,1000104,1000104,1000156,1001093,1.843180464,1.841455289
7,1844077,1000469,1000469,1000469,1001354,1.843212533,1.841583496
7,1843756,1000313,1000313,1000312,1001198,1.843180928,1.841549823
7,1993659,1000469,1000469,972291,1001354,2.050475629,1.990963236
7,2093073,1000104,1000104,1000104,1000886,2.092855343,2.091220179
7,2092061,1000313,1000313,1000312,1001355,2.091408481,2.089230093
7,1989884,1000157,1000157,1000208,1000990,1.989470190,1.987915963
7,1824488,1000573,1000573,984271,1001614,1.853643966,1.821548021
7,1843850,1000312,1000312,1000312,1001563,1.843274898,1.840972560
7,1843423,1000104,1000104,1000104,1001250,1.843231304,1.841121598
7,1843740,1000313,1000313,1000312,1001406,1.843164933,1.841151341
7,1837620,1000417,1000417,993489,1001875,1.849663157,1.834180911
7,1843959,1000417,1000417,1000417,1001562,1.843190390,1.841083228
7,1844004,1000416,1000416,1000417,1001510,1.843235371,1.841223752
7,1843593,1000209,1000209,1000208,1001302,1.843209612,1.841195763
7,1808756,1000625,1000625,963334,1001979,1.877600085,1.805183542
7,1843958,1000416,1000416,1000365,1001563,1.843285201,1.841080391
7,1843925,1000365,1000365,1000364,1001458,1.843254056,1.841240471
7,1843948,1000364,1000364,1000417,1001511,1.843179394,1.841165998
7,1836720,1000312,1000312,977085,1001614,1.879795514,1.833760311
7,1844010,1000469,1000469,1000417,1001719,1.843241368,1.840845586
7,1843210,1000052,1000052,1000000,1001041,1.843210000,1.841293214
7,1841838,1000209,1000209,1000104,1001354,1.841646469,1.839347523
7,1826786,1000677,1000677,979375,1002032,1.865256924,1.823081498
7,1843097,999948,999948,999896,1001042,1.843288702,1.841178492
7,1843941,1000364,1000364,1000417,1001406,1.843172397,1.841352059
7,1843550,1000156,1000156,1000156,1001146,1.843262451,1.841439710
7,1834376,1000052,1000052,985052,1001355,1.862212350,1.831893784
7,1843396,1000104,1000104,1000105,1001093,1.843202464,1.841383368
7,1843877,1000365,1000365,1000365,1001511,1.843204230,1.841095105
7,1843326,1000104,1000104,1000052,1001042,1.843230152,1.841407254
7,1831308,1000417,1000417,983385,1001667,1.862249272,1.828260290
7,1843439,1000156,1000156,1000104,1001250,1.843247302,1.841137578
7,1843519,1000156,1000156,1000156,1001250,1.843231456,1.841217478
7,1843668,1000260,1000260,1000261,1001303,1.843186928,1.841268827
7,1824092,1000312,1000312,966302,1001823,1.887703844,1.820772731
7,1843969,1000416,1000416,1000365,1001563,1.843296197,1.841091374
7,1843985,1000417,1000417,1000417,1001562,1.843216379,1.841109187
7,1843145,999948,999948,999948,1001094,1.843240849,1.841130803
7,1825924,1000104,1000104,976980,1001562,1.868947164,1.823076355
7,1844192,1000521,1000521,1000521,1001667,1.843231676,1.841122848
7,1843948,1000417,1000417,1000365,1001667,1.843275205,1.840879254
7,1843201,1000000,1000000,1000000,1001146,1.843201000,1.841091110
7,1837040,1000625,1000625,996980,1001822,1.842604666,1.833699000
7,1843550,1000104,1000104,1000104,1001198,1.843358291,1.841344070
7,1843881,1000364,1000364,1000365,1001458,1.843208229,1.841196535
7,1843346,1000052,1000052,1000052,1001198,1.843250151,1.841140314
7,1819692,1000312,1000312,971303,1001770,1.873454524,1.816476836
7,1843326,1000052,1000052,1000000,1001197,1.843326000,1.841122177
7,1843220,1000000,1000000,1000000,1001302,1.843220000,1.840823248
7,1843938,1000417,1000417,1000365,1001511,1.843265208,1.841156013
7,1836408,1000209,1000209,981926,1001458,1.870210179,1.833734415
7,1843871,1000364,1000364,1000365,1001459,1.843198233,1.841184712
7,1844076,1000469,1000469,1000521,1001614,1.843115737,1.841104457
7,1843574,1000208,1000208,1000157,1001302,1.843284604,1.841176788
7,1829104,997864,997864,987083,1002031,1.853039714,1.825396619
7,1843705,1000260,1000260,1000260,1001406,1.843225761,1.841116390
7,1843944,1000417,1000417,1000416,1001562,1.843177238,1.841068251
7,1836365,1000573,1000573,994166,1001719,1.847141222,1.833213706
7,1843960,1000417,1000417,1000365,1001510,1.843287200,1.841179818
7,1844011,1000417,1000417,1000416,1001510,1.843244210,1.841230742
7,1844171,1000521,1000521,1000521,1001927,1.843210687,1.840624117
7,1832081,1000521,1000521,986719,1001719,1.856740369,1.828937057
7,1813335,1000365,1000365,976719,1001771,1.856557516,1.810129261
7,1843976,1000417,1000417,1000416,1001510,1.843209225,1.841195794
7,1843392,1000104,1000104,1000104,1001198,1.843200307,1.841186259
7,1816943,1002344,1002344,963022,1003698,1.886709753,1.810248700
7,1844097,1000521,1000521,1000469,1001771,1.843232524,1.840836878
7,1843381,1000105,1000105,1000104,1001198,1.843189308,1.841175272
7,1844093,1000469,1000469,1000520,1001510,1.843134570,1.841312618
7,1835700,1000000,1000000,991718,1001146,1.851030232,1.833598696
7,1836066,1000365,1000365,992968,1001562,1.849068651,1.833202538
7,1844177,1000521,1000521,1000521,1001406,1.843216684,1.841587728
7,1843319,1000052,1000052,1000052,1000937,1.843223152,1.841593427
7,1836458,1000417,1000417,993958,1001458,1.847621328,1.833784342
7,1843762,1000313,1000313,1000313,1001198,1.843185083,1.841555816
7,1843338,1000052,1000052,1000052,1000990,1.843242151,1.841514900
7,1843867,1000364,1000364,1000365,1001250,1.843194234,1.841565044
7,1836246,1000364,1000364,993125,1001354,1.848957583,1.833763085
7,1838427,1000573,1000573,994688,1001771,1.848244877,1.835176902
7,1844100,1000469,1000469,1000416,1001719,1.843333173,1.840935432
7,1844100,1000469,1000469,1000469,1001510,1.843235523,1.841319607
7,1836624,1000364,1000364,985521,1001615,1.863607168,1.833662635
7,1843011,999843,999843,999792,1001146,1.843394426,1.840901327
7,1843753,1000313,1000313,1000260,1001406,1.843273749,1.841164323
7,1843297,1000052,1000052,1000052,1001146,1.843201154,1.841187000
7,1837374,1000365,1000365,993229,1001614,1.849899671,1.834413257
7,1836278,1000208,1000208,992761,1001615,1.849667745,1.833317193
7,1843501,1000156,1000156,1000156,1001302,1.843213459,1.841103883
7,1844011,1000416,1000416,1000417,1001563,1.843242368,1.841133309
7,1837500,1000313,1000313,995937,1001510,1.844996220,1.834729558
7,1844090,1000468,1000468,1000469,1001563,1.843225527,1.841212185
7,1844071,1000469,1000469,1000469,1001614,1.843206536,1.841099465
7,1843141,1000000,1000000,999948,1001094,1.843236848,1.841126807
7,1825625,1000521,1000521,980834,1001771,1.861298650,1.822397534
7,1843577,1000209,1000209,1000208,1001666,1.843193616,1.840510709
7,1843427,1000156,1000156,1000105,1001250,1.843233460,1.841125593
7,1843879,1000364,1000364,1000365,1001459,1.843206230,1.841192700
7,1836943,1000573,1000573,986198,1001770,1.862651313,1.833697356
7,1843372,1000104,1000104,1000052,1001510,1.843276150,1.840592705
7,1843851,1000313,1000313,1000313,1001771,1.843274055,1.840591313
7,1844137,1000521,1000521,1000521,1001614,1.843176705,1.841165359
7,1798566,1000573,1000573,959011,1001927,1.875438342,1.795106829
7,1843611,1000208,1000208,1000208,1001667,1.843227609,1.840542815
7,1843445,1000156,1000156,1000104,1001406,1.843253302,1.840856755
7,1843594,1000208,1000208,1000156,1001302,1.843306444,1.841196762
7,1834707,1000052,1000052,995886,1001303,1.842286165,1.832319488
7,1844026,1000469,1000469,1000469,1001510,1.843161557,1.841245719
7,1843867,1000364,1000364,1000365,1001771,1.843194234,1.840607284
7,1843407,1000105,1000105,1000104,1001198,1.843215306,1.841201241
7,1826433,1000573,1000573,976407,1001771,1.870565246,1.823204106
7,1844003,1000416,1000416,1000417,1001927,1.843234371,1.840456440
7,1843397,1000104,1000104,1000104,1001250,1.843205307,1.841095630
7,1843831,1000365,1000365,1000365,1001458,1.843158247,1.841146608
7,1830498,1000104,1000104,977032,1001459,1.873529219,1.827831194
7,1843940,1000417,1000417,1000416,1001562,1.843173240,1.841064258
7,1843185,1000000,1000000,999948,1001094,1.843280851,1.841170759
7,1843529,1000209,1000209,1000156,1001302,1.843241454,1.841131846
7,1813689,1000625,1000625,972708,1001823,1.864577036,1.810388661
7,1843582,1000208,1000208,1000209,1001615,1.843196772,1.840609416
7,1843738,1000261,1000261,1000208,1001354,1.843354582,1.841244954
7,1843495,1000156,1000156,1000156,1001614,1.843207460,1.840524394
7,1834894,1000208,1000208,995469,1001354,1.843245746,1.832412913
7,1844142,1000416,1000416,1000417,1001823,1.843373313,1.840786247
7,1843118,999948,999948,999948,1001094,1.843213847,1.841103832
7,1843926,1000417,1000417,1000416,1001511,1.843159246,1.841144031
7,1829683,1000469,1000469,981771,1001666,1.863655578,1.826639818
7,1843464,1000156,1000156,1000156,1001614,1.843176464,1.840493444
7,1843710,1000260,1000260,1000261,1001406,1.843228917,1.841121383
7,1844139,1000521,1000521,1000521,1001667,1.843178704,1.841069936
7,1835356,1000157,1000157,980884,1001406,1.871124414,1.832779113
7,1843754,1000312,1000312,1000313,1001719,1.843177086,1.840590026
7,1843565,1000209,1000209,1000156,1001302,1.843277449,1.841167800
7,1843182,1000000,1000000,1000000,1001094,1.843182000,1.841167762
7,1827366,1000469,1000469,983178,1001823,1.858631906,1.824040774
7,1843491,1000156,1000156,1000156,1001302,1.843203460,1.841093896
7,1843570,1000156,1000156,1000209,1001354,1.843184774,1.841077181
7,1843191,1000000,1000000,1000053,1001094,1.843093316,1.841176753
7,1836548,1000260,1000260,995833,1001510,1.844232919,1.833778994
7,1843500,1000156,1000156,1000156,1001250,1.843212459,1.841198502
7,1843451,1000104,1000104,1000104,1001250,1.843259301,1.841149563
7,1843153,1000000,1000000,999947,1001406,1.843250692,1.840565165
7,1799415,1000417,1000417,958853,1001771,1.876632810,1.796233870
7,1844038,1000468,1000468,1000469,1001666,1.843173552,1.840970942
7,1843620,1000208,1000208,1000208,1001354,1.843236607,1.841127114
7,1844075,1000469,1000469,1000468,1001615,1.843212377,1.841101621
7,1830054,1000625,1000625,975729,1001927,1.875576108,1.826534268
7,1834236,1000312,1000312,1000260,1001406,1.833759223,1.831660685
7,1843972,1000729,1000729,1001250,1002605,1.841669913,1.839180934
7,1842094,1000105,1000105,1000104,1001250,1.841902442,1.839794257
7,1821025,1000157,1000157,976509,1001406,1.864831763,1.818468234
7,1843806,1000312,1000312,1000417,1001823,1.843037453,1.840450858
7,1844334,1000729,1000729,1000782,1001979,1.842892858,1.840691272
7,1843184,1000000,1000000,1000000,1001406,1.843184000,1.840596122
7,1834636,1000469,1000469,988436,1001719,1.856099940,1.831487673
7,1843334,1000104,1000104,1000052,1001459,1.843238152,1.840648494
7,1842941,1000052,1000052,1000052,1001198,1.842845172,1.840735799
7,1844127,1000469,1000469,1000521,1001875,1.843166710,1.840675733
7,1816453,1000313,1000313,971094,1001511,1.870522318,1.813712480
7,1843157,1000000,1000000,999948,1001198,1.843252849,1.840951540
7,1844500,1000677,1000677,1000886,1001927,1.842867220,1.840952485
7,1843938,1000365,1000365,1000469,1001510,1.843073598,1.841157852
7,1852430,1000364,1000364,995260,1001302,1.861252336,1.850021272
7,2089319,1000312,1000312,1000417,1001302,2.088448117,2.086602244
7,2093347,1000261,1000261,1000312,1001302,2.092694079,2.090625006
7,2093406,1000260,1000260,1000260,1001094,2.092861856,2.091118317
7,2079463,1000521,1000521,985105,1001458,2.110904929,2.076435557
7,2092984,1000104,1000104,1000052,1001094,2.092875170,2.090696778
7,2093016,1000417,1000417,1000469,1001354,2.092034836,2.090185888
7,1961377,1000625,1000625,1000677,1001563,1.960050046,1.958316152
7,1835906,1000156,1000156,995625,1001198,1.843973384,1.833709216
7,1843602,1000156,1000156,1000208,1001094,1.843218611,1.841587303
7,1843246,1000052,1000052,1000000,1000937,1.843246000,1.841520495
7,1843767,1000312,1000312,1000260,1001250,1.843287745,1.841465169
7,1832124,1000208,1000208,984218,1001302,1.861502228,1.829741676
7,1843863,1000365,1000365,1000312,1001303,1.843287894,1.841463573
7,1843378,1000052,1000052,1000156,1001094,1.843090478,1.841363548
7,1843477,1000156,1000156,1000104,1001094,1.843285298,1.841462440
7,1830429,1000417,1000417,976042,1001615,1.875358847,1.827477624
7,1844022,1000468,1000468,1000469,1001458,1.843157559,1.841337330
7,1843781,1000364,1000364,1000313,1001250,1.843204077,1.841479151
7,1843390,1000104,1000104,1000104,1001042,1.843198307,1.841471187
7,1830943,1000677,1000677,985520,1001875,1.857844590,1.827516407
7,1843109,999948,999948,1000000,1001093,1.843109000,1.841096681
7,1830841,1000313,1000313,1000364,1001354,1.830174816,1.828365393
7,1843415,1000105,1000105,1000208,1001198,1.843031649,1.841209231
7,1837344,1000417,1000417,996718,1001459,1.843394019,1.834667221
7,1843625,1000260,1000260,1000261,1001302,1.843143939,1.841227722
7,1843352,1000104,1000104,1000052,1000990,1.843256151,1.841528886
7,1843478,1000156,1000156,1000156,1001146,1.843190462,1.841367793
7,1833402,1000469,1000469,987552,1001563,1.856511860,1.830540865
7,1844081,1000468,1000468,1000521,1001458,1.843120734,1.841396244
7,1843592,1000208,1000208,1000261,1001302,1.843110948,1.841194764
7,1844110,1000521,1000521,1000572,1001615,1.843055772,1.841136564
7,1887976,1000104,1000104,971095,1001041,1.944172300,1.886012661
7,2090016,1000312,1000312,1000313,1001250,2.089362030,2.087406742
7,2093324,1000208,1000208,1000208,1001094,2.092888679,2.091036406
7,2093630,1000416,1000416,1000417,1001198,2.092757320,2.091124832
7,2082141,1000416,1000416,989428,1001458,2.104388596,2.079109658
7,2093380,1000625,1000625,1000833,1001719,2.091637666,2.089787655
7,2093507,1000365,1000365,1000364,1001354,2.092745241,2.090676224
7,2092994,1000104,1000104,1000052,1000990,2.092885170,2.090923985
7,2087592,1000260,1000260,992968,1001250,2.102375907,2.084985768
7,2093877,1000521,1000521,1000521,1001406,2.092786658,2.090937142
7,2093170,1000208,1000208,1000209,1001042,2.092732619,2.090991187
7,2093238,1000208,1000208,1000208,1001042,2.092802697,2.091059116
7,2078914,1000417,1000417,988801,1001354,2.102459443,2.076102957
7,2093048,1000104,1000104,1000104,1000937,2.092830346,2.091088650
7,1872203,1000365,1000365,1000417,1001198,1.871422617,1.869962785
7,1843567,1000209,1000209,1000208,1001093,1.843183618,1.841554181
7,1837461,1000260,1000260,986145,1001354,1.863276699,1.834976442
7,1843430,1000104,1000104,1000156,1001145,1.843142470,1.841321687
7,1844274,1000573,1000573,1000573,1001406,1.843217836,1.841684591
7,1843790,1000312,1000312,1000312,1001250,1.843214917,1.841488140
7,1831810,1000469,1000469,989011,1001354,1.852163424,1.829333083
7,1843885,1000365,1000365,1000364,1001355,1.843214070,1.841389917
7,1843669,1000261,1000261,1000208,1001093,1.843285597,1.841656070
7,1844047,1000469,1000469,1000469,1001302,1.843182547,1.841649173
7,1838675,1000312,1000312,997969,1001302,1.842416949,1.836284158
7,1843901,1000417,1000417,1000364,1001250,1.843230064,1.841599001
7,1843395,1000104,1000104,1000105,1000938,1.843201464,1.841667516
7,1843710,1000261,1000261,1000260,1001146,1.843230760,1.841599527
7,1828865,1000208,1000208,984740,1001146,1.857205963,1.826771520
7,1843794,1000312,1000312,1000365,1001406,1.843121261,1.841205265
7,1843188,1000000,1000000,999948,1000938,1.843283851,1.841460710
7,1843416,1000157,1000157,1000104,1001041,1.843224305,1.841499000
7,1835469,1000260,1000260,981666,1001354,1.869748978,1.832987135
7,1843632,1000261,1000261,1000156,1001198,1.843344438,1.841425972
7,1844217,1000521,1000521,1000572,1001511,1.843162711,1.841434592
7,1843786,1000313,1000313,1000312,1001355,1.843210918,1.841291051
7,1825974,1000417,1000417,980209,1001458,1.862841496,1.823315606
7,1844134,1000521,1000521,1000521,1001406,1.843173706,1.841544788
7,1843634,1000261,1000261,1000208,1001146,1.843250604,1.841523614
7,1844005,1000416,1000416,1000417,1001406,1.843236370,1.841415969
7,1838702,1000729,1000729,993124,1001823,1.851432450,1.835356146
7,1844007,1000469,1000469,1000416,1001406,1.843240212,1.841417966
7,1843888,1000365,1000365,1000364,1001250,1.843217069,1.841586017
7,1843479,1000156,1000156,1000209,1001094,1.843093793,1.841464438
7,1830501,1000520,1000520,982916,1001666,1.862316821,1.827456458
7,1843309,1000052,1000052,1000052,1001093,1.843213153,1.841296463
7,1843919,1000417,1000417,1000364,1001459,1.843248058,1.841232642
7,1844120,1000469,1000469,1000521,1001511,1.843159714,1.841337739
7,1835266,1000521,1000521,978282,1001979,1.876009167,1.831641182
7,1844193,1000573,1000573,1000572,1001771,1.843138725,1.840932708
7,1843970,1000417,1000417,1000417,1001562,1.843201385,1.841094211
7,1843818,1000313,1000313,1000312,1001511,1.843242908,1.841036194
7,1825464,1000364,1000364,977188,1001666,1.868078609,1.822427835
7,1843568,1000208,1000208,1000209,1001667,1.843182775,1.840499887
7,1843466,1000156,1000156,1000156,1001250,1.843178464,1.841164544
7,1843723,1000312,1000312,1000312,1001406,1.843147938,1.841134365
7,1836374,1000104,1000104,993854,1001510,1.847730149,1.833605256
7,1843374,1000104,1000104,1000052,1001197,1.843278150,1.841170119
7,1843647,1000260,1000260,1000261,1001615,1.843165934,1.840674311
7,1843516,1000156,1000156,1000156,1001302,1.843228456,1.841118863
7,1825150,1000573,1000573,978334,1001875,1.865569427,1.821734248
7,1843177,999948,999948,1000000,1001459,1.843177000,1.840491723
7,1843449,1000104,1000104,1000104,1001250,1.843257301,1.841147566
7,1843847,1000364,1000364,1000365,1001511,1.843174241,1.841065151
7,1835036,1000469,1000469,979062,1001979,1.874279668,1.831411636
7,1843448,1000156,1000156,1000156,1001250,1.843160467,1.841146567
7,1843921,1000417,1000417,1000364,1001510,1.843250057,1.841140877
7,1843425,1000105,1000105,1000104,1001198,1.843233304,1.841219219
7,1827107,1000209,1000209,980521,1001719,1.863404251,1.823971593
7,1843731,1000261,1000261,1000260,1001406,1.843251755,1.841142354
7,1843987,1000417,1000417,1000417,1001615,1.843218378,1.841013763
7,1843325,1000052,1000052,1000052,1001146,1.843229152,1.841214968
7,1838489,1000364,1000364,995730,1001563,1.846373013,1.835619926
7,1844204,1000573,1000573,1000521,1001667,1.843243670,1.841134828
7,1843583,1000156,1000156,1000156,1001302,1.843295446,1.841185776
7,1843524,1000208,1000208,1000208,1001250,1.843140627,1.841222472
7,1830121,1000417,1000417,982811,1001927,1.862129138,1.826601140
7,1844060,1000468,1000468,1000469,1001667,1.843195541,1.840991068
7,1843629,1000260,1000260,1000260,1001354,1.843149781,1.841136102
7,1843511,1000156,1000156,1000156,1001302,1.843223457,1.841113870
7,1835153,1000729,1000729,978645,1002239,1.875197850,1.831053272
7,1844069,1000469,1000469,1000416,1001614,1.843302186,1.841097469
7,1843693,1000261,1000261,1000260,1001406,1.843213764,1.841104407
7,1843419,1000104,1000104,1000156,1001302,1.843131471,1.841021989
7,1828943,1000417,1000417,982136,1001927,1.862209511,1.825425405
7,1843497,1000156,1000156,1000156,1001354,1.843209459,1.841004280
7,1843869,1000365,1000365,1000312,1001458,1.843293892,1.841184553
7,1843682,1000156,1000156,1000208,1001302,1.843298594,1.841284647
7,1835314,1000521,1000521,995990,1001771,1.842703240,1.832069405
7,1843160,1000000,1000000,999948,1001094,1.843255849,1.841145787
7,1843283,1000417,1000417,1000364,1001666,1.842612289,1.840217198
7,1843234,1000052,1000052,1000000,1001146,1.843234000,1.841124072
7,1828832,1000521,1000521,982448,1001875,1.861505138,1.825409357
7,1843541,1000209,1000209,1000208,1001302,1.843157623,1.841143831
7,1843756,1000313,1000313,1000312,1001667,1.843180928,1.840687574
7,1844001,1000417,1000417,1000416,1001562,1.843234215,1.841125162
7,1837142,1000417,1000417,985469,1001771,1.864231143,1.833894173
7,1843296,1000053,1000053,1000052,1001250,1.843200154,1.840994757
7,1843340,1000052,1000052,1000052,1001250,1.843244151,1.841038702
7,1843790,1000365,1000365,1000312,1001458,1.843214917,1.841105668
7,1826637,1000104,1000104,981145,1001406,1.861740110,1.824072354
7,1843936,1000365,1000365,1000417,1001823,1.843167399,1.840580622
7,1843801,1000312,1000312,1000313,1001511,1.843224071,1.841019220
7,1843363,1000104,1000104,1000052,1001198,1.843267150,1.841157294
7,1836123,1000417,1000417,993593,1001823,1.847962898,1.832781839
7,1843624,1000260,1000260,1000208,1001354,1.843240606,1.841131108
7,1843352,1000052,1000052,1000104,1001250,1.843160311,1.841050687
7,1843908,1000365,1000365,1000364,1001458,1.843237062,1.841223496
7,1828696,1000365,1000365,984322,1001823,1.857822948,1.825368353
7,1843308,1000053,1000053,1000104,1001250,1.843116316,1.841006742
7,1843925,1000417,1000417,1000417,1001510,1.843156404,1.841144871
7,1843579,1000208,1000208,1000156,1001563,1.843291447,1.840701983
7,1835844,1000364,1000364,981355,1001718,1.870723642,1.832695429
7,1844114,1000468,1000468,1000469,1001511,1.843249516,1.841331748
7,1843745,1000312,1000312,1000261,1001510,1.843263908,1.840965143
7,1844012,1000469,1000469,1000468,1001510,1.843149406,1.841231740
7,1826060,1000208,1000208,978698,1001562,1.865805386,1.823212143
7,1843303,1000052,1000052,1000000,1001094,1.843303000,1.841288630
7,1843919,1000417,1000417,1000364,1001406,1.843248058,1.841330090
7,1844057,1000469,1000469,1000469,1001459,1.843192543,1.841370441
7,1823330,1000104,1000104,988907,1001563,1.843783086,1.820484583
7,1842428,1000261,1000261,1000260,1001302,1.841949093,1.840032278
7,1843305,1000052,1000052,1000052,1001094,1.843209153,1.841290628
7,1843377,1000104,1000104,1000052,1001146,1.843281149,1.841266908
7,1829908,1000469,1000469,985364,1001771,1.857088345,1.826672962
7,1844020,1000417,1000417,1000416,1001458,1.843253207,1.841335333
7,1843380,1000104,1000104,1000052,1001146,1.843284149,1.841269905
7,1843932,1000416,1000416,1000365,1001459,1.843259210,1.841245623
7,1836434,1000469,1000469,978438,1001770,1.876903800,1.833189255
7,1843374,1000104,1000104,1000105,1001093,1.843180466,1.841361392
7,1844062,1000468,1000468,1000469,1001563,1.843197540,1.841184229
7,1844015,1000469,1000469,1000416,1001666,1.843248209,1.840947981
7,1825057,1000157,1000157,978073,1001458,1.865972172,1.822399941
7,1844112,1000469,1000469,1000469,1001406,1.843247517,1.841522819
7,1843165,999948,999948,1000000,1000937,1.843165000,1.841439571
7,1843592,1000209,1000209,1000208,1001094,1.843208613,1.841577314
7,1838803,1000156,1000156,995624,1001354,1.846884969,1.836316627
7,1843328,1000052,1000052,1000052,1000990,1.843232152,1.841504910
7,1844196,1000520,1000520,1000521,1001458,1.843235674,1.841511077
7,1843529,1000156,1000156,1000157,1001198,1.843239611,1.841323095
7,1828741,1000625,1000625,982084,1001823,1.862102427,1.825413272
7,1843688,1000260,1000260,1000260,1001354,1.843208766,1.841195022
7,1843568,1000208,1000208,1000209,1001354,1.843182775,1.841075184
7,1843829,1000312,1000312,1000313,1001302,1.843252062,1.841431456
7,1837974,1000208,1000208,983438,1001302,1.868927172,1.835584070
7,1844048,1000417,1000417,1000469,1001458,1.843183547,1.841363292
7,1844038,1000417,1000417,1000468,1001458,1.843175394,1.841353307
7,1843225,1000000,1000000,1000000,1000938,1.843225000,1.841497675
7,1822543,1000260,1000260,984011,1001459,1.852157141,1.819887784
7,1843137,999948,999948,999948,1001041,1.843232848,1.841220290
7,1843385,1000104,1000104,1000052,1001093,1.843289149,1.841372380
7,1843963,1000364,1000364,1000417,1001615,1.843194388,1.840989801
7,1837763,1000417,1000417,994478,1001510,1.847967476,1.834992162
7,1843419,1000157,1000157,1000104,1001146,1.843227304,1.841308860
7,1843940,1000365,1000365,1000416,1001354,1.843173240,1.841446681
7,1843353,1000104,1000104,1000104,1001094,1.843161311,1.841338576
7,1824367,1000156,1000156,980625,1001355,1.860412492,1.821898328
7,1843949,1000417,1000417,1000364,1001406,1.843278047,1.841360048
7,1843421,1000157,1000157,1000104,1001146,1.843229304,1.841310858
7,1843628,1000208,1000208,1000156,1001250,1.843340439,1.841326342
7,1833614,1000521,1000521,978438,1001980,1.874021655,1.829990619
7,1843767,1000313,1000313,1000260,1001458,1.843287745,1.841082701
7,1843196,1000000,1000000,1000052,1001406,1.843100159,1.840608105
7,1843636,1000208,1000208,1000209,1001407,1.843250761,1.841045649
7,1829401,1000729,1000729,982136,1002188,1.862675841,1.825407009
7,1843162,999948,999948,999948,1001146,1.843257849,1.841052154
7,1843350,1000052,1000052,1000104,1001250,1.843158312,1.841048689
7,1844115,1000469,1000469,1000469,1001562,1.843250516,1.841238985
7,1838466,1000156,1000156,995208,1001355,1.847318350,1.835978249
7,1843686,1000313,1000313,1000260,1001406,1.843206766,1.841097417
7,1843948,1000365,1000365,1000365,1001510,1.843275205,1.841167837
7,1844135,1000521,1000521,1000469,1001615,1.843270506,1.841161524
7,1827542,1000208,1000208,984010,1001458,1.857239256,1.824881323
7,1843183,1000000,1000000,1000000,1001146,1.843183000,1.841073130
7,1843476,1000157,1000157,1000156,1001406,1.843188463,1.840887712
7,1843258,1000052,1000052,1000000,1001146,1.843258000,1.841148044
7,1837428,1000573,1000573,987187,1001719,1.861276536,1.834274881
7,1843540,1000156,1000156,1000156,1001145,1.843252453,1.841431561
7,1843271,1000052,1000052,1000052,1001094,1.843175155,1.841256665
7,1843442,1000157,1000157,1000104,1001198,1.843250302,1.841236199
7,1828679,1000000,1000000,984896,1001094,1.856722943,1.826680611
7,1843748,1000313,1000313,1000260,1001250,1.843268750,1.841446192
7,1843322,1000052,1000052,1000053,1001093,1.843224309,1.841309449
7,1843637,1000261,1000261,1000208,1001146,1.843253603,1.841526611
7,1838056,1000052,1000052,996927,1001093,1.843721757,1.836049198
7,1843946,1000417,1000417,1000468,1001510,1.843083437,1.841165840
7,1843261,1000000,1000000,1000052,1001146,1.843165155,1.841151041
7,1843675,1000261,1000261,1000364,1001354,1.843004146,1.841182040
7,1800290,1000573,1000573,971302,1001875,1.853481204,1.796920774
7,1843769,1000313,1000313,1000417,1001666,1.843000469,1.840702390
7,1842632,1000052,1000052,1000000,1000990,1.842632000,1.840809598
7,1842360,1000520,1000520,1000521,1001771,1.841400630,1.839102949
7,1807341,992448,992448,953438,1001510,1.895604119,1.804616030
7,1843768,1000260,1000260,1000313,1001406,1.843191081,1.841179302
7,1844158,1000521,1000521,1000521,1001511,1.843197694,1.841375681
7,1842845,1000521,1000521,1000468,1001510,1.841982952,1.840066500
7,1826594,1000625,1000625,980833,1001875,1.862288483,1.823175546
7,1843442,1000156,1000156,1000156,1001042,1.843154468,1.841523133
7,1843613,1000209,1000209,1000312,1001354,1.843037972,1.841120123
7,1844186,1000573,1000573,1000625,1001562,1.843034104,1.841309874
7,1838090,1000312,1000312,994636,1001354,1.848002686,1.835604591
7,1843906,1000416,1000416,1000417,1001302,1.843137412,1.841508356
7,1843500,1000156,1000156,1000104,1001094,1.843308296,1.841485415
7,1843862,1000365,1000365,1000364,1001250,1.843191078,1.841560050
7,1831797,1000677,1000677,989689,1001823,1.850881439,1.828463711
7,1843177,1000000,1000000,999896,1000937,1.843368710,1.841451560
7,1843476,1000157,1000157,1000156,1001094,1.843188463,1.841461441
7,1843209,1000000,1000000,1000000,1000937,1.843209000,1.841483530
7,1836504,1000520,1000520,983021,1001771,1.868224585,1.833257301
7,1843350,1000053,1000053,1000052,1000990,1.843254151,1.841526888
7,1843249,1000052,1000052,1000001,1000937,1.843247157,1.841523492
7,1843566,1000209,1000209,1000156,1001094,1.843278449,1.841551343
7,1832816,1000260,1000260,988332,1001198,1.854453767,1.830622914
7,1844130,1000521,1000521,1000469,1001562,1.843265508,1.841253961
7,1843317,1000052,1000052,1000053,1000990,1.843219309,1.841493921
7,1841979,1000157,1000157,1000104,1001094,1.841787454,1.839966077
7,1843980,1000417,1000417,1000417,1001458,1.843211381,1.841295391
7,1843653,1000260,1000260,1000209,1001146,1.843267757,1.841542592
7,1843519,1000209,1000209,1000156,1001094,1.843231456,1.841504394
7,1837369,1000312,1000312,991614,1001303,1.852907482,1.834978024
7,1835307,1000208,1000208,992083,1001354,1.849953079,1.832825354
7,1843273,1000052,1000052,1000052,1001042,1.843177155,1.841354309
7,1843847,1000312,1000312,1000313,1001250,1.843270056,1.841545069
7,1837541,1000468,1000468,983281,1001511,1.868785220,1.834768665
7,1843535,1000157,1000157,1000208,1001250,1.843151624,1.841233458
7,1843294,1000052,1000052,1000052,1001041,1.843198154,1.841377126
7,1843624,1000208,1000208,1000209,1001198,1.843238763,1.841417981
7,1835171,1000157,1000157,987291,1001198,1.858794418,1.832975096
7,1838990,1000365,1000365,995989,1001406,1.846395894,1.836408010
7,1831758,1000261,1000261,1000312,1001302,1.831186670,1.829376152
7,1843839,1000313,1000313,1000365,1001354,1.843166244,1.841345818
7,1837112,1000365,1000365,997084,1001354,1.842484685,1.834627914
7,1843723,1000260,1000260,1000313,1001250,1.843146095,1.841421223
7,1843636,1000261,1000261,1000260,1001198,1.843156779,1.841429967
7,1843759,1000313,1000313,1000260,1001302,1.843279747,1.841361547
7,1837062,1000104,1000104,991822,1001145,1.852209368,1.834960970
7,1839082,1000417,1000417,995885,1001666,1.846681093,1.836023185
7,1843915,1000416,1000416,1000469,1001511,1.843050609,1.841133048
7,1843919,1000417,1000417,1000416,1001459,1.843152249,1.841232642
7,1820892,1000156,1000156,976874,1001197,1.863998837,1.818714998
7,2075682,1000208,1000208,1000156,1001197,2.075358244,2.073200379
7,2093880,1000520,1000520,1000521,1001354,2.092789657,2.091048720
7,2092557,1000208,1000208,1000208,1001198,2.092121839,2.090053116
7,2087831,1000521,1000521,993436,1001510,2.101626074,2.084683128
7,2084879,1000469,1000469,991146,1001406,2.103503419,2.081951776
7,2093208,1000209,1000209,1000260,1001198,2.092663907,2.090703337
7,2093360,1000260,1000260,1000208,1001093,2.092924672,2.091074456
7,2088065,1000261,1000261,997499,1001198,2.093300344,2.085566491
7,2093094,1000156,1000156,1000156,1001041,2.092767528,2.090917355
7,2093050,1000157,1000157,1000104,1000989,2.092832345,2.090982019
7,2093241,1000208,1000208,1000156,1000990,2.092914505,2.091170741
7,2088507,1000625,1000625,991719,1001511,2.105946342,2.085356027
7,1992364,1000104,1000104,985625,1001197,2.021421940,1.989981992
7,1839316,1000000,1000000,1000000,1000938,1.839316000,1.837592338
7,1843479,1000156,1000156,1000104,1000989,1.843287298,1.841657601
7,1836959,1000261,1000261,983124,1001198,1.868491665,1.834760956
7,1844079,1000521,1000521,1000417,1001458,1.843310340,1.841394247
7,1843928,1000416,1000416,1000365,1001250,1.843255212,1.841625968
7,1844274,1000572,1000572,1000573,1001458,1.843217836,1.841588963
7,1831334,1002031,1002031,987500,1003021,1.854515443,1.825818203
7,1843492,1000156,1000156,1000208,1001042,1.843108633,1.841573081
7,1843496,1000156,1000156,1000156,1001250,1.843208459,1.841194507
7,1843651,1000260,1000260,1000260,1001198,1.843171775,1.841444949
7,1829711,1000104,1000104,993490,1001094,1.841700470,1.827711484
7,1838490,1000260,1000260,1000260,1001355,1.838012117,1.836002217
7,1843687,1000261,1000261,1000312,1001250,1.843111949,1.841385268
7,1843238,1000000,1000000,1000000,1000938,1.843238000,1.841510663
7,1816467,1000209,1000209,977135,1001250,1.858972404,1.814199251
7,1843510,1000157,1000157,1000156,1001250,1.843222457,1.841208489
7,1844115,1000469,1000469,1000521,1001510,1.843154716,1.841334585
7,1843278,1000052,1000052,1000000,1000989,1.843278000,1.841456799
7,1834048,1000365,1000365,980417,1001459,1.870681557,1.831376022
7,1843435,1000104,1000104,1000104,1001146,1.843243303,1.841324842
7,1843524,1000156,1000156,1000208,1001250,1.843140627,1.841222472
7,1843915,1000365,1000365,1000416,1001406,1.843148250,1.841326096
7,1831356,1000209,1000209,987917,1001198,1.853754921,1.829164661
7,1843471,1000156,1000156,1000104,1001094,1.843279299,1.841456447
7,1843438,1000104,1000104,1000104,1001042,1.843246302,1.841519137
7,1844347,1000625,1000625,1000625,1001614,1.843195003,1.841375021
7,1837061,1000365,1000365,993958,1001459,1.848227994,1.834384633
7,1843927,1000365,1000365,1000417,1001302,1.843158403,1.841529329
7,1843926,1000365,1000365,1000417,1001250,1.843157403,1.841623970
7,1843984,1000469,1000469,1000416,1001354,1.843217222,1.841490622
7,1832293,1000521,1000521,986979,1001666,1.856466044,1.829245477
7,1843146,1000000,1000000,1000000,1001407,1.843146000,1.840556337
7,1844132,1000521,1000521,1000468,1001459,1.843269350,1.841445331
7,1844122,1000521,1000521,1000469,1001406,1.843257512,1.841532805
7,1836988,1000365,1000365,982396,1002083,1.869905822,1.833169508
7,1843970,1000417,1000417,1000417,1001563,1.843201385,1.841092373
7,1844089,1000469,1000469,1000521,1001459,1.843128730,1.841402394
7,1844091,1000521,1000521,1000469,1001406,1.843226527,1.841501848
7,1816567,1000625,1000625,968228,1001771,1.876176892,1.813355547
7,1844142,1000521,1000521,1000469,1001771,1.843277503,1.840881798
7,1843788,1000313,1000313,1000365,1001354,1.843115263,1.841294887
7,1843665,1000261,1000261,1000208,1001458,1.843281597,1.840980850
7,1836409,1000208,1000208,994792,1001510,1.846023088,1.833640203
7,1843969,1000417,1000417,1000364,1001459,1.843298040,1.841282569
7,1843471,1000105,1000105,1000156,1001198,1.843183463,1.841265164
7,1843754,1000261,1000261,1000312,1001302,1.843178928,1.841356554
7,1823174,1000677,1000677,973750,1001875,1.872322465,1.819761946
7,1843904,1000365,1000365,1000364,1001667,1.843233063,1.840835328
7,1843797,1000312,1000312,1000365,1001354,1.843124260,1.841303875
7,1843342,1000052,1000052,1000105,1001094,1.843148469,1.841327588
7,1836574,1000313,1000313,982969,1001563,1.868394629,1.833707915
7,1843095,999948,999948,999895,1001458,1.843288545,1.840411680
7,1843434,1000104,1000104,1000156,1001250,1.843146469,1.841132584
7,1843900,1000365,1000365,1000417,1001511,1.843131414,1.841118071
7,1828345,1000468,1000468,980417,1001719,1.864864644,1.825207468
7,1843584,1000208,1000208,1000208,1001667,1.843200614,1.840515860
7,1843427,1000156,1000156,1000104,1001250,1.843235304,1.841125593
7,1843698,1000261,1000261,1000260,1001354,1.843218763,1.841205008
7,1839039,1000416,1000416,995573,1001562,1.847216628,1.836170901
7,1843439,1000157,1000157,1000104,1001198,1.843247302,1.841233203
7,1844084,1000469,1000469,1000469,1001667,1.843219530,1.841015028
7,1844196,1000573,1000573,1000521,1001927,1.843235674,1.840649069
7,1827903,1000677,1000677,982970,1002083,1.859571503,1.824103393
7,1842855,999791,999791,999792,1000989,1.843238394,1.841034217
7,1843614,1000208,1000208,1000209,1001094,1.843228765,1.841599290
7,1843869,1000365,1000365,1000312,1001250,1.843293892,1.841567041
7,1836547,1000260,1000260,985937,1001198,1.862742751,1.834349449
7,1843943,1000417,1000417,1000416,1001302,1.843176239,1.841545308
7,1843945,1000417,1000417,1000364,1001302,1.843274048,1.841547305
7,1843759,1000312,1000312,1000313,1001198,1.843182084,1.841552820
7,1831381,1000625,1000625,987552,1001875,1.854465385,1.827953587
7,1843243,1000052,1000052,1000000,1001459,1.843243000,1.840557626
7,1843925,1000416,1000416,1000365,1001510,1.843252213,1.841144871
7,1844089,1000469,1000469,1000469,1001614,1.843224528,1.841117436
7,1837508,1000313,1000313,995990,1001563,1.844906073,1.834640457
7,1843641,1000260,1000260,1000261,1001354,1.843159935,1.841148085
7,1843087,999948,999948,999896,1001250,1.843278701,1.840786017
7,1843216,1000000,1000000,1000000,1001094,1.843216000,1.841201725
7,1827661,1000312,1000312,985365,1001406,1.854806087,1.825094917
7,1844220,1000573,1000573,1000572,1001563,1.843165709,1.841341982
7,1843822,1000365,1000365,1000365,1001407,1.843149251,1.841231387
7,1843869,1000364,1000364,1000417,1001406,1.843100427,1.841280160
7,1832207,1000104,1000104,979740,1001197,1.870095127,1.830016470
7,1843668,1000261,1000261,1000208,1001250,1.843284597,1.841366292
7,1844081,1000520,1000520,1000417,1001562,1.843312339,1.841205038
7,1844094,1000521,1000521,1000417,1001771,1.843325333,1.840833883
7,1827560,1000104,1000104,983698,1001406,1.857846616,1.824994058
7,1843476,1000156,1000156,1000104,1001094,1.843284298,1.841461441
7,1843798,1000312,1000312,1000313,1001250,1.843221072,1.841496130
7,1844018,1000468,1000468,1000417,1001354,1.843249365,1.841524576
7,1837250,1000312,1000312,997240,1001250,1.842334844,1.834956305
7,1843916,1000364,1000364,1000365,1001250,1.843243216,1.841613983
7,1844022,1000416,1000416,1000417,1001510,1.843253363,1.841241725
7,1843477,1000156,1000156,1000105,1001042,1.843283455,1.841558096
7,1831470,1000157,1000157,982968,1001250,1.863204092,1.829183521
7,1843785,1000312,1000312,1000261,1001458,1.843303898,1.841100675
7,1843147,1000000,1000000,999948,1000990,1.843242849,1.841324089
7,1844019,1000417,1000417,1000417,1001563,1.843250365,1.841141296
7,1835542,1000625,1000625,983176,1001771,1.866951594,1.832297002
7,1844029,1000468,1000468,1000469,1001562,1.843164556,1.841153119
7,1843187,1000000,1000000,1000000,1001094,1.843187000,1.841172757
7,1843368,1000104,1000104,1000104,1001146,1.843176310,1.841257918
7,1831965,1000417,1000417,986301,1001563,1.857409655,1.829106107
7,1843496,1000156,1000156,1000104,1001146,1.843304296,1.841385772
7,1844040,1000468,1000468,1000469,1001458,1.843175551,1.841355304
7,1843258,1000052,1000052,1000052,1001041,1.843162156,1.841341164
7,1835350,1000209,1000209,989999,1001459,1.853890762,1.832676126
7,1843240,1000052,1000052,1000052,1001041,1.843144157,1.841323183
7,1843795,1000313,1000313,1000312,1001302,1.843219915,1.841397500
7,1843972,1000417,1000417,1000416,1001354,1.843205227,1.841478638
7,1827711,1000573,1000573,981408,1001875,1.862335542,1.824290455
7,1843777,1000312,1000312,1000261,1001407,1.843295900,1.841186451
7,1843884,1000364,1000364,1000365,1001614,1.843211228,1.840912767
7,1844112,1000469,1000469,1000521,1001563,1.843151718,1.841234151
7,1834380,1000572,1000572,978958,1002084,1.873808682,1.830565102
7,1843782,1000313,1000313,1000312,1001458,1.843206919,1.841097680
7,1844037,1000468,1000468,1000469,1001563,1.843172552,1.841159268
7,1843604,1000208,1000208,1000208,1001354,1.843220610,1.841111136
7,1819728,1000625,1000625,967866,1001823,1.880144565,1.816416672
7,1844094,1000469,1000469,1000469,1001979,1.843229525,1.840451746
7,1843543,1000209,1000209,1000208,1001302,1.843159623,1.841145828
7,1843666,1000261,1000261,1000208,1001354,1.843282597,1.841173052
7,1837406,1000000,1000000,993959,1001511,1.848573231,1.834633868
7,1843371,1000052,1000052,1000104,1001250,1.843179309,1.841069663
7,1844183,1000521,1000521,1000521,1001614,1.843222681,1.841211285
7,1843730,1000261,1000261,1000260,1001406,1.843250755,1.841141355
7,1828454,1000365,1000365,982343,1001927,1.861319315,1.824937346
7,1843957,1000364,1000364,1000417,1001563,1.843188390,1.841079393
7,1843511,1000209,1000209,1000208,1001302,1.843127629,1.841113870
7,1844093,1000469,1000469,1000468,1001562,1.843230368,1.841217019
7,1836182,1000416,1000416,983438,1001667,1.867104993,1.833126179
7,1843742,1000313,1000313,1000312,1001719,1.843166932,1.840578046
7,1843817,1000312,1000312,1000312,1001562,1.843241909,1.840941449
7,1843746,1000313,1000313,1000312,1001406,1.843170931,1.841157333
7,1830225,1000208,1000208,983387,1001719,1.861144188,1.827084242
7,1843357,1000052,1000052,1000052,1001459,1.843261150,1.840671460
7,1843329,1000104,1000104,1000105,1001510,1.843135471,1.840549770
7,1843434,1000104,1000104,1000104,1001250,1.843242303,1.841132584
7,1837852,1000469,1000469,995989,1001719,1.845253311,1.834698154
7,1844103,1000521,1000521,1000521,1001875,1.843142723,1.840651778
7,1843873,1000364,1000364,1000365,1001822,1.843200232,1.840519573
7,1844037,1000468,1000468,1000469,1001615,1.843172552,1.841063682
7,1827464,1000260,1000260,984947,1001458,1.855393234,1.824803437
7,1843778,1000312,1000312,1000313,1001355,1.843201078,1.841283061
7,1843495,1000156,1000156,1000105,1001198,1.843301453,1.841289136
7,1843851,1000312,1000312,1000365,1001407,1.843178240,1.841260347
7,1834541,1000625,1000625,982604,1001823,1.867019674,1.831202717
7,1843396,1000104,1000104,1000052,1001459,1.843300148,1.840710404
7,1843400,1000104,1000104,1000104,1001510,1.843208306,1.840620663
7,1843985,1000417,1000417,1000365,1001511,1.843312191,1.841202942
7,1814164,1000625,1000625,965365,1002135,1.879251889,1.810299012
7,1843656,1000260,1000260,1000261,1001406,1.843174931,1.841067459
7,1843833,1000364,1000364,1000313,1001407,1.843256061,1.841242372
7,1843414,1000104,1000104,1000104,1001458,1.843222305,1.840730215
7,1833859,1000573,1000573,993698,1001771,1.845489273,1.830616977
7,1843718,1000260,1000260,1000312,1001354,1.843142939,1.841224981
7,1843470,1000156,1000156,1000104,1001198,1.843278299,1.841264166
7,1843513,1000208,1000208,1000156,1001250,1.843225457,1.841211486
7,1828397,1000573,1000573,980417,1002084,1.864917683,1.824594545
7,1843785,1000313,1000313,1000313,1001771,1.843208076,1.840525429
7,1844023,1000417,1000417,1000416,1001614,1.843256205,1.841051543
7,1843335,1000104,1000104,1000052,1001198,1.843239152,1.841129327
7,1834804,1000313,1000313,981614,1001667,1.869170570,1.831750472
7,1843322,1000052,1000052,1000052,1001093,1.843226152,1.841309449
7,1843733,1000260,1000260,1000313,1001563,1.843156092,1.840855742
7,1843506,1000156,1000156,1000208,1001198,1.843122630,1.841300122
7,1827159,1000000,1000000,984895,1001302,1.855181517,1.824783132
7,1843647,1000261,1000261,1000260,1001354,1.843167776,1.841154077
7,1843353,1000052,1000052,1000104,1000937,1.843161311,1.841627395
7,1844015,1000416,1000416,1000469,1001355,1.843150562,1.841519741
7,1835367,1000000,1000000,997292,1000990,1.840350670,1.833551784
7,1843507,1000208,1000208,1000156,1001094,1.843219458,1.841492407
7,1843213,1000000,1000000,1000000,1000885,1.843213000,1.841583199
7,1843522,1000156,1000156,1000209,1001042,1.843136784,1.841603050
7,1829390,1000677,1000677,989010,1001875,1.849718405,1.825966313
7,1844151,1000521,1000521,1000573,1001718,1.843094907,1.840988182
7,1843624,1000208,1000208,1000313,1001615,1.843047126,1.840651348
7,1835270,1000729,1000729,1000781,1002083,1.833837773,1.831455079
7,1810387,1000677,1000677,950313,1001979,1.905042865,1.806811320
7,1843568,1000208,1000208,1000157,1001511,1.843278605,1.840786571
7,1844213,1000573,1000573,1000573,1001614,1.843156871,1.841241237
7,1842158,1000417,1000417,1000417,1001458,1.841390140,1.839476044
7,1820244,1000260,1000260,976044,1001511,1.864920024,1.817497761
7,1843633,1000156,1000156,1000208,1001094,1.843249604,1.841618270
7,1843829,1000364,1000364,1000313,1001406,1.843252062,1.841240216
7,1843407,1000104,1000104,1000104,1001198,1.843215306,1.841201241
7,1837617,1000417,1000417,993177,1001666,1.850241196,1.834560622
7,1843995,1000417,1000417,1000417,1001406,1.843226375,1.841405983
7,1844499,1000677,1000677,1000781,1001771,1.843059570,1.841238167
7,1843655,1000261,1000261,1000312,1001354,1.843079959,1.841162067
7,1825491,1000417,1000417,978438,1001510,1.865719647,1.822738665
7,1843330,1000104,1000104,1000052,1001198,1.843234152,1.841124333
7,1843296,1000053,1000053,1000052,1000938,1.843200154,1.841568609
7,1843999,1000416,1000416,1000417,1001458,1.843230373,1.841314364
7,1947028,1000104,1000104,979584,1001041,1.987606984,1.945003252
7,2093227,1000521,1000521,1000625,1001511,2.091919550,2.090068906
7,2091600,1000052,1000052,1000156,1001042,2.091273761,2.089422821
7,2092936,1000052,1000052,1000052,1000885,2.092827173,2.091085389
7,2082090,1000364,1000364,986615,1001302,2.110336859,2.079382644
7,2093519,1000312,1000312,1000365,1001406,2.092755144,2.090579645
7,2093089,1000104,1000104,1000105,1000989,2.092869249,2.091020980
7,2093310,1000208,1000208,1000208,1001198,2.092874682,2.090805215
7,2087786,1000468,1000468,997292,1001459,2.093455076,2.084744358
7,2093491,1000312,1000312,1000313,1001302,2.092835942,2.090768819
7,2004849,1000052,1000052,1000104,1001094,2.004640517,2.002658092
7,1839997,1000052,1000052,1000000,1001094,1.839997000,1.837986243
7,1832553,1000417,1000417,985730,1001458,1.859082102,1.829885028
7,1845731,1001354,1001354,1001354,1002552,1.843235259,1.841032685
7,1843385,1000468,1000468,1000469,1001563,1.842520858,1.840508286
7,1843446,1000104,1000104,1000156,1001250,1.843158467,1.841144569
7,1831311,1000209,1000209,978021,1001614,1.872465929,1.828360027
7,1843712,1000261,1000261,1000313,1001354,1.843135099,1.841218989
7,1843809,1000312,1000312,1000313,1001354,1.843232068,1.841315858
7,1843960,1000417,1000417,1000417,1001459,1.843191389,1.841273582
7,1827128,1000156,1000156,982395,1001614,1.859871029,1.824183767
7,1844031,1000469,1000469,1000416,1001823,1.843264202,1.840675449
7,1843707,1000312,1000312,1000312,1001407,1.843131943,1.841116549
7,1842474,1000417,1000417,1000416,1001510,1.841707850,1.839696059
7,1837476,1000312,1000312,994531,1001667,1.847580417,1.834418025
7,1843277,1000417,1000417,1000417,1001406,1.842508674,1.840688991
7,1843719,1000260,1000260,1000261,1001354,1.843237915,1.841225980
7,1843902,1000364,1000364,1000417,1001406,1.843133413,1.841313114
7,1829276,1000156,1000156,984584,1001407,1.857917659,1.826705825
7,1843335,1000105,1000105,1000052,1001406,1.843239152,1.840746910
7,1843168,999948,999948,999948,1001042,1.843263850,1.841249418
7,1844127,1000521,1000521,1000521,1001771,1.843166710,1.840866825
7,1831789,1000365,1000365,973280,1001666,1.882078128,1.828742315
7,1843276,1000052,1000052,1000052,1001094,1.843180155,1.841261660
7,1843918,1000365,1000365,1000364,1001406,1.843247058,1.841329091
7,1844255,1000573,1000573,1000521,1001562,1.843294643,1.841378766
7,1829316,1000364,1000364,980937,1001615,1.864865939,1.826366418
7,1844042,1000469,1000469,1000469,1001458,1.843177550,1.841357301
7,1843788,1000312,1000312,1000313,1001302,1.843211075,1.841390510
7,1844093,1000521,1000521,1000521,1001511,1.843132728,1.841310779
7,1837665,1000208,1000208,997553,1001197,1.842172797,1.835467945
7,1843770,1000312,1000312,1000417,1001459,1.843001468,1.841083859
7,1843185,1000000,1000000,999948,1000989,1.843280851,1.841363891
7,1830582,1000521,1000521,1000573,1001615,1.829533677,1.827630377
7,1832997,1000312,1000312,986979,1001406,1.857179332,1.830423425
7,1844073,1000469,1000469,1000521,1001458,1.843112738,1.841388256
7,1843155,1000000,1000000,999948,1000938,1.843250849,1.841427741
7,1843418,1000104,1000104,1000105,1000989,1.843224461,1.841596661
7,1838676,1000729,1000729,981407,1001823,1.873510175,1.835330193
7,1843648,1000260,1000260,1000261,1001354,1.843166933,1.841155076
7,1843955,1000364,1000364,1000521,1001511,1.842994800,1.841172988
7,1843953,1000417,1000417,1000469,1001458,1.843088591,1.841268431
7,1831081,1000364,1000364,985001,1001458,1.858963595,1.828415171
7,1844068,1000469,1000469,1000468,1001510,1.843205380,1.841287656
7,1843568,1000208,1000208,1000156,1001146,1.843280448,1.841457689
7,1843873,1000365,1000365,1000364,1001354,1.843202074,1.841379772
7,1840157,1000573,1000573,997761,1001562,1.844286357,1.837287157
7,1843599,1000208,1000208,1000208,1001198,1.843215611,1.841393011
7,1843488,1000156,1000156,1000312,1001250,1.842913011,1.841186517
7,1842994,1000208,1000208,1000208,1001145,1.842610737,1.840886185
7,1830954,1000052,1000052,986770,1001146,1.855502295,1.828858129
7,1843989,1000469,1000469,1000417,1001406,1.843220377,1.841399992
7,1843915,1000573,1000573,1000573,1001459,1.842859042,1.841228647
7,1843471,1000156,1000156,1000105,1000990,1.843277456,1.841647769
7,1987525,1000209,1000209,980833,1001354,2.026364325,1.984837530
7,2092921,1000053,1000053,1000052,1000937,2.092812174,2.090961769
7,2092964,1000104,1000104,1000052,1000886,2.092855172,2.091111275
7,1879716,1000468,1000468,1000521,1001354,1.878737178,1.877174306
7,1830809,1000312,1000312,984376,1001407,1.859867571,1.828236671
7,1843598,1000209,1000209,1000208,1001562,1.843214611,1.840722791
7,1843658,1000208,1000208,1000260,1001406,1.843178774,1.841069456
7,1843528,1000156,1000156,1000156,1001302,1.843240454,1.841130848
7,1833653,1000365,1000365,989219,1001823,1.853637061,1.830316333
7,1843825,1000365,1000365,1000364,1001459,1.843154092,1.841138779
7,1843257,1000365,1000365,1000416,1001510,1.842490524,1.840477878
7,1843403,1000105,1000105,1000052,1001198,1.843307148,1.841197246
7,1825159,1000729,1000729,979061,1002031,1.864193344,1.821459616
7,1843776,1000313,1000313,1000365,1001823,1.843103267,1.840420913
7,1843714,1000313,1000313,1000260,1001458,1.843234759,1.841029779
7,1843870,1000364,1000364,1000365,1001562,1.843197233,1.840994367
7,1836798,1000573,1000573,992449,1001771,1.850773188,1.833550782
7,1843541,1000156,1000156,1000209,1001250,1.843155780,1.841239451
7,1843642,1000208,1000208,1000261,1001511,1.843160935,1.840860460
7,1843652,1000209,1000209,1000260,1001303,1.843172775,1.841252848
7,1815008,1000573,1000573,970729,1001875,1.869737074,1.811611229
7,1843181,999948,999948,1000000,1001093,1.843181000,1.841168603
7,1843665,1000208,1000208,1000261,1001250,1.843183929,1.841363296
7,1843838,1000312,1000312,1000313,1001406,1.843261059,1.841249204
7,1836012,1000625,1000625,996509,1001667,1.842443972,1.832956462
7,1843461,1000156,1000156,1000105,1001146,1.843267457,1.841350812
7,1843596,1000208,1000208,1000209,1001250,1.843210769,1.841294382
7,1843305,1000053,1000053,1000052,1001093,1.843209153,1.841292467
7,1826572,1000208,1000208,983801,1001511,1.856647838,1.823816214
7,1843766,1000312,1000312,1000260,1001406,1.843286745,1.841177305
7,1843719,1000260,1000260,1000260,1001250,1.843239758,1.841417228
7,1843275,1000052,1000052,1000052,1000990,1.843179155,1.841451963
7,1834466,1000365,1000365,980886,1001822,1.870213256,1.831129682
7,1843168,1000000,1000000,999948,1001093,1.843263850,1.841155617
7,1843593,1000208,1000208,1000156,1001302,1.843305444,1.841195763
7,1843771,1000312,1000312,1000312,1001407,1.843195923,1.841180459
7,1832922,1000781,1000781,984270,1002188,1.862214636,1.828920322
7,1844063,1000469,1000469,1000416,1001615,1.843296189,1.841089640
7,1843613,1000208,1000208,1000209,1001562,1.843227765,1.840737768
7,1843388,1000104,1000104,1000052,1001250,1.843292149,1.841086642
7,1836236,1000052,1000052,992396,1001302,1.850305725,1.833848329
7,1844007,1000417,1000417,1000417,1001510,1.843238370,1.841226748
7,1843262,1000000,1000000,1000000,1001146,1.843262000,1.841152040
7,1843579,1000208,1000208,1000209,1001354,1.843193773,1.841086169
7,1822365,1000416,1000416,977552,1001875,1.864212850,1.818954460
7,1843699,1000260,1000260,1000208,1001458,1.843315590,1.841014800
7,1843457,1000104,1000104,1000104,1001250,1.843265300,1.841155556
7,1843962,1000417,1000417,1000416,1001563,1.843195231,1.841084385
7,1833350,1000573,1000573,976042,1002083,1.878351546,1.829539070
7,1843631,1000208,1000208,1000208,1001719,1.843247604,1.840467237
7,1843797,1000312,1000312,1000313,1001406,1.843220072,1.841208261
7,1844175,1000573,1000573,1000521,1001667,1.843214685,1.841105877
7,1825983,1000260,1000260,983751,1001719,1.856143475,1.822849522
7,1843384,1000104,1000104,1000105,1001302,1.843190465,1.840987035
7,1843377,1000104,1000104,1000104,1001250,1.843185309,1.841075655
7,1843550,1000208,1000208,1000156,1001302,1.843262451,1.841152819
7,1838199,1000052,1000052,995208,1001406,1.847050064,1.835618121
7,1843718,1000260,1000260,1000261,1001302,1.843236915,1.841320601
7,1843385,1000104,1000104,1000104,1001094,1.843193308,1.841370541
7,1843410,1000104,1000104,1000156,1001355,1.843122473,1.840915559
7,1829225,1000313,1000313,982499,1001615,1.861808511,1.826275565
7,1843625,1000260,1000260,1000260,1001250,1.843145782,1.841323346
7,1843547,1000156,1000156,1000209,1001250,1.843161779,1.841245443
7,1843993,1000416,1000416,1000417,1001458,1.843224375,1.841308372
7,1834815,1000312,1000312,984062,1001511,1.864531910,1.832046777
7,1843385,1000105,1000105,1000052,1001458,1.843289149,1.840701258
7,1843906,1000364,1000364,1000313,1001458,1.843329038,1.841221499
7,1852932,1009636,1009636,1000521,1010834,1.851967125,1.833072493
7,1836259,1000417,1000417,990834,1001718,1.853245851,1.833109718
7,1844084,1000469,1000469,1000469,1001562,1.843219530,1.841208033
7,1843995,1000416,1000416,1000417,1001406,1.843226375,1.841405983
7,1838129,1000052,1000052,996927,1001094,1.843794982,1.836120284
7,1844160,1000521,1000521,1000521,1001458,1.843199693,1.841475129
7,1843887,1000364,1000364,1000365,1001458,1.843214227,1.841202527
7,1843419,1000104,1000104,1000157,1001302,1.843129629,1.841021989
7,1838140,1000208,1000208,992293,1001198,1.852416575,1.835940543
7,1839268,1000781,1000781,994271,1002083,1.849865882,1.835444769
7,1842822,999792,999792,999739,1001094,1.843303102,1.840808156
7,1844160,1000521,1000521,1000521,1001614,1.843199693,1.841188322
7,1833923,1000521,1000521,979271,1001719,1.872743092,1.830775896
7,1843639,1000260,1000260,1000209,1001406,1.843253760,1.841050483
7,1843893,1000365,1000365,1000364,1001406,1.843222067,1.841304126
7,1843647,1000208,1000208,1000208,1001198,1.843263601,1.841440954
7,1835669,1000208,1000208,987292,1001406,1.859296946,1.833091673
7,1837502,1000313,1000313,992760,1001511,1.850902534,1.834729723
7,1843352,1000105,1000105,1000104,1001093,1.843160311,1.841339416
7,1843845,1000365,1000365,1000312,1001354,1.843269900,1.841351810
7,1836290,1000573,1000573,992396,1001823,1.850360138,1.832948535
7,1843664,1000260,1000260,1000208,1001302,1.843280598,1.841266671
7,1843398,1000104,1000104,1000105,1001198,1.843204464,1.841192252
7,1843688,1000260,1000260,1000261,1001406,1.843206923,1.841099414
7,1837653,1000156,1000156,992448,1001302,1.851636559,1.835263487
7,1836019,1000573,1000573,994636,1001823,1.845920518,1.832678028
7,1843402,1000104,1000104,1000105,1001146,1.843208463,1.841291880
7,1843597,1000209,1000209,1000208,1001303,1.843213612,1.841197919
7,1834666,1000886,1000886,982395,1002032,1.867544114,1.830945519
7,1843748,1000313,1000313,1000260,1001979,1.843268750,1.840106429
7,1843296,1000052,1000052,1000052,1001146,1.843200154,1.841186001
7,1843550,1000208,1000208,1000209,1001302,1.843164779,1.841152819
7,1852126,1015260,1015260,993646,1016406,1.863969663,1.822230487
7,1843380,1000105,1000105,1000104,1001511,1.843188308,1.840598855
7,1843488,1000156,1000156,1000157,1001250,1.843198618,1.841186517
7,1843450,1000156,1000156,1000104,1001250,1.843258301,1.841148564
7,1835204,1000052,1000052,995364,1001250,1.843751633,1.832912859
7,1843613,1000208,1000208,1000209,1001302,1.843227765,1.841215737
7,1843834,1000312,1000312,1000365,1001406,1.843161246,1.841245209
7,1844106,1000521,1000521,1000468,1001614,1.843243362,1.841134409
7,1827507,1000052,1000052,982240,1001250,1.860550375,1.825225468
7,1843813,1000313,1000313,1000313,1001771,1.843236067,1.840553380
7,1844078,1000469,1000469,1000469,1001615,1.843213533,1.841104616
7,1843518,1000156,1000156,1000105,1001250,1.843324451,1.841216479
7,1834470,1000364,1000364,984427,1001562,1.863490132,1.831609027
7,1844181,1000521,1000521,1000469,1001667,1.843316485,1.841111867
7,1843338,1000104,1000104,1000104,1001198,1.843146313,1.841132323
7,1843510,1000208,1000208,1000157,1001302,1.843220614,1.841112871
7,1813522,1000208,1000208,970782,1001406,1.868104271,1.810975768
7,1843471,1000157,1000157,1000156,1001406,1.843183463,1.840882719
7,1843437,1000156,1000156,1000104,1000990,1.843245302,1.841613802
7,1843966,1000417,1000417,1000417,1001250,1.843197387,1.841663920
7,1839329,1000052,1000052,997083,1000989,1.844710019,1.837511701
7,1843252,1000052,1000052,1000000,1000886,1.843252000,1.841620324
7,1843596,1000209,1000209,1000156,1001250,1.843308444,1.841294382
7,1843579,1000208,1000208,1000156,1001042,1.843291447,1.841659990
7,1833662,1000313,1000313,985781,1001250,1.860110917,1.831372784
7,1844167,1000520,1000520,1000521,1001719,1.843206689,1.841002317
7,1843180,1000000,1000000,1000000,1001093,1.843180000,1.841167604
7,1843931,1000365,1000365,1000365,1001511,1.843258211,1.841149024
7,1832055,1000104,1000104,976356,1001302,1.876421101,1.829672766
7,1843536,1000156,1000156,1000156,1001406,1.843248453,1.840947628
7,1843099,999896,999896,999895,1000989,1.843292546,1.841277976
7,1843485,1000156,1000156,1000156,1001198,1.843197461,1.841279148
7,1829586,1000208,1000208,984687,1001563,1.858038138,1.826730820
7,1843545,1000156,1000156,1000208,1001354,1.843161622,1.841052215
7,1843659,1000260,1000260,1000208,1001302,1.843275599,1.841261677
7,1843675,1000260,1000260,1000261,1001302,1.843193926,1.841277656
7,1838972,1000469,1000469,997031,1001562,1.844448167,1.836104006
7,1843738,1000261,1000261,1000260,1001302,1.843258753,1.841340575
7,1843715,1000261,1000261,1000260,1001302,1.843235759,1.841317604
7,1843607,1000208,1000208,1000208,1001250,1.843223609,1.841305368
7,1829761,1000469,1000469,981614,1001823,1.864033113,1.826431416
7,1843930,1000365,1000365,1000364,1001458,1.843259054,1.841245464
7,1844018,1000417,1000417,1000469,1001667,1.843153561,1.840949138
7,1843946,1000417,1000417,1000365,1001406,1.843273205,1.841357052
7,1835908,1000625,1000625,985729,1001927,1.862487560,1.832377010
7,1831027,1000365,1000365,1000417,1001511,1.830263780,1.828264492
7,1843580,1000208,1000208,1000729,1002031,1.842237009,1.839843278
7,1843465,1000156,1000156,1000208,1001302,1.843081639,1.841067930
7,1795703,1000052,1000052,960626,1001302,1.869305016,1.793368035
7,1843943,1000312,1000312,1000521,1001823,1.842982806,1.840587609
7,1843876,1000416,1000416,1000417,1001667,1.843107424,1.840807374
7,1843373,1000104,1000104,1000052,1001406,1.843277150,1.840784856
7,1833883,1000469,1000469,990938,1001719,1.850653623,1.830735965
7,1843621,1000261,1000261,1000260,1001458,1.843141783,1.840936914
7,1843508,1000156,1000156,1000156,1001563,1.843220458,1.840631094
7,1843538,1000208,1000208,1000156,1001302,1.843250453,1.841140835
7,1821830,1000521,1000521,975574,1001823,1.867444192,1.818514847
7,1843779,1000313,1000313,1000312,1001510,1.843203920,1.840999091
7,1844382,1000677,1000677,1000625,1001667,1.843229981,1.841312532
7,1843627,1000260,1000260,1000208,1001198,1.843243605,1.841420978
7,1745051,1000468,1000468,901822,1001458,1.935028198,1.742510420
7,2087316,1000052,1000052,1000000,1000937,2.087316000,2.085362016
7,2093345,1000260,1000260,1000313,1001250,2.092689988,2.090731586
7,2092737,1000001,1000001,999896,1000833,2.092954667,2.090995201
7,2078551,1000520,1000520,986615,1001510,2.106749847,2.075417120
7,2093285,1000208,1000208,1000312,1001510,2.092632099,2.090128905
7,2093126,1000157,1000157,1000156,1001198,2.092799523,2.090621436
7,1978886,1000261,1000261,1000260,1001510,1.978371623,1.975902387
7,1835817,1000312,1000312,991198,1001563,1.852119355,1.832952096
7,1843631,1000260,1000260,1000208,1001302,1.843247604,1.841233714
7,1843450,1000104,1000104,1000156,1001510,1.843162467,1.840670587
7,1844042,1000469,1000469,1000469,1001563,1.843177550,1.841164260
7,1828858,1000573,1000573,982396,1001927,1.861630137,1.825340569
7,1843984,1000417,1000417,1000417,1001562,1.843215379,1.841108189
7,1843713,1000260,1000260,1000313,1001407,1.843136098,1.841122541
7,1843410,1000104,1000104,1000105,1001458,1.843216462,1.840726221
7,1837093,1000521,1000521,980104,1001667,1.874385779,1.834035663
7,1843454,1000156,1000156,1000105,1001302,1.843260458,1.841056944
7,1844072,1000469,1000469,1000417,1001510,1.843303343,1.841291650
7,1843574,1000208,1000208,1000208,1001198,1.843190616,1.841368041
7,1826418,1000521,1000521,982864,1001771,1.858261163,1.823189132
7,1843951,1000416,1000416,1000365,1001615,1.843278203,1.840977821
7,1843447,1000104,1000104,1000104,1001094,1.843255301,1.841432473
7,1844115,1000469,1000469,1000469,1001407,1.843250516,1.841523976
7,1838932,1000468,1000468,997292,1001459,1.843925350,1.836252907
7,1844073,1000469,1000469,1000468,1001562,1.843210378,1.841197050
7,1844057,1000469,1000469,1000417,1001406,1.843288349,1.841467896
7,1844057,1000469,1000469,1000469,1001407,1.843192543,1.841466057
7,1816980,1000625,1000625,975313,1001823,1.862971169,1.813673673
7,1843151,999948,999948,1000000,1000937,1.843151000,1.841425584
7,1843301,1000052,1000052,1000052,1000990,1.843205153,1.841477937
7,1843269,1000052,1000052,1000000,1000989,1.843269000,1.841447808
7,1838052,1000625,1000625,985469,1001771,1.865154561,1.834802565
7,1844194,1000469,1000469,1000469,1001563,1.843329478,1.841316023
7,1843509,1000208,1000208,1000156,1001146,1.843221457,1.841398757
7,1843665,1000261,1000261,1000312,1001458,1.843089956,1.840980850
7,1832117,1000261,1000261,984636,1001354,1.860704870,1.829639668
7,1843619,1000260,1000260,1000261,1001197,1.843137941,1.841414826
7,1843712,1000260,1000260,1000261,1001250,1.843230917,1.841410237
7,1843849,1000365,1000365,1000365,1001407,1.843176241,1.841258350
7,1830996,1000625,1000625,997656,1001823,1.835297938,1.827664168
7,1839997,1000729,1000729,1000781,1001823,1.838561084,1.836648789
7,1843216,1000000,1000000,1000052,1001094,1.843120158,1.841201725
7,1843728,1000260,1000260,1000261,1001250,1.843246913,1.841426217
7,1827903,1000156,1000156,984844,1001355,1.856033037,1.825429543
7,1843398,1000104,1000104,1000053,1001145,1.843300305,1.841289723
7,1843392,1000469,1000469,1000469,1001407,1.842527854,1.840801992
7,1843648,1000260,1000260,1000261,1001250,1.843166933,1.841346317
7,1891998,1000625,1000625,971875,1001615,1.946750354,1.888947350
7,2090520,1000573,1000573,1000625,1001614,2.089214241,2.087151338
7,2093628,1000417,1000417,1000468,1001406,2.092648640,2.090688492
7,2093395,1000260,1000260,1000260,1001198,2.092850859,2.090890114
7,2080952,1000365,1000365,985782,1001407,2.110965710,2.078028214
7,2093179,1000104,1000104,1000104,1001094,2.092961332,2.090891565
7,2093663,1000417,1000417,1000417,1001302,2.092790306,2.090940595
7,2093525,1000364,1000364,1000365,1001302,2.092761142,2.090802775
7,2085803,1000261,1000261,997917,1001250,2.090156797,2.083199001
7,1919990,1000104,1000104,1000469,1001302,1.919089947,1.917493424
7,1843038,1000261,1000261,1000260,1001198,1.842558935,1.840832682
7,1844079,1000469,1000469,1000468,1001458,1.843216375,1.841394247
7,1833105,1000677,1000677,987604,1001771,1.856113381,1.829864310
7,1844048,1000469,1000469,1000416,1001406,1.843281195,1.841458909
7,1843405,1000104,1000104,1000104,1001042,1.843213306,1.841486171
7,1844315,1000625,1000625,1000521,1001458,1.843354612,1.841629904
7,1834680,1000000,1000000,976145,1001198,1.879515851,1.832484683
7,1843795,1000312,1000312,1000261,1001198,1.843313895,1.841588777
7,1843782,1000312,1000312,1000313,1001197,1.843205077,1.841577632
7,1843493,1000156,1000156,1000208,1001250,1.843109633,1.841191511
7,1818870,1000417,1000417,985936,1001458,1.844815485,1.816221948
7,1844152,1000468,1000468,1000625,1001563,1.843000125,1.841274089
7,1843766,1000312,1000312,1000312,1001250,1.843190924,1.841464170
7,1843505,1000208,1000208,1000157,1001041,1.843215615,1.841587907
7,1838940,1000365,1000365,995624,1001354,1.847022571,1.836453442
7,1843853,1000365,1000365,1000364,1001250,1.843182082,1.841551061
7,1843344,1000104,1000104,1000104,1000990,1.843152312,1.841520894
7,1843288,1000052,1000052,1000053,1001041,1.843190311,1.841371133
7,1834587,1000365,1000365,987761,1001406,1.857318724,1.832011192
7,1843531,1000156,1000156,1000156,1001042,1.843243454,1.841612040
7,1844173,1000521,1000521,1000521,1001406,1.843212686,1.841583733
7,1843346,1000052,1000052,1000104,1000990,1.843154312,1.841522892
7,1909162,1000520,1000520,977916,1001615,1.952276065,1.906083675
7,2090856,1000313,1000313,1000312,1001198,2.090203856,2.088354152
7,2093236,1000208,1000208,1000209,1001041,2.092798605,2.091059207
7,2092871,1000052,1000052,1000052,1000833,2.092762176,2.091129089
7,1818003,1000729,1000729,971510,1001719,1.871316816,1.814883216
7,1843422,1000156,1000156,1000104,1001354,1.843230304,1.840929382
7,1843526,1000157,1000157,1000208,1001354,1.843142626,1.841033241
7,1843675,1000260,1000260,1000209,1001406,1.843289752,1.841086432
7,1833228,1000104,1000104,991146,1001511,1.849604397,1.830462172
7,1843347,1000052,1000052,1000000,1001146,1.843347000,1.841236942
7,1844105,1000521,1000521,1000468,1001615,1.843242363,1.841131573
7,1843448,1000157,1000157,1000156,1001250,1.843160467,1.841146567
7,1824553,1000782,1000782,978854,1002135,1.863968477,1.820665878
7,1843482,1000157,1000157,1000156,1001666,1.843194462,1.840415867
7,1843397,1000104,1000104,1000105,1001250,1.843203464,1.841095630
7,1843209,1000000,1000000,1000052,1001146,1.843113158,1.841099100
7,1834168,1000209,1000209,977032,1001979,1.877285493,1.830545351
7,1843534,1000156,1000156,1000157,1001302,1.843244611,1.841136840
7,1843586,1000208,1000208,1000208,1001302,1.843202614,1.841188772
7,1844184,1000573,1000573,1000520,1001667,1.843225523,1.841114862
7,1827737,1000625,1000625,977500,1001875,1.869807673,1.824316407
7,1843824,1000312,1000312,1000365,1001823,1.843151250,1.840468825
7,1843525,1000156,1000156,1000156,1001302,1.843237455,1.841127852
7,1844116,1000469,1000469,1000521,1001666,1.843155716,1.841048813
7,1836588,1000260,1000260,993489,1001823,1.848624393,1.833245993
7,1843730,1000260,1000260,1000260,1001407,1.843250755,1.841139517
7,1843475,1000156,1000156,1000156,1001614,1.843187463,1.840504426
7,1843890,1000364,1000364,1000365,1001459,1.843217226,1.841203684
7,1829048,1000156,1000156,975365,1001615,1.875244652,1.826098850
7,1843621,1000260,1000260,1000208,1001407,1.843237607,1.841030670
7,1843679,1000261,1000261,1000260,1001406,1.843199768,1.841090427
7,1843990,1000469,1000469,1000417,1001562,1.843221377,1.841114180
7,1834417,1000364,1000364,978022,1001615,1.875639812,1.831459193
7,1843978,1000364,1000364,1000313,1001823,1.843401015,1.840622545
7,1843841,1000365,1000365,1000365,1001510,1.843168244,1.841060998
7,1843267,1000000,1000000,1000000,1001250,1.843267000,1.840965793
7,1804236,1000468,1000468,969063,1001562,1.861835608,1.801422179
7,1844172,1000573,1000573,1000521,1001770,1.843211687,1.840913583
7,1844024,1000469,1000469,1000416,1001667,1.843257205,1.840955128
7,1843234,1000053,1000053,1000000,1001042,1.843234000,1.841315349
7,1836662,1000313,1000313,996926,1001615,1.842325308,1.833700574
7,1844099,1000469,1000469,1000469,1001667,1.843234523,1.841030003
7,1843162,999948,999948,1000000,1001041,1.843162000,1.841245264
7,1843560,1000208,1000208,1000209,1001459,1.843174776,1.840874165
7,1826479,1000417,1000417,981824,1001615,1.860291661,1.823533993
7,1843220,1000000,1000000,1000000,1000885,1.843220000,1.841590193
7,1843467,1000104,1000104,1000104,1001094,1.843275299,1.841452451
7,1843409,1000104,1000104,1000052,1001146,1.843313148,1.841298871
7,1834863,1000312,1000312,981981,1001563,1.868532080,1.831999585
7,1843624,1000208,1000208,1000208,1001198,1.843240606,1.841417981
7,1843891,1000365,1000365,1000416,1001302,1.843124260,1.841493376
7,1843130,999948,999948,999948,1000937,1.843225848,1.841404604
7,1832078,1000261,1000261,985312,1001563,1.859388701,1.829218931
7,1843738,1000312,1000312,1000261,1001667,1.843256910,1.840669604
7,1843982,1000469,1000469,1000417,1001510,1.843213380,1.841201785
7,1843404,1000104,1000104,1000104,1001198,1.843212306,1.841198245
7,1834061,1000053,1000053,992448,1001302,1.848017226,1.831676158
7,1843295,1000052,1000052,1000000,1001406,1.843295000,1.840706966
7,1844150,1000521,1000521,1000521,1001615,1.843189698,1.841176500
7,1843579,1000209,1000209,1000156,1001302,1.843291447,1.841181781
7,1826802,1000468,1000468,983334,1001875,1.857763486,1.823383157
7,1843942,1000417,1000417,1000364,1001511,1.843271049,1.841160007
7,1844091,1000469,1000469,1000417,1001562,1.843322335,1.841215022
7,1843360,1000052,1000052,1000104,1001198,1.843168310,1.841154297
7,1837001,1000729,1000729,982396,1001979,1.869919055,1.833372755
7,1843982,1000469,1000469,1000417,1001615,1.843213380,1.841008771
7,1843998,1000468,1000468,1000417,1001562,1.843229373,1.841122167
7,1843214,1000000,1000000,1000000,1001198,1.843214000,1.841008472
7,1826629,1000625,1000625,982969,1002135,1.858277321,1.822737456
7,1843165,1000000,1000000,999948,1001146,1.843260850,1.841055151
7,1843708,1000313,1000313,1000261,1001354,1.843226918,1.841214995
7,1843244,1000000,1000000,1000000,1001198,1.843244000,1.841038436
7,1838035,1000000,1000000,995677,1001250,1.846015324,1.835740325
7,1843194,1000000,1000000,999948,1001093,1.843289851,1.841181589
7,1844061,1000469,1000469,1000469,1001615,1.843196541,1.841087643
7,1843294,1000052,1000052,1000052,1001146,1.843198154,1.841184003
7,1828132,1000105,1000105,989532,1001458,1.847471330,1.825470464
7,1843180,1000000,1000000,999948,1001094,1.843275850,1.841165765
7,1843344,1000104,1000104,1000053,1001146,1.843246308,1.841233946
7,1843761,1000312,1000312,1000313,1001719,1.843184083,1.840597014
7,1834862,1000156,1000156,984218,1001667,1.864284132,1.831808375
7,1843752,1000312,1000312,1000156,1001406,1.843464420,1.841163324
7,1843485,1000156,1000156,1000156,1001250,1.843197461,1.841183521
7,1843464,1000156,1000156,1000104,1001250,1.843272300,1.841162547
7,1791804,1000261,1000261,957447,1001771,1.871439359,1.788636325
7,1843284,1000052,1000052,1000052,1001198,1.843188154,1.841078388
7,1843222,1000000,1000000,1000000,1001198,1.843222000,1.841016462
7,1843656,1000209,1000209,1000208,1001406,1.843272599,1.841067459
7,1835266,1000520,1000520,990729,1001979,1.852439971,1.831641182
7,1843884,1000365,1000365,1000312,1001511,1.843308888,1.841102095
7,1843745,1000313,1000313,1000312,1001667,1.843169931,1.840676592
7,1843797,1000364,1000364,1000312,1001458,1.843221915,1.841112658
7,1822613,1000312,1000312,973906,1001667,1.871446526,1.819579761
7,1843872,1000365,1000365,1000312,1001875,1.843296891,1.840421210
7,1843639,1000261,1000261,1000208,1001354,1.843255603,1.841146088
7,1843915,1000417,1000417,1000365,1001771,1.843242217,1.840655200
7,1833757,1000521,1000521,979844,1001771,1.871478521,1.830515158
7,1843751,1000312,1000312,1000260,1001302,1.843271749,1.841353558
7,1843445,1000156,1000156,1000104,1001198,1.843253302,1.841239195
7,1843266,1000052,1000052,1000000,1001041,1.843266000,1.841349156
7,1827459,1000261,1000261,981980,1001459,1.860994114,1.824796622
7,1843404,1000104,1000104,1000105,1001094,1.843210463,1.841389520
7,1843469,1000156,1000156,1000104,1001042,1.843277299,1.841550105
7,1843889,1000365,1000365,1000364,1001250,1.843218069,1.841587016
7,1838293,1000000,1000000,997396,1000938,1.843092413,1.836570297
7,1843569,1000209,1000209,1000208,1001041,1.843185617,1.841651840
7,1843759,1000312,1000312,1000261,1001198,1.843277904,1.841552820
7,1843340,1000105,1000105,1000052,1000885,1.843244151,1.841710087
7,1835105,1000729,1000729,989999,1001875,1.853643287,1.831670618
7,1843908,1000365,1000365,1000416,1001407,1.843141253,1.841317267
7,1843930,1000417,1000417,1000365,1001614,1.843257211,1.840958693
7,1843760,1000312,1000312,1000261,1001354,1.843278904,1.841266925
7,1832769,1000260,1000260,984115,1001667,1.862352469,1.829718859
7,1843885,1000364,1000364,1000313,1001510,1.843308045,1.841104932
7,1843308,1000052,1000052,1000052,1001198,1.843212153,1.841102359
7,1843826,1000313,1000313,1000312,1001458,1.843250906,1.841141616
7,1828930,1000521,1000521,981250,1001979,1.863877707,1.825317696
7,1844139,1000468,1000468,1000521,1001562,1.843178704,1.841262947
7,1843631,1000208,1000208,1000260,1001302,1.843151781,1.841233714
7,1843550,1000156,1000156,1000208,1001302,1.843166621,1.841152819
7,1836568,1000313,1000313,995624,1001823,1.844640145,1.833226029
7,1843429,1000104,1000104,1000104,1001198,1.843237303,1.841223215
7,1843632,1000208,1000208,1000208,1001510,1.843248604,1.840852313
7,1844089,1000469,1000469,1000521,1001615,1.843128730,1.841115598
7,1822514,1000312,1000312,978543,1001510,1.862477173,1.819766153
7,1843858,1000260,1000260,1000261,1001406,1.843376879,1.841269176
7,1843556,1000208,1000208,1000156,1001615,1.843268450,1.840583458
7,1844192,1000573,1000573,1000521,1001666,1.843231676,1.841124686
7,1832667,1000729,1000729,975000,1002188,1.879658462,1.828665879
7,1844048,1000469,1000469,1000416,1001667,1.843281195,1.840979088
7,1843169,1000052,1000052,1000052,1001458,1.843073160,1.840485572
7,1843228,1000052,1000052,1000000,1001146,1.843228000,1.841118079
7,1826000,1000260,1000260,977917,1001822,1.867234131,1.822679079
7,1843309,1000104,1000104,1000104,1001250,1.843117316,1.841007740
7,1843719,1000260,1000260,1000261,1001354,1.843237915,1.841225980
7,1844178,1000573,1000573,1000521,1001614,1.843217684,1.841206293
7,1836549,1000261,1000261,995885,1001459,1.844137626,1.833873379
7,1843892,1000364,1000364,1000365,1001406,1.843219225,1.841303128
7,1843248,1000052,1000052,1000052,1001146,1.843152156,1.841138056
7,1843309,1000052,1000052,1000052,1001146,1.843213153,1.841198986
7,1828769,1000469,1000469,983593,1001770,1.859274110,1.825537798
7,1844087,1000468,1000468,1000469,1001614,1.843222529,1.841115440
7,1843577,1000209,1000209,1000156,1001354,1.843289447,1.841084172
7,1843280,1000052,1000052,1000000,1001146,1.843280000,1.841170019
7,1835673,1000365,1000365,984322,1001719,1.864911076,1.832522893
7,1832009,1000625,1000625,1000729,1001823,1.830674438,1.828675325
7,1844032,1000469,1000469,1000833,1002135,1.842497200,1.840103379
7,1843007,1000260,1000260,1000261,1001406,1.842526101,1.840419370
7,1791948,1000209,1000209,958438,1001459,1.869654584,1.789337357
7,1844062,1000469,1000469,1000573,1001875,1.843005958,1.840610855
7,1843275,1000260,1000260,1000312,1001562,1.842700078,1.840400295
7,1843348,1000052,1000052,1000104,1001250,1.843156312,1.841046692
7,1834546,1000156,1000156,993541,1001615,1.846472365,1.831587985
7,1844074,1000521,1000521,1000468,1001927,1.843211377,1.840527304
7,1844087,1000521,1000521,1000468,1001615,1.843224371,1.841113602
7,1843247,1000157,1000157,1000156,1001250,1.842959498,1.840945818
7,1825999,999948,999948,979114,1001198,1.864950353,1.823814071
7,1843682,1000260,1000260,1000313,1001406,1.843105108,1.841093423
7,1843694,1000364,1000364,1000521,1001563,1.842733936,1.840816803
7,1843872,1000365,1000365,1000364,1001302,1.843201075,1.841474400
7,2025243,1000573,1000573,982240,1001667,2.061861663,2.021872538
7,2093148,1000156,1000156,1000156,1000937,2.092821520,2.091188556
7,2093103,1000156,1000156,1000157,1000938,2.092774434,2.091141509
7,2094070,1000625,1000625,1000729,1001719,2.092544535,2.090476471
7,1991214,1000521,1000521,933594,1001510,2.132847897,1.988211800
7,2093400,1000313,1000313,1000312,1001198,2.092747063,2.090895108
7,2094184,1000625,1000625,1000729,1001875,2.092658452,2.090264754
7,1920047,1000468,1000468,1000521,1001614,1.919047176,1.916953038
7,1890643,1000469,1000469,988281,1001875,1.913062176,1.887104679
7,1840246,1000156,1000156,1000156,1001198,1.839958966,1.838044023
7,1844080,1000469,1000469,1000469,1001510,1.843215532,1.841299638
7,1843189,999948,999948,1000000,1001198,1.843189000,1.840983502
7,1820060,1000365,1000365,975467,1001615,1.865834518,1.817125343
7,1843562,1000208,1000208,1000156,1001145,1.843274449,1.841453536
7,1843970,1000417,1000417,1000416,1001407,1.843203227,1.841379179
7,1844011,1000417,1000417,1000469,1001407,1.843146564,1.841420122
7,1807639,980729,980729,980261,1001459,1.844038475,1.805005497
7,1844037,1000469,1000469,1000469,1001354,1.843172552,1.841543550
7,1843764,1000312,1000312,1000260,1001198,1.843284746,1.841557814
7,1843075,1003281,1003281,994794,1004323,1.852720262,1.835141683
7,1839340,1000208,1000208,996354,1001250,1.846070774,1.837043695
7,1844137,1000520,1000520,1000521,1001406,1.843176705,1.841547784
7,1843959,1000416,1000416,1000365,1001302,1.843286201,1.841561287
7,1838320,1000156,1000156,997292,1001094,1.843311688,1.836311076
7,1842687,1000417,1000417,1000469,1001406,1.841823185,1.840099820
7,1844188,1000521,1000521,1000521,1001510,1.843227678,1.841407475
7,1843854,1000313,1000313,1000364,1001354,1.843183081,1.841360797
7,1837484,1000156,1000156,991042,1001198,1.854092965,1.835285328
7,1840332,1000729,1000729,997084,1001771,1.845714102,1.837078534
7,1843445,1000156,1000156,1000157,1001042,1.843155625,1.841526130
7,1843021,999895,999895,999896,1000885,1.843212694,1.841391369
7,1837632,1000156,1000156,985104,1001094,1.865419286,1.835623828
7,1843575,1000156,1000156,1000208,1001250,1.843191616,1.841273408
7,1843459,1000157,1000157,1000104,1001093,1.843267300,1.841446299
7,1844224,1000573,1000573,1000573,1001667,1.843167865,1.841154795
7,1826229,1000625,1000625,991771,1001771,1.841381730,1.823000466
7,1838035,1000365,1000365,993958,1001615,1.849207914,1.835071360
7,1843995,1000417,1000417,1000365,1001459,1.843322187,1.841308531
7,1844399,1000625,1000625,1000625,1001614,1.843246971,1.841426937
7,1836758,1000260,1000260,994895,1001250,1.846182763,1.834464919
7,1844246,1000573,1000573,1000573,1001511,1.843189852,1.841463549
7,1843961,1000417,1000417,1000417,1001459,1.843192389,1.841274580
7,1843243,1000000,1000000,1000052,1000989,1.843147156,1.841421834
7,1836762,1000417,1000417,989532,1001510,1.856192624,1.833992671
7,1838259,1000886,1000886,992865,1002084,1.851469233,1.834436035
7,1844018,1000468,1000468,1000573,1001562,1.842961983,1.841142136
7,1843899,1000417,1000417,1000364,1001302,1.843228065,1.841501365
7,1813271,1000469,1000469,971770,1001875,1.865946675,1.809877480
7,2081431,1000469,1000469,1000417,1001406,2.080563405,2.078508617
7,2093248,1000208,1000208,1000261,1001094,2.092701805,2.090960489
7,2093000,1000104,1000104,1000104,1000938,2.092782351,2.091038606
7,2086186,1000468,1000468,990677,1001510,2.105818546,2.083040609
7,2087897,1000417,1000417,995000,1001510,2.098388945,2.084749029
7,2093672,1000417,1000417,1000468,1001406,2.092692620,2.090732430
7,2092692,999948,999948,999948,1000886,2.092800826,2.090839516
7,2087617,1000365,1000365,997447,1001250,2.092960328,2.085010737
7,2093493,1000365,1000365,1000364,1001302,2.092731246,2.090770816
7,2092700,999948,999948,999948,1000989,2.092808826,2.090632365
7,2093572,1000365,1000365,1000364,1001198,2.092810217,2.091066902
7,2075393,1001718,1001718,980105,1002604,2.117521082,2.070002713
7,1828762,1000520,1000520,1000521,1001458,1.827809711,1.826099547
7,1843462,1000156,1000156,1000105,1001042,1.843268457,1.841543112
7,1843870,1000365,1000365,1000312,1001250,1.843294892,1.841568040
7,1835023,1000469,1000469,984115,1001615,1.864642852,1.832064216
7,1843639,1000261,1000261,1000260,1001198,1.843159778,1.841432963
7,1843496,1000156,1000156,1000157,1001042,1.843206617,1.841577077
7,1843618,1000261,1000261,1000208,1001041,1.843234607,1.841700789
7,1832540,1000313,1000313,986717,1001250,1.857209311,1.830252185
7,1843524,1000157,1000157,1000156,1001198,1.843236455,1.841318101
7,1843273,1000052,1000052,1000052,1001406,1.843177155,1.840684997
7,1843116,1000000,1000000,999948,1001094,1.843211847,1.841101835
7,1837132,1000469,1000469,994688,1001719,1.846942961,1.833979389
7,1843173,1000000,1000000,1000000,1001146,1.843173000,1.841063142
7,1843383,1000104,1000104,1000052,1001146,1.843287149,1.841272901
7,1843391,1000104,1000104,1000052,1001198,1.843295149,1.841185260
7,1805919,1000417,1000417,959011,1001563,1.883105616,1.803100754
7,1843499,1000156,1000156,1000156,1001510,1.843211459,1.840719514
7,1844180,1000521,1000521,1000469,1001771,1.843315485,1.840919731
7,1843370,1000104,1000104,1000104,1001198,1.843178309,1.841164285
7,1832002,1000260,1000260,975468,1001458,1.878074934,1.829334830
7,1841929,999323,999323,999271,1001354,1.843272746,1.839438400
7,1843230,1000052,1000052,1000000,1000990,1.843230000,1.841407007
7,1843564,1000208,1000208,1000209,1001145,1.843178776,1.841455533
7,1832141,1000833,1000833,984531,1002240,1.860927690,1.828046177
7,1839247,997812,997812,997865,1001146,1.843182194,1.837141636
7,1844180,1000521,1000521,1000521,1001458,1.843219683,1.841495100
7,1844031,1000469,1000469,1000416,1001406,1.843264202,1.841441933
7,1839349,1000521,1000521,994896,1001615,1.848785200,1.836383241
7,1843461,1000156,1000156,1000156,1001094,1.843173465,1.841446458
7,1843713,1000260,1000260,1000261,1001250,1.843231916,1.841411236
7,1843618,1000261,1000261,1000208,1001198,1.843234607,1.841411988
7,1832315,1000417,1000417,986145,1001563,1.858058399,1.829455561
7,1843401,1000104,1000104,1000105,1001041,1.843207463,1.841484015
7,1843136,999948,999948,999948,1000938,1.843231848,1.841408759
7,1843659,1000208,1000208,1000209,1001146,1.843273756,1.841548585
7,1836919,1000261,1000261,984011,1001354,1.866766733,1.834435175
7,1843788,1000312,1000312,1000313,1001302,1.843211075,1.841390510
7,1843905,1000364,1000364,1000365,1001303,1.843232220,1.841505518
7,1844062,1000469,1000469,1000469,1001302,1.843197540,1.841664153
7,1833467,1000782,1000782,987239,1001875,1.857166299,1.830035683
7,1843729,1000312,1000312,1000261,1001302,1.843247912,1.841331586
7,1843280,1000053,1000053,1000000,1001042,1.843280000,1.841361302
7,1843999,1000417,1000417,1000416,1001406,1.843232215,1.841409978
7,1835613,1000104,1000104,985260,1001406,1.863074721,1.833035752
7,1843187,1000000,1000000,1000000,1001042,1.843187000,1.841268398
7,1843577,1000208,1000208,1000209,1001145,1.843191773,1.841468519
7,1843191,1000000,1000000,1000000,1000990,1.843191000,1.841368046
7,1828725,1000156,1000156,982240,1001302,1.861790397,1.826347096
7,1843719,1000260,1000260,1000260,1001302,1.843239758,1.841321599
7,1843578,1000208,1000208,1000208,1001094,1.843194616,1.841563330
7,1843301,1000052,1000052,1000052,1000937,1.843205153,1.841575444
7,1836037,1000625,1000625,981926,1001667,1.869832350,1.832981420
7,1843300,1000052,1000052,1000053,1001093,1.843202310,1.841287473
7,1843433,1000104,1000104,1000104,1001094,1.843241303,1.841418488
7,1843880,1000364,1000364,1000365,1001250,1.843207229,1.841578027
7,1831445,1000677,1000677,983541,1001823,1.862093192,1.828112351
7,1843633,1000208,1000208,1000209,1001511,1.843247761,1.840851473
7,1843722,1000261,1000261,1000260,1001302,1.843242757,1.841324595
7,1843515,1000156,1000156,1000156,1001198,1.843227457,1.841309112
7,1837767,1000260,1000260,996615,1001355,1.844008970,1.835280195
7,1843357,1000104,1000104,1000104,1001093,1.843165311,1.841344411
7,1844012,1000468,1000468,1000417,1001459,1.843243368,1.841325506
7,1843613,1000260,1000260,1000209,1001250,1.843227765,1.841311361
7,1829219,1000260,1000260,985469,1001459,1.856191316,1.826554058
7,1843733,1000313,1000313,1000260,1001406,1.843253754,1.841144351
7,1843547,1000208,1000208,1000156,1001146,1.843259452,1.841436714
7,1843167,1000000,1000000,999948,1000990,1.843262850,1.841344069
7,1836091,1000469,1000469,981509,1001718,1.870681777,1.832942006
7,1843865,1000364,1000364,1000313,1001563,1.843288051,1.840987536
7,1843235,1000052,1000052,999948,1000937,1.843330853,1.841509506
7,1843298,1000053,1000053,1000052,1001042,1.843202153,1.841379283
7,1826585,1000260,1000260,983958,1001510,1.856364804,1.823831015
7,1843733,1000260,1000260,1000261,1001302,1.843251911,1.841335581
7,1843271,1000053,1000053,1000052,1000990,1.843175155,1.841447967
7,1843485,1000156,1000156,1000156,1001093,1.843197461,1.841472271
7,1836990,1000209,1000209,997083,1001146,1.842364176,1.834887219
7,1843675,1000260,1000260,1000261,1001198,1.843193926,1.841468920
7,1843401,1000105,1000105,1000104,1001042,1.843209306,1.841482176
7,1843677,1000260,1000260,1000209,1001302,1.843291752,1.841279654
7,1827235,1000312,1000312,984218,1001563,1.856534833,1.824383489
7,1843282,1000052,1000052,1000052,1001094,1.843186154,1.841267653
7,1844141,1000521,1000521,1000521,1001510,1.843180703,1.841360546
7,1843503,1000157,1000157,1000156,1001198,1.843215458,1.841297126
7,1831717,1000261,1000261,978697,1001510,1.871587427,1.828955278
7,1843575,1000156,1000156,1000105,1001406,1.843381445,1.840986573
7,1843184,1000000,1000000,999948,1001094,1.843279851,1.841169760
7,1843997,1000416,1000416,1000469,1001511,1.843132571,1.841214924
7,1826023,1000156,1000156,981770,1001666,1.859929515,1.822985905
7,1843439,1000156,1000156,1000156,1001511,1.843151468,1.840657766
7,1843274,1000052,1000052,1000000,1001146,1.843274000,1.841164026
7,1843463,1000105,1000105,1000104,1001302,1.843271300,1.841065932
7,1835828,1000573,1000573,992761,1001823,1.849214464,1.832487376
7,1843919,1000365,1000365,1000365,1001458,1.843246215,1.841234480
7,1843224,1000052,1000052,1000052,1001094,1.843128157,1.841209717
7,1843530,1000156,1000156,1000156,1001302,1.843242454,1.841132845
7,1829900,1000468,1000468,982760,1001979,1.862000895,1.826285780
7,1843836,1000365,1000365,1000364,1001511,1.843165088,1.841054167
7,1843441,1000156,1000156,1000104,1001250,1.843249302,1.841139576
7,1844133,1000469,1000469,1000469,1001614,1.843268507,1.841161366
7,1834913,1000625,1000625,982968,1001823,1.866706749,1.831574041
7,1843348,1000104,1000104,1000104,1001250,1.843156312,1.841046692
7,1843222,1000000,1000000,999948,1001094,1.843317853,1.841207719
7,1843422,1000157,1000157,1000104,1001250,1.843230304,1.841120599
7,1828929,1000261,1000261,984271,1001719,1.858155935,1.825790466
7,1843598,1000209,1000209,1000156,1001406,1.843310444,1.841009541
7,1843642,1000261,1000261,1000208,1001354,1.843258602,1.841149084
7,1843401,1000104,1000104,1000052,1001198,1.843305148,1.841195248
7,1835869,1000573,1000573,990417,1002031,1.853632359,1.832147908
7,1843863,1000364,1000364,1000313,1001458,1.843286051,1.841178562
7,1844166,1000521,1000521,1000521,1001980,1.843205690,1.840521767
7,1843817,1000365,1000365,1000312,1001458,1.843241909,1.841132629
7,1828597,1000313,1000313,981823,1001771,1.862450768,1.825364280
7,1843150,1000001,1000001,999948,1001094,1.843245849,1.841135797
7,1844058,1000469,1000469,1000469,1001562,1.843193542,1.841182074
7,1843710,1000260,1000260,1000260,1001354,1.843230760,1.841216992
7,1836534,1000469,1000469,985572,1001980,1.863419415,1.832904848
7,1843257,1000052,1000052,1000000,1001146,1.843257000,1.841147045
7,1843324,1000104,1000104,1000104,1001198,1.843132314,1.841118340
7,1843931,1000364,1000364,1000365,1001511,1.843258211,1.841149024
7,1826825,1000573,1000573,980470,1001980,1.863213561,1.823215034
7,1843627,1000208,1000208,1000156,1001354,1.843339439,1.841134104
7,1843934,1000416,1000416,1000365,1001510,1.843261210,1.841153858
7,1843399,1000104,1000104,1000104,1001250,1.843207306,1.841097628
7,1837147,1000521,1000521,989999,1002031,1.855705915,1.833423317
7,1843625,1000261,1000261,1000208,1001666,1.843241606,1.840558629
7,1843976,1000416,1000416,1000417,1001511,1.843207383,1.841193956
7,1843974,1000417,1000417,1000416,1001511,1.843207226,1.841191959
7,1829423,1000573,1000573,979636,1002083,1.867451788,1.825620233
7,1843598,1000208,1000208,1000156,1001302,1.843310444,1.841200757
7,1843142,999948,999948,999947,1001406,1.843239692,1.840554181
7,1843801,1000365,1000365,1000312,1001458,1.843225914,1.841116652
7,1833747,1000261,1000261,982970,1001510,1.865516750,1.830982217
7,1844020,1000417,1000417,1000468,1001563,1.843157402,1.841142295
7,1843741,1000312,1000312,1000261,1001354,1.843259909,1.841247950
7,1844021,1000416,1000416,1000469,1001458,1.843156560,1.841336332
7,1827456,1000104,1000104,984947,1001250,1.855385112,1.825174532
7,1843529,1000156,1000156,1000157,1001198,1.843239611,1.841323095
7,1843146,999948,999948,1000000,1000937,1.843146000,1.841420589
7,1844047,1000468,1000468,1000417,1001354,1.843278353,1.841553537
7,1839573,1000260,1000260,997604,1001250,1.843991203,1.837276404
7,1843311,1000052,1000052,1000000,1000886,1.843311000,1.841679272
7,1843545,1000156,1000156,1000208,1001041,1.843161622,1.841627865
7,1843789,1000312,1000312,1000365,1001198,1.843116263,1.841582784
7,1831146,1000625,1000625,985155,1001667,1.858738980,1.828098560
7,1843400,1000104,1000104,1000052,1001094,1.843304148,1.841385524
7,1843266,1000052,1000052,1000000,1000990,1.843266000,1.841442971
7,1843792,1000313,1000313,1000312,1001250,1.843216916,1.841490137
7,1834062,1000104,1000104,977240,1001198,1.876777455,1.831867423
7,1843442,1000156,1000156,1000156,1001042,1.843154468,1.841523133
7,1844066,1000468,1000468,1000469,1001406,1.843201538,1.841476884
7,1843475,1000104,1000104,1000157,1001146,1.843185620,1.841364796
7,1831291,1000468,1000468,987865,1003229,1.853786702,1.825396794
7,1843159,1000000,1000000,999948,1001042,1.843254849,1.841240427
7,1843956,1000416,1000416,1000417,1001458,1.843187391,1.841271426
7,1843439,1000156,1000156,1000104,1001146,1.843247302,1.841328837
7,1835320,1000469,1000469,996667,1001562,1.841457578,1.832457701
7,1843295,1000000,1000000,1000053,1001302,1.843197311,1.840898151
7,1843070,1000312,1000312,1000261,1001302,1.842589084,1.840673443
7,1843776,1000312,1000312,1000313,1001302,1.843199079,1.841378525
7,1831420,1000364,1000364,984636,1001719,1.859996994,1.828277192
7,1843234,1000000,1000000,1000000,1001406,1.843234000,1.840646052
7,1843574,1000208,1000208,1000209,1001302,1.843188774,1.841176788
7,1843513,1000156,1000156,1000157,1001198,1.843223614,1.841307114
7,1829636,1000261,1000261,973489,1001406,1.879462428,1.827067144
7,1843724,1000260,1000260,1000260,1001354,1.843244756,1.841230973
7,1843316,1000052,1000052,1000052,1001459,1.843220153,1.840630520
7,1844127,1000521,1000521,1000521,1001562,1.843166710,1.841250966
7,1828248,1000156,1000156,983177,1001615,1.859530888,1.825300140
7,1843740,1000313,1000313,1000260,1001459,1.843260752,1.841053902
7,1843816,1000365,1000365,1000313,1001511,1.843239066,1.841034197
7,1843172,1000000,1000000,999948,1001354,1.843267850,1.840679720
7,1837162,1000260,1000260,996042,1001510,1.844462382,1.834392068
7,1843179,1000000,1000000,1000000,1001094,1.843179000,1.841164766
7,1843994,1000417,1000417,1000416,1001563,1.843227217,1.841116335
7,1843676,1000261,1000261,1000260,1001406,1.843196769,1.841087431
7,1827948,1000520,1000520,983958,1002031,1.857750026,1.824242963
7,1843242,1000000,1000000,1000000,1001146,1.843242000,1.841132063
7,1843848,1000312,1000312,1000313,1001458,1.843271056,1.841163583
7,1843525,1000156,1000156,1000156,1001302,1.843237455,1.841127852
7,1836413,1000677,1000677,981666,1002084,1.870710608,1.832593874
7,1844273,1000573,1000573,1000625,1001979,1.843121049,1.840630392
7,1843563,1000052,1000052,1000209,1001615,1.843177776,1.840590446
7,1843291,1000053,1000053,1000052,1001145,1.843195154,1.841182846
7,1827742,1000365,1000365,982968,1001927,1.859411497,1.824226715
7,1832011,1000313,1000313,1000677,1002136,1.830771568,1.828106165
7,1844411,1000677,1000677,1000678,1002031,1.843161337,1.840672594
7,1843824,1000313,1000313,1000364,1001667,1.843153092,1.840755461
7,1833262,1000208,1000208,984584,1001458,1.861966069,1.830592995
7,1843682,1000261,1000261,1000208,1001823,1.843298594,1.840327084
7,1843846,1000365,1000365,1000312,1001510,1.843270899,1.841065990
7,1844090,1000521,1000521,1000469,1001667,1.843225527,1.841021018
7,1810664,1000156,1000156,966303,1001406,1.873805628,1.808121781
7,1843583,1000209,1000209,1000208,1001459,1.843199614,1.840897131
7,1843688,1000625,1000625,1000677,1001771,1.842440668,1.840428601
7,1843098,999948,999948,999948,1000938,1.843193846,1.841370794
7,1955103,1000938,1000938,985051,1002084,1.984773377,1.951037039
7,2091267,999948,999948,999896,1000937,2.091484514,2.089309317
7,2093536,1000364,1000364,1000313,1001198,2.092880928,2.091030945
7,2093432,1000312,1000312,1000365,1001198,2.092668176,2.090927069
7,2079278,1000677,1000677,988073,1001562,2.104376903,2.076035233
7,2093733,1000469,1000469,1000468,1001511,2.092753591,2.090574142
7,2093306,1000261,1000261,1000260,1001250,2.092761882,2.090692634
7,1977625,1000156,1000156,1000209,1001146,1.977211763,1.975361236
7,1835568,1000521,1000521,995312,1001666,1.844213674,1.832515030
7,1843777,1000313,1000313,1000312,1001250,1.843201921,1.841475156
7,1843730,1000261,1000261,1000312,1001198,1.843154936,1.841523854
7,1843588,1000208,1000208,1000209,1001302,1.843202771,1.841190770
7,1831891,1000208,1000208,987709,1001250,1.854686957,1.829603995
7,1844311,1000573,1000573,1000573,1001875,1.843254815,1.840859389
7,1843076,999948,999948,999896,1001042,1.843267700,1.841157514
7,1843652,1000260,1000260,1000261,1001562,1.843170932,1.840776707
7,1819497,993594,993594,971614,1001459,1.872654161,1.816846221
7,1843422,1000104,1000104,1000104,1001302,1.843230304,1.841024985
7,1843247,1000053,1000053,1000000,1000989,1.843247000,1.841425830
7,1843190,1000000,1000000,999948,1001146,1.843285851,1.841080122
7,1828658,1000573,1000573,983438,1001719,1.859454282,1.825519931
7,1843090,999948,999948,999896,1000937,1.843281701,1.841364641
7,1843416,1000104,1000104,1000104,1000990,1.843224305,1.841592823
7,1843775,1000313,1000313,1000312,1001198,1.843199922,1.841568801
7,1837254,1000156,1000156,997344,1001198,1.842146742,1.835055603
7,1844056,1000469,1000469,1000520,1001355,1.843097589,1.841560685
7,1843215,1000000,1000000,999948,1000989,1.843310852,1.841393861
7,1843518,1000156,1000156,1000209,1001042,1.843132785,1.841599054
7,1832655,1000417,1000417,988595,1001511,1.853797561,1.829890036
7,1843841,1000312,1000312,1000469,1001406,1.842976644,1.841252199
7,1832107,1000364,1000364,1000521,1001510,1.831152969,1.829344690
7,1843806,1000313,1000313,1000416,1001406,1.843039296,1.841217249
7,1832859,1000729,1000729,973749,1001719,1.882270482,1.829713722
7,1843897,1000365,1000365,1000364,1001302,1.843226066,1.841499368
7,1843576,1000208,1000208,1000208,1001094,1.843192616,1.841561332
7,1844089,1000468,1000468,1000521,1001458,1.843128730,1.841404233
7,1834460,1000625,1000625,987448,1001719,1.857778840,1.831311975
7,1843521,1000156,1000156,1000156,1001146,1.843233456,1.841410743
7,1844490,1000729,1000729,1000781,1001771,1.843050577,1.841229183
7,1844031,1000469,1000469,1000468,1001511,1.843168397,1.841248873
7,1838018,1000104,1000104,993958,1001250,1.849190811,1.835723346
7,1843432,1000104,1000104,1000156,1001094,1.843144469,1.841417489
7,1843850,1000364,1000364,1000313,1001354,1.843273056,1.841356803
7,1843715,1000312,1000312,1000313,1001198,1.843138098,1.841508872
7,1832607,1000364,1000364,986458,1001510,1.857764852,1.829843936
7,1843309,1000052,1000052,1000052,1001094,1.843213153,1.841294624
7,1843852,1000312,1000312,1000417,1001510,1.843083434,1.841071981
7,1844280,1000625,1000625,1000677,1001719,1.843032267,1.841115123
7,1984584,1000156,1000156,978176,1001146,2.028861882,1.982312270
7,2093499,1000313,1000313,1000364,1001250,2.092737244,2.090885393
7,2093227,1000208,1000208,1000209,1001042,2.092789607,2.091048128
7,2093759,1000469,1000469,1000468,1001459,2.092779579,2.090708656
7,2080721,1000469,1000469,985781,1001511,2.110733520,2.077581774
7,2091612,1000052,1000052,1000208,1001041,2.091177035,2.089436896
7,2092778,999948,999948,999948,1000782,2.092886830,2.091142726
7,2092967,1000052,1000052,1000104,1000886,2.092749354,2.091114273
7,2087051,1000417,1000417,997395,1001250,2.092501968,2.084445443
7,2093522,1000365,1000365,1000364,1001354,2.092760235,2.090691204
7,2093095,1000156,1000156,1000157,1000938,2.092766436,2.091133517
7,2093476,1000312,1000312,1000313,1001146,2.092820947,2.091079623
7,2079620,1000313,1000313,985365,1001302,2.110507274,2.076915856
7,2082154,1001042,1001042,1001042,1001875,2.079986654,2.078257268
7,1831363,1000417,1000417,1000417,1001250,1.830599640,1.829076654
7,1843462,1000156,1000156,1000104,1001042,1.843270300,1.841543112
7,1833727,1000261,1000261,980833,1001302,1.869560873,1.831342592
7,1844026,1000468,1000468,1000417,1001510,1.843257362,1.841245719
7,1844098,1000521,1000521,1000521,1001354,1.843137725,1.841604468
7,1844043,1000417,1000417,1000468,1001354,1.843180392,1.841549542
7,1831615,1000365,1000365,987239,1001667,1.855290360,1.828566779
7,1843494,1000156,1000156,1000156,1001302,1.843206460,1.841096892
7,1843783,1000313,1000313,1000260,1001406,1.843303741,1.841194281
7,1843212,1000000,1000000,1000000,1001198,1.843212000,1.841006474
7,1833907,1000469,1000469,984532,1001823,1.862719546,1.830569871
7,1843209,1000000,1000000,1000000,1001094,1.843209000,1.841194733
7,1843898,1000417,1000417,1000364,1001510,1.843227065,1.841117912
7,1843870,1000365,1000365,1000313,1001459,1.843293049,1.841183713
7,1825551,1000312,1000312,978126,1001823,1.866376111,1.822229076
7,1843418,1000156,1000156,1000104,1001250,1.843226304,1.841116604
7,1843360,1000104,1000104,1000105,1001510,1.843166468,1.840580723
7,1843987,1000469,1000469,1000417,1001563,1.843218378,1.841109346
7,1834153,1000208,1000208,975990,1001719,1.879274378,1.831005502
7,1843846,1000364,1000364,1000313,1001459,1.843269057,1.841159748
7,1844124,1000521,1000521,1000468,1001614,1.843261354,1.841152380
7,1843675,1000261,1000261,1000313,1001615,1.843098110,1.840702266
7,1829793,1000469,1000469,985884,1001718,1.855992186,1.826654807
7,1843678,1000260,1000260,1000208,1001510,1.843294595,1.840898244
7,1843516,1000157,1000157,1000104,1001302,1.843324294,1.841118863
7,1843585,1000209,1000209,1000156,1001354,1.843297446,1.841092161
7,1837126,1000521,1000521,996771,1001719,1.843077297,1.833973400
7,1844122,1000521,1000521,1000469,1001875,1.843257512,1.840670742
7,1843621,1000261,1000261,1000208,1001354,1.843237607,1.841128113
7,1844105,1000469,1000469,1000469,1001563,1.843240520,1.841227162
7,1825633,999948,999948,978647,1001197,1.865466302,1.823450330
7,1843444,1000156,1000156,1000104,1000989,1.843252302,1.841622635
7,1843296,1000052,1000052,1000052,1000938,1.843200154,1.841568609
7,1843951,1000416,1000416,1000365,1001302,1.843278203,1.841553298
7,1837506,1000365,1000365,987136,1001355,1.861451715,1.835019549
7,1843181,999948,999948,1000000,1000885,1.843181000,1.841551227
7,1843530,1000208,1000208,1000156,1001042,1.843242454,1.841611041
7,1843592,1000208,1000208,1000156,1001250,1.843304445,1.841290387
7,1831027,1000886,1000886,988905,1002240,1.851570171,1.826934666
7,1843751,1000261,1000261,1000261,1001510,1.843269907,1.840971134
7,1843392,1000104,1000104,1000104,1001198,1.843200307,1.841186259
7,1844166,1000521,1000521,1000521,1001615,1.843205690,1.841192474
7,1834278,1000000,1000000,987344,1001406,1.857790193,1.831702626
7,1843172,999948,999948,999948,1001406,1.843267850,1.840584139
7,1843276,1000000,1000000,1000052,1001198,1.843180155,1.841070398
7,1843112,999948,999948,999948,1001094,1.843207847,1.841097839
7,1782856,1000469,1000469,950469,1002031,1.875764491,1.779242359
7,1843441,1000156,1000156,1000104,1001615,1.843249302,1.840468643
7,1844248,1000573,1000573,1000573,1001667,1.843191851,1.841178755
7,1843226,1000052,1000052,1000000,1001146,1.843226000,1.841116081
7,1830224,1000156,1000156,977344,1001511,1.872650776,1.827462704
7,1844078,1000469,1000469,1000469,1001719,1.843213533,1.840913470
7,1843722,1000260,1000260,1000260,1001354,1.843242757,1.841228976
7,1844159,1000521,1000521,1000468,1001562,1.843296337,1.841282916
7,1828083,1000261,1000261,981510,1001510,1.862521014,1.825326757
7,1843788,1000312,1000312,1000365,1001302,1.843115263,1.841390510
7,1843907,1000417,1000417,1000365,1001354,1.843234220,1.841413726
7,1843310,1000104,1000104,1000052,1001250,1.843214153,1.841008739
7,1839374,1000573,1000573,997239,1001615,1.844466572,1.836408201
7,1843922,1000364,1000364,1000365,1001354,1.843249214,1.841428706
7,1843729,1000312,1000312,1000261,1001250,1.843247912,1.841427216
7,1843340,1000052,1000052,1000052,1001093,1.843244151,1.841327429
7,1831163,1000834,1000834,987031,1002031,1.855223392,1.827451446
7,1843338,1000052,1000052,1000052,1001198,1.843242151,1.841132323
7,1844144,1000520,1000520,1000469,1001511,1.843279502,1.841361702
7,1872191,1020625,1020625,1005053,1021718,1.862778381,1.832395044
7,1843416,1000104,1000104,1000104,1001146,1.843224305,1.841305863
7,1843542,1000156,1000156,1000156,1001302,1.843254452,1.841144829
7,1843548,1000208,1000208,1000156,1001615,1.843260451,1.840575471
7,1835053,1000156,1000156,990676,1001302,1.852324070,1.832666868
7,1835163,1000156,1000156,990729,1001666,1.852336007,1.832110704
7,1843474,1000156,1000156,1000157,1001250,1.843184620,1.841172534
7,1843490,1000156,1000156,1000156,1001302,1.843202460,1.841092897
7,1837373,1000156,1000156,995781,1001303,1.845157720,1.834982018
7,1844072,1000469,1000469,1000468,1001614,1.843209378,1.841100464
7,1844118,1000468,1000468,1000469,1001615,1.843253514,1.841144552
7,1844055,1000469,1000469,1000468,1001562,1.843192386,1.841179078
7,1837285,1000520,1000520,991563,1001771,1.852918070,1.834036921
7,1814246,1000313,1000313,971720,1001510,1.867046063,1.811510619
7,1843871,1000364,1000364,1000364,1001771,1.843200075,1.840611277
7,1843422,1000104,1000104,1000157,1001250,1.843132628,1.841120599
7,1834472,1000625,1000625,979583,1001771,1.872707060,1.831228894
7,1843984,1000416,1000416,1000417,1001719,1.843215379,1.840819631
7,1843651,1000261,1000261,1000260,1001354,1.843171775,1.841158072
7,1843593,1000208,1000208,1000156,1001302,1.843305444,1.841195763
7,1836911,1000468,1000468,990886,1001771,1.853806593,1.833663582
7,1822112,1000052,1000052,981354,1001511,1.856732637,1.819362943
7,1843335,1000104,1000104,1000052,1001250,1.843239152,1.841033708
7,1843701,1000261,1000261,1000208,1001354,1.843317590,1.841208004
7,1832596,1000677,1000677,988125,1001823,1.854619608,1.829261257
7,1843192,1000000,1000000,1000000,1001406,1.843192000,1.840604111
7,1843912,1000364,1000364,1000365,1001563,1.843239218,1.841034463
7,1843782,1000312,1000312,1000312,1001406,1.843206919,1.841193282
7,1835747,1000104,1000104,990364,1001510,1.853608370,1.832979201
7,1817319,1000313,1000313,977813,1001823,1.858554754,1.814012056
7,1843804,1000313,1000313,1000313,1001458,1.843227070,1.841119648
7,1843845,1000312,1000312,1000313,1001511,1.843268057,1.841063154
7,1834340,1000156,1000156,980468,1001354,1.870882069,1.831859662
7,1844162,1000520,1000520,1000521,1001667,1.843201692,1.841092898
7,1844135,1000521,1000521,1000469,1001927,1.843270506,1.840588187
7,1843932,1000417,1000417,1000365,1001510,1.843259210,1.841151861
7,1829660,1000573,1000573,981824,1001771,1.863531549,1.826425401
7,1843435,1000156,1000156,1000104,1001563,1.843243303,1.840558208
7,1843909,1000417,1000417,1000364,1001510,1.843238061,1.841128895
7,1843459,1000157,1000157,1000156,1001250,1.843171465,1.841157553
7,1835203,1000261,1000261,995782,1001458,1.842976676,1.832531170
7,1843924,1000417,1000417,1000364,1001511,1.843253056,1.841142034
7,1843266,1000052,1000052,1000000,1001146,1.843266000,1.841156035
7,1843293,1000052,1000052,1000052,1001198,1.843197154,1.841087377
7,1830641,1000261,1000261,981459,1001458,1.865224120,1.827975811
7,1843130,999948,999948,999947,1001407,1.843227691,1.840540360
7,1844192,1000573,1000573,1000521,1001666,1.843231676,1.841124686
7,1843353,1000104,1000104,1000104,1001198,1.843161311,1.841147306
7,1835767,1000364,1000364,985939,1001563,1.861947849,1.832902174
7,1843571,1000208,1000208,1000209,1001667,1.843185774,1.840502882
7,1843944,1000417,1000417,1000364,1001510,1.843273049,1.841163843
7,1844160,1000521,1000521,1000469,1001667,1.843295494,1.841090901
7,1810046,1000260,1000260,975885,1001458,1.854773872,1.807410795
7,1843668,1000260,1000260,1000261,1001302,1.843186928,1.841270666
7,1844119,1000469,1000469,1000469,1001615,1.843254514,1.841145550
7,1843284,1000000,1000000,1000052,1001198,1.843188154,1.841078388
7,1838415,1000625,1000625,990729,1001823,1.855618439,1.835069668
7,1843104,999948,999948,999947,1001094,1.843201690,1.841089848
7,1844173,1000521,1000521,1000469,1001615,1.843308488,1.841199463
7,1843408,1000104,1000104,1000104,1001198,1.843216306,1.841202240
7,1791691,1000677,1000677,950156,1001980,1.885680878,1.788150462
7,1843302,999948,999948,1000000,1001459,1.843302000,1.840616540
7,1843231,1000052,1000052,1000052,1001146,1.843135157,1.841121075
7,1843398,1000104,1000104,1000104,1001198,1.843206307,1.841192252
7,1833188,1000573,1000573,979219,1002084,1.872091943,1.829375581
7,1843635,1000261,1000261,1000260,1001354,1.843155779,1.841142094
7,1843220,1000000,1000000,999948,1001094,1.843315852,1.841205721
7,1843299,1000052,1000052,1000052,1001197,1.843203153,1.841095209
7,1826105,1000625,1000625,979375,1001927,1.864561583,1.822592864
7,1843830,1000312,1000312,1000313,1001875,1.843253062,1.840379289
7,1844174,1000573,1000573,1000521,1001667,1.843213686,1.841104878
7,1843881,1000365,1000365,1000364,1001458,1.843210072,1.841196535
7,1835259,1000052,1000052,995364,1001250,1.843806889,1.832967790
7,1843511,1000156,1000156,1000156,1001250,1.843223457,1.841209488
7,1843961,1000416,1000416,1000365,1001823,1.843288200,1.840605576
7,1844113,1000521,1000521,1000521,1001562,1.843152717,1.841236988
7,1818979,1000833,1000833,985678,1002188,1.845408947,1.815007763
7,1843373,1000104,1000104,1000000,1001510,1.843373000,1.840593704
7,1843966,1000417,1000417,1000416,1001511,1.843199229,1.841183971
7,1843566,1000209,1000209,1000156,1001302,1.843278449,1.841168798
7,1833686,1000625,1000625,973439,1001927,1.883719473,1.830159283
7,1844524,1000729,1000729,1000781,1002239,1.843084551,1.840403337
7,1844136,1000521,1000521,1000520,1001667,1.843177548,1.841066941
7,1843782,1000312,1000312,1000365,1001719,1.843109265,1.840617978
7,1826709,1000521,1000521,978855,1001875,1.866169147,1.823290331
7,1842938,999843,999843,999844,1001094,1.843225543,1.840924029
7,1844291,1000573,1000573,1000573,1001562,1.843234826,1.841414710
7,1843188,1000000,1000000,1000000,1001198,1.843188000,1.840982503
7,1838223,1000052,1000052,997032,1001041,1.843695087,1.836311400
7,1844150,1000521,1000521,1000521,1001614,1.843189698,1.841178338
7,1843257,1000052,1000052,1000156,1001198,1.842969497,1.841051420
7,1843486,1000157,1000157,1000156,1001041,1.843198461,1.841568927
7,1828960,1000468,1000468,985052,1001563,1.856714163,1.826105797
7,1843907,1000417,1000417,1000469,1001562,1.843042613,1.841031309
7,1843735,1000312,1000312,1000365,1001459,1.843062282,1.841048910
7,1843951,1000417,1000417,1000416,1001355,1.843184235,1.841455827
7,1860558,1000052,1000052,976668,1001042,1.905005590,1.858621317
7,2090926,1000417,1000417,1000469,1001354,2.089945815,2.088098714
7,2093343,1000261,1000261,1000260,1001146,2.092798872,2.090946775
7,2093193,1000208,1000208,1000209,1001042,2.092755614,2.091014163
7,2079831,1000573,1000573,989479,1001875,2.101945569,2.075938615
7,2092765,999948,999948,1000052,1000938,2.092656182,2.090803826
7,2093676,1000417,1000417,1000416,1001250,2.092805393,2.091062172
7,2093404,1000312,1000312,1000417,1001302,2.092531414,2.090681932
7,2085264,1000417,1000417,994011,1001354,2.097827891,2.082444370
7,2092413,1000157,1000157,1000156,1000990,2.092086634,2.090343560
7,2093785,1000469,1000469,1000521,1001407,2.092694706,2.090843184
7,2093019,1000104,1000104,1000052,1000990,2.092910169,2.090948961
7,2081131,1000364,1000364,986772,1001303,2.109029239,2.078422815
7,1974758,1000104,1000104,1000156,1001094,1.974449986,1.972599976
7,1840983,1000209,1000209,1000208,1001146,1.840600155,1.838875649
7,1843995,1000417,1000417,1000416,1001406,1.843228217,1.841405983
7,1837704,1000573,1000573,984583,1001510,1.866479515,1.834933251
7,1843324,1000052,1000052,1000052,1000990,1.843228152,1.841500914
7,1843208,1000104,1000104,1000052,1000989,1.843112158,1.841386868
7,1843949,1000416,1000416,1000417,1001250,1.843180394,1.841646941
7,1833032,1000208,1000208,987031,1001302,1.857116950,1.830648496
7,1843345,1000417,1000417,1000469,1001355,1.842480876,1.840850647
7,1843786,1000417,1000417,1000260,1001303,1.843306740,1.841386673
7,1843484,1000156,1000156,1000105,1001094,1.843290455,1.841469432
7,1840081,1000573,1000573,997864,1001614,1.844019826,1.837115895
7,1843427,1000312,1000312,1000365,1001198,1.842754395,1.841221217
7,1843439,1000208,1000208,1000209,1001250,1.843053802,1.841137578
7,1843651,1000208,1000208,1000209,1001198,1.843265757,1.841444949
7,1830888,1000261,1000261,983854,1001458,1.860934651,1.828222452
7,1843374,1000208,1000208,1000208,1001146,1.842990658,1.841263912
7,1843271,1000156,1000156,1000157,1001198,1.842981652,1.841065404
7,1843595,1000209,1000209,1000156,1001250,1.843307444,1.841293383
7,1837546,1000573,1000573,982812,1001770,1.869682096,1.834299290
7,1830947,1000417,1000417,1000468,1001458,1.830090518,1.828281366
7,1843324,1000417,1000417,1000469,1001510,1.842459886,1.840544777
7,1843930,1000416,1000416,1000365,1001458,1.843257211,1.841245464
7,1829276,1000312,1000312,982864,1001511,1.861168992,1.826516134
7,1843404,1000105,1000105,1000104,1001093,1.843212306,1.841391359
7,1844096,1000521,1000521,1000416,1001511,1.843329175,1.841313775
7,1843787,1000313,1000313,1000312,1001302,1.843211918,1.841389511
7,1838992,1000521,1000521,997500,1001614,1.843601003,1.836028650
7,1844251,1000573,1000573,1000625,1001615,1.843099063,1.841277337
7,1843614,1000209,1000209,1000312,1001354,1.843038972,1.841121122
7,1843623,1000209,1000209,1000208,1001250,1.843239606,1.841321348
7,1833177,1000261,1000261,985833,1001510,1.859520832,1.830413076
7,1843176,1000000,1000000,999948,1000937,1.843271850,1.841450561
7,1843614,1000208,1000208,1000208,1001146,1.843230608,1.841503637
7,1843682,1000261,1000261,1000260,1001302,1.843202767,1.841284647
7,1895014,1000469,1000469,976876,1001458,1.939871591,1.892255092
7,2090108,1000365,1000365,1000312,1001302,2.089456090,2.087390218
7,2093031,1000104,1000104,1000104,1001145,2.092813347,2.090637220
7,2093551,1000364,1000364,1000365,1001198,2.092787133,2.091045927
7,2074217,1000156,1000156,984115,1001250,2.107697779,2.071627466
7,2093248,1000208,1000208,1000209,1001042,2.092810603,2.091069106
7,2092855,1000052,1000052,1000052,1000885,2.092746177,2.091004461
7,2093378,1000261,1000261,1000260,1001093,2.092833863,2.091092436
7,2083778,1000052,1000052,991406,1001042,2.101841223,2.081608963
7,2044594,1000208,1000208,1000208,1001250,2.044168813,2.042041448
7,1839323,1000364,1000364,1000365,1001250,1.838651892,1.837026717
7,1843669,1000260,1000260,1000209,1001146,1.843283754,1.841558574
7,1830721,1000209,1000209,983801,1001250,1.860865155,1.828435456
7,1844084,1000469,1000469,1000417,1001823,1.843315338,1.840728352
7,1844057,1000469,1000469,1000417,1001614,1.843288349,1.841085488
7,1843144,999948,999948,999948,1001094,1.843239848,1.841129804
7,1835661,1000208,1000208,976562,1001511,1.879717826,1.832891501
7,1843135,999948,999948,999948,1001250,1.843230848,1.840833958
7,1843703,1000260,1000260,1000261,1001614,1.843221919,1.840732058
7,1843822,1000365,1000365,1000312,1001458,1.843246907,1.841137621
7,1823457,1000417,1000417,975104,1001771,1.870012840,1.820233367
7,1843800,1000312,1000312,1000313,1001458,1.843223071,1.841115653
7,1843250,1000052,1000052,1000000,1001146,1.843250000,1.841140053
7,1843429,1000156,1000156,1000104,1001250,1.843237303,1.841127591
7,1834557,1000364,1000364,986094,1001823,1.860428113,1.831218688
7,1843344,1000104,1000104,1000052,1001354,1.843248151,1.840851487
7,1843430,1000104,1000104,1000157,1001250,1.843140627,1.841128589
7,1843419,1000469,1000469,1000469,1001614,1.842554842,1.840448516
7,1802924,1000625,1000625,958749,1001771,1.880496355,1.799736666
7,1843592,1000209,1000209,1000208,1001354,1.843208613,1.841099152
7,1843354,1000105,1000105,1000052,1001511,1.843258151,1.840572894
7,1843762,1000416,1000416,1000365,1001510,1.843089272,1.840982117
7,1836445,1000625,1000625,980990,1001823,1.872032335,1.833103253
7,1843834,1000469,1000469,1000417,1001875,1.843065442,1.840383281
7,1843674,1000261,1000261,1000260,1001354,1.843194769,1.841181041
7,1843382,1000104,1000104,1000052,1001146,1.843286149,1.841271902
7,1827387,1000417,1000417,977552,1001927,1.869350173,1.823872398
7,1843518,1000208,1000208,1000209,1001354,1.843132785,1.841025252
7,1843793,1000312,1000312,1000260,1001458,1.843313738,1.841108664
7,1843233,1000104,1000104,1000104,1001250,1.843041324,1.840931835
7,1832259,1000625,1000625,991303,1001875,1.848333960,1.828829944
7,1843059,1000052,1000052,1000000,1001406,1.843059000,1.840471297
7,1844116,1000469,1000469,1000469,1001615,1.843251515,1.841142555
7,1843204,1000000,1000000,1000000,1001146,1.843204000,1.841094106
7,1783672,1000208,1000208,951823,1001719,1.873953456,1.780611129
7,1844220,1000521,1000521,1000521,1001666,1.843259662,1.841152640
7,1843843,1000469,1000469,1000469,1001511,1.842978643,1.841061157
7,1843362,1000208,1000208,1000157,1001354,1.843072638,1.840869463
7,1831141,1000521,1000521,973073,1002083,1.881812567,1.827334662
7,1842822,1000000,1000000,1000052,1001458,1.842726178,1.840139077
7,1844065,1000469,1000469,1000469,1001615,1.843200539,1.841091637
7,1843482,1000156,1000156,1000104,1001302,1.843290298,1.841084907
7,1829137,1000521,1000521,982135,1001875,1.862408936,1.825713787
7,1843646,1000365,1000365,1000364,1001511,1.842975157,1.840864454
7,1844058,1000468,1000468,1000417,1001615,1.843289348,1.841084648
7,1843452,1000104,1000104,1000104,1001250,1.843260301,1.841150562
7,1838785,1000365,1000365,995937,1001510,1.846286462,1.836012621
7,1843738,1000313,1000313,1000313,1001407,1.843161091,1.841147505
7,1842963,1000104,1000104,1000104,1001197,1.842771352,1.840759611
7,1843239,1000000,1000000,1000000,1001146,1.843239000,1.841129066
7,1827100,1000365,1000365,981196,1001927,1.862115214,1.823585950
7,1843290,1000053,1000053,1000000,1001511,1.843290000,1.840508991
7,1843437,1000104,1000104,1000157,1001302,1.843147626,1.841039966
7,1843896,1000365,1000365,1000365,1001459,1.843223224,1.841209675
7,1834859,1000416,1000416,985574,1001771,1.861716117,1.831615209
7,1843822,1000312,1000312,1000365,1001511,1.843149251,1.841040188
7,1843377,1000104,1000104,1000052,1001250,1.843281149,1.841075655
7,1842820,1000000,1000000,1000000,1001146,1.842820000,1.840710546
7,1828675,1000573,1000573,983593,1002083,1.859178542,1.824873788
7,1843727,1000417,1000417,1000365,1001927,1.843054285,1.840180971
7,1843361,1000157,1000157,1000208,1001250,1.842977661,1.841059675
7,1844042,1000469,1000469,1000417,1001875,1.843273355,1.840590892
7,1838558,1000625,1000625,995729,1001823,1.846444163,1.835212408
7,1844135,1000521,1000521,1000468,1001667,1.843272349,1.841065943
7,1843751,1000312,1000312,1000313,1001563,1.843174087,1.840873714
7,1843949,1000417,1000417,1000416,1001562,1.843182236,1.841073244
7,1827683,1000261,1000261,980260,1001511,1.864487993,1.824925538
7,1843319,1000052,1000052,1000104,1001198,1.843127315,1.841113346
7,1843396,1000312,1000312,1000261,1001718,1.842914999,1.840234477
7,1843329,1000156,1000156,1000104,1001303,1.843137314,1.840930268
7,1831040,1000312,1000312,973959,1001823,1.879997002,1.827708088
7,1843347,1000312,1000312,1000261,1001458,1.842866012,1.840663313
7,1843660,1000260,1000260,1000260,1001666,1.843180773,1.840593571
7,1843128,1000157,1000157,1000156,1001250,1.842840517,1.840826966
7,1805863,1000573,1000573,965418,1002031,1.870550373,1.802202726
7,1843168,1000000,1000000,1000000,1001250,1.843168000,1.840866916
7,1844254,1000573,1000573,1000573,1001823,1.843197848,1.840898043
7,1843845,1000417,1000417,1000468,1001875,1.842982484,1.840394261
7,1833744,1000365,1000365,989844,1001771,1.852558585,1.830502181
7,1843443,1000104,1000104,1000104,1001250,1.843251302,1.841141573
7,1843150,999948,999948,999948,1001093,1.843245849,1.841137637
7,1843541,1000156,1000156,1000156,1001354,1.843253452,1.841048221
7,1802544,1000364,1000364,967449,1001615,1.863192788,1.799637585
7,1843496,1000261,1000261,1000208,1001667,1.843112633,1.840428007
7,1843129,999948,999948,999895,1001145,1.843322549,1.841021031
7,1843179,1000000,1000000,999948,1001146,1.843274850,1.841069135
7,1831787,1000521,1000521,980521,1001927,1.868177224,1.828263935
7,1843859,1000364,1000364,1000313,1001407,1.843282053,1.841268335
7,1843878,1000364,1000364,1000365,1001406,1.843205230,1.841289147
7,1843071,1000052,1000052,1000052,1001041,1.842975165,1.841154358
7,1832205,1000677,1000677,985416,1002031,1.859321342,1.828491334
7,1843286,1000052,1000052,1000052,1001146,1.843190154,1.841176012
7,1843568,1000260,1000260,1000365,1001354,1.842895343,1.841075184
7,1843403,1000208,1000208,1000209,1001458,1.843017809,1.840719231
7,1837778,1000469,1000469,997187,1001666,1.842962253,1.834721354
7,1843475,1000364,1000364,1000365,1001355,1.842802377,1.840980471
7,1844017,1000468,1000468,1000417,1001511,1.843248365,1.841234894
7,1843204,1000208,1000208,1000209,1001250,1.842818851,1.840902871
7,1831632,1000312,1000312,984844,1001666,1.859819423,1.828585576
7,1843113,999948,999948,999948,1001041,1.843208847,1.841196315
7,1844202,1000521,1000521,1000521,1001563,1.843241671,1.841324011
7,1843733,1000312,1000312,1000261,1001355,1.843251911,1.841238122
7,1835253,1000365,1000365,981875,1001563,1.869130999,1.832388976
7,1843667,1000209,1000209,1000156,1001562,1.843379433,1.840791683
7,1843481,1000156,1000156,1000157,1001250,1.843191619,1.841179526
7,1844134,1000520,1000520,1000469,1001615,1.843269507,1.841160526
7,1829283,1000469,1000469,982917,1002031,1.861075757,1.825575257
7,1843462,1000156,1000156,1000157,1001303,1.843172622,1.841063095
7,1843380,1000104,1000104,1000053,1001250,1.843282306,1.841078652
7,1843296,1000052,1000052,1000000,1001145,1.843296000,1.841187840
7,1834506,1000156,1000156,990678,1001719,1.851768183,1.831357896
7,1843795,1000313,1000313,1000313,1001458,1.843218073,1.841110661
7,1843500,1000260,1000260,1000209,1001355,1.843114789,1.841005438
7,1843570,1000208,1000208,1000209,1001615,1.843184774,1.840597435
7,1826255,1000209,1000209,982499,1001719,1.858785607,1.823121055
7,1843472,1000105,1000105,1000104,1001302,1.843280299,1.841074920
7,1843518,1000156,1000156,1000104,1001354,1.843326294,1.841025252
7,1844071,1000468,1000468,1000469,1001563,1.843206536,1.841193215
7,1831906,1000729,1000729,977969,1002135,1.873173894,1.828003213
7,1843468,1000156,1000156,1000157,1001355,1.843178621,1.840973481
7,1843645,1000208,1000208,1000209,1001355,1.843259759,1.841150241
7,1844054,1000469,1000469,1000469,1001615,1.843189544,1.841080655
7,1828405,1000521,1000521,980938,1002031,1.863935335,1.824699036
7,1843640,1000260,1000260,1000209,1001407,1.843254760,1.841049643
7,1843610,1000312,1000312,1000260,1001510,1.843130786,1.840830346
7,1843797,1000521,1000521,1000521,1001666,1.842836882,1.840730343
7,1837124,1000104,1000104,995677,1001250,1.845100369,1.834830462
7,1843088,1000052,1000052,1000052,1001146,1.842992164,1.840978239
7,1843534,1000416,1000416,1000417,1001511,1.842765567,1.840752623
7,1843112,1000052,1000052,1000053,1001145,1.843014320,1.841004050
7,1829692,1000364,1000364,984741,1001719,1.858043892,1.826552157
7,1843985,1000417,1000417,1000417,1001615,1.843216379,1.841011766
7,1843044,1000000,1000000,1000000,1001146,1.843044000,1.840934289
7,1843849,1000313,1000313,1000364,1001458,1.843178083,1.841164582
7,1838353,1000417,1000417,983699,1001979,1.868816579,1.834722085
7,1843883,1000364,1000364,1000313,1001459,1.843306045,1.841196694
7,1844101,1000521,1000521,1000469,1001614,1.843236522,1.841129417
7,1843862,1000468,1000468,1000469,1001615,1.842997634,1.840888964
7,1827891,1000521,1000521,985469,1001718,1.854843734,1.824756069
7,1843890,1000364,1000364,1000365,1001563,1.843217226,1.841012497
7,1834700,1000000,1000000,999948,1001094,1.834795409,1.832695032
7,1840604,1000677,1000677,1000990,1001979,1.838783604,1.836968639
7,1839903,1000521,1000521,996199,1001614,1.846923155,1.836938182
7,1843001,1000261,1000261,1000208,1001042,1.842617736,1.841082592
7,1843358,1000052,1000052,1000053,1000937,1.843260307,1.841632390
7,1844119,1000521,1000521,1000521,1001458,1.843158714,1.841434189
7,1832151,1000573,1000573,984584,1001823,1.860837674,1.828817066
7,1843534,1000156,1000156,1000156,1001406,1.843246454,1.840945630
7,1843224,1000000,1000000,1000000,1001146,1.843224000,1.841114083
7,1844176,1000521,1000521,1000573,1001666,1.843119892,1.841108713
7,1834078,1000261,1000261,975051,1001771,1.881007250,1.830835590
7,1843476,1000104,1000104,1000156,1001615,1.843188463,1.840503587
7,1844172,1000573,1000573,1000572,1001666,1.843117737,1.841104720
7,1843928,1000364,1000364,1000365,1001563,1.843255212,1.841050438
7,1803241,1000313,1000313,959426,1001562,1.879499826,1.800428730
7,1844116,1000468,1000468,1000521,1001927,1.843155716,1.840569223
7,1843687,1000260,1000260,1000209,1001354,1.843301750,1.841194023
7,1843590,1000208,1000208,1000157,1001302,1.843300602,1.841192767
7,1834651,1000104,1000104,990001,1001615,1.853180956,1.831692816
7,1843829,1000365,1000365,1000313,1001458,1.843252062,1.841144611
7,1843932,1000364,1000364,1000365,1001459,1.843259210,1.841245623
7,1843489,1000156,1000156,1000156,1001250,1.843201461,1.841187516
7,1829616,1000521,1000521,979012,1002031,1.868839197,1.825907582
7,1843657,1000260,1000260,1000209,1001407,1.843271756,1.841066619
7,1843200,1000000,1000000,1000000,1001146,1.843200000,1.841090111
7,1843724,1000312,1000312,1000261,1001667,1.843242914,1.840655627
7,1836449,1000365,1000365,981771,1001823,1.870547205,1.833107245
7,1843883,1000417,1000417,1000365,1001510,1.843210228,1.841102935
7,1843299,1000052,1000052,1000000,1001146,1.843299000,1.841188997
7,1843701,1000312,1000312,1000261,1001667,1.843219920,1.840632665
7,1824625,1000625,1000625,974270,1002083,1.872812465,1.820832207
7,1843882,1000364,1000364,1000312,1001459,1.843306888,1.841195695
7,1843506,1000157,1000157,1000156,1001302,1.843218458,1.841108876
7,1843347,1000052,1000052,1000052,1001146,1.843251151,1.841236942
7,1838090,1000313,1000313,992864,1001510,1.851300883,1.835318669
7,1844102,1000468,1000468,1000469,1001927,1.843237522,1.840555250
7,1843699,1000260,1000260,1000261,1001406,1.843217920,1.841110399
7,1843709,1000312,1000312,1000261,1001406,1.843227918,1.841120385
7,1826170,1000416,1000416,982083,1001927,1.859486418,1.822657739
7,1843176,1000000,1000000,1000000,1001094,1.843176000,1.841161769
7,1843301,1000052,1000052,1000052,1001145,1.843205153,1.841192834
7,1843467,1000104,1000104,1000105,1001250,1.843273456,1.841165543
7,1834143,1000260,1000260,985000,1001771,1.862074112,1.830900475
7,1843707,1000260,1000260,1000208,1001407,1.843323589,1.841116549
7,1843766,1000313,1000313,1000312,1001459,1.843190924,1.841079864
7,1843932,1000417,1000417,1000364,1001510,1.843261053,1.841151861
7,1827446,1000157,1000157,982134,1001615,1.860689071,1.824499433
7,1843324,1000052,1000052,1000104,1001250,1.843132314,1.841022722
7,1843792,1000313,1000313,1000260,1001406,1.843312739,1.841203268
7,1843931,1000417,1000417,1000365,1001510,1.843258211,1.841150862
7,1837570,1000364,1000364,991251,1001719,1.853788798,1.834416638
7,1843721,1000260,1000260,1000313,1001719,1.843144096,1.840557082
7,1843680,1000261,1000261,1000260,1001354,1.843200768,1.841187033
7,1843752,1000312,1000312,1000313,1001667,1.843175086,1.840683580
7,1827807,1000260,1000260,977239,1001822,1.870378689,1.824482792
7,1843571,1000208,1000208,1000208,1001354,1.843187617,1.841078180
7,1843477,1000156,1000156,1000156,1001406,1.843189462,1.840888710
7,1865994,1016979,1016979,1002865,1018177,1.860663200,1.832681351
7,1843429,1000156,1000156,997032,1001406,1.848916584,1.840840778
7,1843809,1000365,1000365,1000312,1001615,1.843233911,1.840836050
7,1843427,1000104,1000104,1000104,1001250,1.843235304,1.841125593
7,1834082,1000625,1000625,987344,1001927,1.857591680,1.830554521
7,1820134,1000521,1000521,973489,1001823,1.869701661,1.816821934
7,1843985,1000417,1000417,1000417,1001823,1.843216379,1.840629532
7,1843398,1000104,1000104,1000156,1001250,1.843110475,1.841096629
7,1835689,1000208,1000208,996041,1001510,1.842985379,1.832921289
7,1844194,1000520,1000520,1000521,1002135,1.843233675,1.840265034
7,1844047,1000469,1000469,1000468,1001615,1.843184390,1.841073666
7,1843966,1000416,1000416,1000365,1001510,1.843293198,1.841185809
7,1831747,1000208,1000208,990886,1001459,1.848595096,1.829078375
7,1836922,1000625,1000625,992761,1001979,1.850316441,1.833293911
7,1843737,1000312,1000312,1000313,1001406,1.843160091,1.841148345
7,1843673,1000260,1000260,1000261,1001354,1.843191927,1.841180042
7,1835596,1000521,1000521,984061,1001719,1.865327454,1.832446025
7,1843775,1000312,1000312,1000260,1001407,1.843295743,1.841184453
7,1843902,1000365,1000365,1000312,1001511,1.843326882,1.841120068
7,1843662,1000261,1000261,1000260,1001354,1.843182772,1.841169057
7,1834413,1000104,1000104,990573,1001250,1.851870584,1.832122846
7,1835894,1000260,1000260,992345,1001458,1.850056180,1.833221164
7,1843553,1000157,1000157,1000156,1001302,1.843265451,1.841155815
7,1843915,1000365,1000365,1000364,1001510,1.843244059,1.841134886
7,1838464,1000052,1000052,996094,1001250,1.845673200,1.836168789
7,1843436,1000156,1000156,1000157,1001250,1.843146626,1.841134582
7,1843813,1000312,1000312,1000313,1001406,1.843236067,1.841224239
7,1843467,1000104,1000104,1000157,1001250,1.843177621,1.841165543
7,1841604,1007916,1007916,990312,1009063,1.859619999,1.825063450
7,1843520,1000157,1000157,1000156,1001250,1.843232456,1.841218477
7,1843689,1000261,1000261,1000208,1001354,1.843305592,1.841196021
7,1843278,1000052,1000052,1000052,1001198,1.843182155,1.841072395
7,1830307,1000521,1000521,974687,1001771,1.877840784,1.827071257
7,1843778,1000208,1000208,1000209,1001458,1.843392731,1.841093685
7,1843951,1000417,1000417,1000416,1001511,1.843184235,1.841168994
7,1844099,1000521,1000521,1000469,1001562,1.843234523,1.841223010
7,1828973,1000312,1000312,981510,1001511,1.863427780,1.826213591
7,1843303,1000052,1000052,1000000,1001510,1.843303000,1.840523809
7,1844155,1000521,1000521,1000573,1001718,1.843098904,1.840992175
7,1843385,1000104,1000104,1000104,1001198,1.843193308,1.841179267
7,1835705,1000729,1000729,990833,1002032,1.852688596,1.831982412
7,1844131,1000520,1000520,1000469,1001666,1.843266508,1.841063788
7,1843839,1000365,1000365,1000364,1001511,1.843168087,1.841057163
7,1843204,1000000,1000000,999948,1001145,1.843299852,1.841095945
7,1828247,1000313,1000313,982292,1001511,1.861205222,1.825488687
7,1843996,1000416,1000416,1000365,1001875,1.843323187,1.840544978
7,1844134,1000469,1000469,1000521,1001615,1.843173706,1.841160526
7,1843875,1000365,1000365,1000365,1001510,1.843202231,1.841094947
7,1835743,1000677,1000677,985989,1001979,1.861829087,1.832117240
7,1843423,1000104,1000104,1000052,1001615,1.843327147,1.840450672
7,1844068,1000469,1000469,1000469,1001875,1.843203538,1.840616843
7,1843987,1000417,1000417,1000417,1001562,1.843218378,1.841111184
7,1825254,1000468,1000468,982760,1001771,1.857273393,1.822027190
7,1843320,1000052,1000052,1000052,1001563,1.843224152,1.840443387
7,1844030,1000417,1000417,1000417,1001562,1.843261360,1.841154117
7,1843907,1000417,1000417,1000364,1001511,1.843236062,1.841125060
7,1837049,1000261,1000261,996562,1001406,1.843386563,1.834469736
7,1843588,1000208,1000208,1000209,1001667,1.843202771,1.840519853
7,1843718,1000313,1000313,1000312,1001354,1.843142939,1.841224981
7,1843976,1000417,1000417,1000417,1001510,1.843207383,1.841195794
7,1829243,1000208,1000208,984948,1001406,1.857197537,1.826674695
7,1844130,1000469,1000469,1000469,1001823,1.843265508,1.840774269
7,1843729,1000313,1000313,1000312,1001354,1.843153936,1.841235967
7,1843882,1000365,1000365,1000364,1001511,1.843211071,1.841100098
7,1835785,1000052,1000052,983490,1001302,1.866602609,1.833397916
7,1843203,1000000,1000000,1000000,1001146,1.843203000,1.841093107
7,1843161,999948,999948,999948,1001094,1.843256849,1.841146785
7,1843502,1000156,1000156,1000156,1001302,1.843214459,1.841104881
7,1827912,1000468,1000468,982813,1001823,1.859877718,1.824585780
7,1843973,1000417,1000417,1000417,1001875,1.843204384,1.840522021
7,1843914,1000416,1000416,1000365,1001510,1.843241217,1.841133888
7,1843924,1000365,1000365,1000364,1001771,1.843253056,1.840664184
7,1835680,1000417,1000417,991666,1001927,1.851107127,1.832149448
7,1843939,1000365,1000365,1000364,1001459,1.843268050,1.841252612
7,1843893,1000364,1000364,1000365,1001458,1.843220225,1.841208518
7,1843809,1000312,1000312,1000313,1001406,1.843232068,1.841220244
7,1830063,1000521,1000521,982239,1001875,1.863154487,1.826638054
7,1843916,1000365,1000365,1000312,1001563,1.843340878,1.841038457
7,1843281,1000000,1000000,1000000,1001145,1.843281000,1.841172857
7,1843201,1000000,1000000,999948,1001093,1.843296851,1.841188581
7,1835144,1000573,1000573,982084,1001771,1.868622236,1.831899706
7,1843307,1000052,1000052,1000000,1001459,1.843307000,1.840621533
7,1843289,1000052,1000052,1000052,1001197,1.843193154,1.841085221
7,1843602,1000209,1000209,1000208,1001354,1.843218611,1.841109138
7,1828512,1000313,1000313,983438,1001667,1.859305823,1.825468943
7,1843524,1000156,1000156,1000208,1001406,1.843140627,1.840935644
7,1843727,1000260,1000260,1000261,1001406,1.843245913,1.841138359
7,1843563,1000208,1000208,1000208,1001302,1.843179619,1.841165802
7,1837369,1000417,1000417,995469,1001563,1.845732012,1.834501674
7,1843836,1000364,1000364,1000365,1001458,1.843163245,1.841151601
7,1843299,1000052,1000052,1000000,1001458,1.843299000,1.840615383
7,1843293,1000052,1000052,1000052,1001459,1.843197154,1.840607554
7,1830334,1000261,1000261,982137,1001823,1.863623914,1.827003373
7,1843438,1000156,1000156,1000104,1001250,1.843246302,1.841136579
7,1843525,1000208,1000208,1000157,1001250,1.843235612,1.841223471
7,1843080,999948,999948,999896,1001093,1.843271700,1.841067713
7,1836695,1000105,1000105,980781,1001355,1.872686155,1.834209646
7,1844031,1000416,1000416,1000417,1001562,1.843262360,1.841155116
7,1844072,1000469,1000469,1000468,1001615,1.843209378,1.841098626
7,1843348,1000104,1000104,1000052,1001198,1.843252151,1.841142312
7,1826958,1000521,1000521,982813,1001927,1.858907035,1.823444223
7,1843852,1000364,1000364,1000313,1001458,1.843275055,1.841167578
7,1843138,1000000,1000000,999948,1001406,1.843233848,1.840550186
7,1843917,1000417,1000417,1000364,1001511,1.843246058,1.841135045
7,1837312,1000521,1000521,990156,1001771,1.855578313,1.834063873
7,1843392,1000104,1000104,1000104,1001198,1.843200307,1.841186259
7,1843673,1000261,1000261,1000208,1001354,1.843289596,1.841180042
7,1844023,1000469,1000469,1000417,1001563,1.843254363,1.841145290
7,1831410,1000521,1000521,982917,1001979,1.863239724,1.827792798
7,1843714,1000313,1000313,1000260,1001511,1.843234759,1.840932351
7,1843716,1000260,1000260,1000313,1001458,1.843139097,1.841031776
7,1843933,1000364,1000364,1000365,1001510,1.843260210,1.841152859
7,1834730,1000521,1000521,981510,1002083,1.869293232,1.830916202
7,1843389,1000104,1000104,1000104,1001250,1.843197307,1.841087640
7,1843810,1000365,1000365,1000313,1001458,1.843233068,1.841125639
7,1843343,1000104,1000104,1000052,1001198,1.843247151,1.841137317
7,1830743,1000520,1000520,985520,1002031,1.857641651,1.827032297
7,1843688,1000312,1000312,1000260,1001406,1.843208766,1.841099414
7,1844011,1000417,1000417,1000417,1001563,1.843242368,1.841133309
7,1844153,1000521,1000521,1000521,1001614,1.843192697,1.841181333
7,1836855,1000417,1000417,991251,1001875,1.853067487,1.833417342
7,1843816,1000312,1000312,1000313,1001511,1.843239066,1.841034197
7,1843362,1000052,1000052,1000053,1001510,1.843264307,1.840582720
7,1844166,1000521,1000521,1000469,1001615,1.843301492,1.841192474
7,1827354,1000729,1000729,983282,1002187,1.858423118,1.823366298
7,1843650,1000260,1000260,1000209,1001458,1.843264758,1.840965872
7,1843692,1000260,1000260,1000261,1001406,1.843210922,1.841103409
7,1843711,1000312,1000312,1000260,1001406,1.843231760,1.841122382
7,1838349,1000313,1000313,983644,1001510,1.868917007,1.835577278
7,1843984,1000417,1000417,1000364,1001562,1.843313034,1.841108189
7,1843727,1000313,1000313,1000260,1001407,1.843247756,1.841136521
7,1844064,1000468,1000468,1000469,1001562,1.843199539,1.841188064
7,1828293,1000521,1000521,982969,1001979,1.859970152,1.824681954
7,1843410,1000157,1000157,1000104,1001250,1.843218305,1.841108614
7,1843398,1000105,1000105,1000104,1001198,1.843206307,1.841192252
7,1843182,1000000,1000000,1000000,1001094,1.843182000,1.841167762
7,1836419,1000417,1000417,996145,1001562,1.843525792,1.833554987
7,1843497,1000156,1000156,1000156,1001250,1.843209459,1.841195506
7,1843138,999948,999948,999896,1001093,1.843329706,1.841125650
7,1843682,1000261,1000261,1000260,1001354,1.843202767,1.841189030
7,1823942,1000625,1000625,982865,1002188,1.855740107,1.819959928
7,1843497,1000209,1000209,1000156,1001354,1.843209459,1.841004280
7,1843918,1000364,1000364,1000417,1001563,1.843149407,1.841040454
7,1843962,1000417,1000417,1000416,1001823,1.843195231,1.840606574
7,1834321,1000521,1000521,985207,1001823,1.861863547,1.830983118
7,1843721,1000260,1000260,1000260,1001562,1.843241757,1.840845599
7,1844089,1000469,1000469,1000469,1001875,1.843224528,1.840637804
7,1844178,1000521,1000521,1000469,1001615,1.843313486,1.841204455
7,1829789,1000469,1000469,983125,1001979,1.861196694,1.826175000
7,1843214,1000000,1000000,1000000,1001146,1.843214000,1.841104095
7,1843747,1000260,1000260,1000261,1001406,1.843265908,1.841158331
7,1843698,1000260,1000260,1000260,1001406,1.843218763,1.841109400
7,1836543,1000104,1000104,988541,1001510,1.857831896,1.833774001
7,1843784,1000312,1000312,1000261,1001718,1.843302898,1.840621812
7,1843224,1000000,1000000,999948,1001094,1.843319853,1.841209717
7,1843973,1000417,1000417,1000416,1001563,1.843206226,1.841095368
7,1828722,1000312,1000312,981615,1001875,1.862972754,1.825299563
7,1843233,1000052,1000052,1000000,1001145,1.843233000,1.841124912
7,1843261,1000053,1000053,1000052,1001198,1.843165155,1.841055416
7,1843623,1000261,1000261,1000208,1001354,1.843239606,1.841130110
7,1833771,1000313,1000313,977709,1001875,1.875579544,1.830339114
7,1843859,1000364,1000364,1000365,1001563,1.843186237,1.840981546
7,1843751,1000261,1000261,1000312,1001510,1.843175929,1.840971134
7,1843327,1000052,1000052,1000052,1001459,1.843231152,1.840641504
7,1826144,1000104,1000104,982291,1001614,1.859066203,1.823201353
7,1843373,1000105,1000105,1000104,1001198,1.843181309,1.841167282
7,1843157,1000000,1000000,999948,1001094,1.843252849,1.841142790
7,1843724,1000260,1000260,1000312,1001458,1.843148938,1.841039764
7,1837175,1000365,1000365,995937,1001563,1.844669894,1.834307977
7,1843564,1000208,1000208,1000209,1001302,1.843178776,1.841166801
7,1844210,1000573,1000573,1000521,1001666,1.843249667,1.841142656
7,1843615,1000209,1000209,1000208,1001354,1.843231608,1.841122121
7,1829390,1000677,1000677,984322,1002188,1.858528002,1.825396033
7,1843125,999948,999948,999895,1001302,1.843318548,1.840728372
7,1843638,1000208,1000208,1000208,1001354,1.843254603,1.841145090
7,1843815,1000313,1000313,1000312,1001406,1.843239909,1.841226236
7,1834285,1000469,1000469,981459,1001719,1.868936960,1.831137275
7,1843288,1000053,1000053,1000000,1001563,1.843288000,1.840411437
7,1843914,1000416,1000416,1000365,1001510,1.843241217,1.841133888
7,1843629,1000260,1000260,1000208,1001354,1.843245605,1.841136102
7,1824868,1000313,1000313,980469,1001719,1.861219478,1.821736435
7,1843352,1000104,1000104,1000052,1001250,1.843256151,1.841050687
7,1843716,1000261,1000261,1000260,1001354,1.843236758,1.841222984
7,1844104,1000469,1000469,1000521,1001615,1.843143722,1.841130574
7,1838144,1000208,1000208,995365,1001406,1.846703471,1.835563198
7,1843695,1000261,1000261,1000208,1001406,1.843311591,1.841106404
7,1843302,1000052,1000052,1000052,1001198,1.843206153,1.841096367
7,1843241,1000052,1000052,1000000,1001146,1.843241000,1.841131064
7,1828045,1000208,1000208,984636,1001770,1.856569331,1.824815077
7,1843867,1000365,1000365,1000364,1001614,1.843196077,1.840895794
7,1843387,1000104,1000104,1000104,1001250,1.843195308,1.841085643
7,1843418,1000105,1000105,1000104,1001250,1.843226304,1.841116604
7,1837752,1000625,1000625,978177,1002136,1.878752005,1.833834929
7,1843924,1000417,1000417,1000365,1001511,1.843251213,1.841142034
7,1844166,1000520,1000520,1000469,1001928,1.843301492,1.840617290
7,1843729,1000260,1000260,1000261,1001406,1.843247912,1.841140357
7,1829087,1000469,1000469,981405,1001979,1.863743307,1.825474386
7,1843863,1000364,1000364,1000417,1001511,1.843094430,1.841081126
7,1843872,1000365,1000365,1000364,1001510,1.843201075,1.841091951
7,1843144,999948,999948,999948,1001094,1.843239848,1.841129804
7,1836215,1000521,1000521,990156,1001979,1.854470407,1.832588308
7,1843716,1000313,1000313,1000261,1001406,1.843234916,1.841127375
7,1843757,1000312,1000312,1000313,1001407,1.843180085,1.841166479
7,1843932,1000417,1000417,1000364,1001510,1.843261053,1.841151861
7,1827607,1000521,1000521,978802,1001927,1.867187644,1.824091975
7,1843473,1000156,1000156,1000209,1001407,1.843087795,1.840882878
7,1843985,1000416,1000416,1000365,1001563,1.843312191,1.841107349
7,1843880,1000365,1000365,1000364,1001719,1.843209072,1.840715810
7,1836314,1000364,1000364,984062,1001718,1.866055188,1.833164623
7,1843914,1000417,1000417,1000416,1001510,1.843147251,1.841133888
7,1843636,1000209,1000209,1000208,1001354,1.843252603,1.841143092
7,1844076,1000469,1000469,1000469,1001615,1.843211534,1.841102619
7,1826593,1000260,1000260,982292,1001718,1.859521405,1.823460295
7,1844238,1000573,1000573,1000573,1001614,1.843181857,1.841266196
7,1843802,1000313,1000313,1000313,1001406,1.843225071,1.841213254
7,1843505,1000156,1000156,1000104,1001511,1.843313295,1.840723667
7,1835099,1000000,1000000,992240,1001250,1.849450738,1.832807990
7,1843268,1000000,1000000,1000052,1001198,1.843172155,1.841062407
7,1844142,1000521,1000521,1000468,1001614,1.843279345,1.841170351
7,1843141,999948,999948,999948,1001094,1.843236848,1.841126807
7,1829712,1000469,1000469,982812,1002083,1.861711090,1.825908632
7,1843474,1000156,1000156,1000209,1001354,1.843088794,1.840981311
7,1843954,1000416,1000416,1000365,1001511,1.843281202,1.841171989
7,1844180,1000521,1000521,1000469,1001614,1.843315485,1.841208290
7,1836699,1000156,1000156,981771,1001355,1.870801847,1.834213641
7,1836490,1000313,1000313,998593,1001771,1.839077582,1.833243326
7,1843863,1000365,1000365,1000364,1001458,1.843192078,1.841178562
7,1843381,1000104,1000104,1000104,1001146,1.843189308,1.841270904
7,1826482,1000313,1000313,982030,1001771,1.859904484,1.823253019
7,1843256,1000053,1000053,1000000,1001146,1.843256000,1.841146047
7,1843543,1000209,1000209,1000208,1001354,1.843159623,1.841050218
7,1843548,1000156,1000156,1000156,1001302,1.843260451,1.841150822
7,1835246,1000520,1000520,991355,1001979,1.851250057,1.831621222
7,1843862,1000364,1000364,1000312,1001458,1.843286894,1.841177563
7,1843893,1000365,1000365,1000364,1001458,1.843222067,1.841208518
7,1843481,1000157,1000157,1000104,1001563,1.843289298,1.840604136
7,1828048,1000416,1000416,982813,1001927,1.860016097,1.824532127
7,1844042,1000417,1000417,1000417,1001562,1.843273355,1.841166099
7,1843934,1000364,1000364,1000365,1001563,1.843261210,1.841056429
7,1843613,1000209,1000209,1000260,1001406,1.843133785,1.841024520
7,1831580,1000677,1000677,979635,1002135,1.869655535,1.827677908
7,1843813,1000312,1000312,1000260,1001406,1.843333733,1.841224239
7,1843699,1000261,1000261,1000260,1001406,1.843219763,1.841110399
7,1843993,1000417,1000417,1000417,1001511,1.843224375,1.841210930
7,1831109,1000469,1000469,982134,1001823,1.864418705,1.827776963
7,1844173,1000521,1000521,1000572,1001979,1.843118736,1.840530590
7,1843334,1000052,1000052,1000052,1001198,1.843238152,1.841128328
7,1843743,1000312,1000312,1000313,1001406,1.843166089,1.841154337
7,1836425,1000261,1000261,995833,1001406,1.844109404,1.833846612
7,1844091,1000417,1000417,1000365,1001511,1.843418152,1.841308782
7,1843652,1000260,1000260,1000209,1001355,1.843266757,1.841157232
7,1843252,1000000,1000000,1000000,1001146,1.843252000,1.841142051
7,1825924,1000156,1000156,982396,1001615,1.858643561,1.822979887
7,1843448,1000157,1000157,1000104,1001198,1.843256301,1.841242192
7,1843291,1000052,1000052,1000000,1001146,1.843291000,1.841181007
7,1843159,1000001,1000001,999948,1001406,1.843254849,1.840571157
7,1834700,1000156,1000156,981822,1001459,1.868668659,1.832027073
7,1843190,1000000,1000000,1000000,1001198,1.843190000,1.840984501
7,1843391,1000104,1000104,1000104,1001250,1.843199307,1.841089638
7,1843815,1000364,1000364,1000313,1001459,1.843238066,1.841128793
7,1831297,1000260,1000260,984063,1001718,1.860955040,1.828156228
7,1843665,1000260,1000260,1000208,1001354,1.843281597,1.841172053
7,1843248,1000000,1000000,1000000,1001145,1.843248000,1.841139895
7,1843550,1000208,1000208,1000208,1001302,1.843166621,1.841152819
7,1836960,1000208,1000208,995885,1001406,1.844550325,1.834380861
7,1843326,1000104,1000104,1000052,1001146,1.843230152,1.841215967
7,1844040,1000469,1000469,1000417,1001875,1.843271356,1.840588896
7,1843610,1000208,1000208,1000208,1001302,1.843226609,1.841212741
7,1830236,1000521,1000521,982657,1002031,1.862537996,1.826526325
7,1843932,1000417,1000417,1000417,1001562,1.843163401,1.841056270
7,1843675,1000260,1000260,1000260,1001355,1.843195769,1.841180201
7,1843629,1000260,1000260,1000208,1001354,1.843245605,1.841136102
7,1831713,1000104,1000104,980730,1001614,1.867703649,1.828761379
7,1843452,1000156,1000156,1000105,1001250,1.843258458,1.841150562
7,1843901,1000416,1000416,1000365,1001511,1.843228222,1.841119069
7,1844103,1000521,1000521,1000469,1001614,1.843238521,1.841131414
7,1829371,1000573,1000573,984739,1002031,1.857721691,1.825663078
7,1843255,1000000,1000000,1000000,1001145,1.843255000,1.841146887
7,1843255,1000000,1000000,1000000,1001146,1.843255000,1.841145048
7,1843818,1000312,1000312,1000365,1001511,1.843145252,1.841036194
7,1836178,1000104,1000104,990156,1001458,1.854433039,1.833504750
7,1843257,1000053,1000053,1000000,1001146,1.843257000,1.841147045
7,1844076,1000469,1000469,1000469,1001614,1.843211534,1.841104457
7,1843211,1000000,1000000,999948,1001094,1.843306852,1.841196731
7,1828925,1000677,1000677,982708,1002135,1.861107267,1.825028564
7,1843395,1000104,1000104,1000052,1001250,1.843299148,1.841093633
7,1844121,1000469,1000469,1000521,1001928,1.843160713,1.840572376
7,1843105,999948,999948,999948,1001042,1.843200846,1.841186484
7,1834977,1000573,1000573,982552,1001875,1.867562226,1.831542857
7,1843700,1000261,1000261,1000260,1001511,1.843220763,1.840918372
7,1843778,1000313,1000313,1000313,1001458,1.843201078,1.841093685
7,1844017,1000468,1000468,1000417,1001563,1.843248365,1.841139299
7,1827079,1000573,1000573,982292,1002032,1.860016166,1.823373904
7,1843610,1000208,1000208,1000208,1001354,1.843226609,1.841117127
7,1843743,1000312,1000312,1000261,1001406,1.843261909,1.841154337
7,1843351,1000052,1000052,1000052,1001198,1.843255151,1.841145308
7,1837127,1000625,1000625,996146,1002084,1.844234680,1.833306389
7,1844170,1000573,1000573,1000521,1001667,1.843209688,1.841100885
7,1844146,1000469,1000469,1000520,1001667,1.843187542,1.841076925
7,1843421,1000104,1000104,1000104,1001250,1.843229304,1.841119600
7,1829077,1000573,1000573,985729,1002031,1.855557663,1.825369674
7,1843583,1000156,1000156,1000105,1001250,1.843389444,1.841281398
7,1843966,1000416,1000416,1000417,1001511,1.843197387,1.841183971
7,1843678,1000261,1000261,1000208,1001406,1.843294595,1.841089428
7,1835518,1000365,1000365,981198,1001823,1.870690727,1.832177940
7,1843238,1000000,1000000,1000052,1001198,1.843142157,1.841032443
7,1843501,1000157,1000157,1000156,1001302,1.843213459,1.841103883
7,1843394,1000105,1000105,1000104,1001562,1.843202307,1.840519109
7,1828175,1000156,1000156,982240,1001615,1.861230453,1.825227258
7,1843900,1000416,1000416,1000365,1001510,1.843227222,1.841119909
7,1843992,1000417,1000417,1000416,1001563,1.843225218,1.841114338
7,1843417,1000157,1000157,1000104,1001250,1.843225305,1.841115605
7,1834739,1000209,1000209,990156,1001354,1.852979732,1.832258123
7,1843874,1000364,1000364,1000313,1001510,1.843297048,1.841093948
7,1843724,1000313,1000313,1000260,1001407,1.843244756,1.841133525
7,1843503,1000157,1000157,1000156,1001302,1.843215458,1.841105880
7,1830137,1000365,1000365,982083,1001719,1.863525792,1.826996393
7,1843988,1000416,1000416,1000417,1001927,1.843219378,1.840441469
7,1843428,1000104,1000104,1000104,1001250,1.843236303,1.841126592
7,1843619,1000208,1000208,1000208,1001354,1.843235607,1.841126115
7,1835284,1000260,1000260,981250,1001771,1.870353121,1.832039458
7,1843231,1000000,1000000,999948,1001146,1.843326853,1.841121075
7,1843146,999948,999948,999948,1001093,1.843241849,1.841133641
7,1843581,1000208,1000208,1000208,1001355,1.843197615,1.841086328
7,1828338,1000156,1000156,980468,1001667,1.864760502,1.825295233
7,1843522,1000156,1000156,1000157,1001354,1.843232612,1.841029246
7,1843321,1000052,1000052,1000053,1001198,1.843223309,1.841115344
7,1844037,1000468,1000468,1000469,1001875,1.843172552,1.840585901
7,1837525,1000677,1000677,996094,1001875,1.844730517,1.834086089
7,1844029,1000416,1000416,1000417,1001667,1.843260360,1.840960119
7,1843944,1000417,1000417,1000416,1001510,1.843177238,1.841163843
7,1843667,1000260,1000260,1000261,1001302,1.843185928,1.841269667
7,1829285,1000416,1000416,984115,1001875,1.858812232,1.825861510
7,1843804,1000364,1000364,1000365,1001458,1.843131257,1.841119648
7,1843937,1000417,1000417,1000364,1001511,1.843266051,1.841155015
7,1857504,1011302,1011302,996980,1012500,1.863130655,1.834571852
7,1843429,1000104,1000104,1000104,1001614,1.843237303,1.840458500
7,1843668,1000209,1000209,1000208,1001666,1.843284597,1.840601558
7,1843423,1000104,1000104,1000105,1001198,1.843229461,1.841217222
7,1837406,1000468,1000468,990885,1001667,1.854308018,1.834348142
7,1836744,1000208,1000208,992553,1001667,1.850524859,1.833687243
7,1843570,1000209,1000209,1000208,1001302,1.843186617,1.841172793
7,1843893,1000417,1000417,1000417,1001510,1.843124417,1.841112919
7,1837733,1000416,1000416,995886,1001614,1.845324666,1.834771679
7,1844224,1000573,1000573,1000521,1001667,1.843263660,1.841154795
7,1843718,1000260,1000260,1000260,1001406,1.843238758,1.841129372
7,1843914,1000417,1000417,1000364,1001511,1.843243060,1.841132049
7,1835347,1000105,1000105,992239,1001302,1.849702541,1.832960485
7,1835964,1000105,1000105,992136,1001562,1.850516461,1.833100697
7,1843398,1000104,1000104,1000052,1001198,1.843302148,1.841192252
7,1844018,1000417,1000417,1000468,1001563,1.843155403,1.841140298
7,1834039,1000677,1000677,980781,1001979,1.869978109,1.830416606
7,1844020,1000417,1000417,1000468,1001823,1.843157402,1.840664469
7,1843663,1000260,1000260,1000260,1001354,1.843183772,1.841170056
7,1843295,1000052,1000052,1000052,1001145,1.843199154,1.841186841
7,1837042,1000052,1000052,990312,1001198,1.855013370,1.834843857
7,1834848,1000104,1000104,991458,1001614,1.850656306,1.831891327
7,1843454,1000104,1000104,1000156,1001302,1.843166466,1.841056944
7,1843792,1000313,1000313,1000312,1001771,1.843216916,1.840532417
7,1833807,1000520,1000520,988958,1001771,1.854281982,1.830565069
7,1843542,1000208,1000208,1000157,1001614,1.843252609,1.840571318
7,1843148,999948,999948,999948,1001094,1.843243849,1.841133800
7,1843241,1000000,1000000,1000000,1001094,1.843241000,1.841226698
7,1838286,1000573,1000573,991302,1001823,1.854415708,1.834940903
7,1836722,1000104,1000104,992189,1001666,1.851181579,1.833667111
7,1843162,999948,999948,999948,1001093,1.843257849,1.841149623
7,1843156,999948,999948,1000000,1001146,1.843156000,1.841046161
7,1833714,1000000,1000000,985520,1001250,1.860656303,1.831424719
7,1843457,1000156,1000156,1000104,1001511,1.843265300,1.840675739
7,1843231,1000052,1000052,1000000,1001146,1.843231000,1.841121075
7,1843560,1000209,1000209,1000208,1001303,1.843176619,1.841160967
7,1830723,1000572,1000572,983698,1001771,1.861062033,1.827486521
7,1843944,1000416,1000416,1000365,1001875,1.843271206,1.840493075
7,1843565,1000209,1000209,1000208,1001302,1.843181618,1.841167800
7,1843529,1000157,1000157,1000156,1001302,1.843241454,1.841131846
7,1836093,1000416,1000416,996042,1001614,1.843389134,1.833134321
7,1843745,1000313,1000313,1000312,1001354,1.843169931,1.841251945
7,1844111,1000468,1000468,1000469,1001614,1.843246517,1.841139401
7,1844015,1000469,1000469,1000468,1001823,1.843152405,1.840659478
7,1827159,1000208,1000208,982397,1001510,1.859898799,1.824404150
7,1844059,1000469,1000469,1000417,1001823,1.843290348,1.840703398
7,1844078,1000521,1000521,1000469,1001615,1.843213533,1.841104616
7,1843805,1000312,1000312,1000365,1001406,1.843132257,1.841216250
7,1835591,1000104,1000104,982866,1001302,1.867590292,1.833204168
7,1843398,1000156,1000156,1000104,1001250,1.843206307,1.841096629
7,1843864,1000365,1000365,1000364,1001511,1.843193078,1.841082125
7,1843136,1000000,1000000,999948,1001146,1.843231848,1.841026184
7,1830601,1000260,1000260,984687,1001458,1.859068922,1.827935870
7,1843582,1000209,1000209,1000208,1001458,1.843198615,1.840897971
7,1843510,1000208,1000208,1000209,1001615,1.843124787,1.840537532
7,1843860,1000365,1000365,1000364,1001459,1.843189079,1.841173728
7,1836952,1000157,1000157,991249,1001718,1.853169083,1.833801529
7,1843888,1000417,1000417,1000417,1001511,1.843119419,1.841106089
7,1843746,1000312,1000312,1000261,1001406,1.843264908,1.841157333
7,1843227,1000000,1000000,1000000,1001146,1.843227000,1.841117080
7,1825349,1000625,1000625,980520,1001927,1.861613226,1.821838318
7,1843439,1000156,1000156,1000104,1001615,1.843247302,1.840466646
7,1843318,1000053,1000053,1000000,1001198,1.843318000,1.841112347
7,1843233,1000000,1000000,1000000,1001146,1.843233000,1.841123073
7,1834935,1000469,1000469,982134,1001667,1.868314303,1.831881254
7,1843719,1000312,1000312,1000260,1001719,1.843239758,1.840555086
7,1843948,1000416,1000416,1000417,1001510,1.843179394,1.841167837
7,1843754,1000312,1000312,1000260,1001458,1.843274749,1.841069720
7,1828403,1000313,1000313,978541,1001511,1.868499123,1.825644451
7,1843501,1000208,1000208,1000156,1001615,1.843213459,1.840528546
7,1843526,1000208,1000208,1000156,1001302,1.843238455,1.841128850
7,1843232,1000052,1000052,1000052,1001198,1.843136157,1.841026450
7,1838488,1000157,1000157,995417,1001302,1.846952584,1.836097401
7,1843635,1000260,1000260,1000209,1001302,1.843249761,1.841237709
7,1844155,1000520,1000520,1000573,1001979,1.843098904,1.840512626
7,1843552,1000208,1000208,1000209,1001458,1.843166778,1.840868014
7,1828978,1000417,1000417,982865,1001875,1.860863903,1.825555084
7,1843906,1000365,1000365,1000364,1001563,1.843235062,1.841028472
7,1843225,1000000,1000000,1000000,1001146,1.843225000,1.841115082
7,1843826,1000365,1000365,1000364,1001459,1.843155092,1.841139777
7,1836729,1000365,1000365,983854,1001667,1.866871507,1.833672268
7,1843707,1000261,1000261,1000260,1001354,1.843227761,1.841213996
7,1843198,1000000,1000000,1000000,1001146,1.843198000,1.841088113
7,1843530,1000156,1000156,1000156,1001250,1.843242454,1.841228464
7,1820496,1000156,1000156,983906,1001406,1.850274315,1.817939976
7,1843560,1000209,1000209,1000208,1001667,1.843176619,1.840491900
7,1843814,1000365,1000365,1000364,1001510,1.843143096,1.841034039
7,1843763,1000313,1000313,1000312,1001407,1.843187925,1.841172470
7,1836776,1000468,1000468,995938,1001667,1.844267414,1.833719190
7,1843961,1000417,1000417,1000416,1001511,1.843194231,1.841178979
7,1843321,1000052,1000052,1000000,1001198,1.843321000,1.841115344
7,1843587,1000209,1000209,1000156,1001302,1.843299445,1.841189771
7,1828533,1000417,1000417,984166,1001823,1.857951809,1.825205650
7,1843537,1000157,1000157,1000156,1001302,1.843249453,1.841139836
7,1844097,1000469,1000469,1000469,1001563,1.843232524,1.841219174
7,1844128,1000521,1000521,1000521,1001927,1.843167710,1.840581200
7,1834504,1000625,1000625,981043,1001927,1.869952693,1.830975710
7,1843737,1000261,1000261,1000312,1001458,1.843161933,1.841052745
7,1843358,1000052,1000052,1000104,1001198,1.843166311,1.841152300
7,1843864,1000365,1000365,1000365,1001511,1.843191235,1.841082125
