cpu,cycles,enabled_ns,running_ns,thread_ns,wall_ns,cycles_per_thread_ns,cycles_per_wall_ns
7,1839225,997917,997917,995782,1001666,1.847015712,1.836165948
7,1843381,1000105,1000105,999792,1001354,1.843764503,1.840888437
7,1825748,1000364,1000364,975313,1001719,1.871961104,1.822614925
7,1843538,1000156,1000156,1000209,1001146,1.843152781,1.841427724
7,1844047,1000468,1000468,1000469,1001562,1.843182547,1.841171091
7,1843970,1000417,1000417,1000416,1001302,1.843203227,1.841572273
7,1836978,1000156,1000156,990991,1001302,1.853677783,1.834589365
7,1843691,1000312,1000312,1000260,1001146,1.843211765,1.841580549
7,1843574,1000208,1000208,1000208,1001094,1.843190616,1.841559334
7,1843104,999948,999948,999948,1000833,1.843199846,1.841569972
7,1832478,1000364,1000364,983907,1001719,1.862450415,1.829333376
7,1843511,1000156,1000156,1000104,1001250,1.843319295,1.841209488
7,1843252,1000000,1000000,1000000,1001198,1.843252000,1.841046426
7,1844041,1000468,1000468,1000469,1001562,1.843176550,1.841165100
7,1833977,1000157,1000157,977500,1001511,1.876191304,1.831210042
7,1843958,1000417,1000417,1000312,1001510,1.843382865,1.841177821
7,1843601,1000209,1000209,1000208,1001355,1.843217611,1.841106301
7,1843327,1000053,1000053,1000052,1001198,1.843231152,1.841121337
7,1825321,1000209,1000209,980260,1001667,1.862078428,1.822283254
7,1843275,1000052,1000052,1000052,1001146,1.843179155,1.841165025
7,1843830,1000364,1000364,1000365,1001510,1.843157248,1.841050014
7,1843159,999948,999948,999896,1001094,1.843350708,1.841144788
7,1837401,1000104,1000104,996823,1001354,1.843257028,1.834916523
7,1844005,1000417,1000417,1000416,1001511,1.843238213,1.841222912
7,1843834,1000365,1000365,1000313,1001407,1.843257061,1.841243371
7,1843452,1000157,1000157,1000104,1001407,1.843260301,1.840861907
7,1829084,1000417,1000417,984636,1001666,1.857624543,1.826041814
7,1843333,1000052,1000052,1000052,1001093,1.843237152,1.841320437
7,1843422,1000104,1000104,1000104,1001146,1.843230304,1.841311857
7,1869561,1018281,1018281,1001042,1019427,1.867614945,1.833933180
7,1843905,1000365,1000365,1000364,1001406,1.843234063,1.841316110
7,1842950,999844,999844,999844,1000990,1.843237545,1.841127284
7,1843466,1000156,1000156,1000157,1001250,1.843176621,1.841164544
7,1834925,1000104,1000104,986249,1001250,1.860508857,1.832634207
7,1836398,1000260,1000260,992917,1001458,1.849497994,1.833724430
7,1843144,999948,999948,999947,1000990,1.843241692,1.841321092
7,1843832,1000313,1000313,1000365,1001250,1.843159247,1.841530087
7,1836253,1000209,1000209,992239,1001145,1.850615628,1.834152895
7,1843208,1000000,1000000,999948,1000990,1.843303852,1.841385029
7,1843461,1000156,1000156,1000105,1001042,1.843267457,1.841542113
7,1843806,1000313,1000313,1000312,1001198,1.843230912,1.841599763
7,1837805,1000208,1000208,993906,1001250,1.849073252,1.835510612
7,1838169,1000365,1000365,994323,1001407,1.848663865,1.835586330
7,1843820,1000312,1000312,1000365,1001562,1.843147251,1.840944445
7,1843381,1000104,1000104,1000104,1001146,1.843189308,1.841270904
7,1826826,1002135,1002135,967813,1003229,1.887581589,1.820946165
7,1841319,999323,999323,999323,1001667,1.842566417,1.838254630
7,1843986,1000416,1000416,1000417,1001458,1.843217378,1.841301383
7,1843480,1000156,1000156,1000157,1001250,1.843190619,1.841178527
7,1832422,1000520,1000520,989166,1001666,1.852491897,1.829374262
7,1834250,1000469,1000469,991822,1001615,1.849374182,1.831292463
7,1843640,1000260,1000260,1000209,1001198,1.843254760,1.841433962
7,1843235,1000052,1000052,1000000,1000937,1.843235000,1.841509506
7,1839304,1000052,1000052,996979,1000990,1.844877375,1.837484890
7,1843338,1000105,1000105,1000052,1001093,1.843242151,1.841325431
7,1843622,1000260,1000260,1000208,1001146,1.843238606,1.841511628
7,1843963,1000416,1000416,1000417,1001458,1.843194388,1.841278416
7,1835130,1000469,1000469,993385,1001406,1.847350222,1.832553430
7,1835270,1000313,1000313,993854,1001459,1.846619322,1.832596242
7,1843474,1000156,1000156,1000105,1001198,1.843280456,1.841268161
7,1844088,1000468,1000468,1000469,1001511,1.843223528,1.841305787
7,1838466,1000729,1000729,984792,1001979,1.866857164,1.834834862
7,1843283,1000052,1000052,999948,1001302,1.843378856,1.840886166
7,1843256,1000052,1000052,1000000,1001146,1.843256000,1.841146047
7,1843687,1000260,1000260,1000261,1001458,1.843205923,1.841002818
7,1829746,1000469,1000469,982916,1001771,1.861548698,1.826511249
7,1843447,1000157,1000157,1000104,1001458,1.843255301,1.840763167
7,1843982,1000417,1000417,1000364,1001302,1.843311035,1.841584257
7,1843937,1000417,1000417,1000364,1001250,1.843266051,1.841634956
7,1838523,1000156,1000156,997136,1001146,1.843803654,1.836418464
7,1843260,1000052,1000052,1000052,1000937,1.843164155,1.841534482
7,1843738,1000260,1000260,1000313,1001146,1.843161091,1.841627495
7,1843538,1000208,1000208,1000156,1001041,1.843250453,1.841620873
7,1830950,1000365,1000365,984426,1001302,1.859916337,1.828569203
7,1843699,1000260,1000260,1000261,1001562,1.843217920,1.840823633
7,1844104,1000469,1000469,1000469,1001563,1.843239521,1.841226164
7,1843265,1000052,1000052,1000000,1001458,1.843265000,1.840581432
7,1832583,1000261,1000261,979478,1001823,1.870979236,1.829248280
7,1843217,1000000,1000000,1000000,1001146,1.843217000,1.841107091
7,1844160,1000520,1000520,1000521,1001615,1.843199693,1.841186484
7,1843832,1000365,1000365,1000312,1001458,1.843256904,1.841147607
7,1824530,1000365,1000365,980521,1001667,1.860776057,1.821493570
7,1843886,1000365,1000365,1000313,1001875,1.843309044,1.840435184
7,1843362,1000104,1000104,1000104,1001198,1.843170310,1.841156295
7,1843630,1000260,1000260,1000208,1001354,1.843246605,1.841137100
7,1835784,1000417,1000417,994271,1001614,1.846361807,1.832825819
7,1844009,1000469,1000469,1000417,1001875,1.843240369,1.840557954
7,1843775,1000312,1000312,1000313,1001459,1.843198079,1.841088851
7,1843523,1000156,1000156,1000156,1001302,1.843235455,1.841125854
7,1826662,1000417,1000417,981457,1001718,1.861173745,1.823529177
7,1844119,1000521,1000521,1000468,1001927,1.843256356,1.840572217
7,1843570,1000208,1000208,1000208,1001354,1.843186617,1.841077181
7,1843651,1000208,1000208,1000260,1001406,1.843171775,1.841062466
7,1836629,1000261,1000261,983281,1001406,1.867857713,1.834050325
7,1843312,1000052,1000052,1000104,1001198,1.843120315,1.841106355
7,1843371,1000105,1000105,1000104,1001250,1.843179309,1.841069663
7,1843271,1000052,1000052,1000000,1001146,1.843271000,1.841161029
7,1828615,1000260,1000260,979687,1001666,1.866529820,1.825573594
7,1844056,1000469,1000469,1000468,1001666,1.843193385,1.840988912
7,1843395,1000104,1000104,1000052,1001198,1.843299148,1.841189255
7,1843182,1000000,1000000,999948,1001146,1.843277850,1.841072131
7,1836855,1000573,1000573,995782,1001719,1.844635673,1.833702865
7,1844110,1000521,1000521,1000469,1001615,1.843245518,1.841136564
7,1843206,1000000,1000000,1000000,1001094,1.843206000,1.841191736
7,1843248,1000052,1000052,1000052,1001094,1.843152156,1.841233690
7,1829245,1000156,1000156,982813,1001458,1.861234029,1.826581844
7,1843263,1000000,1000000,1000000,1001146,1.843263000,1.841153039
7,1843641,1000209,1000209,1000260,1001563,1.843161778,1.840763886
7,1844161,1000521,1000521,1000521,1001927,1.843200692,1.840614137
7,1833685,1000156,1000156,982918,1001355,1.865552366,1.831203719
7,1843126,999948,999948,999948,1001614,1.843221848,1.840155988
7,1843693,1000260,1000260,1000261,1001407,1.843211922,1.841102569
7,1843775,1000312,1000312,1000313,1001459,1.843198079,1.841088851
7,1784920,1000573,1000573,948490,1002083,1.881854316,1.781209740
7,1844070,1000469,1000469,1000416,1001667,1.843303186,1.841001051
7,1843118,999948,999948,999948,1001094,1.843213847,1.841103832
7,1843816,1000365,1000365,1000312,1001458,1.843240909,1.841131630
7,1831810,1000365,1000365,991250,1001563,1.847979823,1.828951349
7,1843630,1000261,1000261,1000208,1001666,1.843246605,1.840563621
7,1843599,1000208,1000208,1000209,1001355,1.843213768,1.841104304
7,1843771,1000312,1000312,1000260,1001459,1.843291744,1.841084857
7,1827317,1000417,1000417,978750,1001875,1.866990549,1.823897193
7,1843233,1000052,1000052,1000000,1001146,1.843233000,1.841123073
7,1843687,1000261,1000261,1000260,1001406,1.843207766,1.841098416
7,1844191,1000521,1000521,1000521,1001615,1.843230677,1.841217434
7,1835470,1000261,1000261,982812,1001562,1.867569790,1.832607467
7,1844078,1000469,1000469,1000416,1001666,1.843311183,1.841010876
7,1844101,1000468,1000468,1000469,1001615,1.843236522,1.841127579
7,1843142,1000000,1000000,999948,1001406,1.843237848,1.840554181
7,1824677,1000261,1000261,981458,1001823,1.859149347,1.821356667
7,1844057,1000469,1000469,1000521,1001667,1.843096747,1.840988073
7,1844029,1000469,1000469,1000417,1001562,1.843260360,1.841153119
7,1843618,1000208,1000208,1000261,1001302,1.843136941,1.841220731
7,1837540,1000364,1000364,995625,1001511,1.845614564,1.834767666
7,1843251,1000000,1000000,1000000,1001146,1.843251000,1.841141052
7,1844069,1000469,1000469,1000416,1001614,1.843302186,1.841097469
7,1843625,1000261,1000261,1000209,1001354,1.843239763,1.841132107
7,1827481,1000520,1000520,982708,1002083,1.859637858,1.823682270
7,1843594,1000260,1000260,1000157,1001406,1.843304601,1.841005546
7,1843278,1000052,1000052,1000000,1001511,1.843278000,1.840497009
7,1843229,1000000,1000000,1000000,1001145,1.843229000,1.841120917
7,1832940,1000208,1000208,982188,1001354,1.866180405,1.830461555
7,1843386,1000104,1000104,1000104,1001198,1.843194308,1.841180266
7,1843791,1000313,1000313,1000260,1001458,1.843311739,1.841106666
7,1843664,1000261,1000261,1000208,1001354,1.843280598,1.841171054
7,1827880,1000469,1000469,981198,1001979,1.862906365,1.824269770
7,1843111,999948,999948,999948,1001146,1.843206847,1.841001213
7,1843449,1000156,1000156,1000156,1001250,1.843161467,1.841147566
7,1843643,1000260,1000260,1000209,1001406,1.843257759,1.841054477
7,1835580,1000000,1000000,996250,1001250,1.842489335,1.833288390
7,1844098,1000520,1000520,1000469,1001927,1.843233523,1.840551258
7,1843250,1000000,1000000,1000000,1001146,1.843250000,1.841140053
7,1843580,1000209,1000209,1000208,1001354,1.843196615,1.841087168
7,1785600,1000573,1000573,950417,1002083,1.878754273,1.781888327
7,1843542,1000156,1000156,1000104,1001355,1.843350292,1.841047381
7,1843733,1000313,1000313,1000260,1001406,1.843253754,1.841144351
7,1843641,1000261,1000261,1000208,1001406,1.843257602,1.841052480
7,1833339,1000572,1000572,978802,1001875,1.873043782,1.829907923
7,1843187,999948,999948,1000000,1001146,1.843187000,1.841077126
7,1844003,1000417,1000417,1000417,1001563,1.843234371,1.841125321
7,1844103,1000469,1000469,1000469,1001562,1.843238521,1.841227003
7,1830410,1000729,1000729,984636,1002031,1.858971234,1.826699972
7,1843177,1000000,1000000,999948,1001198,1.843272850,1.840971516
7,1843758,1000313,1000313,1000260,1001406,1.843278748,1.841169316
7,1843902,1000364,1000364,1000417,1001458,1.843133413,1.841217505
7,1838741,1000417,1000417,997135,1001563,1.844024129,1.835871533
7,1843600,1000208,1000208,1000209,1001354,1.843214768,1.841107141
7,1843798,1000312,1000312,1000313,1001406,1.843221072,1.841209260
7,1843227,1000000,1000000,999948,1001146,1.843322853,1.841117080
7,1827367,1000156,1000156,982291,1001458,1.860311252,1.824706578
7,1843498,1000156,1000156,1000156,1001302,1.843210459,1.841100887
7,1843565,1000208,1000208,1000208,1001302,1.843181618,1.841167800
7,1843646,1000261,1000261,1000260,1001406,1.843166777,1.841057473
7,1835785,1000365,1000365,985520,1001614,1.862757732,1.832826818
7,1843527,1000208,1000208,1000157,1001406,1.843237612,1.840938640
7,1843507,1000156,1000156,1000157,1001198,1.843217615,1.841301121
7,1843943,1000417,1000417,1000365,1001406,1.843270206,1.841354056
7,1819213,1000572,1000572,972032,1001979,1.871556698,1.815619888
7,1843746,1000312,1000312,1000260,1001407,1.843266751,1.841155494
7,1844022,1000417,1000417,1000469,1001407,1.843157559,1.841431106
7,1843526,1000156,1000156,1000209,1001145,1.843140784,1.841417577
7,1833069,1000468,1000468,987970,1001719,1.855389334,1.829923362
7,1844022,1000469,1000469,1000416,1001614,1.843255206,1.841050544
7,1843598,1000208,1000208,1000261,1001250,1.843116946,1.841296380
7,1843558,1000209,1000209,1000208,1001354,1.843174620,1.841065198
7,1831104,1000729,1000729,982709,1001979,1.863322713,1.827487402
7,1843670,1000261,1000261,1000260,1001354,1.843190770,1.841177046
7,1843369,1000053,1000053,1000104,1001146,1.843177310,1.841258917
7,1843563,1000208,1000208,1000208,1001250,1.843179619,1.841261423
7,1836641,1000312,1000312,983750,1001563,1.866979416,1.833774810
7,1844080,1000469,1000469,1000469,1001615,1.843215532,1.841106613
7,1844078,1000469,1000469,1000521,1001562,1.843117736,1.841202042
7,1843748,1000260,1000260,1000260,1001407,1.843268750,1.841157491
7,1824207,1000365,1000365,969374,1001822,1.881840239,1.820889340
7,1844011,1000416,1000416,1000417,1001771,1.843242368,1.840751030
7,1843177,999948,999948,1000000,1001146,1.843177000,1.841067137
7,1843830,1000365,1000365,1000312,1001406,1.843254904,1.841241215
7,1833809,1000365,1000365,989740,1001875,1.852818922,1.830377043
7,1844016,1000416,1000416,1000417,1001875,1.843247366,1.840564941
7,1843462,1000105,1000105,1000156,1001250,1.843174465,1.841160549
7,1843984,1000417,1000417,1000417,1001562,1.843215379,1.841108189
7,1826509,1000208,1000208,979688,1001719,1.864378251,1.823374619
7,1844031,1000416,1000416,1000469,1001615,1.843166555,1.841057692
7,1843847,1000365,1000365,1000312,1001511,1.843271899,1.841065151
7,1843638,1000209,1000209,1000208,1001354,1.843254603,1.841145090
7,1834759,1000573,1000573,981719,1001875,1.868924815,1.831325265
7,1843465,1000104,1000104,1000104,1001354,1.843273300,1.840972323
7,1843478,1000156,1000156,1000156,1001302,1.843190462,1.841080913
7,1843649,1000208,1000208,1000209,1001354,1.843263758,1.841156075
7,1829241,1000781,1000781,983281,1002187,1.860344093,1.825249180
7,1843758,1000312,1000312,1000313,1001510,1.843181084,1.840978123
7,1844066,1000468,1000468,1000469,1001563,1.843201538,1.841188223
7,1843451,1000156,1000156,1000104,1001250,1.843259301,1.841149563
7,1838054,1000469,1000469,995468,1001667,1.846421984,1.834995063
7,1844036,1000416,1000416,1000417,1001875,1.843267358,1.840584903
7,1843558,1000208,1000208,1000157,1001354,1.843268607,1.841065198
7,1844182,1000573,1000573,1000521,1001667,1.843221682,1.841112865
7,1827987,1000365,1000365,981249,1001770,1.862918586,1.824757180
7,1843562,1000208,1000208,1000157,1001354,1.843272606,1.841069192
7,1843374,1000104,1000104,1000104,1001250,1.843182309,1.841072659
7,1844060,1000468,1000468,1000469,1001563,1.843195541,1.841182232
7,1835614,1000208,1000208,981302,1001459,1.870590297,1.832939741
7,1843796,1000313,1000313,1000312,1001510,1.843220915,1.841016066
7,1843602,1000208,1000208,1000209,1001302,1.843216768,1.841204751
7,1843903,1000416,1000416,1000365,1001511,1.843230221,1.841121066
7,1829455,1000521,1000521,983488,1001980,1.860170129,1.825839837
7,1843388,1000104,1000104,1000104,1001250,1.843196308,1.841086642
7,1843679,1000260,1000260,1000261,1001406,1.843197925,1.841090427
7,1843272,1000052,1000052,1000052,1001146,1.843176155,1.841162028
7,1836068,1000208,1000208,992291,1001406,1.850332211,1.833490113
7,1843397,1000156,1000156,1000104,1001302,1.843205307,1.841000018
7,1843854,1000364,1000364,1000365,1001511,1.843181239,1.841072140
7,1844179,1000521,1000521,1000521,1001615,1.843218683,1.841205453
7,1827778,1000312,1000312,979063,1001771,1.866864543,1.824546728
7,1843208,1000000,1000000,999948,1001511,1.843303852,1.840427115
7,1844056,1000469,1000469,1000417,1001562,1.843287349,1.841180077
7,1844011,1000416,1000416,1000417,1001875,1.843242368,1.840559950
7,1833483,1000208,1000208,980157,1001667,1.870601342,1.830431670
7,1844361,1000521,1000521,1000469,1001927,1.843496400,1.840813752
7,1843489,1000156,1000156,1000157,1001302,1.843199618,1.841091898
7,1843539,1000208,1000208,1000209,1001250,1.843153781,1.841237453
7,1829060,1000625,1000625,981145,1002187,1.864209673,1.825068575
7,1843278,1000052,1000052,1000052,1001250,1.843182155,1.840976779
7,1843180,1000000,1000000,1000000,1001093,1.843180000,1.841167604
7,1843516,1000156,1000156,1000208,1001303,1.843132628,1.841117025
7,1835977,1000417,1000417,993594,1001667,1.847814097,1.832921520
7,1843170,1000000,1000000,1000000,1001407,1.843170000,1.840580304
7,1843830,1000313,1000313,1000364,1001406,1.843159090,1.841241215
7,1843919,1000416,1000416,1000417,1001510,1.843150406,1.841138880
7,1827155,1000260,1000260,981408,1001823,1.861769009,1.823830158
7,1843632,1000260,1000260,1000260,1001406,1.843152780,1.841043493
7,1843280,1000052,1000052,1000052,1001198,1.843184154,1.841074393
7,1843962,1000417,1000417,1000364,1001511,1.843291042,1.841179977
7,1834912,1000573,1000573,982812,1001823,1.867002031,1.831573042
7,1843149,1000000,1000000,999948,1001146,1.843244849,1.841039169
7,1843490,1000156,1000156,1000156,1001250,1.843202460,1.841188514
7,1843548,1000156,1000156,1000156,1001615,1.843260451,1.840575471
7,1827847,1000364,1000364,980886,1001875,1.863465275,1.824426201
7,1843941,1000417,1000417,1000416,1001615,1.843174240,1.840967837
7,1843868,1000365,1000365,1000313,1001510,1.843291050,1.841087957
7,1843181,1000000,1000000,1000000,1001146,1.843181000,1.841071132
7,1837327,1000313,1000313,995728,1001510,1.845209736,1.834556819
7,1843499,1000156,1000156,1000105,1001302,1.843305453,1.841101885
7,1843672,1000260,1000260,1000209,1001354,1.843286753,1.841179044
7,1843445,1000156,1000156,1000157,1001198,1.843155625,1.841239195
7,1826991,1000468,1000468,980780,1001927,1.862793899,1.823477160
7,1843419,1000156,1000156,1000104,1001563,1.843227304,1.840542232
7,1843268,1000053,1000053,1000000,1001198,1.843268000,1.841062407
7,1843503,1000157,1000157,1000156,1001302,1.843215458,1.841105880
7,1834835,1000209,1000209,983020,1001511,1.866528657,1.832066747
7,1843137,1000000,1000000,999948,1001146,1.843232848,1.841027183
7,1843702,1000260,1000260,1000312,1001406,1.843126944,1.841113395
7,1843390,1000104,1000104,1000104,1001198,1.843198307,1.841184261
7,1801620,1000260,1000260,961824,1001719,1.873128556,1.798528330
7,1843738,1000313,1000313,1000312,1001354,1.843162933,1.841244954
7,1843278,1000052,1000052,1000052,1001146,1.843182155,1.841168021
7,1844165,1000521,1000521,1000468,1001823,1.843302335,1.840809205
7,1835453,1000521,1000521,992084,1002083,1.850098379,1.831637699
7,1843328,1000052,1000052,1000104,1001145,1.843136314,1.841219803
7,1843974,1000417,1000417,1000365,1001511,1.843301195,1.841191959
7,1843361,1000104,1000104,1000104,1001198,1.843169310,1.841155296
7,1828151,1000365,1000365,980781,1001875,1.863974730,1.824729632
7,1843815,1000312,1000312,1000261,1001458,1.843333890,1.841130632
7,1843315,1000052,1000052,1000053,1001198,1.843217309,1.841109351
7,1843522,1000156,1000156,1000157,1001302,1.843232612,1.841124855
7,1836056,1000625,1000625,983074,1001927,1.867668151,1.832524725
7,1843091,999896,999896,999948,1001094,1.843186846,1.841076862
7,1843285,1000052,1000052,1000105,1001458,1.843091475,1.840601403
7,1843168,1000000,1000000,1000000,1001146,1.843168000,1.841058147
7,1830099,1000208,1000208,981563,1001667,1.864474313,1.827053302
7,1843803,1000313,1000313,1000312,1001511,1.843227913,1.841021217
7,1843885,1000365,1000365,1000365,1001510,1.843212228,1.841104932
7,1843265,1000052,1000052,1000052,1001198,1.843169155,1.841059411
7,1839017,1000521,1000521,995833,1001718,1.846712250,1.835862987
7,1844176,1000521,1000521,1000521,1001614,1.843215685,1.841204296
7,1844083,1000469,1000469,1000469,1001563,1.843218531,1.841205196
7,1843612,1000209,1000209,1000208,1001355,1.843228608,1.841117286
7,1829727,1000573,1000573,985886,1002032,1.855921476,1.826016534
7,1843147,1000000,1000000,999948,1001093,1.843242849,1.841134640
7,1844018,1000469,1000469,1000469,1001563,1.843153561,1.841140298
7,1843871,1000364,1000364,1000313,1001458,1.843294049,1.841186550
7,1835616,1000729,1000729,982500,1001979,1.868311450,1.831990491
7,1843328,1000104,1000104,1000052,1001250,1.843232152,1.841026717
7,1843404,1000105,1000105,1000104,1001250,1.843212306,1.841102622
7,1843671,1000261,1000261,1000260,1001407,1.843191770,1.841080600
7,1831335,1000313,1000313,982084,1001823,1.864743749,1.828002551
7,1843073,999896,999896,999895,1001146,1.843266543,1.840963256
7,1843291,1000052,1000052,1000052,1001510,1.843195154,1.840511827
7,1843867,1000364,1000364,1000313,1001510,1.843290050,1.841086959
7,1835805,1000208,1000208,996615,1001667,1.842040306,1.832749806
7,1843323,1000052,1000052,1000052,1001146,1.843227152,1.841212970
7,1843872,1000365,1000365,1000364,1001511,1.843201075,1.841090113
7,1843939,1000365,1000365,1000416,1001562,1.843172240,1.841063259
7,1828738,1000573,1000573,980208,1001979,1.865663206,1.825126075
7,1843810,1000365,1000365,1000312,1001875,1.843234911,1.840359326
7,1843192,1000000,1000000,1000000,1001093,1.843192000,1.841179591
7,1843800,1000313,1000313,1000313,1001407,1.843223071,1.841209418
7,1835508,1000729,1000729,980209,1002187,1.872567993,1.831502504
7,1844134,1000521,1000521,1000521,1001615,1.843173706,1.841160526
7,1843855,1000364,1000364,1000365,1001458,1.843182238,1.841170573
7,1843373,1000104,1000104,1000053,1001198,1.843275306,1.841167282
7,1828507,1000677,1000677,982136,1002187,1.861765580,1.824516782
7,1843065,999948,999948,999895,1001146,1.843258542,1.840955265
7,1843830,1000260,1000260,1000313,1001406,1.843253062,1.841241215
7,1843187,999948,999948,1000000,1001146,1.843187000,1.841077126
7,1836666,1000364,1000364,995209,1001614,1.845507828,1.833706398
7,1843324,1000052,1000052,1000052,1001146,1.843228152,1.841213969
7,1843885,1000365,1000365,1000416,1001510,1.843118263,1.841104932
7,1844015,1000416,1000416,1000469,1001823,1.843150562,1.840659478
7,1828090,1000782,1000782,982396,1002344,1.860848375,1.823814978
7,1843676,1000260,1000260,1000313,1001459,1.843099110,1.840989996
7,1843927,1000416,1000416,1000365,1001823,1.843254212,1.840571638
7,1843626,1000208,1000208,1000208,1001355,1.843242606,1.841131267
7,1835907,1000364,1000364,984532,1001614,1.864750968,1.832948621
7,1843384,1000104,1000104,1000105,1001510,1.843190465,1.840604687
7,1843739,1000261,1000261,1000312,1001458,1.843163933,1.841054742
7,1843358,1000052,1000052,1000104,1001250,1.843166311,1.841056679
7,1827758,1000261,1000261,980937,1001771,1.863277662,1.824526763
7,1843541,1000209,1000209,1000156,1001667,1.843253452,1.840472932
7,1843507,1000156,1000156,1000208,1001250,1.843123630,1.841205493
7,1843735,1000260,1000260,1000261,1001406,1.843253911,1.841146348
7,1834653,1000104,1000104,996510,1001614,1.841078363,1.831696642
7,1843207,1000000,1000000,1000000,1001146,1.843207000,1.841097103
7,1843953,1000416,1000416,1000417,1001562,1.843184392,1.841077237
7,1843339,1000052,1000052,1000052,1001146,1.843243151,1.841228952
7,1828857,1000469,1000469,979063,1001979,1.867966617,1.825244840
7,1844027,1000468,1000468,1000417,1001667,1.843258361,1.840958123
7,1843361,1000104,1000104,1000052,1001250,1.843265150,1.841059675
7,1843485,1000156,1000156,1000104,1001562,1.843293297,1.840609967
7,1836111,1000729,1000729,983073,1001927,1.867725998,1.832579619
7,1843405,1000104,1000104,1000104,1001303,1.843213306,1.841006169
7,1843666,1000260,1000260,1000209,1001355,1.843280754,1.841171213
7,1843617,1000208,1000208,1000209,1001354,1.843231765,1.841124118
7,1830181,1000781,1000781,982449,1002239,1.862876343,1.826092379
7,1843325,1000052,1000052,1000052,1001562,1.843229152,1.840450217
7,1843588,1000209,1000209,1000156,1001302,1.843300445,1.841190770
7,1843970,1000417,1000417,1000365,1001511,1.843297197,1.841187965
7,1835691,1000520,1000520,990261,1002032,1.853744619,1.831968440
7,1843794,1000313,1000313,1000312,1001771,1.843218916,1.840534414
7,1844122,1000468,1000468,1000469,1001562,1.843257512,1.841245974
7,1843502,1000156,1000156,1000156,1001302,1.843214459,1.841104881
7,1828938,1000313,1000313,982292,1001823,1.861908679,1.825609913
7,1843171,999948,999948,999896,1001146,1.843362710,1.841061144
7,1844109,1000521,1000521,1000521,1001615,1.843148720,1.841135566
7,1859906,1012500,1012500,997864,1013645,1.863887263,1.834869210
7,1843650,1000260,1000260,1000260,1001719,1.843170776,1.840486204
7,1843819,1000312,1000312,1000365,1001511,1.843146252,1.841037193
7,1843135,999948,999948,1000000,1001146,1.843135000,1.841025185
7,1837033,1000573,1000573,991927,1001770,1.851984067,1.833787197
7,1836675,1000156,1000156,991927,1001614,1.851623154,1.833715383
7,1843882,1000365,1000365,1000365,1001459,1.843209229,1.841195695
7,1843258,1000052,1000052,1000000,1001145,1.843258000,1.841149883
7,1834340,1000156,1000156,993750,1001407,1.845876730,1.831762710
7,1844028,1000417,1000417,1000417,1001875,1.843259361,1.840576918
7,1843097,999948,999948,999896,1001094,1.843288702,1.841082855
7,1843815,1000313,1000313,1000312,1001458,1.843239909,1.841130632
7,1835696,1000417,1000417,990990,1001615,1.852385998,1.832736131
7,1836087,1000052,1000052,991616,1001510,1.851610906,1.833318689
7,1843852,1000313,1000313,1000313,1001511,1.843275055,1.841070143
7,1843169,999948,999948,999948,1001407,1.843264850,1.840579305
7,1834785,1000208,1000208,983073,1001458,1.866377166,1.832113778
7,1844022,1000417,1000417,1000469,1001667,1.843157559,1.840953131
7,1843914,1000365,1000365,1000364,1001510,1.843243060,1.841133888
7,1843943,1000417,1000417,1000417,1001511,1.843174396,1.841161006
7,1836813,1000520,1000520,991823,1001719,1.851956448,1.833660937
7,1837065,1000416,1000416,992917,1001875,1.850169752,1.833626949
7,1843241,1000000,1000000,1000000,1001094,1.843241000,1.841226698
7,1843654,1000208,1000208,1000208,1001354,1.843270600,1.841161068
7,1837245,1000468,1000468,995834,1001719,1.844930982,1.834092196
7,1843363,1000052,1000052,1000052,1001459,1.843267150,1.840677452
7,1843931,1000364,1000364,1000417,1001562,1.843162401,1.841055272
7,1843423,1000156,1000156,1000104,1001250,1.843231304,1.841121598
7,1833428,1000469,1000469,985780,1001719,1.859875429,1.830281746
7,1807193,1000469,1000469,973489,1001927,1.856408239,1.803717237
7,1843470,1000156,1000156,1000156,1001250,1.843182464,1.841168539
7,1844082,1000469,1000469,1000468,1001614,1.843219373,1.841110448
7,1835004,1000520,1000520,980365,1001875,1.871755928,1.831569807
7,1843521,1000156,1000156,1000209,1001250,1.843135785,1.841219476
7,1843278,1000052,1000052,1000000,1001146,1.843278000,1.841168021
7,1843390,1000053,1000053,1000052,1001354,1.843294149,1.840897425
7,1828817,1000365,1000365,982135,1001563,1.862083115,1.825963020
7,1843468,1000157,1000157,1000104,1001615,1.843276299,1.840495600
7,1843447,1000156,1000156,1000156,1001302,1.843159467,1.841049953
7,1843683,1000260,1000260,1000208,1001406,1.843299594,1.841094421
7,1836868,1000208,1000208,996771,1001458,1.842818461,1.834193746
7,1843481,1000157,1000157,1000156,1001511,1.843193462,1.840699703
7,1843476,1000156,1000156,1000157,1001250,1.843186620,1.841174532
7,1843562,1000208,1000208,1000209,1001355,1.843176776,1.841067354
7,1826529,1000521,1000521,980885,1001719,1.862123491,1.823394585
7,1843631,1000208,1000208,1000208,1001562,1.843247604,1.840755740
7,1843253,1000052,1000052,1000000,1001407,1.843253000,1.840663187
7,1844007,1000469,1000469,1000468,1001562,1.843144408,1.841131153
7,1836598,1000313,1000313,983227,1001562,1.867928769,1.833733708
7,1843424,1000052,1000052,1000053,1001145,1.843326304,1.841315694
7,1844038,1000468,1000468,1000469,1001615,1.843173552,1.841064681
7,1843622,1000208,1000208,1000208,1001302,1.843238606,1.841224725
7,1828530,1000469,1000469,984636,1001718,1.857061899,1.825393973
7,1843112,999948,999948,1000000,1001458,1.843112000,1.840428655
7,1843930,1000416,1000416,1000417,1001563,1.843161402,1.841052435
7,1843148,999948,999948,999895,1001094,1.843341551,1.841133800
7,1837163,1000572,1000572,995989,1001771,1.844561536,1.833915136
7,1843313,1000052,1000052,1000052,1001146,1.843217153,1.841202981
7,1843535,1000157,1000157,1000208,1001302,1.843151624,1.841137839
7,1843564,1000209,1000209,1000156,1001354,1.843276449,1.841071190
7,1828440,1000625,1000625,985157,1001823,1.855988436,1.825112819
7,1843773,1000312,1000312,1000313,1001771,1.843196080,1.840513451
7,1843921,1000364,1000364,1000365,1001511,1.843248214,1.841139039
7,1843548,1000208,1000208,1000156,1001355,1.843260451,1.841053373
7,1834687,1000312,1000312,983022,1001563,1.866374303,1.831823859
7,1843495,1000209,1000209,1000208,1001302,1.843111633,1.841097891
7,1843587,1000209,1000209,1000208,1001354,1.843203614,1.841094159
7,1843685,1000261,1000261,1000260,1001719,1.843205767,1.840521144
7,1785984,1000364,1000364,950000,1001770,1.879983158,1.782828394
7,1843319,1000052,1000052,1000052,1001562,1.843223152,1.840444226
7,1844061,1000468,1000468,1000469,1001615,1.843196541,1.841087643
7,1843943,1000417,1000417,1000416,1001562,1.843176239,1.841067253
7,1834705,1000521,1000521,991042,1001823,1.851288845,1.831366419
7,1843491,1000157,1000157,1000156,1001614,1.843203460,1.840520400
7,1843719,1000260,1000260,1000260,1001407,1.843239758,1.841128532
7,1843939,1000417,1000417,1000416,1001562,1.843172240,1.841063259
7,1793350,1000105,1000105,965729,1001302,1.856990936,1.791018094
7,1844072,1000468,1000468,1000417,1001875,1.843303343,1.840620836
7,1844094,1000468,1000468,1000469,1001563,1.843229525,1.841216179
7,1843632,1000208,1000208,1000208,1001355,1.843248604,1.841137259
7,1834041,1000365,1000365,977136,1001562,1.876955715,1.831180696
7,1844163,1000521,1000521,1000520,1001666,1.843204534,1.841095735
7,1844056,1000468,1000468,1000417,1001563,1.843287349,1.841178238
7,1843604,1000208,1000208,1000208,1001354,1.843220610,1.841111136
7,1777670,1000104,1000104,945208,1001354,1.880718318,1.775266289
7,1842906,999896,999896,999792,1001094,1.843289404,1.840892064
7,1843868,1000364,1000364,1000313,1001250,1.843291050,1.841566042
7,1843748,1000313,1000313,1000312,1001198,1.843172930,1.841541833
7,1838215,1000156,1000156,997552,1001094,1.842725993,1.836206190
7,1843860,1000364,1000364,1000365,1001354,1.843187237,1.841366789
7,1843816,1000364,1000364,1000313,1001198,1.843239066,1.841609752
7,1843883,1000365,1000365,1000365,1001198,1.843210228,1.841676671
7,1831464,1000469,1000469,987240,1001719,1.855135529,1.828321116
7,1843391,1000104,1000104,1000104,1001302,1.843199307,1.840994026
7,1843564,1000208,1000208,1000209,1001354,1.843178776,1.841071190
7,1843470,1000156,1000156,1000104,1001302,1.843278299,1.841072923
7,1835758,1000312,1000312,981875,1001406,1.869645321,1.833180548
7,1844136,1000521,1000521,1000521,1001718,1.843175705,1.840973208
7,1843901,1000365,1000365,1000365,1001458,1.843228222,1.841216506
7,1844051,1000468,1000468,1000417,1001511,1.843282351,1.841268843
7,1829360,1000156,1000156,983335,1001615,1.860362949,1.826410347
7,1843694,1000260,1000260,1000261,1001354,1.843212921,1.841201014
7,1843885,1000416,1000416,1000365,1001406,1.843212228,1.841296138
7,1843474,1000156,1000156,1000156,1001146,1.843186463,1.841363797
7,1836119,1000573,1000573,997396,1001823,1.840912737,1.832777846
7,1843377,1000052,1000052,1000104,1001146,1.843185309,1.841266908
7,1844070,1000469,1000469,1000469,1001511,1.843205537,1.841287814
7,1843737,1000313,1000313,1000260,1001354,1.843257753,1.841243956
7,1824205,1000312,1000312,978334,1001667,1.864603499,1.821169111
7,1843305,1000052,1000052,1000052,1001146,1.843209153,1.841194991
7,1843331,1000104,1000104,1000052,1001250,1.843235152,1.841029713
7,1843490,1000156,1000156,1000156,1001198,1.843202460,1.841284142
7,1832875,1000417,1000417,976667,1001927,1.876663182,1.829349843
7,1843073,999948,999948,999948,1001198,1.843168845,1.840867641
7,1844184,1000520,1000520,1000521,1001615,1.843223680,1.841210445
7,1843287,1000052,1000052,1000052,1001197,1.843191154,1.841083223
7,1826070,1000156,1000156,979323,1001302,1.864624848,1.823695548
7,1843234,1000000,1000000,1000000,1001459,1.843234000,1.840548640
7,1843525,1000157,1000157,1000156,1001302,1.843237455,1.841127852
7,1844144,1000521,1000521,1000521,1001666,1.843183701,1.841076766
7,1834330,1000573,1000573,993698,1001771,1.845963260,1.831087145
7,1843949,1000416,1000416,1000417,1001510,1.843180394,1.841168835
7,1843413,1000104,1000104,1000105,1001250,1.843219462,1.841111610
7,1843240,1000052,1000052,1000052,1001198,1.843144157,1.841034441
7,1827751,1000261,1000261,983281,1001771,1.858828758,1.824519775
7,1843192,1000000,1000000,999948,1001146,1.843287851,1.841082120
7,1843959,1000417,1000417,1000417,1001562,1.843190390,1.841083228
7,1843393,1000104,1000104,1000104,1001250,1.843201307,1.841091635
7,1834412,1000469,1000469,982655,1001719,1.866791499,1.831264057
7,1843782,1000312,1000312,1000313,1001459,1.843205077,1.841095841
7,1844107,1000521,1000521,1000520,1001928,1.843148563,1.840558403
7,1843974,1000417,1000417,1000416,1001823,1.843207226,1.840618552
7,1830525,1000521,1000521,981771,1002032,1.864513211,1.826812916
7,1843139,999948,999948,999948,1001146,1.843234848,1.841029181
7,1843856,1000365,1000365,1000365,1001510,1.843183238,1.841075975
7,1844072,1000469,1000469,1000469,1001563,1.843207536,1.841194213
7,1837341,1000521,1000521,996927,1002031,1.843004553,1.833616924
7,1843294,1000052,1000052,1000052,1001198,1.843198154,1.841088376
7,1843706,1000261,1000261,1000260,1001406,1.843226761,1.841117389
7,1843245,1000000,1000000,1000000,1001145,1.843245000,1.841136898
7,1831348,1000573,1000573,982395,1001719,1.864166654,1.828205315
7,1843487,1000156,1000156,1000104,1001615,1.843295297,1.840514569
7,1843506,1000157,1000157,1000208,1001302,1.843122630,1.841108876
7,1843733,1000313,1000313,1000260,1001406,1.843253754,1.841144351
7,1835742,1000677,1000677,982656,1001875,1.868143073,1.832306425
7,1843196,1000000,1000000,999948,1001198,1.843291851,1.840990493
7,1843556,1000209,1000209,1000208,1001302,1.843172620,1.841158811
7,1844095,1000469,1000469,1000469,1001614,1.843230525,1.841123427
7,1794844,1000364,1000364,956822,1001927,1.875838975,1.791391988
7,1843510,1000156,1000156,1000156,1001303,1.843222457,1.841111032
7,1843496,1000156,1000156,1000156,1001303,1.843208459,1.841097051
7,1843760,1000313,1000313,1000312,1001771,1.843184926,1.840500474
7,1836546,1000312,1000312,990782,1001875,1.853632787,1.833108921
7,1843863,1000365,1000365,1000312,1001511,1.843287894,1.841081126
7,1843509,1000156,1000156,1000156,1001302,1.843221457,1.841111872
7,1843794,1000312,1000312,1000313,1001458,1.843217073,1.841109662
7,1827081,1000521,1000521,979688,1002083,1.864962110,1.823283101
7,1843154,999948,999948,999948,1001198,1.843249849,1.840948544
7,1844191,1000521,1000521,1000573,1001614,1.843134884,1.841219272
7,1843433,1000104,1000104,1000105,1001250,1.843239460,1.841131586
7,1837670,1000625,1000625,982396,1001927,1.870600043,1.834135621
7,1843396,1000104,1000104,1000104,1001511,1.843204307,1.840614831
7,1843906,1000365,1000365,1000365,1001458,1.843233220,1.841221499
7,1843406,1000156,1000156,1000104,1001250,1.843214306,1.841104619
7,1827462,1000313,1000313,982136,1001823,1.860701573,1.824136599
7,1843267,1000052,1000052,1000000,1001250,1.843267000,1.840965793
7,1843218,1000000,1000000,1000000,1001146,1.843218000,1.841108090
7,1843714,1000312,1000312,1000261,1001406,1.843232916,1.841125378
7,1834414,1000521,1000521,996979,1001823,1.839972557,1.831075949
7,1843675,1000260,1000260,1000209,1001354,1.843289752,1.841182040
7,1843144,999948,999948,999947,1001094,1.843241692,1.841129804
7,1843280,1000052,1000052,1000000,1001510,1.843280000,1.840500844
7,1829186,1000469,1000469,982551,1001927,1.861670285,1.825667938
7,1843573,1000208,1000208,1000208,1001354,1.843189617,1.841080177
7,1843909,1000417,1000417,1000364,1001511,1.843238061,1.841127057
7,1844119,1000521,1000521,1000469,1001562,1.843254514,1.841242978
7,1835104,1000260,1000260,983282,1001510,1.866304885,1.832337171
7,1844058,1000469,1000469,1000469,1001615,1.843193542,1.841084648
7,1843674,1000260,1000260,1000209,1001406,1.843288753,1.841085434
7,1843671,1000260,1000260,1000261,1001406,1.843189927,1.841082438
7,1829431,1000521,1000521,981980,1001979,1.863002301,1.825817707
7,1843311,1000052,1000052,1000052,1001562,1.843215153,1.840436239
7,1843639,1000260,1000260,1000208,1001302,1.843255603,1.841241703
7,1843548,1000208,1000208,1000208,1001302,1.843164622,1.841150822
7,1837077,1000469,1000469,995989,1001667,1.844475190,1.834019689
7,1843247,1000052,1000052,1000052,1001146,1.843151156,1.841137057
7,1843936,1000417,1000417,1000417,1001510,1.843167399,1.841155855
7,1843994,1000416,1000416,1000417,1001510,1.843225375,1.841213767
7,1804102,1000312,1000312,964582,1001875,1.870345911,1.800725639
7,1843260,1000000,1000000,999948,1001197,1.843355855,1.841056256
7,1843966,1000417,1000417,1000417,1001563,1.843197387,1.841088379
7,1843864,1000364,1000364,1000365,1001458,1.843191235,1.841179560
7,1833199,1000156,1000156,977916,1001667,1.874597614,1.830148143
7,1843701,1000312,1000312,1000261,1001354,1.843219920,1.841208004
7,1843666,1000260,1000260,1000208,1001354,1.843282597,1.841173052
7,1843430,1000104,1000104,1000156,1001250,1.843142470,1.841128589
7,1830401,1000521,1000521,982656,1002083,1.862707804,1.826596200
7,1844044,1000469,1000469,1000469,1001667,1.843179549,1.840975095
7,1843631,1000260,1000260,1000209,1001354,1.843245762,1.841138099
7,1843284,1000052,1000052,1000104,1001198,1.843092318,1.841078388
7,1837034,1000312,1000312,996563,1001458,1.843369662,1.834359504
7,1843925,1000365,1000365,1000416,1001510,1.843158246,1.841144871
7,1843447,1000156,1000156,1000104,1001563,1.843255301,1.840570189
7,1843672,1000260,1000260,1000209,1001354,1.843286753,1.841179044
7,1826081,1000156,1000156,982605,1001719,1.858408007,1.822947353
7,1843197,1000000,1000000,1000000,1001094,1.843197000,1.841182746
7,1844086,1000521,1000521,1000469,1001614,1.843221529,1.841114441
7,1844158,1000521,1000521,1000468,1001615,1.843295338,1.841184487
7,1835554,1000364,1000364,983907,1001614,1.865576726,1.832596190
7,1843377,1000105,1000105,1000104,1001302,1.843185309,1.840980044
7,1843811,1000365,1000365,1000365,1001459,1.843138255,1.841124799
7,1843856,1000364,1000364,1000365,1001510,1.843183238,1.841075975
7,1830444,1000052,1000052,984844,1001562,1.858613141,1.827589306
7,1843456,1000156,1000156,1000104,1001250,1.843264301,1.841154557
7,1843981,1000416,1000416,1000417,1001510,1.843212380,1.841200787
7,1844022,1000417,1000417,1000416,1001562,1.843255206,1.841146130
7,1838592,1000105,1000105,995781,1001355,1.846381885,1.836104079
7,1843827,1000312,1000312,1000313,1001458,1.843250063,1.841142614
7,1843157,999948,999948,999948,1001094,1.843252849,1.841142790
7,1844109,1000468,1000468,1000469,1001614,1.843244518,1.841137404
7,1829764,1000365,1000365,983802,1001927,1.859890506,1.826244826
7,1843156,999948,999948,999948,1001094,1.843251849,1.841141791
7,1843853,1000313,1000313,1000312,1001771,1.843277897,1.840593309
7,1843603,1000208,1000208,1000208,1001406,1.843219610,1.841014534
7,1833378,1000104,1000104,982656,1001354,1.865737349,1.830898963
7,1843960,1000417,1000417,1000417,1001563,1.843191389,1.841082388
7,1843566,1000208,1000208,1000209,1001302,1.843180775,1.841168798
7,1843405,1000104,1000104,1000104,1001198,1.843213306,1.841199243
7,1828440,1000468,1000468,978541,1001979,1.868536934,1.824828664
7,1843358,1000052,1000052,1000052,1001615,1.843262150,1.840385777
7,1843849,1000364,1000364,1000313,1001458,1.843272056,1.841164582
7,1843887,1000364,1000364,1000365,1001458,1.843214227,1.841202527
7,1808400,988438,988438,938854,1001823,1.926178085,1.805109286
7,1843848,1000365,1000365,1000365,1001718,1.843175241,1.840685702
7,1843742,1000261,1000261,1000260,1001407,1.843262752,1.841151500
7,1843959,1000417,1000417,1000417,1001563,1.843190390,1.841081390
7,1828187,1000000,1000000,981353,1002708,1.862924962,1.823249640
7,1843535,1000156,1000156,1000208,1001042,1.843151624,1.841616036
7,1843433,1000156,1000156,1000104,1001042,1.843241303,1.841514142
7,1843886,1000365,1000365,1000364,1001250,1.843215070,1.841584020
7,1837704,1000364,1000364,987500,1001354,1.860966076,1.835219113
7,1843263,1000052,1000052,1000000,1000885,1.843263000,1.841633155
7,1843992,1000416,1000416,1000417,1001302,1.843223376,1.841594244
7,1843776,1000313,1000313,1000313,1001354,1.843199079,1.841282903
7,1832290,1000729,1000729,987708,1002031,1.855092801,1.828576162
7,1843253,1000000,1000000,999948,1001198,1.843348854,1.841047425
7,1843458,1000156,1000156,1000156,1001250,1.843170465,1.841156554
7,1843634,1000260,1000260,1000261,1001354,1.843152937,1.841141095
7,1835147,1000208,1000208,995625,1001406,1.843211048,1.832570406
7,1843161,1000000,1000000,999948,1001094,1.843256849,1.841146785
7,1843474,1000156,1000156,1000105,1001250,1.843280456,1.841172534
7,1843870,1000364,1000364,1000365,1001458,1.843197233,1.841185551
7,1827202,1000156,1000156,983593,1001615,1.857680972,1.824255827
7,1843832,1000364,1000364,1000365,1001718,1.843159247,1.840669729
7,1843864,1000365,1000365,1000313,1001511,1.843287051,1.841082125
7,1843443,1000104,1000104,1000105,1001250,1.843249459,1.841141573
7,1834676,1000312,1000312,982917,1001562,1.866562487,1.831814705
7,1843766,1000313,1000313,1000260,1001511,1.843286745,1.840984273
7,1843683,1000260,1000260,1000261,1001406,1.843201924,1.841094421
7,1843813,1000364,1000364,1000313,1001458,1.843236067,1.841128634
7,1827882,1000156,1000156,984219,1001666,1.857190320,1.824841814
7,1843373,1000104,1000104,1000105,1001250,1.843179466,1.841071660
7,1843339,1000052,1000052,1000053,1001198,1.843241308,1.841133322
7,1843386,1000104,1000104,1000105,1001562,1.843192465,1.840511122
7,1835949,1000156,1000156,994167,1001615,1.846720923,1.832988723
7,1843719,1000312,1000312,1000313,1001406,1.843142097,1.841130371
7,1843292,1000052,1000052,1000052,1001198,1.843196154,1.841086379
7,1843733,1000312,1000312,1000313,1001458,1.843156092,1.841048751
7,1810264,1000521,1000521,965417,1002135,1.875110962,1.806407320
7,1843854,1000364,1000364,1000313,1001511,1.843277054,1.841072140
7,1843201,1000000,1000000,999948,1001094,1.843296851,1.841186742
7,1844100,1000468,1000468,1000521,1001666,1.843139724,1.841032839
7,1835293,1000677,1000677,973177,1001927,1.885877903,1.831763192
7,1843295,1000104,1000104,1000052,1001250,1.843199154,1.840993758
7,1843405,1000156,1000156,1000105,1001198,1.843211463,1.841199243
7,1843723,1000260,1000260,1000261,1001458,1.843241914,1.841038765
7,1829633,1000573,1000573,982499,1001823,1.862223778,1.826303648
7,1843966,1000417,1000417,1000364,1001510,1.843295041,1.841185809
7,1843590,1000261,1000261,1000208,1001354,1.843206613,1.841097154
7,1843745,1000313,1000313,1000312,1001406,1.843169931,1.841156334
7,1836888,1000313,1000313,992552,1001511,1.850671804,1.834116650
7,1843391,1000156,1000156,1000104,1001302,1.843199307,1.840994026
7,1843572,1000208,1000208,1000208,1001302,1.843188617,1.841174790
7,1843715,1000261,1000261,1000260,1001406,1.843235759,1.841126376
7,1825146,1000313,1000313,984791,1001510,1.853333347,1.822394185
7,1843257,1000052,1000052,1000053,1001250,1.843159313,1.840955805
7,1843899,1000364,1000364,1000365,1001511,1.843226222,1.841117072
7,1843178,1000000,1000000,1000000,1001093,1.843178000,1.841165606
7,1836018,1000520,1000520,983334,1001823,1.867135683,1.832677030
7,1843547,1000208,1000208,1000209,1001303,1.843161779,1.841147984
7,1843404,1000156,1000156,1000104,1001302,1.843212306,1.841007009
7,1843912,1000416,1000416,1000365,1001511,1.843239218,1.841130052
7,1830439,1000573,1000573,984167,1001823,1.859886584,1.827108182
7,1843307,1000052,1000052,1000052,1001198,1.843211153,1.841101361
7,1843679,1000260,1000260,1000260,1001406,1.843199768,1.841090427
7,1843382,1000104,1000104,1000104,1001250,1.843190308,1.841080649
7,1835940,1000052,1000052,996458,1001510,1.842466015,1.833171910
7,1843276,1000000,1000000,1000000,1001146,1.843276000,1.841166024
7,1843433,1000104,1000104,1000104,1001250,1.843241303,1.841131586
7,1844082,1000521,1000521,1000468,1001614,1.843219373,1.841110448
7,1826825,1000105,1000105,980468,1001563,1.863217362,1.823974128
7,1843972,1000417,1000417,1000417,1001511,1.843203384,1.841189962
7,1843307,1000052,1000052,1000053,1001198,1.843209310,1.841101361
7,1843300,1000052,1000052,1000052,1001145,1.843204153,1.841191835
7,1835650,1000313,1000313,983594,1001823,1.866267993,1.832309699
7,1844022,1000469,1000469,1000416,1001562,1.843255206,1.841146130
7,1843687,1000260,1000260,1000261,1001407,1.843205923,1.841096577
7,1843808,1000312,1000312,1000313,1001406,1.843231069,1.841219246
7,1827029,1000208,1000208,979114,1001667,1.866002325,1.823988411
7,1843249,1000000,1000000,1000052,1001562,1.843153156,1.840374335
7,1843465,1000156,1000156,1000104,1001250,1.843273300,1.841163546
7,1843681,1000260,1000260,1000261,1001355,1.843199925,1.841186193
7,1836929,1000416,1000416,990261,1001822,1.854994794,1.833588202
7,1843883,1000364,1000364,1000365,1001458,1.843210228,1.841198533
7,1843699,1000261,1000261,1000260,1001406,1.843219763,1.841110399
7,1843922,1000365,1000365,1000416,1001510,1.843155247,1.841141876
7,1796774,1000156,1000156,960574,1001459,1.870521168,1.794156326
7,1843881,1000417,1000417,1000365,1001875,1.843208229,1.840430193
7,1843520,1000209,1000209,1000208,1001302,1.843136628,1.841122858
7,1843393,1000104,1000104,1000052,1001250,1.843297149,1.841091635
7,1837135,1000677,1000677,984271,1001927,1.866493069,1.833601650
7,1843450,1000104,1000104,1000104,1001302,1.843258301,1.841052949
7,1843243,1000000,1000000,999948,1001458,1.843338854,1.840559464
7,1843474,1000156,1000156,1000157,1001250,1.843184620,1.841172534
7,1827806,1000260,1000260,983594,1001771,1.858293158,1.824574678
7,1843757,1000312,1000312,1000208,1001510,1.843373578,1.840977125
7,1843991,1000417,1000417,1000416,1001562,1.843224219,1.841115178
7,1843303,1000052,1000052,1000052,1001511,1.843207153,1.840521971
7,1837729,1000469,1000469,997083,1001770,1.843105338,1.834481967
7,1843652,1000260,1000260,1000209,1001354,1.843266757,1.841159071
7,1843743,1000312,1000312,1000261,1001406,1.843261909,1.841154337
7,1843467,1000156,1000156,1000156,1001250,1.843179464,1.841165543
7,1829326,1000521,1000521,982552,1001979,1.861810876,1.825712914
7,1843695,1000261,1000261,1000208,1001406,1.843311591,1.841106404
7,1843697,1000260,1000260,1000209,1001354,1.843311748,1.841204010
7,1843804,1000312,1000312,1000313,1001459,1.843227070,1.841117809
7,1834857,1000625,1000625,982136,1001770,1.868231080,1.831615041
7,1843382,1000105,1000105,1000052,1001198,1.843286149,1.841176271
7,1843883,1000365,1000365,1000365,1001719,1.843210228,1.840718804
7,1843819,1000313,1000313,1000312,1001458,1.843243908,1.841134626
7,1827555,1000521,1000521,982760,1002083,1.859614758,1.823756116
7,1844050,1000469,1000469,1000469,1001666,1.843185546,1.840982922
7,1843308,1000052,1000052,1000052,1001146,1.843212153,1.841197987
7,1843602,1000209,1000209,1004427,1010781,1.835476346,1.823938123
7,1843197,1000000,1000000,1000000,1001146,1.843197000,1.841087114
7,1843463,1000156,1000156,1000104,1001250,1.843271300,1.841161548
7,1844047,1000469,1000469,1000469,1001563,1.843182547,1.841169252
7,1834342,1000833,1000833,990782,1002031,1.851408282,1.830624003
7,1829667,1000156,1000156,986874,1001719,1.854002639,1.826527200
7,1843843,1000365,1000365,1000313,1001510,1.843266058,1.841062995
7,1843175,1000000,1000000,1000000,1001093,1.843175000,1.841162609
7,1833855,1000572,1000572,981563,1001771,1.868300863,1.830612984
7,1843944,1000416,1000416,1000365,1001875,1.843271206,1.840493075
7,1843430,1000156,1000156,1000104,1001250,1.843238303,1.841128589
7,1843822,1000313,1000313,1000313,1001406,1.843245064,1.841233226
7,1836217,1000104,1000104,990104,1001354,1.854569823,1.833734124
7,1834859,1000260,1000260,991563,1001823,1.850471427,1.831520139
7,1843203,1000000,1000000,1000000,1001094,1.843203000,1.841188740
7,1843685,1000260,1000260,1000261,1001667,1.843203924,1.840616692
7,1834362,1000521,1000521,996927,1001718,1.840016370,1.831215971
7,1843966,1000417,1000417,1000364,1001875,1.843295041,1.840515034
7,1843643,1000208,1000208,1000209,1001355,1.843257759,1.841148244
7,1843902,1000364,1000364,1000365,1001511,1.843229221,1.841120068
7,1835823,1000469,1000469,991197,1001718,1.852127276,1.832674465
7,1834947,1000260,1000260,992084,1001719,1.849588341,1.831798139
7,1843085,999948,999948,999896,1001145,1.843276701,1.840977081
7,1843503,1000156,1000156,1000157,1001250,1.843213615,1.841201498
7,1833697,1000364,1000364,983333,1001615,1.864777242,1.830740354
7,1843728,1000313,1000313,1000260,1001614,1.843248755,1.840757018
7,1843742,1000312,1000312,1000313,1001406,1.843165089,1.841153338
7,1843860,1000365,1000365,1000364,1001458,1.843189079,1.841175566
7,1832807,1000209,1000209,987604,1001406,1.855811641,1.830233691
7,1835285,1000156,1000156,992708,1001719,1.848766203,1.832135559
7,1844146,1000521,1000521,1000468,1001615,1.843283343,1.841172506
7,1843250,1000000,1000000,1000052,1001198,1.843154156,1.841044429
7,1837164,1000157,1000157,995521,1001302,1.845429680,1.834775123
7,1843562,1000208,1000208,1000157,1001302,1.843272606,1.841164803
7,1844012,1000416,1000416,1000417,1001511,1.843243368,1.841229902
7,1843826,1000312,1000312,1000312,1001459,1.843250906,1.841139777
7,1843342,1008646,1008646,989584,1009843,1.862744345,1.825374835
7,1843706,1000260,1000260,1000260,1001666,1.843226761,1.840639495
7,1843960,1000416,1000416,1000417,1001511,1.843191389,1.841177980
7,1843834,1000313,1000313,1000312,1001458,1.843258903,1.841149604
7,1836380,1000208,1000208,982032,1001458,1.869979797,1.833706456
7,1843359,1000052,1000052,1000105,1001302,1.843165468,1.840962067
7,1844175,1000521,1000521,1000521,1001615,1.843214685,1.841201460
7,1843452,1000157,1000157,1000156,1001250,1.843164466,1.841150562
7,1823326,1000313,1000313,976093,1001666,1.867983891,1.820293391
7,1843528,1000157,1000157,1000156,1001666,1.843240454,1.840461791
7,1844033,1000468,1000468,1000417,1001875,1.843264359,1.840581909
7,1844023,1000416,1000416,1000469,1001563,1.843158559,1.841145290
7,1834725,1000208,1000208,990937,1001406,1.851505192,1.832148999
7,1843170,1000000,1000000,999948,1001406,1.843265850,1.840582142
7,1844064,1000469,1000469,1000468,1001615,1.843201382,1.841090639
7,1844019,1000469,1000469,1000469,1001562,1.843154561,1.841143134
7,1830923,1000469,1000469,981822,1001719,1.864821729,1.827781044
7,1844012,1000417,1000417,1000468,1001980,1.843149406,1.840368071
7,1843449,1000104,1000104,1000104,1001250,1.843257301,1.841147566
7,1843221,1000000,1000000,1000000,1001146,1.843221000,1.841111087
7,1833436,1000573,1000573,982708,1001771,1.865697644,1.830194725
7,1843365,1000104,1000104,1000105,1001198,1.843171467,1.841159291
7,1843082,999948,999948,999948,1001094,1.843177845,1.841067872
7,1843474,1000157,1000157,1000156,1001302,1.843186463,1.841076918
7,1829282,1000625,1000625,984115,1001823,1.858809184,1.825953287
7,1844150,1000521,1000521,1000521,1001927,1.843189698,1.840603158
7,1844273,1000521,1000521,1000469,1001666,1.843408441,1.841205552
7,1843968,1000417,1000417,1000416,1001563,1.843201228,1.841090376
7,1837924,1000469,1000469,993594,1001614,1.849773650,1.834962371
7,1843416,1000052,1000052,1000000,1001146,1.843416000,1.841305863
7,1844040,1000469,1000469,1000417,1001927,1.843271356,1.840493369
7,1843237,1000052,1000052,1000052,1001094,1.843141157,1.841222702
7,1829178,1000573,1000573,983125,1001823,1.860575207,1.825849476
7,1843790,1000364,1000364,1000313,1001771,1.843213074,1.840530421
7,1844171,1000521,1000521,1000521,1001614,1.843210687,1.841199304
7,1843977,1000416,1000416,1000417,1001511,1.843208382,1.841194954
7,1835492,1000104,1000104,981614,1001406,1.869871457,1.832914922
7,1843388,1000104,1000104,1000104,1001250,1.843196308,1.841086642
7,1844083,1000520,1000520,1000521,1001615,1.843122733,1.841109608
7,1843829,1000365,1000365,1000364,1001459,1.843158090,1.841142773
7,1799248,1000052,1000052,957864,1001302,1.878396098,1.796908425
7,1844177,1000573,1000573,1000521,1001927,1.843216684,1.840630106
7,1843829,1000312,1000312,1000365,1001458,1.843156248,1.841144611
7,1843134,999948,999948,999948,1001094,1.843229848,1.841119815
7,1836395,1000573,1000573,997135,1001771,1.841671389,1.833148494
7,1843932,1000417,1000417,1000365,1001823,1.843259210,1.840576629
7,1843722,1000261,1000261,1000260,1001406,1.843242757,1.841133366
7,1843827,1000364,1000364,1000365,1001458,1.843154249,1.841142614
7,1827348,1000469,1000469,978750,1001719,1.867022222,1.824212179
7,1843704,1000261,1000261,1000260,1001770,1.843224762,1.840446410
7,1843944,1000417,1000417,1000364,1001511,1.843273049,1.841162004
7,1844193,1000573,1000573,1000521,1001979,1.843232676,1.840550550
7,1832997,1000417,1000417,980730,1001927,1.869012878,1.829471608
7,1843707,1000312,1000312,1000313,1001406,1.843130100,1.841118388
7,1843367,1000104,1000104,1000104,1001250,1.843175310,1.841065668
7,1843714,1000313,1000313,1000260,1001355,1.843234759,1.841219148
7,1827029,1000365,1000365,982240,1001875,1.860063732,1.823609732
7,1844066,1000469,1000469,1000469,1001666,1.843201538,1.840998896
7,1843556,1000156,1000156,1000157,1001250,1.843266607,1.841254432
7,1843193,1000000,1000000,1000000,1001146,1.843193000,1.841083119
7,1836864,1000157,1000157,995572,1001406,1.845033810,1.834284995
7,1843303,1000052,1000052,1000052,1001510,1.843207153,1.840523809
7,1843325,1000052,1000052,1000104,1001198,1.843133314,1.841119339
7,1843889,1000364,1000364,1000365,1001458,1.843216226,1.841204524
7,1828821,1000625,1000625,980990,1002188,1.864260594,1.824828276
7,1843910,1000364,1000364,1000365,1001563,1.843237218,1.841032466
7,1844076,1000469,1000469,1000469,1001614,1.843211534,1.841104457
7,1843599,1000208,1000208,1000209,1001302,1.843213768,1.841201755
7,1835332,1000417,1000417,982708,1001667,1.867627006,1.832277593
7,1844101,1000468,1000468,1000469,1001614,1.843236522,1.841129417
7,1843338,1000104,1000104,1000104,1001198,1.843146313,1.841132323
7,1843849,1000364,1000364,1000365,1001771,1.843176241,1.840589316
7,1828395,1000678,1000678,982760,1002135,1.860469494,1.824499693
7,1843457,1000156,1000156,1000104,1001615,1.843265300,1.840484617
7,1843508,1000156,1000156,1000156,1001250,1.843220458,1.841206492
7,1843357,1000104,1000104,1000104,1001198,1.843165311,1.841151301
7,1834933,1000313,1000313,996824,1001770,1.840779315,1.831690907
7,1843354,1000104,1000104,1000104,1001197,1.843162311,1.841150143
7,1843889,1000365,1000365,1000416,1001459,1.843122261,1.841202685
7,1843411,1000105,1000105,1000104,1001250,1.843219305,1.841109613
7,1829761,1000365,1000365,982343,1001875,1.862649808,1.826336619
7,1843675,1000261,1000261,1000260,1001406,1.843195769,1.841086432
7,1844170,1000520,1000520,1000573,1001927,1.843113896,1.840623119
7,1843891,1000364,1000364,1000365,1001510,1.843218225,1.841110923
7,1836100,1000677,1000677,983126,1001927,1.867614121,1.832568640
7,1843672,1000260,1000260,1000261,1001406,1.843190927,1.841083437
7,1844027,1000469,1000469,1000416,1001511,1.843260204,1.841244879
7,1843194,1000000,1000000,1000000,1001145,1.843194000,1.841085957
7,1800999,1000625,1000625,961927,1002136,1.872282408,1.797160266
7,1843717,1000261,1000261,1000312,1001511,1.843141940,1.840935347
7,1843313,1000053,1000053,1000052,1001198,1.843217153,1.841107353
7,1843173,1000000,1000000,999948,1001094,1.843268850,1.841158772
7,1835366,1000104,1000104,990729,1001615,1.852540907,1.832406663
7,1843240,1000000,1000000,1000000,1001198,1.843240000,1.841034441
7,1843176,999948,999948,999948,1001093,1.843271850,1.841163608
7,1843832,1000365,1000365,1000364,1001459,1.843161089,1.841145768
7,1829523,1000677,1000677,982499,1002187,1.862111819,1.825530565
7,1844045,1000469,1000469,1000469,1001667,1.843180548,1.840976093
7,1843260,1000000,1000000,1000000,1001146,1.843260000,1.841150042
7,1843198,1000000,1000000,999948,1001093,1.843293851,1.841185584
7,1835455,1000104,1000104,977187,1001355,1.878304767,1.832971324
7,1844058,1000469,1000469,1000417,1001614,1.843289348,1.841086486
7,1843359,1000104,1000104,1000104,1001511,1.843167311,1.840577887
7,1843927,1000417,1000417,1000417,1001510,1.843158403,1.841146868
7,1820567,1000625,1000625,977813,1001823,1.861876453,1.817254146
7,1843281,1000000,1000000,1000000,1001146,1.843281000,1.841171018
7,1843339,1000052,1000052,1000052,1001510,1.843243151,1.840559755
7,1843936,1000365,1000365,1000417,1001563,1.843167399,1.841058426
7,1837005,1000416,1000416,996719,1001719,1.843052054,1.833852607
7,1843421,1000105,1000105,1000052,1001250,1.843325147,1.841119600
7,1844068,1000468,1000468,1000469,1001562,1.843203538,1.841192058
7,1843543,1000208,1000208,1000209,1001302,1.843157780,1.841145828
7,1829052,1000208,1000208,986303,1001719,1.854452435,1.825913255
7,1843548,1000156,1000156,1000157,1001302,1.843258608,1.841150822
7,1843741,1000312,1000312,1000313,1001406,1.843164090,1.841152340
7,1843356,1000104,1000104,1000052,1001198,1.843260150,1.841150302
7,1836761,1000208,1000208,982448,1001458,1.869575794,1.834086901
7,1843694,1000260,1000260,1000261,1001406,1.843212921,1.841105406
7,1843984,1000416,1000416,1000417,1001510,1.843215379,1.841203782
7,1843217,1000000,1000000,999948,1001094,1.843312852,1.841202724
7,1831721,1000364,1000364,984792,1001875,1.860008002,1.828292951
7,1843480,1000156,1000156,1000104,1001302,1.843288298,1.841082910
7,1844096,1000469,1000469,1000468,1001615,1.843233367,1.841122587
7,1844132,1000468,1000468,1000521,1001927,1.843171708,1.840585192
7,1837573,1000520,1000520,996198,1001770,1.844586116,1.834326243
7,1843332,1000052,1000052,1000052,1001198,1.843236152,1.841126331
7,1843994,1000417,1000417,1000417,1001511,1.843225375,1.841211929
7,1843274,1000052,1000052,1000052,1001198,1.843178155,1.841068400
7,1823336,1000520,1000520,978906,1002031,1.862626238,1.819640311
7,1843531,1000156,1000156,1000104,1001563,1.843339293,1.840654058
7,1843220,1000000,1000000,999948,1001146,1.843315852,1.841110088
7,1844010,1000416,1000416,1000417,1001562,1.843241368,1.841134148
7,1836779,1000469,1000469,977344,1002031,1.879357729,1.833056063
7,1843979,1000417,1000417,1000365,1001875,1.843306193,1.840528010
7,1843325,1000052,1000052,1000052,1001198,1.843229152,1.841119339
7,1843496,1000156,1000156,1000104,1001250,1.843304296,1.841194507
7,1826437,1000208,1000208,979999,1001667,1.863713126,1.823397397
7,1843975,1000417,1000417,1000416,1001563,1.843208225,1.841097365
7,1843894,1000364,1000364,1000365,1001458,1.843221224,1.841209517
7,1843834,1000365,1000365,1000312,1001458,1.843258903,1.841149604
7,1836823,1000209,1000209,996562,1001719,1.843159783,1.833670920
7,1843198,1000000,1000000,1000000,1001094,1.843198000,1.841183745
7,1844070,1000468,1000468,1000469,1001562,1.843205537,1.841194055
7,1843812,1000313,1000313,1000312,1001719,1.843236910,1.840647926
7,1826013,1000625,1000625,982603,1002083,1.858342586,1.822217321
7,1844072,1000521,1000521,1000469,1001615,1.843207536,1.841098626
7,1843390,1000104,1000104,1000104,1001198,1.843198307,1.841184261
7,1843166,999948,999948,999948,1001094,1.843261850,1.841151780
7,1834611,1000260,1000260,981355,1001510,1.869467216,1.831844914
7,1844131,1000469,1000469,1000469,1001614,1.843266508,1.841159369
7,1843717,1000261,1000261,1000260,1001407,1.843237758,1.841126535
7,1843154,999948,999948,999948,1001146,1.843249849,1.841044163
7,1830354,1000417,1000417,982604,1001875,1.862758548,1.826928509
7,1843440,1000104,1000104,1000156,1001615,1.843152468,1.840467645
7,1844101,1000468,1000468,1000469,1001614,1.843236522,1.841129417
7,1843504,1000156,1000156,1000156,1001302,1.843216458,1.841106879
7,1838899,1000417,1000417,995886,1001562,1.846495482,1.836031119
7,1843749,1000313,1000313,1000261,1001407,1.843267907,1.841158490
7,1832295,1000312,1000312,1000261,1001458,1.831816896,1.829627403
7,1845031,1000989,1000989,1001094,1002396,1.843014742,1.840620872
7,1810583,1000312,1000312,969793,1001614,1.866978830,1.807665428
7,1844010,1000468,1000468,1000469,1001615,1.843145565,1.841036726
7,1843801,1000312,1000312,1000468,1001823,1.842938505,1.840445867
7,1844360,1000677,1000677,1000885,1002292,1.842729185,1.840142394
7,1834076,1000572,1000572,979479,1002188,1.872501605,1.830071803
7,1843392,1000105,1000105,1000052,1001563,1.843296149,1.840515275
7,1843975,1000417,1000417,1000417,1001614,1.843206383,1.841003620
7,1843825,1000313,1000313,1000312,1001511,1.843249906,1.841043184
7,1827251,1000261,1000261,980781,1001407,1.863057094,1.824683670
7,1843550,1000156,1000156,1000208,1001302,1.843166621,1.841152819
7,1843150,1000000,1000000,1000000,1000989,1.843150000,1.841328926
7,1843618,1000260,1000260,1000312,1001250,1.843042971,1.841316355
7,1836104,1000208,1000208,994741,1001354,1.845811121,1.833621277
7,1843982,1000417,1000417,1000416,1001302,1.843215222,1.841584257
7,1844015,1000469,1000469,1000521,1001563,1.843054768,1.841137302
7,1844233,1000573,1000573,1000625,1001615,1.843081074,1.841259366
7,1833625,1000520,1000520,987083,1001666,1.857619876,1.830575262
7,1843674,1000260,1000260,1000261,1001354,1.843192927,1.841181041
7,1843542,1000156,1000156,1000157,1001198,1.843252609,1.841336079
7,1843728,1000312,1000312,1000313,1001302,1.843151094,1.841330588
7,1949683,1000677,1000677,976824,1001718,1.995940927,1.946339189
7,2092480,1000157,1000157,1000156,1001145,2.092153624,2.090086851
7,2092723,1000312,1000312,1000416,1001354,2.091852789,2.089893284
7,2093345,1000260,1000260,1000365,1001302,2.092581208,2.090623009
7,2080199,1000260,1000260,986043,1001198,2.109643291,2.077709904
7,2093013,1000104,1000104,1000104,1000886,2.092795349,2.091160232
7,2093450,1000313,1000313,1000260,1001093,2.092905844,2.091164357
7,2093635,1000364,1000364,1000469,1001354,2.092653545,2.090804051
7,2063632,1000156,1000156,974948,1001041,2.116658529,2.061485993
7,2093728,1000469,1000469,1000416,1001250,2.092857371,2.091114107
7,2093239,1000208,1000208,1000208,1000989,2.092803697,2.091170832
7,1870726,1000573,1000573,1000677,1001563,1.869460375,1.867806618
7,1827262,1000209,1000209,980000,1001198,1.864553061,1.825075559
7,1841107,1000260,1000260,1000312,1001198,1.840532754,1.838903993
7,1844217,1000521,1000521,1000573,1001510,1.843160869,1.841436431
7,1844105,1000469,1000469,1000520,1001407,1.843146564,1.841513990
7,1832624,1000469,1000469,978906,1001511,1.872114381,1.829859083
7,1843832,1000364,1000364,1000365,1001302,1.843159247,1.841434452
7,1843078,1000312,1000312,1000261,1001146,1.842597082,1.840968250
7,1843479,1000157,1000157,1000104,1001042,1.843287298,1.841560094
7,1834932,1000364,1000364,985052,1001458,1.862776787,1.832260564
7,1843965,1000417,1000417,1000417,1001302,1.843196387,1.841567279
7,1843418,1000105,1000105,1000104,1000989,1.843226304,1.841596661
7,1843646,1000260,1000260,1000209,1001250,1.843260759,1.841344320
7,1836775,1000416,1000416,992917,1001510,1.849877684,1.834005651
7,1843478,1000157,1000157,1000156,1001094,1.843190462,1.841463439
7,1844239,1000573,1000573,1000521,1001562,1.843278652,1.841362791
7,1843583,1000208,1000208,1000208,1001198,1.843199614,1.841377030
7,1816477,1000156,1000156,979584,1001250,1.854335106,1.814209238
7,1842892,1000208,1000208,1000156,1001094,1.842604554,1.840878079
7,1844095,1000468,1000468,1000469,1001458,1.843230525,1.841410224
7,1843703,1000260,1000260,1000261,1001198,1.843221919,1.841496887
7,1835174,1000833,1000833,976771,1001979,1.878817041,1.831549364
7,1833091,1000312,1000312,1000365,1001458,1.832422166,1.830422244
7,1841689,1000208,1000208,1000261,1001302,1.841208445,1.839294239
7,1842503,999948,999948,999948,1000885,1.842598815,1.840873827
7,1831624,1000365,1000365,984583,1001458,1.860304312,1.828957380
7,1844135,1000521,1000521,1000521,1001406,1.843174706,1.841545787
7,1843481,1000156,1000156,1000157,1001094,1.843191619,1.841466436
7,1844128,1000520,1000520,1000469,1001459,1.843263509,1.841441337
7,1839289,1000312,1000312,995782,1001406,1.847079983,1.836706591
7,1843661,1000260,1000260,1000312,1001354,1.843085957,1.841168058
7,1843751,1000313,1000313,1000364,1001406,1.843080119,1.841162326
7,1843871,1000313,1000313,1000364,1001458,1.843200075,1.841186550
7,1832343,1000417,1000417,984478,1001563,1.861233060,1.829483517
7,1843588,1000208,1000208,1000157,1001198,1.843298602,1.841382024
7,1843886,1000364,1000364,1000313,1001303,1.843309044,1.841486543
7,1843567,1000209,1000209,1000208,1001198,1.843183618,1.841361049
7,1979977,1000208,1000208,977188,1001302,2.026198643,1.977402422
7,2093204,1000208,1000208,1000208,1001198,2.092768704,2.090699342
7,2092113,1000000,1000000,1000104,1000990,2.091895443,2.090043857
7,2093437,1000313,1000313,1000312,1001094,2.092784051,2.091149283
7,2065410,1000520,1000520,975260,1001406,2.117804483,2.062510111
7,2093613,1000416,1000416,1000469,1001562,2.092631556,2.090347877
7,2093640,1000364,1000364,1000365,1001250,2.092876100,2.091026217
7,2091836,1000365,1000365,1000365,1001198,2.091072758,2.089332979
7,2085259,1000104,1000104,995364,1001146,2.094971287,2.082872029
7,2093787,1000469,1000469,1000521,1001406,2.092696705,2.090847269
7,2019853,1000208,1000208,1000261,1001302,2.019325956,2.017226571
7,1840874,1000104,1000104,1000208,1001094,1.840491178,1.838862285
7,1832970,1000573,1000573,984478,1001667,1.861869945,1.829919524
7,1843504,1000209,1000209,1000156,1001302,1.843216458,1.841106879
7,1843624,1000261,1000261,1000208,1001719,1.843240606,1.840460249
7,1843826,1000364,1000364,1000364,1001510,1.843155092,1.841046021
7,1832493,1000573,1000573,974010,1001927,1.881390335,1.828968578
7,1844021,1000469,1000469,1000469,1001927,1.843156560,1.840474406
7,1843614,1000208,1000208,1000208,1001354,1.843230608,1.841121122
7,1844087,1000520,1000520,1000469,1001823,1.843222529,1.840731347
7,1802992,1000157,1000157,959062,1001406,1.879953538,1.800460552
7,1843792,1000313,1000313,1000312,1001458,1.843216916,1.841107665
7,1844000,1000417,1000417,1000417,1001562,1.843231373,1.841124164
7,1843890,1000364,1000364,1000365,1001771,1.843217226,1.840630244
7,1835790,1000469,1000469,993489,1001875,1.847821164,1.832354336
7,1843923,1000365,1000365,1000365,1001510,1.843250214,1.841142874
7,1844079,1000468,1000468,1000469,1001615,1.843214532,1.841105614
7,1843866,1000364,1000364,1000365,1001511,1.843193234,1.841084122
7,1826350,1000625,1000625,979219,1001927,1.865108827,1.822837392
7,1843487,1000157,1000157,1000156,1001666,1.843199461,1.840420859
7,1843549,1000156,1000156,1000209,1001355,1.843163779,1.841054371
7,1843072,999948,999948,999895,1001093,1.843265543,1.841059722
7,1834784,1000416,1000416,980156,1001771,1.871930591,1.831540342
7,1843533,1000156,1000156,1000156,1001198,1.843245454,1.841327090
7,1843917,1000365,1000365,1000417,1001458,1.843148407,1.841232483
7,1843951,1000417,1000417,1000364,1001458,1.843280046,1.841266434
7,1827151,1000469,1000469,981042,1001614,1.862459507,1.824206730
7,1843722,1000312,1000312,1000261,1001198,1.843240914,1.841515864
7,1843651,1000261,1000261,1000260,1001146,1.843171775,1.841540594
7,1843955,1000417,1000417,1000417,1001458,1.843186391,1.841270428
7,1839157,1000261,1000261,995416,1001354,1.847626520,1.836670149
7,1843409,1000104,1000104,1000104,1001042,1.843217305,1.841490167
7,1843432,1000156,1000156,1000104,1001094,1.843240303,1.841417489
7,1844259,1000573,1000573,1000573,1001511,1.843202845,1.841476529
7,1834987,1000781,1000781,988282,1001979,1.856744330,1.831362733
7,1834158,1000625,1000625,1000729,1001823,1.832821873,1.830820414
7,1843688,1000573,1000573,1000677,1001666,1.842440668,1.840621525
7,1842916,1000625,1000625,1000573,1001511,1.841860614,1.840135555
7,1836556,1000208,1000208,979635,1001250,1.874734978,1.834263171
7,1843673,1000260,1000260,1000208,1001146,1.843289596,1.841562569
7,1843718,1000313,1000313,1000312,1001250,1.843142939,1.841416230
7,1842586,1000000,1000000,1000000,1000937,1.842586000,1.840861113
7,1828451,1000521,1000521,979166,1001823,1.867355484,1.825123799
7,1844019,1000416,1000416,1000469,1001459,1.843154561,1.841332496
7,1844008,1000468,1000468,1000469,1001354,1.843143566,1.841514589
7,1843758,1000312,1000312,1000313,1001250,1.843181084,1.841456180
7,1839638,1000521,1000521,996302,1001511,1.846466232,1.836862501
7,1843789,1000312,1000312,1000261,1001250,1.843307897,1.841487141
7,1843419,1000156,1000156,1000104,1000989,1.843227304,1.841597660
7,1843646,1000260,1000260,1000208,1001146,1.843262601,1.841535600
7,1829657,1000364,1000364,981251,1001459,1.864616698,1.826991420
7,1843110,999948,999948,1000000,1000938,1.843110000,1.841382783
7,1843600,1000260,1000260,1000209,1001093,1.843214768,1.841587145
7,1844073,1000521,1000521,1000469,1001354,1.843208535,1.841579501
7,1836397,1000364,1000364,981459,1001511,1.871088859,1.833626391
7,1844018,1000469,1000469,1000469,1001354,1.843153561,1.841524576
7,1843477,1000156,1000156,1000104,1001041,1.843285298,1.841559936
7,1842212,1000209,1000209,1000208,1001250,1.841828900,1.839912110
7,1833319,1000469,1000469,986354,1001667,1.858682583,1.830267943
7,1843562,1000209,1000209,1000208,1001250,1.843178619,1.841260424
7,1843603,1000261,1000261,1000208,1001458,1.843219610,1.840918940
7,1843885,1000365,1000365,1000365,1001406,1.843212228,1.841296138
7,1836728,1000105,1000105,993750,1001510,1.848279748,1.833958722
7,1843478,1000156,1000156,1000156,1001197,1.843190462,1.841273995
7,1844064,1000469,1000469,1000417,1001511,1.843295346,1.841281823
7,1843440,1000104,1000104,1000156,1001198,1.843152468,1.841234201
7,1827638,1000416,1000416,983593,1001667,1.858124244,1.824596398
7,1843333,1000105,1000105,1000052,1001094,1.843237152,1.841318597
7,1843147,1000000,1000000,999948,1000989,1.843242849,1.841325929
7,1843469,1000157,1000157,1000156,1001146,1.843181464,1.841358803
7,1836597,1000261,1000261,982448,1001771,1.869408864,1.833350137
7,1843603,1000260,1000260,1000156,1001355,1.843315443,1.841108298
7,1843353,1000104,1000104,1000104,1001197,1.843161311,1.841149144
7,1843647,1000104,1000104,1004895,1015417,1.834666308,1.815655046
7,1837935,1000573,1000573,992917,1002031,1.851045959,1.834209720
7,1844155,1000417,1000417,1000469,1001562,1.843290497,1.841278922
7,1844051,1000468,1000468,1000469,1001615,1.843186546,1.841077660
7,1834433,1000208,1000208,983802,1001406,1.864636380,1.831857408
7,1843750,1000312,1000312,1000261,1001719,1.843268907,1.840586033
7,1843466,1000156,1000156,1000157,1001354,1.843176621,1.840973322
7,1844067,1000469,1000469,1000416,1001563,1.843300187,1.841189221
7,1836600,1000625,1000625,989167,1001771,1.856713780,1.833353132
7,1838029,1000469,1000469,997344,1001614,1.842923806,1.835067202
7,1843559,1000208,1000208,1000156,1001198,1.843271450,1.841353059
7,1843640,1000208,1000208,1000261,1001250,1.843158936,1.841338327
7,1838782,1001094,1001094,986667,1002344,1.863629776,1.834481974
7,1843629,1000261,1000261,1000208,1001354,1.843245605,1.841136102
7,1843996,1000417,1000417,1000417,1001562,1.843227374,1.841120170
7,1843615,1000260,1000260,1000209,1001354,1.843229765,1.841122121
7,1837170,1000417,1000417,986771,1001615,1.861799749,1.834207754
7,1836694,1000104,1000104,997500,1001302,1.841297243,1.834305734
7,1843612,1000208,1000208,1000208,1001146,1.843228608,1.841501639
7,1843242,1000052,1000052,1000000,1001198,1.843242000,1.841036438
7,1838756,1000260,1000260,997135,1001198,1.844039172,1.836555806
7,1843818,1000365,1000365,1000312,1001510,1.843242908,1.841038033
7,1843571,1000209,1000209,1000208,1001146,1.843187617,1.841460686
7,1843219,1000000,1000000,1000000,1000938,1.843219000,1.841491681
7,1835279,1000469,1000469,987708,1001458,1.858118999,1.832607059
7,1837200,1000729,1000729,991980,1002136,1.852053469,1.833284105
7,1843220,1000000,1000000,1000000,1001146,1.843220000,1.841110088
7,1843767,1000313,1000313,1000312,1001406,1.843191924,1.841178303
7,1836665,1000365,1000365,981094,1001562,1.872058131,1.833800603
7,1843049,999948,999948,999896,1001459,1.843240697,1.840363909
7,1843780,1000313,1000313,1000312,1001302,1.843204920,1.841382520
7,1843964,1000417,1000417,1000416,1001458,1.843197230,1.841279415
7,1840825,1005209,1005209,989844,1006354,1.859712237,1.829202249
7,1843373,1000052,1000052,1000104,1001198,1.843181309,1.841167282
7,1843393,1000469,1000469,1000417,1001354,1.842624626,1.840900421
7,1843262,1000053,1000053,1000052,1000990,1.843166155,1.841438975
7,1838037,1000104,1000104,997448,1001146,1.842739672,1.835933021
7,1844147,1000520,1000520,1000521,1001406,1.843186700,1.841557770
7,1843617,1000260,1000260,1000209,1001198,1.843231765,1.841410990
7,1843579,1000156,1000156,1000209,1001146,1.843193773,1.841468677
7,1830751,1000469,1000469,985729,1001458,1.857255899,1.828085651
7,1844113,1000521,1000521,1000468,1001562,1.843250359,1.841236988
7,1843884,1000468,1000468,1000469,1001510,1.843019624,1.841103933
7,1843226,1000052,1000052,1000052,1001094,1.843130157,1.841211714
7,1836760,1000313,1000313,985468,1001458,1.863845401,1.834085903
7,1843157,1000052,1000052,1000104,1001146,1.842965332,1.841047160
7,1843713,1000261,1000261,1000260,1001407,1.843233759,1.841122541
7,1843342,1000104,1000104,1000104,1001145,1.843150312,1.841233787
7,1832004,1000104,1000104,982082,1001302,1.865428752,1.829621832
7,1843090,1000313,1000313,1000260,1001666,1.842610921,1.840024519
7,1843260,1000000,1000000,1000000,1001146,1.843260000,1.841150042
7,1843477,1000156,1000156,1000156,1001302,1.843189462,1.841079914
7,1837815,1000417,1000417,996198,1001562,1.844829040,1.834948810
7,1843824,1000365,1000365,1000312,1001719,1.843248906,1.840659906
7,1843419,1000104,1000104,1000104,1001250,1.843227304,1.841117603
7,1843732,1000312,1000312,1000261,1001406,1.843250912,1.841143352
7,1817959,1000625,1000625,973854,1001979,1.866767503,1.814368365
7,1843434,1000312,1000312,1000313,1001771,1.842857186,1.840175050
7,1843094,999948,999948,999948,1001093,1.843189846,1.841081698
7,1843573,1000208,1000208,1000260,1001406,1.843093796,1.840984576
7,1835578,1000469,1000469,983437,1001823,1.866492719,1.832237830
7,1842929,1000052,1000052,1000000,1001146,1.842929000,1.840819421
7,1844079,1000469,1000469,1000469,1001615,1.843214532,1.841105614
7,1843056,1000052,1000052,1000000,1001145,1.843056000,1.840948114
7,1806326,1000261,1000261,955885,1001615,1.889689659,1.803413487
7,1843536,1000156,1000156,1000156,1001563,1.843248453,1.840659050
7,1842939,1000052,1000052,1000052,1001198,1.842843172,1.840733801
7,1842974,1000261,1000261,1000260,1001406,1.842494951,1.840386417
7,1835455,1000520,1000520,995677,1001718,1.843424122,1.832307096
7,1842412,1000105,1000105,1000104,1001250,1.842220409,1.840111860
7,1843910,1000365,1000365,1000365,1001718,1.843237218,1.840747596
7,1843294,1000052,1000052,1000052,1001459,1.843198154,1.840608552
7,1830340,1000521,1000521,980624,1001823,1.866505409,1.827009362
7,1843410,1000105,1000105,1000104,1001302,1.843218305,1.841013001
7,1843210,1000000,1000000,1000000,1001145,1.843210000,1.841101938
7,1844060,1000469,1000469,1000468,1001563,1.843197384,1.841182232
7,1832037,1000313,1000313,976512,1001562,1.876102905,1.829179821
7,1843684,1000261,1000261,1000260,1001355,1.843204767,1.841189189
7,1843503,1000156,1000156,1000156,1001250,1.843215458,1.841201498
7,1843724,1000260,1000260,1000260,1001354,1.843244756,1.841230973
7,1828387,1000521,1000521,983958,1002031,1.858196183,1.824681073
7,1844117,1000521,1000521,1000521,1001667,1.843156715,1.841047973
7,1844169,1000521,1000521,1000521,1001614,1.843208688,1.841197308
7,1843946,1000417,1000417,1000416,1001667,1.843179237,1.840877258
7,1835676,1000157,1000157,996823,1001354,1.841526530,1.833193856
7,1843595,1000208,1000208,1000209,1001614,1.843209769,1.840624232
7,1843566,1000209,1000209,1000156,1001355,1.843278449,1.841071348
7,1843974,1000417,1000417,1000364,1001511,1.843303038,1.841191959
7,1828427,1000677,1000677,979687,1002135,1.866337922,1.824531625
7,1843475,1000156,1000156,1000156,1001354,1.843187463,1.840982310
7,1843621,1000260,1000260,1000209,1001614,1.843235764,1.840650191
7,1843528,1000156,1000156,1000156,1001302,1.843240454,1.841130848
7,1834619,1000625,1000625,981718,1001875,1.868784111,1.831185527
7,1843634,1000261,1000261,1000208,1001354,1.843250604,1.841141095
7,1843725,1000313,1000313,1000312,1001407,1.843149937,1.841134524
7,1844028,1000417,1000417,1000417,1001563,1.843259361,1.841150282
7,1798804,1000208,1000208,958385,1001667,1.876911680,1.795810384
7,1843958,1000417,1000417,1000416,1001563,1.843191232,1.841080391
7,1843333,1000053,1000053,1000052,1001197,1.843237152,1.841129168
7,1843553,1000209,1000209,1000208,1001302,1.843169621,1.841155815
7,1838177,1000573,1000573,996771,1001980,1.844131701,1.834544602
7,1843823,1000312,1000312,1000365,1001458,1.843150250,1.841138620
7,1844152,1000521,1000521,1000521,1001615,1.843191697,1.841178497
7,1844106,1000469,1000469,1000469,1001615,1.843241520,1.841132571
7,1797244,1000573,1000573,957760,1002031,1.876507685,1.793601196
7,1843782,1000313,1000313,1000312,1001459,1.843206919,1.841095841
7,1843748,1000312,1000312,1000313,1001406,1.843171087,1.841159330
7,1833270,1000104,1000104,997136,1001354,1.838535566,1.830791109
7,1834154,1000260,1000260,982135,1001459,1.867517195,1.831481868
7,1843306,1000053,1000053,1000104,1001198,1.843114316,1.841100362
7,1844110,1000469,1000469,1000469,1001718,1.843245518,1.840947253
7,1844176,1000573,1000573,1000521,1001927,1.843215685,1.840629108
7,1826206,1000104,1000104,980365,1001615,1.862781719,1.823261433
7,1843392,1000104,1000104,1000104,1001250,1.843200307,1.841090637
7,1843337,1000052,1000052,1000052,1001198,1.843241151,1.841131325
7,1843399,1000104,1000104,1000104,1001250,1.843207306,1.841097628
7,1836951,1000312,1000312,996510,1001823,1.843384412,1.833608332
7,1844049,1000469,1000469,1000416,1001614,1.843282195,1.841077501
7,1843341,1000052,1000052,1000052,1001146,1.843245151,1.841230949
7,1832986,1000000,1000000,1000000,1001146,1.832986000,1.830887803
7,1826164,1000208,1000208,979844,1001510,1.863729328,1.823410650
7,1843412,1000468,1000468,1000573,1001771,1.842356330,1.840153089
7,1843242,1000313,1000313,1000364,1001459,1.842571304,1.840556628
7,1843591,1000208,1000208,1000208,1001355,1.843207613,1.841096314
7,1832719,1000156,1000156,974012,1001458,1.881618502,1.830050786
7,1843482,1000156,1000156,1000105,1001302,1.843288455,1.841084907
7,1843782,1000417,1000417,1000469,1001562,1.842917672,1.840906504
7,1843621,1000209,1000209,1000260,1001354,1.843141783,1.841128113
7,1791330,1000625,1000625,956614,1001875,1.872573473,1.787977542
7,1832619,1000469,1000469,1000573,1001927,1.831569511,1.829094335
7,1842496,1000365,1000365,1000416,1001875,1.841729840,1.839047785
7,1843597,1000572,1000572,1000469,1002032,1.842732758,1.839858408
7,1831162,1000521,1000521,987762,1001771,1.853849409,1.827924745
7,1840167,1000468,1000468,1000417,1001770,1.839399970,1.836915659
7,1840932,1000261,1000261,1000260,1001459,1.840453482,1.838249993
7,1841543,1000260,1000260,1000313,1001823,1.840966777,1.838191976
7,1796571,1000730,1000730,955417,1002136,1.880405101,1.792741704
7,1842075,1000261,1000261,1000260,1001511,1.841596185,1.839295824
7,1843891,1000416,1000416,1000417,1001510,1.843122418,1.841110923
7,1839715,1000104,1000104,1000105,1001094,1.839521850,1.837704551
7,1828790,1000469,1000469,934220,1001406,1.957558177,1.826222331
7,2088889,1000104,1000104,1000052,1000885,2.088780383,2.087041968
7,2093479,1000312,1000312,1000469,1001458,2.092497619,2.090431151
7,2092817,1000000,1000000,1000000,1000833,2.092817000,2.091075134
7,2065637,1000312,1000312,976197,1001458,2.116004249,2.062629686
7,2093496,1000365,1000365,1000313,1001355,2.092840941,2.090663151
7,2093784,1000468,1000468,1000521,1001823,2.092693707,2.089973977
7,2001091,1000052,1000052,1000104,1001146,2.000882908,1.998800375
7,1873065,1000312,1000312,991511,1001458,1.889101583,1.870338047
7,1849556,1000104,1000104,1000105,1001354,1.849361817,1.847055087
7,1843260,1000052,1000052,1000000,1001198,1.843260000,1.841054417
7,1842755,1000104,1000104,1000052,1001302,1.842659182,1.840358853
7,1830070,1000469,1000469,982758,1001823,1.862177667,1.826739853
7,1843637,1000365,1000365,1000312,1001458,1.843061965,1.840952891
7,1844030,1000469,1000469,1000469,1001511,1.843165555,1.841247874
7,1843594,1000312,1000312,1000313,1001406,1.843017136,1.841005546
7,1835471,1000469,1000469,978541,1001771,1.875722121,1.832226128
7,1843360,1000104,1000104,1000104,1001093,1.843168310,1.841347407
7,1843209,1000209,1000209,1000156,1001250,1.842921504,1.840907865
7,1843570,1000365,1000365,1000416,1001458,1.842803394,1.840885988
7,1829742,1000052,1000052,984322,1001250,1.858885609,1.827457678
7,1842866,1000000,1000000,1000000,1000989,1.842866000,1.841045206
7,1843401,1000209,1000209,1000208,1001198,1.843017652,1.841195248
7,1843742,1000312,1000312,1000261,1001198,1.843260909,1.841535840
7,1837056,1000156,1000156,995938,1001250,1.844548556,1.834762547
7,1843697,1000364,1000364,1000365,1001354,1.843024296,1.841204010
7,1843271,1000260,1000260,1000261,1001198,1.842790032,1.841065404
7,1843745,1000520,1000520,1000521,1001510,1.842784909,1.840965143
7,1834698,1000833,1000833,988490,1001979,1.856061265,1.831074304
7,1843735,1000521,1000521,1000573,1001667,1.842679145,1.840666609
7,1834918,1000417,1000417,1000521,1001563,1.833962506,1.832054499
7,1840360,1000573,1000573,1000625,1001615,1.839210493,1.837392611
7,1835851,1000677,1000677,980728,1001719,1.871926773,1.832700588
7,1843705,1000260,1000260,1000261,1001302,1.843223919,1.841307617
7,1843646,1000260,1000260,1000261,1001250,1.843164934,1.841344320
7,1843243,1000052,1000052,1000000,1000990,1.843243000,1.841419994
7,1833015,1000625,1000625,985416,1001666,1.860143330,1.829966276
7,1843369,1000052,1000052,1000104,1001093,1.843177310,1.841356397
7,1843897,1000365,1000365,1000573,1001563,1.842841052,1.841019487
7,1843682,1000260,1000260,1000209,1001250,1.843296751,1.841380275
7,1839607,1000521,1000521,995469,1001614,1.847980198,1.836642659
7,1843807,1000365,1000365,1000364,1001354,1.843136098,1.841313861
7,1843466,1000104,1000104,1000156,1001146,1.843178464,1.841355806
7,1843742,1000260,1000260,1000313,1001354,1.843165089,1.841248949
7,1830672,1000156,1000156,983178,1001302,1.861994471,1.828291564
7,1844129,1000521,1000521,1000469,1001459,1.843264509,1.841442336
7,1843784,1000313,1000313,1000312,1001303,1.843208919,1.841384676
7,1844021,1000469,1000469,1000469,1001407,1.843156560,1.841430108
7,1927252,1000209,1000209,975937,1001198,1.974770912,1.924945915
7,2092134,1000573,1000573,1000677,1001666,2.090718584,2.088654302
7,2093153,1000156,1000156,1000157,1000990,2.092824427,2.091082828
7,2093803,1000469,1000469,1000520,1001406,2.092714788,2.090863246
7,2056488,1000208,1000208,967812,1001094,2.124883758,2.054240661
7,2091886,999532,999532,999583,1001042,2.092758680,2.089708524
7,2093028,1000104,1000104,1000105,1001042,2.092808255,2.090849335
7,2093435,1000313,1000313,1000260,1001146,2.092890848,2.091038670
7,2081996,1000677,1000677,998021,1001614,2.086124440,2.078641073
7,1826634,1000208,1000208,1000208,1001094,1.826254139,1.824637846
7,1843427,1000104,1000104,1000105,1001042,1.843233460,1.841508149
7,1843441,1000157,1000157,1000156,1001042,1.843153468,1.841522134
7,1824213,1000469,1000469,976146,1001458,1.868791144,1.821557170
7,1843495,1000157,1000157,1000104,1001146,1.843303296,1.841384773
7,1843501,1000156,1000156,1000156,1001042,1.843213459,1.841582071
7,1844106,1000521,1000521,1000469,1001407,1.843241520,1.841514988
7,1837038,1000468,1000468,982812,1001666,1.869165212,1.833982585
7,1843146,999948,999948,999948,1000938,1.843241849,1.841418749
7,1843295,1000052,1000052,1000052,1000990,1.843199154,1.841471943
7,1843495,1000156,1000156,1000156,1001094,1.843207460,1.841480420
7,1826082,1000260,1000260,983802,1001354,1.856147883,1.823612828
7,1844173,1000521,1000521,1000520,1001510,1.843214528,1.841392497
7,1843383,1000105,1000105,1000104,1001042,1.843191308,1.841464194
7,1844087,1000469,1000469,1000469,1001406,1.843222529,1.841497854
7,1839112,1000260,1000260,996457,1001198,1.845651142,1.836911380
7,1844534,1000729,1000729,1000833,1001823,1.842998782,1.841177533
7,1833084,1000573,1000573,1000625,1001718,1.831939038,1.829940163
7,1843729,1000625,1000625,1000729,1001719,1.842385901,1.840565069
7,1828201,1000364,1000364,982396,1001406,1.860961364,1.825634158
7,1843994,1000416,1000416,1000469,1001458,1.843129572,1.841309371
7,1843134,1000000,1000000,1000000,1000937,1.843134000,1.841408600
7,1844023,1000469,1000469,1000417,1001355,1.843254363,1.841527730
7,1945538,1000573,1000573,977917,1001615,1.989471499,1.942401022
7,2092867,1000312,1000312,1000313,1001250,2.092212138,2.090254182
7,2092040,999947,999947,999948,1000834,2.092148792,2.090296693
7,2093001,1000053,1000053,1000104,1000938,2.092783351,2.091039605
7,2080502,1000678,1000678,987395,1001614,2.107061510,2.077149481
7,2093148,1000208,1000208,1000104,1000990,2.092930335,2.091077833
7,2093718,1000469,1000469,1000469,1001250,2.092736507,2.091104120
7,2092684,999948,999948,999948,1000781,2.092792825,2.091050889
7,2087212,1000364,1000364,996198,1001302,2.095177866,2.084497984
7,2093515,1000364,1000364,1000365,1001145,2.092751146,2.091120667
7,1889733,1000000,1000000,1000052,1000885,1.889634739,1.888062065
7,1843338,1000105,1000105,1000052,1000990,1.843242151,1.841514900
7,1815801,1000573,1000573,966719,1001771,1.878313140,1.812590902
7,1843814,1000364,1000364,1000313,1001615,1.843237067,1.840841042
7,1843394,1000104,1000104,1000105,1001197,1.843200464,1.841190095
7,1843743,1000313,1000313,1000313,1001302,1.843166089,1.841345568
7,1833423,1000261,1000261,974530,1002136,1.881340749,1.829515156
7,1843646,1000260,1000260,1000208,1001406,1.843262601,1.841057473
7,1843153,999948,999948,999948,1001094,1.843248849,1.841138794
7,1843202,1000364,1000364,1000365,1001459,1.842529477,1.840516686
7,1827050,1000313,1000313,976718,1001510,1.870601340,1.824295314
7,1844023,1000469,1000469,1000468,1001927,1.843160401,1.840476402
7,1843680,1000260,1000260,1000208,1001406,1.843296594,1.841091425
7,1843404,1000104,1000104,1000104,1001250,1.843212306,1.841102622
7,1837522,1000417,1000417,994218,1001875,1.848208341,1.834083094
7,1843612,1000208,1000208,1000208,1001302,1.843228608,1.841214738
7,1843258,1000000,1000000,1000000,1001146,1.843258000,1.841148044
7,1844089,1000521,1000521,1000521,1001615,1.843128730,1.841115598
7,1825285,1000313,1000313,977084,1001562,1.868094248,1.822438351
7,1843998,1000417,1000417,1000417,1001823,1.843229373,1.840642509
7,1844067,1000469,1000469,1000417,1001562,1.843298345,1.841191060
7,1843374,1000104,1000104,1000052,1001198,1.843278150,1.841168280
7,1835420,1000260,1000260,979479,1001823,1.873873764,1.832080118
7,1843629,1000208,1000208,1000209,1001407,1.843243762,1.841038659
7,1843066,999948,999948,999896,1001406,1.843257699,1.840478288
7,1843724,1000313,1000313,1000312,1001458,1.843148938,1.841039764
7,1824131,1000364,1000364,971301,1001875,1.878028541,1.820717155
7,1843447,1000157,1000157,1000156,1001302,1.843159467,1.841049953
7,1844044,1000469,1000469,1000365,1001614,1.843371170,1.841072509
7,1843150,1000000,1000000,1000000,1001094,1.843150000,1.841135797
7,1837504,1000469,1000469,995418,1001719,1.845962199,1.834350751
7,1843841,1000313,1000313,1000364,1001406,1.843170086,1.841252199
7,1843446,1000105,1000105,1000104,1001250,1.843254302,1.841144569
7,1844047,1000469,1000469,1000468,1001458,1.843184390,1.841362294
7,1827502,1000469,1000469,984949,1001823,1.855428048,1.824176526
7,1844170,1000521,1000521,1000468,1001562,1.843307332,1.841293899
7,1843666,1000260,1000260,1000208,1001406,1.843282597,1.841077445
7,1843260,1000052,1000052,1000000,1001042,1.843260000,1.841341322
7,1836467,1000312,1000312,983803,1001407,1.866701972,1.833886721
7,1843962,1000417,1000417,1000417,1001406,1.843193388,1.841373030
7,1844021,1000469,1000469,1000417,1001719,1.843252364,1.840856568
7,1843556,1000156,1000156,1000156,1001303,1.843268450,1.841156972
7,1818591,1000104,1000104,978073,1001250,1.859361213,1.816320599
7,1843503,1000156,1000156,1000157,1001093,1.843213615,1.841490251
7,1843348,1000052,1000052,1000104,1001146,1.843156312,1.841237941
7,1843564,1000208,1000208,1000156,1001198,1.843276449,1.841358053
7,1839262,1000573,1000573,997500,1001614,1.843871679,1.836298215
7,1843857,1000313,1000313,1000312,1001302,1.843281896,1.841459420
7,1843378,1000104,1000104,1000104,1000990,1.843186309,1.841554861
7,1844107,1000521,1000521,1000521,1001563,1.843146721,1.841229159
7,1829654,1000416,1000416,983126,1001458,1.861057484,1.826990248
7,1843402,1000105,1000105,1000104,1001146,1.843210306,1.841291880
7,1843781,1000313,1000313,1000260,1001302,1.843301742,1.841383519
7,1843951,1000417,1000417,1000469,1001407,1.843086592,1.841360206
7,1836898,1000312,1000312,984947,1001354,1.864971415,1.834414203
7,1843388,1000104,1000104,1000104,1001094,1.843196308,1.841373537
7,1843601,1000208,1000208,1000209,1001198,1.843215768,1.841395009
7,1843930,1000365,1000365,1000417,1001302,1.843161402,1.841532325
7,1831534,1000313,1000313,980782,1001406,1.867422118,1.828962479
7,1843810,1000365,1000365,1000364,1001458,1.843139097,1.841125639
7,1843886,1000365,1000365,1000313,1001406,1.843309044,1.841297136
7,1844076,1000468,1000468,1000469,1001510,1.843211534,1.841295644
7,1835210,1000260,1000260,993906,1001354,1.846462342,1.832728486
7,1843674,1000260,1000260,1000313,1001303,1.843097111,1.841274819
7,1843231,1000000,1000000,1000000,1001042,1.843231000,1.841312353
7,1843253,1000000,1000000,1000052,1001198,1.843157156,1.841047425
7,1826154,1000573,1000573,985261,1001718,1.853472329,1.823022048
7,1843599,1000208,1000208,1000209,1001302,1.843213768,1.841201755
7,1844092,1000521,1000521,1000469,1001563,1.843227526,1.841214182
7,1843377,1000104,1000104,1000052,1001197,1.843281149,1.841173116
7,1834605,1000625,1000625,985937,1001875,1.860773051,1.831171553
7,1843224,1000000,1000000,1000052,1001250,1.843128157,1.840922846
7,1844009,1000416,1000416,1000417,1001563,1.843240369,1.841131312
7,1844080,1000469,1000469,1000468,1001615,1.843217374,1.841106613
7,1828586,1000417,1000417,978906,1001510,1.867989368,1.825828998
7,1843561,1000208,1000208,1000209,1001041,1.843175776,1.841643849
7,1843570,1000209,1000209,1000208,1001094,1.843186617,1.841555338
7,1843525,1000156,1000156,1000156,1001042,1.843237455,1.841606046
7,1838836,1000261,1000261,997448,1001146,1.843540716,1.836731106
7,1843628,1000209,1000209,1000208,1001094,1.843244605,1.841613275
7,1843312,1000052,1000052,1000053,1000937,1.843214310,1.841586434
7,1843958,1000417,1000417,1000416,1001302,1.843191232,1.841560289
7,1828019,1000365,1000365,983436,1001354,1.858808301,1.825547209
7,1843904,1000365,1000365,1000416,1001511,1.843137255,1.841122065
7,1843681,1000261,1000261,1000260,1001406,1.843201768,1.841092424
7,1843865,1000364,1000364,1000313,1001458,1.843288051,1.841180559
7,1759779,1000573,1000573,919949,1001927,1.912909303,1.756394428
7,1843356,1000104,1000104,1000105,1001146,1.843162468,1.841245932
7,1843835,1000312,1000312,1000313,1001354,1.843258060,1.841341823
7,1843686,1000260,1000260,1000209,1001354,1.843300750,1.841193025
7,1827304,1000520,1000520,985000,1001823,1.855130964,1.823978886
7,1843705,1000260,1000260,1000261,1001406,1.843223919,1.841116390
7,1843451,1000156,1000156,1000052,1001198,1.843355146,1.841245188
7,1844033,1000468,1000468,1000417,1001511,1.843264359,1.841250870
7,1837344,1000573,1000573,996771,1001823,1.843296003,1.834000617
7,1843457,1000104,1000104,1000105,1001198,1.843263457,1.841251181
7,1844059,1000468,1000468,1000469,1001667,1.843194542,1.840990070
7,1843646,1000260,1000260,1000208,1001250,1.843262601,1.841344320
7,1826216,1000469,1000469,977761,1001719,1.867752958,1.823082122
7,1843843,1000312,1000312,1000313,1001302,1.843266058,1.841445438
7,1843739,1000312,1000312,1000261,1001302,1.843257910,1.841341573
7,1843382,1000104,1000104,1000104,1001146,1.843190308,1.841271902
7,1833094,1000156,1000156,982604,1001354,1.865547057,1.830615347
7,1843271,1000000,1000000,1000052,1000990,1.843175155,1.841447967
7,1843873,1000365,1000365,1000364,1001303,1.843202074,1.841473560
7,1843497,1000156,1000156,1000156,1001198,1.843209459,1.841291133
7,1827336,1000208,1000208,984167,1001354,1.856733664,1.824865133
7,1843941,1000417,1000417,1000365,1001562,1.843268207,1.841065256
7,1843761,1000312,1000312,1000313,1001354,1.843184083,1.841267923
7,1843182,1000000,1000000,999948,1001041,1.843277850,1.841265243
7,1837205,1000000,1000000,996875,1001354,1.842964263,1.834720788
7,1843918,1000365,1000365,1000416,1001407,1.843151249,1.841327253
7,1844103,1000469,1000469,1000468,1001511,1.843240364,1.841320764
7,1843831,1000365,1000365,1000365,1001406,1.843158247,1.841242213
7,1826438,1000105,1000105,984322,1001458,1.855528983,1.823778930
7,1843986,1000469,1000469,1000416,1001511,1.843219221,1.841203941
7,1843188,1000000,1000000,1000000,1001250,1.843188000,1.840886891
7,1843614,1000260,1000260,1000208,1001250,1.843230608,1.841312360
7,1833982,1000260,1000260,984688,1001510,1.862500609,1.831216863
7,1843432,1000157,1000157,1000104,1001250,1.843240303,1.841130587
7,1842560,1000000,1000000,1000000,1001145,1.842560000,1.840452682
7,1843457,1000104,1000104,1000104,1001250,1.843265300,1.841155556
7,1829316,1000313,1000313,972187,1001615,1.881650341,1.826366418
7,1843539,1000156,1000156,1000156,1001615,1.843251453,1.840566485
7,1843357,1000105,1000105,1000052,1001198,1.843261150,1.841151301
7,1841175,1001667,1001667,996354,1002812,1.847912489,1.836012134
7,1843712,1000260,1000260,1000261,1001667,1.843230917,1.840643647
7,1843313,1000104,1000104,1000052,1001146,1.843217153,1.841202981
7,1844048,1000469,1000469,1000417,1001615,1.843279353,1.841074664
7,1835753,1000416,1000416,990990,1001667,1.852443516,1.832697893
7,1836507,1000417,1000417,991771,1001927,1.851745010,1.832974857
7,1843376,1000052,1000052,1000104,1001250,1.843184309,1.841074657
7,1843423,1000104,1000104,1000104,1001250,1.843231304,1.841121598
7,1836243,1000313,1000313,981876,1001510,1.870137370,1.833474454
7,1843269,1000052,1000052,1000000,1001198,1.843269000,1.841063406
7,1843998,1000416,1000416,1000417,1001510,1.843229373,1.841217761
7,1843907,1000365,1000365,1000364,1001511,1.843236062,1.841125060
7,1835904,1000625,1000625,985521,1001771,1.862876590,1.832658362
7,1801642,1000625,1000625,968281,1002135,1.860660284,1.797803689
7,1844028,1000469,1000469,1000417,1001563,1.843259361,1.841150282
7,1843407,1000104,1000104,1000104,1001250,1.843215306,1.841105618
7,1825619,1000364,1000364,996354,1001562,1.832299564,1.822771830
7,1844499,1000729,1000729,1001146,1002396,1.842387624,1.840090144
7,1843457,1000156,1000156,1000156,1001302,1.843169466,1.841059940
7,1843428,1000156,1000156,1000156,1001302,1.843140470,1.841030978
7,1836520,1000313,1000313,989167,1001719,1.856632904,1.833368440
7,1805978,1000365,1000365,973021,1001719,1.856052439,1.802878851
7,1843676,1000261,1000261,1000208,1001563,1.843292595,1.840798831
7,1844205,1000521,1000521,1000521,1001823,1.843244670,1.840849132
7,1835670,1000105,1000105,979792,1001407,1.873530300,1.833090841
7,1842261,1000469,1000469,1000417,1001771,1.841493097,1.839004124
7,1843252,1000052,1000052,1000000,1001510,1.843252000,1.840472886
7,1843797,1000313,1000313,1000312,1001459,1.843221915,1.841110819
7,1823516,1000209,1000209,975676,1001458,1.868976996,1.820861184
7,1843243,1000000,1000000,1000052,1001250,1.843147156,1.840941823
7,1843271,1000000,1000000,1000104,1001094,1.843079320,1.841256665
7,1843632,1000209,1000209,1000208,1001146,1.843248604,1.841521616
7,1838429,1000104,1000104,994636,1001042,1.848343515,1.836515351
7,1843950,1000416,1000416,1000521,1001511,1.842989802,1.841167995
7,1844432,1000677,1000677,1000729,1001719,1.843088389,1.841266862
7,1843916,1000416,1000416,1000365,1001354,1.843243216,1.841422714
7,1834487,1000572,1000572,986251,1001667,1.860060978,1.831434000
7,1843547,1000209,1000209,1000208,1001250,1.843163622,1.841245443
7,1844206,1000573,1000573,1000521,1001510,1.843245669,1.841425448
7,1843971,1000416,1000416,1000469,1001406,1.843106583,1.841382017
7,1832487,1000521,1000521,977812,1001458,1.874068839,1.829819124
7,2089212,1000625,1000625,1000730,1001667,2.087687988,2.085735080
7,2093326,1000260,1000260,1000313,1001250,2.092670994,2.090712609
7,2093419,1000312,1000312,1000260,1001146,2.092874853,2.091022688
7,2077564,1000521,1000521,982083,1001459,2.115466819,2.074537250
7,2093145,1000156,1000156,1000156,1001094,2.092818520,2.090857602
7,2093257,1000208,1000208,1000208,1001042,2.092821693,2.091078097
7,2093685,1000416,1000416,1000469,1001406,2.092703522,2.090745412
7,2088292,1000260,1000260,995521,1001198,2.097687543,2.085793220
7,2093862,1000469,1000469,1000469,1001406,2.092880439,2.090922163
7,2093475,1000365,1000365,1000260,1001145,2.092930838,2.091080713
7,1921351,1000416,1000416,1000469,1001302,1.920450309,1.918852654
7,1832104,1000208,1000208,988750,1001198,1.852949684,1.829911766
7,1843663,1000260,1000260,1000261,1001146,1.843181930,1.841552581
7,1843376,1000053,1000053,1000052,1001302,1.843280149,1.840979045
7,1843728,1000260,1000260,1000261,1001354,1.843246913,1.841234968
7,1836056,1000312,1000312,979167,1001510,1.875120383,1.833287736
7,1842937,1000209,1000209,1000208,1001354,1.842553749,1.840445037
7,1843822,1000365,1000365,1000260,1001511,1.843342731,1.841040188
7,1843214,1000000,1000000,1000000,1000989,1.843214000,1.841392862
7,1829473,1000417,1000417,981926,1001563,1.863147528,1.826617996
7,1843787,1000364,1000364,1000261,1001510,1.843305897,1.841007079
7,1844077,1000469,1000469,1000468,1001615,1.843214376,1.841103618
7,1843532,1000157,1000157,1000156,1001093,1.843244454,1.841519219
7,1835831,1000313,1000313,994270,1001459,1.846410935,1.833156425
7,1843595,1000209,1000209,1000156,1001355,1.843307444,1.841100309
7,1843167,1000000,1000000,999948,1000938,1.843262850,1.841439730
7,1843963,1000416,1000416,1000417,1001458,1.843194388,1.841278416
7,1815411,1000521,1000521,975521,1001719,1.860965576,1.812295664
7,1843388,1000104,1000104,1000105,1001042,1.843194465,1.841469189
7,1843415,1000104,1000104,1000104,1001041,1.843223305,1.841498001
7,1843191,1000000,1000000,1000000,1000938,1.843191000,1.841463707
7,1834711,1000209,1000209,980624,1001354,1.870962775,1.832230160
7,1843792,1000312,1000312,1000261,1001354,1.843310896,1.841298881
7,1843849,1000365,1000365,1000364,1001354,1.843178083,1.841355804
7,1843749,1000313,1000313,1000260,1001302,1.843269750,1.841351560
7,1831878,1000313,1000313,984584,1001406,1.860560399,1.829305996
7,1843099,999947,999947,999948,1000937,1.843194846,1.841373633
7,1844033,1000417,1000417,1000416,1001406,1.843266201,1.841443930
7,1843658,1000208,1000208,1000260,1001250,1.843178774,1.841356305
7,1837212,1000156,1000156,993385,1001302,1.849446086,1.834823060
7,1833302,1000312,1000312,1000364,1001406,1.832634921,1.830727996
7,1843500,1000156,1000156,1000260,1001302,1.843020815,1.841102884
7,1841800,999948,999948,1000000,1001042,1.841800000,1.839882842
7,1831820,1000364,1000364,985470,1001354,1.858828782,1.829343069
7,1843671,1000260,1000260,1000260,1001146,1.843191770,1.841560572
7,1843943,1000364,1000364,1000417,1001406,1.843174396,1.841354056
7,1843671,1000260,1000260,1000260,1001302,1.843191770,1.841273662
7,1863786,1000469,1000469,978907,1001562,1.903945932,1.860879307
7,2091290,1000261,1000261,1000417,1001354,2.090418296,2.088462222
7,2091790,1000157,1000157,1000208,1001250,2.091354998,2.089178527
7,2093154,1000208,1000208,1000156,1001146,2.092827519,2.090757991
7,2073534,1000677,1000677,977187,1001718,2.121941860,2.069977778
7,2092878,1000052,1000052,1000052,1000937,2.092769176,2.090918809
7,2093238,1000208,1000208,1000209,1001146,2.092800605,2.090841895
7,2093612,1000365,1000365,1000364,1001302,2.092850203,2.090889662
7,2087039,1000364,1000364,997657,1001354,2.091940416,2.084216970
7,2093506,1000312,1000312,1000313,1001250,2.092850938,2.090892385
7,1873745,1000104,1000104,1000156,1000989,1.873452741,1.871893697
7,1843568,1000208,1000208,1000156,1001094,1.843280448,1.841553341
7,1833406,1000520,1000520,985573,1001666,1.860243736,1.830356626
7,1843349,1000105,1000105,1000104,1000989,1.843157312,1.841527729
7,1843187,1000000,1000000,1000000,1000938,1.843187000,1.841459711
7,1843585,1000208,1000208,1000208,1001197,1.843201614,1.841380867
7,1818376,993594,993594,970052,1001511,1.874513944,1.815632579
7,1843945,1000416,1000416,1000417,1001406,1.843176395,1.841356053
7,1843346,1000104,1000104,1000052,1001041,1.843250151,1.841429072
7,1843727,1000261,1000261,1000260,1001302,1.843247756,1.841329589
7,1826276,1000469,1000469,982239,1001563,1.859299010,1.823425985
7,1843748,1000260,1000260,1000261,1001198,1.843266907,1.841541833
7,1843491,1000157,1000157,1000156,1001041,1.843203460,1.841573922
7,1844049,1000469,1000469,1000469,1001354,1.843184546,1.841555534
7,1839220,1000052,1000052,997502,1001094,1.843825877,1.837210092
7,1844569,1000730,1000730,1000833,1001823,1.843033753,1.841212470
7,1834067,1000469,1000469,1000521,1001511,1.833111949,1.831299906
7,1842433,1000625,1000625,1000677,1001718,1.841186517,1.839273129
7,1831301,1000260,1000260,985521,1001302,1.858205964,1.828919746
7,1843624,1000261,1000261,1000260,1001250,1.843144782,1.841322347
7,1843468,1000157,1000157,1000104,1001094,1.843276299,1.841453450
7,1843977,1000417,1000417,1000417,1001354,1.843208382,1.841483631
7,1881918,1000417,1000417,977969,1001562,1.924312529,1.878983029
7,2091403,1000000,1000000,1000000,1000990,2.091403000,2.089334559
7,2091993,1000261,1000261,1000417,1001303,2.091121003,2.089270680
7,2092837,1000000,1000000,1000000,1000886,2.092837000,2.090984388
7,2079361,1000417,1000417,986874,1001563,2.107017715,2.076116031
7,2093066,1000104,1000104,1000157,1001041,2.092737440,2.090889384
7,2093486,1000365,1000365,1000312,1001094,2.092833036,2.091198229
7,2093311,1000261,1000261,1000208,1001093,2.092875682,2.091025509
7,2087075,1000469,1000469,993281,1001458,2.101192915,2.084036475
7,2093175,1000208,1000208,1000209,1000990,2.092737618,2.091104806
7,2027815,1000313,1000313,1000364,1001250,2.027077144,2.025283396
7,1839480,1000104,1000104,1000052,1000990,1.839384352,1.837660716
7,1828800,1000625,1000625,982500,1001771,1.861374046,1.825566921
7,1843315,1000105,1000105,1000000,1001146,1.843315000,1.841204979
7,1843539,1000156,1000156,1000208,1001198,1.843155624,1.841333083
7,1843338,1000052,1000052,1000000,1001093,1.843338000,1.841325431
7,1831833,1000417,1000417,972865,1001667,1.882926203,1.828784416
7,1843757,1000313,1000313,1000312,1001615,1.843181927,1.840784134
7,1843052,1000260,1000260,1000209,1001666,1.842666883,1.839986582
7,1843269,1000053,1000053,1000052,1001198,1.843173155,1.841063406
7,1828692,1000365,1000365,977916,1001719,1.869988833,1.825553873
7,1843550,1000157,1000157,1000208,1001302,1.843166621,1.841152819
7,1843567,1000313,1000313,1000312,1001406,1.842991987,1.840978584
7,1843322,1000260,1000260,1000261,1001407,1.842841018,1.840732090
7,1832319,1000469,1000469,986303,1001614,1.857764805,1.829366403
7,1843806,1000416,1000416,1000417,1001875,1.843037453,1.840355334
7,1843119,1000052,1000052,1000052,1001198,1.843023163,1.840913586
7,1843339,1000209,1000209,1000156,1001250,1.843051484,1.841037703
7,1826094,1000313,1000313,980260,1001719,1.862866994,1.822960331
7,1843463,1000209,1000209,1000208,1001406,1.843079639,1.840874730
7,1843665,1000364,1000364,1000365,1001459,1.842992308,1.840979012
7,1844045,1000469,1000469,1000468,1001562,1.843182391,1.841169094
7,1834671,1000520,1000520,976772,1001875,1.878300156,1.831237430
7,1843738,1000416,1000416,1000365,1001510,1.843065281,1.840958153
7,1843806,1000313,1000313,1000312,1001458,1.843230912,1.841121645
7,1843316,1000157,1000157,1000156,1001302,1.843028488,1.840919123
7,1830637,1000729,1000729,986093,1001927,1.856454716,1.827116147
7,1842619,999896,999896,999843,1001250,1.842908337,1.840318602
7,1843476,1000156,1000156,1000156,1001407,1.843188463,1.840885874
7,1842984,1000104,1000104,1000052,1001094,1.842888170,1.840969979
7,1836171,1000417,1000417,996562,1001510,1.842505534,1.833402562
7,1843528,1000208,1000208,1000157,1001197,1.843238612,1.841323935
7,1843744,1000260,1000260,1000313,1001302,1.843167089,1.841346567
7,1843309,1000053,1000053,1000052,1001094,1.843213153,1.841294624
7,1825069,1000312,1000312,985051,1001510,1.852765999,1.822317301
7,1843270,1000156,1000156,1000104,1001041,1.843078320,1.841353151
7,1843598,1000313,1000313,1000312,1001302,1.843022977,1.841200757
7,1843539,1000208,1000208,1000156,1001146,1.843251453,1.841428723
7,1837547,1000052,1000052,997292,1001145,1.842536589,1.835445415
7,1843487,1000364,1000364,1000365,1001302,1.842814373,1.841089901
7,1843318,1000052,1000052,1000052,1000989,1.843222152,1.841496760
7,1843336,1000052,1000052,1000052,1001042,1.843240152,1.841417243
7,1831746,1000468,1000468,984271,1001563,1.861017951,1.828887449
7,1843595,1000208,1000208,1000208,1001146,1.843211612,1.841484659
7,1843596,1000209,1000209,1000208,1001146,1.843212612,1.841485657
7,1843251,1000208,1000208,1000208,1001146,1.842867684,1.841141052
7,1838655,1000312,1000312,993855,1001459,1.850023394,1.835976311
7,1843266,1000260,1000260,1000261,1001250,1.842785033,1.840964794
7,1843223,1000052,1000052,1000000,1000937,1.843223000,1.841497517
7,1843830,1000573,1000573,1000521,1001563,1.842869865,1.840952591
7,1822171,1000209,1000209,980417,1001354,1.858567324,1.819707117
7,1843681,1000260,1000260,1000209,1001302,1.843295751,1.841283649
7,1843953,1000416,1000416,1000417,1001407,1.843184392,1.841362203
7,1843831,1000416,1000416,1000469,1001406,1.842966649,1.841242213
7,1836430,1000416,1000416,982708,1001562,1.868744327,1.833565970
7,1843065,1000052,1000052,1000052,1001094,1.842969166,1.841050890
7,1843718,1000261,1000261,1000208,1001354,1.843334586,1.841224981
7,1844109,1000521,1000521,1000521,1001615,1.843148720,1.841135566
7,1830456,1000260,1000260,982551,1001719,1.862962839,1.827314846
7,1843556,1000365,1000365,1000364,1001718,1.842885190,1.840394203
7,1843624,1000417,1000417,1000417,1001615,1.842855529,1.840651348
7,1844097,1000469,1000469,1000469,1001614,1.843232524,1.841125424
7,1835880,1000052,1000052,995469,1001197,1.844236234,1.833685079
7,1844038,1000417,1000417,1000417,1001563,1.843269357,1.841160267
7,1843690,1000261,1000261,1000208,1001406,1.843306592,1.841101411
7,1842954,1000104,1000104,1000104,1001250,1.842762353,1.840653184
7,1828677,1000469,1000469,985156,1001927,1.856230891,1.825159917
7,1843714,1000313,1000313,1000260,1001406,1.843234759,1.841125378
7,1843255,1000053,1000053,1000052,1001146,1.843159156,1.841145048
7,1843642,1000313,1000313,1000312,1001666,1.843066963,1.840575601
7,1835409,1000677,1000677,982657,1001875,1.867802295,1.831974049
7,1843690,1000365,1000365,1000364,1001562,1.843019141,1.840814648
7,1843543,1000313,1000313,1000313,1001406,1.842966152,1.840954618
7,1843498,1000156,1000156,1000156,1001250,1.843210459,1.841196504
7,1830844,1000469,1000469,985470,1002031,1.857838392,1.827133093
7,1843104,999948,999948,999948,1001145,1.843199846,1.840996060
7,1843195,1000104,1000104,1000104,1001250,1.843003328,1.840893883
7,1843850,1000469,1000469,1000416,1001563,1.843083277,1.840972560
7,1835841,1000105,1000105,995676,1001302,1.843813650,1.833453843
7,1843430,1000261,1000261,1000208,1001667,1.843046646,1.840362116
7,1843123,1000052,1000052,1000052,1001145,1.843027163,1.841015038
7,1843748,1000260,1000260,1000208,1001563,1.843364580,1.840870719
7,1828697,1000417,1000417,983958,1001562,1.858511237,1.825845030
7,1844040,1000521,1000521,1000521,1001771,1.843079755,1.840779979
7,1842987,1000209,1000209,1000156,1001250,1.842699539,1.840686142
7,1843344,1000052,1000052,1000104,1001093,1.843152312,1.841331425
7,1831958,1000468,1000468,976562,1001875,1.875925952,1.828529507
7,1842489,1000000,1000000,1000000,1001094,1.842489000,1.840475520
7,1843568,1000208,1000208,1000209,1001354,1.843182775,1.841075184
7,1843481,1000156,1000156,1000157,1001406,1.843191619,1.840892705
7,1827734,1000469,1000469,982761,1001771,1.859795006,1.824502806
7,1843243,1000156,1000156,1000104,1001145,1.843051323,1.841134901
7,1843942,1000520,1000520,1000469,1001459,1.843077597,1.841255608
7,1843229,1000104,1000104,1000052,1001250,1.843133157,1.840927840
7,1838545,1000572,1000572,994948,1001615,1.847880492,1.835580537
7,1843002,1000000,1000000,1000000,1000937,1.843002000,1.841276724
7,1843811,1000312,1000312,1000365,1001250,1.843138255,1.841509114
7,1843720,1000521,1000521,1000469,1001406,1.842855701,1.841131369
7,1830937,1000312,1000312,985417,1001667,1.858032691,1.827889908
7,1843681,1000260,1000260,1000261,1001354,1.843199925,1.841188031
7,1843078,1000052,1000052,1000000,1001407,1.843078000,1.840488433
7,1842704,1000052,1000052,1000000,1001406,1.842704000,1.840116796
7,1832596,1000365,1000365,978282,1001667,1.873279893,1.829546147
7,1843403,1000104,1000104,1000052,1001250,1.843307148,1.841101623
7,1842878,1000156,1000156,1000104,1001302,1.842686361,1.840481693
7,1843891,1000468,1000468,1000521,1001562,1.842930833,1.841015334
7,1827177,1000208,1000208,983541,1001771,1.857753769,1.823946790
7,1842846,1000052,1000052,1000000,1001146,1.842846000,1.840736516
7,1843406,1000104,1000104,1000104,1001250,1.843214306,1.841104619
7,1844086,1000521,1000521,1000521,1001563,1.843125731,1.841208192
7,1837972,1000417,1000417,996876,1001614,1.843731818,1.835010293
7,1843514,1000260,1000260,1000260,1001355,1.843034811,1.841019419
7,1843374,1000156,1000156,1000208,1001250,1.842990658,1.841072659
7,1843053,1000000,1000000,1000052,1001146,1.842957166,1.840943279
7,1829112,1000573,1000573,982292,1002084,1.862085816,1.825308058
7,1843489,1000365,1000365,1000312,1001771,1.842914011,1.840229953
7,1843407,1000104,1000104,1000052,1001198,1.843311148,1.841201241
7,1843634,1000208,1000208,1000208,1001355,1.843250604,1.841139256
7,1835871,1000469,1000469,982655,1001719,1.868276252,1.832720553
7,1843527,1000156,1000156,1000156,1001354,1.843239455,1.841034240
7,1843939,1000417,1000417,1000416,1001771,1.843172240,1.840679157
7,1843372,1000104,1000104,1000105,1001250,1.843178466,1.841070662
7,1793453,1000677,1000677,954427,1002135,1.879088710,1.789632135
7,1843776,1000312,1000312,1000313,1001458,1.843199079,1.841091688
7,1843098,1000052,1000052,1000000,1001146,1.843098000,1.840988227
7,1842860,1000000,1000000,1000000,1001146,1.842860000,1.840750500
7,1834951,1000209,1000209,989895,1001666,1.853682461,1.831899056
7,1843190,1000000,1000000,999948,1001146,1.843285851,1.841080122
7,1843315,1000052,1000052,1000052,1001145,1.843219153,1.841206818
7,1844107,1000469,1000469,1000468,1001511,1.843244362,1.841324758
7,1827852,1000417,1000417,982918,1001510,1.859617995,1.825096105
7,1843888,1000364,1000364,1000365,1001667,1.843215226,1.840819354
7,1843683,1000261,1000261,1000260,1001406,1.843203767,1.841094421
7,1843040,1000104,1000104,1000104,1001198,1.842848344,1.840834680
7,1835077,1000521,1000521,982084,1001718,1.868554014,1.831929745
7,1843351,1000261,1000261,1000260,1001406,1.842871853,1.840762887
7,1843891,1000468,1000468,1000469,1001615,1.843026621,1.840917918
7,1843478,1000156,1000156,1000104,1001250,1.843286298,1.841176529
7,1830588,1000365,1000365,983645,1001563,1.861025065,1.827731256
7,1844062,1000469,1000469,1000468,1001875,1.843199383,1.840610855
7,1842984,1000000,1000000,999948,1001354,1.843079840,1.840491974
7,1834688,1000260,1000260,1000312,1001667,1.834115756,1.831634665
7,1833972,1000468,1000468,996354,1002031,1.840683131,1.830254753
7,1843646,1000260,1000260,1000209,1001302,1.843260759,1.841248694
7,1843949,1000417,1000417,1000417,1001511,1.843180394,1.841166997
7,1843058,999947,999947,999896,1001146,1.843249698,1.840948273
7,1826280,1000313,1000313,978280,1001562,1.866827493,1.823431800
7,1843494,1000208,1000208,1000312,1001615,1.842919009,1.840521558
7,1844175,1000521,1000521,1000573,1001718,1.843118893,1.841012141
7,1843612,1000208,1000208,1000209,1001198,1.843226766,1.841405996
7,1837634,1000468,1000468,983177,1001771,1.869077491,1.834385304
7,1844095,1000520,1000520,1000469,1001614,1.843230525,1.841123427
7,1843604,1000208,1000208,1000209,1001250,1.843218767,1.841302372
7,1843841,1000364,1000364,1000365,1001667,1.843168244,1.840772432
7,1832767,1000625,1000625,984896,1001875,1.860873635,1.829336993
7,1843442,1000157,1000157,1000156,1001302,1.843154468,1.841044959
7,1843928,1000417,1000417,1000625,1001718,1.842776265,1.840765565
7,1843258,1000052,1000052,1000104,1000990,1.843066321,1.841434979
7,1838943,1000156,1000156,995259,1001197,1.847702960,1.836744417
7,1843795,1000364,1000364,1000313,1001198,1.843218073,1.841588777
7,1844517,1000729,1000729,1000834,1001771,1.842979955,1.841256135
7,1843893,1000364,1000364,1000417,1001458,1.843124417,1.841208518
7,1833034,1000468,1000468,989167,1001458,1.853108727,1.830365327
7,1844044,1000469,1000469,1000468,1001563,1.843181391,1.841166257
7,1844105,1000521,1000521,1000468,1001510,1.843242363,1.841324600
7,1843325,1000052,1000052,1000104,1001042,1.843133314,1.841406255
7,1987575,1000156,1000156,966249,1001146,2.057000835,1.985299846
7,2093382,1000261,1000261,1000364,1001302,2.092620286,2.090659961
7,2092239,1000365,1000365,1000521,1001458,2.091149511,2.089192957
7,2093326,1000260,1000260,1000260,1001093,2.092781877,2.091040493
7,2078296,1000782,1000782,982343,1001927,2.115652069,2.074298826
7,2092926,1000104,1000104,1000052,1000937,2.092817174,2.090966764
7,2093536,1000364,1000364,1000365,1001146,2.092772138,2.091139554
7,2093888,1000521,1000521,1000573,1001562,2.092688889,2.090622448
7,2085110,1000052,1000052,994218,1001093,2.097236220,2.082833463
7,2092989,1000052,1000052,1000104,1000938,2.092771352,2.091027616
7,2028996,1000000,1000000,1000053,1000886,2.028888469,2.027199901
7,1839243,1000000,1000000,1000000,1000885,1.839243000,1.837616709
7,1831512,1000416,1000416,985365,1001667,1.858714284,1.828463951
7,1843305,1000417,1000417,1000416,1001615,1.842538504,1.840332862
7,1842565,999948,999948,999948,1001302,1.842660818,1.840169100
7,1843531,1000261,1000261,1000260,1001354,1.843051807,1.841038234
7,1836853,1000417,1000417,979844,1001666,1.874638208,1.833797893
7,1843231,1000209,1000209,1000208,1001354,1.842847688,1.840738640
7,1842980,999948,999948,1000000,1000989,1.842980000,1.841159094
7,1843561,1000260,1000260,1000313,1001302,1.842984146,1.841163805
7,1831205,1000521,1000521,984635,1001771,1.859780528,1.827967669
7,1843630,1000260,1000260,1000208,1001198,1.843246605,1.841423974
7,1843776,1000312,1000312,1000261,1001302,1.843294900,1.841378525
7,1842637,1000000,1000000,999948,1000938,1.842732822,1.840910226
7,1837879,1000365,1000365,994999,1001511,1.847116429,1.835106155
7,1842998,999948,999948,1000000,1000937,1.842998000,1.841272727
7,1844080,1000469,1000469,1000469,1001406,1.843215532,1.841490864
7,1843624,1000208,1000208,1000261,1001354,1.843142940,1.841131108
7,1830842,1000260,1000260,986250,1001458,1.856367047,1.828176519
7,1843409,1000209,1000209,1000104,1001250,1.843217305,1.841107615
7,1843111,1000156,1000156,1000156,1001093,1.842823520,1.841098679
7,1843800,1000312,1000312,1000313,1001250,1.843223071,1.841498127
7,1836617,1000678,1000678,985208,1001823,1.864192130,1.833274940
7,1843292,1000573,1000573,1000521,1001510,1.842332145,1.840512826
7,1843687,1000365,1000365,1000417,1001406,1.842918503,1.841098416
7,1843639,1000313,1000313,1000468,1001511,1.842776581,1.840857464
7,1825071,1000417,1000417,973386,1001511,1.874971491,1.822317478
7,1843777,1000417,1000417,1000417,1001458,1.843008465,1.841092687
7,1843647,1000312,1000312,1000417,1001250,1.842878520,1.841345318
7,1842787,1000469,1000469,1000521,1001563,1.841827408,1.839911219
7,1829852,1000469,1000469,994272,1001667,1.840393776,1.826806713
7,1839002,1000573,1000573,1000677,1001615,1.837757838,1.836036801
7,1844195,1000521,1000521,1000521,1001562,1.843234675,1.841318860
7,1843646,1000208,1000208,1000261,1001146,1.843164934,1.841535600
7,1831817,1000417,1000417,987240,1001458,1.855493092,1.829150099
7,1843728,1000312,1000312,1000313,1001302,1.843151094,1.841330588
7,1844121,1000417,1000417,1000469,1001406,1.843256513,1.841531806
7,1843825,1000365,1000365,1000312,1001407,1.843249906,1.841234383
7,2032147,1000521,1000521,980156,1001615,2.073289354,2.028870374
7,2093959,1000573,1000573,1000573,1001615,2.092759849,2.090582709
7,2091630,1000105,1000105,1000104,1000937,2.091412493,2.089671977
7,2093923,1000573,1000573,1000625,1001510,2.092615116,2.090765943
7,2081365,1000416,1000416,985157,1001406,2.112724165,2.078442710
7,2093039,1000104,1000104,1000104,1000990,2.092821347,2.090968941
7,2093293,1000209,1000209,1000260,1001041,2.092748885,2.091116148
7,2093770,1002760,1002760,999947,1003646,2.093880976,2.086163847
7,2092707,999948,999948,999895,1000886,2.092926757,2.090854503
7,1982079,1000156,1000156,1000208,1001197,1.981666813,1.979709288
7,1840666,1000052,1000052,1000000,1000990,1.840666000,1.838845543
7,1836718,1000313,1000313,990937,1001354,1.853516419,1.834234447
7,1837273,1000312,1000312,993177,1001406,1.849894832,1.834693421
7,1843237,1000000,1000000,1000000,1000938,1.843237000,1.841509664
7,1843970,1000417,1000417,1000417,1001354,1.843201385,1.841476641
7,1847978,1014063,1014063,977760,1015104,1.890011864,1.820481448
7,1843291,1000000,1000000,1000104,1001094,1.843099318,1.841276643
7,1843578,1000208,1000208,1000208,1001146,1.843194616,1.841467678
7,1844263,1000573,1000573,1000573,1001510,1.843206842,1.841482362
7,1837336,1000208,1000208,990990,1001198,1.854040909,1.835137505
7,1836549,1000156,1000156,994167,1001198,1.847324443,1.834351447
7,1844182,1000520,1000520,1000573,1001458,1.843125889,1.841497097
7,1843521,1000208,1000208,1000209,1001094,1.843135785,1.841506392
7,1839570,1000416,1000416,997605,1001406,1.843986347,1.836987196
7,1843766,1000312,1000312,1000365,1001406,1.843093271,1.841177305
7,1844190,1000521,1000521,1000625,1001615,1.843038101,1.841216435
7,1833305,1000521,1000521,1000573,1001563,1.832255118,1.830444016
7,1835122,1000208,1000208,988021,1001198,1.857371453,1.832926154
7,1838741,1000364,1000364,994271,1001458,1.849335845,1.836064019
7,1843151,999948,999948,999947,1000990,1.843248692,1.841328085
7,1843305,1000052,1000052,1000052,1000937,1.843209153,1.841579440
7,1816221,1000312,1000312,980157,1001719,1.852989878,1.813104274
7,2083495,1000416,1000416,1000365,1001406,2.082734802,2.080569719
7,2093775,1000468,1000468,1000625,1001510,2.092467208,2.090618167
7,2091706,1000104,1000104,1000104,1000989,2.091488485,2.089639347
7,2087191,1000260,1000260,991719,1001198,2.104619353,2.084693537
7,2088119,1000417,1000417,998125,1001250,2.092041578,2.085512110
7,2093342,1000261,1000261,1000208,1001146,2.092906675,2.090945776
7,2092849,1000052,1000052,1000000,1000833,2.092849000,2.091107108
7,2087578,1000260,1000260,997552,1001094,2.092700932,2.085296685
7,2092903,1000052,1000052,1000052,1000989,2.092794175,2.090835164
7,2092845,1000053,1000053,1000052,1000833,2.092736178,2.091103111
7,1858295,1000313,1000313,1000365,1001198,1.857616970,1.856071426
7,1837012,1003542,1003542,989636,1004531,1.856250177,1.828726042
7,1843873,1000365,1000365,1000365,1001406,1.843200232,1.841284154
7,1843709,1000261,1000261,1000260,1001198,1.843229760,1.841502880
7,1843692,1000260,1000260,1000313,1001198,1.843115105,1.841485900
7,1836108,1000156,1000156,980937,1001198,1.871789931,1.833910975
7,1843613,1000208,1000208,1000209,1001302,1.843227765,1.841215737
7,1843519,1000156,1000156,1000157,1001250,1.843229613,1.841217478
7,1843887,1000364,1000364,1000365,1001302,1.843214227,1.841489381
7,1832371,1000417,1000417,986979,1001406,1.856545073,1.829798304
7,1843378,1000104,1000104,1000053,1001250,1.843280306,1.841076654
7,1843212,1000000,1000000,1000000,1001041,1.843212000,1.841295212
7,1843962,1000417,1000417,1000417,1001459,1.843193388,1.841275579
7,1838049,1000364,1000364,994740,1001563,1.847768261,1.835180613
7,1843281,1000052,1000052,1000052,1001302,1.843185154,1.840884169
7,1844020,1000416,1000416,1000365,1001510,1.843347178,1.841239728
7,1843155,999948,999948,999948,1001041,1.843250849,1.841238271
7,1826350,1000625,1000625,976874,1001823,1.869586047,1.823026622
7,1843891,1000364,1000364,1000417,1001615,1.843122418,1.840917918
7,1843727,1000261,1000261,1000260,1001302,1.843247756,1.841329589
7,1843557,1000156,1000156,1000208,1001198,1.843173620,1.841351061
7,1834428,1000677,1000677,980312,1001823,1.871269555,1.831089923
7,1843534,1000208,1000208,1000208,1001354,1.843150625,1.841041230
7,1843073,1000469,1000469,1000469,1001615,1.842209004,1.840101237
7,1843922,1000364,1000364,1000365,1001510,1.843249214,1.841141876
7,1798397,1000208,1000208,957031,1001354,1.879141846,1.795965263
7,1843944,1000521,1000521,1000469,1001615,1.843079596,1.840970832
7,1843602,1000312,1000312,1000312,1001406,1.843026976,1.841013535
7,1842822,1000573,1000573,1000469,1001667,1.841958122,1.839755128
7,1839296,1000573,1000573,995677,1001771,1.847281799,1.836044365
7,1843522,1000156,1000156,1000157,1001303,1.843232612,1.841123017
7,1843235,1000052,1000052,1000052,1001146,1.843139157,1.841125071
7,1843308,1000104,1000104,1000052,1001146,1.843212153,1.841197987
7,1831091,1000469,1000469,982551,1001666,1.863609115,1.828045476
7,1843345,1000052,1000052,1000104,1001302,1.843153312,1.840948086
7,1843643,1000364,1000364,1000365,1001510,1.842970316,1.840863296
7,1843863,1000365,1000365,1000312,1001458,1.843287894,1.841178562
7,1836690,1000313,1000313,980469,1001459,1.873276973,1.834014173
7,1844191,1000521,1000521,1000521,1001719,1.843230677,1.841026276
7,1843372,1000104,1000104,1000104,1001302,1.843180309,1.840975050
7,1844187,1000521,1000521,1000572,1001614,1.843132728,1.841215279
7,1827288,1000520,1000520,977708,1001667,1.868950648,1.824246980
7,1843473,1000156,1000156,1000104,1001458,1.843281299,1.840789129
7,1842810,1000000,1000000,999948,1000885,1.842905831,1.841180555
7,1842776,999948,999948,1000000,1000833,1.842776000,1.841242245
7,1839867,1000261,1000261,995051,1001198,1.849017789,1.837665477
7,1843432,1000052,1000052,1000052,1000990,1.843336147,1.841608807
7,1843132,1000052,1000052,1000052,1000937,1.843036162,1.841406602
7,1843324,1000104,1000104,1000000,1001041,1.843324000,1.841407095
7,1828867,1000365,1000365,985469,1001354,1.855834126,1.826394062
7,1842962,999948,999948,1000000,1000834,1.842962000,1.841426251
7,1843959,1000416,1000416,1000417,1001302,1.843190390,1.841561287
7,1843095,999948,999948,999948,1001354,1.843190846,1.840602824
7,1836169,1000417,1000417,980519,1001614,1.872650097,1.833210199
7,1843859,1000364,1000364,1000365,1001823,1.843186237,1.840503762
7,1843755,1000417,1000417,1000417,1001563,1.842986475,1.840877708
7,1843176,1000104,1000104,1000105,1001197,1.842982487,1.840972356
7,1829243,1000364,1000364,980156,1001719,1.866277409,1.826103927
7,1843932,1000365,1000365,1000416,1001614,1.843165243,1.840960689
7,1843695,1000261,1000261,1000260,1001667,1.843215764,1.840626675
7,1843645,1000260,1000260,1000260,1001354,1.843165777,1.841152080
7,1835179,1000156,1000156,995417,1001302,1.843628349,1.832792704
7,1844204,1000573,1000573,1000521,1001667,1.843243670,1.841134828
7,1843831,1000312,1000312,1000312,1001510,1.843255904,1.841051013
7,1843408,1000104,1000104,1000156,1001198,1.843120473,1.841202240
7,1828577,1000365,1000365,981041,1001666,1.863914964,1.825535658
7,1843579,1000208,1000208,1000156,1001718,1.843291447,1.840417163
7,1843744,1000312,1000312,1000313,1001459,1.843167089,1.841057897
7,1843290,1000052,1000052,1000052,1001146,1.843194154,1.841180008
7,1834177,1000104,1000104,980835,1001355,1.870015854,1.831695053
7,1844085,1000469,1000469,1000469,1001562,1.843220530,1.841209031
7,1844035,1000468,1000468,1000417,1001563,1.843266358,1.841157271
7,1843273,1000000,1000000,1000000,1001198,1.843273000,1.841067401
7,1826157,1000625,1000625,984220,1002083,1.855435777,1.822361022
7,1843353,1000052,1000052,1000104,1001250,1.843161311,1.841051685
7,1844105,1000469,1000469,1000469,1001927,1.843240520,1.840558244
7,1843635,1000261,1000261,1000208,1001302,1.843251604,1.841237709
7,1837679,1000417,1000417,996771,1001615,1.843632088,1.834715934
7,1843255,1000052,1000052,1000000,1001093,1.843255000,1.841242522
7,1843505,1000157,1000157,1000156,1001406,1.843217458,1.840916671
7,1843588,1000417,1000417,1000417,1001458,1.842819544,1.840903962
7,1827905,1000104,1000104,975417,1001354,1.873972875,1.825433363
7,1843718,1000313,1000313,1000260,1001458,1.843238758,1.841033773
7,1843914,1000365,1000365,1000364,1001354,1.843243060,1.841420716
7,1842967,999948,999948,999948,1000990,1.843062839,1.841144267
7,1832427,1000208,1000208,982657,1001302,1.864767666,1.830044282
7,1843700,1000521,1000521,1000416,1001406,1.842933340,1.841111397
7,1844114,1000521,1000521,1000468,1001614,1.843251358,1.841142396
7,1843497,1000261,1000261,1000260,1001198,1.843017815,1.841291133
7,1829521,1000417,1000417,983124,1001562,1.860925987,1.826667745
7,1843630,1000261,1000261,1000208,1001458,1.843246605,1.840945901
7,1843218,1000000,1000000,1000000,1000990,1.843218000,1.841395019
7,1843032,1000000,1000000,1000000,1000990,1.843032000,1.841209203
7,1837510,1000313,1000313,994635,1001354,1.847421416,1.835025376
7,1843381,1000104,1000104,1000104,1001094,1.843189308,1.841366545
7,1843290,1000156,1000156,1000157,1001145,1.843000649,1.841181847
7,1843784,1000312,1000312,1000261,1001354,1.843302898,1.841290892
7,1830995,1000573,1000573,984948,1001875,1.858976311,1.827568309
7,1843128,1000052,1000052,1000052,1001197,1.843032162,1.840924413
7,1843957,1000416,1000416,1000365,1001459,1.843284201,1.841270586
7,1843575,1000208,1000208,1000209,1001511,1.843189773,1.840793561
7,1836187,1000521,1000521,983750,1001771,1.866517916,1.832940862
7,1843528,1000208,1000208,1000157,1001302,1.843238612,1.841130848
7,1843208,1000000,1000000,1000000,1001146,1.843208000,1.841098102
7,1843389,1000208,1000208,1000208,1001302,1.843005655,1.840992028
7,1801505,1000573,1000573,960468,1002084,1.875653327,1.797758471
7,1843642,1000261,1000261,1000208,1001458,1.843258602,1.840957883
7,1843684,1000365,1000365,1000365,1001510,1.843011301,1.840904235
7,1843478,1000156,1000156,1000157,1001302,1.843188619,1.841080913
7,1838425,1000156,1000156,995156,1001354,1.847373678,1.835939138
7,1843074,999948,999948,999896,1001459,1.843265700,1.840388873
7,1843988,1000469,1000469,1000417,1001562,1.843219378,1.841112183
7,1843155,1000052,1000052,1000052,1001198,1.843059161,1.840949542
7,1823195,1000729,1000729,981771,1001823,1.857047112,1.819877364
7,1843365,1000104,1000104,1000053,1001511,1.843267307,1.840583878
7,1843640,1000208,1000208,1000208,1001354,1.843256603,1.841147087
7,1843156,999948,999948,1000000,1001093,1.843156000,1.841143630
7,1837234,1000156,1000156,982344,1001355,1.870255226,1.834747917
7,1844135,1000521,1000521,1000521,1001666,1.843174706,1.841067781
7,1843416,1000104,1000104,1000157,1001250,1.843126629,1.841114607
7,1843175,1000105,1000105,1000104,1001198,1.842983330,1.840969519
7,1831425,1000469,1000469,988699,1001614,1.852358503,1.828473843
7,1843492,1000156,1000156,1000104,1001250,1.843300297,1.841190512
7,1843567,1000208,1000208,1000208,1001511,1.843183618,1.840785573
7,1843478,1000156,1000156,1000156,1001198,1.843190462,1.841272156
7,1834912,1000312,1000312,996459,1001459,1.841432513,1.832238764
7,1844127,1000521,1000521,1000521,1001510,1.843166710,1.841346567
7,1844010,1000417,1000417,1000417,1001458,1.843241368,1.841325348
7,1843793,1000312,1000312,1000313,1001354,1.843216073,1.841299880
7,1826259,1000208,1000208,981563,1001459,1.860562185,1.823598370
7,1843069,999948,999948,999948,1000937,1.843164845,1.841343661
7,1843563,1000209,1000209,1000156,1001250,1.843275449,1.841261423
7,1843444,1000365,1000365,1000312,1001250,1.842869025,1.841142572
7,1835773,1000208,1000208,985990,1001302,1.861857625,1.833385932
7,1843709,1000313,1000313,1000208,1001250,1.843325588,1.841407241
7,1843158,1000104,1000104,1000052,1000989,1.843062161,1.841336918
7,1843579,1000209,1000209,1000208,1001094,1.843195615,1.841564329
7,1832031,1000625,1000625,987500,1001927,1.855221266,1.828507466
7,1843779,1000364,1000364,1000261,1001458,1.843297899,1.841094684
7,1843451,1000157,1000157,1000104,1001250,1.843259301,1.841149563
7,1844167,1000521,1000521,1000521,1001614,1.843206689,1.841195311
7,1825130,1000833,1000833,996823,1002240,1.830946918,1.821050846
7,1843638,1000156,1000156,1000209,1001510,1.843252760,1.840858304
7,1843750,1000260,1000260,1000312,1001459,1.843174929,1.841063888
7,1843726,1000313,1000313,1000416,1001875,1.842959329,1.840275483
7,1830652,1000677,1000677,982917,1001979,1.862468550,1.827036295
7,1843994,1000416,1000416,1000365,1001979,1.843321188,1.840351944
7,1844316,1000573,1000573,1000625,1002031,1.843164022,1.840577787
7,1843312,1000104,1000104,1000052,1001250,1.843216153,1.841010737
7,1914948,1000469,1000469,977500,1001927,1.959026087,1.911264992
7,2091904,1000208,1000208,1000209,1001250,2.091466883,2.089292385
7,2093415,1000312,1000312,1000261,1001719,2.092868761,2.089822595
7,2093248,1000208,1000208,1000209,1001302,2.092810603,2.090526135
7,2032699,1000573,1000573,946092,1001771,2.148521497,2.029105454
7,2093385,1000260,1000260,1000417,1001667,2.092512422,2.089901135
7,2093582,1000364,1000364,1000365,1001354,2.092818121,2.090751123
7,2093204,1000156,1000156,1000157,1001198,2.092875419,2.090699342
7,2085794,1000052,1000052,993960,1001354,2.098468751,2.082973654
7,2092949,1000052,1000052,1000052,1001042,2.092840172,2.090770417
7,2093608,1000364,1000364,1000365,1001250,2.092844112,2.090994257
7,2093887,1000521,1000521,1000573,1001406,2.092687890,2.090947128
7,2082718,1000521,1000521,987031,1001510,2.110083675,2.079577837
7,1827459,1000209,1000209,1000208,1001042,1.827078968,1.825556770
7,1843337,1000104,1000104,1000104,1001041,1.843145313,1.841420082
7,1843760,1000313,1000313,1000313,1001146,1.843183084,1.841649470
7,1837099,1000573,1000573,987083,1001562,1.861139337,1.834233927
7,1843628,1000208,1000208,1000261,1001302,1.843146939,1.841230718
7,1843649,1000260,1000260,1000261,1001250,1.843167933,1.841347316
7,1843784,1000313,1000313,1000312,1001146,1.843208919,1.841673442
7,1832772,1000625,1000625,986249,1001927,1.858325839,1.829247041
7,1843380,1000104,1000104,1000052,1001198,1.843284149,1.841174273
7,1843892,1000417,1000417,1000365,1001406,1.843219225,1.841303128
7,1843311,1000052,1000052,1000052,1001406,1.843215153,1.840722944
7,1834738,1000260,1000260,992031,1001563,1.849476478,1.831874780
7,1843882,1000365,1000365,1000365,1001666,1.843209229,1.840815202
7,1843261,1000052,1000052,1000000,1001146,1.843261000,1.841151041
7,1843354,1000104,1000104,1000104,1001198,1.843162311,1.841148304
7,1824301,1000052,1000052,977135,1001354,1.866989720,1.821834236
7,1843696,1000261,1000261,1000260,1001355,1.843216764,1.841201172
7,1843627,1000261,1000261,1000260,1001354,1.843147782,1.841134104
7,1843205,1000000,1000000,1000000,1001146,1.843205000,1.841095105
7,1836661,1000417,1000417,980468,1001718,1.873249305,1.833511028
7,1843725,1000312,1000312,1000261,1001510,1.843243913,1.840945173
7,1843251,1000052,1000052,1000052,1001094,1.843155156,1.841236687
7,1843891,1000364,1000364,1000365,1001406,1.843218225,1.841302129
7,1829909,1000520,1000520,982864,1001719,1.861813028,1.826768784
7,1843095,999947,999947,999896,1000937,1.843286702,1.841369637
7,1843465,1000156,1000156,1000157,1001094,1.843175621,1.841450453
7,1843667,1000261,1000261,1000208,1001198,1.843283597,1.841460930
7,1838140,1000313,1000313,997291,1001406,1.843133047,1.835559204
7,1843558,1000157,1000157,1000208,1001094,1.843174620,1.841543352
7,1843666,1000260,1000260,1000260,1001197,1.843186771,1.841461770
7,1843769,1000312,1000312,1000313,1001302,1.843192081,1.841371534
7,1830967,1000312,1000312,986406,1001406,1.856200185,1.828396275
7,1832852,1000417,1000417,1000468,1001406,1.831994627,1.830278628
7,1843728,1000625,1000625,1000729,1001718,1.842384901,1.840565908
7,1843580,1000208,1000208,1000157,1001146,1.843290603,1.841469676
7,1830303,1000105,1000105,981301,1001198,1.865180001,1.828112921
7,1844015,1000417,1000417,1000468,1001302,1.843152405,1.841617214
7,1843765,1000313,1000313,1000312,1001198,1.843189925,1.841558813
7,1843660,1000260,1000260,1000261,1001146,1.843178930,1.841549584
7,1833752,1000625,1000625,985990,1001771,1.859807909,1.830510166
7,1843576,1000208,1000208,1000312,1001407,1.843000984,1.840985733
7,1844500,1000729,1000729,1000834,1001771,1.842962969,1.841239165
7,1843924,1000416,1000416,1000365,1001354,1.843251213,1.841430703
7,1839853,1000520,1000520,995312,1001563,1.848518856,1.836981797
7,1844148,1000521,1000521,1000468,1001406,1.843285342,1.841558768
7,1844287,1000573,1000573,1000625,1001510,1.843135041,1.841506325
7,1843523,1000157,1000157,1000156,1001094,1.843235455,1.841508390
7,1833403,1000365,1000365,986197,1001458,1.859063656,1.830733790
7,1843715,1000312,1000312,1000521,1001510,1.842754925,1.840935188
7,1843511,1000156,1000156,1000261,1001250,1.843029969,1.841209488
7,1843412,1000104,1000104,1000104,1001146,1.843220305,1.841301868
7,1962650,1000573,1000573,976980,1001562,2.008894757,1.959589122
7,2093679,1000469,1000469,1000365,1001250,2.092915086,2.091065169
7,2093121,1000156,1000156,1000156,1001093,2.092794524,2.090835717
7,2093615,1000365,1000365,1000417,1001250,2.092742326,2.091001248
7,2074760,1000521,1000521,980727,1001510,2.115532661,2.071631836
7,2092163,1000364,1000364,1000417,1001250,2.091290932,2.089551061
7,2093430,1000313,1000313,1000312,1001145,2.092777054,2.091035764
7,2093521,1000365,1000365,1000417,1001302,2.092648366,2.090798780
7,2088071,1000313,1000313,997657,1001198,2.092974840,2.085572484
7,2093099,1000156,1000156,1000156,1000990,2.092772527,2.091028881
7,2092975,1000104,1000104,1000104,1000885,2.092757353,2.091124355
7,2092840,1000000,1000000,1000000,1000781,2.092840000,2.091206768
7,2081300,1000156,1000156,987187,1001093,2.108313825,2.079027623
7,1906355,1000625,1000625,1000677,1001719,1.905065271,1.903083599
7,1843580,1000209,1000209,1000208,1001094,1.843196615,1.841565328
7,1844080,1000469,1000469,1000468,1001354,1.843217374,1.841586492
7,1837212,1000260,1000260,982031,1001355,1.870828925,1.834725946
7,1844123,1000521,1000521,1000521,1001458,1.843162712,1.841438183
7,1844028,1000417,1000417,1000469,1001302,1.843163556,1.841630197
7,1843328,1000052,1000052,1000052,1000937,1.843232152,1.841602419
7,1823923,1000416,1000416,984114,1001615,1.853365565,1.820982114
7,1843300,1000052,1000052,1000052,1001250,1.843204153,1.840998752
7,1843462,1000104,1000104,1000105,1001458,1.843268457,1.840778145
7,1843381,1000104,1000104,1000052,1001198,1.843285149,1.841175272
7,1825503,1000625,1000625,986250,1001979,1.850953612,1.821897465
7,1844077,1000469,1000469,1000468,1001771,1.843214376,1.840816913
7,1841559,1000208,1000208,1000208,1001302,1.841176035,1.839164408
7,1843531,1000156,1000156,1000156,1001302,1.843243454,1.841133844
7,1787438,1000677,1000677,952864,1001875,1.875858465,1.784092826
7,1844029,1000469,1000469,1000469,1001615,1.843164556,1.841055695
7,1843985,1000469,1000469,1000417,1001771,1.843216379,1.840725076
7,1843218,1000364,1000364,1000365,1001458,1.842545471,1.840534501
7,1833528,1000260,1000260,979011,1001562,1.872836975,1.830668496
7,1843523,1000156,1000156,1000156,1001354,1.843235455,1.841030245
7,1843824,1000312,1000312,1000365,1001354,1.843151250,1.841330838
7,1843446,1000156,1000156,1000104,1001146,1.843254302,1.841335829
7,1829068,1000365,1000365,984114,1001511,1.858593618,1.826308448
7,1844150,1000468,1000468,1000469,1001458,1.843285499,1.841465144
7,1843177,1000000,1000000,1000053,1000990,1.843079317,1.841354059
7,1843340,1000104,1000104,1000052,1000989,1.843244151,1.841518738
7,1837597,1000208,1000208,997656,1001198,1.841914447,1.835398193
7,1843290,1000052,1000052,1000052,1000990,1.843194154,1.841466948
7,1843766,1000261,1000261,1000312,1001250,1.843190924,1.841464170
7,1843826,1000364,1000364,1000313,1001250,1.843249063,1.841524095
7,1829171,1000521,1000521,988646,1001615,1.850177920,1.826221652
7,1843589,1000208,1000208,1000208,1001146,1.843205613,1.841478665
7,1843869,1000365,1000365,1000364,1001198,1.843198076,1.841662688
7,1843421,1000104,1000104,1000105,1000990,1.843227461,1.841597818
7,1833729,1000573,1000573,977813,1001719,1.875337104,1.830582229
7,1843573,1000156,1000156,1000156,1001146,1.843285447,1.841462684
7,1843288,1000052,1000052,1000052,1001042,1.843192154,1.841369293
7,1844004,1000417,1000417,1000417,1001302,1.843235371,1.841606229
7,1831727,1000469,1000469,983437,1001666,1.862576861,1.828680418
7,1843838,1000312,1000312,1000313,1001458,1.843261059,1.841153598
7,1843944,1000416,1000416,1000417,1001458,1.843175396,1.841259444
7,1843938,1000364,1000364,1000365,1001406,1.843265208,1.841349063
7,1838202,1000573,1000573,994011,1001875,1.849277322,1.834761822
7,1843939,1000364,1000364,1000365,1001406,1.843266208,1.841350062
7,1844115,1000469,1000469,1000521,1001510,1.843154716,1.841334585
7,1843200,1000000,1000000,1000000,1000990,1.843200000,1.841377037
7,1824288,1000416,1000416,976511,1001770,1.868169432,1.821064715
7,1843561,1000208,1000208,1000157,1001510,1.843271606,1.840781420
7,1844016,1000469,1000469,1000417,1001510,1.843247366,1.841235734
7,1843888,1000365,1000365,1000364,1001458,1.843217069,1.841203525
7,1834819,1000469,1000469,980574,1001979,1.871168316,1.831195065
7,1843474,1000156,1000156,1000105,1001355,1.843280456,1.840979473
7,1843699,1000260,1000260,1000261,1001407,1.843217920,1.841108560
7,1844021,1000468,1000468,1000417,1001562,1.843252364,1.841145131
7,1825285,1000469,1000469,976770,1001927,1.868694780,1.821774441
7,1843609,1000260,1000260,1000209,1001355,1.843223766,1.841114290
7,1843732,1000312,1000312,1000261,1001718,1.843250912,1.840569901
7,1843276,1000053,1000053,1000000,1001146,1.843276000,1.841166024
7,1837357,1000417,1000417,994166,1001563,1.848139043,1.834489693
7,1843404,1000104,1000104,1000105,1001198,1.843210463,1.841198245
7,1843488,1000156,1000156,1000157,1001250,1.843198618,1.841186517
7,1843147,999948,999948,999948,1001093,1.843242849,1.841134640
7,1831214,1000260,1000260,981719,1001771,1.865313802,1.827976653
7,1843609,1000208,1000208,1000208,1001355,1.843225609,1.841114290
7,1843827,1000312,1000312,1000313,1001458,1.843250063,1.841142614
7,1843837,1000312,1000312,1000312,1001458,1.843261902,1.841152600
7,1835518,1000729,1000729,979323,1002135,1.874272329,1.831607518
7,1843678,1000260,1000260,1000208,1001770,1.843294595,1.840420456
7,1844072,1000468,1000468,1000469,1001615,1.843207536,1.841098626
7,1843957,1000417,1000417,1000416,1001510,1.843190233,1.841176823
7,1827531,1000469,1000469,981303,1001927,1.862351384,1.824016121
7,1843244,1000052,1000052,1000000,1001145,1.843244000,1.841135899
7,1843671,1000261,1000261,1000260,1001407,1.843191770,1.841080600
7,1843427,1000157,1000157,1000156,1001250,1.843139470,1.841125593
7,1837627,1000417,1000417,995938,1001667,1.845121885,1.834568774
7,1843821,1000313,1000313,1000312,1001458,1.843245907,1.841136623
7,1843575,1000208,1000208,1000208,1001302,1.843191616,1.841177787
7,1844064,1000468,1000468,1000417,1001875,1.843295346,1.840612851
7,1828358,1000156,1000156,983958,1001667,1.858166710,1.825315200
7,1843356,1000105,1000105,1000000,1001198,1.843356000,1.841150302
7,1844043,1000469,1000469,1000417,1001927,1.843274355,1.840496364
7,1843250,1000000,1000000,1000000,1001146,1.843250000,1.841140053
7,1835293,1000261,1000261,981353,1001771,1.870165985,1.832048442
7,1843596,1000209,1000209,1000260,1001354,1.843116790,1.841103146
7,1843488,1000157,1000157,1000156,1001302,1.843200461,1.841090900
7,1843224,1000000,1000000,999948,1001094,1.843319853,1.841209717
7,1829037,1000208,1000208,980470,1001562,1.865469622,1.826184500
7,1843238,1000052,1000052,1000052,1001250,1.843142157,1.840936829
7,1843523,1000208,1000208,1000208,1001302,1.843139627,1.841125854
7,1843117,999947,999947,999948,1001094,1.843212847,1.841102834
7,1835771,1000104,1000104,996562,1001250,1.842104154,1.833479151
7,1843651,1000261,1000261,1000208,1001354,1.843267600,1.841158072
7,1843150,1000000,1000000,1000000,1001094,1.843150000,1.841135797
7,1843510,1000156,1000156,1000208,1001354,1.843126630,1.841017263
7,1810577,1000417,1000417,971301,1001823,1.864074061,1.807282324
7,1843446,1000104,1000104,1000104,1001250,1.843254302,1.841144569
7,1843741,1000261,1000261,1000312,1001719,1.843165932,1.840577048
7,1843532,1000208,1000208,1000209,1001302,1.843146782,1.841134842
7,1835359,1000469,1000469,983282,1002031,1.866564221,1.831638941
7,1843734,1000260,1000260,1000261,1001459,1.843252911,1.841047911
7,1844099,1000469,1000469,1000417,1001614,1.843330331,1.841127420
7,1837176,1000469,1000469,990886,1001615,1.854074031,1.834213745
7,1793672,1000365,1000365,962396,1001823,1.863756707,1.790408086
7,1843789,1000313,1000313,1000364,1001406,1.843118105,1.841200272
7,1843826,1000313,1000313,1000313,1001511,1.843249063,1.841044182
7,1835550,1000468,1000468,991615,1001615,1.851071232,1.832590367
7,1844054,1000469,1000469,1000469,1001615,1.843189544,1.841080655
7,1843559,1000156,1000156,1000208,1001302,1.843175619,1.841161807
7,1844213,1000573,1000573,1000572,1001927,1.843158713,1.840666037
7,1833195,1000156,1000156,990781,1001354,1.850252478,1.830716210
7,1836075,1000729,1000729,988021,1002135,1.858336007,1.832163331
7,1843851,1000365,1000365,1000312,1001823,1.843275898,1.840495776
7,1844045,1000469,1000469,1000469,1001562,1.843180548,1.841169094
7,1832682,1000521,1000521,979479,1001823,1.871078400,1.829347100
7,1843901,1000417,1000417,1000365,1001667,1.843228222,1.840832333
7,1843511,1000156,1000156,1000157,1001198,1.843221614,1.841305116
7,1843667,1000260,1000260,1000208,1001459,1.843283597,1.840981009
7,1832697,1000260,1000260,983230,1001459,1.863955534,1.830026991
7,1835066,1000157,1000157,992239,1001458,1.849419344,1.832394369
7,1843877,1000364,1000364,1000365,1001302,1.843204230,1.841479394
7,1843597,1000208,1000208,1000208,1001146,1.843213612,1.841486656
7,1838187,1000625,1000625,995938,1001563,1.845684169,1.835318397
7,1843584,1000208,1000208,1000209,1001093,1.843198771,1.841571163
7,1844021,1000417,1000417,1000468,1001354,1.843158402,1.841527572
7,1843196,1000000,1000000,1000000,1000938,1.843196000,1.841468702
7,1836816,1000105,1000105,993333,1001094,1.849144245,1.834808719
7,1838972,1000365,1000365,994947,1001511,1.848311518,1.836197506
7,1843807,1000312,1000312,1000365,1001354,1.843134256,1.841313861
7,1843807,1000365,1000365,1000312,1001406,1.843231912,1.841218247
7,1836585,1000886,1000886,985625,1002031,1.863370958,1.832862456
7,1843852,1000365,1000365,1000364,1001667,1.843181082,1.840783414
7,1843672,1000261,1000261,1000260,1001354,1.843192770,1.841179044
7,1843581,1000208,1000208,1000209,1001354,1.843195772,1.841088167
7,1849208,1012344,1012344,995105,1013490,1.858304400,1.824594224
7,1843580,1000156,1000156,1000209,1001667,1.843194772,1.840511867
7,1843706,1000261,1000261,1000260,1001354,1.843226761,1.841212998
7,1843502,1000157,1000157,1000156,1001302,1.843214459,1.841104881
7,1836248,1000365,1000365,995261,1001615,1.844991414,1.833287241
7,1843827,1000312,1000312,1000312,1001458,1.843251905,1.841142614
7,1843473,1000156,1000156,1000156,1001458,1.843185463,1.840789129
7,1844135,1000521,1000521,1000521,1001979,1.843174706,1.840492665
7,1824242,1000365,1000365,981250,1001563,1.859100127,1.821395159
7,1844075,1000469,1000469,1000469,1001927,1.843210534,1.840528302
7,1843476,1000156,1000156,1000156,1001302,1.843188463,1.841078915
7,1843889,1000365,1000365,1000364,1001510,1.843218069,1.841108926
7,1836350,1000678,1000678,980208,1001979,1.873428905,1.832723041
7,1843484,1000156,1000156,1000157,1001615,1.843194618,1.840511574
7,1843376,1000052,1000052,1000052,1001198,1.843280149,1.841170278
7,1843870,1000365,1000365,1000416,1001562,1.843103269,1.840994367
7,1827557,1000053,1000053,980936,1001302,1.863074655,1.825180615
7,1843868,1000364,1000364,1000365,1001563,1.843195234,1.840990532
7,1843846,1000365,1000365,1000364,1001510,1.843175084,1.841065990
7,1843155,999948,999948,1000000,1001094,1.843155000,1.841140792
7,1837249,1000313,1000313,996927,1001510,1.842912269,1.834478937
7,1843179,1000000,1000000,999948,1001250,1.843274850,1.840877903
7,1843334,1000052,1000052,1000104,1001407,1.843142313,1.840744073
7,1844179,1000573,1000573,1000521,1001615,1.843218683,1.841205453
7,1774223,1000157,1000157,932656,1001458,1.902333765,1.771639949
7,1843763,1000313,1000313,1000312,1001667,1.843187925,1.840694562
7,1843797,1000312,1000312,1000312,1001666,1.843221915,1.840730343
7,1843816,1000312,1000312,1000313,1001458,1.843239066,1.841131630
7,1835242,1000052,1000052,978437,1001302,1.875687448,1.832855622
7,1843495,1000208,1000208,1000156,1001302,1.843207460,1.841097891
7,1843660,1000209,1000209,1000260,1001719,1.843180773,1.840496187
7,1843569,1000208,1000208,1000156,1001303,1.843281448,1.841169956
7,1814515,1000156,1000156,967084,1001355,1.876274450,1.812059659
7,1843829,1000364,1000364,1000313,1001823,1.843252062,1.840473816
7,1843835,1000365,1000365,1000313,1001562,1.843258060,1.840959421
7,1843989,1000416,1000416,1000417,1001563,1.843220377,1.841111343
7,1837105,1000365,1000365,996197,1001666,1.844118181,1.834049474
7,1843494,1000156,1000156,1000157,1001250,1.843204617,1.841192509
7,1843486,1000156,1000156,1000157,1001302,1.843196618,1.841088902
7,1843466,1000156,1000156,1000157,1001250,1.843176621,1.841164544
7,1793061,1000104,1000104,956094,1001250,1.875402419,1.790822472
7,1844147,1000521,1000521,1000521,1001980,1.843186700,1.840502804
7,1844179,1000573,1000573,1000520,1001666,1.843220525,1.841111708
7,1843397,1000105,1000105,1000104,1001198,1.843205307,1.841191253
7,1836111,1000157,1000157,979426,1001406,1.874680680,1.833533053
7,1843776,1000312,1000312,1000313,1001355,1.843199079,1.841281064
7,1843850,1000365,1000365,1000520,1001770,1.842891696,1.840592152
7,1843966,1000416,1000416,1000469,1001719,1.843101585,1.840801662
7,1815250,1000521,1000521,982448,1001979,1.847680488,1.811664716
7,1843629,1000261,1000261,1000365,1001510,1.842956321,1.840849318
7,1843275,1000052,1000052,1000052,1000990,1.843179155,1.841451963
7,1843524,1000209,1000209,1000156,1001198,1.843236455,1.841318101
7,1838624,1000104,1000104,995157,1001093,1.847571790,1.836616578
7,1844010,1000416,1000416,1000469,1001407,1.843145565,1.841419123
7,1843438,1000156,1000156,1000104,1001198,1.843246302,1.841232204
7,1843842,1000312,1000312,1000365,1001302,1.843169243,1.841444439
7,1834037,1000625,1000625,986458,1001719,1.859214483,1.830889701
7,1844082,1000469,1000469,1000573,1001615,1.843025946,1.841108610
7,1843511,1000156,1000156,1000156,1001198,1.843223457,1.841305116
7,1843311,1000052,1000052,1000052,1001094,1.843215153,1.841296621
7,1861909,1000157,1000157,977291,1001250,1.905173587,1.859584519
7,2089642,1000417,1000417,1000468,1001458,2.088664505,2.086599738
7,2093227,1000209,1000209,1000208,1001042,2.092791699,2.091048128
7,2093898,1000520,1000520,1000625,1001511,2.092590131,2.090738894
7,2081612,1000468,1000468,988229,1001459,2.106406511,2.078579353
7,2094092,1000625,1000625,1000677,1001615,2.092675259,2.090715494
7,2093372,1000260,1000260,1000260,1001250,2.092827865,2.090758552
7,2093481,1000312,1000312,1000313,1001250,2.092825945,2.090867416
7,2086840,1000104,1000104,997291,1001042,2.092508606,2.084667776
7,2093716,1000417,1000417,1000417,1001250,2.092843284,2.091102122
7,2093499,1000312,1000312,1000313,1001146,2.092843940,2.091102596
7,2093421,1000313,1000313,1000312,1001094,2.092768056,2.091133300
7,1987046,1000364,1000364,987291,1001563,2.012624444,1.983945094
7,1841675,1000209,1000209,1000260,1001302,1.841196289,1.839280257
7,1844003,1000417,1000417,1000416,1001302,1.843236214,1.841605230
7,1843257,1000052,1000052,1000052,1000937,1.843161156,1.841531485
7,1837771,1000417,1000417,985521,1001458,1.864771020,1.835095431
7,1843736,1000260,1000260,1000260,1001302,1.843256753,1.841338577
7,1843820,1000312,1000312,1000313,1001250,1.843243065,1.841518102
7,1843675,1000208,1000208,1000261,1001198,1.843193926,1.841468920
7,1819787,1000417,1000417,980730,1001510,1.855543320,1.817043265
7,1843696,1000260,1000260,1000260,1001197,1.843216764,1.841491734
7,1843388,1000104,1000104,1000105,1001042,1.843194465,1.841469189
7,1843436,1000469,1000469,1000469,1001458,1.842571834,1.840752183
7,1838185,1000573,1000573,995312,1001719,1.846843000,1.835030582
7,1843458,1000105,1000105,1000156,1001302,1.843170465,1.841060939
7,1843912,1000365,1000365,1000365,1001354,1.843239218,1.841418719
7,1843829,1000365,1000365,1000364,1001458,1.843158090,1.841144611
7,1831900,1000573,1000573,984531,1001667,1.860682904,1.828851305
7,1843983,1000416,1000416,1000417,1001667,1.843214380,1.840914196
7,1843170,1000000,1000000,1000000,1001250,1.843170000,1.840868914
7,1843893,1000364,1000364,1000313,1001511,1.843316042,1.841111081
7,1837020,1000156,1000156,981406,1001406,1.871824709,1.834440776
7,1843452,1000105,1000105,1000104,1001146,1.843260301,1.841341822
7,1843889,1000365,1000365,1000364,1001406,1.843218069,1.841300132
7,1843148,1000052,1000052,1000052,1001093,1.843052161,1.841135639
7,1830004,1000469,1000469,980521,1001719,1.866358803,1.826863621
7,1843562,1000157,1000157,1000208,1001198,1.843178619,1.841356055
7,1843801,1000365,1000365,1000312,1001302,1.843225914,1.841403493
7,1843989,1000417,1000417,1000416,1001354,1.843222220,1.841495615
7,1838199,1000365,1000365,997292,1001458,1.843190359,1.835522808
7,1844471,1000730,1000730,1000729,1001875,1.843127360,1.841019089
7,1831867,1000261,1000261,1000364,1001354,1.831200443,1.829390006
7,1844021,1000417,1000417,1000468,1001458,1.843158402,1.841336332
7,1831814,1000053,1000053,983125,1001250,1.863256453,1.829527091
7,1844002,1000417,1000417,1000417,1001302,1.843233372,1.841604231
7,1843536,1000208,1000208,1000156,1001146,1.843248453,1.841425726
7,1843373,1000105,1000105,1000104,1001198,1.843181309,1.841167282
7,1893538,1000521,1000521,979324,1001614,1.933515364,1.890486754
7,2090199,1000364,1000364,1000469,1001406,2.089219156,2.087264306
7,2093553,1000364,1000364,1000469,1001458,2.092571584,2.090505044
7,2093854,1000416,1000416,1000521,1001406,2.092763670,2.090914175
7,2082118,1000365,1000365,986197,1001354,2.111259718,2.079302624
7,2093535,1000365,1000365,1000364,1001250,2.092773231,2.090921348
7,2093411,1000313,1000313,1000312,1001250,2.092758059,2.090797503
7,2093164,1000156,1000156,1000208,1000938,2.092728712,2.091202452
7,2087238,1000260,1000260,996042,1001146,2.095532116,2.084848763
7,2093120,1000157,1000157,1000156,1000989,2.092793524,2.091051950
7,1945614,1000208,1000208,1000260,1001146,1.945108272,1.943386879
7,1841163,1000365,1000365,1000312,1001250,1.840588736,1.838864419
7,1832816,1000469,1000469,987759,1001459,1.855529537,1.830145817
7,1843170,1000000,1000000,999948,1000937,1.843265850,1.841444566
7,1843419,1000104,1000104,1000156,1000990,1.843131471,1.841595820
7,1843341,1000052,1000052,1000052,1000989,1.843245151,1.841519737
7,1837193,1000625,1000625,982969,1001667,1.869024354,1.834135496
7,1843935,1000417,1000417,1000364,1001302,1.843264052,1.841537318
7,1843905,1000417,1000417,1000364,1001303,1.843234063,1.841505518
7,1843704,1000312,1000312,1000261,1001198,1.843222919,1.841497886
7,1832173,1000729,1000729,986926,1001771,1.856444151,1.828933958
7,1843817,1000313,1000313,1000364,1001302,1.843146095,1.841419472
7,1843774,1000312,1000312,1000313,1001250,1.843197079,1.841472160
7,1843921,1000364,1000364,1000417,1001302,1.843152405,1.841523337
7,1837493,1000468,1000468,996302,1001510,1.844313270,1.834722569
7,1844107,1000521,1000521,1000468,1001354,1.843244362,1.841613455
7,1843618,1000209,1000209,1000208,1001198,1.843234607,1.841411988
7,1843909,1000417,1000417,1000416,1001406,1.843142253,1.841320104
7,1819411,1000261,1000261,982031,1001406,1.852702206,1.816856500
7,1843163,1000729,1000729,1000729,1001771,1.841820313,1.839904529
7,1843976,1000416,1000416,1000417,1001458,1.843207383,1.841291397
7,1843581,1000208,1000208,1000209,1001094,1.843195772,1.841566326
7,1834603,1000677,1000677,976770,1001823,1.878234385,1.831264605
7,1844151,1000521,1000521,1000573,1001562,1.843094907,1.841274929
7,1843910,1000364,1000364,1000417,1001354,1.843141410,1.841416722
7,1843369,1000104,1000104,1000105,1001094,1.843175467,1.841354558
7,1830533,1000313,1000313,981666,1001458,1.864720791,1.827867969
7,1843945,1000416,1000416,1000417,1001250,1.843176395,1.841642946
7,1843993,1000417,1000417,1000417,1001302,1.843224375,1.841595243
7,1843991,1000416,1000416,1000469,1001354,1.843126574,1.841497612
7,1839777,1000468,1000468,995833,1001458,1.847475430,1.837098510
7,1843818,1000313,1000313,1000312,1001197,1.843242908,1.841613589
7,1844024,1000469,1000469,1000416,1001355,1.843257205,1.841528729
7,1844002,1000417,1000417,1000469,1001302,1.843137568,1.841604231
7,1825990,1000521,1000521,985053,1001719,1.853697212,1.822856510
7,1843588,1000208,1000208,1000208,1001302,1.843204613,1.841190770
7,1843505,1000156,1000156,1000156,1001198,1.843217458,1.841299124
7,1844130,1000521,1000521,1000469,1001562,1.843265508,1.841253961
7,1829611,1000417,1000417,979428,1001719,1.868040326,1.826471296
7,1843813,1000313,1000313,1000364,1001719,1.843142096,1.840648924
7,1843172,1000000,1000000,999948,1001406,1.843267850,1.840584139
7,1843429,1000104,1000104,1000104,1001250,1.843237303,1.841127591
7,1826265,1000364,1000364,978697,1001562,1.866016755,1.823416823
7,1843783,1000312,1000312,1000313,1001823,1.843206076,1.840427900
7,1843195,1000000,1000000,999948,1001093,1.843290851,1.841182587
7,1843854,1000365,1000365,1000312,1001459,1.843278897,1.841167736
7,1836784,1000365,1000365,994011,1001875,1.847850778,1.833346475
7,1843902,1000364,1000364,1000365,1001510,1.843229221,1.841121906
7,1843555,1000208,1000208,1000209,1001302,1.843169778,1.841157813
7,1843227,1000000,1000000,1000000,1001146,1.843227000,1.841117080
7,1828000,1000730,1000730,981718,1001979,1.862041849,1.824389533
7,1843646,1000209,1000209,1000208,1001719,1.843262601,1.840482211
7,1843505,1000208,1000208,1000156,1001302,1.843217458,1.841107878
7,1843425,1000104,1000104,1000156,1001250,1.843137471,1.841123596
7,1834775,1000521,1000521,977499,1001875,1.877009593,1.831341235
7,1843682,1000312,1000312,1000260,1001354,1.843202767,1.841189030
7,1843581,1000208,1000208,1000208,1001354,1.843197615,1.841088167
7,1843679,1000312,1000312,1000260,1001406,1.843199768,1.841090427
7,1830275,1000313,1000313,982968,1001511,1.861988386,1.827513627
7,1843326,1000104,1000104,1000052,1001198,1.843230152,1.841120338
7,1844182,1000520,1000520,1000521,1001927,1.843221682,1.840635096
7,1843427,1000104,1000104,1000104,1001510,1.843235304,1.840647622
7,1836226,1000260,1000260,988125,1001615,1.858293232,1.833265277
7,1844037,1000469,1000469,1000469,1001562,1.843172552,1.841161106
7,1843612,1000209,1000209,1000208,1001302,1.843228608,1.841214738
7,1843663,1000208,1000208,1000208,1001406,1.843279598,1.841074449
7,1827130,1000573,1000573,973748,1001927,1.876388963,1.823615892
7,1843384,1000104,1000104,1000104,1001146,1.843192308,1.841273900
7,1843888,1000365,1000365,1000364,1001355,1.843217069,1.841392913
7,1843529,1000157,1000157,1000156,1001198,1.843241454,1.841323095
7,1836356,1000573,1000573,984323,1001615,1.865603059,1.833395067
7,1843382,1000104,1000104,1000052,1001250,1.843286149,1.841080649
7,1844096,1000521,1000521,1000469,1001510,1.843231524,1.841315613
7,1843710,1000313,1000313,1000260,1001250,1.843230760,1.841408240
7,1826886,1000417,1000417,982916,1001667,1.858638988,1.823845649
7,1844122,1000521,1000521,1000521,1001510,1.843161713,1.841341574
7,1843916,1000365,1000365,1000364,1001354,1.843245059,1.841422714
7,1843211,1000000,1000000,1000000,1001042,1.843211000,1.841292373
7,1837173,1000521,1000521,992553,1001771,1.850957077,1.833925119
7,1843795,1000312,1000312,1000365,1001302,1.843122260,1.841397500
7,1843407,1000104,1000104,1000105,1001094,1.843213463,1.841392517
7,1843712,1000261,1000261,1000260,1001459,1.843232759,1.841025943
7,1830012,1000364,1000364,986407,1001614,1.855230143,1.827063120
7,1843927,1000417,1000417,1000364,1001459,1.843256055,1.841240630
7,1843580,1000209,1000209,1000208,1001197,1.843196615,1.841375873
7,1843345,1000104,1000104,1000104,1001094,1.843153312,1.841330584
7,1835864,1000364,1000364,984271,1001510,1.865201758,1.833096025
7,1843462,1000156,1000156,1000104,1001250,1.843270300,1.841160549
7,1843855,1000364,1000364,1000365,1001458,1.843182238,1.841170573
7,1843524,1000156,1000156,1000157,1001250,1.843234612,1.841222472
7,1828270,1000260,1000260,981355,1001718,1.863005742,1.825134419
7,1843117,999948,999948,999948,1001302,1.843212847,1.840720382
7,1843125,999948,999948,999895,1001094,1.843318548,1.841110825
7,1843620,1000208,1000208,1000209,1001354,1.843234764,1.841127114
7,1837829,1000573,1000573,996406,1001718,1.844457982,1.834677025
7,1844174,1000521,1000521,1000521,1001667,1.843213686,1.841104878
7,1843266,1000052,1000052,1000052,1001146,1.843170155,1.841156035
7,1843481,1000156,1000156,1000156,1001250,1.843193462,1.841179526
7,1827791,1000260,1000260,983595,1001823,1.858276018,1.824465000
7,1843308,1000052,1000052,1000052,1001198,1.843212153,1.841102359
7,1843521,1000208,1000208,1000208,1001303,1.843137627,1.841122018
7,1843341,1000104,1000104,1000052,1001197,1.843245151,1.841137159
7,1836452,1000625,1000625,983282,1001823,1.867675804,1.833110240
7,1844075,1000469,1000469,1000469,1001615,1.843210534,1.841101621
7,1843658,1000260,1000260,1000209,1001354,1.843272756,1.841165063
7,1843634,1000208,1000208,1000208,1001354,1.843250604,1.841141095
7,1800557,1000260,1000260,963957,1001406,1.867881036,1.798028971
7,1843688,1000261,1000261,1000260,1001354,1.843208766,1.841195022
7,1843893,1000365,1000365,1000364,1001406,1.843222067,1.841304126
7,1843173,1000000,1000000,1000000,1001042,1.843173000,1.841254413
7,1837611,1000521,1000521,997448,1001614,1.842312582,1.834649875
7,1843612,1000209,1000209,1000208,1001250,1.843228608,1.841310362
7,1843997,1000417,1000417,1000469,1001719,1.843132571,1.840832609
7,1844028,1000469,1000469,1000469,1001510,1.843163556,1.841247716
7,1826703,1000260,1000260,983124,1001562,1.858059614,1.823854140
7,1843620,1000260,1000260,1000208,1001197,1.843236607,1.841415825
7,1843531,1000209,1000209,1000208,1001146,1.843147625,1.841420732
7,1844002,1000417,1000417,1000469,1001562,1.843137568,1.841126161
7,1833261,1000521,1000521,980364,1001771,1.869979926,1.830020035
7,1843941,1000365,1000365,1000416,1001354,1.843174240,1.841447680
7,1843201,1000000,1000000,1000052,1000990,1.843105159,1.841378036
7,1843463,1000156,1000156,1000157,1001094,1.843173622,1.841448455
7,1830282,1000625,1000625,985729,1001875,1.856780109,1.826856644
7,1843398,1000104,1000104,1000157,1001458,1.843108632,1.840714239
7,1843204,1000000,1000000,1000000,1001093,1.843204000,1.841191578
7,1843831,1000364,1000364,1000313,1001407,1.843254061,1.841240375
7,1837429,1000469,1000469,994584,1001563,1.847434706,1.834561580
7,1843970,1000417,1000417,1000417,1001406,1.843201385,1.841381018
7,1843234,1000000,1000000,999948,1001042,1.843329853,1.841315349
7,1843689,1000260,1000260,1000313,1001355,1.843112106,1.841194182
7,1830304,1000417,1000417,984583,1001771,1.858963642,1.827068262
7,1843735,1000313,1000313,1000260,1001354,1.843255754,1.841241958
7,1843046,999896,999896,999948,1000990,1.843141843,1.841223189
7,1843545,1000156,1000156,1000157,1001458,1.843255609,1.840861025
7,1836177,1000260,1000260,985157,1001458,1.863842007,1.833503752
7,1843398,1000104,1000104,1000104,1001198,1.843206307,1.841192252
7,1843116,999948,999948,999948,1001094,1.843211847,1.841101835
7,1843961,1000416,1000416,1000417,1001510,1.843192389,1.841180817
7,1825152,1000313,1000313,984687,1001823,1.853535184,1.821830802
7,1843541,1000156,1000156,1000157,1001355,1.843251609,1.841046382
7,1843356,1000052,1000052,1000052,1001197,1.843260150,1.841152141
7,1843164,999948,999948,1000000,1001146,1.843164000,1.841054152
7,1837199,1000312,1000312,996042,1001563,1.844499529,1.834331939
7,1843865,1000365,1000365,1000312,1001771,1.843289894,1.840605288
7,1843658,1000260,1000260,1000260,1001406,1.843178774,1.841069456
7,1843906,1000417,1000417,1000364,1001510,1.843235062,1.841125900
7,1797838,1000417,1000417,960312,1001823,1.872139471,1.794566505
7,1843112,999895,999895,999948,1001146,1.843207847,1.841002211
7,1843144,1000000,1000000,1000000,1001042,1.843144000,1.841225443
7,1843499,1000156,1000156,1000208,1001458,1.843115632,1.840815092
7,1836540,1000365,1000365,983020,1001614,1.868263108,1.833580601
7,1843388,1000105,1000105,1000052,1001198,1.843292149,1.841182264
7,1844039,1000417,1000417,1000417,1001875,1.843270356,1.840587898
7,1843335,1000052,1000052,1000104,1001510,1.843143313,1.840555761
7,1798286,1000521,1000521,961980,1001979,1.869359030,1.794734221
7,1843391,1000104,1000104,1000104,1001250,1.843199307,1.841089638
7,1844122,1000521,1000521,1000468,1001614,1.843259355,1.841150383
7,1843271,1000000,1000000,1000000,1001146,1.843271000,1.841161029
7,1836934,1000365,1000365,990676,1001823,1.854222773,1.833591363
7,1843358,1000104,1000104,1000104,1001198,1.843166311,1.841152300
7,1843174,1000000,1000000,999948,1001094,1.843269850,1.841159771
7,1844181,1000573,1000573,1000521,1001563,1.843220682,1.841303043
7,1825843,1000625,1000625,981042,1002135,1.861126231,1.821953130
7,1843834,1000312,1000312,1000312,1001666,1.843258903,1.840767282
7,1843332,1000052,1000052,1000052,1001198,1.843236152,1.841126331
7,1843577,1000209,1000209,1000208,1001354,1.843193616,1.841084172
7,1833724,1000209,1000209,977291,1001458,1.876333661,1.831054323
7,1843206,1000000,1000000,999948,1001042,1.843301852,1.841287379
7,1844130,1000521,1000521,1000521,1001563,1.843169709,1.841252123
7,1844016,1000468,1000468,1000417,1001511,1.843247366,1.841233896
7,1827695,1000208,1000208,985000,1001563,1.855527919,1.824842771
7,1843094,999948,999948,999896,1001042,1.843285702,1.841175495
7,1843247,1000052,1000052,1000000,1001250,1.843247000,1.840945818
7,1843505,1000156,1000156,1000104,1001198,1.843313295,1.841299124
7,1836631,1000209,1000209,997135,1001458,1.841908067,1.833957091
7,1835378,1000416,1000416,1000521,1001615,1.834422266,1.832418644
7,1840377,1000208,1000208,1000572,1001823,1.839324906,1.837028098
7,1843742,1000312,1000312,1000417,1001771,1.842973480,1.840482505
7,1810343,1000729,1000729,967448,1002136,1.871256130,1.806484349
7,1844172,1000521,1000521,1000573,1001666,1.843115895,1.841104720
7,1843830,1000312,1000312,1000313,1001459,1.843253062,1.841143771
7,1843711,1000260,1000260,1000261,1001302,1.843229917,1.841313610
7,1835560,1000521,1000521,979740,1002084,1.873517464,1.831742648
7,1844156,1000521,1000521,1000469,1001719,1.843291496,1.840991336
7,1844003,1000469,1000469,1000416,1001927,1.843236214,1.840456440
7,1844281,1000573,1000573,1000573,1001770,1.843224832,1.841022390
7,1829253,1000677,1000677,978176,1001927,1.870065305,1.825734809
7,1843240,1000000,1000000,1000208,1001510,1.842856686,1.840460904
7,1843462,1000157,1000157,1000104,1001042,1.843270300,1.841543112
7,1843986,1000417,1000417,1000416,1001302,1.843219221,1.841588252
7,1839563,1000573,1000573,995781,1001823,1.847356999,1.836215579
7,1843163,1000000,1000000,1000000,1000989,1.843163000,1.841341913
7,1843225,1000052,1000052,1000000,1000990,1.843225000,1.841402012
7,1843614,1000208,1000208,1000260,1001094,1.843134785,1.841599290
7,1828141,1000156,1000156,982239,1001094,1.861197733,1.826143199
7,1843725,1000261,1000261,1000260,1001198,1.843245756,1.841518860
7,1844742,1000833,1000833,1000938,1001875,1.843013254,1.841289582
7,1843955,1000417,1000417,1000417,1001562,1.843186391,1.841079234
7,1833933,1000468,1000468,978230,1001771,1.874746225,1.830690847
7,1844010,1000468,1000468,1000417,1001563,1.843241368,1.841132310
7,1843736,1000260,1000260,1000312,1001406,1.843160934,1.841147347
7,1843822,1000209,1000209,1004479,1016771,1.835600346,1.813409312
7,1811351,1000417,1000417,964219,1001770,1.878568043,1.808150573
7,1843823,1000313,1000313,1000364,1001458,1.843152093,1.841138620
7,1844117,1000469,1000469,1000521,1001667,1.843156715,1.841047973
7,1835146,1000625,1000625,989896,1001771,1.853877579,1.831901702
7,1843359,1000052,1000052,1000052,1001302,1.843263150,1.840962067
7,1843195,1000000,1000000,1000000,1001407,1.843195000,1.840605268
7,1844050,1000469,1000469,1000468,1001562,1.843187388,1.841174086
7,1834619,1000469,1000469,989114,1001615,1.854810467,1.831660868
7,1819890,1000521,1000521,978125,1001979,1.860590415,1.816295551
7,1843852,1000313,1000313,1000313,1001406,1.843275055,1.841263184
7,1843333,1000052,1000052,1000052,1001198,1.843237152,1.841127329
7,1837703,1000365,1000365,979895,1001562,1.875408079,1.834836985
7,1841694,1000052,1000052,1000052,1001302,1.841598237,1.839299232
7,1843560,1000209,1000209,1000156,1001354,1.843272449,1.841067195
7,1844041,1000469,1000469,1000416,1001666,1.843274198,1.840973937
7,1837560,1000572,1000572,991771,1001667,1.852806747,1.834501885
7,1834365,1000000,1000000,991355,1001146,1.850361374,1.832265224
7,1843887,1000365,1000365,1000416,1001406,1.843120262,1.841298135
7,1843539,1000156,1000156,1000208,1001094,1.843155624,1.841524372
7,1839235,1000156,1000156,995001,1001250,1.848475529,1.836938826
7,1844011,1000365,1000365,1000417,1001458,1.843242368,1.841326346
7,1843763,1000312,1000312,1000261,1001250,1.843281903,1.841461174
7,1843301,1000053,1000053,1000104,1001042,1.843109317,1.841382280
7,1836734,1000417,1000417,986979,1001406,1.860965634,1.834155178
7,1839644,1000469,1000469,995782,1001510,1.847436487,1.836870326
7,1843917,1000416,1000416,1000365,1001303,1.843244216,1.841517503
7,1844290,1000625,1000625,1000677,1001719,1.843042260,1.841125106
7,1810216,993646,993646,974061,1001875,1.858421598,1.806828197
7,1843721,1000312,1000312,1000312,1001406,1.843145938,1.841132368
7,1844043,1000469,1000469,1000469,1001354,1.843178549,1.841549542
7,1844038,1000469,1000469,1000468,1001354,1.843175394,1.841544549
7,1832467,1000260,1000260,985417,1001146,1.859585333,1.830369397
7,1843495,1000156,1000156,1000156,1001146,1.843207460,1.841384773
7,1843402,1000104,1000104,1000105,1001146,1.843208463,1.841291880
7,1843860,1000364,1000364,1000365,1001406,1.843187237,1.841271173
7,1838732,1000468,1000468,994324,1001615,1.849228219,1.835767236
7,1843896,1000365,1000365,1000468,1001458,1.843033460,1.841211514
7,1843859,1000365,1000365,1000365,1001354,1.843186237,1.841365791
7,1843579,1000209,1000209,1000156,1001198,1.843291447,1.841373035
7,1829251,1000365,1000365,980155,1001406,1.866287475,1.826682684
7,1843658,1000261,1000261,1000208,1001198,1.843274599,1.841451941
7,1843625,1000209,1000209,1000260,1001146,1.843145782,1.841514624
7,1843588,1000208,1000208,1000208,1001198,1.843204613,1.841382024
7,1826229,1000312,1000312,973281,1001354,1.876363558,1.823759629
7,2087017,999896,999896,999895,1000989,2.087236160,2.084954980
7,2092841,1000000,1000000,1000000,1000833,2.092841000,2.091099114
7,2093936,1000521,1000521,1000625,1001510,2.092628107,2.090778924
7,2079149,1000104,1000104,985520,1001041,2.109697419,2.076986857
7,2092764,999948,999948,999948,1000782,2.092872829,2.091128737
7,2093131,1000156,1000156,1000156,1001146,2.092804522,2.090735018
7,2093429,1000313,1000313,1000364,1001406,2.092667269,2.090489771
7,2088035,1000156,1000156,995366,1001093,2.097756001,2.085755269
7,1934420,1000209,1000209,1000260,1001094,1.933917182,1.932306057
7,1843123,1000313,1000313,1000312,1001354,1.842548125,1.840630786
7,1843559,1000208,1000208,1000156,1001146,1.843271450,1.841448700
7,1832988,1000364,1000364,985990,1001407,1.859033053,1.830412609
7,1844076,1000469,1000469,1000469,1001510,1.843211534,1.841295644
7,1843503,1000208,1000208,1000157,1001615,1.843213615,1.840530543
7,1843331,1000104,1000104,1000052,1001302,1.843235152,1.840934104
7,1836202,1000521,1000521,980052,1001770,1.873576096,1.832957665
7,1843758,1000312,1000312,1000313,1001719,1.843181084,1.840594019
7,1843385,1000105,1000105,1000104,1001250,1.843193308,1.841083645
7,1843851,1000365,1000365,1000312,1001511,1.843275898,1.841069145
7,1827510,1000625,1000625,980989,1001823,1.862926088,1.824184512
7,1843281,1000052,1000052,1000000,1001302,1.843281000,1.840884169
7,1843637,1000260,1000260,1000208,1001354,1.843253603,1.841144091
7,1843281,1000052,1000052,1000052,1001146,1.843185154,1.841171018
7,1836919,1000573,1000573,989375,1001771,1.856645862,1.833671568
7,1844228,1000573,1000573,1000573,1001719,1.843171863,1.841063212
7,1844037,1000469,1000469,1000469,1001823,1.843172552,1.840681438
7,1843113,999948,999948,999948,1001042,1.843208847,1.841194475
7,1830166,1000573,1000573,983073,1001719,1.861678634,1.827025343
7,1843334,1000104,1000104,1000104,1001146,1.843142313,1.841223957
7,1843246,1000000,1000000,1000000,1001354,1.843246000,1.840753620
7,1843848,1000365,1000365,1000365,1001458,1.843175241,1.841163583
7,1828055,1000520,1000520,980417,1001875,1.864568852,1.824633812
7,1838697,1000365,1000365,1000364,1001563,1.838027958,1.835827601
7,1843868,1000365,1000365,1000364,1001354,1.843197076,1.841374779
7,1843608,1000208,1000208,1000208,1001250,1.843224609,1.841306367
7,1830266,1000417,1000417,984168,1001667,1.859708911,1.827220024
7,1843944,1000417,1000417,1000417,1001407,1.843175396,1.841353216
7,1843875,1000417,1000417,1000364,1001302,1.843204074,1.841477396
7,1843259,1000052,1000052,1000000,1000989,1.843259000,1.841437818
7,1839164,1000416,1000416,995886,1001459,1.846761577,1.836484569
7,1843694,1000260,1000260,1000260,1001197,1.843214764,1.841489737
7,1843993,1000417,1000417,1000417,1001407,1.843224375,1.841402147
7,1842920,1000208,1000208,1000312,1001302,1.842345188,1.840523638
7,1820864,1000469,1000469,984428,1001563,1.849667015,1.818022431
7,1844593,1000729,1000729,1000834,1001823,1.843055891,1.841236426
7,1843528,1000157,1000157,1000156,1001094,1.843240454,1.841513384
7,1843502,1000156,1000156,1000208,1001094,1.843118631,1.841487413
7,1835281,1000364,1000364,979427,1001458,1.873831332,1.832609056
7,1843612,1000209,1000209,1000208,1001511,1.843228608,1.840830505
7,1844229,1000521,1000521,1000572,1001458,1.843174704,1.841544029
7,1843926,1000365,1000365,1000417,1001354,1.843157403,1.841432700
7,1829218,1000313,1000313,986354,1001354,1.854524846,1.826744588
7,1843867,1000364,1000364,1000365,1001406,1.843194234,1.841278163
7,1843236,1000000,1000000,1000000,1000886,1.843236000,1.841604339
7,1843182,999948,999948,999948,1000938,1.843277850,1.841454715
7,1837568,1000156,1000156,995782,1001094,1.845351693,1.835559897
7,1844072,1000469,1000469,1000468,1001354,1.843209378,1.841578503
7,1843155,999948,999948,1000000,1000885,1.843155000,1.841525250
7,1844093,1000521,1000521,1000469,1001406,1.843228526,1.841503846
7,1826326,1000678,1000678,976302,1002083,1.870656825,1.822529671
7,1843068,999896,999896,999896,1001250,1.843259699,1.840767041
7,1843533,1000208,1000208,1000156,1001250,1.843245454,1.841231461
7,1843348,1000104,1000104,1000052,1001250,1.843252151,1.841046692
7,1827761,1000520,1000520,971510,1001875,1.881360974,1.824340362
7,1843438,1000156,1000156,1000157,1001615,1.843148626,1.840465648
7,1843413,1000105,1000105,1000104,1001198,1.843221305,1.841207234
7,1843525,1000157,1000157,1000156,1001302,1.843237455,1.841127852
7,1827527,1000521,1000521,981198,1001718,1.862546601,1.824392693
7,1843391,1000105,1000105,1000052,1001250,1.843295149,1.841089638
7,1843843,1000313,1000313,1000312,1001459,1.843267900,1.841156752
7,1843677,1000260,1000260,1000261,1001666,1.843195926,1.840610543
7,1836727,1000573,1000573,993437,1001771,1.848861075,1.833479907
7,1844155,1000521,1000521,1000521,1001615,1.843194696,1.841181492
7,1843356,1000104,1000104,1000104,1001250,1.843164311,1.841054682
7,1844149,1000521,1000521,1000469,1001614,1.843284500,1.841177340
7,1783911,1000417,1000417,945156,1001719,1.887424933,1.780849719
7,1843343,1000105,1000105,1000052,1001511,1.843247151,1.840561911
7,1844070,1000469,1000469,1000469,1001614,1.843205537,1.841098467
7,1844097,1000469,1000469,1000469,1001615,1.843232524,1.841123585
7,1835795,1000520,1000520,978699,1001718,1.875750358,1.832646513
7,1843136,999948,999948,999948,1001146,1.843231848,1.841026184
7,1843676,1000261,1000261,1000260,1001407,1.843196769,1.841085593
7,1843372,1000105,1000105,1000104,1001250,1.843180309,1.841070662
7,1828114,1000417,1000417,982188,1001718,1.861266886,1.824978687
7,1843068,999948,999948,999948,1001094,1.843163845,1.841053887
7,1844227,1000573,1000573,1000573,1001823,1.843170863,1.840871092
7,1843933,1000365,1000365,1000417,1001563,1.843164400,1.841055430
7,1837473,1000104,1000104,996199,1001250,1.844483883,1.835179026
7,1844138,1000521,1000521,1000521,1001563,1.843177704,1.841260110
7,1843821,1000313,1000313,1000312,1001406,1.843245907,1.841232227
7,1843965,1000417,1000417,1000417,1001510,1.843196387,1.841184811
7,1828706,1000052,1000052,980781,1001250,1.864540606,1.826422971
7,1843466,1000156,1000156,1000104,1001250,1.843274299,1.841164544
7,1843431,1000104,1000104,1000104,1001406,1.843239303,1.840842775
7,1843879,1000365,1000365,1000312,1001459,1.843303889,1.841192700
7,1834605,1000157,1000157,984167,1001250,1.864119606,1.832314607
7,1843149,1000000,1000000,999948,1001146,1.843244849,1.841039169
7,1843425,1000104,1000104,1000104,1001146,1.843233304,1.841314853
7,1843193,1000000,1000000,1000000,1000990,1.843193000,1.841370044
7,1827601,1000729,1000729,981406,1001980,1.862227254,1.823989501
7,1843939,1000416,1000416,1000417,1001458,1.843170398,1.841254451
7,1843711,1000261,1000261,1000260,1001302,1.843231760,1.841313610
7,1843730,1000313,1000313,1000260,1001302,1.843250755,1.841332585
7,1824944,1000417,1000417,983542,1001615,1.855481515,1.822001468
7,1843689,1000260,1000260,1000312,1001302,1.843113948,1.841291638
7,1843148,1000000,1000000,999948,1000938,1.843243849,1.841420747
7,1843535,1000157,1000157,1000156,1001198,1.843247453,1.841329088
7,1828695,1000729,1000729,985053,1002031,1.856443257,1.824988448
7,1843894,1000364,1000364,1000365,1001458,1.843221224,1.841209517
7,1843336,1000052,1000052,1000052,1001146,1.843240152,1.841225955
7,1843953,1000416,1000416,1000365,1001667,1.843280203,1.840884246
7,1836714,1000469,1000469,984479,1001667,1.865671081,1.833657293
7,1843323,1000052,1000052,1000052,1001198,1.843227152,1.841117341
7,1843324,1000104,1000104,1000052,1001146,1.843228152,1.841213969
7,1843507,1000156,1000156,1000209,1001614,1.843121788,1.840536374
7,1800394,1000052,1000052,962396,1001459,1.870741358,1.797771052
7,1843620,1000208,1000208,1000209,1001250,1.843234764,1.841318352
7,1844045,1000469,1000469,1000469,1001406,1.843180548,1.841455913
7,1843313,1000053,1000053,1000104,1001041,1.843121315,1.841396107
7,1837153,1000469,1000469,994427,1001511,1.847448832,1.834381250
7,1843360,1000105,1000105,1000052,1001302,1.843264150,1.840963066
7,1843247,1000000,1000000,1000000,1000937,1.843247000,1.841521494
7,1843831,1000364,1000364,1000313,1001302,1.843254061,1.841433454
7,1802173,1000677,1000677,966666,1001979,1.864318182,1.798613544
7,1843202,1000000,1000000,999948,1001563,1.843297851,1.840325571
7,1844006,1000468,1000468,1000417,1001562,1.843237370,1.841130155
7,1844157,1000521,1000521,1000468,1001615,1.843294338,1.841183489
7,1834302,1000364,1000364,980782,1001615,1.870244356,1.831344379
7,1843983,1000417,1000417,1000364,1001615,1.843312034,1.841009769
7,1843020,999896,999896,999896,1001250,1.843211694,1.840719101
7,1843318,1000052,1000052,1000052,1001094,1.843222152,1.841303614
7,1829012,1000573,1000573,984218,1001823,1.858340327,1.825683778
7,1843705,1000260,1000260,1000312,1001302,1.843129943,1.841307617
7,1843573,1000208,1000208,1000208,1001354,1.843189617,1.841080177
7,1843537,1000208,1000208,1000208,1001354,1.843153624,1.841044226
7,1837314,1000156,1000156,996719,1001198,1.843362071,1.835115532
7,1843422,1000104,1000104,1000052,1001094,1.843326147,1.841407500
7,1843635,1000209,1000209,1000208,1001198,1.843251604,1.841428968
7,1843942,1000417,1000417,1000364,1001354,1.843271049,1.841448678
7,1826597,1000677,1000677,978490,1001927,1.866750810,1.823083917
7,1843638,1000260,1000260,1000208,1001302,1.843254603,1.841240705
7,1843520,1000157,1000157,1000156,1001198,1.843232456,1.841314106
7,1843576,1000209,1000209,1000208,1001302,1.843192616,1.841178785
7,1833670,1000208,1000208,977136,1001719,1.876576034,1.830523330
7,1843661,1000156,1000156,1000208,1001615,1.843277598,1.840688288
7,1843821,1000364,1000364,1000313,1001458,1.843244065,1.841136623
7,1843427,1000104,1000104,1000105,1001250,1.843233460,1.841125593
7,1830605,1000364,1000364,981303,1001875,1.865483953,1.827179039
7,1843602,1000261,1000261,1000208,1001406,1.843218611,1.841013535
7,1843958,1000417,1000417,1000365,1001511,1.843285201,1.841175983
7,1843685,1000260,1000260,1000261,1001407,1.843203924,1.841094580
7,1836362,1000156,1000156,995365,1001406,1.844913173,1.833783700
7,1843594,1000208,1000208,1000208,1001302,1.843210612,1.841196762
7,1844013,1000469,1000469,1000416,1001614,1.843246210,1.841041559
7,1843568,1000209,1000209,1000208,1001459,1.843184618,1.840882153
7,1827352,1000468,1000468,982396,1001979,1.860097150,1.823742813
7,1843310,1000052,1000052,1000208,1001563,1.842926671,1.840433403
7,1844024,1000469,1000469,1000469,1001614,1.843159558,1.841052541
7,1844162,1000521,1000521,1000521,1001615,1.843201692,1.841188481
7,1835792,1000469,1000469,985313,1001718,1.863156175,1.832643518
7,1844208,1000572,1000572,1000521,1001667,1.843247668,1.841138822
7,1843116,999948,999948,999948,1001094,1.843211847,1.841101835
7,1843234,1000052,1000052,1000052,1001145,1.843138157,1.841125911
7,1825456,1000261,1000261,984479,1001511,1.854235591,1.822701897
7,1843718,1000260,1000260,1000313,1001510,1.843141097,1.840938183
7,1843262,1000052,1000052,1000052,1001146,1.843166155,1.841152040
7,1843507,1000156,1000156,1000157,1001562,1.843217615,1.840631933
7,1835262,1000417,1000417,995937,1001563,1.842749090,1.832397962
7,1843248,1000052,1000052,1000052,1001145,1.843152156,1.841139895
7,1843521,1000209,1000209,1000156,1001302,1.843233456,1.841123857
7,1843620,1000209,1000209,1000208,1001302,1.843236607,1.841222728
7,1824083,1000677,1000677,979322,1001927,1.862597797,1.820574752
7,1843301,1000052,1000052,1000053,1001510,1.843203310,1.840521812
7,1843429,1000104,1000104,1000104,1001250,1.843237303,1.841127591
7,1843682,1000260,1000260,1000260,1001354,1.843202767,1.841189030
7,1834378,1000417,1000417,980469,1001719,1.870918917,1.831230115
7,1843495,1000157,1000157,1000156,1001510,1.843207460,1.840715520
7,1843320,1000104,1000104,1000052,1001459,1.843224152,1.840634514
7,1843823,1000312,1000312,1000313,1001406,1.843246064,1.841234225
7,1789986,1000417,1000417,940468,1001979,1.903292829,1.786450614
7,1843156,999948,999948,1000000,1001198,1.843156000,1.840950541
7,1843189,1000000,1000000,999948,1001094,1.843284851,1.841174755
7,1843421,1000105,1000105,1000104,1001250,1.843229304,1.841119600
7,1835299,1000573,1000573,990313,1001979,1.853251447,1.831674117
7,1843655,1000208,1000208,1000261,1001667,1.843173932,1.840586742
7,1843409,1000104,1000104,1000104,1001302,1.843217305,1.841012002
7,1843746,1000261,1000261,1000260,1001562,1.843266751,1.840870560
7,1827594,1000364,1000364,982605,1001823,1.859947792,1.824268359
7,1843241,1000000,1000000,1000000,1001198,1.843241000,1.841035440
7,1844027,1000469,1000469,1000469,1001875,1.843162557,1.840575920
7,1843496,1000156,1000156,1000157,1001303,1.843206617,1.841097051
7,1835448,1000416,1000416,981718,1001615,1.869628549,1.832488531
7,1843875,1000365,1000365,1000365,1001459,1.843202231,1.841188706
7,1843299,1000052,1000052,1000052,1001146,1.843203153,1.841188997
7,1843210,1000053,1000053,1000000,1001094,1.843210000,1.841195732
7,1828185,1000469,1000469,984011,1001927,1.857890816,1.824668863
7,1843631,1000261,1000261,1000208,1001354,1.843247604,1.841138099
7,1843842,1000365,1000365,1000313,1001667,1.843265058,1.840773431
7,1843796,1000364,1000364,1000312,1001406,1.843220915,1.841207263
7,1839017,1000417,1000417,996406,1001562,1.845650267,1.836148935
7,1831713,1000260,1000260,1000365,1001510,1.831044669,1.828951284
7,1843782,1000313,1000313,1000416,1001719,1.843015306,1.840617978
7,1842654,1000052,1000052,1000052,1001145,1.842558187,1.840546574
7,1822692,1000416,1000416,981042,1001927,1.857914340,1.819186428
7,1843312,1000156,1000156,1000208,1001406,1.842928671,1.840723942
7,1843205,1000104,1000104,1000104,1001458,1.843013327,1.840521520
7,1843379,1000208,1000208,1000208,1001354,1.842995657,1.840886440
7,1820751,1000364,1000364,957136,1001875,1.902290793,1.817343481
7,1843976,1000417,1000417,1000417,1001719,1.843207383,1.840811645
7,1844075,1000468,1000468,1000469,1001823,1.843210534,1.840719369
7,1844287,1000625,1000625,1000573,1001875,1.843230829,1.840835434
7,1827937,1000625,1000625,974844,1001823,1.875107197,1.824610735
7,1843998,1000573,1000573,1000572,1001875,1.842943836,1.840546974
7,1843772,1000416,1000416,1000417,1001355,1.843003468,1.841277070
7,1842827,1000104,1000104,1000156,1000990,1.842539564,1.841004406
7,1839801,1000781,1000781,998021,1001979,1.843449186,1.836167225
7,1844216,1000521,1000521,1000625,1001667,1.843064085,1.841146808
7,1843074,1000052,1000052,1000052,1000937,1.842978165,1.841348656
7,1843496,1000157,1000157,1000104,1001094,1.843304296,1.841481419
7,1833361,1000625,1000625,985106,1001771,1.861079924,1.830119858
7,1843919,1000365,1000365,1000416,1001458,1.843152249,1.841234480
7,1843656,1000261,1000261,1000260,1001354,1.843176774,1.841163065
7,1843962,1000417,1000417,1000417,1001407,1.843193388,1.841371191
7,1972803,1000417,1000417,977344,1001667,2.018534927,1.969519810
7,2092370,1000156,1000156,1000157,1000989,2.092041549,2.090302691
7,2093300,1000260,1000260,1000313,1001250,2.092645002,2.090686642
7,2092752,1000000,1000000,1000000,1000886,2.092752000,2.090899463
7,2079821,1000208,1000208,986823,1001198,2.107592750,2.077332356
7,2094101,1000573,1000573,1000677,1001979,2.092684253,2.089964959
7,2093286,1000260,1000260,1000261,1001093,2.092739795,2.091000536
7,2092883,1000000,1000000,1000053,1000833,2.092772083,2.091141079
7,2083793,1000521,1000521,990313,1001615,2.104176154,2.080433101
7,1854061,1000105,1000105,1000104,1000990,1.853868198,1.852227295
7,1843434,1000104,1000104,1000157,1001093,1.843144626,1.841421326
7,1843196,1000000,1000000,1000000,1000938,1.843196000,1.841468702
7,1824374,1000468,1000468,979376,1001771,1.862792227,1.821148746
7,1843977,1000417,1000417,1000364,1001562,1.843306037,1.841101200
7,1844098,1000521,1000521,1000469,1001615,1.843233523,1.841124584
7,1843618,1000208,1000208,1000209,1001563,1.843232764,1.840740922
7,1836394,1000625,1000625,979375,1001771,1.875067262,1.833147496
7,1844065,1000469,1000469,1000469,1001614,1.843200539,1.841093475
7,1843661,1000208,1000208,1000261,1001250,1.843179930,1.841359301
7,1843923,1000416,1000416,1000365,1001406,1.843250214,1.841334084
7,1819647,1000520,1000520,975104,1001719,1.866105564,1.816524395
7,1843446,1000157,1000157,1000104,1001146,1.843254302,1.841335829
7,1843602,1000208,1000208,1000208,1001146,1.843218611,1.841491651
7,1843460,1000156,1000156,1000104,1001094,1.843268300,1.841445459
7,1833679,1000365,1000365,989480,1001615,1.853174395,1.830722383
7,1843275,1000052,1000052,1000000,1001198,1.843275000,1.841069399
7,1843709,1000312,1000312,1000261,1001250,1.843227918,1.841407241
7,1843706,1000261,1000261,1000260,1001198,1.843226761,1.841499883
7,1831491,1000261,1000261,984115,1001510,1.861053840,1.828729618
7,1843286,1000052,1000052,1000052,1001041,1.843190154,1.841369135
7,1843697,1000261,1000261,1000260,1001198,1.843217763,1.841490894
7,1844027,1000417,1000417,1000469,1001406,1.843162557,1.841437938
7,1837467,1000209,1000209,983124,1001406,1.869008386,1.834887149
7,1843718,1000260,1000260,1000209,1001303,1.843332743,1.841318762
7,1843919,1000416,1000416,1000417,1001355,1.843150406,1.841423871
7,1843348,1000104,1000104,1000053,1001146,1.843250308,1.841237941
7,1831694,1000521,1000521,982293,1001667,1.864712464,1.828645648
7,1843012,999896,999896,999895,1000885,1.843205537,1.841382377
7,1843728,1000261,1000261,1000260,1001198,1.843248755,1.841521857
7,1843742,1000260,1000260,1000364,1001406,1.843071122,1.841153338
7,1839357,1000365,1000365,997187,1001458,1.844545707,1.836679122
7,1831915,1000261,1000261,1000364,1001510,1.831248426,1.829152979
7,1843848,1000364,1000364,1000417,1001459,1.843079436,1.841161745
7,1843798,1000312,1000312,1000313,1001354,1.843221072,1.841304873
7,1833588,1000364,1000364,985573,1001511,1.860428401,1.830821629
7,1843931,1000365,1000365,1000416,1001406,1.843164244,1.841342073
7,1843845,1000365,1000365,1000364,1001302,1.843174085,1.841447435
7,1843385,1000104,1000104,1000104,1001094,1.843193308,1.841370541
7,2011852,1000312,1000312,978803,1001355,2.055420754,2.009129629
7,2093864,1000521,1000521,1000573,1001614,2.092664903,2.090489949
7,2091924,1000208,1000208,1000313,1001302,2.091269433,2.089203857
7,2093532,1000364,1000364,1000365,1001302,2.092768140,2.090809766
7,2080829,1000156,1000156,985104,1001094,2.112293727,2.078555061
7,2093280,1000208,1000208,1000208,1001198,2.092844688,2.090775251
7,2093428,1000313,1000313,1000312,1001250,2.092775054,2.090814482
7,2093446,1000312,1000312,1000313,1001302,2.092790956,2.090723878
7,2086406,1000261,1000261,996145,1001198,2.094480221,2.083909476
7,2034261,1000156,1000156,1000156,1001094,2.033943705,2.032037950
7,1839060,1000156,1000156,1000156,1001145,1.838773151,1.836956685
7,1843688,1000260,1000260,1000261,1001198,1.843206923,1.841481905
7,1821575,1000365,1000365,979219,1001406,1.860232491,1.819017461
7,1843237,1000208,1000208,1000209,1001094,1.842851844,1.841222702
7,1843663,1000209,1000209,1000260,1001146,1.843183772,1.841552581
7,1843235,1000104,1000104,1000104,1000989,1.843043323,1.841413842
7,1830947,1000365,1000365,973802,1001615,1.880204600,1.827994788
7,1843438,1000208,1000208,1000209,1001302,1.843052802,1.841040965
7,1843525,1000208,1000208,1000209,1001198,1.843139784,1.841319100
7,1844028,1000468,1000468,1000417,1001458,1.843259361,1.841343321
7,1831036,1000312,1000312,985991,1001407,1.857051434,1.828463352
7,1842851,1000156,1000156,1000104,1001094,1.842659363,1.840837124
7,1842865,1000208,1000208,1000313,1001302,1.842288364,1.840468710
7,1844058,1000468,1000468,1000573,1001563,1.843001960,1.841180235
7,1826358,1000365,1000365,997708,1001510,1.830553629,1.823604357
7,1844073,1000521,1000521,1000417,1001406,1.843304342,1.841483874
7,1844079,1000468,1000468,1000469,1001406,1.843214532,1.841489865
7,1843800,1000364,1000364,1000261,1001302,1.843318894,1.841402494
7,1826155,1000469,1000469,975105,1001563,1.872777803,1.823305174
7,1843656,1000208,1000208,1000261,1001458,1.843174931,1.840971863
7,1843796,1000312,1000312,1000365,1001302,1.843123260,1.841398499
7,1843942,1000416,1000416,1000521,1001511,1.842981806,1.841160007
7,2038718,1000104,1000104,982188,1001146,2.075690194,2.036384304
7,2093279,1000261,1000261,1000260,1001042,2.092734889,2.091100074
7,2091272,1000260,1000260,1000261,1001093,2.090726320,2.088988735
7,2093461,1000313,1000313,1000312,1001146,2.092808044,2.091064640
7,2080069,1000416,1000416,985418,1001407,2.110849406,2.077146455
7,2092768,1000000,1000000,999895,1000989,2.092987764,2.090700297
7,2093549,1000365,1000365,1000364,1001198,2.092787225,2.091043929
7,2112279,1013125,1013125,1002760,1013959,2.106465156,2.083199617
7,1865217,1000469,1000469,999636,1001511,1.865896186,1.862402909
7,1843793,1000313,1000313,1000312,1001250,1.843217916,1.841491136
7,1843761,1000260,1000260,1000313,1001197,1.843184083,1.841556657
7,1835895,1000416,1000416,991406,1001406,1.851809450,1.833317356
7,1838149,1000625,1000625,995365,1001771,1.846708494,1.834899393
7,1843314,1000052,1000052,1000104,1001094,1.843122315,1.841299618
7,1843519,1000156,1000156,1000157,1001198,1.843229613,1.841313107
7,1837553,1000677,1000677,1032343,1040365,1.779983010,1.766257996
7,1841494,999948,999948,1000000,1001563,1.841494000,1.838620237
7,1843925,1000417,1000417,1000417,1001562,1.843156404,1.841049281
7,1843620,1000208,1000208,1000209,1001354,1.843234764,1.841127114
7,1834364,1000729,1000729,987500,1001927,1.857583797,1.830835979
7,1835199,1000573,1000573,990521,1001823,1.852761325,1.831859520
7,1843820,1000365,1000365,1000364,1001458,1.843149094,1.841135624
7,1843864,1000364,1000364,1000365,1001562,1.843191235,1.840988376
7,1835314,1000625,1000625,991198,1001823,1.851611888,1.831974311
7,1843353,1000052,1000052,1000052,1001250,1.843257151,1.841051685
7,1844142,1000521,1000521,1000469,1001927,1.843277503,1.840595173
7,1843472,1000157,1000157,1000156,1001406,1.843184463,1.840883717
7,1842253,1008594,1008594,989793,1009739,1.861250787,1.824484347
7,1844079,1000469,1000469,1000469,1001928,1.843214532,1.840530457
7,1843631,1000209,1000209,1000156,1001355,1.843343438,1.841136260
7,1843306,1000052,1000052,1000000,1001458,1.843306000,1.840622373
7,1831813,1000260,1000260,974062,1001510,1.880591790,1.829051133
7,1843577,1000208,1000208,1000209,1001667,1.843191773,1.840508872
7,1843817,1000312,1000312,1000365,1001510,1.843144252,1.841037034
7,1843945,1000364,1000364,1000417,1001511,1.843176395,1.841163003
7,1803283,1008125,1008125,956303,1009427,1.885681630,1.786442209
7,1843809,1000364,1000364,1000313,1001771,1.843232068,1.840549387
7,1843879,1000365,1000365,1000365,1001822,1.843206230,1.840525562
7,1843721,1000313,1000313,1000312,1001407,1.843145938,1.841130529
7,1838562,1000365,1000365,994948,1001615,1.847897579,1.835597510
7,1844125,1000521,1000521,1000468,1001615,1.843262353,1.841151540
7,1843715,1000261,1000261,1000260,1001406,1.843235759,1.841126376
7,1844135,1000520,1000520,1000469,1001614,1.843270506,1.841163362
7,1816682,1000208,1000208,975209,1001459,1.862864268,1.814035322
7,1843559,1000208,1000208,1000156,1001667,1.843271450,1.840490902
7,1843513,1000157,1000157,1000156,1001302,1.843225457,1.841115867
7,1843807,1000312,1000312,1000313,1001458,1.843230069,1.841122643
7,1833832,1000312,1000312,980626,1001562,1.870062593,1.830972022
7,1843584,1000208,1000208,1000156,1001406,1.843296446,1.840995560
7,1843724,1000312,1000312,1000313,1001406,1.843147095,1.841135364
7,1843934,1000364,1000364,1000365,1001562,1.843261210,1.841058267
7,1829953,1000625,1000625,984584,1001823,1.858605259,1.826623066
7,1843387,1000052,1000052,1000104,1001511,1.843195308,1.840605845
7,1843563,1000208,1000208,1000208,1001354,1.843179619,1.841070191
7,1843617,1000208,1000208,1000208,1001354,1.843233607,1.841124118
7,1832603,1000104,1000104,990260,1001354,1.850628118,1.830125011
7,1843881,1000365,1000365,1000364,1001771,1.843210072,1.840621260
7,1843976,1000416,1000416,1000417,1001823,1.843207383,1.840620549
7,1844164,1000520,1000520,1000521,1001666,1.843203691,1.841096733
7,1826570,1000521,1000521,980417,1001823,1.863054190,1.823246222
7,1843326,1000104,1000104,1000052,1001198,1.843230152,1.841120338
7,1843397,1000104,1000104,1000104,1001198,1.843205307,1.841191253
7,1843739,1000313,1000313,1000313,1001406,1.843162090,1.841150343
7,1837318,1000416,1000416,981615,1001719,1.871729751,1.834165070
7,1843872,1000364,1000364,1000365,1001510,1.843199232,1.841091951
7,1844032,1000417,1000417,1000416,1001563,1.843265202,1.841154276
7,1843741,1000313,1000313,1000312,1001459,1.843165932,1.841054901
7,1820074,1000469,1000469,977761,1001666,1.861471259,1.817046800
7,1843227,1000052,1000052,1000000,1001094,1.843227000,1.841212713
7,1843652,1000260,1000260,1000209,1001302,1.843266757,1.841254686
7,1843398,1000104,1000104,1000052,1001146,1.843302148,1.841287884
7,1837888,1000521,1000521,997396,1001667,1.842686355,1.834829339
7,1844194,1000573,1000573,1000520,1001563,1.843235518,1.841316023
7,1843462,1000157,1000157,1000104,1001197,1.843270300,1.841258014
7,1844009,1000417,1000417,1000416,1001459,1.843242211,1.841322510
7,1829028,1000677,1000677,985261,1001770,1.856389322,1.825796340
7,1842919,999844,999844,999844,1000937,1.843206540,1.841193801
7,1844171,1000520,1000520,1000521,1001458,1.843210687,1.841486113
7,1843827,1000364,1000364,1000313,1001302,1.843250063,1.841429459
7,1838578,1000260,1000260,987501,1001250,1.861849254,1.836282647
7,1843187,999948,999948,1000000,1000938,1.843187000,1.841459711
7,1843312,1000053,1000053,1000052,1000937,1.843216153,1.841586434
7,1843764,1000312,1000312,1000313,1001250,1.843187082,1.841462172
7,1829560,1000260,1000260,986406,1001354,1.854773795,1.827086125
7,1843328,1000104,1000104,1000052,1000990,1.843232152,1.841504910
7,1843953,1000417,1000417,1000364,1001250,1.843282045,1.841650936
7,1843634,1000261,1000261,1000208,1001145,1.843250604,1.841525453
7,1839591,1000364,1000364,997344,1001354,1.844489965,1.837103562
7,1844121,1000521,1000521,1000469,1001406,1.843256513,1.841531806
7,1844082,1000521,1000521,1000469,1001406,1.843217531,1.841492861
7,1843496,1000156,1000156,1000157,1001042,1.843206617,1.841577077
7,1830752,1000261,1000261,987604,1001354,1.853730848,1.828276514
7,1843228,1000000,1000000,1000000,1000990,1.843228000,1.841405009
7,1843510,1000157,1000157,1000104,1001146,1.843318295,1.841399756
7,1843437,1000104,1000104,1000104,1001094,1.843245302,1.841422484
7,1831720,1000364,1000364,973802,1001562,1.880998396,1.828863316
7,1843179,1000000,1000000,999948,1001094,1.843274850,1.841164766
7,1843866,1000364,1000364,1000312,1001406,1.843290893,1.841277164
7,1843936,1000417,1000417,1000364,1001511,1.843265052,1.841154016
7,1828871,1000208,1000208,983490,1001458,1.859572543,1.826208388
7,1843242,1000052,1000052,1000000,1001250,1.843242000,1.840940824
7,1843258,1000052,1000052,1000000,1001145,1.843258000,1.841149883
7,1843875,1000365,1000365,1000417,1001511,1.843106425,1.841093108
7,1836972,1000156,1000156,996043,1001302,1.844269776,1.834583372
7,1843891,1000365,1000365,1000364,1001510,1.843220068,1.841110923
7,1843450,1000105,1000105,1000104,1001250,1.843258301,1.841148564
7,1843542,1000209,1000209,1000156,1001302,1.843254452,1.841144829
7,1819856,1000677,1000677,974636,1001875,1.867216068,1.816450156
7,1843973,1000417,1000417,1000417,1001511,1.843204384,1.841190960
7,1843711,1000260,1000260,1000261,1001614,1.843229917,1.840740046
7,1843486,1000157,1000157,1000156,1001198,1.843198461,1.841280146
7,1833504,1000000,1000000,975781,1001355,1.879011786,1.831022964
7,1843405,1000105,1000105,1000052,1001094,1.843309148,1.841390519
7,1843614,1000261,1000261,1000156,1001250,1.843326441,1.841312360
7,1843562,1000209,1000209,1000156,1001250,1.843274449,1.841260424
7,1830557,1000469,1000469,979687,1001563,1.868512086,1.827700304
7,1843681,1000261,1000261,1000260,1001771,1.843201768,1.840421613
7,1843810,1000313,1000313,1000364,1001563,1.843139097,1.840932622
7,1843190,1000000,1000000,1000000,1001041,1.843190000,1.841273235
7,1835653,1000208,1000208,994375,1001510,1.846036958,1.832885343
7,1843198,1000000,1000000,1000000,1001041,1.843198000,1.841281226
7,1843830,1000365,1000365,1000312,1001354,1.843254904,1.841336830
7,1843344,1000052,1000052,1000104,1001094,1.843152312,1.841329585
7,1818150,1000156,1000156,970575,1001302,1.873270999,1.815785847
7,1843951,1000417,1000417,1000416,1001615,1.843184235,1.840977821
7,1843159,999948,999948,999948,1001198,1.843254849,1.840953538
7,1843157,1000000,1000000,999948,1001198,1.843252849,1.840951540
7,1833372,1000625,1000625,978020,1001823,1.874575162,1.830035845
7,1843484,1000156,1000156,1000157,1001302,1.843194618,1.841086905
7,1843445,1000156,1000156,1000157,1001302,1.843155625,1.841047956
7,1843728,1000260,1000260,1000261,1001406,1.843246913,1.841139358
7,1821559,1000417,1000417,975468,1001614,1.867369304,1.818623741
7,1843508,1000208,1000208,1000157,1001458,1.843218615,1.840824078
7,1843951,1000416,1000416,1000365,1001354,1.843278203,1.841457666
7,1844083,1000468,1000468,1000469,1001458,1.843218531,1.841398241
7,1837407,1000364,1000364,992708,1001406,1.850903790,1.834827233
7,1843943,1000365,1000365,1000364,1001302,1.843272049,1.841545308
7,1843380,1000104,1000104,1000157,1001042,1.843090635,1.841461197
7,1844020,1000417,1000417,1000469,1001511,1.843155560,1.841237890
7,1831413,1000782,1000782,989270,1002031,1.851277204,1.827700939
7,1843692,1000260,1000260,1000261,1001407,1.843210922,1.841101570
7,1843930,1000364,1000364,1000417,1001510,1.843161402,1.841149864
7,1843932,1000417,1000417,1000416,1001511,1.843165243,1.841150022
7,1837174,1000469,1000469,983593,1001719,1.867819311,1.834021317
7,1843234,1000000,1000000,1000000,1001094,1.843234000,1.841219706
7,1844141,1000469,1000469,1000469,1001667,1.843276503,1.841071933
7,1844111,1000469,1000469,1000469,1001614,1.843246517,1.841139401
7,1829856,1000573,1000573,985000,1002135,1.857721827,1.825957581
7,1844145,1000521,1000521,1000468,1001927,1.843282344,1.840598167
7,1833001,1000521,1000521,1000573,1001718,1.831951292,1.829857305
7,1844052,1000468,1000468,1000573,1002032,1.842995963,1.840312485
7,1836339,1000573,1000573,995312,1001770,1.844988305,1.833094423
7,1843762,1000312,1000312,1000261,1001406,1.843280904,1.841173310
7,1843704,1000260,1000260,1000364,1001771,1.843033136,1.840444573
7,1844393,1000625,1000625,1000729,1001875,1.843049417,1.840941235
7,1829996,1000052,1000052,982916,1001302,1.861803043,1.827616443
7,1841802,1000208,1000208,1000208,1001666,1.841418985,1.838738661
7,1844002,1000468,1000468,1000417,1002136,1.843233372,1.840071607
7,1843224,1000000,1000000,999947,1001406,1.843321696,1.840636066
7,1829892,1000208,1000208,967760,1001771,1.890853104,1.826656990
7,1843261,1000052,1000052,1000104,1001510,1.843069321,1.840481872
7,1844266,1000573,1000573,1000573,1001771,1.843209841,1.841005579
7,1843827,1000365,1000365,1000416,1001667,1.843060287,1.840758456
7,1814240,1000156,1000156,969740,1001459,1.870851981,1.811596880
7,1843329,1000052,1000052,1000000,1001146,1.843329000,1.841218963
7,1843165,999948,999948,999948,1000834,1.843260850,1.841629081
7,1842902,1000209,1000209,1000156,1001041,1.842614552,1.840985534
7,1837929,1000521,1000521,995468,1001771,1.846296415,1.834679782
7,1843752,1000312,1000312,1000313,1001250,1.843175086,1.841450187
7,1843832,1000312,1000312,1000313,1001198,1.843255061,1.841625732
7,1843383,1000104,1000104,1000104,1000938,1.843191308,1.841655527
7,1830722,1000416,1000416,981875,1001406,1.864516359,1.828151619
7,1844314,1000573,1000573,1000625,1001979,1.843162024,1.840671311
7,1843433,1000156,1000156,1000156,1001510,1.843145469,1.840653613
7,1843285,1000053,1000053,1000052,1001146,1.843189154,1.841175013
7,1836878,1000573,1000573,979583,1001719,1.875163207,1.833725825
7,1844150,1000521,1000521,1000521,1001718,1.843189698,1.840987184
7,1843486,1000156,1000156,1000156,1001198,1.843198461,1.841280146
7,1843829,1000313,1000313,1000312,1001354,1.843253905,1.841335831
7,1830789,1000781,1000781,983854,1001927,1.860834026,1.827267855
7,1843240,1000000,1000000,1000000,1001302,1.843240000,1.840843222
7,1843411,1000105,1000105,1000156,1001250,1.843123473,1.841109613
7,1843560,1000208,1000208,1000208,1001146,1.843176619,1.841449699
7,1838938,1000364,1000364,997708,1001614,1.843162529,1.835974737
7,1843960,1000417,1000417,1000364,1001406,1.843289043,1.841371032
7,1843408,1000105,1000105,1000104,1001094,1.843216306,1.841393515
7,1843566,1000208,1000208,1000157,1001250,1.843276606,1.841264419
7,1832157,1000417,1000417,986979,1001511,1.856328250,1.829392787
7,1844077,1000469,1000469,1000469,1001406,1.843212533,1.841487868
7,1843940,1000417,1000417,1000417,1001354,1.843171398,1.841446681
7,1843164,1000000,1000000,1000000,1001042,1.843164000,1.841245422
7,1836561,1000573,1000573,983594,1001823,1.867194188,1.833219042
7,1844086,1000468,1000468,1000469,1001406,1.843221529,1.841496855
7,1844002,1000469,1000469,1000417,1001406,1.843233372,1.841412973
7,1843821,1000312,1000312,1000365,1001250,1.843148251,1.841519101
7,1831614,1000469,1000469,980208,1001562,1.868597277,1.828757481
7,1843900,1000416,1000416,1000365,1001354,1.843227222,1.841406735
7,1843355,1000104,1000104,1000105,1001041,1.843161468,1.841438063
7,1844034,1000469,1000469,1000417,1001354,1.843265358,1.841540554
7,1838705,1000000,1000000,995416,1001146,1.847172438,1.836600256
7,1843932,1000365,1000365,1000260,1001354,1.843452702,1.841438692
7,1844477,1000677,1000677,1000781,1001823,1.843037588,1.841120637
7,1835721,1000469,1000469,1000573,1001614,1.834669734,1.832762921
7,1827399,1000730,1000730,983178,1001979,1.858665471,1.823789720
7,1843927,1000364,1000364,1000469,1001406,1.843062604,1.841338079
7,1842940,1000208,1000208,1000209,1001198,1.842554906,1.840734800
7,1843161,1000000,1000000,999948,1000937,1.843256849,1.841435575
7,1836743,1000417,1000417,978645,1001458,1.876822545,1.834068928
7,1843225,1000000,1000000,1000052,1001094,1.843129157,1.841210715
7,1843909,1000365,1000365,1000416,1001354,1.843142253,1.841415723
7,1844163,1000521,1000521,1000625,1001615,1.843011118,1.841189479
7,1828423,1000416,1000416,982709,1001614,1.860594540,1.825476681
7,1843736,1000260,1000260,1000261,1001302,1.843254910,1.841338577
7,1844006,1000468,1000468,1000469,1001458,1.843141567,1.841321353
7,1843859,1000365,1000365,1000364,1001302,1.843188080,1.841461417
7,1838936,1000365,1000365,995051,1001458,1.848082159,1.836258735
7,1843791,1000313,1000313,1000260,1001250,1.843311739,1.841489139
7,1844216,1000573,1000573,1000520,1001510,1.843257506,1.841435432
7,1843877,1000364,1000364,1000365,1001250,1.843204230,1.841575031
7,1832509,1000469,1000469,987187,1001615,1.856293691,1.829554270
7,1844128,1000521,1000521,1000521,1001563,1.843167710,1.841250126
7,1844159,1000521,1000521,1000521,1001406,1.843198693,1.841569753
7,1844033,1000469,1000469,1000416,1001354,1.843266201,1.841539555
7,1837457,1000104,1000104,982448,1001198,1.870284229,1.835258360
7,1844101,1000521,1000521,1000469,1001406,1.843236522,1.841511834
7,1843419,1000157,1000157,1000104,1001042,1.843227304,1.841500157
7,1843498,1000156,1000156,1000156,1001146,1.843210459,1.841387770
7,1830882,1000208,1000208,984323,1001354,1.860041876,1.828406338
7,1843789,1000313,1000313,1000312,1001406,1.843213917,1.841200272
7,1843579,1000209,1000209,1000208,1001198,1.843195615,1.841373035
7,1843269,1000052,1000052,1000000,1000990,1.843269000,1.841445968
7,1839713,1000416,1000416,995783,1001511,1.847503924,1.836937388
7,1843494,1000156,1000156,1000157,1001093,1.843204617,1.841481261
7,1843478,1000157,1000157,1000156,1001198,1.843190462,1.841272156
7,1844450,1000677,1000677,1000729,1001771,1.843106375,1.841189254
7,1821504,1000521,1000521,983489,1002031,1.852083755,1.817812024
7,1839984,1000312,1000312,1000417,1001562,1.839217046,1.837114427
7,1843765,1000313,1000313,1000312,1001354,1.843189925,1.841271918
7,1843946,1000417,1000417,1000416,1001458,1.843179237,1.841261441
7,1831480,1000261,1000261,974114,1001302,1.880149551,1.829098514
7,1843844,1000364,1000364,1000365,1001302,1.843171242,1.841446437
7,1843474,1000157,1000157,1000156,1001094,1.843186463,1.841459443
7,1843955,1000417,1000417,1000417,1001302,1.843186391,1.841557292
7,1832463,1000625,1000625,984115,1001771,1.862041530,1.829223445
7,1843984,1000417,1000417,1000521,1001562,1.843023785,1.841108189
7,1843498,1000521,1000521,1000573,1001667,1.842442281,1.840430003
7,1843489,1000156,1000156,1000157,1001146,1.843199618,1.841378780
7,1837886,1000208,1000208,995365,1001302,1.846444269,1.835496184
7,1843058,1000000,1000000,1000000,1000937,1.843058000,1.841332671
7,1844064,1000573,1000573,1000573,1001459,1.843007956,1.841377430
7,1844068,1000468,1000468,1000469,1001459,1.843203538,1.841381425
7,1832860,1000573,1000573,985468,1001666,1.859887891,1.829811534
7,1843502,1000156,1000156,1000260,1001406,1.843022814,1.840913675
7,1843481,1000261,1000261,1000260,1001198,1.843001820,1.841275152
7,1843431,1000260,1000260,1000209,1001146,1.843045803,1.841320846
7,1979149,1000365,1000365,981979,1001302,2.015469781,1.976575499
7,2093382,1000261,1000261,1000260,1001198,2.092837862,2.090877129
7,2092853,1000052,1000052,1000000,1000781,2.092853000,2.091219757
7,2093259,1000260,1000260,1000209,1001041,2.092821600,2.091082183
7,2081598,1000573,1000573,986197,1001667,2.110732440,2.078133751
7,2093581,1000365,1000365,1000364,1001406,2.092819214,2.090641558
7,1874472,1000364,1000364,1000417,1001563,1.873690671,1.871546772
7,1844088,1000469,1000469,1000469,1001510,1.843223528,1.841307625
7,1835832,1000520,1000520,987864,1001875,1.858385365,1.832396257
7,1843865,1000364,1000364,1000365,1001667,1.843192235,1.840796392
7,1843795,1000313,1000313,1000312,1001354,1.843219915,1.841301877
7,1843585,1000208,1000208,1000208,1001250,1.843201614,1.841283396
7,1788100,1000521,1000521,949739,1001875,1.882727781,1.784753587
7,1843813,1000313,1000313,1000364,1001407,1.843142096,1.841222400
7,1843265,1000052,1000052,1000000,1001093,1.843265000,1.841252511
7,1843940,1000416,1000416,1000365,1001458,1.843267207,1.841255450
7,1835491,1000416,1000416,980208,1001823,1.872552560,1.832150989
7,1844226,1000573,1000573,1000521,1001979,1.843265659,1.840583485
7,1843379,1000104,1000104,1000104,1001250,1.843187309,1.841077653
7,1843188,1000000,1000000,1000000,1001094,1.843188000,1.841173756
7,1826608,1000573,1000573,978801,1002135,1.866168915,1.822716500
7,1843896,1000417,1000417,1000364,1001563,1.843225066,1.841018488
7,1843163,1000000,1000000,1000000,1001406,1.843163000,1.840575151
7,1843232,1000000,1000000,1000000,1001094,1.843232000,1.841217708
7,1836515,1000417,1000417,987238,1001666,1.860255582,1.833460455
7,1843914,1000364,1000364,1000365,1001771,1.843241217,1.840654201
7,1843272,1000052,1000052,1000000,1001146,1.843272000,1.841162028
7,1843700,1000261,1000261,1000312,1001614,1.843124945,1.840729063
7,1826441,1000208,1000208,980105,1001719,1.863515644,1.823306736
7,1843289,1000052,1000052,1000000,1001198,1.843289000,1.841083382
7,1843622,1000208,1000208,1000209,1001354,1.843236764,1.841129111
7,1843695,1000312,1000312,1000261,1001458,1.843213921,1.841010806
7,1833096,1000260,1000260,975416,1001771,1.879296628,1.829855326
7,1843748,1000312,1000312,1000312,1001407,1.843172930,1.841157491
7,1843209,1000000,1000000,1000000,1001198,1.843209000,1.841003478
7,1843256,1000000,1000000,1000052,1001198,1.843160156,1.841050422
7,1827982,1000521,1000521,982864,1001979,1.859852431,1.824371569
7,1843600,1000209,1000209,1000208,1001562,1.843216611,1.840724788
7,1844062,1000468,1000468,1000469,1001615,1.843197540,1.841088642
7,1843573,1000208,1000208,1000208,1001511,1.843189617,1.840791564
7,1836591,1000521,1000521,996406,1001823,1.843215517,1.833248987
7,1844013,1000469,1000469,1000469,1001823,1.843148563,1.840657481
7,1843233,1000052,1000052,1000000,1001145,1.843233000,1.841124912
7,1843705,1000261,1000261,1000260,1001407,1.843225761,1.841114552
7,1828741,1000469,1000469,980677,1001927,1.864774029,1.825223794
7,1843442,1000104,1000104,1000104,1001250,1.843250302,1.841140574
7,1843861,1000365,1000365,1000364,1001563,1.843190079,1.840983543
7,1843549,1000209,1000209,1000156,1001302,1.843261451,1.841151820
7,1837410,1000521,1000521,977240,1001771,1.880203430,1.834161700
7,1843769,1000312,1000312,1000313,1001458,1.843192081,1.841084699
7,1844006,1000417,1000417,1000416,1001563,1.843239212,1.841128316
7,1843752,1000313,1000313,1000313,1001406,1.843175086,1.841163324
7,1829682,1000208,1000208,982084,1001719,1.863060594,1.826542174
7,1844127,1000521,1000521,1000469,1001615,1.843262510,1.841153537
7,1843669,1000261,1000261,1000260,1001406,1.843189771,1.841080441
7,1843708,1000261,1000261,1000313,1001406,1.843131100,1.841119386
7,1834110,1000260,1000260,992657,1001458,1.847677496,1.831439761
7,1843393,1000104,1000104,1000104,1001198,1.843201307,1.841187258
7,1844206,1000573,1000573,1000572,1001927,1.843151717,1.840659050
7,1844113,1000521,1000521,1000468,1001615,1.843250359,1.841139560
7,1827847,1000730,1000730,976928,1002083,1.871015059,1.824047509
7,1843068,999896,999896,999896,1001407,1.843259699,1.840478447
7,1843993,1000417,1000417,1000417,1001510,1.843224375,1.841212769
7,1843670,1000260,1000260,1000261,1001354,1.843188928,1.841177046
7,1836091,1000364,1000364,981144,1001563,1.871377698,1.833225668
7,1843298,1000053,1000053,1000052,1001198,1.843202153,1.841092371
7,1843910,1000417,1000417,1000365,1001510,1.843237218,1.841129894
7,1844023,1000468,1000468,1000469,1001614,1.843158559,1.841051543
7,1830712,1000313,1000313,983801,1001719,1.860856006,1.827570406
7,1843936,1000417,1000417,1000416,1001823,1.843169242,1.840580622
7,1843335,1000104,1000104,1000104,1001198,1.843143313,1.841129327
7,1843151,999948,999948,999948,1001094,1.843246849,1.841136796
7,1838865,1000520,1000520,995990,1001719,1.846268537,1.835709416
7,1843811,1000313,1000313,1000313,1001458,1.843234068,1.841126637
7,1843940,1000417,1000417,1000417,1001458,1.843171398,1.841255450
7,1843702,1000260,1000260,1000313,1001302,1.843125102,1.841304621
7,1822291,1000572,1000572,982135,1001823,1.855438407,1.818975009
7,1843727,1000260,1000260,1000261,1001406,1.843245913,1.841138359
7,1844047,1000469,1000469,1000417,1001510,1.843278353,1.841266687
7,1843259,1000000,1000000,1000052,1001302,1.843163156,1.840862197
7,1834713,1000312,1000312,982865,1001667,1.866698885,1.831659623
7,1843901,1000416,1000416,1000365,1001666,1.843228222,1.840834170
7,1843942,1000417,1000417,1000416,1001406,1.843175239,1.841353058
7,1855876,1010000,1010000,1001198,1011094,1.853655321,1.835512821
7,1835535,1000208,1000208,989740,1001510,1.854562814,1.832767521
7,1843765,1000260,1000260,1000312,1001302,1.843189925,1.841367539
7,1843689,1000260,1000260,1000261,1001302,1.843207923,1.841291638
7,1836449,1000156,1000156,992709,1001198,1.849936890,1.834251567
7,1843978,1000416,1000416,1000417,1001615,1.843209382,1.841004777
7,1844019,1000469,1000469,1000416,1001615,1.843252207,1.841045711
7,1843449,1000156,1000156,1000104,1001146,1.843257301,1.841338826
7,1835656,1000260,1000260,989687,1001250,1.854784391,1.833364295
7,1835772,1000156,1000156,993125,1001303,1.848480302,1.833383102
7,1843582,1000209,1000209,1000208,1001198,1.843198615,1.841376032
7,1843837,1000365,1000365,1000312,1001355,1.843261902,1.841341982
7,1833441,1000365,1000365,984010,1001459,1.863234113,1.830769907
7,1844078,1000469,1000469,1000521,1001562,1.843117736,1.841202042
7,1843790,1000312,1000312,1000313,1001511,1.843213074,1.841008237
7,1843653,1000261,1000261,1000260,1001302,1.843173775,1.841255685
7,1836297,1000573,1000573,987969,1001615,1.858658521,1.833336162
7,1836363,1000364,1000364,993907,1001458,1.847620552,1.833689481
7,1844020,1000469,1000469,1000416,1001459,1.843253207,1.841333494
7,1843298,1000052,1000052,1000052,1001093,1.843202153,1.841285475
7,1837311,1000260,1000260,996198,1001354,1.844323116,1.834826645
7,1843966,1000417,1000417,1000416,1001459,1.843199229,1.841279573
7,1843562,1000208,1000208,1000157,1001250,1.843272606,1.841260424
7,1844071,1000468,1000468,1000417,1001510,1.843302343,1.841290651
7,1835850,1000156,1000156,993126,1001250,1.848556981,1.833558052
7,1837948,1000312,1000312,992551,1001563,1.851741623,1.835079770
7,1844017,1000468,1000468,1000417,1001510,1.843248365,1.841236733
7,1843888,1000416,1000416,1000365,1001458,1.843215226,1.841203525
7,1834993,1000260,1000260,984271,1001510,1.864316840,1.832226338
7,1844039,1000469,1000469,1000417,1001563,1.843270356,1.841161265
7,1843802,1000313,1000313,1000312,1001459,1.843226913,1.841115812
7,1843522,1000157,1000157,1000156,1001250,1.843234455,1.841220474
7,1848921,1012396,1012396,995365,1013594,1.857530655,1.824123860
7,1844067,1000469,1000469,1000469,1001563,1.843202538,1.841189221
7,1844125,1000469,1000469,1000469,1001614,1.843260511,1.841153378
7,1843179,1000000,1000000,999948,1001094,1.843274850,1.841164766
7,1836376,1000625,1000625,997084,1001771,1.841746533,1.833129528
7,1843648,1000208,1000208,1000208,1001354,1.843264601,1.841155076
7,1843829,1000365,1000365,1000312,1001406,1.843253905,1.841240216
7,1844095,1000469,1000469,1000469,1001563,1.843230525,1.841217178
7,1827186,1000208,1000208,983334,1001406,1.858153994,1.824620583
7,1843832,1000365,1000365,1000364,1002084,1.843161089,1.839997445
7,1843291,1000052,1000052,1000052,1001198,1.843195154,1.841085380
7,1843223,1000000,1000000,1000000,1001146,1.843223000,1.841113084
7,1834162,1000260,1000260,981511,1001458,1.868712628,1.831491685
7,1843203,1000052,1000052,999948,1001094,1.843298852,1.841188740
7,1843276,1000052,1000052,1000052,1001302,1.843180155,1.840879175
7,1843206,1000000,1000000,1000000,1001198,1.843206000,1.841000481
7,1828725,1000312,1000312,984271,1001406,1.857948675,1.826157423
7,1843330,1000105,1000105,1000104,1001407,1.843138314,1.840740079
7,1844191,1000521,1000521,1000521,1001562,1.843230677,1.841314866
7,1843488,1000156,1000156,1000157,1001406,1.843198618,1.840899695
7,1837370,1000416,1000416,996771,1001562,1.843322087,1.834504504
7,1843161,1000000,1000000,1000000,1001042,1.843161000,1.841242425
7,1843122,999948,999948,999948,1000989,1.843217847,1.841300953
7,1843129,1000313,1000313,1000312,1001302,1.842554123,1.840732366
7,1829177,1000261,1000261,985416,1001459,1.856248529,1.826512119
7,1843486,1000156,1000156,1000105,1001406,1.843292454,1.840897698
7,1843718,1000260,1000260,1000313,1001354,1.843141097,1.841224981
7,1843736,1000260,1000260,1000313,1001302,1.843159091,1.841338577
7,1836329,1000520,1000520,984739,1001770,1.864787522,1.833084441
7,1843569,1000156,1000156,1000209,1001406,1.843183775,1.840980581
7,1843331,1000104,1000104,1000105,1001198,1.843137471,1.841125332
7,1843973,1000416,1000416,1000417,1001562,1.843204384,1.841097206
7,1817900,1000677,1000677,986564,1001875,1.842657952,1.814497817
7,1843261,1000052,1000052,1000312,1001511,1.842686082,1.840480035
7,1843737,1000260,1000260,1000313,1001459,1.843160091,1.841050907
7,1844239,1000520,1000520,1000521,1001614,1.843278652,1.841267195
7,1838206,1000365,1000365,994322,1001510,1.848702935,1.835434494
7,1843597,1000260,1000260,1000209,1001354,1.843211769,1.841104145
7,1843876,1000364,1000364,1000365,1001510,1.843203231,1.841095945
7,1844427,1000677,1000677,1000885,1002188,1.842796125,1.840400204
7,1827552,1000520,1000520,976771,1001771,1.871013779,1.824321127
7,1843332,1000052,1000052,1000105,1001510,1.843138470,1.840552765
7,1843895,1000417,1000417,1000416,1001510,1.843128259,1.841114916
7,1843431,1000157,1000157,1000104,1001198,1.843239303,1.841225212
7,1848467,1000000,1000000,981043,1001094,1.884185505,1.846446987
7,2091510,1000365,1000365,1000365,1001354,2.090746877,2.088681925
7,2092154,1000365,1000365,1000312,1001458,2.091501452,2.089108080
7,2093434,1000312,1000312,1000365,1001302,2.092670175,2.090711893
7,2017706,1000156,1000156,942032,1001354,2.141865669,2.014977720
7,2090872,999896,999896,999895,1000833,2.091091565,2.089131753
7,2094024,1000573,1000573,1000625,1001563,2.092716052,2.090756148
7,2093366,1000260,1000260,1000260,1001198,2.092821866,2.090861148
7,2086678,1000417,1000417,996094,1001407,2.094860525,2.083746169
7,2093700,1000417,1000417,1000469,1001354,2.092718515,2.090868963
7,2093652,1000416,1000416,1000417,1001354,2.092779311,2.090821028
7,2093127,1000157,1000157,1000104,1001041,2.092909337,2.090950321
7,1997523,1000573,1000573,972083,1001510,2.054889346,1.994511288
7,1838842,1000104,1000104,1000052,1000990,1.838746385,1.837023347
7,1843615,1000260,1000260,1000209,1001042,1.843229765,1.841695953
7,1844140,1000521,1000521,1000468,1001355,1.843277346,1.841644572
7,1837347,1000209,1000209,985989,1001146,1.863455880,1.835243811
7,1843302,1000000,1000000,1000000,1000886,1.843302000,1.841670280
7,1843360,1000468,1000468,1000469,1001354,1.842495869,1.840867465
7,1843462,1000104,1000104,1000104,1001041,1.843270300,1.841544952
7,1830786,1000052,1000052,989115,1001094,1.850933410,1.828785309
7,1843637,1000261,1000261,1000208,1001198,1.843253603,1.841430966
7,1843871,1000365,1000365,1000364,1001354,1.843200075,1.841377774
7,1843619,1000208,1000208,1000208,1001250,1.843235607,1.841317353
7,1839632,1000417,1000417,995834,1001458,1.847327968,1.836953721
7,1843484,1000156,1000156,1000156,1001042,1.843196461,1.841565089
7,1843580,1000208,1000208,1000209,1001146,1.843194772,1.841469676
7,1843691,1000261,1000261,1000260,1001145,1.843211765,1.841582388
7,1833159,1000365,1000365,987394,1001406,1.856562831,1.830585197
7,1843491,1000157,1000157,1000104,1001197,1.843299297,1.841286979
7,1843686,1000261,1000261,1000208,1001198,1.843302593,1.841479907
7,1843441,1000156,1000156,1000104,1001094,1.843249302,1.841426479
7,1835476,1000312,1000312,982761,1001406,1.867672812,1.832898944
7,1842970,999896,999896,999844,1000989,1.843257548,1.841149104
7,1843568,1000209,1000209,1000208,1001198,1.843184618,1.841362048
7,1843379,1000104,1000104,1000104,1001094,1.843187309,1.841364547
7,1829146,1000468,1000468,983281,1001562,1.860247478,1.826293330
7,1834863,1000468,1000468,1000521,1001510,1.833907534,1.832096534
7,1842093,1000521,1000521,1000573,1001563,1.841038085,1.839218302
7,1843358,1000104,1000104,1000052,1001407,1.843262150,1.840768039
7,1838627,1000469,1000469,997083,1001406,1.844005965,1.836045520
7,1843144,1000000,1000000,999948,1000885,1.843239848,1.841514260
7,1843330,1000052,1000052,1000052,1000990,1.843234152,1.841506908
7,1843452,1000156,1000156,1000156,1001146,1.843164466,1.841341822
7,1832500,1000365,1000365,984583,1001459,1.861194028,1.829830278
7,1843864,1000312,1000312,1000365,1001458,1.843191235,1.841179560
7,1844009,1000417,1000417,1000520,1001563,1.843050614,1.841131312
7,1843866,1000365,1000365,1000364,1001354,1.843195077,1.841372781
7,1880104,1000417,1000417,978540,1001354,1.921335868,1.877561781
7,2090004,1000365,1000365,1000364,1001146,2.089243515,2.087611597
7,2093801,1000468,1000468,1000469,1001302,2.092819468,2.091078416
7,2093810,1000521,1000521,1000521,1001303,2.092719693,2.091085316
7,2083862,1000573,1000573,987239,1001667,2.110797892,2.080393983
7,2093187,1000520,1000520,1000521,1001354,2.092097017,2.090356657
7,2093783,1000469,1000469,1000573,1001615,2.092583949,2.090406993
7,2093152,1000156,1000156,1000208,1001041,2.092716715,2.090975295
7,2087763,1000208,1000208,997449,1001198,2.093102504,2.085264853
7,2094049,1000625,1000625,1000625,1001562,2.092741037,2.090783197
7,2093603,1000416,1000416,1000365,1001250,2.092839114,2.090989263
7,2093462,1000365,1000365,1000312,1001198,2.092809044,2.090957033
7,2081191,1000416,1000416,988802,1001302,2.104760104,2.078484813
7,1979450,1000156,1000156,1000157,1001146,1.979139275,1.977184147
7,1842038,1000104,1000104,1000052,1000938,1.841942219,1.840311788
7,1843292,1000364,1000364,1000417,1001250,1.842523668,1.840990762
7,1837108,1000209,1000209,985729,1001407,1.863704933,1.834526821
7,1843743,1000260,1000260,1000261,1001354,1.843261909,1.841249948
7,1843203,1000000,1000000,1000000,1000885,1.843203000,1.841573208
7,1844058,1000469,1000469,1000469,1001354,1.843193542,1.841564522
7,1832192,1000208,1000208,989010,1001146,1.852551541,1.830094711
7,1843621,1000937,1000937,1000990,1001927,1.841797620,1.840075175
7,1843125,1000052,1000052,1000000,1001198,1.843125000,1.840919578
7,1843608,1000208,1000208,1000208,1001146,1.843224609,1.841497644
7,1837310,1000365,1000365,994842,1001563,1.846835980,1.834442766
7,1843231,1000000,1000000,1000000,1000937,1.843231000,1.841505509
7,1843493,1000156,1000156,1000156,1001146,1.843205460,1.841382775
7,1843860,1000364,1000364,1000313,1001406,1.843283052,1.841271173
7,1824172,1000364,1000364,978907,1001458,1.863478349,1.821516229
7,1843981,1000417,1000417,1000417,1001719,1.843212380,1.840816636
7,1844109,1000521,1000521,1000469,1001615,1.843244518,1.841135566
7,1843336,1000416,1000416,1000417,1001511,1.842567649,1.840554922
7,1833506,1000156,1000156,979011,1001406,1.872814504,1.830931710
7,1843263,1000000,1000000,1000000,1001042,1.843263000,1.841344319
7,1843761,1000312,1000312,1000313,1001302,1.843184083,1.841363545
7,1843931,1000364,1000364,1000365,1001407,1.843258211,1.841340234
7,1817946,1000312,1000312,970677,1001459,1.872863991,1.815297481
7,1844030,1000469,1000469,1000521,1001406,1.843069761,1.841440934
7,1843808,1000365,1000365,1000364,1001354,1.843137098,1.841314860
7,1843847,1000365,1000365,1000364,1001302,1.843176084,1.841449433
7,1837943,1000052,1000052,996927,1000989,1.843608409,1.836127070
7,1844407,1000625,1000625,1000781,1001718,1.842967642,1.841243743
7,1835592,1000521,1000521,1000573,1001563,1.834540808,1.832727447
7,1841080,1000625,1000625,1000677,1001666,1.839834432,1.838017862
7,1832302,1000469,1000469,986249,1001615,1.857849286,1.829347604
7,1843999,1000417,1000417,1000364,1001406,1.843328029,1.841409978
7,1843879,1000365,1000365,1000364,1001354,1.843208072,1.841385764
7,1843856,1000365,1000365,1000312,1001354,1.843280896,1.841362795
7,1910178,1000417,1000417,978072,1001510,1.953003460,1.907297980
7,2089754,999844,999844,999895,1001250,2.089973447,2.087145069
7,2093293,1000208,1000208,1000208,1001042,2.092857686,2.091114059
7,2092803,1000000,1000000,1000000,1000834,2.092803000,2.091059057
7,2073382,1000521,1000521,979324,1001563,2.117156324,2.070146361
7,2093011,1000104,1000104,1000052,1000990,2.092902169,2.090940968
7,2092979,1000104,1000104,1000104,1000938,2.092761353,2.091017625
7,2093448,1000313,1000313,1000312,1001146,2.092795048,2.091051655
7,2089295,1000468,1000468,995729,1001406,2.098256654,2.086361576
7,2093666,1000416,1000416,1000365,1001198,2.092902091,2.091160789
7,1941722,1000261,1000261,1000312,1001250,1.941116372,1.939297878
7,1841543,1000208,1000208,1000104,1001146,1.841351499,1.839435007
7,1825755,1000833,1000833,972396,1001980,1.877583824,1.822147149
7,1843489,1000157,1000157,1000104,1001302,1.843297297,1.841091898
7,1843884,1000417,1000417,1000364,1001406,1.843213070,1.841295139
7,1843123,999948,999948,1000000,1000989,1.843123000,1.841301952
7,1834126,1000260,1000260,977552,1001615,1.876243924,1.831168663
7,1843666,1000260,1000260,1000261,1001458,1.843184929,1.840981848
7,1843783,1000313,1000313,1000312,1001354,1.843207919,1.841289893
7,1844115,1000521,1000521,1000469,1001510,1.843250516,1.841334585
7,1828021,1000625,1000625,980573,1001771,1.864237543,1.824789298
7,1843359,1000052,1000052,1000052,1001354,1.843263150,1.840866467
7,1843614,1000260,1000260,1000209,1001302,1.843228765,1.841216736
7,1843535,1000156,1000156,1000208,1001198,1.843151624,1.841329088
7,1836086,1000261,1000261,994271,1001562,1.846665547,1.833222506
7,1844023,1000469,1000469,1000417,1001719,1.843254363,1.840858564
7,1844115,1000468,1000468,1000521,1001510,1.843154716,1.841334585
7,1843904,1000416,1000416,1000365,1001459,1.843231221,1.841217663
7,1827043,1000312,1000312,976927,1001667,1.870193986,1.824002388
7,1843114,999948,999948,999947,1001094,1.843211690,1.841099837
7,1843473,1000157,1000157,1000156,1001406,1.843185463,1.840884716
7,1843655,1000261,1000261,1000260,1001250,1.843175774,1.841353308
7,1836987,1000313,1000313,980312,1001510,1.873879948,1.834217332
7,1843837,1000365,1000365,1000312,1001459,1.843261902,1.841150761
7,1843698,1000261,1000261,1000260,1001354,1.843218763,1.841205008
7,1843425,1000156,1000156,1000104,1001250,1.843233304,1.841123596
7,1828088,1000365,1000365,983074,1001823,1.859562963,1.824761460
7,1843263,1000052,1000052,1000052,1001198,1.843167155,1.841057413
7,1843564,1000156,1000156,1000209,1001302,1.843178776,1.841166801
7,1844013,1000468,1000468,1000417,1001563,1.843244367,1.841135306
7,1837978,1000573,1000573,996041,1002084,1.845283477,1.834155620
7,1844135,1000521,1000521,1000521,1001562,1.843174706,1.841258954
7,1843902,1000364,1000364,1000365,1001511,1.843229221,1.841120068
7,1843306,1000052,1000052,1000052,1001197,1.843210153,1.841102201
7,1828905,1000625,1000625,984272,1001823,1.858129663,1.825576973
7,1843414,1000104,1000104,1000104,1001614,1.843222305,1.840443524
7,1843318,1000104,1000104,1000052,1001198,1.843222152,1.841112347
7,1843601,1000208,1000208,1000209,1001302,1.843215768,1.841203753
7,1835951,1000312,1000312,982292,1001511,1.869048104,1.833181063
7,1844119,1000469,1000469,1000469,1001614,1.843254514,1.841147388
7,1843805,1000364,1000364,1000365,1001511,1.843132257,1.841023214
7,1843149,999948,999948,1000000,1001407,1.843149000,1.840559333
7,1829100,1000417,1000417,982240,1001823,1.862172178,1.825771618
7,1843784,1000365,1000365,1000365,1001406,1.843111264,1.841195279
7,1843767,1000312,1000312,1000313,1001406,1.843190082,1.841178303
7,1843260,1000000,1000000,1000000,1001146,1.843260000,1.841150042
7,1835681,1000312,1000312,992501,1001511,1.849550781,1.832911471
7,1844044,1000469,1000469,1000469,1001562,1.843179549,1.841168095
7,1843429,1000104,1000104,1000104,1001250,1.843237303,1.841127591
7,1844107,1000468,1000468,1000469,1001615,1.843242519,1.841133569
7,1830202,1000312,1000312,982968,1001771,1.861914121,1.826966442
7,1843077,999948,999948,999896,1001406,1.843268700,1.840489272
7,1844011,1000468,1000468,1000469,1001562,1.843146564,1.841135147
7,1843690,1000312,1000312,1000261,1001354,1.843208922,1.841197019
7,1832600,1000104,1000104,978437,1001615,1.872987224,1.829645123
7,1843651,1000209,1000209,1000260,1001510,1.843171775,1.840871284
7,1843507,1000156,1000156,1000156,1001198,1.843219458,1.841301121
7,1843163,999948,999948,1000000,1000989,1.843163000,1.841341913
7,1828287,1000260,1000260,983074,1001459,1.859765389,1.825623415
7,1843255,1000000,1000000,1000000,1000989,1.843255000,1.841433822
7,1843303,1000052,1000052,1000000,1001094,1.843303000,1.841288630
7,1843478,1000104,1000104,1000156,1001145,1.843190462,1.841369632
7,1836910,1000156,1000156,997032,1001094,1.842378178,1.834902617
7,1844107,1000468,1000468,1000469,1001354,1.843242519,1.841613455
7,1843851,1000312,1000312,1000313,1001407,1.843274055,1.841260347
7,1843159,999948,999948,1000000,1000886,1.843159000,1.841527407
7,1832605,1000417,1000417,986926,1001614,1.856881874,1.829651942
7,1843163,1000000,1000000,999948,1001041,1.843258849,1.841246263
7,1843603,1000208,1000208,1000261,1001198,1.843121945,1.841397006
7,1843861,1000364,1000364,1000313,1001406,1.843284052,1.841272171
7,1835212,1000521,1000521,983959,1001667,1.865130559,1.832157793
7,1843401,1000104,1000104,1000104,1001145,1.843209306,1.841292720
7,1843155,1000000,1000000,999948,1000938,1.843250849,1.841427741
7,1843803,1000313,1000313,1000312,1001354,1.843227913,1.841309866
7,1826736,1000313,1000313,979011,1001562,1.865899362,1.823887088
7,1843359,1000104,1000104,1000052,1001407,1.843263150,1.840769038
7,1843980,1000469,1000469,1000416,1001458,1.843213223,1.841295391
7,1843360,1000105,1000105,1000104,1001146,1.843168310,1.841249928
7,1834926,1000208,1000208,996875,1001302,1.840678119,1.832540033
7,1844091,1000469,1000469,1000468,1001511,1.843228369,1.841308782
7,1844093,1000469,1000469,1000469,1001718,1.843228526,1.840930282
7,1843708,1000260,1000260,1000261,1001459,1.843226918,1.841021949
7,1826254,1000313,1000313,981614,1001615,1.860460425,1.823309355
7,1843223,1000000,1000000,1000000,1001146,1.843223000,1.841113084
7,1843563,1000156,1000156,1000209,1001250,1.843177776,1.841261423
7,1844005,1000468,1000468,1000417,1001510,1.843236370,1.841224751
7,1836135,1000260,1000260,979844,1001511,1.873905438,1.833364786
7,1844076,1000521,1000521,1000469,1001667,1.843211534,1.841007041
7,1843826,1000364,1000364,1000313,1001458,1.843249063,1.841141616
7,1843838,1000365,1000365,1000312,1001511,1.843262902,1.841056164
7,1824647,1000521,1000521,979167,1001823,1.863468642,1.821326721
7,1843779,1000313,1000313,1000365,1001458,1.843106266,1.841094684
7,1843873,1000364,1000364,1000365,1001510,1.843200232,1.841092950
7,1844037,1000417,1000417,1000469,1001563,1.843172552,1.841159268
7,1834473,1000365,1000365,987500,1001614,1.857694177,1.831516932
7,1843610,1000261,1000261,1000208,1001407,1.843226609,1.841019685
7,1843967,1000417,1000417,1000417,1001562,1.843198386,1.841091216
7,1843306,1000052,1000052,1000052,1001198,1.843210153,1.841100362
7,1820981,1000521,1000521,977343,1002031,1.863195419,1.817290084
7,1843752,1000261,1000261,1000260,1001511,1.843272749,1.840970294
7,1844067,1000469,1000469,1000469,1001562,1.843202538,1.841191060
7,1844027,1000469,1000469,1000417,1001563,1.843258361,1.841149284
7,1833557,1000365,1000365,985208,1001927,1.861086187,1.830030531
7,1843879,1000365,1000365,1000313,1001562,1.843302046,1.841003353
7,1843948,1000416,1000416,1000417,1001510,1.843179394,1.841167837
7,1843733,1000312,1000312,1000312,1001354,1.843157935,1.841239961
7,1826834,1000417,1000417,982083,1001875,1.860162532,1.823415097
7,1843583,1000209,1000209,1000208,1001406,1.843199614,1.840994562
7,1844086,1000469,1000469,1000469,1001562,1.843221529,1.841210030
7,1843773,1000312,1000312,1000312,1001458,1.843197922,1.841088693
7,1835150,1000052,1000052,995677,1001250,1.843117798,1.832858926
7,1844020,1000417,1000417,1000417,1001510,1.843251364,1.841239728
7,1843447,1000468,1000468,1000469,1001771,1.842582829,1.840188027
7,1843719,1000313,1000313,1000260,1001407,1.843239758,1.841128532
7,1828167,1000313,1000313,981613,1001614,1.862411154,1.825221093
7,1843653,1000208,1000208,1000209,1001562,1.843267757,1.840777705
7,1843339,1000052,1000052,1000053,1001094,1.843241308,1.841324591
7,1843268,1000052,1000052,1000052,1001094,1.843172155,1.841253668
7,1833569,1000261,1000261,976562,1001615,1.877575617,1.830612561
7,1836652,1000260,1000260,998905,1001406,1.838665339,1.834073293
7,1844089,1000521,1000521,1000468,1001667,1.843226370,1.841020020
7,1844033,1000468,1000468,1000469,1001562,1.843168554,1.841157113
7,1827676,1000521,1000521,984895,1001823,1.855706446,1.824350210
7,1843953,1000416,1000416,1000365,1001406,1.843280203,1.841364042
7,1843461,1000156,1000156,1000156,1001094,1.843173465,1.841446458
7,1844062,1000469,1000469,1000468,1001407,1.843199383,1.841471050
7,1838096,1000208,1000208,996875,1001198,1.843858056,1.835896596
7,1843272,1000052,1000052,1000000,1000938,1.843272000,1.841544631
7,1844146,1000521,1000521,1000521,1001406,1.843185700,1.841556771
7,1843788,1000313,1000313,1000312,1001198,1.843212918,1.841581785
7,1828026,1000573,1000573,987552,1001823,1.851068096,1.824699573
7,1843963,1000417,1000417,1000365,1001510,1.843290199,1.841182814
7,1843813,1000364,1000364,1000313,1001354,1.843236067,1.841319853
7,1843778,1000312,1000312,1000261,1001354,1.843296900,1.841284900
7,1834082,1000573,1000573,977760,1002291,1.875799787,1.829889723
7,1843379,1000052,1000052,1000104,1001562,1.843187309,1.840504133
7,1843418,1000156,1000156,1000104,1001302,1.843226304,1.841020991
7,1843568,1000208,1000208,1000156,1001302,1.843280448,1.841170796
7,1824661,1000677,1000677,980781,1002136,1.860416342,1.820771831
7,1843852,1000365,1000365,1000312,1001510,1.843276898,1.841071981
7,1843407,1000104,1000104,1000052,1001355,1.843311148,1.840912563
7,1833270,1000209,1000209,1000261,1001458,1.832791641,1.830600984
7,1837296,1000468,1000468,996354,1002031,1.844019294,1.833572015
7,1841510,1000156,1000156,1000104,1001250,1.841318503,1.839210986
7,1843996,1000417,1000417,1000468,1001510,1.843133414,1.841215764
7,1843184,1000000,1000000,1000000,1001198,1.843184000,1.840978508
7,1809413,1000417,1000417,966303,1001667,1.872511003,1.806401728
7,1843362,1000052,1000052,1000052,1001302,1.843266150,1.840965063
7,1844257,1000573,1000573,1000625,1001875,1.843105059,1.840805490
7,1843993,1000417,1000417,1000573,1002084,1.842936997,1.840158110
7,1819416,993125,993125,966250,1002500,1.882966106,1.814878803
7,1844227,1000573,1000573,1000521,1001980,1.843266658,1.840582646
7,1843747,1000312,1000312,1000260,1001510,1.843267750,1.840967140
7,1843220,1000000,1000000,1000000,1001198,1.843220000,1.841014465
7,1827575,1000209,1000209,978593,1001511,1.867553723,1.824817700
7,1844015,1000469,1000469,1000469,1001510,1.843150562,1.841234736
7,1843438,1000156,1000156,1000104,1001094,1.843246302,1.841423483
7,1843885,1000364,1000364,1000469,1001458,1.843020623,1.841200530
7,1837746,1000625,1000625,995105,1001823,1.846786018,1.834401885
7,1844257,1000573,1000573,1000625,1001615,1.843105059,1.841283327
7,1843405,1000104,1000104,1000104,1000990,1.843213306,1.841581834
7,1844084,1000469,1000469,1000469,1001354,1.843219530,1.841590486
7,1824178,1000521,1000521,975522,1001614,1.869950652,1.821238521
7,1843363,1000105,1000105,1000052,1001093,1.843267150,1.841350404
7,1844084,1000469,1000469,1000468,1001459,1.843221372,1.841397401
7,1844093,1000469,1000469,1000521,1001407,1.843132728,1.841502007
7,2033461,1000261,1000261,992343,1001302,2.049151352,2.030816876
7,2093051,1000104,1000104,1000104,1000990,2.092833345,2.090980929
7,2094083,1000625,1000625,1000677,1001562,2.092666265,2.090817144
7,2092834,1000000,1000000,1000000,1000833,2.092834000,2.091092120
7,2082573,1000365,1000365,987084,1001458,2.109823480,2.079541029
7,2093684,1000416,1000416,1000417,1001302,2.092811298,2.090961568
7,2093624,1000417,1000417,1000417,1001302,2.092751323,2.090901646
7,2095900,1003802,1003802,1000729,1004688,2.094373202,2.086120268
7,2092855,1000000,1000000,1000000,1000937,2.092855000,2.090895831
7,1867420,1000417,1000417,1000469,1001302,1.866544591,1.864991781
7,1843679,1000261,1000261,1000260,1001197,1.843199768,1.841474755
7,1838065,1000208,1000208,991406,1001198,1.853998261,1.835865633
7,1832353,1000312,1000312,988905,1001354,1.852911048,1.829875349
7,1843520,1000157,1000157,1000208,1001303,1.843136628,1.841121019
7,1843699,1000261,1000261,1000260,1001250,1.843219763,1.841397253
7,1838185,1000521,1000521,982709,1001563,1.870528305,1.835316400
7,1843637,1000261,1000261,1000208,1001198,1.843253603,1.841430966
7,1843202,1000000,1000000,999948,1000885,1.843297851,1.841572209
7,1843724,1000312,1000312,1000261,1001198,1.843242914,1.841517862
7,1838368,1000417,1000417,991302,1001406,1.854498427,1.835786884
7,1836649,1000521,1000521,995417,1001615,1.845105117,1.833687595
7,1843474,1000157,1000157,1000156,1001145,1.843186463,1.841365636
7,1844000,1000417,1000417,1000416,1001406,1.843233215,1.841410976
7,1838727,1000365,1000365,996249,1001302,1.845650033,1.836336090
7,1844070,1000469,1000469,1000520,1001407,1.843111582,1.841479039
7,1843748,1000313,1000313,1000364,1001355,1.843077120,1.841253102
7,1832844,1000417,1000417,1000416,1001459,1.832081854,1.830173776
7,1831987,1000261,1000261,975936,1001355,1.877158953,1.829508017
7,1836973,1000260,1000260,995781,1001354,1.844756026,1.834489102
7,1844350,1000625,1000625,1000625,1001615,1.843198001,1.841376177
7,1843269,1000000,1000000,1000052,1000989,1.843173155,1.841447808
7,1839708,1000521,1000521,1006042,1010052,1.828659241,1.821399294
7,1843735,1000313,1000313,1000313,1001406,1.843158092,1.841146348
7,1843290,1000052,1000052,1000000,1001041,1.843290000,1.841373131
7,2052825,1000417,1000417,1000416,1001459,2.051971380,2.049834292
7,2088456,1000469,1000469,993176,1001407,2.102805545,2.085521671
7,2089043,1000781,1000781,994166,1001771,2.101301996,2.085349845
7,2092946,1000104,1000104,1000105,1000938,2.092726264,2.090984656
7,2093616,1000417,1000417,1000364,1001302,2.092854201,2.090893656
7,2088802,1000469,1000469,997760,1001458,2.093491421,2.085760961
7,2093214,1000156,1000156,1000209,1001042,2.092776610,2.091035141
7,2093318,1000261,1000261,1000208,1001042,2.092882680,2.091139033
7,2093523,1000365,1000365,1000365,1001198,2.092759143,2.091017960
7,2096268,1007656,1007656,995730,1008594,2.105257449,2.078406177
7,2092961,1000052,1000052,1000104,1000937,2.092743355,2.091001731
7,2092893,1000052,1000052,1000052,1000833,2.092784175,2.091151071
7,2093306,1000260,1000260,1000261,1001042,2.092759790,2.091127046
7,2041422,1000729,1000729,982708,1001719,2.077343422,2.037918818
7,1837072,1000157,1000157,1000156,1001197,1.836785461,1.834875654
7,1843212,1000052,1000052,1000000,1000834,1.843212000,1.841676042
7,1844230,1000573,1000573,1000573,1001510,1.843173861,1.841449411
7,1832197,1000260,1000260,985834,1001302,1.858524863,1.829814581
7,1843743,1000312,1000312,1000260,1001250,1.843263751,1.841441199
7,1843424,1000104,1000104,1000157,1001094,1.843134628,1.841409498
7,1843694,1000260,1000260,1000261,1001302,1.843212921,1.841296632
7,1839663,1000261,1000261,995989,1001354,1.847071604,1.837175464
7,1843416,1000156,1000156,1000104,1001041,1.843224305,1.841499000
7,1843961,1000417,1000417,1000521,1001511,1.843000797,1.841178979
7,1834994,1000468,1000468,1000521,1001614,1.834038466,1.832037092
7,1829189,1000521,1000521,986875,1001511,1.853516403,1.826429265
7,1842759,1000468,1000468,1000469,1001510,1.841895151,1.839980629
7,1843949,1000417,1000417,1000416,1001354,1.843182236,1.841455669
7,1843709,1000260,1000260,1000312,1001250,1.843133942,1.841407241
7,1834918,1000104,1000104,977137,1001198,1.877851315,1.832722399
7,1844203,1000521,1000521,1000521,1001563,1.843242671,1.841325009
7,1843719,1000312,1000312,1000261,1001250,1.843237915,1.841417228
7,1844257,1000573,1000573,1000729,1001667,1.842913516,1.841187740
7,1832489,1000417,1000417,984010,1001562,1.862266644,1.829631116
7,1843166,999948,999948,999948,1001094,1.843261850,1.841151780
7,1843185,999948,999948,1000000,1000885,1.843185000,1.841555224
7,1843852,1000365,1000365,1000312,1001250,1.843276898,1.841550062
7,1837579,1000052,1000052,995833,1001146,1.845268233,1.835475545
7,1843644,1000260,1000260,1000261,1001145,1.843162934,1.841535442
7,1843819,1000365,1000365,1000364,1001250,1.843148094,1.841517104
7,1843192,1000000,1000000,1000000,1000990,1.843192000,1.841369045
7,1828657,1000416,1000416,980105,1001615,1.865776626,1.825708481
7,1843920,1000364,1000364,1000313,1001719,1.843343034,1.840755741
7,1843906,1000365,1000365,1000364,1001458,1.843235062,1.841221499
7,1843490,1000157,1000157,1000104,1001198,1.843298297,1.841284142
7,1832937,1000625,1000625,974062,1001771,1.881745720,1.829696607
7,1842038,1000209,1000209,1000260,1001667,1.841559195,1.838972433
7,1843574,1000208,1000208,1000209,1001354,1.843188774,1.841081176
7,1843544,1000208,1000208,1000209,1001302,1.843158780,1.841146827
7,1828389,1000469,1000469,972448,1001718,1.880192051,1.825253215
7,1843984,1000417,1000417,1000416,1001927,1.843217222,1.840437477
7,1843658,1000260,1000260,1000260,1001666,1.843178774,1.840591574
7,1843432,1000157,1000157,1000104,1001250,1.843240303,1.841130587
7,1834594,1000313,1000313,991666,1001510,1.850012000,1.831827940
7,1843278,1000052,1000052,1000053,1001458,1.843180311,1.840594413
7,1843128,999948,999948,999896,1001094,1.843319705,1.841113821
7,1843561,1000208,1000208,1000209,1001302,1.843175776,1.841163805
7,1828119,1000469,1000469,978646,1001666,1.868008452,1.825078419
7,1843173,1000000,1000000,999948,1001146,1.843268850,1.841063142
7,1843839,1000365,1000365,1000365,1001615,1.843166244,1.840866001
7,1843542,1000208,1000208,1000157,1001459,1.843252609,1.840856191
7,1832719,1000833,1000833,975624,1002135,1.878509549,1.828814481
7,1843245,1000000,1000000,1000000,1001250,1.843245000,1.840943820
7,1843231,1000052,1000052,1000052,1001146,1.843135157,1.841121075
7,1843544,1000208,1000208,1000156,1001302,1.843256452,1.841146827
7,1825303,1000625,1000625,980000,1001875,1.862554082,1.821886962
7,1844134,1000521,1000521,1000521,1001458,1.843173706,1.841449167
7,1843598,1000208,1000208,1000208,1001146,1.843214611,1.841487655
7,1843684,1000260,1000260,1000209,1001355,1.843298751,1.841189189
7,1838420,1000104,1000104,996406,1001146,1.845051114,1.836315582
7,1843778,1000313,1000313,1000312,1001250,1.843202921,1.841476155
7,1843484,1000156,1000156,1000156,1001198,1.843196461,1.841278149
7,1843227,1000000,1000000,1000052,1000937,1.843131157,1.841501513
7,1832030,1000573,1000573,983177,1001719,1.863377601,1.828886145
7,1842543,999636,999636,999583,1001459,1.843311661,1.839858646
7,1843893,1000365,1000365,1000364,1001510,1.843222067,1.841112919
7,1843558,1000208,1000208,1000209,1001354,1.843172777,1.841065198
7,1835161,1000573,1000573,981980,1001927,1.868837451,1.831631446
7,1843932,1000417,1000417,1000364,1001562,1.843261053,1.841056270
7,1843214,1000000,1000000,1000000,1001146,1.843214000,1.841104095
7,1843881,1000365,1000365,1000313,1001510,1.843304046,1.841100938
7,1831556,1000208,1000208,984845,1001511,1.859740365,1.828792694
7,1844209,1000521,1000521,1000573,1001719,1.843152873,1.841044245
7,1844176,1000521,1000521,1000520,1001614,1.843217527,1.841204296
7,1844247,1000573,1000573,1000521,1001667,1.843286648,1.841177757
7,1836585,1000417,1000417,990261,1001927,1.854647411,1.833052707
7,1844194,1000521,1000521,1000573,1001979,1.843137882,1.840551548
7,1843844,1000365,1000365,1000313,1001510,1.843267057,1.841063993
7,1843702,1000260,1000260,1000261,1001355,1.843220919,1.841207164
7,1829782,1000416,1000416,981355,1001771,1.864546469,1.826547185
7,1843141,999948,999948,999948,1001145,1.843236848,1.841033017
7,1843357,1000104,1000104,1000105,1001198,1.843163468,1.841151301
7,1843554,1000208,1000208,1000209,1001667,1.843168778,1.840485910
7,1835601,1000417,1000417,978125,1001771,1.876652780,1.832355898
7,1843210,1000000,1000000,999948,1001146,1.843305852,1.841100099
7,1843838,1000365,1000365,1000365,1001563,1.843165245,1.840960579
7,1843311,1000052,1000052,1000000,1001459,1.843311000,1.840625527
7,1828762,1000365,1000365,980781,1001927,1.864597703,1.825244753
7,1844054,1000468,1000468,1000469,1001979,1.843189544,1.840411825
7,1844264,1000573,1000573,1000573,1001667,1.843207842,1.841194728
7,1843793,1000313,1000313,1000312,1001458,1.843217916,1.841108664
7,1838365,1000313,1000313,995938,1001458,1.845862895,1.835688566
7,1843775,1000312,1000312,1000313,1001407,1.843198079,1.841184453
7,1843474,1000156,1000156,1000156,1001250,1.843186463,1.841172534
7,1844217,1000573,1000573,1000520,1001823,1.843258506,1.840861110
7,1790214,1000521,1000521,955157,1001980,1.874261509,1.786676381
7,1843524,1000157,1000157,1000208,1001302,1.843140627,1.841126853
7,1843639,1000261,1000261,1000260,1001354,1.843159778,1.841146088
7,1843826,1000313,1000313,1000312,1001458,1.843250906,1.841141616
7,1792650,1000365,1000365,947187,1001771,1.892604100,1.789480829
7,1843545,1000209,1000209,1000208,1001406,1.843161622,1.840956615
7,1843613,1000260,1000260,1000209,1001354,1.843227765,1.841120123
7,1843482,1000156,1000156,1000156,1001250,1.843194462,1.841180524
7,1827493,1000417,1000417,983959,1001979,1.857285720,1.823883534
7,1843261,1000052,1000052,1000052,1001250,1.843165155,1.840959800
7,1843409,1000104,1000104,1000104,1001510,1.843217305,1.840629649
7,1843527,1000208,1000208,1000156,1001354,1.843239455,1.841034240
7,1837260,1000105,1000105,995104,1001250,1.846299482,1.834966292
7,1843370,1000052,1000052,1000052,1001250,1.843274150,1.841068664
7,1843255,1000053,1000053,1000052,1001198,1.843159156,1.841049423
7,1843683,1000261,1000261,1000260,1001406,1.843203767,1.841094421
7,1817088,1000677,1000677,976250,1001927,1.861293726,1.813593206
7,1843151,999948,999948,999948,1001458,1.843246849,1.840467598
7,1844007,1000468,1000468,1000417,1001875,1.843238370,1.840555958
7,1843310,1000052,1000052,1000052,1001198,1.843214153,1.841104357
7,1835240,1000469,1000469,978490,1001771,1.875583808,1.831995536
7,1843358,1000052,1000052,1000052,1001302,1.843262150,1.840961069
7,1843144,999948,999948,999948,1000989,1.843239848,1.841322932
7,1843930,1000364,1000364,1000417,1001511,1.843161402,1.841148025
7,1829739,1000521,1000521,984220,1001719,1.859075207,1.826599076
7,1844093,1000469,1000469,1000469,1001562,1.843228526,1.841217019
7,1843353,1000104,1000104,1000104,1001094,1.843161311,1.841338576
7,1843976,1000469,1000469,1000416,1001510,1.843209225,1.841195794
7,1835500,1000521,1000521,993386,1001562,1.847720826,1.832637420
7,1843557,1000208,1000208,1000156,1001198,1.843269450,1.841351061
7,1843272,1000052,1000052,1000052,1001198,1.843176155,1.841066402
7,1843483,1000157,1000157,1000156,1001354,1.843195462,1.840990299
7,1831813,1000677,1000677,984011,1002031,1.861577767,1.828100129
7,1843476,1000157,1000157,1000156,1001302,1.843188463,1.841078915
7,1843576,1000208,1000208,1000156,1001302,1.843288447,1.841178785
7,1843291,1000052,1000052,1000052,1001094,1.843195154,1.841276643
7,1837101,1000677,1000677,981095,1001823,1.872500624,1.833758059
7,1843223,1000052,1000052,1000000,1001146,1.843223000,1.841113084
7,1843947,1000416,1000416,1000417,1001615,1.843178395,1.840973827
7,1843491,1000157,1000157,1000156,1001198,1.843203460,1.841285140
7,1828633,1000417,1000417,981509,1001666,1.863083273,1.825591564
7,1843597,1000209,1000209,1000208,1001302,1.843213612,1.841199758
7,1843755,1000260,1000260,1000312,1001303,1.843179928,1.841355714
7,1843721,1000260,1000260,1000260,1001355,1.843241757,1.841226139
7,1837885,1000469,1000469,996665,1001563,1.844034856,1.835016869
7,1843657,1000261,1000261,1000260,1001250,1.843177774,1.841355306
7,1844020,1000469,1000469,1000417,1001510,1.843251364,1.841239728
7,1843744,1000261,1000261,1000312,1001510,1.843168931,1.840964144
7,1828653,1000520,1000520,985573,1001771,1.855421161,1.825420181
7,1844008,1000468,1000468,1000417,1001562,1.843239369,1.841132152
7,1843598,1000208,1000208,1000209,1001198,1.843212769,1.841392012
7,1843357,1000052,1000052,1000104,1001094,1.843165311,1.841342571
7,1836213,1000469,1000469,982709,1001718,1.868521607,1.833063796
7,1843641,1000208,1000208,1000208,1001355,1.843257602,1.841146247
7,1843775,1000313,1000313,1000260,1001406,1.843295743,1.841186292
7,1843773,1000313,1000313,1000312,1001406,1.843197922,1.841184295
7,1830954,1000313,1000313,983595,1001823,1.861491773,1.827622245
7,1843743,1000312,1000312,1000261,1001615,1.843261909,1.840770156
7,1843352,1000052,1000052,1000104,1001198,1.843160311,1.841146307
7,1843258,1000000,1000000,1000000,1001146,1.843258000,1.841148044
7,1834612,1000364,1000364,990469,1001615,1.852265947,1.831653879
7,1843575,1000208,1000208,1000156,1001562,1.843287447,1.840699827
7,1843662,1000260,1000260,1000260,1001302,1.843182772,1.841264673
7,1843289,1000052,1000052,1000000,1001459,1.843289000,1.840603559
7,1826840,1000521,1000521,979687,1001980,1.864718017,1.823230005
7,1843932,1000364,1000364,1000365,1001562,1.843259210,1.841056270
7,1843841,1000365,1000365,1000364,1001511,1.843170086,1.841059160
7,1843333,1000052,1000052,1000052,1001197,1.843237152,1.841129168
7,1835268,1000521,1000521,980311,1001719,1.872128335,1.832118588
7,1843866,1000364,1000364,1000365,1001511,1.843193234,1.841084122
7,1843972,1000417,1000417,1000416,1001823,1.843205227,1.840616556
7,1843759,1000312,1000312,1000312,1001407,1.843183927,1.841168476
7,1824392,1000677,1000677,979218,1002240,1.863111176,1.820314496
7,1843429,1000104,1000104,1000105,1001302,1.843235460,1.841031976
7,1843468,1000156,1000156,1000157,1001302,1.843178621,1.841070926
7,1843302,1000052,1000052,1000052,1001146,1.843206153,1.841191994
7,1835804,1000573,1000573,995364,1001718,1.844354427,1.832655498
7,1832059,1000521,1000521,1000729,1001875,1.830724402,1.828630318
7,1843847,1000313,1000313,1000417,1001718,1.843078436,1.840684704
7,1843938,1000365,1000365,1000364,1001511,1.843267051,1.841156013
7,1817361,1000209,1000209,974324,1001406,1.865253242,1.814809378
7,1843485,1000468,1000468,1000625,1001927,1.842333542,1.839939437
7,1843533,1000312,1000312,1000313,1001562,1.842956155,1.840657892
7,1843314,1000104,1000104,1000052,1001198,1.843218153,1.841108352
7,1816321,1000573,1000573,947917,1001823,1.916118183,1.813015872
7,1841394,1000104,1000104,1000105,1001406,1.841200674,1.838808635
7,1843852,1000365,1000365,1000364,1001875,1.843181082,1.840401248
7,1843301,1000156,1000156,1000209,1001354,1.842915831,1.840808545
7,1830031,1000625,1000625,979791,1001980,1.867776903,1.826414699
7,1842981,999896,999896,999896,1001354,1.843172690,1.840488978
7,1844129,1000469,1000469,1000573,1001615,1.843072919,1.841155534
7,1843621,1000261,1000261,1000260,1001302,1.843141783,1.841223727
7,1838022,1000365,1000365,995365,1001354,1.846580902,1.835536683
7,1843093,1000052,1000052,1000000,1000937,1.843093000,1.841367639
7,1843126,1000052,1000052,1000052,1000938,1.843030162,1.841398768
7,1843408,1000208,1000208,1000260,1001458,1.842928839,1.840724224
7,1831257,1000468,1000468,979011,1001511,1.870517287,1.828494145
7,1843344,1000105,1000105,1000000,1001041,1.843344000,1.841427074
7,1843958,1000365,1000365,1000417,1001302,1.843189390,1.841560289
7,1843781,1000417,1000417,1000469,1001354,1.842916672,1.841287896
7,1910288,1000156,1000156,938334,1001146,2.035829459,1.908101316
7,2091790,1000209,1000209,1000208,1001146,2.091354998,2.089395553
7,2092628,1000208,1000208,1000468,1001459,2.091649108,2.089579304
7,2093283,1000208,1000208,1000260,1001146,2.092738888,2.090886844
7,2077735,1000365,1000365,985521,1001250,2.108260504,2.075141074
7,2093118,1000104,1000104,1000156,1001093,2.092791525,2.090832720
7,2092961,1000104,1000104,1000104,1000886,2.092743355,2.091108278
7,2093404,1000260,1000260,1000261,1001094,2.092857764,2.091116319
7,2087604,1000313,1000313,998124,1001198,2.091527706,2.085106043
7,2093079,1000156,1000156,1000156,1000938,2.092752531,2.091117532
7,2093595,1000417,1000417,1000469,1001407,2.092613564,2.090653451
7,1985283,1000469,1000469,1000469,1001511,1.984352339,1.982287763
7,1828413,1000729,1000729,985365,1001875,1.855569256,1.824991142
7,1843577,1000208,1000208,1000209,1001198,1.843191773,1.841371037
7,1844463,1000677,1000677,1000729,1001823,1.843119366,1.841106663
7,1843993,1000417,1000417,1000469,1001354,1.843128573,1.841499610
7,1837298,1000261,1000261,983280,1001302,1.868539989,1.834908949
7,1843870,1000365,1000365,1000313,1001354,1.843293049,1.841376776
7,1843831,1000313,1000313,1000364,1001250,1.843160090,1.841529089
7,1843205,1000000,1000000,999948,1000885,1.843300852,1.841575206
7,1832358,1000261,1000261,987188,1001354,1.856138851,1.829880342
7,1843654,1000260,1000260,1000209,1001198,1.843268757,1.841447945
7,1843131,1000312,1000312,1000313,1001250,1.842554281,1.840829963
7,1843553,1000157,1000157,1000208,1001094,1.843169621,1.841538357
7,1839108,1000417,1000417,994895,1001511,1.848544821,1.836333300
7,1843683,1000261,1000261,1000260,1001146,1.843203767,1.841572558
7,1844138,1000521,1000521,1000573,1001510,1.843081914,1.841357550
7,1844037,1000469,1000469,1000469,1001354,1.843172552,1.841543550
7,1832410,1000677,1000677,984791,1001823,1.860709531,1.829075595
7,1843559,1000208,1000208,1000209,1001198,1.843173777,1.841353059
7,1843554,1000157,1000157,1000208,1001146,1.843170621,1.841443706
7,1843241,1000000,1000000,1000052,1000990,1.843145156,1.841417996
7,1835678,1000677,1000677,980624,1001927,1.871948882,1.832147452
7,1844119,1000521,1000521,1000573,1001615,1.843062925,1.841145550
7,1831965,1000313,1000313,1000416,1001354,1.831203219,1.829487873
7,1843703,1000261,1000261,1000260,1001250,1.843223762,1.841401248
7,1830420,1000781,1000781,985729,1001927,1.856920107,1.826899565
7,1843643,1000208,1000208,1000209,1001198,1.843257759,1.841436959
7,1843638,1000261,1000261,1000260,1001302,1.843158779,1.841240705
7,1843556,1000209,1000209,1000156,1001197,1.843268450,1.841351902
7,1838617,1000052,1000052,996719,1001146,1.844669360,1.836512357
7,1843754,1000313,1000313,1000364,1001406,1.843083118,1.841165322
7,1843798,1000312,1000312,1000364,1001406,1.843127102,1.841209260
7,1843695,1000260,1000260,1000312,1001354,1.843119947,1.841202012
7,1832743,1000260,1000260,986249,1001406,1.858296434,1.830169781
7,1843642,1000260,1000260,1000209,1001302,1.843256759,1.841244699
7,1843758,1000313,1000313,1000312,1001250,1.843182927,1.841456180
7,1843928,1000417,1000417,1000364,1001303,1.843257054,1.841528488
7,1983593,1000156,1000156,978751,1001250,2.026657444,1.981116604
7,2093306,1000208,1000208,1000417,1001302,2.092433455,2.090584060
7,2092665,1000312,1000312,1000313,1001250,2.092010201,2.090052434
7,2093189,1000209,1000209,1000208,1001041,2.092753707,2.091012256
7,2082016,1000573,1000573,987551,1001667,2.108261751,2.078551055
7,2093609,1000365,1000365,1000364,1001355,2.092847204,2.090775999
7,2093750,1000469,1000469,1000521,1001354,2.092659724,2.090918896
7,2093001,1000104,1000104,1000052,1000938,2.092892170,2.091039605
7,2087318,1000417,1000417,997813,1001406,2.091892970,2.084387351
7,2093230,1000208,1000208,1000156,1001094,2.092903507,2.090942509
7,1967855,1000521,1000521,1000520,1001511,1.966832247,1.964886057
7,1841317,1000365,1000365,1000417,1001302,1.840549491,1.838922723
7,1832215,1000313,1000313,987760,1001302,1.854919211,1.829832558
7,1843653,1000260,1000260,1000208,1001406,1.843269600,1.841064463
7,1843910,1000364,1000364,1000365,1001354,1.843237218,1.841416722
7,1843499,1000156,1000156,1000156,1001146,1.843211459,1.841388768
7,1837544,1000573,1000573,981979,1001875,1.871266086,1.834105053
7,1844109,1000521,1000521,1000469,1001458,1.843244518,1.841424204
7,1843689,1000260,1000260,1000209,1001250,1.843303750,1.841387266
7,1844328,1000625,1000625,1000625,1001614,1.843176015,1.841356051
7,1829647,1000261,1000261,983333,1001563,1.860658597,1.826791725
7,1844172,1000573,1000573,1000521,1001563,1.843211687,1.841294057
7,1843348,1000052,1000052,1000052,1001198,1.843252151,1.841142312
7,1843378,1000052,1000052,1000104,1001197,1.843186309,1.841174115
7,1832609,1000104,1000104,990416,1001459,1.850342684,1.829939119
7,1843528,1000156,1000156,1000157,1001250,1.843238612,1.841226467
7,1843267,1000000,1000000,1000000,1001145,1.843267000,1.841158873
7,1843293,1000053,1000053,1000052,1001146,1.843197154,1.841183004
7,1831085,1000209,1000209,982500,1001563,1.863699746,1.828227480
7,1843467,1000157,1000157,1000104,1001563,1.843275299,1.840590158
7,1843381,1000104,1000104,1000104,1001145,1.843189308,1.841272743
7,1843529,1000209,1000209,1000208,1001511,1.843145626,1.840747630
7,1833583,1000208,1000208,980313,1001562,1.870405677,1.830723410
7,1843493,1000157,1000157,1000156,1001198,1.843205460,1.841287138
7,1843848,1000365,1000365,1000364,1001407,1.843177084,1.841257351
7,1844071,1000469,1000469,1000469,1001511,1.843206536,1.841288813
7,1817917,1000468,1000468,974063,1001770,1.866323841,1.814704972
7,1843741,1000312,1000312,1000261,1001250,1.843259909,1.841439201
7,1843912,1000416,1000416,1000365,1001354,1.843239218,1.841418719
7,1844061,1000468,1000468,1000521,1001406,1.843100745,1.841471891
7,1838460,1000260,1000260,994688,1001354,1.848278053,1.835974091
7,1843869,1000365,1000365,1000312,1001302,1.843293892,1.841471404
7,1843527,1000208,1000208,1000156,1001146,1.843239455,1.841416736
7,1843968,1000416,1000416,1000417,1001302,1.843199386,1.841570276
7,1831742,1000313,1000313,987293,1001354,1.855317520,1.829265175
7,1843275,1000052,1000052,1000052,1001094,1.843179155,1.841260661
7,1843590,1000208,1000208,1000209,1001094,1.843204770,1.841575317
7,1843428,1000105,1000105,1000156,1000990,1.843140470,1.841604811
7,1837606,1000260,1000260,984219,1001302,1.867070235,1.835216548
7,1843905,1000417,1000417,1000312,1001406,1.843329881,1.841316110
7,1843727,1000313,1000313,1000312,1001198,1.843151937,1.841520858
7,1843867,1000365,1000365,1000364,1001302,1.843196077,1.841469407
7,1827786,1000573,1000573,980051,1001719,1.864990699,1.824649428
7,1843169,1000000,1000000,999948,1001094,1.843264850,1.841154777
7,1843344,1000052,1000052,1000105,1001094,1.843150469,1.841329585
7,1843740,1000313,1000313,1000208,1001354,1.843356582,1.841246952
7,1836356,1000417,1000417,993958,1001563,1.847518708,1.833490255
7,1843224,1000000,1000000,1000000,1000990,1.843224000,1.841401013
7,1843925,1000364,1000364,1000365,1001511,1.843252213,1.841143033
7,1843308,1000052,1000052,1000052,1001094,1.843212153,1.841293625
7,1826128,1000208,1000208,975780,1001510,1.871454631,1.823374704
7,1843654,1000260,1000260,1000209,1001510,1.843268757,1.840874280
7,1843309,1000052,1000052,1000052,1001146,1.843213153,1.841198986
7,1843314,1000052,1000052,1000052,1001094,1.843218153,1.841299618
7,1831909,1000365,1000365,973436,1001771,1.881899786,1.828670425
7,1843863,1000365,1000365,1000312,1001510,1.843287894,1.841082965
7,1843893,1000365,1000365,1000313,1001511,1.843316042,1.841111081
7,1843282,1000000,1000000,1000052,1001146,1.843186154,1.841172017
7,1828677,1000730,1000730,978072,1002240,1.869675239,1.824589919
7,1843540,1000209,1000209,1000208,1001354,1.843156623,1.841047222
7,1843982,1000417,1000417,1000417,1001511,1.843213380,1.841199947
7,1843748,1000312,1000312,1000261,1001666,1.843266907,1.840681425
7,1835227,1000417,1000417,995834,1001615,1.842904540,1.832267887
7,1843418,1000104,1000104,1000104,1001250,1.843226304,1.841116604
7,1843587,1000208,1000208,1000208,1001354,1.843203614,1.841094159
7,1843521,1000156,1000156,1000208,1001302,1.843137627,1.841123857
7,1830681,1000677,1000677,984584,1002187,1.859344657,1.826686038
7,1843270,1000052,1000052,1000000,1001250,1.843270000,1.840968789
7,1843749,1000312,1000312,1000312,1001406,1.843173930,1.841160329
7,1871319,1019636,1019636,999739,1020781,1.871807542,1.833222797
7,1844147,1000520,1000520,1000521,1001823,1.843186700,1.840791238
7,1843883,1000417,1000417,1000365,1001511,1.843210228,1.841101096
7,1843224,1000052,1000052,1000000,1001146,1.843224000,1.841114083
7,1835421,1000573,1000573,992396,1001771,1.849484480,1.832176216
7,1818592,1000313,1000313,975834,1001458,1.863628445,1.815944353
7,1843740,1000260,1000260,1000261,1001145,1.843258909,1.841631332
7,1843308,1000052,1000052,1000052,1000886,1.843212153,1.841676275
7,1838198,1000520,1000520,997240,1001458,1.843285468,1.835521809
7,1844109,1000521,1000521,1000469,1001302,1.843244518,1.841711092
7,1843305,1000052,1000052,1000053,1000885,1.843207310,1.841675118
7,1843930,1000417,1000417,1000416,1001302,1.843163244,1.841532325
7,1836523,1000261,1000261,994010,1001198,1.847590064,1.834325478
7,1840326,1000469,1000469,996353,1001510,1.847062236,1.837551298
7,1843708,1000260,1000260,1000260,1001354,1.843228761,1.841214995
7,1843560,1000208,1000208,1000156,1001614,1.843272449,1.840589289
7,1836214,1000729,1000729,978750,1001927,1.876080715,1.832682421
7,1843377,1000157,1000157,1000052,1001562,1.843281149,1.840502136
7,1843967,1000417,1000417,1000416,1001510,1.843200229,1.841186808
7,1843462,1000156,1000156,1000104,1001198,1.843270300,1.841256175
7,1837155,1000677,1000677,987657,1001771,1.860114392,1.833907150
7,1836258,1000521,1000521,993437,1001719,1.848388977,1.833106889
7,1843500,1000156,1000156,1000157,1001145,1.843210616,1.841391607
7,1843339,1000052,1000052,1000000,1000990,1.843339000,1.841515899
7,1835315,1000156,1000156,993959,1001198,1.846469522,1.833118924
7,1843397,1000104,1000104,1000105,1000989,1.843203464,1.841575682
7,1843462,1000157,1000157,1000156,1001146,1.843174465,1.841351811
7,1843175,1000000,1000000,1000000,1000885,1.843175000,1.841545232
7,1838422,1000104,1000104,992708,1001146,1.851926246,1.836317580
7,1836830,1000365,1000365,994635,1001562,1.846737748,1.833965346
7,1843735,1000312,1000312,1000313,1001355,1.843158092,1.841240120
7,1844068,1000468,1000468,1000469,1001511,1.843203538,1.841285817
7,1836688,1000365,1000365,984009,1001510,1.866535774,1.833918783
7,1844145,1000468,1000468,1000521,1001615,1.843184701,1.841171508
7,1844044,1000469,1000469,1000468,1001770,1.843181391,1.840785809
7,1843273,1000000,1000000,1000052,1001042,1.843177155,1.841354309
7,1826467,1000313,1000313,983490,1001406,1.857128186,1.823902593
7,1843377,1000105,1000105,1000052,1001354,1.843281149,1.840884442
7,1843323,1000052,1000052,1000052,1001146,1.843227152,1.841212970
7,1843925,1000417,1000417,1000364,1001458,1.843254056,1.841240471
7,1838155,1000521,1000521,996771,1001615,1.844109630,1.835191166
7,1844085,1000469,1000469,1000468,1001562,1.843222372,1.841209031
7,1843802,1000313,1000313,1000365,1001406,1.843129258,1.841213254
7,1843524,1000209,1000209,1000156,1001198,1.843236455,1.841318101
7,1823645,1000052,1000052,982343,1001250,1.856423876,1.821368290
7,1843687,1000261,1000261,1000260,1001458,1.843207766,1.841002818
7,1843899,1000365,1000365,1000365,1001458,1.843226222,1.841214509
7,1843494,1000157,1000157,1000156,1001146,1.843206460,1.841383774
7,1835758,1000625,1000625,983906,1001719,1.865785959,1.832607747
7,1843817,1000365,1000365,1000313,1001510,1.843240066,1.841037034
7,1843299,1000052,1000052,1000052,1001198,1.843203153,1.841093370
7,1843466,1000156,1000156,1000156,1001250,1.843178464,1.841164544
7,1827178,1000104,1000104,981301,1001354,1.861995453,1.824707346
7,1843763,1000312,1000312,1000313,1001719,1.843186083,1.840599010
7,1843253,1000052,1000052,1000000,1001458,1.843253000,1.840569450
7,1843980,1000416,1000416,1000417,1001563,1.843211381,1.841102357
7,1837146,1000364,1000364,997396,1001511,1.841942418,1.834374260
7,1843672,1000260,1000260,1000260,1001250,1.843192770,1.841370287
7,1844071,1000469,1000469,1000416,1001510,1.843304185,1.841290651
7,1843921,1000365,1000365,1000364,1001458,1.843250057,1.841236477
7,1827950,1000261,1000261,983177,1001458,1.859227789,1.825288729
7,1843771,1000313,1000313,1000312,1001562,1.843195923,1.840895521
7,1843620,1000261,1000261,1000208,1001250,1.843236607,1.841318352
7,1843310,1000052,1000052,1000052,1000990,1.843214153,1.841486928
7,1811574,1000364,1000364,950573,1001459,1.905770519,1.808934764
7,1843147,999948,999948,999948,1001093,1.843242849,1.841134640
7,1843102,999948,999948,999948,1000938,1.843197846,1.841374790
7,1843623,1000208,1000208,1000209,1001198,1.843237763,1.841416982
7,1828861,1000364,1000364,987604,1001459,1.851816113,1.826196579
7,1843791,1000312,1000312,1000313,1001563,1.843214074,1.840913652
7,1843219,1000000,1000000,999947,1001041,1.843316696,1.841302204
7,1843918,1000417,1000417,1000364,1001510,1.843247058,1.841137882
7,1838357,1000573,1000573,996719,1001615,1.844408504,1.835392841
7,1843960,1000417,1000417,1000468,1001458,1.843097430,1.841275420
7,1843600,1000209,1000209,1000208,1001198,1.843216611,1.841394010
7,1843098,999948,999948,999948,1001146,1.843193846,1.840988227
7,1829026,1000208,1000208,988125,1001407,1.851006705,1.826456176
7,1843931,1000416,1000416,1000417,1001458,1.843162401,1.841246463
7,1844038,1000469,1000469,1000469,1001563,1.843173552,1.841160267
7,1843946,1000417,1000417,1000416,1001406,1.843179237,1.841357052
7,1837290,1000313,1000313,984115,1001458,1.866946444,1.834615131
7,1843390,1000104,1000104,1000105,1001198,1.843196464,1.841184261
7,1843321,1000052,1000052,1000104,1001146,1.843129315,1.841210972
7,1843502,1000156,1000156,1000156,1001302,1.843214459,1.841104881
7,1829870,1000521,1000521,984740,1001875,1.858226537,1.826445415
7,1843496,1000156,1000156,1000157,1001667,1.843206617,1.840428007
7,1844150,1000521,1000521,1000469,1001614,1.843285499,1.841178338
7,1844028,1000416,1000416,1000417,1001563,1.843259361,1.841150282
7,1834764,1000052,1000052,992500,1001250,1.848628715,1.832473408
7,1843400,1000156,1000156,1000104,1001250,1.843208306,1.841098627
7,1843420,1000104,1000104,1000104,1001250,1.843228304,1.841118602
7,1843457,1000156,1000156,1000104,1001302,1.843265300,1.841059940
7,1830058,1000521,1000521,982396,1001823,1.862851640,1.826727875
7,1843346,1000052,1000052,1000052,1001198,1.843250151,1.841140314
7,1843910,1000365,1000365,1000364,1001510,1.843239061,1.841129894
7,1843705,1000261,1000261,1000260,1001667,1.843225761,1.840636659
7,1834422,1000573,1000573,982552,1001823,1.866997370,1.831083934
7,1843342,1000104,1000104,1000052,1001250,1.843246151,1.841040699
7,1843845,1000365,1000365,1000364,1001458,1.843174085,1.841160588
7,1843591,1000208,1000208,1000209,1001511,1.843205770,1.840809537
7,1809978,1000729,1000729,968229,1001980,1.869369746,1.806401325
7,1843267,1000052,1000052,1000052,1001198,1.843171155,1.841061408
7,1843399,1000104,1000104,1000156,1001510,1.843111475,1.840619664
7,1843984,1000417,1000417,1000468,1001875,1.843121419,1.840533001
7,1835217,1000260,1000260,987240,1001875,1.858937037,1.831782408
7,1843507,1000156,1000156,1000156,1001250,1.843219458,1.841205493
7,1843533,1000156,1000156,1000156,1001563,1.843245454,1.840656055
7,1843533,1000157,1000157,1000156,1001302,1.843245454,1.841135841
7,1815214,1000261,1000261,972395,1001458,1.866745510,1.812571271
7,1843780,1000313,1000313,1000208,1001770,1.843396574,1.840522276
7,1843177,1000000,1000000,999948,1001042,1.843272850,1.841258409
7,1844069,1000468,1000468,1000573,1001719,1.843012954,1.840904485
7,1836724,1000052,1000052,980365,1001459,1.873510376,1.834048124
7,1843430,1000157,1000157,1000104,1001302,1.843238303,1.841032975
7,1844149,1000520,1000520,1000677,1002083,1.842901356,1.840315623
7,1831221,999948,999948,999895,1001146,1.831413298,1.829124823
7,1830737,1000572,1000572,981719,1001823,1.864827919,1.827405640
7,1841666,1000313,1000313,1000260,1001667,1.841187291,1.838601052
7,1843501,1000157,1000157,1000156,1001302,1.843213459,1.841103883
7,1843479,1000157,1000157,1000104,1001302,1.843287298,1.841081911
7,1837876,1000417,1000417,996822,1001406,1.843735391,1.835295574
7,1843585,1000209,1000209,1000208,1001354,1.843201614,1.841092161
7,1843891,1000364,1000364,1000365,1001406,1.843218225,1.841302129
7,1843698,1000312,1000312,1000365,1001406,1.843025296,1.841109400
7,1829254,1000677,1000677,982083,1001875,1.862626682,1.825830568
7,1842979,1000208,1000208,1000261,1001354,1.842498108,1.840486981
7,1843427,1000156,1000156,1000104,1000990,1.843235304,1.841603812
7,1843327,1000052,1000052,1000052,1000937,1.843231152,1.841601419
7,1885871,1000469,1000469,985417,1001406,1.913779649,1.883223188
7,2090498,1000573,1000573,1000729,1001667,2.088975137,2.087018939
7,2093640,1000416,1000416,1000417,1001250,2.092767316,2.091026217
7,2092887,1000052,1000052,1000052,1000989,2.092778176,2.090819180
7,2007965,1000781,1000781,987552,1001875,2.033275210,2.004207112
7,1839993,1000000,1000000,1000052,1001042,1.839897325,1.838077723
7,1843542,1000157,1000157,1000208,1001094,1.843158623,1.841527369
7,1843367,1000104,1000104,1000104,1001042,1.843175310,1.841448211
7,1839007,1000313,1000313,997707,1001250,1.843233534,1.836711111
7,1843693,1000261,1000261,1000312,1001198,1.843117947,1.841486899
7,1844159,1000521,1000521,1000469,1001406,1.843294495,1.841569753
7,1843552,1000157,1000157,1000156,1001146,1.843264451,1.841441708
7,1831133,1000677,1000677,989063,1001667,1.851381560,1.828085581
7,1844416,1000625,1000625,1000625,1001875,1.843263960,1.840964192
7,1843703,1000260,1000260,1000260,1001354,1.843223762,1.841210002
7,1843466,1000156,1000156,1000156,1001250,1.843178464,1.841164544
7,1837953,1000625,1000625,981823,1001771,1.871979980,1.834703740
7,1841840,1000104,1000104,1000052,1001355,1.841744229,1.839347684
7,1843656,1000260,1000260,1000208,1001250,1.843272599,1.841354307
7,1843300,1000052,1000052,1000052,1001094,1.843204153,1.841285634
7,1831866,1000157,1000157,984114,1001406,1.861436785,1.829294013
7,1843376,1000052,1000052,1000052,1000989,1.843280149,1.841554702
7,1843616,1000208,1000208,1000209,1001094,1.843230765,1.841601288
7,1843863,1000313,1000313,1000365,1001302,1.843190236,1.841465412
7,1839023,1000625,1000625,998125,1001614,1.842477646,1.836059600
7,1843987,1000417,1000417,1000469,1001302,1.843122576,1.841589251
7,1843118,999948,999948,999948,1000886,1.843213847,1.841486443
7,1843394,1000104,1000104,1000104,1001041,1.843202307,1.841477022
7,1832492,1000000,1000000,986093,1001146,1.858335877,1.830394368
7,1844613,1000781,1000781,1000885,1001771,1.842981961,1.841351966
7,1836987,1000573,1000573,1000625,1001718,1.835839600,1.833836469
7,1840563,1000677,1000677,1000730,1001719,1.839220369,1.837404502
7,1836787,1000469,1000469,979844,1001562,1.874570850,1.833922413
7,1842643,1000573,1000573,999688,1001562,1.843218084,1.839769280
7,1843059,999896,999896,999895,1000938,1.843252542,1.841331831
7,1844175,1000521,1000521,1000521,1001458,1.843214685,1.841490107
7,1832108,1000209,1000209,985519,1001302,1.859028593,1.829725697
7,1844145,1000520,1000520,1000469,1001510,1.843280501,1.841364540
7,1844131,1000521,1000521,1000782,1001771,1.842690016,1.840870818
7,1844484,1000730,1000730,1000781,1001771,1.843044582,1.841223194
7,1839888,1000573,1000573,995834,1001667,1.847585039,1.836826011
7,1844048,1000469,1000469,1000469,1001458,1.843183547,1.841363292
7,1843490,1000156,1000156,1000157,1001146,1.843200618,1.841379779
7,1844157,1000521,1000521,1000521,1001406,1.843196695,1.841567756
7,1834268,1000677,1000677,987552,1001719,1.857388775,1.831120304
7,1843373,1000104,1000104,1000104,1001094,1.843181309,1.841358554
7,1843689,1000261,1000261,1000260,1001250,1.843209765,1.841387266
7,1844291,1000573,1000573,1000886,1001875,1.842658405,1.840839426
7,1916309,1000416,1000416,977813,1001511,1.959790880,1.913417826
7,2091916,1000208,1000208,1000208,1001198,2.091480972,2.089412883
7,2093257,1000208,1000208,1000260,1001146,2.092712895,2.090860873
7,2093718,1000417,1000417,1000417,1001302,2.092845284,2.090995524
7,2081564,1000625,1000625,985832,1001667,2.111479441,2.078099808
7,2092955,1000052,1000052,1000052,1000938,2.092846172,2.090993648
7,2093811,1000521,1000521,1000677,1001563,2.092394449,2.090543481
7,2092273,1000104,1000104,1000000,1001041,2.092273000,2.090097209
7,2089271,1000364,1000364,997396,1001302,2.094725666,2.086554306
7,2093014,1000104,1000104,1000104,1000937,2.092796349,2.091054682
7,2092894,1000052,1000052,1000052,1000885,2.092785175,2.091043427
7,2094242,1000729,1000729,1000781,1001562,2.092607673,2.090975896
7,2080881,1000416,1000416,989948,1001354,2.102010409,2.078067297
7,2093703,1000416,1000416,1000417,1001302,2.092830290,2.090980543
7,2093080,1000156,1000156,1000156,1000937,2.092753530,2.091120620
7,1853245,1000052,1000052,1000052,1000833,1.853148636,1.851702532
7,1838300,1000469,1000469,986613,1001511,1.863243237,1.835526519
7,1843302,1000052,1000052,1000000,1000989,1.843302000,1.841480776
7,1843350,1000104,1000104,1000052,1000938,1.843254151,1.841622558
7,1844005,1000469,1000469,1000416,1001303,1.843238213,1.841605388
7,1831981,1000781,1000781,988905,1001823,1.852534874,1.828647376
7,1843674,1000260,1000260,1000261,1001614,1.843192927,1.840703105
7,1843276,1000052,1000052,1000052,1001355,1.843180155,1.840781741
7,1844017,1000416,1000416,1000469,1001770,1.843152561,1.840758857
7,1835827,1000156,1000156,990520,1001459,1.853397206,1.833152431
7,1843652,1000260,1000260,1000313,1001458,1.843075117,1.840967869
7,1843537,1000208,1000208,1000208,1001458,1.843153624,1.840853036
7,1843716,1000261,1000261,1000260,1001355,1.843236758,1.841221145
7,1823416,1000625,1000625,971875,1002292,1.876183666,1.819246288
7,1843196,1000000,1000000,1000000,1001094,1.843196000,1.841181747
7,1844026,1000417,1000417,1000416,1001563,1.843259204,1.841148285
7,1843941,1000364,1000364,1000365,1001458,1.843268207,1.841256448
7,1834728,1000469,1000469,981771,1001719,1.868794250,1.831579515
7,1843430,1000156,1000156,1000104,1001302,1.843238303,1.841032975
7,1843205,1000000,1000000,1000000,1001041,1.843205000,1.841288219
7,1844163,1000521,1000521,1000520,1001511,1.843204534,1.841380674
7,1829719,1000261,1000261,983801,1001459,1.859846656,1.827053329
7,1843006,1000104,1000104,1000105,1001094,1.842812505,1.840991955
7,1844063,1000417,1000417,1000469,1001406,1.843198540,1.841473888
7,1843346,1000157,1000157,1000208,1001145,1.842962664,1.841237783
7,1839233,1000261,1000261,997707,1001354,1.843460054,1.836746046
7,1843887,1000365,1000365,1000364,1001511,1.843216069,1.841105090
7,1843978,1000416,1000416,1000417,1001354,1.843209382,1.841484630
7,1843214,1000000,1000000,1000052,1000885,1.843118158,1.841584198
7,1830684,1000520,1000520,986928,1001510,1.854931667,1.827923835
7,1843781,1000313,1000313,1000260,1001198,1.843301742,1.841574793
7,1843386,1000208,1000208,1000209,1001250,1.843000813,1.841084644
7,1843747,1000364,1000364,1000365,1001250,1.843074278,1.841445194
7,1828388,1000313,1000313,972188,1001406,1.880693858,1.825820896
7,1842841,1000000,1000000,1000000,1000990,1.842841000,1.841018392
7,1843582,1000261,1000261,1000312,1001198,1.843006982,1.841376032
7,1843888,1000417,1000417,1000364,1001250,1.843217069,1.841586017
7,1832617,1000364,1000364,985260,1001667,1.860033900,1.829567112
7,1843596,1000260,1000260,1000157,1001146,1.843306601,1.841485657
7,1842914,999947,999947,999948,1001041,1.843009837,1.840997522
7,1843386,1000208,1000208,1000208,1001094,1.843002655,1.841371540
7,1838147,1000208,1000208,994898,1001302,1.847573319,1.835756845
7,1843210,1000208,1000208,1000157,1001146,1.842920661,1.841100099
7,1843074,1000052,1000052,1000000,1000938,1.843074000,1.841346817
7,1843728,1000312,1000312,1000261,1001198,1.843246913,1.841521857
7,1827528,1000625,1000625,976927,1001979,1.870690441,1.823918465
7,1843363,1000260,1000260,1000261,1001406,1.842882008,1.840774871
7,1843181,1000104,1000104,1000157,1001146,1.842891666,1.841071132
7,1843147,1000000,1000000,1000000,1001094,1.843147000,1.841132801
7,1832523,1000156,1000156,971927,1001614,1.885453331,1.829570074
7,1843869,1000364,1000364,1000364,1001458,1.843198076,1.841184553
7,1843932,1000417,1000417,1000364,1001511,1.843261053,1.841150022
7,1843183,1000104,1000104,1000053,1001198,1.843085316,1.840977509
7,1827356,1000521,1000521,973958,1001823,1.876216428,1.824030792
7,1843437,1000365,1000365,1000364,1001562,1.842766233,1.840562042
7,1842484,1000000,1000000,1000000,1001146,1.842484000,1.840374930
7,1843697,1000469,1000469,1000468,1001563,1.842834553,1.840819799
7,1835428,1000260,1000260,995105,1001407,1.844456615,1.832849181
7,1843637,1000364,1000364,1000365,1001458,1.842964318,1.840952891
7,1844052,1000469,1000469,1000469,1001875,1.843187545,1.840600873
7,1843673,1000365,1000365,1000364,1001510,1.843002147,1.840893251
7,1831167,1000677,1000677,977552,1001927,1.873216975,1.827645128
7,1842930,1000052,1000052,1000052,1001198,1.842834173,1.840724812
7,1843646,1000208,1000208,1000261,1001302,1.843164934,1.841248694
7,1843346,1000104,1000104,1000105,1001250,1.843152469,1.841044694
7,1836180,1000416,1000416,982032,1001666,1.869776138,1.833126012
7,1843076,1000052,1000052,1000000,1001197,1.843076000,1.840872476
7,1843567,1000156,1000156,1000209,1001302,1.843181775,1.841169797
7,1843368,1000104,1000104,1000104,1001198,1.843176310,1.841162288
7,1827590,1000468,1000468,979582,1001771,1.865683526,1.824359060
7,1843382,1000208,1000208,1000157,1001355,1.843092634,1.840887597
7,1843286,1000260,1000260,1000209,1001354,1.842900834,1.840793566
7,1843186,1000000,1000000,999948,1001093,1.843281851,1.841173597
7,1836431,1000157,1000157,995468,1001406,1.844791596,1.833852603
7,1843521,1000156,1000156,1000209,1001303,1.843135785,1.841122018
7,1844020,1000416,1000416,1000469,1001614,1.843155560,1.841048548
7,1843563,1000209,1000209,1000208,1001354,1.843179619,1.841070191
7,1825737,1000209,1000209,983542,1001406,1.856287784,1.823173618
7,1843494,1000208,1000208,1000157,1001562,1.843204617,1.840618953
7,1843916,1000365,1000365,1000365,1001511,1.843243216,1.841134046
7,1843142,1000104,1000104,1000104,1001459,1.842950333,1.840456774
7,1837709,1000573,1000573,980156,1001770,1.874914809,1.834462002
7,1843611,1000260,1000260,1000209,1001354,1.843225766,1.841118126
7,1843280,1000156,1000156,1000104,1001250,1.843088319,1.840978777
7,1844122,1000469,1000469,1000469,1001614,1.843257512,1.841150383
7,1824528,1000573,1000573,972135,1001771,1.876825750,1.821302473
7,1843802,1000312,1000312,1000261,1001511,1.843320893,1.841020218
7,1843768,1000312,1000312,1000312,1001406,1.843192924,1.841179302
7,1844168,1000521,1000521,1000520,1001614,1.843209531,1.841196309
7,1836247,1000105,1000105,995052,1001250,1.845377930,1.833954557
7,1843662,1000364,1000364,1000313,1001511,1.843085114,1.840880430
7,1843205,1000104,1000104,1000105,1001250,1.843011484,1.840903870
7,1843516,1000260,1000260,1000209,1001354,1.843130786,1.841023255
7,1801210,1000625,1000625,961979,1002031,1.872400541,1.797559157
7,1842859,1000000,1000000,1000052,1001146,1.842763176,1.840749501
7,1843847,1000365,1000365,1000364,1001771,1.843176084,1.840587320
7,1843896,1000416,1000416,1000417,1001510,1.843127416,1.841115915
7,1837228,1000208,1000208,979948,1001406,1.874821929,1.834648484
7,1843152,999948,999948,999948,1001042,1.843247849,1.841233435
7,1843156,1000156,1000156,1000209,1001250,1.842770861,1.840854931
7,1843659,1000261,1000261,1000260,1001459,1.843179773,1.840973020
7,1826799,1000677,1000677,984634,1002032,1.855307657,1.823094472
7,1843645,1000469,1000469,1000417,1001562,1.842876520,1.840769718
7,1844148,1000521,1000521,1000521,1001511,1.843187699,1.841365696
7,1842968,1000000,1000000,999948,1001041,1.843063839,1.841051465
7,1837861,1000365,1000365,996563,1001511,1.844199514,1.835088182
7,1842993,1000208,1000208,1000209,1001198,1.842607895,1.840787736
7,1843611,1000312,1000312,1000313,1001355,1.843034130,1.841116287
7,1843505,1000156,1000156,1000104,1001198,1.843313295,1.841299124
7,1830001,1000469,1000469,986041,1001771,1.855907614,1.826765798
7,1843625,1000260,1000260,1000208,1001511,1.843241606,1.840843485
7,1843627,1000364,1000364,1000261,1001406,1.843145939,1.841038500
7,1843714,1000260,1000260,1000313,1001302,1.843137098,1.841316606
7,1835115,1000312,1000312,984740,1001511,1.863552816,1.832346325
7,1843050,1000105,1000105,1000156,1001302,1.842762529,1.840653469
7,1843693,1000260,1000260,1000260,1001406,1.843213764,1.841104407
7,1843778,1000313,1000313,1000260,1001406,1.843298742,1.841189288
7,1779725,1000157,1000157,947812,1001719,1.877719421,1.776670903
7,1842864,999895,999895,999896,1001094,1.843055678,1.840850110
7,1843570,1000209,1000209,1000208,1001354,1.843186617,1.841077181
7,1843377,1000104,1000104,1000104,1001250,1.843185309,1.841075655
7,1835002,1000469,1000469,994375,1001719,1.845382275,1.831853045
7,1843427,1000104,1000104,1000156,1001250,1.843139470,1.841125593
7,1843771,1000260,1000260,1000312,1001406,1.843195923,1.841182298
7,1843349,1000156,1000156,1000208,1001250,1.842965663,1.841047690
7,1822291,1000156,1000156,980000,1001614,1.859480612,1.819354562
7,1844013,1000417,1000417,1000469,1001615,1.843148563,1.841039721
7,1843304,1000052,1000052,1000052,1001198,1.843208153,1.841098364
7,1843023,1000209,1000209,1000208,1001302,1.842639731,1.840626504
7,1835758,1000781,1000781,982918,1001979,1.867661392,1.832132210
7,1843405,1000365,1000365,1000312,1001510,1.842830037,1.840625655
7,1843950,1000365,1000365,1000416,1001562,1.843183236,1.841074242
7,1843621,1000261,1000261,1000260,1001354,1.843141783,1.841128113
7,1804247,1000313,1000313,964948,1001511,1.869786766,1.801524896
7,1843254,1000104,1000104,1000156,1001250,1.842966497,1.840952809
7,1843869,1000365,1000365,1000364,1001458,1.843198076,1.841184553
7,1843681,1000364,1000364,1000365,1001459,1.843008302,1.840994988
7,1836650,1000260,1000260,997293,1001459,1.841635307,1.833974232
7,1843416,1000104,1000104,1000104,1001198,1.843224305,1.841210230
7,1843514,1000156,1000156,1000156,1001354,1.843226457,1.841021257
7,1843700,1000365,1000365,1000364,1001510,1.843029137,1.840920210
7,1821528,1000469,1000469,980365,1002031,1.858010027,1.817835975
7,1843185,1000104,1000104,1000052,1001302,1.843089159,1.840788294
7,1843356,1000000,1000000,1000052,1001094,1.843260150,1.841341572
7,1843738,1000312,1000312,1000260,1001406,1.843258753,1.841149344
7,1835726,1000313,1000313,985208,1001510,1.863287752,1.832958233
7,1843173,1000156,1000156,1000208,1001198,1.842789700,1.840967521
7,1843209,1000157,1000157,1000104,1001094,1.843017326,1.841194733
7,1843005,1000000,1000000,1000000,1001041,1.843005000,1.841088427
7,1830503,1000261,1000261,985103,1001563,1.858184373,1.827646389
7,1843658,1000417,1000417,1000469,1001458,1.842793730,1.840973860
7,1843776,1000312,1000312,1000313,1001511,1.843199079,1.840994258
7,1843068,1000364,1000364,1000313,1001407,1.842491300,1.840478447
7,1836934,1000312,1000312,996667,1001511,1.843076976,1.834162580
7,1843621,1000521,1000521,1000521,1001510,1.842660974,1.840841330
7,1843939,1000468,1000468,1000521,1001719,1.842978808,1.840774708
7,1843631,1000313,1000313,1000364,1001354,1.842960163,1.841138099
7,1826846,1000209,1000209,977552,1001510,1.868796749,1.824091622
7,1843101,1000156,1000156,1000104,1001302,1.842909337,1.840704403
7,1843739,1000260,1000260,1000313,1001250,1.843162090,1.841437203
7,1843305,1000052,1000052,1000104,1000990,1.843113316,1.841481933
7,1837195,1000469,1000469,985676,1001510,1.863893409,1.834425018
7,1843867,1000469,1000469,1000417,1001563,1.843098428,1.840989533
7,1843641,1000313,1000313,1000312,1001302,1.843065963,1.841243701
7,1843272,1000052,1000052,1000052,1000989,1.843176155,1.841450805
7,1831036,1000468,1000468,980938,1001719,1.866617462,1.827893850
7,1843997,1000469,1000469,1000417,1001563,1.843228374,1.841119330
7,1843285,1000052,1000052,1000000,1001093,1.843285000,1.841272489
7,1842253,1003281,1003281,997344,1004375,1.847159054,1.834228251
7,1843528,1000260,1000260,1000261,1001250,1.843046965,1.841226467
7,1842964,1000104,1000104,1000053,1001146,1.842866328,1.840854381
7,1843148,1000000,1000000,999948,1000989,1.843243849,1.841326928
7,1837613,1000260,1000260,992292,1001407,1.851887348,1.835031111
7,1836671,1000104,1000104,994740,1001458,1.846382974,1.833997032
7,1843038,1000000,1000000,1000000,1001042,1.843038000,1.841119553
7,1843738,1000365,1000365,1000364,1001458,1.843067124,1.841053744
7,1835724,1000625,1000625,984584,1001823,1.864466617,1.832383565
7,1843925,1000416,1000416,1000469,1001667,1.843060605,1.840856293
7,1843006,999896,999896,1000000,1001302,1.843006000,1.840609526
7,1844274,1000573,1000573,1000625,1001666,1.843122049,1.841206550
7,1835841,1000312,1000312,986668,1001511,1.860647148,1.833071229
7,1797197,1000834,1000834,962292,1002500,1.867621263,1.792715212
7,1839207,1000312,1000312,1000313,1001667,1.838631508,1.836146144
7,1844185,1000521,1000521,1000625,1001875,1.843033104,1.840733624
7,1837418,1000469,1000469,992605,1001666,1.851106936,1.834361953
7,1841353,1000312,1000312,1000260,1001563,1.840874373,1.838479457
7,1843707,1000313,1000313,1000260,1001718,1.843227761,1.840544944
7,1843312,1000052,1000052,1000052,1001198,1.843216153,1.841106355
7,1835114,1000000,1000000,986875,1001250,1.859520203,1.832822971
7,1832035,1000260,1000260,987551,1001563,1.855129507,1.829175998
7,1843204,1000000,1000000,1000000,1000990,1.843204000,1.841381033
7,1843911,1000417,1000417,1000469,1001458,1.843046611,1.841226492
7,1817563,1000104,1000104,979531,1001354,1.855544133,1.815105347
7,2081145,1000313,1000313,1000260,1001250,2.080604043,2.078546816
7,2093093,1000156,1000156,1000156,1000938,2.092766528,2.091131519
7,2093222,1000208,1000208,1000313,1001406,2.092567027,2.090283062
7,2085268,1000364,1000364,990989,1001250,2.104229209,2.082664669
7,2084924,1000312,1000312,996823,1001198,2.091568914,2.082429250
7,2093800,1000468,1000468,1000469,1001667,2.092818468,2.090315444
7,2093612,1000417,1000417,1000364,1001459,2.092850203,2.090561870
7,1814835,999843,999843,993124,1001407,1.827400204,1.812285115
7,1844531,1000625,1000625,1000677,1001927,1.843283097,1.840983425
7,1843244,1000052,1000052,1000000,1001198,1.843244000,1.841038436
7,1843830,1000365,1000365,1000364,1001770,1.843159090,1.840572187
7,1853189,1024427,1024427,983437,1025730,1.884400323,1.806702544
7,1844199,1000521,1000521,1000521,1001823,1.843238673,1.840843143
7,1843876,1000365,1000365,1000364,1001823,1.843205073,1.840520731
7,1844022,1000417,1000417,1000468,1001771,1.843159401,1.840762010
7,1833413,1000416,1000416,978647,1001667,1.873416053,1.830361787
7,1843175,1000000,1000000,1000052,1001250,1.843079160,1.840873908
7,1843960,1000417,1000417,1000417,1001510,1.843191389,1.841179818
7,1843696,1000260,1000260,1000313,1001354,1.843119104,1.841203011
7,1828406,1000521,1000521,985782,1001771,1.854777223,1.825173618
7,1842091,1000156,1000156,1000209,1001302,1.841706083,1.839695716
7,1843719,1000261,1000261,1000260,1001250,1.843239758,1.841417228
7,1843897,1000365,1000365,1000312,1001250,1.843321884,1.841595006
7,1838247,1000365,1000365,997343,1001510,1.843144234,1.835475432
7,1843711,1000260,1000260,1000261,1001250,1.843229917,1.841409238
7,1843490,1000157,1000157,1000156,1001146,1.843202460,1.841379779
7,1844241,1000573,1000573,1000573,1001510,1.843184855,1.841460395
7,1833853,1000417,1000417,986824,1001458,1.858338468,1.831183135
7,1843771,1000312,1000312,1000313,1001198,1.843194080,1.841564805
7,1843894,1000364,1000364,1000365,1001302,1.843221224,1.841496372
7,1843615,1000261,1000261,1000312,1001250,1.843039972,1.841313358
7,1829425,1000573,1000573,987500,1001666,1.852582278,1.826382247
7,1839763,1000365,1000365,1000469,1001354,1.838900556,1.837275329
7,1843537,1000156,1000156,1000208,1001041,1.843153624,1.841619874
7,1843806,1000364,1000364,1000313,1001302,1.843229069,1.841408486
7,1832320,1000261,1000261,985416,1001406,1.859438044,1.829747375
7,1843614,1000261,1000261,1000208,1001302,1.843230608,1.841216736
7,1843502,1000156,1000156,1000156,1001145,1.843214459,1.841393604
7,1843940,1000416,1000416,1000365,1001406,1.843267207,1.841351060
7,1839087,1000052,1000052,996301,1001146,1.845915040,1.836981819
7,1843728,1000260,1000260,1000365,1001406,1.843055285,1.841139358
7,1843881,1000364,1000364,1000469,1001458,1.843016625,1.841196535
7,1843272,1000000,1000000,1000053,1001042,1.843174312,1.841353310
7,1830357,1000261,1000261,981979,1001406,1.863947192,1.827787131
7,1843890,1000365,1000365,1000313,1001407,1.843313043,1.841299292
7,1843421,1000156,1000156,1000157,1001094,1.843131628,1.841406501
7,1843637,1000208,1000208,1000208,1001198,1.843253603,1.841430966
7,1851661,1000416,1000416,980208,1001459,1.889049059,1.848963362
7,2089116,1000208,1000208,1000313,1001406,2.088462311,2.086182827
7,2093093,1000157,1000157,1000156,1001042,2.092766528,2.090914267
7,2092165,1000052,1000052,1000052,1000886,2.092056213,2.090312983
7,2080784,1000260,1000260,986406,1001198,2.109459999,2.078294204
7,2093635,1000417,1000417,1000365,1001302,2.092871102,2.090912632
7,2093568,1000365,1000365,1000364,1001146,2.092806219,2.091171517
7,2093162,1000156,1000156,1000156,1000938,2.092835518,2.091200454
7,2088759,1000521,1000521,997812,1001406,2.093339226,2.085826328
7,2086578,1000573,1000573,1000521,1001511,2.085491459,2.083429937
7,1827566,999948,999948,1000000,1000886,1.827566000,1.825948210
7,1843994,1000417,1000417,1000416,1001406,1.843227217,1.841404985
7,1832497,1000104,1000104,986093,1001145,1.858340948,1.830401191
7,1844015,1000417,1000417,1000468,1001511,1.843152405,1.841232897
7,1843651,1000261,1000261,1000260,1001250,1.843171775,1.841349313
7,1843232,1000365,1000365,1000364,1001354,1.842561308,1.840739639
7,1837393,1000417,1000417,982604,1001562,1.869922166,1.834527468
7,1843602,1000312,1000312,1000312,1001406,1.843026976,1.841013535
7,1843645,1000312,1000312,1000365,1001302,1.842972315,1.841247696
7,1843081,1000052,1000052,1000000,1000938,1.843081000,1.841353810
7,1833049,1000573,1000573,986769,1001667,1.857627266,1.829998393
7,1843240,1000104,1000104,1000105,1001146,1.843046480,1.841130065
7,1843809,1000416,1000416,1000469,1001354,1.842944659,1.841315858
7,1843544,1000416,1000416,1000365,1001354,1.842871352,1.841051217
7,1838071,1000209,1000209,992761,1001250,1.851473819,1.835776280
7,1843277,1000052,1000052,1000000,1001094,1.843277000,1.841262659
7,1843589,1000312,1000312,1000313,1001302,1.843012137,1.841191768
7,1842917,1000157,1000157,1000156,1001094,1.842629550,1.840903052
7,1825089,1000313,1000313,980261,1001354,1.861839857,1.822621171
7,1843678,1000260,1000260,1000261,1001250,1.843196926,1.841376280
7,1843378,1000209,1000209,1000156,1001042,1.843090478,1.841459200
7,1843440,1000365,1000365,1000312,1001303,1.842865026,1.841041123
7,1838590,1000312,1000312,986823,1001250,1.863140604,1.836294632
7,1842025,1000209,1000209,1000156,1001145,1.841737689,1.839918294
7,1843081,1000052,1000052,1000053,1000990,1.842983322,1.841258154
7,1843287,1000209,1000209,1000260,1001198,1.842807870,1.841081385
7,1833732,1000365,1000365,985053,1001459,1.861556688,1.831060483
7,1829780,1000416,1000416,1000469,1001614,1.828922235,1.826831494
7,1843505,1000156,1000156,1000209,1001250,1.843119788,1.841203496
7,1843912,1000416,1000416,1000365,1001406,1.843239218,1.841323100
7,1839092,1000208,1000208,996823,1001198,1.844953417,1.836891404
7,1843898,1000364,1000364,1000365,1001250,1.843225223,1.841596005
7,1843950,1000416,1000416,1000417,1001354,1.843181393,1.841456668
7,1843335,1000104,1000104,1000052,1000990,1.843239152,1.841511903
7,1828321,1000313,1000313,985988,1001355,1.854303501,1.825846977
7,1843867,1000365,1000365,1000312,1001250,1.843291893,1.841565044
7,1843452,1000469,1000469,1000520,1001406,1.842493903,1.840863746
7,1843499,1000156,1000156,1000156,1001041,1.843211459,1.841581913
7,1879019,1000156,1000156,981979,1001354,1.913502224,1.876478248
7,2089232,1000312,1000312,1000365,1001146,2.088469709,2.086840481
7,2093581,1000365,1000365,1000364,1001198,2.092819214,2.091075891
7,2093353,1000260,1000260,1000261,1001094,2.092806777,2.091065374
7,2081649,1000156,1000156,988488,1001094,2.105892029,2.079374165
7,1884988,1000312,1000312,1000365,1001406,1.884300230,1.882341428
7,1843974,1000417,1000417,1000468,1001511,1.843111424,1.841191959
7,1843245,1000365,1000365,1000364,1001355,1.842574303,1.840750783
7,1836902,1000521,1000521,993855,1001615,1.848259555,1.833940187
7,1842622,1000521,1000521,1000521,1001771,1.841662494,1.839364485
7,1843858,1000364,1000364,1000365,1001614,1.843185237,1.840886809
7,1843630,1000417,1000417,1000469,1001458,1.842765743,1.840945901
7,1826305,1000729,1000729,980105,1001875,1.863376883,1.822887087
7,1843316,1000208,1000208,1000157,1001302,1.843026645,1.840919123
7,1843280,1000052,1000052,1000000,1001094,1.843280000,1.841265655
7,1843627,1000208,1000208,1000209,1001250,1.843241762,1.841325343
7,1834558,1000730,1000730,977865,1002240,1.876085145,1.830457775
7,1843438,1000260,1000260,1000208,1001406,1.843054645,1.840849765
7,1843178,1000104,1000104,1000104,1001198,1.842986329,1.840972515
7,1843874,1000469,1000469,1000521,1001875,1.842913842,1.840423206
7,1828500,1000417,1000417,975730,1001667,1.873981532,1.825456963
7,1843671,1000261,1000261,1000260,1001771,1.843191770,1.840411631
7,1843446,1000365,1000365,1000312,1001511,1.842871024,1.840664756
7,1843226,1000052,1000052,1000000,1001094,1.843226000,1.841211714
7,1837940,1000625,1000625,993802,1002031,1.849402597,1.834214710
7,1843795,1000312,1000312,1000313,1001458,1.843218073,1.841110661
7,1843156,1000104,1000104,1000052,1001198,1.843060161,1.840950541
7,1844048,1000468,1000468,1000417,1001614,1.843279353,1.841076503
7,1827394,1000469,1000469,977031,1001719,1.870354165,1.824258100
7,1843654,1000313,1000313,1000313,1001823,1.843077117,1.840299135
7,1843835,1000313,1000313,1000312,1001511,1.843259903,1.841053169
7,1843443,1000105,1000105,1000104,1001250,1.843251302,1.841141573
7,1835104,1000573,1000573,977500,1001771,1.877344246,1.831859776
7,1843963,1000365,1000365,1000417,1001511,1.843194388,1.841180976
7,1843225,1000000,1000000,1000000,1001145,1.843225000,1.841116921
7,1844053,1000469,1000469,1000469,1001615,1.843188545,1.841079656
7,1829734,1000260,1000260,984271,1001667,1.858973799,1.826688910
7,1843993,1000417,1000417,1000416,1001614,1.843226218,1.841021591
7,1843820,1000313,1000313,1000313,1001511,1.843243065,1.841038191
7,1843316,1000156,1000156,1000157,1001562,1.843026645,1.840441231
7,1834858,1000052,1000052,995104,1001302,1.843885664,1.832472121
7,1842989,1000000,1000000,1000000,1001146,1.842989000,1.840879352
7,1843077,1000052,1000052,1000052,1001354,1.842981165,1.840584848
7,1843743,1000313,1000313,1000312,1001667,1.843167932,1.840674595
7,1820792,1000520,1000520,980417,1001770,1.857160780,1.817574892
7,1843763,1000312,1000312,1000261,1001614,1.843281903,1.840791962
7,1843275,1000261,1000261,1000260,1001302,1.842795873,1.840878177
7,1842963,1000104,1000104,1000052,1001042,1.842867171,1.841044631
7,1833356,1000104,1000104,979895,1001303,1.870971890,1.830970246
7,1843637,1000312,1000312,1000365,1001562,1.842964318,1.840761730
7,1843821,1000417,1000417,1000416,1001510,1.843054289,1.841041028
7,1843570,1000209,1000209,1000208,1001197,1.843186617,1.841365885
7,1829442,1000156,1000156,983854,1001354,1.859464921,1.826968285
7,1843345,1000260,1000260,1000261,1001302,1.842864012,1.840948086
7,1843698,1000365,1000365,1000365,1001302,1.843025296,1.841300627
7,1843305,1000052,1000052,1000052,1000990,1.843209153,1.841481933
7,1836961,1000468,1000468,997032,1001510,1.842429330,1.834191371
7,1843598,1000208,1000208,1000208,1001146,1.843214611,1.841487655
7,1843155,1000000,1000000,999948,1000885,1.843250849,1.841525250
7,1843417,1000156,1000156,1000104,1001042,1.843225305,1.841498159
7,1826990,1000677,1000677,984218,1001927,1.856285904,1.823476161
7,1843548,1000156,1000156,1000156,1001198,1.843260451,1.841342072
7,1843133,1000052,1000052,1000105,1001094,1.842939491,1.841118816
7,1843718,1000469,1000469,1000469,1001563,1.842853702,1.840840766
7,1836649,1000625,1000625,984843,1001823,1.864915525,1.833306882
7,1843836,1000364,1000364,1000313,1001510,1.843259060,1.841056005
7,1843607,1000417,1000417,1000416,1001823,1.842840378,1.840252220
7,1843679,1000364,1000364,1000365,1001458,1.843006303,1.840994830
7,1829136,1000573,1000573,978697,1002135,1.868950247,1.825239114
7,1843191,1000000,1000000,999948,1001406,1.843286851,1.840603112
7,1843193,1000000,1000000,1000000,1001354,1.843193000,1.840700691
7,1843491,1000260,1000260,1000208,1001406,1.843107634,1.840902691
7,1835520,1000208,1000208,994843,1001406,1.845034845,1.832942882
7,1843290,1000052,1000052,1000052,1001146,1.843194154,1.841180008
7,1843065,1000000,1000000,1000000,1001198,1.843065000,1.840859650
7,1843803,1000313,1000313,1000312,1001458,1.843227913,1.841118649
7,1809129,1000573,1000573,962135,1002031,1.880327605,1.805462106
7,1842993,1000000,1000000,999948,1001198,1.843088841,1.840787736
7,1843202,1000104,1000104,1000105,1001250,1.843008484,1.840900874
7,1843973,1000416,1000416,1000365,1001510,1.843300195,1.841192799
7,1837140,1000260,1000260,993332,1001875,1.849472281,1.833701809
7,1843358,1000104,1000104,1000104,1001198,1.843166311,1.841152300
7,1844155,1000521,1000521,1000520,1001614,1.843196538,1.841183330
7,1843199,1000104,1000104,1000052,1001250,1.843103159,1.840897878
7,1826279,1000365,1000365,979218,1001875,1.865038224,1.822861135
7,1843870,1000469,1000469,1000417,1001667,1.843101427,1.840801384
7,1843872,1000365,1000365,1000364,1001510,1.843201075,1.841091951
7,1843284,1000156,1000156,1000104,1001302,1.843092318,1.840887165
7,1834116,1000261,1000261,988853,1001667,1.854791359,1.831063617
7,1843182,1000104,1000104,1000052,1001198,1.843086160,1.840976510
7,1843579,1000209,1000209,1000208,1001458,1.843195615,1.840894975
7,1844098,1000469,1000469,1000469,1001563,1.843233523,1.841220173
7,1830629,1000729,1000729,982448,1002187,1.863334243,1.826634151
7,1843264,1000156,1000156,1000156,1001407,1.842976496,1.840674171
7,1843411,1000208,1000208,1000208,1001354,1.843027650,1.840918396
7,1843693,1000260,1000260,1000260,1001406,1.843213764,1.841104407
7,1835567,1000104,1000104,977916,1001354,1.877019090,1.833085003
7,1843930,1000417,1000417,1000417,1001511,1.843161402,1.841148025
7,1843348,1000208,1000208,1000209,1001303,1.842962821,1.840949243
7,1843418,1000104,1000104,1000105,1001250,1.843224461,1.841116604
7,1829775,1000677,1000677,984323,1001875,1.858917246,1.826350593
7,1844100,1000521,1000521,1000468,1001979,1.843237365,1.840457734
7,1843498,1000260,1000260,1000260,1001510,1.843018815,1.840718515
7,1843503,1000157,1000157,1000156,1001302,1.843215458,1.841105880
7,1838036,1000105,1000105,995781,1001250,1.845823529,1.835741323
7,1843583,1000313,1000313,1000313,1001459,1.843006139,1.840897131
7,1843592,1000208,1000208,1000209,1001355,1.843206770,1.841097313
7,1843891,1000416,1000416,1000365,1001511,1.843218225,1.841109084
7,1828357,1000469,1000469,986043,1001979,1.854236580,1.824745828
7,1843272,1000261,1000261,1000208,1001406,1.842888679,1.840683998
7,1843410,1000157,1000157,1000104,1001250,1.843218305,1.841108614
7,1843567,1000157,1000157,1000208,1001667,1.843183618,1.840498888
7,1834863,1000469,1000469,981719,1001823,1.869030751,1.831524132
7,1843111,1000052,1000052,1000052,1001145,1.843015163,1.841003052
7,1843321,1000156,1000156,1000156,1001302,1.843033487,1.840924117
7,1844095,1000469,1000469,1000469,1001615,1.843230525,1.841121589
7,1826824,1000625,1000625,984896,1002135,1.854839496,1.822932040
7,1843846,1000365,1000365,1000312,1001510,1.843270899,1.841065990
7,1843960,1000364,1000364,1000417,1001563,1.843191389,1.841082388
7,1843364,1000208,1000208,1000208,1001354,1.842980660,1.840871460
7,1834803,1000104,1000104,993906,1001302,1.846052846,1.832417193
7,1843693,1000261,1000261,1000208,1001406,1.843309592,1.841104407
7,1843346,1000209,1000209,1000156,1001302,1.843058483,1.840949084
7,1843953,1000521,1000521,1000521,1001615,1.842992801,1.840979818
7,1820253,1000104,1000104,980886,1001354,1.855723295,1.817791710
7,1843208,1000000,1000000,1000000,1001406,1.843208000,1.840620088
7,1843175,1000000,1000000,999948,1001094,1.843270850,1.841160770
7,1843227,1000000,1000000,1000000,1001250,1.843227000,1.840925843
7,1720879,1000157,1000157,894688,1001510,1.923440350,1.718284391
7,1843952,1000521,1000521,1000468,1001614,1.843089434,1.840980657
7,1844042,1000468,1000468,1000469,1001615,1.843177550,1.841068674
7,1844074,1000469,1000469,1000469,1001718,1.843209535,1.840911314
7,1829277,1000260,1000260,983594,1001771,1.859788693,1.826043078
7,1844104,1000521,1000521,1000469,1001615,1.843239521,1.841130574
7,1844067,1000469,1000469,1000469,1001615,1.843202538,1.841093634
7,1843483,1000156,1000156,1000157,1001250,1.843193619,1.841181523
7,1837498,1000156,1000156,996197,1001302,1.844512682,1.835108688
7,1843807,1000364,1000364,1000312,1001406,1.843231912,1.841218247
7,1843298,1000156,1000156,1000104,1001250,1.843106317,1.840996754
7,1843483,1000156,1000156,1000104,1001250,1.843291298,1.841181523
7,1823439,1000625,1000625,982552,1002031,1.855819336,1.819743102
7,1843851,1000365,1000365,1000312,1001510,1.843275898,1.841070983
7,1843860,1000364,1000364,1000417,1001771,1.843091431,1.840600297
7,1843146,999948,999948,999948,1001094,1.843241849,1.841131802
7,1834732,1000521,1000521,980624,1001718,1.870984190,1.831585336
7,1844052,1000469,1000469,1000468,1001718,1.843189387,1.840889352
7,1830749,1000312,1000312,1000313,1001354,1.830176155,1.828273518
7,1844363,1000625,1000625,1000781,1002031,1.842923677,1.840624691
7,1799275,1000781,1000781,953489,1002344,1.887043270,1.795067362
7,1844224,1000573,1000573,1000625,1001771,1.843072080,1.840963653
7,1843436,1000104,1000104,1000156,1001094,1.843148469,1.841421485
7,1843501,1000156,1000156,1000157,1001197,1.843211616,1.841296968
7,1838238,1000260,1000260,995053,1001511,1.847376974,1.835464613
7,1844121,1000521,1000521,1000520,1001458,1.843162555,1.841436186
7,1843460,1000156,1000156,1000156,1001146,1.843172465,1.841349813
7,1843420,1000156,1000156,1000105,1001146,1.843226461,1.841309859
7,1830794,1000416,1000416,983335,1001615,1.861821251,1.827842035
7,1843219,1000000,1000000,1000052,1000937,1.843123158,1.841493521
7,1844395,1000625,1000625,1000677,1001823,1.843147189,1.841038786
7,1844125,1000469,1000469,1000520,1001458,1.843166553,1.841440180
7,1977634,994427,994427,972397,1001615,2.033772214,1.974445271
7,2093081,1000156,1000156,1000104,1000937,2.092863342,2.091121619
7,2093669,1000417,1000417,1000417,1001354,2.092796304,2.090838005
7,2093373,1000260,1000260,1000261,1001145,2.092826772,2.090978829
7,2083763,1000729,1000729,987968,1001719,2.109140175,2.080187158
7,2092547,1000208,1000208,1000261,1001094,2.092000988,2.090260255
7,2093364,1000261,1000261,1000312,1001302,2.092711074,2.090641984
7,2093504,1000313,1000313,1000312,1001146,2.092851030,2.091107591
7,2088326,1000573,1000573,993699,1001459,2.101567980,2.085283571
7,2093684,1000469,1000469,1000520,1001406,2.092595850,2.090744413
7,2092833,1000000,1000000,1000000,1000885,2.092833000,2.090982481
7,2093520,1000365,1000365,1000364,1001250,2.092758236,2.090906367
7,2079051,1000052,1000052,986926,1001042,2.106592592,2.076886884
7,1983263,1000469,1000469,1000520,1001354,1.982232239,1.980581293
7,1840097,1000052,1000052,1000052,1000989,1.840001320,1.838278942
7,1843949,1000364,1000364,1000469,1001302,1.843084593,1.841551300
7,1835457,1000365,1000365,984375,1001354,1.864591238,1.832975152
7,1844155,1000521,1000521,1000521,1001458,1.843194696,1.841470137
7,1844334,1000625,1000625,1000625,1001510,1.843182011,1.841553255
7,1844020,1000469,1000469,1000468,1001354,1.843157402,1.841526573
7,1824399,1000521,1000521,980311,1001562,1.861041037,1.821553733
7,1843970,1000416,1000416,1000417,1001302,1.843201385,1.841572273
7,1843764,1000312,1000312,1000313,1001354,1.843187082,1.841270919
7,1844085,1000469,1000469,1000469,1001354,1.843220530,1.841591485
7,1838858,1000208,1000208,997395,1001302,1.843660736,1.836466920
7,1843864,1000365,1000365,1000365,1001302,1.843191235,1.841466411
7,1843376,1000104,1000104,1000053,1000989,1.843278306,1.841554702
7,1843694,1000261,1000261,1000260,1001198,1.843214764,1.841487897
7,1830072,1000208,1000208,986302,1001302,1.855488481,1.827692345
7,1843816,1000365,1000365,1000312,1001562,1.843240909,1.840940451
7,1843343,1000104,1000104,1000156,1001094,1.843055483,1.841328587
7,1843184,999948,999948,1000000,1000937,1.843184000,1.841458553
7,1836708,1000572,1000572,981511,1001615,1.871306587,1.833746499
7,1843682,1000261,1000261,1000260,1001250,1.843202767,1.841380275
7,1843902,1000417,1000417,1000416,1001354,1.843135256,1.841408733
7,1844136,1000469,1000469,1000521,1001510,1.843175705,1.841355553
7,1831179,1000364,1000364,982031,1001563,1.864685534,1.828321334
7,1843294,1000052,1000052,1000052,1001042,1.843198154,1.841375287
7,1844336,1000625,1000625,1000677,1001511,1.843088229,1.841553413
7,1844185,1000573,1000573,1000520,1001458,1.843226522,1.841500093
7,1839012,1000625,1000625,997864,1001875,1.842948538,1.835570306
7,1843609,1000208,1000208,1000260,1001406,1.843129786,1.841020525
7,1831319,1000313,1000313,1000364,1001354,1.830652642,1.828842747
7,1843558,1000209,1000209,1000208,1001250,1.843174620,1.841256429
7,1830581,1000365,1000365,985521,1001510,1.857475386,1.827820990
7,1843897,1000364,1000364,1000365,1001354,1.843224223,1.841403739
7,1843615,1000208,1000208,1000261,1001146,1.843133942,1.841504636
7,1843869,1000365,1000365,1000365,1001354,1.843196233,1.841375777
7,2021521,1000000,1000000,978594,1001146,2.065740235,2.019206989
7,2093134,1000156,1000156,1000260,1001198,2.092589927,2.090629426
7,2091919,1000208,1000208,1000261,1001354,2.091373152,2.089090372
7,2093752,1000417,1000417,1000521,1001406,2.092661723,2.090812318
7,2081323,1000677,1000677,985834,1001771,2.111230694,2.077643493
7,2092963,1000104,1000104,1000104,1001094,2.092745354,2.090675801
7,2092983,1000104,1000104,1000052,1000937,2.092874171,2.091023711
7,2093247,1000260,1000260,1000208,1001041,2.092811695,2.091070196
7,2088053,1000417,1000417,997396,1001510,2.093504486,2.084904794
7,2092870,1000000,1000000,1000000,1000938,2.092870000,2.090908728
7,1935713,1000156,1000156,1000208,1001094,1.935310455,1.933597644
7,1841962,1000052,1000052,1000000,1000989,1.841962000,1.840142099
7,1832630,1000364,1000364,988281,1001459,1.854361260,1.829960088
7,1843523,1000157,1000157,1000208,1001094,1.843139627,1.841508390
7,1844079,1000469,1000469,1000468,1001354,1.843216375,1.841585493
7,1843112,1000260,1000260,1000260,1001250,1.842632915,1.840810986
7,1837498,1000677,1000677,985313,1001875,1.864887604,1.834059139
7,1843261,1000052,1000052,1000000,1000989,1.843261000,1.841439816
7,1843791,1000469,1000469,1000417,1001354,1.843022460,1.841297883
7,1843044,1000104,1000104,1000104,1001042,1.842852343,1.841125547
7,1831598,1000208,1000208,982603,1001354,1.864026468,1.829121370
7,1843502,1000261,1000261,1000260,1001198,1.843022814,1.841296127
7,1843067,1000156,1000156,1000104,1001041,1.842875341,1.841150362
7,1843625,1000312,1000312,1000313,1001250,1.843048126,1.841323346
7,1838464,1000365,1000365,995624,1001354,1.846544479,1.835978086
7,1843307,1000468,1000468,1000469,1001459,1.842442894,1.840621533
7,1843981,1000416,1000416,1000469,1001459,1.843116578,1.841294551
7,1844240,1003490,1003490,995208,1004532,1.853120152,1.835919612
7,1826657,1000469,1000469,995832,1001510,1.834302372,1.823902907
7,1843383,1000104,1000104,1000104,1001042,1.843191308,1.841464194
7,1843875,1000365,1000365,1000364,1001302,1.843204074,1.841477396
7,1842424,1003958,1003958,982135,1004948,1.875937626,1.833352571
7,1844112,1000469,1000469,1000468,1001406,1.843249359,1.841522819
7,1843444,1000105,1000105,1000156,1001094,1.843156468,1.841429476
7,1843829,1000312,1000312,1000313,1001302,1.843252062,1.841431456
7,1837437,1000416,1000416,988491,1001354,1.858830278,1.834952474
7,1838564,1000365,1000365,994479,1001406,1.848771065,1.835982608
7,1843913,1000365,1000365,1000312,1001198,1.843337879,1.841706635
7,1843941,1000365,1000365,1000416,1001250,1.843174240,1.841638951
7,1838609,1000469,1000469,997291,1001511,1.843603321,1.835835053
7,1843559,1000208,1000208,1000156,1001093,1.843271450,1.841546190
7,1843545,1000208,1000208,1000157,1001042,1.843255609,1.841626026
7,1843831,1000365,1000365,1000312,1001250,1.843255904,1.841529089
7,1836992,1000469,1000469,986771,1001406,1.861619363,1.834412816
7,1834684,1000677,1000677,990730,1002083,1.851850656,1.830870297
7,1843448,1000104,1000104,1000104,1001302,1.843256301,1.841050952
7,1843818,1000313,1000313,1000312,1001354,1.843242908,1.841324846
7,1834243,1000312,1000312,978697,1001459,1.874168410,1.831570738
7,1838833,998646,998646,998593,1001614,1.841423883,1.835869906
7,1843789,1000313,1000313,1000312,1001771,1.843213917,1.840529422
7,1833624,1000156,1000156,998751,1001406,1.835917060,1.831049544
7,1836597,1000677,1000677,988958,1001823,1.857103133,1.833254976
7,1837031,1000157,1000157,990469,1001354,1.854708224,1.834547023
7,1844163,1000520,1000520,1000573,1001927,1.843106900,1.840616133
7,1844173,1000521,1000521,1000521,1001615,1.843212686,1.841199463
7,1837187,1000469,1000469,993488,1001719,1.849229180,1.834034295
7,1843963,1000416,1000416,1000417,1001823,1.843194388,1.840607572
7,1843434,1000156,1000156,1000156,1001302,1.843146469,1.841036970
7,1844183,1000521,1000521,1000573,1001666,1.843126888,1.841115701
7,1832584,1000417,1000417,982917,1008334,1.864434128,1.817437476
7,1843289,1000052,1000052,1000208,1001667,1.842905676,1.840221351
7,1844088,1000468,1000468,1000469,1001614,1.843223528,1.841116438
7,1843919,1000365,1000365,1000416,1001511,1.843152249,1.841137042
7,1834948,1000313,1000313,979220,1001614,1.873887380,1.831991166
7,1843271,1000052,1000052,1000104,1001250,1.843079320,1.840969788
7,1843584,1000209,1000209,1000208,1001355,1.843200614,1.841089324
7,1844170,1000573,1000573,1000521,1001615,1.843209688,1.841196468
7,1817252,1000625,1000625,968958,1001927,1.875470351,1.813756890
7,1843799,1000313,1000313,1000312,1001459,1.843223914,1.841112816
7,1843701,1000312,1000312,1000209,1001458,1.843315747,1.841016798
7,1843551,1000156,1000156,1000157,1001406,1.843261608,1.840962607
7,1835902,1000260,1000260,992448,1001406,1.849872235,1.833324346
7,1843535,1000208,1000208,1000156,1001198,1.843247453,1.841329088
7,1843854,1000364,1000364,1000365,1001354,1.843181239,1.841360797
7,1843371,1000104,1000104,1000104,1001146,1.843179309,1.841260915
7,1830798,1000469,1000469,985157,1001563,1.858381963,1.827940928
7,1843398,1000104,1000104,1000104,1001302,1.843206307,1.841001017
7,1843509,1000156,1000156,1000156,1001459,1.843221457,1.840823239
7,1843684,1000261,1000261,1000260,1001303,1.843204767,1.841284806
7,1833584,1000052,1000052,981667,1001250,1.867826870,1.831294881
7,1844128,1000469,1000469,1000469,1001563,1.843263509,1.841250126
7,1843377,1000104,1000104,1000052,1001146,1.843281149,1.841266908
7,1843987,1000417,1000417,1000416,1001511,1.843220220,1.841204939
7,1831127,1000677,1000677,986510,1001875,1.856166689,1.827700062
7,1844139,1000521,1000521,1000521,1001770,1.843178704,1.840880641
7,1843897,1000417,1000417,1000364,1001355,1.843226066,1.841401900
7,1843426,1000104,1000104,1000104,1001355,1.843234304,1.840931538
7,1837032,1000209,1000209,992083,1001563,1.851691844,1.834165200
7,1844073,1000469,1000469,1000417,1001510,1.843304342,1.841292648
7,1843751,1000260,1000260,1000312,1001354,1.843175929,1.841257937
7,1843142,1000000,1000000,999948,1000990,1.843237848,1.841319094
7,1831904,1000468,1000468,987605,1001666,1.854895429,1.828857124
7,1844167,1000521,1000521,1000521,1001562,1.843206689,1.841290904
7,1843788,1000365,1000365,1000312,1001354,1.843212918,1.841294887
7,1843856,1000365,1000365,1000364,1001407,1.843185081,1.841265340
7,1834066,1000469,1000469,980313,1001667,1.870898376,1.831013700
7,1843981,1000417,1000417,1000469,1001615,1.843116578,1.841007772
7,1843464,1000156,1000156,1000105,1001562,1.843270457,1.840589000
7,1843223,1000000,1000000,1000000,1001146,1.843223000,1.841113084
7,1827859,1000677,1000677,979428,1001875,1.866251526,1.824438178
7,1843496,1000157,1000157,1000156,1001615,1.843208459,1.840523554
7,1843206,1000000,1000000,1000000,1001146,1.843206000,1.841096104
7,1843395,1000104,1000104,1000104,1001197,1.843203307,1.841191094
7,1837061,1000209,1000209,995728,1001459,1.844942595,1.834384633
7,1843756,1000260,1000260,1000313,1001406,1.843179085,1.841167319
7,1843947,1000417,1000417,1000364,1001563,1.843276048,1.841069409
7,1843493,1000157,1000157,1000104,1001250,1.843301297,1.841191511
7,1826120,1000261,1000261,982499,1001563,1.858648202,1.823270229
7,1843291,1000052,1000052,1000052,1001146,1.843195154,1.841181007
7,1843779,1000313,1000313,1000312,1001406,1.843203920,1.841190286
7,1844092,1000469,1000469,1000417,1001615,1.843323334,1.841118593
7,1835942,1000417,1000417,982499,1001719,1.868645159,1.832791432
7,1843214,1000000,1000000,1000000,1001146,1.843214000,1.841104095
7,1843563,1000208,1000208,1000209,1001302,1.843177776,1.841165802
7,1843834,1000313,1000313,1000365,1001407,1.843161246,1.841243371
7,1829371,1000625,1000625,985312,1001771,1.856641348,1.826136912
7,1843559,1000208,1000208,1000209,1001510,1.843173777,1.840779423
7,1843739,1000260,1000260,1000313,1001562,1.843162090,1.840863571
7,1843675,1000261,1000261,1000260,1001354,1.843195769,1.841182040
7,1837749,1000365,1000365,996718,1001511,1.843800353,1.834976351
7,1843909,1000364,1000364,1000365,1001458,1.843236219,1.841224495
7,1843635,1000260,1000260,1000209,1001250,1.843249761,1.841333333
7,1843657,1000260,1000260,1000261,1001302,1.843175931,1.841259680
7,1830041,1000312,1000312,980418,1001406,1.866592617,1.827471575
7,1843344,1000104,1000104,1000052,1001094,1.843248151,1.841329585
7,1843511,1000156,1000156,1000157,1001094,1.843221614,1.841496403
7,1843856,1000365,1000365,1000365,1001302,1.843183238,1.841458421
7,1833505,1000313,1000313,977969,1001458,1.874808915,1.830835642
7,1843602,1000260,1000260,1000208,1001146,1.843218611,1.841491651
7,1843715,1000260,1000260,1000260,1001250,1.843235759,1.841413233
7,1843946,1000417,1000417,1000417,1001302,1.843177395,1.841548304
7,1832484,1000573,1000573,986355,1001614,1.857834147,1.829531137
7,1843839,1000364,1000364,1000365,1001406,1.843166244,1.841250202
7,1843740,1000312,1000312,1000261,1001302,1.843258909,1.841342572
7,1843989,1000416,1000416,1000417,1001562,1.843220377,1.841113181
7,1836559,1000365,1000365,996875,1001458,1.842316238,1.833885195
7,1844053,1000469,1000469,1000469,1001407,1.843188545,1.841462063
7,1843994,1000417,1000417,1000417,1001459,1.843225375,1.841307532
7,1843626,1000209,1000209,1000208,1001355,1.843242606,1.841131267
7,1831523,1000260,1000260,984063,1001562,1.861184701,1.828666623
7,1844030,1000416,1000416,1000417,1001666,1.843261360,1.840962956
7,1843740,1000313,1000313,1000312,1001302,1.843164933,1.841342572
7,1843950,1000417,1000417,1000417,1001407,1.843181393,1.841359208
7,1837406,1000416,1000416,982916,1001562,1.869341836,1.834540448
7,1843616,1000208,1000208,1000260,1001354,1.843136784,1.841123119
7,1843668,1000260,1000260,1000209,1001354,1.843282754,1.841175049
7,1843951,1000417,1000417,1000417,1001823,1.843182393,1.840595594
7,1828916,1000469,1000469,981302,1001927,1.863764672,1.825398457
7,1843205,1000000,1000000,999948,1001510,1.843300852,1.840425957
7,1843879,1000364,1000364,1000365,1001511,1.843206230,1.841097102
7,1844026,1000417,1000417,1000416,1001562,1.843259204,1.841150124
7,1838736,1000625,1000625,996041,1001823,1.846044490,1.835390084
7,1843227,1000000,1000000,1000052,1001094,1.843131157,1.841212713
7,1843864,1000364,1000364,1000365,1001770,1.843191235,1.840606127
7,1843564,1000208,1000208,1000209,1001355,1.843178776,1.841069351
7,1828961,1000520,1000520,981824,1001823,1.862819609,1.825632871
7,1843068,999948,999948,999896,1000990,1.843259699,1.841245167
7,1843656,1000260,1000260,1000209,1001094,1.843270756,1.841641244
7,1843278,1000052,1000052,1000052,1001041,1.843182155,1.841361143
7,1837411,1000625,1000625,987239,1001563,1.861161279,1.834543608
7,1843770,1000312,1000312,1000313,1001198,1.843193081,1.841563807
7,1843482,1000157,1000157,1000156,1000990,1.843194462,1.841658758
7,1843662,1000260,1000260,1000261,1001094,1.843180930,1.841647238
7,1832454,1000573,1000573,987760,1001875,1.855161173,1.829024579
7,1843947,1000417,1000417,1000364,1001510,1.843276048,1.841166838
7,1843717,1000313,1000313,1000312,1001458,1.843141940,1.841032774
7,1843693,1000261,1000261,1000260,1001354,1.843213764,1.841200015
7,1833455,1000469,1000469,988698,1001875,1.854413582,1.830023706
7,1844203,1000572,1000572,1000521,1001927,1.843242671,1.840656056
7,1843288,1000000,1000000,1000000,1001146,1.843288000,1.841178010
7,1843872,1000365,1000365,1000313,1001511,1.843295049,1.841090113
7,1827670,1000521,1000521,979270,1002135,1.866359635,1.823776238
7,1843487,1000156,1000156,1000105,1001303,1.843293454,1.841088062
7,1843757,1000312,1000312,1000313,1001458,1.843180085,1.841072716
7,1844015,1000417,1000417,1000364,1001562,1.843344023,1.841139141
7,1834823,1000416,1000416,984583,1001615,1.863553403,1.831864539
7,1841505,1000052,1000052,1000052,1001511,1.841409247,1.838726684
7,1843843,1000364,1000364,1000365,1001770,1.843170243,1.840585164
7,1843921,1000417,1000417,1000365,1001511,1.843248214,1.841139039
7,1811633,1000104,1000104,971667,1001302,1.864458709,1.809277321
7,1843632,1000261,1000261,1000208,1001615,1.843248604,1.840659335
7,1843791,1000313,1000313,1000312,1001406,1.843215917,1.841202270
7,1843162,1000000,1000000,999948,1001094,1.843257849,1.841147784
7,1837652,1000260,1000260,994948,1001510,1.846982958,1.834881329
7,1843131,999947,999947,999948,1001094,1.843226848,1.841116818
7,1832726,1000365,1000365,1000521,1001719,1.831771647,1.829580950
7,1843950,1000417,1000417,1000573,1001875,1.842894022,1.840499064
7,1780865,1000312,1000312,953698,1001614,1.867325925,1.777995316
7,1839662,1000364,1000364,1000365,1001511,1.838990768,1.836886465
7,1839706,1000573,1000573,1000729,1001979,1.838365831,1.836072413
7,1843552,1000677,1000677,1000729,1001979,1.842209030,1.839910816
7,1834778,1000573,1000573,980053,1001875,1.872121202,1.831344230
7,1840089,1000364,1000364,1000312,1001510,1.839515071,1.837314655
7,1842210,999948,999948,999948,1001458,1.842305800,1.839527968
7,1841980,1000260,1000260,1000261,1001406,1.841499369,1.839393812
7,1815708,1000521,1000521,969740,1001667,1.872365789,1.812686252
7,1842336,1000365,1000365,1000208,1001510,1.841952874,1.839558267
7,1843155,1000469,1000469,1000521,1001511,1.842195216,1.840374195
7,1843119,1000261,1000261,1000365,1001407,1.842446507,1.840529375
7,1835714,1000416,1000416,995781,1001511,1.843491691,1.832944421
7,1840670,1000521,1000521,1000625,1001667,1.839520300,1.837606710
7,1841802,1000468,1000468,1000521,1001562,1.840842921,1.838929592
7,1842420,1000417,1000417,1000417,1001511,1.841652031,1.839640304
7,1830026,1000677,1000677,984740,1001666,1.858384954,1.826982248
7,1841886,1000260,1000260,1000313,1001250,1.841309670,1.839586517
7,1841896,1000208,1000208,1000208,1001146,1.841512965,1.839787603
7,1840960,1000416,1000416,1000417,1001406,1.840192640,1.838375244
7,1922578,1000208,1000208,978127,1001250,1.965570933,1.920177778
7,2092280,1000416,1000416,1000573,1001459,2.091081810,2.089231811
7,2092819,1000364,1000364,1000417,1001303,2.091946658,2.090095605
7,2092806,1000052,1000052,1000000,1000834,2.092806000,2.091062054
7,2079535,1000469,1000469,988282,1001459,2.104191921,2.076505379
7,2093802,1000469,1000469,1000521,1001562,2.092711697,2.090536582
7,2093345,1000260,1000260,1000261,1001198,2.092798780,2.090840173
7,2092781,999947,999947,1000052,1000938,2.092672181,2.090819811
7,2088340,1000156,1000156,996824,1001093,2.094993700,2.086059936
7,2093386,1000313,1000313,1000260,1001146,2.092841861,2.090989726
7,1893737,1000052,1000052,1000105,1000989,1.893538178,1.891865945
7,1842493,999948,999948,1000000,1001042,1.842493000,1.840575121
7,1832649,1000416,1000416,984429,1001666,1.861636543,1.829600885
7,1843299,1000052,1000052,1000000,1001198,1.843299000,1.841093370
7,1843958,1000416,1000416,1000417,1001354,1.843189390,1.841464657
7,1844094,1000468,1000468,1000521,1001459,1.843133727,1.841407387
7,1836516,1000521,1000521,981771,1001770,1.870615449,1.833271110
7,1843634,1000260,1000260,1000209,1001354,1.843248761,1.841141095
7,1844114,1000521,1000521,1000417,1001458,1.843345325,1.841429196
7,1843776,1000260,1000260,1000313,1001302,1.843199079,1.841378525
7,1831475,1000521,1000521,983804,1001666,1.861625893,1.828428838
7,1843868,1000364,1000364,1000365,1001511,1.843195234,1.841086119
7,1843897,1000417,1000417,1000365,1001354,1.843224223,1.841403739
7,1843668,1000260,1000260,1000261,1001198,1.843186928,1.841461929
7,1837456,1000417,1000417,995313,1001615,1.846108712,1.834493293
7,1841948,1000208,1000208,1000156,1001094,1.841660701,1.839935111
7,1843353,1000104,1000104,1000052,1001041,1.843257151,1.841436065
7,1843827,1000313,1000313,1000364,1001406,1.843156091,1.841238219
7,1826444,1000469,1000469,985052,1001562,1.854159983,1.823595544
7,1843778,1000313,1000313,1000312,1001510,1.843202921,1.840998093
7,1843828,1000312,1000312,1000365,1001302,1.843155248,1.841430458
7,1844061,1000469,1000469,1000469,1001354,1.843196541,1.841567518
7,1836629,1000261,1000261,983281,1001510,1.867857713,1.833859872
7,1843530,1000208,1000208,1000157,1001197,1.843240611,1.841325933
7,1844014,1000468,1000468,1000417,1001459,1.843245367,1.841327503
7,1843993,1000417,1000417,1000417,1001406,1.843224375,1.841403986
7,1830984,1000208,1000208,985626,1001459,1.857686384,1.828316486
7,1843346,1000104,1000104,1000053,1001041,1.843248308,1.841429072
7,1843551,1000156,1000156,1000156,1001146,1.843263451,1.841440709
7,1843608,1000209,1000209,1000260,1001354,1.843128787,1.841115130
7,1830450,1000209,1000209,997343,1001406,1.835326462,1.827880001
7,1838084,1000364,1000364,1000469,1001459,1.837222343,1.835406142
7,1843895,1000416,1000416,1000365,1001354,1.843222224,1.841401742
7,1843532,1000208,1000208,1000157,1001145,1.843242611,1.841423570
7,1825322,1000677,1000677,978333,1001771,1.865747143,1.822095070
7,1843832,1000364,1000364,1000313,1001354,1.843255061,1.841338827
7,1843869,1000364,1000364,1000365,1001407,1.843196233,1.841278321
7,1844017,1000468,1000468,1000469,1001563,1.843152561,1.841139299
7,1955359,1000208,1000208,978333,1001302,1.998664054,1.952816433
7,2091566,1000416,1000416,1000625,1001666,2.090259588,2.088087247
7,2093064,1000104,1000104,1000104,1001094,2.092846344,2.090776690
7,2093442,1000313,1000313,1000364,1001354,2.092680264,2.090611312
7,2079531,1000156,1000156,980208,1001146,2.121520126,2.077150585
7,2093081,1000156,1000156,1000104,1000989,2.092863342,2.091012988
7,2093271,1000209,1000209,1000208,1001094,2.092835690,2.090983464
7,2093208,1000208,1000208,1000157,1000989,2.092879418,2.091139863
7,2088684,1000260,1000260,994948,1001198,2.099289611,2.086184751
7,2012696,1000260,1000260,1000261,1001146,2.012170823,2.010392091
7,1839318,1000365,1000365,1000365,1001302,1.838646894,1.836926322
7,1843446,1000157,1000157,1000104,1001094,1.843254302,1.841431474
7,1824650,1000573,1000573,978335,1001666,1.865056448,1.821615189
7,1843191,1000000,1000000,1000000,1000886,1.843191000,1.841559378
7,1843558,1000156,1000156,1000208,1001146,1.843174620,1.841447701
7,1843626,1000209,1000209,1000260,1001094,1.843146782,1.841611277
7,1837736,1000729,1000729,983645,1001927,1.868291914,1.834201494
7,1843774,1000312,1000312,1000313,1001354,1.843197079,1.841280906
7,1843968,1000416,1000416,1000417,1001354,1.843199386,1.841474643
7,1843290,1000052,1000052,1000104,1000938,1.843098318,1.841562614
7,1831391,1000469,1000469,987135,1001666,1.855258906,1.828344977
7,1843860,1000364,1000364,1000313,1001355,1.843283052,1.841364950
7,1843613,1000208,1000208,1000313,1001303,1.843036130,1.841213898
7,1843534,1000156,1000156,1000157,1001146,1.843244611,1.841423728
7,1828809,1000573,1000573,997864,1001667,1.832723698,1.825765449
7,1840896,1000469,1000469,1000573,1001562,1.839841771,1.838025005
7,1843188,1000000,1000000,999948,1000886,1.843283851,1.841556381
7,1843952,1000417,1000417,1000417,1001406,1.843183393,1.841363044
7,1834311,1000260,1000260,987864,1001354,1.856845679,1.831830701
7,1843733,1000261,1000261,1000312,1001198,1.843157935,1.841526851
7,1844079,1000417,1000417,1000416,1001406,1.843312182,1.841489865
7,1843961,1000417,1000417,1000417,1001406,1.843192389,1.841372031
7,1973245,1000052,1000052,979531,1001094,2.014479378,1.971088629
7,2092989,1000417,1000417,1000416,1001250,2.092118679,2.090376030
7,2093523,1000364,1000364,1000313,1001146,2.092867932,2.091126569
7,2093371,1000261,1000261,1000260,1001042,2.092826865,2.091191978
7,2078695,1000312,1000312,982239,1001511,2.116282290,2.075558831
7,2092607,999948,999948,999947,1000833,2.092717914,2.090865309
7,2093211,1000208,1000208,1000156,1001041,2.092884510,2.091034233
7,2093076,1000105,1000105,1000156,1000938,2.092749531,2.091114535
7,2020879,1000261,1000261,997448,1001302,2.026049478,2.018251237
7,1840137,1000469,1000469,1000417,1001302,1.839369983,1.837744257
7,1843481,1000156,1000156,1000104,1001094,1.843289298,1.841466436
7,1842655,1000052,1000052,1000053,1000937,1.842557344,1.840930049
7,1808377,1000625,1000625,966979,1001823,1.870130582,1.805086328
7,1836315,1000000,1000000,999895,1001302,1.836507833,1.833927227
7,1837073,1000416,1000416,1000417,1001406,1.836307260,1.834493702
7,1835790,1000573,1000573,1000521,1001563,1.834834051,1.832925138
7,1833287,1000209,1000209,975364,1001666,1.879592644,1.830237824
7,1843982,1000469,1000469,1000416,1001563,1.843215222,1.841104354
7,1843565,1000208,1000208,1000208,1001614,1.843181618,1.840594281
7,1843931,1000416,1000416,1000365,1001511,1.843258211,1.841149024
7,1823029,1000208,1000208,977238,1001719,1.865491313,1.819900591
7,1843366,1000052,1000052,1000052,1001615,1.843270150,1.840393764
7,1843704,1000312,1000312,1000261,1001458,1.843222919,1.841019793
7,1843864,1000365,1000365,1000364,1001459,1.843193078,1.841177722
7,1833459,1000156,1000156,988958,1001614,1.853930096,1.830504566
7,1844038,1000469,1000469,1000521,1001563,1.843077756,1.841160267
7,1843191,1000000,1000000,1000000,1001145,1.843191000,1.841082960
7,1843450,1000156,1000156,1000104,1001250,1.843258301,1.841148564
7,1829060,1000521,1000521,976510,1001979,1.873058136,1.825447440
7,1843157,999948,999948,999895,1001198,1.843350552,1.840951540
7,1843755,1000312,1000312,1000313,1001458,1.843178085,1.841070719
7,1844064,1000469,1000469,1000416,1001875,1.843297188,1.840612851
7,1833103,1000417,1000417,979790,1001823,1.870914175,1.829767334
7,1843373,1000104,1000104,1000104,1001511,1.843181309,1.840591866
7,1843502,1000157,1000157,1000156,1001303,1.843214459,1.841103043
7,1843711,1000261,1000261,1000260,1001407,1.843231760,1.841120543
7,1829996,1000573,1000573,981928,1002031,1.863676359,1.826286811
7,1843192,1000000,1000000,1000000,1001146,1.843192000,1.841082120
7,1843629,1000208,1000208,1000209,1001354,1.843243762,1.841136102
7,1843439,1000104,1000104,1000104,1001563,1.843247302,1.840562201
7,1838227,1000469,1000469,996042,1001615,1.845531614,1.835263050
7,1844170,1000521,1000521,1000521,1001615,1.843209688,1.841196468
7,1843436,1000157,1000157,1000104,1001250,1.843244303,1.841134582
7,1844081,1000469,1000469,1000469,1001615,1.843216531,1.841107611
7,1827359,1000416,1000416,983699,1001927,1.857640396,1.823844452
7,1843257,1000000,1000000,1000052,1001198,1.843161156,1.841051420
7,1844092,1000469,1000469,1000469,1001615,1.843227526,1.841118593
7,1843295,1000052,1000052,1000104,1001198,1.843103317,1.841089375
7,1835316,1000521,1000521,982292,1001719,1.868401657,1.832166506
7,1843168,1000000,1000000,1000000,1001459,1.843168000,1.840482736
7,1843405,1000104,1000104,1000104,1001250,1.843213306,1.841103620
7,1843848,1000313,1000313,1000312,1001459,1.843272899,1.841161745
7,1827633,1000573,1000573,979218,1002083,1.866420960,1.823833954
7,1843864,1000365,1000365,1000364,1001823,1.843193078,1.840508753
7,1843279,1000052,1000052,1000000,1001146,1.843279000,1.841169020
7,1843567,1000208,1000208,1000209,1001302,1.843181775,1.841169797
7,1837895,1000416,1000416,995886,1001615,1.845487335,1.834931585
7,1843307,1000104,1000104,1000052,1001198,1.843211153,1.841101361
7,1844018,1000469,1000469,1000417,1001562,1.843249365,1.841142136
7,1843811,1000364,1000364,1000312,1001719,1.843235910,1.840646928
7,1827005,1000625,1000625,982656,1002083,1.859251864,1.823207259
7,1843926,1000417,1000417,1000364,1001563,1.843255055,1.841048441
7,1843247,1000052,1000052,1000000,1001146,1.843247000,1.841137057
7,1844210,1000573,1000573,1000573,1001666,1.843153873,1.841142656
7,1836894,1000260,1000260,980938,1001511,1.872589297,1.834122641
7,1844306,1000468,1000468,1000521,1001666,1.843345617,1.841238497
7,1843748,1000313,1000313,1000312,1001407,1.843172930,1.841157491
7,1843960,1000417,1000417,1000417,1001458,1.843191389,1.841275420
7,1826969,1000417,1000417,984428,1001770,1.855868586,1.823740978
7,1843862,1000364,1000364,1000365,1001510,1.843189236,1.841081966
7,1843913,1000416,1000416,1000365,1001458,1.843240217,1.841228489
7,1843900,1000364,1000364,1000365,1001406,1.843227222,1.841311117
7,1837716,1000104,1000104,996719,1001302,1.843765394,1.835326405
7,1843468,1000104,1000104,1000157,1001146,1.843178621,1.841357804
7,1844111,1000521,1000521,1000469,1001510,1.843246517,1.841330591
7,1843801,1000312,1000312,1000313,1001354,1.843224071,1.841307869
7,1829141,1000468,1000468,984792,1001562,1.857388159,1.826288338
7,1843194,1000000,1000000,999948,1000937,1.843289851,1.841468544
7,1843193,1000000,1000000,1000000,1000885,1.843193000,1.841563217
7,1843102,999948,999948,999948,1000886,1.843197846,1.841470457
7,1837333,1000365,1000365,986354,1001458,1.862752115,1.834658069
7,1843664,1000260,1000260,1000208,1001198,1.843280598,1.841457933
7,1843524,1000156,1000156,1000156,1001146,1.843236455,1.841413740
7,1843737,1000313,1000313,1000312,1001198,1.843161933,1.841530846
7,1828349,1000469,1000469,984896,1001719,1.856387883,1.825211461
7,1843517,1000156,1000156,1000156,1001354,1.843229456,1.841024253
7,1844089,1000521,1000521,1000521,1001875,1.843128730,1.840637804
7,1844009,1000469,1000469,1000416,1001563,1.843242211,1.841131312
7,1838661,1000573,1000573,994531,1002031,1.848771934,1.834934249
7,1843687,1000260,1000260,1000261,1001354,1.843205923,1.841194023
7,1843089,999948,999948,999948,1001354,1.843184846,1.840596832
7,1867590,1018906,1018906,1004947,1020052,1.858396512,1.830877249
7,1838447,1000573,1000573,995471,1001979,1.846811208,1.834815899
7,1843839,1000364,1000364,1000365,1001458,1.843166244,1.841154597
7,1843879,1000364,1000364,1000364,1001458,1.843208072,1.841194538
7,1835350,1000469,1000469,977917,1001719,1.876795270,1.832200447
7,1843236,1000000,1000000,1000052,1001250,1.843140157,1.840934831
7,1843191,1000000,1000000,1000000,1001146,1.843191000,1.841081121
7,1843761,1000313,1000313,1000260,1001407,1.843281747,1.841170473
7,1835734,1000157,1000157,985989,1001302,1.861819959,1.833346982
7,1801382,1000521,1000521,969166,1002031,1.858692938,1.797730809
7,1843725,1000261,1000261,1000260,1001459,1.843245756,1.841038924
7,1843236,1000000,1000000,1000000,1001145,1.843236000,1.841127909
7,1836071,1000521,1000521,995469,1001667,1.844428104,1.833015363
7,1843585,1000208,1000208,1000208,1001302,1.843201614,1.841187774
7,1843917,1000365,1000365,1000416,1001563,1.843150249,1.841039455
7,1843723,1000260,1000260,1000261,1001458,1.843241914,1.841038765
7,1834834,1000052,1000052,992448,1001250,1.848796108,1.832543321
7,1836027,1000364,1000364,992136,1001823,1.850579961,1.832686013
7,1843654,1000208,1000208,1000208,1001354,1.843270600,1.841161068
7,1844172,1000521,1000521,1000521,1001927,1.843211687,1.840625115
7,1835707,1000729,1000729,983125,1001927,1.867216275,1.832176396
7,1843172,1000000,1000000,999948,1001198,1.843267850,1.840966522
7,1843703,1000313,1000313,1000260,1001458,1.843223762,1.841018795
7,1843767,1000313,1000313,1000260,1001406,1.843287745,1.841178303
7,1837228,1000521,1000521,992709,1001667,1.850721611,1.834170438
7,1821454,1000156,1000156,981198,1001354,1.856357229,1.818991086
7,1843736,1000261,1000261,1000260,1001407,1.843256753,1.841145508
7,1843257,1000053,1000053,1000052,1001146,1.843161156,1.841147045
7,1837310,1000261,1000261,995625,1001458,1.845383553,1.834635102
7,1844088,1000521,1000521,1000521,1001615,1.843127730,1.841114600
7,1843495,1000156,1000156,1000156,1001510,1.843207460,1.840715520
7,1843858,1000365,1000365,1000365,1001511,1.843185237,1.841076134
7,1853304,1040625,1040625,990052,1041718,1.871925919,1.779084167
7,1843255,1000000,1000000,1000000,1001302,1.843255000,1.840858203
7,1843313,1000000,1000000,1000000,1000937,1.843313000,1.841587433
7,1844040,1000416,1000416,1000417,1001302,1.843271356,1.841642182
7,1837906,1000260,1000260,986615,1001198,1.862840115,1.835706823
7,1843488,1000156,1000156,1000156,1001094,1.843200461,1.841473428
7,1843546,1000208,1000208,1000208,1001146,1.843162622,1.841435715
7,1843975,1000416,1000416,1000417,1001250,1.843206383,1.841672909
7,1830776,1000677,1000677,984582,1001771,1.859444922,1.827539428
7,1843714,1000313,1000313,1000208,1001302,1.843330587,1.841316606
7,1843635,1000260,1000260,1000209,1001198,1.843249761,1.841428968
7,1843308,1000052,1000052,1000052,1000989,1.843212153,1.841486770
7,1837368,1000573,1000573,997031,1001615,1.842839390,1.834405435
7,1843730,1000312,1000312,1000261,1001250,1.843248912,1.841428215
7,1843567,1000208,1000208,1000209,1001146,1.843181775,1.841456691
7,1843623,1000209,1000209,1000208,1001146,1.843239606,1.841512627
7,1827617,1000625,1000625,982395,1001875,1.860368793,1.824196631
7,1843683,1000261,1000261,1000260,1001354,1.843203767,1.841190029
7,1843669,1000261,1000261,1000208,1001459,1.843285597,1.840983006
7,1843963,1000417,1000417,1000417,1001459,1.843194388,1.841276577
7,1837155,1000677,1000677,982708,1001927,1.869482084,1.833621611
7,1843332,1000052,1000052,1000105,1001250,1.843138470,1.841030712
7,1844060,1000469,1000469,1000468,1001666,1.843197384,1.840992906
7,1843436,1000157,1000157,1000104,1001250,1.843244303,1.841134582
7,1828100,1000521,1000521,981668,1001771,1.862238557,1.824868158
7,1844016,1000469,1000469,1000468,1001823,1.843153404,1.840660476
7,1835291,1000365,1000365,1000364,1001510,1.834623197,1.832523889
7,1840865,1000469,1000469,1000989,1002240,1.839046183,1.836750678
7,1837951,1000156,1000156,995989,1001302,1.845352710,1.835561099
7,1842801,1000104,1000104,1000105,1001198,1.842607526,1.840595966
7,1844179,1000521,1000521,1000730,1002031,1.842833731,1.840441064
7,1843982,1000521,1000521,1000572,1001771,1.842927845,1.840722081
7,1803893,1000104,1000104,964168,1001354,1.870932244,1.801453832
7,1841771,1000208,1000208,1000156,1001302,1.841483729,1.839376132
7,1843784,1000417,1000417,1000416,1001719,1.843017305,1.840619974
7,1843595,1000260,1000260,1000209,1001614,1.843209769,1.840624232
7,1835442,1000313,1000313,978020,1001563,1.876691683,1.832577681
7,1843894,1000365,1000365,1000364,1001771,1.843223067,1.840634237
7,1843157,1000104,1000104,1000105,1001146,1.842963489,1.841047160
7,1847205,1002239,1002239,1002292,1003333,1.842980888,1.841068718
7,1809974,1000469,1000469,961770,1002239,1.881919794,1.805930522
7,1843206,1000209,1000209,1000156,1001406,1.842918505,1.840618091
7,1843797,1000313,1000313,1000416,1001563,1.843030299,1.840919643
7,1843079,999948,999948,999896,1000886,1.843270700,1.841447478
7,1838211,1000573,1000573,995104,1001666,1.847255161,1.835153634
7,1843571,1000521,1000521,1000521,1001355,1.842611000,1.841076342
7,1843424,1000417,1000417,1000521,1001510,1.842464076,1.840644627
7,1844075,1000468,1000468,1000469,1001354,1.843210534,1.841581499
7,1818590,1000520,1000520,975625,1001510,1.864025625,1.815848069
7,1844383,1000625,1000625,1000677,1001667,1.843135197,1.841313530
7,1843634,1000364,1000364,1000312,1001666,1.843058966,1.840567614
7,1842926,999948,999948,999948,1001042,1.843021837,1.841007670
7,1835090,1000469,1000469,977604,1001614,1.877130208,1.832132937
7,1843699,1000312,1000312,1000209,1001459,1.843313747,1.841012962
7,1842374,999948,999948,999948,1001041,1.842469808,1.840458083
7,1843813,1000365,1000365,1000312,1001406,1.843237910,1.841224239
7,1830766,1000365,1000365,984531,1001511,1.859531086,1.828003886
7,1842930,999948,999948,999948,1001146,1.843025837,1.840820420
7,1842831,1000052,1000052,1000000,1000989,1.842831000,1.841010241
7,1844188,1000573,1000573,1000521,1001667,1.843227678,1.841118855
7,1837676,1000469,1000469,994166,1001718,1.848459915,1.834524287
7,1842487,1000312,1000312,1000365,1001303,1.841814738,1.840089364
7,1843484,1000469,1000469,1000469,1001563,1.842619811,1.840607131
7,1843813,1000468,1000468,1000417,1001406,1.843044450,1.841224239
7,1831958,1000625,1000625,989010,1001666,1.852314941,1.828911034
7,1843805,1000313,1000313,1000312,1001510,1.843229912,1.841025052
7,1843227,1000104,1000104,1000104,1001094,1.843035324,1.841212713
7,1843593,1000208,1000208,1000209,1001198,1.843207770,1.841387018
7,1836772,1000469,1000469,985625,1001511,1.863560685,1.834000825
7,1843453,1000156,1000156,1000157,1001198,1.843163623,1.841247186
7,1843724,1000364,1000364,1000417,1001302,1.842955488,1.841326593
7,1843826,1000469,1000469,1000417,1001407,1.843057445,1.841235382
7,1832284,1000260,1000260,983907,1001406,1.862253241,1.829711426
7,1843805,1000573,1000573,1000521,1001458,1.842844878,1.841120646
7,1843233,1000156,1000156,1000104,1001042,1.843041324,1.841314350
7,1843358,1000208,1000208,1000156,1001146,1.843070481,1.841247930
7,1839973,1000625,1000625,996406,1001667,1.846609715,1.836910870
7,1843496,1000260,1000260,1000313,1001302,1.842919166,1.841098889
7,1834669,1000260,1000260,1000313,1001354,1.834094928,1.832188217
7,1839733,1000260,1000260,1000313,1001354,1.839157344,1.837245370
7,1832896,1000469,1000469,986666,1001614,1.857666120,1.829942473
7,1842899,1000521,1000521,1000520,1001614,1.841941191,1.839929354
7,1843314,1000052,1000052,1000052,1001094,1.843218153,1.841299618
7,1843647,1000260,1000260,1000261,1001198,1.843165934,1.841440954
7,1887867,1000105,1000105,978333,1001146,1.929677318,1.885705981
7,2090384,1000208,1000208,1000156,1001146,2.090057951,2.087991162
7,2091832,1000156,1000156,1000261,1001250,2.091286174,2.089220474
7,2093161,1000209,1000209,1000260,1001198,2.092616920,2.090656394
7,2082943,1000573,1000573,986041,1001614,2.112430416,2.079586547
7,2093799,1000521,1000521,1000521,1001406,2.092708699,2.090859252
7,2093685,1000417,1000417,1000416,1001250,2.092814389,2.091071161
7,2093021,1000104,1000104,1000105,1000937,2.092801256,2.091061675
7,2088588,1000052,1000052,997083,1001042,2.094698235,2.086413957
7,2093647,1000417,1000417,1000364,1001302,2.092885190,2.090924616
7,2092871,1000052,1000052,1000000,1000885,2.092871000,2.091020447
7,1892443,1000417,1000417,1000416,1001302,1.891656071,1.889982243
7,1830114,1000156,1000156,981824,1001198,1.863993954,1.827924147
7,1843362,1000105,1000105,1000104,1001094,1.843170310,1.841347566
7,1843651,1000260,1000260,1000208,1001146,1.843267600,1.841540594
7,1842244,1000052,1000052,1000000,1000885,1.842244000,1.840615056
7,1834425,1000209,1000209,981042,1001198,1.869874073,1.832229988
7,1843520,1000261,1000261,1000260,1001146,1.843040809,1.841409744
7,1843384,1000104,1000104,1000156,1001094,1.843096477,1.841369542
7,1843479,1000104,1000104,1000156,1001146,1.843191462,1.841368791
7,1832111,1000364,1000364,984948,1001407,1.860109366,1.829536842
7,1843837,1000312,1000312,1000313,1001302,1.843260060,1.841439446
7,1844016,1000521,1000521,1000573,1001510,1.842959984,1.841235734
7,1843470,1000260,1000260,1000260,1001146,1.842990822,1.841359802
7,1838614,1000156,1000156,997188,1001250,1.843798762,1.836318602
7,1842750,1000468,1000468,1000521,1001458,1.841790427,1.840067182
7,1843480,1000260,1000260,1000312,1001302,1.842905014,1.841082910
7,1831733,1000417,1000417,1000521,1001614,1.830779164,1.828781347
7,1831192,1000365,1000365,986718,1001406,1.855841284,1.828620959
7,1842355,1000364,1000364,1000313,1001355,1.841778523,1.839861987
7,1844038,1000468,1000468,1000417,1001354,1.843269357,1.841544549
7,1843410,1000104,1000104,1000104,1001041,1.843218305,1.841493006
7,1836943,1000625,1000625,977500,1001667,1.879225575,1.833885912
7,1843576,1000208,1000208,1000261,1001198,1.843094952,1.841370039
7,1844119,1000521,1000521,1000469,1001458,1.843254514,1.841434189
7,1844208,1000573,1000573,1000625,1001666,1.843056090,1.841140660
7,1821895,1000521,1000521,975156,1001667,1.868311327,1.818862955
7,1844370,1000677,1000677,1000677,1001667,1.843122206,1.841300552
7,1844241,1000573,1000573,1000573,1001563,1.843184855,1.841362950
7,1843551,1000208,1000208,1000156,1001146,1.843263451,1.841440709
7,1839788,1000364,1000364,997917,1001511,1.843628278,1.837012274
7,1844223,1000469,1000469,1000520,1001406,1.843264502,1.841633663
7,1843841,1000365,1000365,1000312,1001302,1.843265901,1.841443441
7,1843579,1000208,1000208,1000208,1001146,1.843195615,1.841468677
7,1826695,1000521,1000521,980937,1001667,1.862194004,1.823654967
7,1843595,1000209,1000209,1000208,1001094,1.843211612,1.841580311
7,1843447,1000104,1000104,1000104,1001041,1.843255301,1.841529967
7,1843293,1000000,1000000,1000000,1000990,1.843293000,1.841469945
7,1838130,1000364,1000364,982760,1001406,1.870375270,1.835549218
7,1842084,1000104,1000104,1000104,1001094,1.841892443,1.840070962
7,1843794,1000364,1000364,1000313,1001197,1.843217073,1.841589617
7,1843374,1000104,1000104,1000052,1000990,1.843278150,1.841550865
7,1829546,1000052,1000052,981147,1001093,1.864701212,1.827548490
7,1844352,1000625,1000625,1000625,1001562,1.843200000,1.841475615
7,1844165,1000520,1000520,1000521,1001511,1.843204690,1.841382671
7,1843719,1000260,1000260,1000261,1001250,1.843237915,1.841417228
7,1839243,1000469,1000469,997240,1001459,1.844333360,1.836563454
7,1843454,1000104,1000104,1000157,1001093,1.843164623,1.841441305
7,1843525,1000157,1000157,1000208,1001198,1.843141627,1.841319100
7,1843268,1000052,1000052,1000052,1000989,1.843172155,1.841446809
7,1824498,1000417,1000417,978489,1001562,1.864607574,1.821652579
7,1843289,1000052,1000052,1000052,1000990,1.843193154,1.841465949
7,1844034,1000417,1000417,1000469,1001354,1.843169553,1.841540554
7,1843964,1000417,1000417,1000417,1001354,1.843195388,1.841470649
7,1836340,1000677,1000677,982084,1001666,1.869840054,1.833285746
7,1843649,1000156,1000156,1000208,1001093,1.843265601,1.841636092
7,1843264,1000052,1000052,1000000,1000886,1.843264000,1.841632314
7,1844059,1000469,1000469,1000469,1001302,1.843194542,1.841661157
7,1831003,1000521,1000521,980209,1001719,1.867972035,1.827860907
7,1843985,1000417,1000417,1000416,1001719,1.843218221,1.840820629
7,1844086,1000521,1000521,1000521,1001562,1.843125731,1.841210030
7,1844158,1000521,1000521,1000521,1001563,1.843197694,1.841280079
7,1836134,1000104,1000104,993489,1001407,1.848167418,1.833554189
7,1843238,1000052,1000052,1000000,1001041,1.843238000,1.841321185
7,1844165,1000521,1000521,1000469,1001563,1.843300492,1.841287068
7,1844061,1000469,1000469,1000468,1001666,1.843198383,1.840993904
7,1830688,1000208,1000208,976041,1001563,1.875626126,1.827831100
7,1843731,1000313,1000313,1000260,1001562,1.843251755,1.840855584
7,1843101,999948,999948,999948,1000990,1.843196846,1.841278135
7,1843395,1000104,1000104,1000104,1001302,1.843203307,1.840998021
7,1833709,1000312,1000312,979271,1001563,1.872524562,1.830847386
7,1843691,1000261,1000261,1000260,1001614,1.843211765,1.840720078
7,1843134,999948,999948,1000000,1001041,1.843134000,1.841217293
7,1843632,1000260,1000260,1000209,1001250,1.843246761,1.841330337
7,1830192,1000260,1000260,984583,1001615,1.858849889,1.827241006
7,1843283,1000000,1000000,1000052,1000990,1.843187154,1.841459955
7,1844055,1000469,1000469,1000468,1001354,1.843192386,1.841561526
7,1844084,1000469,1000469,1000520,1001406,1.843125575,1.841494858
7,1837132,1000677,1000677,993541,1001718,1.849075177,1.833981220
7,1843350,1000104,1000104,1000052,1001197,1.843254151,1.841146148
7,1844037,1000416,1000416,1000469,1001406,1.843172552,1.841447924
7,1843256,1000000,1000000,1000052,1000990,1.843160156,1.841432981
7,1832200,1000573,1000573,985780,1001718,1.858629715,1.829057679
7,1843473,1000156,1000156,1000156,1001094,1.843185463,1.841458444
7,1843741,1000312,1000312,1000313,1001302,1.843164090,1.841343571
7,1843299,1000052,1000052,1000052,1000990,1.843203153,1.841475939
7,1835495,1000104,1000104,984428,1001198,1.864529453,1.833298708
7,1843397,1000105,1000105,1000156,1001094,1.843109475,1.841382528
7,1843912,1000417,1000417,1000364,1001510,1.843241060,1.841131891
7,1843427,1000104,1000104,1000156,1001094,1.843139470,1.841412495
7,1829477,1000365,1000365,985209,1001666,1.856943045,1.826434161
7,1843527,1000208,1000208,1000156,1001197,1.843239455,1.841322936
7,1843302,1000104,1000104,1000052,1000990,1.843206153,1.841478936
7,1843874,1000365,1000365,1000364,1001302,1.843203074,1.841476398
7,1836105,1000209,1000209,994479,1001250,1.846298414,1.833812734
7,1843325,1000104,1000104,1000052,1000937,1.843229152,1.841599421
7,1843992,1000416,1000416,1000469,1001406,1.843127573,1.841402987
7,1844050,1000468,1000468,1000469,1001406,1.843185546,1.841460906
7,1817660,1000521,1000521,977552,1001771,1.859399807,1.814446615
7,1843499,1000156,1000156,1000156,1001198,1.843211459,1.841293131
7,1843711,1000313,1000313,1000260,1001510,1.843231760,1.840931194
7,1843811,1000312,1000312,1000365,1001354,1.843138255,1.841317856
7,1835299,1000364,1000364,984740,1001562,1.863739667,1.832436734
7,1843771,1000313,1000313,1000312,1001458,1.843195923,1.841086696
7,1843571,1000208,1000208,1000156,1001302,1.843283448,1.841173792
7,1843615,1000208,1000208,1000209,1001354,1.843229765,1.841122121
7,1830687,1000260,1000260,983854,1001771,1.860730352,1.827450585
7,1843212,1000000,1000000,1000000,1001146,1.843212000,1.841102097
7,1843508,1000157,1000157,1000156,1001302,1.843220458,1.841110874
7,1843171,1000000,1000000,999948,1001093,1.843266850,1.841158614
7,1835953,1000104,1000104,996615,1001563,1.842188809,1.833087884
7,1843660,1000208,1000208,1000261,1001406,1.843178930,1.841071454
7,1843387,1000104,1000104,1000105,1001198,1.843193465,1.841181265
7,1843662,1000156,1000156,1000104,1001302,1.843470279,1.841264673
7,1830065,1000364,1000364,982604,1001927,1.862464431,1.826545247
7,1843415,1000104,1000104,1000104,1001302,1.843223305,1.841017995
7,1843259,1000000,1000000,1000052,1001198,1.843163156,1.841053418
7,1843261,1000052,1000052,1000000,1001146,1.843261000,1.841151041
7,1832928,1000416,1000416,981198,1001875,1.868051097,1.829497692
7,1843970,1000416,1000416,1000417,1001562,1.843201385,1.841094211
7,1843294,1000052,1000052,1000052,1001511,1.843198154,1.840512985
7,1843292,1000052,1000052,1000052,1001145,1.843196154,1.841183844
7,1797264,1000677,1000677,959063,1002240,1.873979082,1.793247126
7,1843493,1000157,1000157,1000156,1001407,1.843205460,1.840902850
7,1843227,1000000,1000000,1000000,1001146,1.843227000,1.841117080
7,1844154,1000521,1000521,1000468,1001563,1.843291340,1.841276085
7,1835600,1000260,1000260,997032,1001458,1.841064279,1.832927592
7,1843409,1000104,1000104,1000157,1001146,1.843119630,1.841298871
7,1843906,1000365,1000365,1000417,1001406,1.843137412,1.841317108
7,1843519,1000157,1000157,1000104,1001198,1.843327294,1.841313107
7,1819811,1000313,1000313,977760,1001511,1.861204181,1.817065414
7,1843436,1000104,1000104,1000104,1001250,1.843244303,1.841134582
7,1843725,1000313,1000313,1000260,1001406,1.843245756,1.841136362
7,1843849,1000365,1000365,1000365,1001302,1.843176241,1.841451430
7,1834196,1000677,1000677,982708,1001823,1.866471017,1.830858345
7,1843543,1000156,1000156,1000156,1001198,1.843255452,1.841337078
7,1843962,1000416,1000416,1000417,1001354,1.843193388,1.841468651
7,1843459,1000104,1000104,1000157,1001094,1.843169622,1.841444460
7,1830881,1000469,1000469,983126,1001823,1.862305544,1.827549377
7,1843785,1000312,1000312,1000313,1001406,1.843208076,1.841196278
7,1843629,1000260,1000260,1000260,1001302,1.843149781,1.841231716
7,1843969,1000417,1000417,1000416,1001823,1.843202228,1.840613561
7,1837038,1000416,1000416,995938,1001510,1.844530483,1.834268255
7,1843534,1000156,1000156,1000156,1001302,1.843246454,1.841136840
7,1843167,1000000,1000000,999948,1001094,1.843262850,1.841152779
7,1843694,1000260,1000260,1000260,1001406,1.843214764,1.841105406
7,1827824,1000729,1000729,983490,1002188,1.858507967,1.823833452
7,1843868,1000365,1000365,1000364,1001563,1.843197076,1.840990532
7,1843171,1000000,1000000,1000000,1001145,1.843171000,1.841062983
7,1843249,1000000,1000000,1000000,1001146,1.843249000,1.841139055
7,1834410,1000156,1000156,982187,1001458,1.867678965,1.831739324
7,1842678,999687,999687,999688,1001927,1.843253095,1.839133989
7,1843758,1000312,1000312,1000261,1001406,1.843276905,1.841169316
7,1843480,1000156,1000156,1000157,1001250,1.843190619,1.841178527
7,1826985,1000312,1000312,981823,1001875,1.860808924,1.823565814
7,1843479,1000156,1000156,1000104,1001354,1.843287298,1.840986305
7,1843264,1000000,1000000,1000000,1001146,1.843264000,1.841154037
7,1843943,1000416,1000416,1000365,1001510,1.843270206,1.841162844
7,1834114,1000104,1000104,988021,1001563,1.856351231,1.831251754
7,1843187,1000312,1000312,1000313,1001771,1.842610263,1.839928487
7,1843614,1000208,1000208,1000208,1001354,1.843230608,1.841121122
7,1843158,999948,999948,999948,1001198,1.843253849,1.840952539
7,1792686,1000625,1000625,953333,1002031,1.880440518,1.789052435
7,1844022,1000417,1000417,1000417,1001927,1.843253363,1.840475404
7,1844193,1000573,1000573,1000521,1001667,1.843232676,1.841123847
7,1844093,1000521,1000521,1000469,1001562,1.843228526,1.841217019
7,1837746,1000729,1000729,978281,1002136,1.878546144,1.833828941
7,1843804,1000365,1000365,1000260,1001458,1.843324736,1.841119648
7,1843464,1000157,1000157,1000104,1001198,1.843272300,1.841258173
7,1843733,1000261,1000261,1000312,1001302,1.843157935,1.841335581
7,1827621,1000156,1000156,983072,1001563,1.859091704,1.824768886
7,1843620,1000208,1000208,1000208,1001302,1.843236607,1.841222728
7,1843818,1000313,1000313,1000312,1001511,1.843242908,1.841036194
7,1843242,1000000,1000000,1000000,1001198,1.843242000,1.841036438
7,1835902,1000365,1000365,996614,1001615,1.842139484,1.832941799
7,1843654,1000208,1000208,1000209,1001354,1.843268757,1.841161068
7,1843865,1000365,1000365,1000313,1001406,1.843288051,1.841276166
7,1843348,1000104,1000104,1000104,1001146,1.843156312,1.841237941
7,1828637,1000209,1000209,983437,1001407,1.859434819,1.826067723
7,1843477,1000157,1000157,1000156,1001093,1.843189462,1.841464280
7,1843232,1000052,1000052,1000000,1000938,1.843232000,1.841504669
7,1843827,1000313,1000313,1000364,1001250,1.843156091,1.841525094
7,1839193,1000208,1000208,997291,1001302,1.844188908,1.836801484
7,1843657,1000209,1000209,1000208,1001093,1.843273599,1.841644083
7,1843601,1000208,1000208,1000209,1001198,1.843215768,1.841395009
7,1843378,1000104,1000104,1000104,1001042,1.843186309,1.841459200
7,1831857,1000208,1000208,987291,1001302,1.855437758,1.829475024
7,1843614,1000261,1000261,1000260,1001146,1.843134785,1.841503637
7,1844242,1000469,1000469,1000521,1001458,1.843281650,1.841557010
7,1843584,1000209,1000209,1000208,1001146,1.843200614,1.841473671
7,1839644,1000313,1000313,997447,1001302,1.844352632,1.837251898
7,1843749,1000313,1000313,1000260,1001198,1.843269750,1.841542832
7,1843919,1000365,1000365,1000364,1001406,1.843248058,1.841330090
7,1843792,1000312,1000312,1000312,1001198,1.843216916,1.841585780
7,1830122,1000416,1000416,988229,1001615,1.851920962,1.827171119
7,1843437,1000104,1000104,1000104,1001146,1.843245302,1.841326839
7,1844021,1000469,1000469,1000417,1001511,1.843252364,1.841238888
7,1843647,1000260,1000260,1000208,1001302,1.843263601,1.841249693
7,1831141,1000209,1000209,973488,1001719,1.881010346,1.827998670
7,1843329,1000053,1000053,1000052,1001198,1.843233152,1.841123334
7,1844147,1000521,1000521,1000677,1001927,1.842899357,1.840600163
7,1843473,1000156,1000156,1000156,1001302,1.843185463,1.841075919
7,1786326,1000261,1000261,932188,1001458,1.916272254,1.783725328
7,1836910,1000573,1000573,1000730,1002135,1.835570034,1.832996552
7,1840403,1000209,1000209,1000208,1001667,1.840020276,1.837340154
7,1844340,1000625,1000625,1000677,1002135,1.843092227,1.840410723
7,1833233,1000156,1000156,990416,1001510,1.850972723,1.830468992
7,1843834,1000312,1000312,1000365,1001511,1.843161246,1.841052170
7,1843656,1000260,1000260,1000208,1001406,1.843272599,1.841067459
7,1843290,1000052,1000052,1000000,1001198,1.843290000,1.841084381
7,1817462,1000104,1000104,972136,1001510,1.869555289,1.814721770
7,1844314,1000573,1000573,1000625,1001615,1.843162024,1.841340236
7,1844055,1000468,1000468,1000469,1001406,1.843190544,1.841465899
7,1843643,1000208,1000208,1000313,1001302,1.843066120,1.841245698
7,2037327,1000312,1000312,983177,1001302,2.072187409,2.034677849
7,2093079,1000157,1000157,1000156,1000989,2.092752531,2.091010990
7,2092644,1000260,1000260,1000313,1001302,2.091989207,2.089922920
7,2103203,1007865,1007865,999792,1008750,2.103640557,2.084959603
7,2087741,1000156,1000156,994635,1001198,2.099002147,2.085242879
7,2093210,1000156,1000156,1000261,1001146,2.092663815,2.090813927
7,2092979,1000105,1000105,1000104,1000989,2.092761353,2.090911089
7,2074028,1000364,1000364,994272,1001302,2.085976473,2.071331127
7,1826161,1000364,1000364,1000469,1001614,1.825304932,1.823218326
7,1843375,1000104,1000104,1000052,1001198,1.843279149,1.841169279
7,1843367,1000104,1000104,1000052,1001042,1.843271150,1.841448211
7,1838162,1000365,1000365,993072,1001302,1.850985628,1.835771825
7,1825693,1000521,1000521,984011,1001667,1.855358324,1.822654635
7,1843808,1000364,1000364,1000312,1001302,1.843232911,1.841410484
7,1843306,1000052,1000052,1000000,1001042,1.843306000,1.841387274
7,1837571,1000469,1000469,982864,1001511,1.869608613,1.834798619
7,1843496,1000156,1000156,1000157,1001198,1.843206617,1.841290134
7,1843244,1000000,1000000,1000052,1000989,1.843148156,1.841422833
7,1843717,1000260,1000260,1000312,1001250,1.843141940,1.841415231
7,1837748,1000104,1000104,991096,1001146,1.854258316,1.835644352
7,1835323,1000312,1000312,994115,1001406,1.846187815,1.832746159
7,1844458,1000677,1000677,1000677,1001563,1.843210147,1.841579611
7,1843832,1000364,1000364,1000313,1001302,1.843255061,1.841434452
7,1839985,1000469,1000469,997709,1001458,1.844210085,1.837306208
7,1843783,1000312,1000312,1000313,1001302,1.843206076,1.841385516
7,1843803,1000312,1000312,1000365,1001302,1.843130257,1.841405490
7,1843920,1000416,1000416,1000365,1001354,1.843247215,1.841426708
7,1836751,1000573,1000573,986718,1001614,1.861475112,1.833791261
7,1839813,1000677,1000677,998229,1001822,1.843077090,1.836466957
7,1832415,1000521,1000521,1000573,1001562,1.831365627,1.829557232
7,1843445,1000156,1000156,1000157,1001041,1.843155625,1.841527969
7,1835812,1000521,1000521,979791,1001563,1.873677141,1.832947104
7,1841775,999948,999948,999948,1000937,1.841870777,1.840050872
7,1843293,1000052,1000052,1000052,1000990,1.843197154,1.841469945
7,1844268,1000625,1000625,1000573,1001458,1.843211840,1.841582972
7,1838069,1000052,1000052,991928,1001094,1.853026631,1.836060350
7,1838520,1000833,1000833,993751,1001979,1.850081157,1.834888755
7,1844261,1000573,1000573,1000625,1001771,1.843109057,1.841000588
7,1844356,1000625,1000625,1000677,1001718,1.843108216,1.841192831
7,1837955,1000104,1000104,996979,1001042,1.843524287,1.836041844
7,1843402,1000104,1000104,1000104,1001146,1.843210306,1.841291880
7,1843644,1000209,1000209,1000260,1001146,1.843164777,1.841533602
7,1843775,1000312,1000312,1000312,1001198,1.843199922,1.841568801
7,1831356,1000312,1000312,985887,1001302,1.857571912,1.828974675
7,1843945,1000365,1000365,1000416,1001406,1.843178238,1.841356053
7,1843809,1000313,1000313,1000416,1001458,1.843042294,1.841124640
7,1843995,1000417,1000417,1000521,1001511,1.843034779,1.841212927
7,1829308,1000678,1000678,978802,1001667,1.868925482,1.826263619
7,2087039,1000209,1000209,1000260,1001146,2.086496511,2.084649991
7,2093343,1000260,1000260,1000313,1001146,2.092687989,2.090946775
7,2092991,1000104,1000104,1000104,1000990,2.092773352,2.090920988
7,2081692,1000313,1000313,985781,1001198,2.111718526,2.079201117
7,2094104,1000625,1000625,1000729,1001719,2.092578510,2.090510413
7,2092110,1000000,1000000,1000000,1000833,2.092110000,2.090368723
7,2093170,1000156,1000156,1000156,1000937,2.092843516,2.091210536
7,2088793,1000000,1000000,995885,1000885,2.097423899,2.086946053
7,2092923,1000052,1000052,1000053,1000833,2.092812081,2.091181046
7,2092937,1000052,1000052,1000052,1000833,2.092828173,2.091195035
7,2093620,1000365,1000365,1000365,1001198,2.092856108,2.091114844
7,2075797,1000573,1000573,983385,1001511,2.110869090,2.072665203
7,2085477,1000312,1000312,1000313,1001093,2.084824450,2.083200062
7,1826219,999948,999948,999687,1001302,1.826790786,1.823844355
7,1843481,1000156,1000156,1000156,1000990,1.843193462,1.841657759
7,1809476,1000417,1000417,960991,1001459,1.882927103,1.806839821
7,1844190,1000521,1000521,1000520,1001562,1.843231520,1.841313868
7,1843908,1000417,1000417,1000364,1001302,1.843237062,1.841510354
7,1843335,1000104,1000104,1000052,1000990,1.843239152,1.841511903
7,1832033,1000208,1000208,988230,1001197,1.853852848,1.829842678
7,1843550,1000156,1000156,1000209,1001302,1.843164779,1.841152819
7,1843957,1000417,1000417,1000416,1001771,1.843190233,1.840697125
7,1843132,1000312,1000312,1000313,1001459,1.842555280,1.840446788
7,1836293,1000573,1000573,990729,1001666,1.853476581,1.833238824
7,1843667,1000260,1000260,1000261,1001562,1.843185928,1.840791683
7,1843462,1000157,1000157,1000156,1001250,1.843174465,1.841160549
7,1843217,1000209,1000209,1000208,1001302,1.842833691,1.840820252
7,1811230,1000313,1000313,967916,1001458,1.871267755,1.808593071
7,1844079,1000468,1000468,1000521,1001667,1.843118735,1.841010036
7,1843114,999948,999948,999948,1001354,1.843209847,1.840621798
7,1843659,1000209,1000209,1000208,1001354,1.843275599,1.841166061
7,1836733,1000261,1000261,981563,1001615,1.871232921,1.833771459
7,1841499,1000052,1000052,1000104,1001146,1.841307504,1.839391058
7,1843217,1000000,1000000,1000000,1001198,1.843217000,1.841011468
7,1843852,1000469,1000469,1000417,1001615,1.843083434,1.840878980
7,1829430,1000312,1000312,984375,1001459,1.858468571,1.826764750
7,1842979,1000104,1000104,1000052,1001042,1.842883170,1.841060615
7,1844168,1000521,1000521,1000573,1001458,1.843111897,1.841483118
7,1843861,1000468,1000468,1000417,1001407,1.843092430,1.841270333
7,1839600,1000521,1000521,997812,1001510,1.843633871,1.836826392
7,1843158,1000208,1000208,1000156,1001042,1.842870512,1.841239429
7,1842944,1000052,1000052,1000104,1001042,1.842752354,1.841025651
7,1842834,1000104,1000104,1000104,1001042,1.842642365,1.840915766
7,1832788,1000208,1000208,986771,1001198,1.857359002,1.830594947
7,1843143,1000052,1000052,1000104,1000990,1.842951333,1.841320093
7,1843170,1000313,1000313,1000260,1001146,1.842690900,1.841060145
7,1844095,1000469,1000469,1000469,1001354,1.843230525,1.841601472
7,1836038,1000104,1000104,983959,1001197,1.865970025,1.833842890
7,1844064,1000468,1000468,1000417,1001354,1.843295346,1.841570514
7,1844012,1000416,1000416,1000469,1001302,1.843147564,1.841614218
7,1843870,1000416,1000416,1000365,1001302,1.843197233,1.841472403
7,1833557,1000573,1000573,987657,1001823,1.856471427,1.830220508
7,1842827,999896,999896,999895,1001042,1.843020517,1.840908773
7,1843588,1000209,1000209,1000208,1001250,1.843204613,1.841286392
7,1843405,1000104,1000104,1000052,1001302,1.843309148,1.841008008
7,1838263,1000521,1000521,994167,1001614,1.849048500,1.835300824
7,1843714,1000521,1000521,1000469,1001719,1.842849703,1.840550094
7,1843747,1000313,1000313,1000312,1001354,1.843171930,1.841253942
7,1843310,1000052,1000052,1000104,1001094,1.843118316,1.841295623
7,1825158,1000260,1000260,982761,1001511,1.857173819,1.822404347
7,1843658,1000365,1000365,1000312,1001458,1.843082958,1.840973860
7,1843330,1000052,1000052,1000052,1000990,1.843234152,1.841506908
7,1843800,1000416,1000416,1000521,1001459,1.842839880,1.841113815
7,1835879,1000260,1000260,983595,1001302,1.866498915,1.833491794
7,1843306,1000261,1000261,1000260,1001198,1.842826865,1.841100362
7,1844022,1000417,1000417,1000469,1001302,1.843157559,1.841624205
7,1843280,1000052,1000052,1000000,1000989,1.843280000,1.841458797
7,1826317,1000261,1000261,988489,1001458,1.847584546,1.823658106
7,1843460,1000260,1000260,1000209,1001302,1.843074797,1.841062936
7,1843034,1000104,1000104,1000105,1001146,1.842840502,1.840924301
7,1843497,1000209,1000209,1000156,1001198,1.843209459,1.841291133
7,1835578,1000521,1000521,985626,1001666,1.862347381,1.832525013
7,1843638,1000469,1000469,1000469,1001667,1.842773739,1.840569770
7,1843982,1000469,1000469,1000417,1001458,1.843213380,1.841297388
7,1843184,1000260,1000260,1000313,1001354,1.842607264,1.840691703
7,1825713,1000260,1000260,984844,1001615,1.853809334,1.822769228
7,1844104,1000521,1000521,1000417,1001510,1.843335329,1.841323601
7,1843015,1000000,1000000,999948,1000990,1.843110842,1.841192220
7,1843501,1000365,1000365,1000364,1001406,1.842830210,1.840912677
7,1835009,1000625,1000625,984167,1001771,1.864530105,1.831764944
7,1843602,1000208,1000208,1000209,1001406,1.843216768,1.841013535
7,1843289,1000052,1000052,1000052,1001146,1.843193154,1.841179009
7,1843653,1000260,1000260,1000261,1001354,1.843171932,1.841160069
7,1827273,1000364,1000364,983543,1001875,1.857847598,1.823853275
7,1844034,1000469,1000469,1000468,1001563,1.843171396,1.841156273
7,1843908,1000469,1000469,1000469,1001875,1.843043613,1.840457143
7,1843757,1000521,1000521,1000469,1001614,1.842892683,1.840785971
7,1836564,1000573,1000573,992864,1001823,1.849763915,1.833222036
7,1843946,1000416,1000416,1000365,1001511,1.843273205,1.841164001
7,1843295,1000156,1000156,1000156,1001614,1.843007491,1.840324716
7,1842993,1000208,1000208,1000209,1001354,1.842607895,1.840500962
7,1828825,1000364,1000364,983958,1001823,1.858641324,1.825497119
7,1843951,1000416,1000416,1000365,1001823,1.843278203,1.840595594
7,1844000,1000416,1000416,1000417,1001563,1.843231373,1.841122326
7,1843763,1000313,1000313,1000364,1001407,1.843092114,1.841172470
7,1835091,1000313,1000313,983074,1001562,1.866686536,1.832229058
7,1843525,1000156,1000156,1000157,1001302,1.843235612,1.841127852
7,1843953,1000417,1000417,1000364,1001510,1.843282045,1.841172829
7,1843317,1000156,1000156,1000156,1001406,1.843029487,1.840728935
7,1804387,1000312,1000312,959479,1001458,1.880590404,1.801760034
7,1843318,1000157,1000157,1000104,1001510,1.843126315,1.840538786
7,1842877,1000000,1000000,1000000,1001302,1.842877000,1.840480694
7,1843494,1000260,1000260,1000260,1001250,1.843014816,1.841192509
7,1837351,1000469,1000469,994114,1001614,1.848229680,1.834390294
7,1844074,1000468,1000468,1000469,1001510,1.843209535,1.841293647
7,1842864,1000000,1000000,1000052,1001250,1.842768176,1.840563296
7,1843084,1000208,1000208,1000260,1001302,1.842604923,1.840687425
7,1830113,1000365,1000365,982082,1001614,1.863503251,1.827163957
7,1843655,1000260,1000260,1000260,1001250,1.843175774,1.841353308
7,1843153,999948,999948,1000000,1000885,1.843153000,1.841523252
7,1843179,1000000,1000000,1000000,1000937,1.843179000,1.841453558
7,1836047,1000625,1000625,982031,1001667,1.869642608,1.832991403
7,1843677,1000313,1000313,1000312,1001406,1.843101952,1.841088430
7,1843195,999948,999948,1000000,1000885,1.843195000,1.841565215
7,1843964,1000416,1000416,1000417,1001355,1.843195388,1.841468810
7,1828100,1000364,1000364,986667,1003177,1.852803428,1.822310519
7,1843532,1000105,1000105,1000104,1001146,1.843340293,1.841421731
7,1843441,1000105,1000105,1000156,1001146,1.843153468,1.841330835
7,1843428,1000104,1000104,1000156,1001145,1.843140470,1.841319689
7,1838280,1000052,1000052,996459,1001198,1.844812481,1.836080376
7,1843408,1000156,1000156,1000104,1001146,1.843216306,1.841297873
7,1843680,1000261,1000261,1000208,1001302,1.843296594,1.841282650
7,1843037,1000052,1000052,1000000,1001093,1.843037000,1.841024760
7,1802778,1000260,1000260,964375,1001406,1.869374465,1.800246853
7,1843842,1000468,1000468,1000417,1001771,1.843073438,1.840582329
7,1842981,1000000,1000000,999948,1001041,1.843076840,1.841064452
7,1843675,1000260,1000260,1000261,1001511,1.843193926,1.840893410
7,1835128,1000208,1000208,983646,1001407,1.865638655,1.832549603
7,1843664,1000365,1000365,1000312,1001458,1.843088956,1.840979851
7,1843527,1000208,1000208,1000209,1001302,1.843141783,1.841129849
7,1843201,1000000,1000000,1000000,1001146,1.843201000,1.841091110
7,1828234,1000105,1000105,982031,1001614,1.861686647,1.825287985
7,1843562,1000313,1000313,1000260,1001511,1.843082798,1.840780581
7,1843438,1000208,1000208,1000208,1001354,1.843054645,1.840945360
7,1843198,1000000,1000000,1000000,1001146,1.843198000,1.841088113
7,1836212,1000209,1000209,995728,1001406,1.844089952,1.833633911
7,1843546,1000260,1000260,1000261,1001667,1.843064960,1.840477923
7,1843577,1000209,1000209,1000156,1001302,1.843289447,1.841179784
7,1843817,1000313,1000313,1000313,1001406,1.843240066,1.841228233
7,1794833,1000520,1000520,959324,1002083,1.870935159,1.791102134
7,1843906,1000520,1000520,1000469,1001666,1.843041613,1.840839162
7,1843966,1000469,1000469,1000521,1001666,1.843005794,1.840899062
7,1843060,1000000,1000000,1000000,1001146,1.843060000,1.840950271
7,1824452,1000208,1000208,993386,1001510,1.836599268,1.821701231
7,1843252,1000260,1000260,1000209,1001198,1.842866841,1.841046426
7,1843475,1000468,1000468,1000469,1001719,1.842610816,1.840311505
7,1843710,1000521,1000521,1000469,1001666,1.842845705,1.840643488
7,1829712,1000208,1000208,984324,1001458,1.858851354,1.827048164
7,1843545,1000364,1000364,1000365,1001510,1.842872352,1.840765444
7,1843147,1000052,1000052,1000052,1001094,1.843051161,1.841132801
7,1843465,1000156,1000156,1000104,1001198,1.843273300,1.841259172
7,1835577,1000521,1000521,991562,1001823,1.851197404,1.832236832
7,1843495,1000156,1000156,1000157,1001406,1.843205617,1.840906685
7,1843442,1000156,1000156,1000105,1001146,1.843248459,1.841331834
7,1843111,1000208,1000208,1000260,1001250,1.842631916,1.840809988
7,1829467,1000365,1000365,986041,1001666,1.855366055,1.826424177
7,1843694,1000260,1000260,1000260,1001511,1.843214764,1.840912381
7,1843697,1000365,1000365,1000364,1001406,1.843026138,1.841108402
7,1843725,1000261,1000261,1000312,1001302,1.843149937,1.841327591
7,1834772,1000313,1000313,981457,1001459,1.869436970,1.832098968
7,1843586,1000312,1000312,1000261,1001615,1.843104950,1.840613409
7,1843490,1000261,1000261,1000260,1001303,1.843010817,1.841091058
7,1843982,1000417,1000417,1000416,1001459,1.843215222,1.841295550
7,1826481,1000521,1000521,981927,1001875,1.860098561,1.823062757
7,1843355,1000052,1000052,1000157,1001250,1.843065639,1.841053683
7,1842977,999948,999948,999948,1001042,1.843072840,1.841058617
7,1843776,1000313,1000313,1000312,1001562,1.843200921,1.840900513
7,1837170,1000052,1000052,996093,1001146,1.844375977,1.835067013
7,1843819,1000417,1000417,1000469,1001458,1.842954654,1.841134626
7,1843209,1000000,1000000,1000000,1001094,1.843209000,1.841194733
7,1843125,1000104,1000104,1000052,1001094,1.843029162,1.841110825
7,1828873,1000260,1000260,984897,1001615,1.856918033,1.825924133
7,1842994,999948,999948,1000000,1001041,1.842994000,1.841077438
7,1843487,1000157,1000157,1000156,1001146,1.843199461,1.841376782
7,1843455,1000104,1000104,1000156,1001146,1.843167466,1.841344819
7,1811178,991093,991093,966198,1001458,1.874541243,1.808541147
7,1843538,1000209,1000209,1000208,1001354,1.843154624,1.841045225
7,1843829,1000313,1000313,1000365,1001614,1.843156248,1.840857855
7,1843706,1000260,1000260,1000261,1001302,1.843224918,1.841308616
7,1826486,1000208,1000208,976770,1001458,1.869924342,1.823826860
7,1843377,1000209,1000209,1000104,1001250,1.843185309,1.841075655
7,1843825,1000365,1000365,1000312,1001354,1.843249906,1.841331837
7,1843990,1000417,1000417,1000416,1001459,1.843223219,1.841303538
7,1838980,1000573,1000573,996406,1001615,1.845613134,1.836014836
7,1843824,1000364,1000364,1000313,1001406,1.843247064,1.841235223
7,1843995,1000417,1000417,1000417,1001458,1.843226375,1.841310369
7,1843141,1000104,1000104,1000052,1001198,1.843045162,1.840935559
7,1825779,1000416,1000416,983021,1001562,1.857314340,1.822931581
7,1843049,1000000,1000000,1000000,1001145,1.843049000,1.840941122
7,1843460,1000156,1000156,1000157,1001094,1.843170622,1.841445459
7,1843370,1000313,1000313,1000260,1001198,1.842890848,1.841164285
7,1834990,1000365,1000365,982657,1001510,1.867375900,1.832223343
7,1842739,999948,999948,999947,1000990,1.842836670,1.840916493
7,1844455,1000677,1000677,1000833,1002031,1.842919848,1.840716505
7,1842957,1000208,1000208,1000208,1001354,1.842573745,1.840465010
7,1774106,1000417,1000417,941458,1001980,1.884423947,1.770600212
7,1839831,1000573,1000573,1000625,1001823,1.838681824,1.836483091
7,1843717,1000313,1000313,1000260,1001459,1.843237758,1.841030936
7,1843393,1000104,1000104,1000104,1001406,1.843201307,1.840804828
7,1836065,1000104,1000104,990989,1001406,1.852760222,1.833487117
7,1843989,1000417,1000417,1000364,1001458,1.843318032,1.841304378
7,1843990,1000417,1000417,1000417,1001511,1.843221377,1.841207935
7,1843824,1000313,1000313,1000313,1001407,1.843247064,1.841233385
7,1817433,1000416,1000416,972708,1001718,1.868426085,1.814316005
7,1843344,1000052,1000052,1000052,1001042,1.843248151,1.841425235
7,1844514,1000729,1000729,1000834,1001771,1.842976957,1.841253141
7,1843482,1000468,1000468,1000521,1001562,1.842522046,1.840606972
7,1961874,1000677,1000677,980469,1001823,2.000954645,1.958304012
7,2093285,1000208,1000208,1000209,1001094,2.092847595,2.090997449
7,2093164,1000157,1000157,1000156,1000989,2.092837517,2.091095906
7,2093651,1000364,1000364,1000417,1001250,2.092778311,2.091037203
7,2080302,1000469,1000469,986613,1001563,2.108528876,2.077055562
7,2093495,1000312,1000312,1000365,1001250,2.092731153,2.090881398
7,2093637,1000417,1000417,1000468,1001459,2.092657636,2.090586834
7,2091397,1000052,1000052,1000052,1000886,2.091288253,2.089545663
7,2088622,1000260,1000260,995885,1001146,2.097252193,2.086231179
7,2092841,1000000,1000000,1000000,1000885,2.092841000,2.090990473
7,2093494,1000312,1000312,1000365,1001250,2.092730153,2.090880400
7,2093508,1000365,1000365,1000312,1001250,2.092855029,2.090894382
7,2080244,1000156,1000156,988125,1001146,2.105243770,2.077862769
7,2093353,1000260,1000260,1000260,1001094,2.092808870,2.091065374
7,2092744,1000000,1000000,1000000,1000781,2.092744000,2.091110842
7,1825220,1000365,1000365,1000364,1001250,1.824555862,1.822941323
7,1837536,1000313,1000313,985052,1001355,1.865420303,1.835049508
7,1843331,1000053,1000053,1000052,1000989,1.843235152,1.841509747
7,1843323,1000052,1000052,1000053,1001042,1.843225309,1.841404257
7,1844271,1000572,1000572,1000625,1001458,1.843119051,1.841585968
7,1832476,1000573,1000573,988959,1001667,1.852934247,1.829426346
7,1844146,1000521,1000521,1000521,1001458,1.843185700,1.841461150
7,1843478,1000156,1000156,1000156,1001042,1.843190462,1.841559095
7,1843419,1000104,1000104,1000104,1000989,1.843227304,1.841597660
7,1839120,1000260,1000260,997239,1001354,1.844211869,1.836633199
7,1843442,1000104,1000104,1000104,1000990,1.843250302,1.841618797
7,1843321,1000052,1000052,1000000,1000989,1.843321000,1.841499757
7,1843168,1000000,1000000,1000000,1000938,1.843168000,1.841440729
7,1831326,1000781,1000781,985520,1001927,1.858233217,1.827803822
7,1843334,1000052,1000052,1000052,1001146,1.843238152,1.841223957
7,1843642,1000261,1000261,1000208,1001198,1.843258602,1.841435960
7,1843220,1000000,1000000,1000000,1000938,1.843220000,1.841492680
7,1834647,1000469,1000469,980520,1001666,1.871095949,1.831595562
7,1843665,1000261,1000261,1000260,1001250,1.843185772,1.841363296
7,1843857,1000313,1000313,1000364,1001354,1.843186080,1.841363793
7,1843313,1000052,1000052,1000052,1001094,1.843217153,1.841298619
7,1832870,1000364,1000364,988750,1001510,1.853724399,1.830106539
7,1843229,1000000,1000000,1000052,1000938,1.843133157,1.841501671
7,1843847,1000365,1000365,1000313,1001302,1.843270056,1.841449433
7,1843965,1000417,1000417,1000417,1001407,1.843196387,1.841374187
7,1839879,1000625,1000625,997656,1001666,1.844201809,1.836818860
7,1833387,1000729,1000729,1000781,1001771,1.831956242,1.830145812
7,1843557,1000521,1000521,1000572,1001667,1.842503088,1.840488905
7,1843946,1000365,1000365,1000417,1001407,1.843177395,1.841355213
7,1830444,1000521,1000521,986093,1001666,1.856258994,1.827399552
7,1841914,1000000,1000000,1000052,1001093,1.841818225,1.839902986
7,1843416,1000156,1000156,1000104,1001094,1.843224305,1.841401507
7,1843802,1000364,1000364,1000313,1001302,1.843225071,1.841404491
7,1992642,1000416,1000416,979896,1001510,2.033523966,1.989637647
7,2093990,1000573,1000573,1000625,1001667,2.092682074,2.090505128
7,2091651,1000157,1000157,1000156,1001042,2.091324753,2.089473768
7,2093825,1000520,1000520,1000521,1001458,2.092734685,2.090776648
7,2081812,1000364,1000364,984167,1001406,2.115303602,2.078889082
7,2092891,1000052,1000052,1000000,1000937,2.092891000,2.090931797
7,2092990,1000052,1000052,1000052,1000886,2.092881170,2.091137252
7,2093684,1000417,1000417,1000416,1001302,2.092813390,2.090961568
7,2087625,1000052,1000052,997188,1001042,2.093511956,2.085451959
7,2020909,1000365,1000365,1000365,1001250,2.020171637,2.018386017
7,1839202,1000312,1000312,1000313,1001303,1.838626510,1.836808638
7,1843265,1000052,1000052,1000000,1000990,1.843265000,1.841441972
7,1827815,1000677,1000677,984688,1001823,1.856237712,1.824488957
7,1843685,1000261,1000261,1000208,1001250,1.843301593,1.841383271
7,1843446,1000104,1000104,1000156,1001146,1.843158467,1.841335829
7,1843307,1000104,1000104,1000052,1000989,1.843211153,1.841485771
7,1828020,1000417,1000417,968594,1001563,1.887292302,1.825167264
7,1842126,1000156,1000156,1000157,1001146,1.841836832,1.840017340
7,1843435,1000156,1000156,1000157,1001093,1.843145626,1.841422325
7,1843979,1000417,1000417,1000417,1001355,1.843210381,1.841483789
7,1831231,1000261,1000261,985468,1001407,1.858234869,1.828658078
7,1843348,1000104,1000104,1000052,1001094,1.843252151,1.841333581
7,1843301,1000053,1000053,1000104,1001042,1.843109317,1.841382280
7,1843801,1000313,1000313,1000364,1001302,1.843130101,1.841403493
7,1838289,1000677,1000677,998125,1001771,1.841742267,1.835039146
7,1830411,1000468,1000468,1000521,1001562,1.829457852,1.827556357
7,1843116,1000312,1000312,1000364,1001354,1.842445350,1.840623795
7,1843545,1000208,1000208,1000156,1001146,1.843257452,1.841434716
7,1833897,1000573,1000573,985989,1001666,1.859956856,1.830846809
7,1843320,1000052,1000052,1000052,1000989,1.843224152,1.841498758
7,1844091,1000521,1000521,1000468,1001458,1.843228369,1.841406230
7,1843648,1000261,1000261,1000208,1001198,1.843264601,1.841441953
7,2012164,1000313,1000313,977655,1001562,2.058153439,2.009025902
7,2092949,1000052,1000052,1000052,1000989,2.092840172,2.090881119
7,2091655,1000104,1000104,1000104,1001041,2.091437491,2.089479851
7,2093349,1000261,1000261,1000312,1001094,2.092696079,2.091061379
7,2078194,1000521,1000521,984583,1001511,2.110735205,2.075058586
7,2092654,999948,999948,999948,1000833,2.092762824,2.090912270
7,2093066,1000104,1000104,1000105,1000989,2.092846251,2.090998003
7,2093366,1000261,1000261,1000260,1001094,2.092821866,2.091078360
7,2086090,1000261,1000261,990989,1001303,2.105058684,2.083375362
7,1974363,1000104,1000104,1000156,1000938,1.974055047,1.972512783
7,1841179,1000312,1000312,1000313,1001198,1.840602891,1.838975907
7,1844154,1000521,1000521,1000521,1001407,1.843193696,1.841562921
7,1829120,1000364,1000364,981250,1001615,1.864071338,1.826170734
7,1842127,1000364,1000364,1000365,1001667,1.841454869,1.839061285
7,1843455,1000365,1000365,1000364,1001406,1.842784227,1.840866741
7,1843312,1000156,1000156,1000156,1001146,1.843024488,1.841201983
7,1832898,1000416,1000416,974637,1001822,1.880595545,1.829564533
7,1843315,1000052,1000052,1000000,1001510,1.843315000,1.840535791
7,1843214,1000105,1000105,1000104,1001250,1.843022326,1.840912859
7,1842993,999948,999948,1000000,1001094,1.842993000,1.840978969
7,1826447,1000521,1000521,978542,1002031,1.866498321,1.822745005
7,1843197,1000104,1000104,1000104,1001250,1.843005327,1.840895880
7,1843215,1000000,1000000,999948,1001302,1.843310852,1.840818255
7,1843115,1000156,1000156,1000156,1001563,1.842827519,1.840238707
7,1833563,1000469,1000469,986978,1001979,1.857754681,1.829941546
7,1843073,1000000,1000000,1000000,1001094,1.843073000,1.841058882
7,1843740,1000260,1000260,1000312,1001458,1.843164933,1.841055741
7,1843793,1000417,1000417,1000416,1001562,1.843026301,1.840917487
7,1825949,1000730,1000730,980782,1002240,1.861727683,1.821868016
7,1843023,1000000,1000000,999948,1001198,1.843118842,1.840817700
7,1843576,1000312,1000312,1000313,1001406,1.842999141,1.840987571
7,1843460,1000156,1000156,1000156,1001250,1.843172465,1.841158552
7,1836844,1000572,1000572,979843,1002136,1.874630936,1.832928864
7,1843848,1000365,1000365,1000261,1001823,1.843366881,1.840492782
7,1843354,1000209,1000209,1000208,1001354,1.842970662,1.840861474
7,1843114,1000052,1000052,1000052,1001094,1.843018163,1.841099837
7,1811218,1000469,1000469,963852,1001614,1.879145346,1.808299405
7,1843731,1000313,1000313,1000312,1001458,1.843155935,1.841046754
7,1843719,1000313,1000313,1000260,1001406,1.843239758,1.841130371
7,1849354,1007865,1007865,1003021,1009063,1.843783929,1.832743843
7,1843763,1000521,1000521,1000521,1001615,1.842802900,1.840790124
7,1843733,1000261,1000261,1000312,1001354,1.843157935,1.841239961
7,1843872,1000365,1000365,1000365,1001458,1.843199232,1.841187549
7,1836697,1000573,1000573,991406,1001771,1.852618403,1.833449960
7,1804482,1000364,1000364,968230,1001563,1.863691478,1.801665996
7,1843075,1000156,1000156,1000157,1001354,1.842785683,1.840582851
7,1843236,1000052,1000052,1000052,1001146,1.843140157,1.841126070
7,1835678,1000573,1000573,984844,1001771,1.863927688,1.832432762
7,1843189,1000105,1000105,1000104,1001146,1.842997328,1.841079123
7,1843340,1000365,1000365,1000364,1001406,1.842669268,1.840751903
7,1843800,1000469,1000469,1000416,1001458,1.843033298,1.841115653
7,1834081,1000521,1000521,987344,1001667,1.857590667,1.831028675
7,1837230,1000052,1000052,995000,1001354,1.846462312,1.834745754
7,1843644,1000209,1000209,1000260,1001406,1.843164777,1.841055476
7,1843821,1000416,1000416,1000417,1001459,1.843052447,1.841134784
7,1837791,1000260,1000260,996719,1001303,1.843840641,1.835399474
7,1843908,1000364,1000364,1000417,1001354,1.843139411,1.841414724
7,1843800,1000312,1000312,1000313,1001302,1.843223071,1.841402494
7,1843892,1000416,1000416,1000417,1001355,1.843123418,1.841396907
7,1834599,1000000,1000000,989792,1001094,1.853519729,1.832594142
7,1824000,1000573,1000573,984427,1001667,1.852854503,1.820964452
7,1843190,1000104,1000104,1000052,1001093,1.843094159,1.841177593
7,1843299,1000417,1000417,1000417,1001458,1.842530665,1.840615383
7,1836912,1000104,1000104,985312,1001198,1.864294761,1.834714013
7,1843621,1000208,1000208,1000209,1001355,1.843235764,1.841126274
7,1843364,1000104,1000104,1000104,1001042,1.843172310,1.841445214
7,1843900,1000365,1000365,1000364,1001302,1.843229065,1.841502364
7,1837086,1000208,1000208,992343,1001198,1.851261106,1.834887804
7,1835868,1000208,1000208,994374,1001458,1.846255031,1.833195201
7,1843170,1000000,1000000,1000000,1001042,1.843170000,1.841251416
7,1843909,1000365,1000365,1000364,1001458,1.843238061,1.841224495
7,1837659,1000365,1000365,996927,1001510,1.843323533,1.834888319
7,1843255,1000052,1000052,1000000,1001042,1.843255000,1.841336328
7,1843634,1000209,1000209,1000208,1001250,1.843250604,1.841332335
7,1844079,1000469,1000469,1000468,1001562,1.843216375,1.841203041
7,1835396,1003959,1003959,988490,1005052,1.856767393,1.826170188
7,1843974,1000417,1000417,1000417,1001667,1.843205383,1.840905211
7,1843937,1000417,1000417,1000364,1001406,1.843266051,1.841348065
7,1843466,1000156,1000156,1000104,1001198,1.843274299,1.841260170
7,1838209,1000417,1000417,986251,1001667,1.863834866,1.835149805
7,1844017,1000416,1000416,1000469,1001563,1.843152561,1.841139299
7,1843270,1000052,1000052,1000052,1001146,1.843174155,1.841160031
7,1844079,1000469,1000469,1000468,1001563,1.843216375,1.841201203
7,1826423,1000469,1000469,983855,1001666,1.856394489,1.823385240
7,1844057,1000417,1000417,1000417,1001719,1.843288349,1.840892506
7,1843738,1000260,1000260,1000260,1001407,1.843258753,1.841147505
7,1844155,1000521,1000521,1000521,1001614,1.843194696,1.841183330
7,1836796,1000208,1000208,995678,1001354,1.844769092,1.834312341
7,1843174,1000000,1000000,1000000,1001093,1.843174000,1.841161610
7,1844108,1000468,1000468,1000469,1001615,1.843243519,1.841134568
7,1843760,1000313,1000313,1000260,1001458,1.843280747,1.841075712
7,1827819,1000261,1000261,983073,1001354,1.859291223,1.825347480
7,1844055,1000468,1000468,1000521,1001615,1.843094748,1.841081653
7,1843498,1000156,1000156,1000156,1001250,1.843210459,1.841196504
7,1843584,1000208,1000208,1000209,1001198,1.843198771,1.841378029
7,1834802,1000261,1000261,981771,1001510,1.868869624,1.832035626
7,1843978,1000417,1000417,1000416,1001510,1.843211224,1.841197791
7,1843874,1000365,1000365,1000365,1001406,1.843201232,1.841285153
7,1843660,1000260,1000260,1000260,1001250,1.843180773,1.841358302
7,1824994,1000261,1000261,981978,1001406,1.858487665,1.822431661
7,1843500,1000208,1000208,1000157,1001302,1.843210616,1.841102884
7,1843819,1000364,1000364,1000313,1001302,1.843242065,1.841421469
7,1844175,1000520,1000520,1000521,1001459,1.843214685,1.841488269
7,1837706,1000208,1000208,996667,1001250,1.843851557,1.835411735
7,1843827,1000312,1000312,1000365,1001250,1.843154249,1.841525094
7,1843365,1000052,1000052,1000104,1001146,1.843173310,1.841254922
7,1843354,1000052,1000052,1000104,1000989,1.843162311,1.841532724
7,1827395,1000521,1000521,985938,1001667,1.853458331,1.824353802
7,1843391,1000104,1000104,1000104,1001146,1.843199307,1.841280892
7,1843406,1000104,1000104,1000105,1001146,1.843212463,1.841295875
7,1843242,1000053,1000053,1000000,1001042,1.843242000,1.841323341
7,1835415,1000156,1000156,984687,1001355,1.863957786,1.832931378
7,1843739,1000261,1000261,1000312,1001406,1.843163933,1.841150343
7,1843982,1000416,1000416,1000417,1001563,1.843213380,1.841104354
7,1843651,1000208,1000208,1000208,1001355,1.843267600,1.841156233
7,1830939,1000729,1000729,980156,1002031,1.868007746,1.827227900
7,1843547,1000209,1000209,1000208,1001667,1.843163622,1.840478922
7,1843478,1000156,1000156,1000157,1001302,1.843188619,1.841080913
7,1843581,1000208,1000208,1000209,1001302,1.843195772,1.841183779
7,1834619,1000364,1000364,995781,1001615,1.842392052,1.831660868
7,1843203,1000000,1000000,1000000,1001093,1.843203000,1.841190579
7,1843899,1000365,1000365,1000364,1001511,1.843228065,1.841117072
7,1843921,1000417,1000417,1000365,1001510,1.843248214,1.841140877
7,1828501,1000208,1000208,983595,1001614,1.858997860,1.825554555
7,1843342,1000052,1000052,1000156,1001354,1.843054484,1.840849490
7,1843198,1000000,1000000,999948,1001146,1.843293851,1.841088113
7,1843332,1000105,1000105,1000104,1001198,1.843140313,1.841126331
7,1834421,1000521,1000521,983333,1001718,1.865513514,1.831274870
7,1843286,1000052,1000052,1000052,1001250,1.843190154,1.840984769
7,1843159,999948,999948,999896,1001094,1.843350708,1.841144788
7,1843779,1000312,1000312,1000313,1001406,1.843202078,1.841190286
7,1829171,1000104,1000104,976876,1001458,1.872469996,1.826507951
7,1843528,1000208,1000208,1000157,1001510,1.843238612,1.840748470
7,1843275,1000000,1000000,1000052,1001146,1.843179155,1.841165025
7,1843621,1000260,1000260,1000261,1001354,1.843139940,1.841128113
7,1835650,1000208,1000208,995573,1001406,1.843812558,1.833072700
7,1843865,1000365,1000365,1000364,1001771,1.843194077,1.840605288
7,1844053,1000468,1000468,1000417,1001562,1.843284350,1.841177081
7,1843367,1000052,1000052,1000104,1001250,1.843175310,1.841065668
7,1801660,1000313,1000313,962030,1001459,1.872769040,1.799035208
7,1843213,1000052,1000052,1000000,1001198,1.843213000,1.841007473
7,1843934,1000365,1000365,1000364,1001458,1.843263052,1.841249458
7,1843395,1000105,1000105,1000104,1001198,1.843203307,1.841189255
7,1833692,1000365,1000365,983906,1001511,1.863686165,1.830925472
7,1843794,1000312,1000312,1000313,1001354,1.843217073,1.841300879
7,1843698,1000260,1000260,1000261,1001302,1.843216920,1.841300627
7,1843689,1000261,1000261,1000260,1001562,1.843209765,1.840813649
7,1830021,1000156,1000156,982762,1001458,1.862120228,1.827356714
7,1843986,1000417,1000417,1000416,1001458,1.843219221,1.841301383
7,1839131,1000521,1000521,999323,1001510,1.840376935,1.836358099
7,1834208,1000208,1000208,1000209,1001198,1.833824731,1.832013248
7,1835296,1000469,1000469,994845,1001510,1.844805975,1.832528881
7,1843253,1000052,1000052,1000052,1000938,1.843157156,1.841525649
7,1843792,1000365,1000365,1000416,1001510,1.843025301,1.841012072
7,1843658,1000261,1000261,1000260,1001302,1.843178774,1.841260679
7,1829706,1000469,1000469,979011,1001562,1.868933035,1.826852456
7,1843792,1000312,1000312,1000313,1001614,1.843215074,1.840820915
7,1841583,1000104,1000104,1000105,1001406,1.841389654,1.838997370
7,1843786,1000312,1000312,1000313,1001406,1.843209076,1.841197277
7,1857642,1000573,1000573,964479,1001875,1.926057488,1.854165440
7,2091491,1000365,1000365,1000312,1001511,2.090838658,2.088335525
7,2094117,1000625,1000625,1000781,1002084,2.092482771,2.089761936
7,2092191,1000052,1000052,1000000,1001094,2.092191000,2.089904644
7,2077310,1000416,1000416,981563,1001719,2.116328753,2.073745232
7,2092476,999896,999896,999792,1000937,2.092911326,2.090517185
7,2093550,1000364,1000364,1000365,1001250,2.092786133,2.090936330
7,2093287,1000261,1000261,1000208,1001041,2.092851687,2.091110154
7,2087412,1000156,1000156,995052,1000990,2.097791874,2.085347506
7,2093671,1000417,1000417,1000417,1001459,2.092798303,2.090620784
7,2092824,1000000,1000000,1000000,1000990,2.092824000,2.090754153
7,1989317,1000156,1000156,1000156,1001041,1.989006715,1.987248275
7,1828639,1000416,1000416,984114,1001562,1.858157693,1.825787121
7,1844173,1000520,1000520,1000573,1001614,1.843116894,1.841201301
7,1843403,1000104,1000104,1000105,1001146,1.843209463,1.841292878
7,1844068,1000469,1000469,1000469,1001406,1.843203538,1.841478881
7,1838648,1000520,1000520,986198,1001667,1.864380175,1.835588075
7,1843844,1000365,1000365,1000364,1001198,1.843173085,1.841637718
7,1843975,1000417,1000417,1000416,1001250,1.843208225,1.841672909
7,1843968,1000417,1000417,1000416,1001407,1.843201228,1.841377182
7,1831227,1000677,1000677,987134,1001823,1.855094648,1.827894748
7,1843882,1000364,1000364,1000365,1001302,1.843209229,1.841484387
7,1843880,1000365,1000365,1000365,1001302,1.843207229,1.841482390
7,1843941,1000417,1000417,1000416,1001302,1.843174240,1.841543311
7,1837912,1000156,1000156,997499,1001041,1.842520143,1.836000723
7,1842186,1000208,1000208,1000157,1001042,1.841896822,1.840268440
7,1843546,1000209,1000209,1000156,1001094,1.843258452,1.841531365
7,1843164,1000000,1000000,999948,1000834,1.843259850,1.841628082
7,1828491,1000261,1000261,986251,1001302,1.853981390,1.826113400
7,1844174,1000521,1000521,1000521,1001666,1.843213686,1.841106716
7,1844048,1000417,1000417,1000416,1001875,1.843281195,1.840596881
7,1843700,1000260,1000260,1000260,1001406,1.843220763,1.841111397
7,1834966,1000365,1000365,980104,1001667,1.872215602,1.831912202
7,1843947,1000416,1000416,1000365,1001666,1.843274205,1.840880094
7,1843525,1000156,1000156,1000156,1001198,1.843237455,1.841319100
7,1844003,1000417,1000417,1000416,1001510,1.843236214,1.841222754
7,1828503,1000261,1000261,980000,1001459,1.865819388,1.825839101
7,1843914,1000364,1000364,1000365,1001302,1.843241217,1.841516346
7,1843747,1000313,1000313,1000313,1001250,1.843170088,1.841445194
7,1843534,1000209,1000209,1000156,1001145,1.843246454,1.841425568
7,1838922,1000208,1000208,997344,1001250,1.843819184,1.836626217
7,1843258,1000052,1000052,1000053,1001042,1.843160313,1.841339324
7,1843133,1000000,1000000,999948,1000885,1.843228848,1.841503270
7,1844332,1000625,1000625,1000573,1001510,1.843275803,1.841551258
7,1832411,1000521,1000521,985051,1001563,1.860219420,1.829551411
7,1843904,1000364,1000364,1000365,1001250,1.843231221,1.841601998
7,1843745,1000313,1000313,1000313,1001198,1.843168088,1.841538836
7,1844089,1000469,1000469,1000573,1001510,1.843032942,1.841308624
7,1824553,1000260,1000260,982084,1001354,1.857838026,1.822085896
7,1841170,1000313,1000313,1000364,1001355,1.840500058,1.838678591
7,1843891,1000365,1000365,1000364,1001355,1.843220068,1.841395909
7,1843886,1000365,1000365,1000364,1001250,1.843215070,1.841584020
7,1832343,1000521,1000521,983905,1001615,1.862316992,1.829388538
7,1843656,1000208,1000208,1000260,1001250,1.843176774,1.841354307
7,1844106,1000521,1000521,1000469,1001563,1.843241520,1.841228160
7,1843504,1000157,1000157,1000156,1001146,1.843216458,1.841393763
7,1838869,1000104,1000104,994687,1001250,1.848691096,1.836573283
7,1844301,1000573,1000573,1000677,1001719,1.843053253,1.841136087
7,1843488,1000156,1000156,1000156,1001198,1.843200461,1.841282144
7,1844107,1000469,1000469,1000469,1001563,1.843242519,1.841229159
7,1831561,1000520,1000520,986041,1001614,1.857489699,1.828609624
7,1843541,1000156,1000156,1000208,1001042,1.843157623,1.841622030
7,1843837,1000364,1000364,1000365,1001354,1.843164245,1.841343820
7,1843945,1000416,1000416,1000417,1001302,1.843176395,1.841547305
7,1919690,1000573,1000573,981667,1001719,1.955540932,1.916395716
7,2090933,1000365,1000365,1000416,1001302,2.090063534,2.088214145
7,2093648,1000365,1000365,1000417,1001354,2.092775313,2.090817034
7,2092786,1000000,1000000,1000000,1000937,2.092786000,2.090826895
7,2074127,1000625,1000625,985053,1001667,2.105599394,2.070675184
7,2092881,1000052,1000052,1000052,1000938,2.092772176,2.090919717
7,2092673,999948,999948,999947,1000886,2.092783918,2.090820533
7,2093049,1000156,1000156,1000157,1000938,2.092720443,2.091087560
7,2088398,1000156,1000156,997500,1001198,2.093632080,2.085899093
7,1947761,1000260,1000260,1000261,1001250,1.947252767,1.945329338
7,1842065,1000416,1000416,1000417,1001354,1.841297179,1.839574217
7,1844114,1000469,1000469,1000469,1001510,1.843249516,1.841333586
7,1833594,1000469,1000469,987551,1001562,1.856708160,1.830734393
7,1844132,1000521,1000521,1000469,1001459,1.843267508,1.841445331
7,1843063,999895,999895,999948,1000885,1.843158844,1.841433332
7,1843222,1000000,1000000,1000000,1000990,1.843222000,1.841399015
7,1834417,1000677,1000677,980573,1001719,1.870760260,1.831269049
7,1843475,1000156,1000156,1000104,1001250,1.843283299,1.841173533
7,1843679,1000208,1000208,1000261,1001198,1.843197925,1.841472915
7,1843701,1000261,1000261,1000260,1001198,1.843221762,1.841494889
7,1820690,1000365,1000365,976354,1001458,1.864784699,1.818039299
7,1842697,1000521,1000521,1000469,1001406,1.841833180,1.840109806
7,1843822,1000364,1000364,1000365,1001302,1.843149251,1.841424465
7,1843749,1000312,1000312,1000261,1001198,1.843267907,1.841542832
7,1837925,1000156,1000156,997343,1001094,1.842821376,1.835916507
7,1843685,1000313,1000313,1000260,1001354,1.843205767,1.841192026
7,1844081,1000469,1000469,1000520,1001511,1.843122576,1.841298798
7,1843296,1000000,1000000,1000000,1000938,1.843296000,1.841568609
7,1832115,1000260,1000260,986406,1001406,1.857364006,1.829542663
7,1843738,1000313,1000313,1000312,1001302,1.843162933,1.841340575
7,1844035,1000417,1000417,1000468,1001406,1.843172395,1.841445927
7,1843457,1000104,1000104,1000156,1001094,1.843169466,1.841442462
7,1836151,1000520,1000520,983438,1001562,1.867073471,1.833287405
7,1843922,1000313,1000313,1000364,1001407,1.843251057,1.841331247
7,1844406,1000625,1000625,1000729,1001771,1.843062408,1.841145332
7,1832522,1000677,1000677,1000729,1001771,1.831187065,1.829282341
7,1831741,1000729,1000729,986615,1001875,1.856591477,1.828312913
7,1841737,1000104,1000104,1000104,1001198,1.841545479,1.839533239
7,1843773,1000313,1000313,1000312,1001302,1.843197922,1.841375529
7,1843554,1000156,1000156,1000209,1001094,1.843168778,1.841539356
7,1838445,1000521,1000521,997448,1001667,1.843148716,1.835385413
7,1843315,1000052,1000052,1000104,1001042,1.843123315,1.841396265
7,1843480,1000157,1000157,1000156,1001145,1.843192462,1.841371629
7,1843257,1000000,1000000,1000052,1000938,1.843161156,1.841529645
7,1829535,1000365,1000365,984479,1001563,1.858378899,1.826679899
7,1843848,1000365,1000365,1000312,1001354,1.843272899,1.841354806
7,1843821,1000365,1000365,1000312,1001250,1.843245907,1.841519101
7,1843241,1000365,1000365,1000364,1001354,1.842570304,1.840748626
7,1949640,1000312,1000312,982552,1001354,1.984261393,1.947003757
7,2089758,1000208,1000208,1000261,1001250,2.089212715,2.087149064
7,2093497,1000364,1000364,1000365,1001198,2.092733152,2.090991992
7,1939899,1000573,1000573,1000572,1001354,1.938790012,1.937275928
7,1829649,1000625,1000625,978385,1001719,1.870070575,1.826509231
7,1843184,1000312,1000312,1000365,1001823,1.842511483,1.839829990
7,1835622,1000052,1000052,1000000,1001146,1.835622000,1.833520785
7,1837249,1000052,1000052,1000052,1001146,1.837153468,1.835145923
7,1826646,1000156,1000156,990782,1001666,1.843640680,1.823607869
7,1843648,1000156,1000156,1000156,1001615,1.843360436,1.840675309
7,1837024,1000052,1000052,1000052,1001198,1.836928480,1.834825879
7,1836573,1000468,1000468,1000417,1001562,1.835807468,1.833708747
7,1816758,1000261,1000261,973491,1001406,1.866229888,1.814207225
7,1837195,1000052,1000052,1000052,1001354,1.837099471,1.834710802
7,1836582,1000156,1000156,1000157,1001562,1.836293702,1.833717733
7,1836893,1000156,1000156,1000156,1001250,1.836606489,1.834599750
7,1828649,1000156,1000156,980366,1001615,1.865271745,1.825700494
7,1836384,1000521,1000521,1000521,1001614,1.835427742,1.833424852
7,1837998,1000313,1000313,1000313,1001407,1.837422887,1.835415570
7,1836219,1000364,1000364,1000365,1001823,1.835549025,1.832877664
7,1819872,1000208,1000208,978387,1001771,1.860073774,1.816654705
7,1836027,1000312,1000312,1000261,1001407,1.835547922,1.833447340
7,1843572,1000156,1000156,1000157,1001614,1.843282605,1.840601270
7,1836843,1000052,1000052,1000052,1001146,1.836747489,1.834740388
7,1828059,1000313,1000313,996614,1001458,1.834269838,1.825397570
7,1837822,1000521,1000521,1000469,1001615,1.836960466,1.834858703
7,1835693,1000000,1000000,1000000,1001145,1.835693000,1.833593535
7,1835054,1000208,1000208,1000156,1001302,1.834767776,1.832667866
7,1807020,1000365,1000365,974374,1001666,1.854544559,1.804014512
7,1836208,1000000,1000000,999948,1001511,1.836303488,1.833437676
7,1837740,1000469,1000469,1000365,1001510,1.837069470,1.834969197
7,1836500,1000260,1000260,1000261,1001459,1.836020799,1.833824450
7,1829066,1000469,1000469,981614,1001614,1.863325095,1.826118645
7,1836591,1000104,1000104,1000052,1001146,1.836495502,1.834488676
7,1840359,1000521,1000521,1000521,1001562,1.839400672,1.837488842
7,1840415,1000208,1000208,1000209,1001198,1.840030434,1.838212821
7,1822494,1000208,1000208,984375,1001355,1.851422476,1.820027862
7,1836272,1000521,1000521,1000520,1001719,1.835317635,1.833120865
7,1836455,1000260,1000260,1000261,1001511,1.835975810,1.833684303
7,1835840,1000469,1000469,1000469,1001458,1.834979395,1.833167242
7,1826990,1000261,1000261,990312,1001458,1.844863033,1.824330127
7,1837298,1000417,1000417,1000312,1001406,1.836724942,1.834718386
7,1836423,1000000,1000000,1000000,1001042,1.836423000,1.834511439
7,1836571,1000156,1000156,1000208,1001198,1.836189073,1.834373421
7,1822669,1000364,1000364,978439,1001718,1.862833554,1.819543025
7,1836434,1000208,1000208,1000261,1001458,1.835954816,1.833760377
7,1835383,1000417,1000417,1000364,1001510,1.834715164,1.832615750
7,1843645,1000209,1000209,1000208,1001250,1.843261602,1.841343321
7,1828065,1000104,1000104,981979,1001146,1.861613130,1.825972436
7,1837599,1000261,1000261,1000260,1001302,1.837121348,1.835209557
7,1836921,1000104,1000104,1000104,1001250,1.836729980,1.834627715
7,1835711,999948,999948,999948,1000937,1.835806462,1.833992549
7,1823970,1000625,1000625,986041,1001875,1.849791236,1.820556457
7,1837087,1000157,1000157,1000208,1001198,1.836704965,1.834888803
7,1835231,1000000,1000000,1000000,1001094,1.835231000,1.833225451
7,1836854,1000468,1000468,1000469,1001511,1.835992919,1.834082701
7,1828925,1000312,1000312,994167,1001510,1.839655712,1.826167487
7,1838184,1000520,1000520,1000521,1001511,1.837226805,1.835410694
7,1836272,1000000,1000000,1000053,1001041,1.836174683,1.834362429
7,1837581,1000000,1000000,1000000,1001250,1.837581000,1.835286891
7,1826532,1000417,1000417,978021,1001771,1.867579531,1.823302931
7,1836878,1000104,1000104,1000052,1001198,1.836782487,1.834680053
7,1834605,1000157,1000157,1000156,1001198,1.834318846,1.832409773
7,1836284,1000469,1000469,1000417,1001510,1.835518589,1.833515392
7,1829463,1000208,1000208,979584,1001406,1.867591753,1.826894386
7,1834271,1000261,1000261,1000260,1001354,1.833794214,1.831790755
7,1844038,1000469,1000469,1000469,1001563,1.843173552,1.841160267
7,1843273,1000052,1000052,1000052,1001145,1.843177155,1.841164866
7,1828982,1000625,1000625,980781,1002136,1.864822014,1.825083621
7,1844020,1000417,1000417,1000469,1001563,1.843155560,1.841142295
7,1843910,1000365,1000365,1000364,1001822,1.843239061,1.840556506
7,1843344,1000052,1000052,1000052,1001198,1.843248151,1.841138316
7,1837223,1000105,1000105,995573,1001302,1.845392553,1.834834046
7,1843525,1000208,1000208,1000209,1001302,1.843139784,1.841127852
7,1843517,1000156,1000156,1000156,1001302,1.843229456,1.841119862
7,1844092,1000468,1000468,1000469,1001615,1.843227526,1.841118593
7,1829194,1000416,1000416,982866,1001771,1.861081775,1.825960224
7,1843717,1000261,1000261,1000260,1001771,1.843237758,1.840457550
7,1843213,1000000,1000000,999948,1001146,1.843308852,1.841103096
7,1843897,1000364,1000364,1000365,1001459,1.843224223,1.841210674
7,1831275,1000625,1000625,974687,1002084,1.878833923,1.827466560
7,1844030,1000468,1000468,1000417,1001615,1.843261360,1.841056693
7,1843683,1000260,1000260,1000260,1001407,1.843203767,1.841092583
7,1843596,1000208,1000208,1000156,1001302,1.843308444,1.841198759
7,1828632,1000625,1000625,982395,1002083,1.861401982,1.824830877
7,1843128,999948,999948,999896,1001146,1.843319705,1.841018193
7,1843906,1000365,1000365,1000417,1001510,1.843137412,1.841125900
7,1843944,1000416,1000416,1000417,1001511,1.843175396,1.841162004
7,1836829,1000469,1000469,995937,1001667,1.844322482,1.833772102
7,1843160,1000000,1000000,999948,1001094,1.843255849,1.841145787
7,1843943,1000417,1000417,1000365,1001562,1.843270206,1.841067253
7,1843339,1000052,1000052,1000052,1001146,1.843243151,1.841228952
7,1828232,1000261,1000261,985157,1001458,1.855777303,1.825570318
7,1843584,1000209,1000209,1000208,1001510,1.843200614,1.840804385
7,1843850,1000364,1000364,1000313,1001406,1.843273056,1.841261187
7,1843408,1000104,1000104,1000104,1001146,1.843216306,1.841297873
7,1834748,1000625,1000625,985157,1001823,1.862391477,1.831409341
7,1843305,1000052,1000052,1000052,1001093,1.843209153,1.841292467
