cpu,cycles,enabled_ns,running_ns,thread_ns,wall_ns,cycles_per_thread_ns,cycles_per_wall_ns
7,1839970,998334,998334,995781,1001666,1.847765724,1.836909708
7,1843892,1000365,1000365,1000052,1001615,1.843796123,1.840918916
7,1837327,1000521,1000521,991198,1002032,1.853642764,1.833601123
7,1843817,1000312,1000312,1000365,1001771,1.843144252,1.840557373
7,1842952,1000208,1000208,1000209,1001354,1.842566904,1.840460017
7,1843878,1000365,1000365,1000364,1001511,1.843207073,1.841096104
7,1827564,1000365,1000365,976043,1001562,1.872421604,1.824713797
7,1843665,1000260,1000260,1000208,1001511,1.843281597,1.840883425
7,1843205,1000000,1000000,1000000,1000885,1.843205000,1.841575206
7,1843789,1000312,1000312,1000365,1001198,1.843116263,1.841582784
7,1839241,1000730,1000730,994895,1001719,1.848678504,1.836084770
7,1843304,1000053,1000053,1000052,1000990,1.843208153,1.841480934
7,1843822,1000365,1000365,1000312,1001198,1.843246907,1.841615744
7,1843753,1000312,1000312,1000313,1001354,1.843176086,1.841259934
7,1830729,1000573,1000573,975833,1001927,1.876067934,1.827207970
7,1844005,1000417,1000417,1000417,1001563,1.843236370,1.841127318
7,1843450,1000156,1000156,1000104,1001250,1.843258301,1.841148564
7,1843705,1000260,1000260,1000312,1001406,1.843129943,1.841116390
7,1838979,1000365,1000365,995521,1001563,1.847252845,1.836109161
7,1843408,1000156,1000156,1000104,1001458,1.843216306,1.840724224
7,1843686,1000260,1000260,1000208,1001354,1.843302593,1.841193025
7,1843883,1000365,1000365,1000364,1001511,1.843212071,1.841101096
7,1829021,1000313,1000313,980470,1001823,1.865453303,1.825692762
7,1843639,1000261,1000261,1000260,1001771,1.843159778,1.840379688
7,1843111,999948,999948,999947,1001198,1.843208690,1.840905595
7,1843288,1000052,1000052,1000053,1001198,1.843190311,1.841082383
7,1834547,1000625,1000625,989271,1002083,1.854443322,1.830733582
7,1843306,1000052,1000052,1000052,1001511,1.843210153,1.840524967
7,1844109,1000468,1000468,1000469,1001614,1.843244518,1.841137404
7,1843529,1000208,1000208,1000156,1001354,1.843241454,1.841036237
7,1812911,1000417,1000417,952761,1001979,1.902797239,1.809330335
7,1843349,1000104,1000104,1000052,1001302,1.843253151,1.840952080
7,1843434,1000104,1000104,1000104,1001302,1.843242303,1.841036970
7,1843531,1000156,1000156,1000157,1001302,1.843241611,1.841133844
7,1835875,1000156,1000156,995469,1001302,1.844231212,1.833487799
7,1843937,1000417,1000417,1000364,1001511,1.843266051,1.841155015
7,1843606,1000261,1000261,1000208,1001354,1.843222610,1.841113133
7,1843216,1000000,1000000,999948,1001198,1.843311852,1.841010469
7,1827897,1000313,1000313,983177,1001770,1.859173882,1.824667339
7,1843722,1000313,1000313,1000261,1001406,1.843240914,1.841133366
7,1843302,1000052,1000052,1000000,1001198,1.843302000,1.841096367
7,1843518,1000208,1000208,1000156,1001302,1.843230456,1.841120861
7,1835208,1000364,1000364,996771,1001562,1.841153083,1.832345876
7,1843463,1000156,1000156,1000156,1001407,1.843175465,1.840872892
7,1844191,1000521,1000521,1000573,1001928,1.843134884,1.840642242
7,1844062,1000468,1000468,1000417,1001614,1.843293347,1.841090480
7,1827285,1000573,1000573,969686,1002083,1.884408974,1.823486677
7,1843429,1000157,1000157,1000104,1001355,1.843237303,1.840934534
7,1843487,1000157,1000157,1000104,1001250,1.843295297,1.841185518
7,1843275,1000053,1000053,1000000,1001145,1.843275000,1.841166864
7,1836468,1000261,1000261,995833,1001459,1.844152584,1.833792497
7,1844207,1000521,1000521,1000521,1001614,1.843246668,1.841235246
7,1843367,1000052,1000052,1000052,1001198,1.843271150,1.841161289
7,1843279,1000053,1000053,1000104,1001197,1.843087319,1.841075233
7,1830088,1000261,1000261,980155,1001511,1.867141422,1.827326909
7,1843580,1000209,1000209,1000208,1001407,1.843196615,1.840989727
7,1843310,1000105,1000105,1000052,1001197,1.843214153,1.841106196
7,1843331,1000104,1000104,1000052,1001198,1.843235152,1.841125332
7,1838091,1000469,1000469,996666,1001667,1.844239695,1.835032002
7,1844101,1000521,1000521,1000469,1001771,1.843236522,1.840840871
7,1843858,1000312,1000312,1000365,1001823,1.843185237,1.840502763
7,1843847,1000313,1000313,1000312,1001459,1.843271899,1.841160746
7,1828267,1000364,1000364,968490,1001771,1.887750003,1.825034863
7,1843789,1000312,1000312,1000261,1001250,1.843307897,1.841487141
7,1843732,1000313,1000313,1000312,1001146,1.843156935,1.841621502
7,1843895,1000365,1000365,1000364,1001407,1.843224066,1.841304285
7,1839110,1000625,1000625,993490,1001667,1.851161058,1.836049306
7,1843710,1000260,1000260,1000313,1001354,1.843133099,1.841216992
7,1843840,1000364,1000364,1000313,1001250,1.843263059,1.841538077
7,1843248,1000000,1000000,1000000,1000937,1.843248000,1.841522493
7,1829150,1000417,1000417,982552,1001511,1.861631751,1.826390324
7,1843466,1000156,1000156,1000156,1001094,1.843178464,1.841451452
7,1843810,1000312,1000312,1000313,1001146,1.843233068,1.841699412
7,1843145,999948,999948,1000000,1000833,1.843145000,1.841610938
7,1837035,1000260,1000260,997708,1001354,1.841255157,1.834551018
7,1843524,1000208,1000208,1000157,1001146,1.843234612,1.841413740
7,1843335,1000052,1000052,1000104,1000937,1.843143313,1.841609412
7,1843569,1000156,1000156,1000208,1001042,1.843185617,1.841650001
7,1830217,1000469,1000469,977240,1001719,1.872842905,1.827076256
7,1843667,1000260,1000260,1000261,1001458,1.843185928,1.840982847
7,1843870,1000365,1000365,1000416,1001459,1.843103269,1.841183713
7,1844080,1000468,1000468,1000469,1001615,1.843215532,1.841106613
7,1836479,1000208,1000208,992032,1001406,1.851229597,1.833900536
7,1843955,1000417,1000417,1000416,1001511,1.843188234,1.841172988
7,1843827,1000364,1000364,1000365,1001458,1.843154249,1.841142614
7,1843833,1000364,1000364,1000313,1001823,1.843256061,1.840477809
7,1825901,1000052,1000052,980990,1001562,1.861284009,1.823053391
7,1843579,1000209,1000209,1000208,1001354,1.843195615,1.841086169
7,1843713,1000260,1000260,1000313,1001459,1.843136098,1.841026942
7,1843602,1000208,1000208,1000157,1001354,1.843312600,1.841109138
7,1838289,1000156,1000156,995522,1001354,1.846557886,1.835803322
7,1843475,1000156,1000156,1000208,1001302,1.843091637,1.841077917
7,1844041,1000469,1000469,1000416,1001563,1.843274198,1.841163262
7,1844069,1000468,1000468,1000469,1001562,1.843204537,1.841193056
7,1828172,1000729,1000729,968491,1002240,1.887649963,1.824086047
7,1843534,1000208,1000208,1000104,1001667,1.843342292,1.840465943
7,1843693,1000260,1000260,1000261,1001354,1.843211922,1.841200015
7,1843812,1000364,1000364,1000313,1001458,1.843235067,1.841127636
7,1836534,1000469,1000469,995677,1001719,1.844507807,1.833382416
7,1844088,1000469,1000469,1000469,1001562,1.843223528,1.841212027
7,1844138,1000521,1000521,1000469,1001615,1.843273505,1.841164519
7,1843991,1000417,1000417,1000417,1001614,1.843222376,1.841019594
7,1828620,1000677,1000677,983280,1002240,1.859714425,1.824533046
7,1844076,1000469,1000469,1000468,1001666,1.843213376,1.841008879
7,1844090,1000468,1000468,1000469,1001615,1.843225527,1.841116597
7,1843465,1000156,1000156,1000104,1001562,1.843273300,1.840589998
7,1836002,1000312,1000312,990886,1001511,1.852889232,1.833231986
7,1844020,1000469,1000469,1000416,1001510,1.843253207,1.841239728
7,1844299,1000625,1000625,1000573,1001771,1.843242822,1.841038521
7,1843236,1000000,1000000,1000000,1001094,1.843236000,1.841221703
7,1799498,1000469,1000469,931301,1001927,1.932241026,1.796037037
7,1843014,999896,999896,999844,1001042,1.843301555,1.841095578
7,1843543,1000156,1000156,1000209,1001250,1.843157780,1.841241448
7,1843889,1000364,1000364,1000365,1001562,1.843216226,1.841013337
7,1838386,1000469,1000469,996719,1001562,1.844437600,1.835518919
7,1844091,1000521,1000521,1000469,1001511,1.843226527,1.841308782
7,1843441,1000156,1000156,1000104,1001250,1.843249302,1.841139576
7,1843401,1000105,1000105,1000104,1001146,1.843209306,1.841290881
7,1829211,1000625,1000625,982499,1001875,1.861794261,1.825787648
7,1844114,1000469,1000469,1000520,1001562,1.843155559,1.841237986
7,1843806,1000313,1000313,1000313,1001354,1.843229069,1.841312862
7,1843351,1000105,1000105,1000104,1001094,1.843159311,1.841336578
7,1837018,1000209,1000209,996510,1001302,1.843451646,1.834629313
7,1843108,999948,999948,999844,1000990,1.843395570,1.841285128
7,1844124,1000521,1000521,1000521,1001615,1.843163712,1.841150542
7,1843723,1000260,1000260,1000261,1001354,1.843241914,1.841229975
7,1826595,1000364,1000364,971563,1001875,1.880058215,1.823176544
7,1843368,1000104,1000104,1000052,1001302,1.843272150,1.840971056
7,1844163,1000521,1000521,1000521,1001667,1.843202691,1.841093896
7,1844147,1000521,1000521,1000521,1001615,1.843186700,1.841173505
7,1836232,1000261,1000261,995780,1001458,1.844013738,1.833558671
7,1843641,1000260,1000260,1000209,1001355,1.843255760,1.841146247
7,1843308,1000052,1000052,1000052,1001145,1.843212153,1.841199826
7,1844112,1000468,1000468,1000469,1001615,1.843247517,1.841138561
7,1829713,1000052,1000052,982344,1001614,1.862599049,1.826764602
7,1843285,1000052,1000052,1000052,1001198,1.843189154,1.841079387
7,1843596,1000260,1000260,1000209,1001511,1.843210769,1.840814529
7,1843845,1000364,1000364,1000312,1001562,1.843269900,1.840969406
7,1837725,1000000,1000000,994220,1001250,1.848408803,1.835430712
7,1844040,1000417,1000417,1000417,1001875,1.843271356,1.840588896
7,1843997,1000417,1000417,1000417,1001562,1.843228374,1.841121169
7,1843792,1000312,1000312,1000313,1001459,1.843215074,1.841105827
7,1824787,1000208,1000208,963073,1001458,1.894754603,1.822130334
7,1843176,1000000,1000000,999948,1001510,1.843271850,1.840397001
7,1843624,1000208,1000208,1000208,1001354,1.843240606,1.841131108
7,1844141,1000520,1000520,1000521,1001667,1.843180703,1.841071933
7,1834673,1000104,1000104,988438,1001458,1.856133617,1.832001941
7,1843835,1000364,1000364,1000313,1001771,1.843258060,1.840575341
7,1843354,1000105,1000105,1000052,1001354,1.843258151,1.840861474
7,1843285,1000052,1000052,1000052,1001146,1.843189154,1.841175013
7,1827941,1000573,1000573,975624,1001927,1.873612170,1.824425332
7,1843983,1000417,1000417,1000417,1001458,1.843214380,1.841298387
7,1843644,1000260,1000260,1000209,1001302,1.843258759,1.841246697
7,1843734,1000312,1000312,1000261,1001354,1.843252911,1.841240960
7,1835367,1000157,1000157,989479,1001354,1.854882216,1.832885273
7,1844238,1000573,1000573,1000520,1001562,1.843279495,1.841361793
7,1843418,1000105,1000105,1000156,1001250,1.843130472,1.841116604
7,1843786,1000313,1000313,1000312,1001562,1.843210918,1.840910498
7,1826942,1000313,1000313,970887,1001563,1.881724650,1.824090946
7,1843368,1000104,1000104,1000105,1001093,1.843174467,1.841355399
7,1843509,1000156,1000156,1000156,1001094,1.843221457,1.841494405
7,1844121,1000469,1000469,1000469,1001406,1.843256513,1.841531806
7,1836792,1000261,1000261,996874,1001250,1.842551817,1.834498876
7,1843763,1000313,1000313,1000313,1001198,1.843186083,1.841556815
7,1844154,1000521,1000521,1000521,1001459,1.843193696,1.841467299
7,1843472,1000104,1000104,1000156,1001042,1.843184463,1.841553102
7,1830803,1000417,1000417,987708,1001666,1.853587295,1.827757955
7,1844110,1000469,1000469,1000469,1001718,1.843245518,1.840947253
7,1843570,1000156,1000156,1000156,1001250,1.843282448,1.841268414
7,1843907,1000365,1000365,1000365,1001406,1.843234220,1.841318107
7,1837406,1000573,1000573,997708,1001927,1.841627009,1.833872128
7,1843193,1000000,1000000,999948,1001042,1.843288851,1.841274392
7,1843566,1000157,1000157,1000208,1001198,1.843182618,1.841360051
7,1843602,1000209,1000209,1000208,1001250,1.843218611,1.841300375
7,1827478,1000521,1000521,970261,1002031,1.883491143,1.823773915
7,1844057,1000469,1000469,1000417,1001667,1.843288349,1.840988073
7,1843865,1000364,1000364,1000365,1001510,1.843192235,1.841084962
7,1843641,1000260,1000260,1000208,1001615,1.843257602,1.840668321
7,1837819,1000521,1000521,995938,1001719,1.845314668,1.834665211
7,1843963,1000417,1000417,1000365,1001562,1.843290199,1.841087222
7,1843900,1000364,1000364,1000313,1001511,1.843323040,1.841118071
7,1843289,1000052,1000052,1000000,1001145,1.843289000,1.841180848
7,1827833,1000573,1000573,983854,1002084,1.857829515,1.824031718
7,1843362,1000105,1000105,1000052,1001198,1.843266150,1.841156295
7,1843132,999948,999948,1000000,1001146,1.843132000,1.841022189
7,1843386,1000104,1000104,1000104,1001354,1.843194308,1.840893430
7,1836449,1000209,1000209,990000,1001354,1.854998990,1.833965810
7,1843717,1000260,1000260,1000261,1001511,1.843235915,1.840935347
7,1843597,1000208,1000208,1000209,1001303,1.843211769,1.841197919
7,1843093,999948,999948,999948,1000990,1.843188846,1.841270143
7,1791857,1000261,1000261,924218,1001562,1.938781759,1.789062484
7,1843536,1000156,1000156,1000157,1001145,1.843246610,1.841427565
7,1843272,1000052,1000052,1000000,1000938,1.843272000,1.841544631
7,1843736,1000312,1000312,1000261,1001198,1.843254910,1.841529847
7,1839363,1000416,1000416,997449,1001354,1.844067215,1.836875870
7,1843326,1000052,1000052,1000053,1000937,1.843228309,1.841600420
7,1843372,1000104,1000104,1000052,1000938,1.843276150,1.841644537
7,1843783,1000312,1000312,1000313,1001198,1.843206076,1.841576791
7,1832470,1000625,1000625,988021,1001719,1.854687299,1.829325390
7,1843297,1000052,1000052,1000052,1001094,1.843201154,1.841282637
7,1843239,1000052,1000052,1000000,1001041,1.843239000,1.841322184
7,1843123,999948,999948,999896,1000990,1.843314705,1.841300113
7,1836362,1000156,1000156,997241,1001355,1.841442540,1.833877097
7,1843159,1000000,1000000,999948,1000989,1.843254849,1.841337917
7,1843716,1000260,1000260,1000261,1001250,1.843234916,1.841414232
7,1843731,1000313,1000313,1000260,1001250,1.843251755,1.841429213
7,1827655,1000677,1000677,973750,1002135,1.876924262,1.823761270
7,1843703,1000261,1000261,1000260,1001458,1.843223762,1.841018795
7,1843780,1000312,1000312,1000313,1001510,1.843203077,1.841000090
7,1843283,1000052,1000052,1000052,1001198,1.843187154,1.841077389
7,1838709,1000416,1000416,996146,1001615,1.845822801,1.835744273
7,1844251,1000573,1000573,1000521,1001666,1.843290646,1.841183588
7,1843310,1000052,1000052,1000052,1001198,1.843214153,1.841104357
7,1843535,1000156,1000156,1000105,1001250,1.843341449,1.841233458
7,1827703,1000312,1000312,982970,1001771,1.859368038,1.824471860
7,1843120,999948,999948,999896,1001146,1.843311704,1.841010202
7,1843851,1000364,1000364,1000313,1001510,1.843274055,1.841070983
7,1843232,1000000,1000000,1000000,1001094,1.843232000,1.841217708
7,1835944,1000052,1000052,995677,1001511,1.843915246,1.833174074
7,1843824,1000313,1000313,1000364,1001510,1.843153092,1.841044024
7,1843378,1000105,1000105,1000052,1001198,1.843282149,1.841172276
7,1844023,1000469,1000469,1000469,1001562,1.843158559,1.841147128
7,1826619,1000469,1000469,968697,1001979,1.885645357,1.823011261
7,1843562,1000209,1000209,1000156,1001406,1.843274449,1.840973591
7,1843986,1000468,1000468,1000469,1001615,1.843121576,1.841012764
7,1843168,999948,999948,999948,1001146,1.843263850,1.841058147
7,1833599,1000156,1000156,987397,1001667,1.857002806,1.830547477
7,1843883,1000364,1000364,1000365,1001510,1.843210228,1.841102935
7,1843342,1000052,1000052,1000053,1001511,1.843244308,1.840560912
7,1843278,1000052,1000052,1000052,1001146,1.843182155,1.841168021
7,1792200,1000677,1000677,955104,1002240,1.876444869,1.788194444
7,1843171,1000000,1000000,1000000,1001198,1.843171000,1.840965523
7,1843403,1000104,1000104,1000052,1001198,1.843307148,1.841197246
7,1843826,1000364,1000364,1000312,1007657,1.843250906,1.829815106
7,1843114,999948,999948,999948,1001146,1.843209847,1.841004209
7,1843171,1000000,1000000,999948,1001406,1.843266850,1.840583140
7,1843640,1000260,1000260,1000208,1001355,1.843256603,1.841145248
7,1853247,1010938,1010938,988020,1012136,1.875718103,1.831025672
7,1837494,1000312,1000312,992865,1001823,1.850698735,1.834150344
7,1843500,1000156,1000156,1000157,1001302,1.843210616,1.841102884
7,1843272,1000000,1000000,1000000,1001198,1.843272000,1.841066402
7,1835083,1000520,1000520,996146,1001719,1.842182772,1.831933906
7,1843799,1000313,1000313,1000312,1001406,1.843223914,1.841210258
7,1843620,1000261,1000261,1000208,1001354,1.843236607,1.841127114
7,1843491,1000157,1000157,1000156,1001250,1.843203460,1.841189513
7,1834438,1000521,1000521,993073,1001771,1.847233788,1.831194954
7,1837290,1000469,1000469,990886,1001979,1.854189079,1.833661185
7,1843231,1000052,1000052,1000000,1001146,1.843231000,1.841121075
7,1844049,1000469,1000469,1000416,1001718,1.843282195,1.840886357
7,1836520,1000156,1000156,995572,1001302,1.844688280,1.834131960
7,1843676,1000260,1000260,1000208,1001355,1.843292595,1.841181199
7,1843206,1000000,1000000,999948,1001093,1.843301852,1.841193575
7,1843354,1000104,1000104,1000052,1001198,1.843258151,1.841148304
7,1836753,1000521,1000521,975625,1001875,1.882642409,1.833315533
7,1836901,1000052,1000052,992032,1001666,1.851654987,1.833845813
7,1843808,1000313,1000313,1000260,1001458,1.843328735,1.841123642
7,1843799,1000313,1000313,1000313,1001510,1.843222071,1.841019061
7,1837984,1000469,1000469,995990,1001667,1.845383990,1.834925180
7,1843880,1000364,1000364,1000313,1001458,1.843303046,1.841195537
7,1843954,1000417,1000417,1000364,1001823,1.843283045,1.840598589
7,1844041,1000469,1000469,1000468,1001563,1.843178393,1.841163262
7,1832611,1000313,1000313,989740,1013646,1.851608503,1.807939853
7,1844109,1000468,1000468,1000417,1001927,1.843340327,1.840562237
7,1843430,1000105,1000105,1000104,1001250,1.843238303,1.841128589
7,1843253,1000052,1000052,1000000,1001197,1.843253000,1.841049264
7,1833308,1000156,1000156,990208,1001407,1.851437274,1.830732160
7,1843954,1000417,1000417,1000417,1001771,1.843185392,1.840694131
7,1844244,1000573,1000573,1000573,1001666,1.843187853,1.841176600
7,1843118,999948,999948,999947,1001094,1.843215690,1.841103832
7,1812584,1010937,1010937,954324,1012292,1.899338170,1.790574261
7,1843507,1000156,1000156,1000156,1001563,1.843219458,1.840630095
7,1843517,1000156,1000156,1000156,1001302,1.843229456,1.841119862
7,1844067,1000468,1000468,1000469,1001562,1.843202538,1.841191060
7,1836959,1000521,1000521,995313,1001719,1.845609371,1.833806686
7,1843531,1000156,1000156,1000209,1001250,1.843145783,1.841229463
7,1843716,1000260,1000260,1000260,1001406,1.843236758,1.841127375
7,1843562,1000208,1000208,1000208,1001302,1.843178619,1.841164803
7,1829068,1000260,1000260,982032,1001511,1.862534011,1.826308448
7,1844121,1000520,1000520,1000469,1001927,1.843256513,1.840574213
7,1844124,1000521,1000521,1000521,1001927,1.843163712,1.840577208
7,1843687,1000208,1000208,1000157,1001302,1.843397587,1.841289641
7,1837881,1000416,1000416,995885,1001563,1.845475130,1.835012875
7,1843982,1000417,1000417,1000417,1001562,1.843213380,1.841106192
7,1843519,1000156,1000156,1000157,1001250,1.843229613,1.841217478
7,1844182,1000521,1000521,1000573,1001667,1.843125889,1.841112865
7,1825223,1000156,1000156,970209,1001458,1.881267851,1.822565699
7,1843584,1000208,1000208,1000209,1001615,1.843198771,1.840611413
7,1843417,1000104,1000104,1000104,1001250,1.843225305,1.841115605
7,1843370,1000104,1000104,1000104,1001198,1.843178309,1.841164285
7,1838189,1000521,1000521,997031,1002083,1.843662835,1.834368011
7,1843527,1000156,1000156,1000209,1001302,1.843141783,1.841129849
7,1843444,1000156,1000156,1000157,1001250,1.843154625,1.841142572
7,1843269,1000000,1000000,1000052,1001510,1.843173155,1.840489860
7,1829856,1000677,1000677,983335,1001875,1.860867354,1.826431441
7,1844105,1000469,1000469,1000521,1001927,1.843144722,1.840558244
7,1843932,1000417,1000417,1000416,1001563,1.843165243,1.841054432
7,1843844,1000364,1000364,1000365,1001510,1.843171242,1.841063993
7,1836000,1000156,1000156,993281,1001354,1.848419531,1.833517417
7,1843639,1000208,1000208,1000209,1001667,1.843253760,1.840570769
7,1843748,1000313,1000313,1000260,1001406,1.843268750,1.841159330
7,1844136,1000520,1000520,1000521,1001927,1.843175705,1.840589185
7,1826913,1000416,1000416,968750,1001823,1.885845677,1.823588598
7,1843186,1000000,1000000,1000052,1001146,1.843090159,1.841076127
7,1843866,1000364,1000364,1000365,1001458,1.843193234,1.841181557
7,1843675,1000260,1000260,1000260,1001406,1.843195769,1.841086432
7,1836819,1000313,1000313,989375,1001927,1.856544788,1.833286257
7,1843858,1000365,1000365,1000312,1001458,1.843282896,1.841173569
7,1843777,1000312,1000312,1000313,1001458,1.843200078,1.841092687
7,1844161,1000521,1000521,1000521,1001615,1.843200692,1.841187482
7,1826906,1000469,1000469,973802,1001770,1.876054886,1.823678090
7,1843247,1000052,1000052,1000000,1001510,1.843247000,1.840467893
7,1843802,1000364,1000364,1000313,1001510,1.843225071,1.841022057
7,1843601,1000209,1000209,1000260,1001407,1.843121788,1.841010698
7,1836105,1000157,1000157,995521,1001407,1.844365915,1.833525230
7,1843251,1000000,1000000,1000052,1001198,1.843155156,1.841045428
7,1843151,1000000,1000000,999948,1001093,1.843246849,1.841138635
7,1843848,1000313,1000313,1000364,1001511,1.843177084,1.841066149
7,1828535,1000468,1000468,969793,1002031,1.885489996,1.824828773
7,1844012,1000469,1000469,1000416,1001667,1.843245210,1.840943148
7,1843864,1000364,1000364,1000417,1001510,1.843095429,1.841083963
7,1843914,1000417,1000417,1000364,1001823,1.843243060,1.840558662
7,1836624,1000521,1000521,995886,1001615,1.844211084,1.833662635
7,1843432,1000104,1000104,1000052,1001250,1.843336147,1.841130587
7,1844174,1000521,1000521,1000521,1001667,1.843213686,1.841104878
7,1843397,1000104,1000104,1000105,1001198,1.843203464,1.841191253
7,1827250,1000260,1000260,982970,1001719,1.858907189,1.824114347
7,1843586,1000208,1000208,1000208,1001354,1.843202614,1.841093160
7,1843894,1000416,1000416,1000365,1001510,1.843221224,1.841113918
7,1844280,1000573,1000573,1000521,1001667,1.843319630,1.841210702
7,1836651,1000260,1000260,991042,1001458,1.853252435,1.833977061
7,1843382,1000104,1000104,1000104,1001250,1.843190308,1.841080649
7,1843147,999948,999948,999948,1001146,1.843242849,1.841037171
7,1843129,999948,999948,999947,1001146,1.843226691,1.841019192
7,1825260,1000625,1000625,969845,1001979,1.882012074,1.821654945
7,1843281,1000052,1000052,1000000,1001302,1.843281000,1.840884169
7,1843938,1000417,1000417,1000416,1001563,1.843171241,1.841060423
7,1843272,1000000,1000000,1000000,1001197,1.843272000,1.841068241
7,1836108,1000261,1000261,995885,1001511,1.843694804,1.833337827
7,1843148,1000000,1000000,999948,1001093,1.843243849,1.841135639
7,1843751,1000261,1000261,1000312,1001459,1.843175929,1.841064886
7,1844135,1000520,1000520,1000469,1001614,1.843270506,1.841163362
7,1828857,1000521,1000521,982136,1001719,1.862121946,1.825718590
7,1843363,1000104,1000104,1000104,1001303,1.843171310,1.840964224
7,1843763,1000312,1000312,1000313,1001458,1.843186083,1.841078707
7,1843858,1000364,1000364,1000313,1001458,1.843281053,1.841173569
7,1833255,1000313,1000313,989999,1001563,1.851774598,1.830394094
7,1843888,1000364,1000364,1000365,1001510,1.843215226,1.841107927
7,1843684,1000260,1000260,1000260,1001354,1.843204767,1.841191027
7,1843452,1000104,1000104,1000156,1001302,1.843164466,1.841054946
7,1813874,1000729,1000729,955365,1001979,1.898618852,1.810291433
7,1844063,1000469,1000469,1000468,1001614,1.843200382,1.841091478
7,1844045,1000469,1000469,1000417,1001563,1.843276354,1.841167256
7,1843672,1000260,1000260,1000208,1001354,1.843288596,1.841179044
7,1835402,1000313,1000313,991823,1001562,1.850533815,1.832539573
7,1843584,1000208,1000208,1000209,1001302,1.843198771,1.841186775
7,1843679,1000260,1000260,1000209,1001354,1.843293752,1.841186034
7,1844083,1000469,1000469,1000416,1001562,1.843316180,1.841207035
7,1826404,1000417,1000417,984064,1001615,1.855980912,1.823459114
7,1843733,1000313,1000313,1000260,1001407,1.843253754,1.841142512
7,1843341,1000052,1000052,1000052,1001146,1.843245151,1.841230949
7,1843941,1000416,1000416,1000417,1001562,1.843172397,1.841065256
7,1836838,1000260,1000260,996666,1001562,1.842982504,1.833973334
7,1843278,1000052,1000052,1000000,1001197,1.843278000,1.841074234
7,1844155,1000521,1000521,1000521,1001667,1.843194696,1.841085910
7,1843708,1000261,1000261,1000260,1001406,1.843228761,1.841119386
7,1829167,1000573,1000573,970261,1001927,1.885231912,1.825648974
7,1843525,1000208,1000208,1000156,1001354,1.843237455,1.841032242
7,1843975,1000417,1000417,1000416,1001562,1.843208225,1.841099203
7,1844032,1000417,1000417,1000417,1001563,1.843263359,1.841154276
7,1838053,1000469,1000469,993750,1001666,1.849613082,1.834995897
7,1843904,1000364,1000364,1000365,1001511,1.843231221,1.841122065
7,1843689,1000260,1000260,1000260,1001354,1.843209765,1.841196021
7,1843735,1000312,1000312,1000260,1001406,1.843255754,1.841146348
7,1828356,1000573,1000573,981979,1001823,1.861909471,1.825028972
7,1843861,1000365,1000365,1000364,1001562,1.843190079,1.840985381
7,1843634,1000260,1000260,1000261,1001354,1.843152937,1.841141095
7,1844028,1000469,1000469,1000469,1001614,1.843163556,1.841056535
7,1839238,1000573,1000573,996354,1001719,1.845968401,1.836081775
7,1843853,1000365,1000365,1000364,1001458,1.843182082,1.841168576
7,1843497,1000156,1000156,1000156,1001303,1.843209459,1.841098049
7,1843617,1000208,1000208,1000209,1001355,1.843231765,1.841122279
7,1827366,1000572,1000572,970469,1001928,1.882972048,1.823849618
7,1843163,1000000,1000000,999948,1001093,1.843258849,1.841150622
7,1843931,1000364,1000364,1000417,1001562,1.843162401,1.841055272
7,1844111,1000469,1000469,1000521,1001667,1.843150718,1.841041983
7,1836669,1000312,1000312,990261,1001510,1.854732237,1.833899811
7,1843200,1000000,1000000,999947,1001146,1.843297695,1.841090111
7,1843730,1000312,1000312,1000313,1001406,1.843153093,1.841141355
7,1843569,1000208,1000208,1000157,1001354,1.843279605,1.841076183
7,1828195,1000729,1000729,977866,1001979,1.869576200,1.824584148
7,1843164,1000000,1000000,1000000,1001198,1.843164000,1.840958532
7,1843563,1000208,1000208,1000156,1001302,1.843275449,1.841165802
7,1843602,1000209,1000209,1000208,1001615,1.843218611,1.840629384
7,1834974,1000521,1000521,996875,1002031,1.840726270,1.831254722
7,1843842,1000365,1000365,1000312,1001458,1.843266901,1.841157592
7,1844118,1000469,1000469,1000469,1001563,1.843253514,1.841240142
7,1843280,1000052,1000052,1000053,1001146,1.843182311,1.841170019
7,1823825,1000260,1000260,969428,1001823,1.881341368,1.820506217
7,1843711,1000260,1000260,1000260,1001406,1.843231760,1.841122382
7,1843943,1000417,1000417,1000365,1001823,1.843270206,1.840587609
7,1844011,1000469,1000469,1000417,1001563,1.843242368,1.841133309
7,1838179,1000156,1000156,995522,1001406,1.846447391,1.835598149
7,1843659,1000261,1000261,1000260,1001719,1.843179773,1.840495189
7,1843583,1000156,1000156,1000208,1001354,1.843199614,1.841090164
7,1844172,1000521,1000521,1000469,1001615,1.843307489,1.841198464
7,1826813,1000416,1000416,979635,1001875,1.864789437,1.823394136
7,1843117,999948,999948,999948,1001198,1.843212847,1.840911588
7,1843437,1000104,1000104,1000104,1001302,1.843245302,1.841039966
7,1843928,1000364,1000364,1000364,1001562,1.843257054,1.841052276
7,1838132,1000052,1000052,995625,1001250,1.846209165,1.835837203
7,1843988,1000417,1000417,1000417,1001563,1.843219378,1.841110345
7,1843162,999948,999948,999948,1001094,1.843257849,1.841147784
7,1843201,1000000,1000000,1000000,1001458,1.843201000,1.840517525
7,1826467,1000573,1000573,970105,1002188,1.882751867,1.822479415
7,1843508,1000209,1000209,1000104,1001354,1.843316295,1.841015265
7,1844216,1000572,1000572,1000573,1001667,1.843159869,1.841146808
7,1844082,1000469,1000469,1000416,1001562,1.843315181,1.841206036
7,1838294,1000520,1000520,995781,1001771,1.846082623,1.835044137
7,1843267,1000053,1000053,1000000,1001146,1.843267000,1.841157034
7,1843698,1000313,1000313,1000260,1001406,1.843218763,1.841109400
7,1844112,1000468,1000468,1000469,1001615,1.843247517,1.841138561
7,1828302,1000521,1000521,982969,1002031,1.859979308,1.824596245
7,1843865,1000313,1000313,1000365,1001823,1.843192235,1.840509751
7,1843283,1000052,1000052,1000052,1001146,1.843187154,1.841173016
7,1843370,1000104,1000104,1000104,1001198,1.843178309,1.841164285
7,1835243,1000208,1000208,991250,1001771,1.851443127,1.831998531
7,1844107,1000468,1000468,1000469,1001615,1.843242519,1.841133569
7,1843337,1000052,1000052,1000000,1001198,1.843337000,1.841131325
7,1843658,1000261,1000261,1000208,1001354,1.843274599,1.841165063
7,1809904,1000365,1000365,953751,1001875,1.897669308,1.806516781
7,1843912,1000364,1000364,1000417,1001615,1.843143409,1.840938884
7,1843227,1000052,1000052,1000000,1001146,1.843227000,1.841117080
7,1844089,1000521,1000521,1000468,1001614,1.843226370,1.841117436
7,1836831,999948,999948,995209,1001250,1.845673622,1.834537828
7,1843217,1000000,1000000,1000052,1001198,1.843121158,1.841011468
7,1843485,1000157,1000157,1000156,1001302,1.843197461,1.841087904
7,1843367,1000105,1000105,1000104,1001198,1.843175310,1.841161289
7,1827879,1000417,1000417,982760,1001927,1.859944442,1.824363452
7,1843421,1000156,1000156,1000105,1001302,1.843227461,1.841023987
7,1843804,1000364,1000364,1000313,1001459,1.843227070,1.841117809
7,1843801,1000313,1000313,1000312,1001458,1.843225914,1.841116652
7,1836579,1000157,1000157,992291,1001406,1.850847181,1.834000395
7,1843332,1000052,1000052,1000104,1001198,1.843140313,1.841126331
7,1843250,1000053,1000053,1000052,1001459,1.843154156,1.840564616
7,1843922,1000364,1000364,1000365,1001510,1.843249214,1.841141876
7,1824848,1000469,1000469,969375,1002031,1.882499549,1.821149246
7,1843577,1000209,1000209,1000208,1001354,1.843193616,1.841084172
7,1843619,1000208,1000208,1000209,1001354,1.843233764,1.841126115
7,1843873,1000260,1000260,1000313,1001407,1.843296048,1.841282316
7,1834569,1000312,1000312,995572,1001562,1.842728602,1.831707872
7,1843772,1000313,1000313,1000313,1001406,1.843195080,1.841183296
7,1843381,1000104,1000104,1000105,1001250,1.843187465,1.841079650
7,1843048,999948,999948,999948,1001094,1.843143843,1.841033909
7,1825550,1000573,1000573,977030,1002083,1.868468727,1.821755284
7,1843712,1000312,1000312,1000260,1001406,1.843232759,1.841123381
7,1843826,1000365,1000365,1000364,1001510,1.843155092,1.841046021
7,1844106,1000520,1000520,1000469,1001615,1.843241520,1.841132571
7,1835951,1000365,1000365,996822,1001927,1.841804254,1.832419927
7,1844239,1000573,1000573,1000521,1001667,1.843278652,1.841169770
7,1843635,1000260,1000260,1000208,1001406,1.843251604,1.841046489
7,1843990,1000417,1000417,1000416,1001510,1.843223219,1.841209773
7,1827466,1000625,1000625,970157,1002135,1.883680683,1.823572672
7,1843533,1000208,1000208,1000156,1001407,1.843245454,1.840942793
7,1844138,1000521,1000521,1000520,1001927,1.843179547,1.840591181
7,1843974,1000417,1000417,1000416,1001562,1.843207226,1.841098205
7,1833511,1000417,1000417,988282,1001875,1.855250829,1.830079601
7,1843128,1000000,1000000,999948,1001094,1.843223848,1.841113821
7,1843678,1000261,1000261,1000260,1001406,1.843198768,1.841089428
7,1844099,1000469,1000469,1000521,1001615,1.843138725,1.841125582
7,1827458,1000729,1000729,976770,1002291,1.870919459,1.823280864
7,1843215,1000000,1000000,1000000,1001198,1.843215000,1.841009471
7,1843994,1000417,1000417,1000469,1001614,1.843129572,1.841022590
7,1843170,1000000,1000000,999948,1001094,1.843265850,1.841155776
7,1837701,1000261,1000261,995416,1001458,1.846163815,1.835025533
7,1843556,1000208,1000208,1000156,1001614,1.843268450,1.840585295
7,1843440,1000157,1000157,1000104,1001250,1.843248302,1.841138577
7,1843794,1000365,1000365,1000364,1001458,1.843123103,1.841109662
7,1825126,1000468,1000468,967396,1002031,1.886637944,1.821426682
7,1843873,1000364,1000364,1000365,1001562,1.843200232,1.840997362
7,1844146,1000521,1000521,1000468,1001666,1.843283343,1.841078763
7,1843388,1000052,1000052,1000052,1001250,1.843292149,1.841086642
7,1838030,1000053,1000053,995520,1001302,1.846301430,1.835639997
7,1844119,1000468,1000468,1000469,1001615,1.843254514,1.841145550
7,1843421,1000104,1000104,1000156,1001250,1.843133471,1.841119600
7,1843483,1000156,1000156,1000156,1001562,1.843195462,1.840607970
7,1826934,1000260,1000260,981199,1001875,1.861940340,1.823514910
7,1843901,1000417,1000417,1000365,1001510,1.843228222,1.841120907
7,1843816,1000364,1000364,1000365,1001459,1.843143253,1.841129792
7,1843430,1000104,1000104,1000104,1001302,1.843238303,1.841032975
7,1837136,1000417,1000417,997030,1001927,1.842608547,1.833602648
7,1843149,1000000,1000000,1000000,1001145,1.843149000,1.841041008
7,1843662,1000260,1000260,1000209,1001407,1.843276755,1.841071612
7,1843725,1000260,1000260,1000260,1001407,1.843245756,1.841134524
7,1828147,1000208,1000208,968801,1001718,1.887020141,1.825011630
7,1843146,999948,999948,999948,1001198,1.843241849,1.840940553
7,1843869,1000365,1000365,1000364,1001510,1.843198076,1.841088956
7,1843957,1000364,1000364,1000417,1001510,1.843188390,1.841176823
7,1836281,1000104,1000104,995469,1001302,1.844639060,1.833893271
7,1843375,1000104,1000104,1000104,1001198,1.843183309,1.841169279
7,1843957,1000416,1000416,1000417,1001563,1.843188390,1.841079393
7,1843435,1000156,1000156,1000104,1001250,1.843243303,1.841133583
7,1829591,1000677,1000677,984219,1002239,1.858926723,1.825503697
7,1843607,1000209,1000209,1000208,1001406,1.843223609,1.841018528
7,1843246,1000052,1000052,1000052,1001146,1.843150156,1.841136058
7,1843467,1000157,1000157,1000156,1001614,1.843179464,1.840496439
7,1836863,1000781,1000781,990730,1002240,1.854050044,1.832757623
7,1843482,1000157,1000157,1000104,1001614,1.843290298,1.840511415
7,1843482,1000156,1000156,1000104,1001250,1.843290298,1.841180524
7,1843707,1000312,1000312,1000260,1001459,1.843227761,1.841020950
7,1815284,1000469,1000469,955677,1002083,1.899474404,1.811510623
7,1843103,999948,999948,999948,1001145,1.843198846,1.840995061
7,1843902,1000260,1000260,1000312,1001407,1.843326882,1.841311275
7,1843899,1000417,1000417,1000364,1001510,1.843228065,1.841118910
7,1837502,1000208,1000208,992395,1001406,1.851583291,1.834922100
7,1844000,1000417,1000417,1000417,1001667,1.843231373,1.840931168
7,1843626,1000208,1000208,1000208,1001354,1.843242606,1.841133106
7,1843914,1000364,1000364,1000365,1001511,1.843241217,1.841132049
7,1828930,1000208,1000208,982031,1001719,1.862395383,1.825791464
7,1843758,1000312,1000312,1000261,1001407,1.843276905,1.841167477
7,1843342,1000104,1000104,1000104,1001197,1.843150312,1.841138158
7,1844115,1000469,1000469,1000416,1001615,1.843348167,1.841141556
7,1838579,1000521,1000521,997083,1001927,1.843957825,1.835042872
7,1843206,1000000,1000000,1000000,1001146,1.843206000,1.841096104
7,1843097,999948,999948,999948,1001094,1.843192846,1.841082855
7,1843632,1000209,1000209,1000208,1001302,1.843248604,1.841234712
7,1825721,1000625,1000625,971979,1002187,1.878354368,1.821736861
7,1844050,1000417,1000417,1000416,1001614,1.843283194,1.841078499
7,1844077,1000468,1000468,1000469,1001615,1.843212533,1.841103618
7,1843689,1000261,1000261,1000312,1001406,1.843113948,1.841100413
7,1839027,1000573,1000573,996197,1001875,1.846047519,1.835585278
7,1843322,1000052,1000052,1000000,1001250,1.843322000,1.841020724
7,1843950,1000416,1000416,1000365,1001563,1.843277204,1.841072404
7,1844136,1000521,1000521,1000468,1001667,1.843273348,1.841066941
7,1827741,1000260,1000260,983385,1001771,1.858622005,1.824509793
7,1843411,1000156,1000156,1000104,1001250,1.843219305,1.841109613
7,1843304,1000052,1000052,1000052,1001511,1.843208153,1.840522970
7,1843395,1000105,1000105,1000156,1001250,1.843107475,1.841093633
7,1836012,1000157,1000157,995781,1001406,1.843790954,1.833434192
7,1843506,1000156,1000156,1000105,1001302,1.843312452,1.841108876
7,1843924,1000364,1000364,1000365,1001511,1.843251213,1.841142034
7,1843685,1000260,1000260,1000260,1001407,1.843205767,1.841094580
7,1828897,1000625,1000625,971981,1002083,1.881618056,1.825095326
7,1843063,999948,999948,999688,1001146,1.843638215,1.840953268
7,1843997,1000416,1000416,1000417,1001563,1.843228374,1.841119330
7,1843952,1000365,1000365,1000417,1001562,1.843183393,1.841076239
7,1836148,1000104,1000104,989897,1001510,1.854887933,1.833379597
7,1843312,1000104,1000104,1000052,1001458,1.843216153,1.840628364
7,1843942,1000416,1000416,1000365,1001510,1.843269207,1.841161846
7,1844138,1000521,1000521,1000520,1001667,1.843179547,1.841068938
7,1829325,1000416,1000416,982553,1001563,1.861807964,1.826470227
7,1843567,1000208,1000208,1000157,1001093,1.843277605,1.841554181
7,1843850,1000365,1000365,1000365,1001354,1.843177240,1.841356803
7,1843241,1000000,1000000,1000000,1000938,1.843241000,1.841513660
7,1838138,1000208,1000208,995626,1001303,1.846213337,1.835746023
7,1843335,1000052,1000052,1000053,1000937,1.843237308,1.841609412
7,1843803,1000313,1000313,1000312,1001198,1.843227913,1.841596767
7,1844073,1000469,1000469,1000468,1001458,1.843210378,1.841388256
7,1832064,1000677,1000677,977708,1002083,1.873835542,1.828255743
7,1843117,999948,999948,999948,1001146,1.843212847,1.841007206
7,1843910,1000416,1000416,1000365,1001510,1.843237218,1.841129894
7,1843862,1000365,1000365,1000364,1001511,1.843191078,1.841080128
7,1843702,1000313,1000313,1000261,1001406,1.843220919,1.841113395
7,1843622,1000208,1000208,1000157,1001354,1.843332597,1.841129111
7,1843284,1000052,1000052,1000000,1001146,1.843284000,1.841174015
7,1835450,1000052,1000052,990573,1001250,1.852917453,1.833158552
7,1835951,1000417,1000417,991197,1001927,1.852256413,1.832419927
7,1843298,1000052,1000052,1000052,1001511,1.843202153,1.840516979
7,1843903,1000416,1000416,1000365,1001510,1.843230221,1.841122904
7,1837172,1000469,1000469,995677,1001719,1.845148577,1.834019321
7,1843724,1000260,1000260,1000261,1001354,1.843242914,1.841230973
7,1843291,1000052,1000052,1000000,1001250,1.843291000,1.840989763
7,1843279,1000052,1000052,1000053,1001146,1.843181311,1.841169020
7,1833938,1000312,1000312,979115,1001562,1.873056791,1.831077856
7,1836194,1000313,1000313,992969,1001771,1.849195695,1.832947849
7,1843943,1000417,1000417,1000416,1001511,1.843176239,1.841161006
7,1843262,1000000,1000000,1000000,1001146,1.843262000,1.841152040
7,1836778,1000313,1000313,995834,1001510,1.844462029,1.834008647
7,1843198,1000000,1000000,1000000,1001093,1.843198000,1.841185584
7,1844124,1000521,1000521,1000468,1001615,1.843261354,1.841150542
7,1844033,1000468,1000468,1000469,1001562,1.843168554,1.841157113
7,1836976,1000521,1000521,993020,1001771,1.849888220,1.833728467
7,1835361,1000052,1000052,990417,1001563,1.853119444,1.832496807
7,1843687,1000260,1000260,1000313,1001406,1.843110107,1.841098416
7,1844005,1000417,1000417,1000364,1001615,1.843334026,1.841031734
7,1835240,1000365,1000365,989324,1001615,1.855044455,1.832280866
7,1843444,1000156,1000156,1000104,1001354,1.843252302,1.840951352
7,1844131,1000469,1000469,1000469,1001927,1.843266508,1.840584194
7,1843565,1000208,1000208,1000156,1001302,1.843277449,1.841167800
7,1831529,1000573,1000573,973022,1001719,1.882309958,1.828386004
7,1836265,1000208,1000208,993958,1001563,1.847427155,1.833399397
7,1844044,1000469,1000469,1000416,1001875,1.843277197,1.840592888
7,1843430,1000104,1000104,1000105,1001250,1.843236460,1.841128589
7,1836484,1000469,1000469,995573,1001719,1.844650267,1.833332501
7,1843381,1000104,1000104,1000052,1001198,1.843285149,1.841175272
7,1843953,1000417,1000417,1000417,1001563,1.843184392,1.841075399
7,1844139,1000468,1000468,1000469,1001614,1.843274504,1.841167356
7,1830323,1001771,1001771,985886,1003021,1.856526008,1.824810248
7,1844066,1000469,1000469,1000469,1001875,1.843201538,1.840614847
7,1843510,1000052,1000052,1000104,1001250,1.843318295,1.841208489
7,1843277,1000052,1000052,1000052,1001146,1.843181155,1.841167023
7,1837183,1000364,1000364,995625,1001563,1.845255995,1.834315964
7,1843451,1000105,1000105,1000156,1001250,1.843163466,1.841149563
7,1843381,1000105,1000105,1000104,1001250,1.843189308,1.841079650
7,1843651,1000209,1000209,1000260,1001407,1.843171775,1.841060628
7,1824919,1000573,1000573,970416,1001875,1.880553288,1.821503681
7,1843495,1000156,1000156,1000104,1001667,1.843303296,1.840427008
7,1843980,1000469,1000469,1000417,1001615,1.843211381,1.841006774
7,1843667,1000261,1000261,1000260,1001667,1.843187771,1.840598722
7,1835881,1000312,1000312,995625,1001510,1.843948274,1.833112999
7,1843896,1000417,1000417,1000365,1001511,1.843223224,1.841114077
7,1843901,1000416,1000416,1000365,1001510,1.843228222,1.841120907
7,1844049,1000469,1000469,1000468,1001563,1.843186389,1.841171249
7,1829398,1000469,1000469,983803,1001718,1.859516590,1.826260484
7,1843962,1000417,1000417,1000417,1001875,1.843193388,1.840511042
7,1843516,1000157,1000157,1000156,1001459,1.843228456,1.840830229
7,1844101,1000520,1000520,1000469,1001614,1.843236522,1.841129417
7,1836506,1000052,1000052,996614,1001302,1.842745536,1.834117978
7,1843848,1000365,1000365,1000312,1001771,1.843272899,1.840588318
7,1843757,1000312,1000312,1000313,1001406,1.843180085,1.841168317
7,1843339,1000104,1000104,1000052,1001198,1.843243151,1.841133322
7,1827718,1000260,1000260,969584,1001614,1.885053796,1.824772817
7,1843657,1000261,1000261,1000260,1001719,1.843177774,1.840493192
7,1843652,1000260,1000260,1000261,1001354,1.843170932,1.841159071
7,1843568,1000156,1000156,1000208,1001406,1.843184618,1.840979583
7,1836148,1000365,1000365,988646,1001927,1.857235047,1.832616548
7,1843560,1000208,1000208,1000157,1001302,1.843270607,1.841162806
7,1843782,1000312,1000312,1000313,1001458,1.843205077,1.841097680
7,1843295,1000052,1000052,1000052,1001459,1.843199154,1.840609551
7,1779282,1000313,1000313,946250,1001719,1.880350859,1.776228663
7,1843286,1000052,1000052,1000052,1001562,1.843190154,1.840411278
7,1843725,1000313,1000313,1000312,1001406,1.843149937,1.841136362
7,1844121,1000469,1000469,1000469,1001667,1.843256513,1.841051966
7,1837548,1000364,1000364,995365,1001614,1.846104695,1.834586977
7,1843976,1000417,1000417,1000365,1001562,1.843303194,1.841100201
7,1843992,1000417,1000417,1000416,1001563,1.843225218,1.841114338
7,1844125,1000469,1000469,1000469,1001563,1.843260511,1.841247131
7,1826717,1000573,1000573,970990,1002031,1.881293319,1.823014458
7,1843087,999948,999948,999896,1001146,1.843278701,1.840977240
7,1843297,1000052,1000052,1000001,1001510,1.843295157,1.840517818
7,1843164,999948,999948,1000000,1001146,1.843164000,1.841054152
7,1837310,1000052,1000052,995416,1001302,1.845771014,1.834920933
7,1843296,1000052,1000052,1000052,1001146,1.843200154,1.841186001
7,1844092,1000469,1000469,1000469,1001615,1.843227526,1.841118593
7,1843868,1000364,1000364,1000365,1001510,1.843195234,1.841087957
7,1827867,1000625,1000625,984271,1001979,1.857076964,1.824256796
7,1843848,1000364,1000364,1000313,1001563,1.843271056,1.840970563
7,1843763,1000312,1000312,1000260,1001458,1.843283746,1.841078707
7,1843824,1000365,1000365,1000364,1001458,1.843153092,1.841139618
7,1835904,1000261,1000261,995833,1001511,1.843586224,1.833134134
7,1844088,1000521,1000521,1000468,1001875,1.843225371,1.840636806
7,1843246,1000000,1000000,1000000,1001198,1.843246000,1.841040434
7,1843174,1000000,1000000,999948,1001093,1.843269850,1.841161610
7,1825076,1000157,1000157,964791,1001563,1.891680167,1.822227858
7,1843843,1000364,1000364,1000313,1001510,1.843266058,1.841062995
7,1843259,1000052,1000052,1000052,1001146,1.843163156,1.841149043
7,1843549,1000208,1000208,1000157,1001302,1.843259608,1.841151820
7,1837073,1000364,1000364,992500,1001562,1.850955164,1.834207967
7,1843866,1000364,1000364,1000365,1001510,1.843193234,1.841085960
7,1843778,1000312,1000312,1000312,1001719,1.843202921,1.840613985
7,1843421,1000156,1000156,1000104,1001250,1.843229304,1.841119600
7,1828720,1000572,1000572,982395,1002083,1.861491559,1.824918694
7,1844160,1000521,1000521,1000469,1001667,1.843295494,1.841090901
7,1844196,1000573,1000573,1000521,1001666,1.843235674,1.841128680
7,1843421,1000104,1000104,1000156,1001250,1.843133471,1.841119600
7,1836157,1000365,1000365,990156,1001875,1.854411830,1.832720649
7,1843281,1000052,1000052,1000052,1001198,1.843185154,1.841075392
7,1843589,1000208,1000208,1000209,1001354,1.843203770,1.841096156
7,1843632,1000260,1000260,1000208,1001354,1.843248604,1.841139098
7,1823765,1000677,1000677,971875,1001927,1.876542765,1.820257364
7,1843371,1000104,1000104,1000052,1001511,1.843275150,1.840589869
7,1843572,1000209,1000209,1000208,1001354,1.843188617,1.841079179
7,1843236,1000000,1000000,1000000,1001198,1.843236000,1.841030446
7,1837376,1000417,1000417,994791,1001614,1.846997007,1.834415254
7,1843769,1000312,1000312,1000365,1001458,1.843096270,1.841084699
7,1844126,1000521,1000521,1000520,1001666,1.843167553,1.841058796
7,1843893,1000364,1000364,1000365,1001511,1.843220225,1.841111081
7,1828944,1000416,1000416,983439,1001927,1.859743207,1.825426403
7,1843535,1000208,1000208,1000156,1001303,1.843247453,1.841136000
7,1843507,1000156,1000156,1000105,1001302,1.843313452,1.841109875
7,1843806,1000312,1000312,1000313,1001770,1.843229069,1.840548230
7,1835538,1000156,1000156,996822,1001615,1.841389937,1.832578386
7,1843283,1000000,1000000,1000000,1001146,1.843283000,1.841173016
7,1843986,1000469,1000469,1000364,1001510,1.843315033,1.841205779
7,1843456,1000105,1000105,1000104,1001198,1.843264301,1.841250182
7,1826962,1000157,1000157,969530,1001615,1.884379029,1.824016214
7,1843838,1000365,1000365,1000312,1001510,1.843262902,1.841058002
7,1843705,1000260,1000260,1000208,1001458,1.843321589,1.841020792
7,1843115,999948,999948,999948,1001094,1.843210847,1.841100836
7,1837075,1000156,1000156,995782,1001354,1.844856605,1.834590964
7,1844155,1000521,1000521,1000521,1001927,1.843194696,1.840608148
7,1843933,1000417,1000417,1000416,1001510,1.843166243,1.841152859
7,1843361,1000105,1000105,1000052,1001198,1.843265150,1.841155296
7,1825336,1000573,1000573,980417,1002084,1.861795542,1.821539911
7,1843813,1000364,1000364,1000365,1001458,1.843140254,1.841128634
7,1843223,1000000,1000000,999948,1001198,1.843318853,1.841017461
7,1843875,1000365,1000365,1000416,1001510,1.843108267,1.841094947
7,1837200,1000469,1000469,996771,1001979,1.843151536,1.833571362
7,1843601,1000260,1000260,1000209,1001355,1.843215768,1.841106301
7,1844175,1000520,1000520,1000521,1001667,1.843214685,1.841105877
7,1843321,1000104,1000104,1000052,1001510,1.843225152,1.840541782
7,1828365,1000521,1000521,971042,1001979,1.882889721,1.824753812
7,1843435,1000104,1000104,1000105,1001302,1.843241460,1.841037969
7,1843239,1000000,1000000,1000000,1001146,1.843239000,1.841129066
7,1843690,1000260,1000260,1000208,1001406,1.843306592,1.841101411
7,1836732,1000521,1000521,990730,1002031,1.853917818,1.833009158
7,1843559,1000208,1000208,1000208,1001302,1.843175619,1.841161807
7,1843944,1000416,1000416,1000417,1001511,1.843175396,1.841162004
7,1843852,1000313,1000313,1000312,1001458,1.843276898,1.841167578
7,1826046,1000261,1000261,975155,1001771,1.872570002,1.822817790
7,1843417,1000104,1000104,1000105,1001458,1.843223462,1.840733211
7,1843764,1000313,1000313,1000312,1001719,1.843188925,1.840600009
7,1843983,1000416,1000416,1000417,1001615,1.843214380,1.841009769
7,1836334,1000417,1000417,996614,1001927,1.842572952,1.832802190
7,1843406,1000104,1000104,1000104,1001250,1.843214306,1.841104619
7,1843259,1000052,1000052,1000000,1001198,1.843259000,1.841053418
7,1843550,1000208,1000208,1000209,1001302,1.843164779,1.841152819
7,1825449,1000677,1000677,970677,1002187,1.880593648,1.821465455
7,1843551,1000156,1000156,1000156,1001406,1.843263451,1.840962607
7,1843780,1000313,1000313,1000312,1001458,1.843204920,1.841095682
7,1843712,1000260,1000260,1000209,1001407,1.843326745,1.841121542
7,1838316,1000312,1000312,995886,1001510,1.845910074,1.835544328
7,1843825,1000313,1000313,1000312,1001458,1.843249906,1.841140617
7,1844097,1000468,1000468,1000469,1001615,1.843232524,1.841123585
7,1843623,1000208,1000208,1000208,1001302,1.843239606,1.841225724
7,1829527,1000312,1000312,983229,1001823,1.860733359,1.826197841
7,1843874,1000365,1000365,1000312,1001458,1.843298891,1.841189546
7,1844082,1000521,1000521,1000521,1001667,1.843121734,1.841013031
7,1844051,1000469,1000469,1000469,1001615,1.843186546,1.841077660
7,1836639,1000156,1000156,992656,1001406,1.850227068,1.834060311
7,1843772,1000312,1000312,1000313,1001407,1.843195080,1.841181458
7,1843306,1000104,1000104,1000052,1001459,1.843210153,1.840620535
7,1843672,1000260,1000260,1000208,1001354,1.843288596,1.841179044
7,1827707,1000313,1000313,970624,1001823,1.883022674,1.824381153
7,1843192,1000000,1000000,999948,1001093,1.843287851,1.841179591
7,1843299,1000052,1000052,1000052,1001197,1.843203153,1.841095209
7,1843847,1000364,1000364,1000313,1001511,1.843270056,1.841065151
7,1835607,1000052,1000052,995521,1001250,1.843865674,1.833315356
7,1844089,1000469,1000469,1000468,1001562,1.843226370,1.841213025
7,1843415,1000104,1000104,1000104,1001198,1.843223305,1.841209231
7,1843303,1000053,1000053,1000052,1001198,1.843207153,1.841097365
7,1812233,1000365,1000365,971510,1001875,1.865377608,1.808841422
7,1844162,1000521,1000521,1000520,1001666,1.843203534,1.841094736
7,1843926,1000417,1000417,1000365,1001511,1.843253213,1.841144031
7,1843477,1000156,1000156,1000104,1001250,1.843285298,1.841175531
7,1832931,1000260,1000260,990729,1001458,1.850083121,1.830262477
7,1843577,1000157,1000157,1000156,1001615,1.843289447,1.840604424
7,1844084,1000469,1000469,1000469,1001614,1.843219530,1.841112445
7,1843887,1000417,1000417,1000365,1001511,1.843214227,1.841105090
7,1828110,1000729,1000729,965989,1002292,1.892474966,1.823929553
7,1843154,1000000,1000000,999948,1001458,1.843249849,1.840470594
7,1843880,1000364,1000364,1000365,1001459,1.843207229,1.841193698
7,1843866,1000365,1000365,1000364,1001510,1.843195077,1.841085960
7,1836720,1000104,1000104,993490,1001250,1.848755398,1.834426966
7,1843539,1000209,1000209,1000156,1001406,1.843251453,1.840950623
7,1843265,1000052,1000052,1000000,1001198,1.843265000,1.841059411
7,1843687,1000261,1000261,1000260,1001458,1.843207766,1.841002818
7,1829868,1000157,1000157,983541,1001406,1.860489802,1.827298818
7,1843112,999947,999947,999948,1000990,1.843207847,1.841289124
7,1843432,1000156,1000156,1000104,1001146,1.843240303,1.841321845
7,1843138,1000000,1000000,1000000,1001146,1.843138000,1.841028182
7,1835333,1000104,1000104,996666,1001146,1.841472469,1.833232116
7,1843969,1000417,1000417,1000364,1001406,1.843298040,1.841380020
7,1843977,1000417,1000417,1000417,1001406,1.843208382,1.841388008
7,1843489,1000157,1000157,1000156,1001302,1.843201461,1.841091898
7,1823737,1000365,1000365,966094,1001719,1.887742808,1.820607376
7,1843480,1000156,1000156,1000156,1001146,1.843192462,1.841369790
7,1843891,1000364,1000364,1000365,1001354,1.843218225,1.841397747
7,1843667,1000260,1000260,1000261,1001198,1.843185928,1.841460930
7,1836016,1000260,1000260,996875,1001250,1.841771536,1.833723845
7,1843540,1000208,1000208,1000157,1001093,1.843250610,1.841527211
7,1843476,1000157,1000157,1000104,1001094,1.843284298,1.841461441
7,1843756,1000260,1000260,1000313,1001198,1.843179085,1.841549823
7,1829933,1000313,1000313,986667,1001511,1.854661198,1.827172143
7,1843252,1000052,1000052,1000000,1001250,1.843252000,1.840950811
7,1843256,1000052,1000052,1000000,1001042,1.843256000,1.841337327
7,1843481,1000157,1000157,1000156,1001198,1.843193462,1.841275152
7,1837519,1000521,1000521,997604,1001823,1.841932270,1.834175298
7,1843772,1000313,1000313,1000312,1001354,1.843196923,1.841278908
7,1843530,1000156,1000156,1000104,1001197,1.843338293,1.841325933
7,1844085,1000469,1000469,1000469,1001563,1.843220530,1.841207193
7,1826101,1000781,1000781,973542,1002343,1.875729039,1.821832447
7,1843740,1000261,1000261,1000260,1001510,1.843260752,1.840960150
7,1844050,1000468,1000468,1000469,1001563,1.843185546,1.841172248
7,1843764,1000261,1000261,1000312,1001562,1.843188925,1.840888532
7,1816400,991301,991301,948750,1005261,1.914519104,1.806893931
7,1843311,1000052,1000052,1000052,1001302,1.843215153,1.840914130
7,1844012,1000417,1000417,1000417,1001666,1.843243368,1.840944986
7,1843803,1000364,1000364,1000313,1001407,1.843226070,1.841212414
7,1824777,1000156,1000156,976668,1001459,1.868369804,1.822118529
7,1843371,1000104,1000104,1000104,1001041,1.843179309,1.841454046
7,1844099,1000468,1000468,1000521,1001355,1.843138725,1.841603627
7,1843681,1000312,1000312,1000261,1001146,1.843199925,1.841570560
7,1839383,1000104,1000104,997343,1001094,1.844283261,1.837372914
7,1843505,1000156,1000156,1000157,1001041,1.843215615,1.841587907
7,1843528,1000209,1000209,1000156,1001042,1.843240454,1.841609043
7,1843278,1000052,1000052,1000000,1000989,1.843278000,1.841456799
7,1832306,1000573,1000573,978021,1001875,1.873483289,1.828876856
7,1843548,1000208,1000208,1000156,1001354,1.843260451,1.841055211
7,1844018,1000417,1000417,1000416,1001615,1.843251207,1.841044713
7,1843873,1000364,1000364,1000365,1001510,1.843200232,1.841092950
7,1837290,1000521,1000521,993332,1001771,1.849623288,1.834041912
7,1844145,1000469,1000469,1000521,1001667,1.843184701,1.841075926
7,1844137,1000520,1000520,1000469,1001615,1.843272505,1.841163521
7,1843124,1000000,1000000,999948,1001094,1.843219847,1.841109826
7,1828352,1000468,1000468,982813,1001979,1.860325413,1.824740838
7,1843858,1000365,1000365,1000364,1001719,1.843187080,1.840693847
7,1843893,1000364,1000364,1000417,1001458,1.843124417,1.841208518
7,1843207,1000000,1000000,1000052,1001198,1.843111158,1.841001480
7,1837751,1000208,1000208,996720,1001615,1.843798660,1.834787818
7,1843589,1000209,1000209,1000156,1001354,1.843301445,1.841096156
7,1843339,1000105,1000105,1000104,1001198,1.843147313,1.841133322
7,1843394,1000104,1000104,1000052,1001250,1.843298148,1.841092634
7,1825246,1000521,1000521,970312,1002084,1.881091855,1.821450098
7,1843329,1000104,1000104,1000052,1001407,1.843233152,1.840739080
7,1843396,1000105,1000105,1000052,1001302,1.843300148,1.840999019
7,1843920,1000365,1000365,1000365,1001510,1.843247215,1.841139879
7,1834826,1000052,1000052,996459,1001302,1.841346207,1.832440163
7,1843370,1000104,1000104,1000104,1001354,1.843178309,1.840877452
7,1843730,1000260,1000260,1000260,1001719,1.843250755,1.840566067
7,1843453,1000156,1000156,1000105,1001250,1.843259458,1.841151561
7,1827132,1000156,1000156,984532,1001354,1.855838104,1.824661408
7,1843937,1000417,1000417,1000364,1001510,1.843266051,1.841156853
7,1843296,1000052,1000052,1000052,1001198,1.843200154,1.841090374
7,1843522,1000208,1000208,1000156,1001614,1.843234455,1.840551350
7,1833480,1000261,1000261,992136,1001406,1.848012772,1.830905747
7,1843732,1000313,1000313,1000260,1001614,1.843252754,1.840761012
7,1844047,1000416,1000416,1000469,1001719,1.843182547,1.840882523
7,1843513,1000209,1000209,1000156,1001354,1.843225457,1.841020259
7,1807315,1000417,1000417,970052,1001718,1.863111462,1.804215358
7,1843620,1000208,1000208,1000157,1001510,1.843330597,1.840840331
7,1843249,1000052,1000052,1000000,1001197,1.843249000,1.841045269
7,1843241,1000000,1000000,1000052,1001355,1.843145156,1.840746788
7,1837958,1000469,1000469,996094,1001614,1.845165215,1.834996316
7,1843330,1000052,1000052,1000053,1001146,1.843232309,1.841219962
7,1843373,1000104,1000104,1000052,1001198,1.843277150,1.841167282
7,1844122,1000520,1000520,1000469,1001563,1.843257512,1.841244135
7,1828261,1000625,1000625,983124,1002084,1.859644358,1.824458828
7,1843062,999948,999948,999948,1001146,1.843157844,1.840952269
7,1843919,1000365,1000365,1000365,1001510,1.843246215,1.841138880
7,1843431,1000104,1000104,1000105,1001302,1.843237460,1.841033974
7,1838167,1000416,1000416,997031,1001927,1.843640769,1.834631665
7,1843245,1000000,1000000,1000000,1001094,1.843245000,1.841230694
7,1843563,1000208,1000208,1000209,1001302,1.843177776,1.841165802
7,1843419,1000104,1000104,1000104,1001250,1.843227304,1.841117603
7,1824711,1000469,1000469,967916,1002031,1.885195616,1.821012524
7,1844090,1000469,1000469,1000469,1001667,1.843225527,1.841021018
7,1843296,1000052,1000052,1000052,1001250,1.843200154,1.840994757
7,1843260,1000052,1000052,1000000,1001146,1.843260000,1.841150042
7,1836670,1000468,1000468,997084,1001667,1.842041393,1.833613367
7,1843729,1000313,1000313,1000260,1001510,1.843249755,1.840949167
7,1843660,1000260,1000260,1000209,1001667,1.843274756,1.840591734
7,1843283,1000000,1000000,1000052,1001406,1.843187154,1.840694983
7,1829137,1000209,1000209,976249,1001771,1.873637771,1.825903325
7,1843840,1000364,1000364,1000365,1001510,1.843167244,1.841059999
7,1843192,1000000,1000000,999948,1001406,1.843287851,1.840604111
7,1843281,1000052,1000052,1000052,1001198,1.843185154,1.841075392
7,1835844,1000417,1000417,996094,1001563,1.843042926,1.832979054
7,1843977,1000416,1000416,1000417,1001666,1.843208382,1.840910044
7,1843374,1000104,1000104,1000104,1001198,1.843182309,1.841168280
7,1844219,1000573,1000573,1000573,1001667,1.843162868,1.841149803
7,1821661,1000573,1000573,962500,1002083,1.892634805,1.817874368
7,1844089,1000469,1000469,1000468,1001667,1.843226370,1.841020020
7,1843439,1000156,1000156,1000156,1001250,1.843151468,1.841137578
7,1843594,1000208,1000208,1000208,1001354,1.843210612,1.841101149
7,1837457,1000312,1000312,990261,1001771,1.855527987,1.834208617
7,1843189,999948,999948,1000000,1001406,1.843189000,1.840601115
7,1843624,1000261,1000261,1000208,1001354,1.843240606,1.841131108
7,1843624,1000208,1000208,1000208,1001458,1.843240606,1.840939910
7,1827070,1000521,1000521,983854,1001719,1.857053994,1.823934656
7,1843146,999948,999948,999947,1001146,1.843243692,1.841036173
7,1843516,1000208,1000208,1000157,1001354,1.843226613,1.841023255
7,1844098,1000468,1000468,1000521,1001667,1.843137725,1.841029005
7,1835939,1000313,1000313,994166,1001563,1.846712722,1.833073905
7,1843302,1000052,1000052,1000052,1001198,1.843206153,1.841096367
7,1844096,1000468,1000468,1000417,1001614,1.843327333,1.841124425
7,1843578,1000209,1000209,1000208,1001667,1.843194616,1.840509870
7,1786447,1000416,1000416,942553,1001823,1.895327902,1.783196233
7,1843119,999948,999948,999948,1000885,1.843214847,1.841489282
7,1843868,1000364,1000364,1000365,1001198,1.843195234,1.841661689
7,1835589,999948,999948,999948,1000886,1.835684456,1.833964108
7,1832310,1000521,1000521,997501,1001823,1.836900414,1.828975777
7,1843860,1000364,1000364,1000417,1001302,1.843091431,1.841462416
7,1843202,1000365,1000365,1000417,1001406,1.842433705,1.840614097
7,1840727,1000573,1000573,1000729,1001718,1.839386088,1.837570055
7,1830763,1000729,1000729,986719,1001979,1.855404629,1.827147076
7,1841766,1000469,1000469,1000417,1001719,1.840998304,1.838605437
7,1840534,1000053,1000053,1000052,1001145,1.840438297,1.838428999
7,1841833,1000417,1000417,1000417,1001615,1.841065276,1.838863236
7,1836456,1000208,1000208,993490,1001823,1.848489668,1.833114233
7,1842293,1000312,1000312,1000365,1001458,1.841620808,1.839610847
7,1840472,1000156,1000156,1000156,1001354,1.840184931,1.837983371
7,1838470,1000261,1000261,1000677,1002084,1.837226198,1.834646596
7,2019529,1000157,1000157,963489,1001302,2.096058180,2.016902992
7,2093768,1000469,1000469,1000521,1001511,2.092677715,2.090609090
7,2093148,1000156,1000156,1000156,1001042,2.092821520,2.090969210
7,2093717,1000417,1000417,1000416,1001198,2.092846376,2.091211728
7,2087477,1000156,1000156,992396,1001250,2.103471800,2.084870911
7,2093467,1000312,1000312,1000313,1001146,2.092811950,2.091070633
7,2093660,1000417,1000417,1000416,1001198,2.092789400,2.091154797
7,2100388,1007083,1007083,999375,1007969,2.101701563,2.083782339
7,1829309,1000365,1000365,991510,1001250,1.844972819,1.827025218
7,1844016,1000468,1000468,1000417,1001354,1.843247366,1.841522578
7,1839841,1000000,1000000,1000052,1000938,1.839745333,1.838116846
7,1839124,1000156,1000156,996200,1001042,1.846139329,1.837209628
7,1843380,1000104,1000104,1000156,1000990,1.843092478,1.841556859
7,1843384,1000208,1000208,1000208,1001041,1.843000656,1.841467033
7,1843750,1000312,1000312,1000261,1001198,1.843268907,1.841543830
7,1851537,1014166,1014166,979219,1015104,1.890830345,1.823987493
7,1824846,1000261,1000261,995157,1001250,1.833726739,1.822567790
7,1843158,999948,999948,1000000,1000989,1.843158000,1.841336918
7,1843159,999948,999948,999948,1000938,1.843254849,1.841431737
7,1838094,1000313,1000313,995262,1001302,1.846844349,1.835703914
7,1844075,1000468,1000468,1000469,1001458,1.843210534,1.841390253
7,1843179,1000000,1000000,1000000,1000938,1.843179000,1.841451718
7,1843915,1000417,1000417,1000416,1001355,1.843148250,1.841419876
7,1836635,1000521,1000521,990938,1001615,1.853430790,1.833673617
7,1839093,1000416,1000416,996251,1001406,1.846013705,1.836510866
7,1843261,1000000,1000000,1000000,1001042,1.843261000,1.841342321
7,1843301,1000052,1000052,1000000,1000937,1.843301000,1.841575444
7,1838351,1000052,1000052,994896,1001042,1.847782080,1.836437432
7,1843235,1000000,1000000,1000000,1001042,1.843235000,1.841316348
7,1844245,1000573,1000573,1000521,1001510,1.843284649,1.841464389
7,1843323,1000104,1000104,1000052,1000990,1.843227152,1.841499915
7,1838033,1000833,1000833,980573,1001875,1.874447899,1.834593138
7,1838018,1000104,1000104,993385,1001355,1.850257453,1.835530856
7,1843751,1000312,1000312,1000261,1001250,1.843269907,1.841449189
7,1843239,1000000,1000000,1000000,1001042,1.843239000,1.841320344
7,1838030,1000052,1000052,995730,1001146,1.845912044,1.835926029
7,1844266,1000573,1000573,1000625,1001615,1.843114054,1.841292313
7,1832234,1000364,1000364,1000417,1001562,1.831470277,1.829376514
7,1842289,1000573,1000573,1000625,1001667,1.841138289,1.839223015
7,1846147,1008959,1008959,994009,1009896,1.857273928,1.828056552
7,1843463,1000104,1000104,1000104,1001146,1.843271300,1.841352810
7,1843302,1000052,1000052,1000052,1000990,1.843206153,1.841478936
7,1843649,1000261,1000261,1000260,1001145,1.843169776,1.841540436
7,1839023,1000105,1000105,995780,1001198,1.846816566,1.836822487
7,1843903,1000417,1000417,1000365,1001302,1.843230221,1.841505360
7,1844145,1000521,1000521,1000677,1001666,1.842897358,1.841077764
7,1844367,1000677,1000677,1000678,1001719,1.843117366,1.841201974
7,1814052,1000572,1000572,962762,1001614,1.884216452,1.811128838
7,2087167,999948,999948,1000000,1001094,2.087167000,2.084886135
7,2093731,1000469,1000469,1000417,1001250,2.092858278,2.091117104
7,2093314,1000260,1000260,1000261,1001042,2.092767788,2.091135037
7,2087742,1000156,1000156,994583,1001042,2.099112895,2.085568837
7,2093666,1000416,1000416,1000469,1001458,2.092684531,2.090617879
7,2092074,999948,999948,999948,1000781,2.092182794,2.090441365
7,2093743,1000416,1000416,1000521,1001510,2.092652728,2.090586215
7,2079770,1000260,1000260,985574,1001250,2.110211917,2.077173533
7,2094041,1000573,1000573,1000573,1001666,2.092841802,2.090558130
7,2092857,1000000,1000000,1000000,1000937,2.092857000,2.090897829
7,2093255,1000208,1000208,1000208,1001042,2.092819694,2.091076099
7,2088452,1000208,1000208,995625,1001146,2.097629127,2.086061374
7,2093293,1000260,1000260,1000208,1001146,2.092857686,2.090896832
7,1947954,1000000,1000000,1000000,1000886,1.947954000,1.946229641
7,1840866,1000157,1000157,1000156,1001093,1.840578870,1.838856130
7,1824591,1000625,1000625,965417,1001615,1.889951182,1.821649037
7,1843339,1000052,1000052,1000052,1000937,1.843243151,1.841613408
7,1844199,1000469,1000469,1000469,1001459,1.843334476,1.841512234
7,1843170,1000000,1000000,1000000,1001041,1.843170000,1.841253255
7,1838090,1000469,1000469,995728,1001615,1.845976010,1.835126271
7,1843971,1000416,1000416,1000417,1001354,1.843202385,1.841477639
7,1843174,1000000,1000000,1000000,1000937,1.843174000,1.841448563
7,1843571,1000208,1000208,1000157,1001094,1.843281605,1.841556337
7,1831888,1000417,1000417,987604,1001406,1.854881106,1.829315982
7,1844039,1000416,1000416,1000417,1001510,1.843270356,1.841258699
7,1843272,1000052,1000052,1000052,1001042,1.843176155,1.841353310
7,1843567,1000208,1000208,1000156,1001146,1.843279448,1.841456691
7,1835179,1000104,1000104,994791,1001198,1.844788503,1.832983086
7,1843317,1000052,1000052,1000052,1001042,1.843221153,1.841398263
7,1843766,1000312,1000312,1000313,1001250,1.843189082,1.841464170
7,1843898,1000364,1000364,1000365,1001354,1.843225223,1.841404738
7,1827931,1000365,1000365,970000,1001510,1.884464948,1.825174986
7,1843878,1000365,1000365,1000364,1001562,1.843207073,1.841002354
7,1843843,1000365,1000365,1000365,1001355,1.843170243,1.841347973
7,1843584,1000208,1000208,1000208,1001250,1.843200614,1.841282397
7,1838630,999948,999948,994792,1001198,1.848255716,1.836429957
7,1843866,1000365,1000365,1000312,1001355,1.843290893,1.841370942
7,1843499,1000157,1000157,1000156,1001198,1.843211459,1.841293131
7,1843719,1000261,1000261,1000416,1001458,1.842952332,1.841034771
7,1822385,1000677,1000677,982812,1001875,1.854255951,1.818974423
7,1840305,1000573,1000573,1000573,1001614,1.839251109,1.837339534
7,1843566,1000209,1000209,1000156,1001198,1.843278449,1.841360051
7,1843989,1000417,1000417,1000469,1001406,1.843124575,1.841399992
7,1836401,1000208,1000208,993855,1001302,1.847755457,1.834013115
7,1843894,1000417,1000417,1000364,1001250,1.843223067,1.841592010
7,1843347,1000104,1000104,1000104,1000938,1.843155312,1.841619561
7,1844166,1000521,1000521,1000521,1001458,1.843205690,1.841481121
7,1765378,1000416,1000416,912500,1001562,1.934660822,1.762624780
7,2090606,1000573,1000573,1000678,1001719,2.089189529,2.087018415
7,2093419,1000260,1000260,1000261,1001458,2.092872760,2.090371239
7,2093250,1000208,1000208,1000313,1001458,2.092595018,2.090202485
7,2084887,1000052,1000052,993231,1001250,2.099095779,2.082284145
7,2092895,1000000,1000000,1000000,1001198,2.092895000,2.090390712
7,2092883,1000052,1000052,1000000,1001042,2.092883000,2.090704486
7,2093052,1000104,1000104,1000104,1001041,2.092834345,2.090875399
7,2078181,1000313,1000313,982760,1001458,2.114637348,2.075155423
7,1911265,1000000,1000000,999948,1001094,1.911364391,1.909176361
7,1842580,1000000,1000000,1000000,1000885,1.842580000,1.840950759
7,1844182,1000573,1000573,1000521,1001458,1.843221682,1.841497097
7,1839579,1000312,1000312,997292,1001302,1.844574107,1.837186983
7,1844125,1000521,1000521,1000520,1001406,1.843166553,1.841535801
7,1843260,1000000,1000000,1000052,1000938,1.843164155,1.841532642
7,1844000,1000417,1000417,1000469,1001303,1.843135569,1.841600395
7,1826732,1000417,1000417,968072,1001927,1.886979481,1.823218658
7,1843192,1000000,1000000,1000000,1001042,1.843192000,1.841273393
7,1843735,1000260,1000260,1000313,1001197,1.843158092,1.841530688
7,1843526,1000209,1000209,1000156,1001094,1.843238455,1.841511387
7,1837438,1000156,1000156,997135,1001250,1.842717385,1.835144070
7,1843481,1000156,1000156,1000104,1001146,1.843289298,1.841370789
7,1843652,1000208,1000208,1000209,1001197,1.843266757,1.841447787
7,1844109,1000469,1000469,1000469,1001459,1.843244518,1.841422365
7,1832938,1000364,1000364,987657,1001718,1.855844691,1.829794413
7,1843821,1000365,1000365,1000261,1001407,1.843339888,1.841230389
7,1843432,1000104,1000104,1000104,1001146,1.843240303,1.841321845
7,1843742,1000313,1000313,1000260,1001250,1.843262752,1.841440200
7,1838478,1000417,1000417,997760,1001406,1.842605436,1.835896729
7,1843787,1000313,1000313,1000312,1001146,1.843211918,1.841676439
7,1843794,1000313,1000313,1000260,1001198,1.843314738,1.841587778
7,1843251,1000000,1000000,1000000,1000937,1.843251000,1.841525491
7,1823919,1000521,1000521,962865,1001875,1.894262436,1.820505552
7,1843235,1000052,1000052,999948,1001354,1.843330853,1.840742634
7,1843927,1000365,1000365,1000312,1001406,1.843351874,1.841338079
7,1843152,1000000,1000000,999948,1001042,1.843247849,1.841233435
7,1835584,1000156,1000156,994220,1001459,1.846255356,1.832909785
7,1843331,1000052,1000052,1000052,1001302,1.843235152,1.840934104
7,1843258,1000000,1000000,1000000,1001250,1.843258000,1.840956804
7,1843235,1000000,1000000,1000000,1001250,1.843235000,1.840933833
7,1825088,1000625,1000625,970781,1002031,1.880020314,1.821388759
7,1843801,1000364,1000364,1000260,1001406,1.843321736,1.841212256
7,1843424,1000156,1000156,1000105,1001145,1.843230461,1.841315694
7,1843155,999947,999947,1000000,1000990,1.843155000,1.841332081
7,1836211,1000208,1000208,995105,1001406,1.845243467,1.833632912
7,1843542,1000208,1000208,1000156,1001354,1.843254452,1.841049219
7,1844063,1000469,1000469,1000468,1001510,1.843200382,1.841282663
7,1843538,1000209,1000209,1000156,1001198,1.843250453,1.841332084
7,1822940,1000260,1000260,966980,1001562,1.885188939,1.820097008
7,1843919,1000417,1000417,1000417,1001563,1.843150406,1.841041452
7,1844302,1000573,1000573,1000573,1001667,1.843245820,1.841232665
7,1843916,1000417,1000417,1000364,1001615,1.843245059,1.840942877
7,1836834,1000364,1000364,994533,1001459,1.846931173,1.834157964
7,1843967,1000417,1000417,1000416,1001666,1.843200229,1.840900060
7,1844102,1000468,1000468,1000521,1001719,1.843141723,1.840937429
7,1843787,1000313,1000313,1000312,1001354,1.843211918,1.841293888
7,1827094,1000365,1000365,985157,1001615,1.854622157,1.824148001
7,1843694,1000261,1000261,1000208,1001354,1.843310591,1.841201014
7,1843759,1000313,1000313,1000260,1001198,1.843279747,1.841552820
7,1843355,1000052,1000052,1000104,1000990,1.843163311,1.841531883
7,1836599,1000313,1000313,993542,1001355,1.848536851,1.834113776
7,1843307,1000052,1000052,1000053,1000989,1.843209310,1.841485771
7,1843260,1000052,1000052,1000000,1000938,1.843260000,1.841532642
7,1843207,1000052,1000052,1000000,1000989,1.843207000,1.841385869
7,1828959,1000521,1000521,973333,1001771,1.879068109,1.825725640
7,1843537,1000208,1000208,1000208,1001354,1.843153624,1.841044226
7,1843470,1000104,1000104,1000156,1001198,1.843182464,1.841264166
7,1843547,1000156,1000156,1000156,1001250,1.843259452,1.841245443
7,1834300,1000364,1000364,993542,1001563,1.846222908,1.831437463
7,1843664,1000261,1000261,1000208,1001302,1.843280598,1.841266671
7,1843219,1000000,1000000,1000000,1001093,1.843219000,1.841206561
7,1843668,1000260,1000260,1000261,1001302,1.843186928,1.841270666
7,1826044,1000625,1000625,984479,1002031,1.854832861,1.822342822
7,1843879,1000365,1000365,1000364,1001406,1.843208072,1.841290146
7,1843747,1000313,1000313,1000260,1001510,1.843267750,1.840967140
7,1843242,1000000,1000000,1000052,1001042,1.843146156,1.841323341
7,1836446,1000417,1000417,996771,1001719,1.842395094,1.833294567
7,1843163,1000000,1000000,999948,1001041,1.843258849,1.841246263
7,1843878,1000364,1000364,1000365,1001406,1.843205230,1.841289147
7,1843178,1000000,1000000,1000000,1001042,1.843178000,1.841259408
7,1824119,1000521,1000521,971614,1002031,1.877411194,1.820421723
7,1843600,1000260,1000260,1000209,1002032,1.843214768,1.839861402
7,1843388,1000104,1000104,1000104,1001198,1.843196308,1.841182264
7,1843207,1000000,1000000,1000000,1001094,1.843207000,1.841192735
7,1835825,1000416,1000416,995678,1001615,1.843793877,1.832864923
7,1843348,1000104,1000104,1000052,1001198,1.843252151,1.841142312
7,1843179,1000000,1000000,1000000,1001146,1.843179000,1.841069135
7,1843702,1000260,1000260,1000261,1001355,1.843220919,1.841207164
7,1828053,1000625,1000625,984010,1002136,1.857758559,1.824156601
7,1843642,1000261,1000261,1000156,1001406,1.843354437,1.841053479
7,1843831,1000313,1000313,1000312,1001458,1.843255904,1.841146608
7,1843758,1000313,1000313,1000313,1001458,1.843181084,1.841073715
7,1838123,1000521,1000521,995573,1001719,1.846296555,1.834968689
7,1843510,1000156,1000156,1000156,1001250,1.843222457,1.841208489
7,1843681,1000260,1000260,1000261,1001563,1.843199925,1.840803824
7,1843732,1000313,1000313,1000260,1001562,1.843252754,1.840856582
7,1820985,1000469,1000469,967553,1001667,1.882051939,1.817954470
7,1843325,1000052,1000052,1000052,1001354,1.843229152,1.840832513
7,1844115,1000521,1000521,1000469,1001562,1.843250516,1.841238985
7,1843594,1000208,1000208,1000261,1001250,1.843112948,1.841292385
7,1835642,1000365,1000365,990469,1001615,1.853305858,1.832682218
7,1843204,1000000,1000000,1000000,1001093,1.843204000,1.841191578
7,1843223,1000052,1000052,1000000,1001042,1.843223000,1.841304361
7,1843951,1000417,1000417,1000417,1001458,1.843182393,1.841266434
7,1829771,1000365,1000365,982709,1001667,1.861966259,1.826725848
7,1843652,1000260,1000260,1000260,1001302,1.843172775,1.841254686
7,1843247,1000052,1000052,1000053,1001302,1.843149313,1.840850213
7,1843553,1000208,1000208,1000209,1001250,1.843167778,1.841251436
7,1836141,1000521,1000521,997135,1001771,1.841416659,1.832894943
7,1843641,1000209,1000209,1000260,1001302,1.843161778,1.841243701
7,1844026,1000469,1000469,1000469,1001510,1.843161557,1.841245719
7,1843969,1000417,1000417,1000417,1001458,1.843200385,1.841284407
7,1826989,1000261,1000261,971875,1001563,1.879860064,1.824137873
7,1843907,1000416,1000416,1000365,1001511,1.843234220,1.841125060
7,1843554,1000208,1000208,1000209,1001459,1.843168778,1.840868173
7,1843226,1000000,1000000,1000000,1001094,1.843226000,1.841211714
7,1836957,1000312,1000312,996303,1001406,1.843773430,1.834377865
7,1843239,1000000,1000000,1000000,1001042,1.843239000,1.841320344
7,1843666,1000261,1000261,1000312,1001302,1.843090956,1.841268668
7,1843648,1000261,1000261,1000208,1001302,1.843264601,1.841250692
7,1830158,1000313,1000313,982396,1001614,1.862953432,1.827208885
7,1843337,1000104,1000104,1000105,1001354,1.843143470,1.840844497
7,1843489,1000156,1000156,1000208,1001197,1.843105634,1.841284982
7,1843524,1000156,1000156,1000156,1001198,1.843236455,1.841318101
7,1837702,1000312,1000312,996354,1001823,1.844426780,1.834357965
7,1843927,1000416,1000416,1000313,1001406,1.843350031,1.841338079
7,1843178,1000000,1000000,1000000,1001094,1.843178000,1.841163767
7,1843895,1000365,1000365,1000365,1001406,1.843222224,1.841306124
7,1824670,1000469,1000469,972501,1002031,1.876265423,1.820971607
7,1843344,1000052,1000052,1000053,1001250,1.843246308,1.841042697
7,1843474,1000156,1000156,1000157,1001302,1.843184620,1.841076918
7,1843244,1000000,1000000,999948,1001146,1.843339854,1.841134060
7,1836949,1000417,1000417,995573,1001666,1.845117334,1.833893733
7,1843704,1000261,1000261,1000260,1001406,1.843224762,1.841115392
7,1843783,1000313,1000313,1000312,1001406,1.843207919,1.841194281
7,1843571,1000208,1000208,1000208,1001615,1.843187617,1.840598434
7,1829513,1000208,1000208,982397,1001823,1.862294979,1.826183867
7,1843466,1000156,1000156,1000104,1001302,1.843274299,1.841068928
7,1843156,999948,999948,1000000,1001146,1.843156000,1.841046161
7,1844135,1000520,1000520,1000521,1001667,1.843174706,1.841065943
7,1834380,1000469,1000469,989739,1001980,1.853397714,1.830755105
7,1844226,1000573,1000573,1000521,1001666,1.843265659,1.841158630
7,1843147,1000000,1000000,999948,1001094,1.843242849,1.841132801
7,1843187,999948,999948,999948,1001094,1.843282851,1.841172757
7,1828084,1000468,1000468,971146,1002031,1.882398733,1.824378687
7,1843471,1000156,1000156,1000104,1001614,1.843279299,1.840500432
7,1843778,1000313,1000313,1000260,1001459,1.843298742,1.841091847
7,1843377,1000104,1000104,1000104,1001198,1.843185309,1.841171277
7,1838277,1000469,1000469,997240,1001667,1.843364687,1.835217692
7,1843768,1000312,1000312,1000260,1001719,1.843288745,1.840604002
7,1843212,1000000,1000000,1000000,1001094,1.843212000,1.841197730
7,1843661,1000261,1000261,1000260,1001406,1.843181773,1.841072452
7,1824105,1000261,1000261,978594,1001771,1.864005911,1.820880221
7,1843374,1000104,1000104,1000052,1001302,1.843278150,1.840977048
7,1843787,1000312,1000312,1000261,1001458,1.843305897,1.841102672
7,1843278,1000052,1000052,1000000,1001198,1.843278000,1.841072395
7,1833798,1000260,1000260,987292,1001823,1.857401863,1.830461069
7,1843571,1000208,1000208,1000209,1001354,1.843185774,1.841078180
7,1844091,1000521,1000521,1000468,1001615,1.843228369,1.841117595
7,1844196,1000573,1000573,1000521,1001666,1.843235674,1.841128680
7,1791961,1000364,1000364,941510,1001927,1.903284086,1.788514532
7,1843700,1000260,1000260,1000261,1001510,1.843218920,1.840920210
7,1843644,1000260,1000260,1000260,1001407,1.843164777,1.841053638
7,1843802,1000313,1000313,1000312,1001459,1.843226913,1.841115812
7,1839069,1000365,1000365,992656,1001614,1.852675046,1.836105526
7,1843309,1000052,1000052,1000052,1001250,1.843213153,1.841007740
7,1843776,1000312,1000312,1000260,1001771,1.843296743,1.840516445
7,1843991,1000468,1000468,1000417,1001562,1.843222376,1.841115178
7,1826977,1000677,1000677,982656,1002240,1.859223370,1.822893718
7,1843408,1000104,1000104,1000104,1001302,1.843216306,1.841011004
7,1843669,1000260,1000260,1000208,1001459,1.843285597,1.840983006
7,1844084,1000469,1000469,1000469,1001615,1.843219530,1.841110606
7,1827472,1000000,1000000,993176,1001562,1.840028353,1.824621941
7,1843258,1000052,1000052,1000052,1001145,1.843162156,1.841149883
7,1843798,1000313,1000313,1000312,1001459,1.843222914,1.841111818
7,1843914,1000417,1000417,1000365,1001510,1.843241217,1.841133888
7,1819859,1000625,1000625,965834,1002135,1.884235800,1.815981879
7,1843724,1000312,1000312,1000365,1001614,1.843051286,1.840753025
7,1844119,1000521,1000521,1000572,1001979,1.843064767,1.840476697
7,1843853,1000313,1000313,1000364,1001511,1.843182082,1.841071142
7,1835240,1000625,1000625,988699,1001771,1.856217110,1.831995536
7,1836002,1000573,1000573,1000781,1002188,1.834569201,1.831993598
7,1839850,1000312,1000312,1000417,1001823,1.839083102,1.836502057
7,1843803,1000364,1000364,1000313,1001666,1.843226070,1.840736333
7,1826836,1000313,1000313,977344,1001875,1.869184238,1.823417093
7,1843273,1000000,1000000,1000052,1001250,1.843177155,1.840971785
7,1843610,1000209,1000209,1000208,1001510,1.843226609,1.840830346
7,1843956,1000416,1000416,1000417,1001615,1.843187391,1.840982813
7,1838147,1000573,1000573,993803,1002032,1.849609027,1.834419460
7,1843903,1000364,1000364,1000417,1001614,1.843134413,1.840931736
7,1843663,1000208,1000208,1000208,1001406,1.843279598,1.841074449
7,1843817,1000312,1000312,1000416,1001771,1.843050291,1.840557373
7,1902249,1000521,1000521,906823,1001771,2.097707050,1.898886073
7,2091699,1000156,1000156,1000104,1002656,2.091481486,2.086158164
7,2092765,1000000,1000000,999948,1000885,2.092873829,2.090914541
7,2093721,1000417,1000417,1000521,1001458,2.092630739,2.090672799
7,2088403,1000157,1000157,997083,1001250,2.094512694,2.085795755
7,2093722,1000417,1000417,1000416,1001355,2.092851374,2.090888846
7,2093308,1000261,1000261,1000260,1001094,2.092763881,2.091020424
7,2042189,1000312,1000312,1000365,1001250,2.041443873,2.039639451
7,1826478,1000521,1000521,984637,1001563,1.854975996,1.823627670
7,1843159,1000000,1000000,1000000,1000886,1.843159000,1.841527407
7,1843286,1000000,1000000,1000000,1000989,1.843286000,1.841464791
7,1843456,1000156,1000156,1000104,1001042,1.843264301,1.841537118
7,1838223,1000260,1000260,997760,1001250,1.842349864,1.835928090
7,1843685,1000261,1000261,1000260,1001145,1.843205767,1.841576395
7,1843217,1000000,1000000,1000000,1000886,1.843217000,1.841585355
7,1843962,1000417,1000417,1000364,1001354,1.843291042,1.841468651
7,1817262,1000625,1000625,972032,1001666,1.869549562,1.814239477
7,1843253,1000000,1000000,1000000,1001042,1.843253000,1.841334330
7,1843140,999948,999948,999948,1000937,1.843235848,1.841414595
7,1843830,1000364,1000364,1000365,1001354,1.843157248,1.841336830
7,1838418,1000416,1000416,995105,1001510,1.847461323,1.835646174
7,1843889,1000365,1000365,1000365,1001302,1.843216226,1.841491378
7,1844226,1000521,1000521,1000573,1001510,1.843169864,1.841445417
7,1843987,1000416,1000416,1000417,1001354,1.843218378,1.841493618
7,1833751,1000468,1000468,989114,1001667,1.853932914,1.830699224
7,1843362,1000105,1000105,1000052,1001146,1.843266150,1.841251925
7,1843567,1000208,1000208,1000208,1001146,1.843183618,1.841456691
7,1843559,1000208,1000208,1000209,1001146,1.843173777,1.841448700
7,1838442,1000469,1000469,997552,1001562,1.842953550,1.835574832
7,1832199,1000469,1000469,1000520,1001563,1.831246752,1.829339742
7,1844108,1000469,1000469,1000521,1001510,1.843147720,1.841327595
7,1842078,1000052,1000052,1000052,1001146,1.841982217,1.839969395
7,1829475,1000625,1000625,972291,1001770,1.881612604,1.826242551
7,1843459,1000157,1000157,1000156,1001198,1.843171465,1.841253179
7,1843271,1000417,1000417,1000416,1001927,1.842504518,1.839725848
7,1843902,1000417,1000417,1000364,1001354,1.843231064,1.841408733
7,1838853,1000729,1000729,998333,1002240,1.841923486,1.834743175
7,1843847,1000365,1000365,1000364,1001563,1.843176084,1.840969565
7,1843503,1000157,1000157,1000208,1001250,1.843119631,1.841201498
7,1843196,1000000,1000000,1000000,1000990,1.843196000,1.841373041
7,1831605,1000157,1000157,983697,1001145,1.861960543,1.829510211
7,1843173,1000000,1000000,1000000,1000937,1.843173000,1.841447564
7,1843573,1000208,1000208,1000157,1001146,1.843283604,1.841462684
7,1843948,1000416,1000416,1000365,1001354,1.843275205,1.841454670
7,1839820,1000416,1000416,997344,1001510,1.844719575,1.837046060
7,1843717,1000313,1000313,1000468,1001511,1.842854544,1.840935347
7,1843545,1000157,1000157,1000312,1001302,1.842969993,1.841147826
7,1843598,1000209,1000209,1000208,1001145,1.843214611,1.841489495
7,2010772,1000417,1000417,967030,1001615,2.079327425,2.007529839
7,2092670,999896,999896,999895,1000886,2.092889753,2.090817536
7,2092943,1000052,1000052,1000052,1001094,2.092834173,2.090655823
7,2093521,1000313,1000313,1000312,1001198,2.092868025,2.091015963
7,2086744,1000625,1000625,996302,1001823,2.094489422,2.082946788
7,2092617,1000208,1000208,1000208,1001094,2.092181826,2.090330179
7,2092840,1000052,1000052,1000000,1000781,2.092840000,2.091206768
7,2093115,1000156,1000156,1000157,1000990,2.092786433,2.091044866
7,2076640,1000208,1000208,980625,1001198,2.117669853,2.074155162
7,2093631,1000416,1000416,1000469,1001406,2.092649547,2.090691488
7,2093305,1000208,1000208,1000209,1001042,2.092867591,2.091126047
7,2092780,1000000,1000000,999948,1000834,2.092888830,2.091036076
7,2087898,1000521,1000521,998228,1001511,2.091604323,2.084747946
7,1897567,1000104,1000104,1000156,1001042,1.897271026,1.895591793
7,1843140,1000312,1000312,1000313,1001250,1.842563278,1.840838951
7,1843840,1000365,1000365,1000313,1001250,1.843263059,1.841538077
7,1832193,1000521,1000521,974428,1001718,1.880275403,1.829050691
7,1843944,1000365,1000365,1000417,1001667,1.843175396,1.840875261
7,1843632,1000260,1000260,1000156,1001250,1.843344438,1.841330337
7,1841700,1000052,1000052,1000104,1001302,1.841508483,1.839305225
7,1837391,1000469,1000469,994115,1001667,1.848268058,1.834333167
7,1843646,1000260,1000260,1000209,1001250,1.843260759,1.841344320
7,1843269,1000052,1000052,1000052,1001041,1.843173155,1.841352152
7,1843989,1000417,1000417,1000469,1001459,1.843124575,1.841302540
7,1826239,1000105,1000105,980416,1001250,1.862718479,1.823959051
7,1843306,1000052,1000052,1000052,1001041,1.843210153,1.841389114
7,1843712,1000261,1000261,1000260,1001250,1.843232759,1.841410237
7,1843584,1003489,1003489,999063,1004479,1.845313058,1.835363407
7,1843294,1000052,1000052,1000053,1001198,1.843196311,1.841088376
7,1843411,1000104,1000104,1000156,1001250,1.843123473,1.841109613
7,1843912,1000417,1000417,1000364,1001355,1.843241060,1.841416880
7,1851794,1010104,1010104,985833,1011146,1.878405369,1.831381423
7,1832997,1000417,1000417,993802,1001562,1.844428770,1.830138324
7,1843434,1000104,1000104,1000104,1001094,1.843242303,1.841419487
7,1844236,1000573,1000573,1000573,1001563,1.843179858,1.841357958
7,1838610,1000156,1000156,997448,1001250,1.843314138,1.836314607
7,1844150,1000521,1000521,1000521,1001614,1.843189698,1.841178338
7,1844130,1000469,1000469,1000469,1001615,1.843265508,1.841156532
7,1844019,1000416,1000416,1000469,1001562,1.843154561,1.841143134
7,1836918,1000469,1000469,987552,1001614,1.860072178,1.833957992
7,1839595,1000364,1000364,998646,1001354,1.842089189,1.837107556
7,1844112,1000521,1000521,1000521,1001458,1.843151718,1.841427199
7,1843656,1000260,1000260,1000260,1001146,1.843176774,1.841545589
7,1835549,1000000,1000000,993698,1001041,1.847189991,1.833640181
7,1843860,1000365,1000365,1000364,1001250,1.843189079,1.841558052
7,1844063,1000469,1000469,1000468,1001354,1.843200382,1.841569515
7,1843222,1000052,1000052,1000000,1000833,1.843222000,1.841687874
7,1836722,1000729,1000729,982812,1001771,1.868843685,1.833474916
7,1835529,1000469,1000469,994740,1001615,1.845234936,1.832569400
7,1843369,1000052,1000052,1000104,1001094,1.843177310,1.841354558
7,1843874,1000365,1000365,1000312,1001562,1.843298891,1.840998361
7,1834473,1000313,1000313,987396,1001511,1.857889844,1.831705293
7,1843869,1000364,1000364,1000365,1001666,1.843196233,1.840802223
7,1843725,1000261,1000261,1000312,1001459,1.843149937,1.841038924
7,1843183,1000000,1000000,999948,1001250,1.843278851,1.840881898
7,1836385,1000365,1000365,990103,1001510,1.854741375,1.833616239
7,1836389,1000156,1000156,992917,1001459,1.849488930,1.833713612
7,1843913,1000417,1000417,1000365,1001562,1.843240217,1.841037300
7,1843718,1000261,1000261,1000208,1001406,1.843334586,1.841129372
7,1838301,1000521,1000521,991719,1001667,1.853651085,1.835241652
7,1843437,1000157,1000157,1000104,1001302,1.843245302,1.841039966
7,1844043,1000469,1000469,1000469,1001459,1.843178549,1.841356461
7,1843139,999948,999948,999948,1001146,1.843234848,1.841029181
7,1837654,1017761,1017761,966875,1018906,1.900611765,1.803555971
7,1843866,1000365,1000365,1000365,1001563,1.843193234,1.840988535
7,1843339,1000052,1000052,1000105,1000989,1.843145470,1.841517739
7,1843815,1000312,1000312,1000365,1001302,1.843142253,1.841417474
7,1839117,1000365,1000365,994844,1001407,1.848648632,1.836532998
7,1843859,1000312,1000312,1000365,1001511,1.843186237,1.841077132
7,1843626,1000260,1000260,1000209,1001146,1.843240763,1.841515623
7,1844139,1000520,1000520,1000521,1001615,1.843178704,1.841165518
7,1828110,1000156,1000156,985363,1001198,1.855265521,1.825922545
7,1843335,1000104,1000104,1000104,1001302,1.843143313,1.840938099
7,1843872,1000365,1000365,1000364,1001406,1.843201075,1.841283156
7,1843137,1000000,1000000,1000000,1001042,1.843137000,1.841218450
7,1836549,1000625,1000625,989896,1001771,1.855294900,1.833302222
7,1843613,1000208,1000208,1000313,1001355,1.843036130,1.841118285
7,1843506,1000156,1000156,1000105,1001250,1.843312452,1.841204494
7,1843417,1000104,1000104,1000104,1001198,1.843225305,1.841211229
7,1789372,1000729,1000729,938854,1001979,1.905910823,1.785837827
7,1843875,1000364,1000364,1000313,1001563,1.843298048,1.840997521
7,1843577,1000209,1000209,1000208,1001302,1.843193616,1.841179784
7,1843613,1000261,1000261,1000260,1001354,1.843133785,1.841120123
7,1837212,1000104,1000104,995626,1001302,1.845283269,1.834823060
7,1843639,1000208,1000208,1000260,1001354,1.843159778,1.841146088
7,1843975,1000417,1000417,1000416,1001562,1.843208225,1.841099203
7,1843874,1000365,1000365,1000313,1001459,1.843297048,1.841187707
7,1828213,1000729,1000729,983647,1001980,1.858606797,1.824600291
7,1843446,1000105,1000105,1000052,1001302,1.843350146,1.841048954
7,1843114,999948,999948,999948,1001094,1.843209847,1.841099837
7,1843539,1000208,1000208,1000208,1001354,1.843155624,1.841046223
7,1833468,1000052,1000052,995989,1001250,1.840851656,1.831179026
7,1843579,1000208,1000208,1000260,1001354,1.843099794,1.841086169
7,1843785,1000313,1000313,1000312,1001406,1.843209919,1.841196278
7,1843560,1000156,1000156,1000208,1001354,1.843176619,1.841067195
7,1827860,1000468,1000468,969375,1001771,1.885606705,1.824628583
7,1843074,999948,999948,999896,1001198,1.843265700,1.840868639
7,1843355,1000052,1000052,1000052,1001198,1.843259151,1.841149303
7,1843731,1000260,1000260,1000260,1001406,1.843251755,1.841142354
7,1837145,1000209,1000209,990833,1001458,1.854141919,1.834470342
7,1843592,1000208,1000208,1000261,1001355,1.843110948,1.841097313
7,1843540,1000208,1000208,1000208,1001302,1.843156623,1.841142832
7,1843465,1000156,1000156,1000104,1001250,1.843273300,1.841163546
7,1826074,1000573,1000573,981876,1001927,1.859780665,1.822561923
7,1843199,999948,999948,1000000,1001198,1.843199000,1.840993490
7,1843756,1000313,1000313,1000312,1001458,1.843180928,1.841071717
7,1843193,1000000,1000000,1000000,1001094,1.843193000,1.841178750
7,1837714,1000573,1000573,996354,1001771,1.844438824,1.834465162
7,1843907,1000417,1000417,1000416,1001510,1.843140254,1.841126898
7,1843657,1000261,1000261,1000261,1001406,1.843175931,1.841068458
7,1843829,1000364,1000364,1000365,1001459,1.843156248,1.841142773
7,1828438,1000625,1000625,974843,1001875,1.875623049,1.825016095
7,1843519,1000208,1000208,1000156,1001666,1.843231456,1.840452806
7,1843156,999948,999948,1000000,1001146,1.843156000,1.841046161
7,1843572,1000209,1000209,1000208,1001302,1.843188617,1.841174790
7,1835283,1000157,1000157,992031,1001302,1.850025856,1.832896569
7,1844132,1000520,1000520,1000521,1001615,1.843171708,1.841158529
7,1843503,1000156,1000156,1000156,1001250,1.843215458,1.841201498
7,1843525,1000208,1000208,1000156,1001302,1.843237455,1.841127852
7,1830788,1000625,1000625,985678,1001875,1.857389533,1.827361697
7,1843559,1000209,1000209,1000104,1001406,1.843367290,1.840970595
7,1843325,1000053,1000053,1000104,1001146,1.843133314,1.841214968
7,1843663,1000260,1000260,1000208,1001458,1.843279598,1.840978853
7,1837503,1000157,1000157,993906,1001562,1.848769401,1.834637297
7,1844052,1000468,1000468,1000417,1001459,1.843283351,1.841365448
7,1843685,1000260,1000260,1000312,1001302,1.843109950,1.841287643
7,1843779,1000312,1000312,1000313,1001511,1.843202078,1.840997253
7,1799408,1000469,1000469,952916,1001614,1.888317543,1.796508435
7,1843622,1000208,1000208,1000209,1001198,1.843236764,1.841415984
7,1844033,1000469,1000469,1000417,1001354,1.843264359,1.841539555
7,1843417,1000157,1000157,1000156,1001042,1.843129472,1.841498159
7,1839423,1000104,1000104,996927,1001093,1.845092971,1.837414706
7,1843996,1000416,1000416,1000417,1001458,1.843227374,1.841311368
7,1843537,1000156,1000156,1000157,1001145,1.843247610,1.841428564
7,1843666,1000209,1000209,1000260,1001198,1.843186771,1.841459931
7,1835306,1002031,1002031,988646,1003333,1.856383377,1.829209246
7,1843751,1000313,1000313,1000260,1001406,1.843271749,1.841162326
7,1843580,1000208,1000208,1000208,1001250,1.843196615,1.841278402
7,1843491,1000156,1000156,1000105,1001198,1.843297454,1.841285140
7,1834959,1000208,1000208,992605,1001511,1.848629616,1.832190560
7,1844160,1000521,1000521,1000573,1001562,1.843103901,1.841283915
7,1843936,1000417,1000417,1000365,1001406,1.843263209,1.841347066
7,1843691,1000260,1000260,1000261,1001459,1.843209922,1.841004974
7,1825531,1000625,1000625,971667,1002032,1.878761963,1.821829043
7,1843960,1000417,1000417,1000365,1001562,1.843287200,1.841084226
7,1843732,1000260,1000260,1000313,1001459,1.843155092,1.841045914
7,1844032,1000469,1000469,1000416,1001562,1.843265202,1.841156114
7,1837285,1000052,1000052,995260,1001302,1.846035207,1.834895965
7,1843911,1000417,1000417,1000364,1001511,1.843240061,1.841129054
7,1843264,1000052,1000052,1000000,1001146,1.843264000,1.841154037
7,1844164,1000521,1000521,1000572,1001667,1.843109741,1.841094895
7,1829216,1000468,1000468,980729,1001979,1.865159489,1.825603131
7,1843283,1000052,1000052,1000000,1001198,1.843283000,1.841077389
7,1843281,1000052,1000052,1000052,1001458,1.843185154,1.840597409
7,1843811,1000365,1000365,1000312,1001458,1.843235910,1.841126637
7,1837712,1000208,1000208,995990,1001510,1.845110895,1.834941239
7,1843821,1000313,1000313,1000312,1001718,1.843245907,1.840658748
7,1843241,1000052,1000052,1000000,1001093,1.843241000,1.841228537
7,1843741,1000312,1000312,1000260,1001407,1.843261752,1.841150501
7,1786001,1000208,1000208,938801,1001719,1.902427671,1.782936133
7,1843957,1000417,1000417,1000416,1001615,1.843190233,1.840983811
7,1843511,1000156,1000156,1000157,1001302,1.843221614,1.841113870
7,1843830,1000364,1000364,1000365,1001459,1.843157248,1.841143771
7,1838544,1000573,1000573,995937,1001718,1.846044479,1.835390799
7,1843472,1000156,1000156,1000104,1001250,1.843280299,1.841170537
7,1843908,1000364,1000364,1000365,1001511,1.843235219,1.841126059
7,1843457,1000104,1000104,1000104,1001250,1.843265300,1.841155556
7,1828764,1000208,1000208,982343,1001666,1.861634887,1.825722347
7,1843371,1000104,1000104,1000052,1001302,1.843275150,1.840974052
7,1843743,1000312,1000312,1000261,1001406,1.843261909,1.841154337
7,1843939,1000416,1000416,1000417,1001511,1.843170398,1.841157012
7,1835974,1000052,1000052,995469,1001302,1.844330662,1.833586670
7,1843883,1000365,1000365,1000313,1001510,1.843306045,1.841102935
7,1844160,1000521,1000521,1000521,1001927,1.843199693,1.840613138
7,1843190,1000000,1000000,1000000,1001094,1.843190000,1.841175754
7,1823968,1000364,1000364,967759,1001927,1.884733699,1.820459974
7,1843451,1000156,1000156,1000052,1001354,1.843355146,1.840958342
7,1843475,1000156,1000156,1000156,1001302,1.843187463,1.841077917
7,1844100,1000469,1000469,1000520,1001667,1.843141566,1.841031001
7,1834220,1000104,1000104,990781,1001667,1.851287015,1.831167444
7,1843787,1000313,1000313,1000312,1001458,1.843211918,1.841102672
7,1843156,1000000,1000000,999948,1001094,1.843251849,1.841141791
7,1843242,1000000,1000000,1000000,1001093,1.843242000,1.841229536
7,1823140,1000365,1000365,977759,1001875,1.864610809,1.819728010
7,1843370,1000104,1000104,1000053,1001302,1.843272307,1.840973053
7,1843390,1000156,1000156,1000104,1001250,1.843198307,1.841088639
7,1843814,1000312,1000312,1000313,1001406,1.843237067,1.841225237
7,1832334,1000208,1000208,993595,1001667,1.844145754,1.829284583
7,1843817,1000312,1000312,1000313,1001406,1.843240066,1.841228233
7,1843229,1000000,1000000,1000000,1001094,1.843229000,1.841214711
7,1843085,999948,999948,999896,1001042,1.843276701,1.841166505
7,1826559,1000469,1000469,970313,1001770,1.882443088,1.823331703
7,1844206,1000521,1000521,1000625,1002083,1.843054091,1.840372504
7,1844087,1000468,1000468,1000417,1001771,1.843318336,1.840826896
7,1843452,1000105,1000105,1000156,1001614,1.843164466,1.840481463
7,1836488,1000625,1000625,990313,1001771,1.854452077,1.833241330
7,1836963,1000469,1000469,1000573,1001979,1.835911023,1.833334830
7,1839187,1000313,1000313,1000260,1001666,1.838708936,1.836128011
7,1844160,1000521,1000521,1000625,1001875,1.843008120,1.840708671
7,1828598,1000677,1000677,977552,1001927,1.870588981,1.825081069
7,1844107,1000521,1000521,1000520,1001979,1.843148563,1.840464720
7,1844100,1000469,1000469,1000469,1001615,1.843235523,1.841126581
7,1843701,1000625,1000625,1000677,1001771,1.842453659,1.840441578
7,1837632,1000572,1000572,993750,1001927,1.849189434,1.834097694
7,1843622,1000208,1000208,1000209,1001614,1.843236764,1.840651189
7,1843823,1000313,1000313,1000312,1001614,1.843247907,1.840851865
7,1844124,1000521,1000521,1000833,1002083,1.842589123,1.840290675
7,1907870,1000260,1000260,963281,1001407,1.980595486,1.905189399
7,2090801,1000417,1000417,1000364,1001302,2.090040225,2.088082317
7,2093637,1000417,1000417,1000469,1001406,2.092655545,2.090697479
7,2092899,1000052,1000052,1000052,1000885,2.092790175,2.091048422
7,2089423,1000573,1000573,995730,1001562,2.098383096,2.086164411
7,2094303,1000729,1000729,1000781,1001719,2.092668626,2.090709071
7,2092817,1000052,1000052,999948,1000885,2.092925832,2.090966495
7,2093059,1000156,1000156,1000104,1001041,2.092841345,2.090882391
7,1889392,1000157,1000157,984895,1001146,1.918368963,1.887229235
7,1842958,1000209,1000209,1000208,1001198,1.842574744,1.840752778
7,1842843,1000156,1000156,1000156,1000989,1.842555561,1.841022229
7,1843558,1000313,1000313,1000260,1001146,1.843078800,1.841447701
7,1838059,1000104,1000104,997501,1000989,1.842663817,1.836242956
7,1843776,1000312,1000312,1000261,1001198,1.843294900,1.841569799
7,1843905,1000416,1000416,1000365,1001354,1.843232220,1.841411729
7,1842346,1000000,1000000,1000000,1000885,1.842346000,1.840716965
7,1832911,1000833,1000833,973282,1001979,1.883227061,1.829290833
7,1843625,1000261,1000261,1000260,1001459,1.843145782,1.840939070
7,1843217,1000000,1000000,1000000,1001093,1.843217000,1.841204563
7,1843233,1000000,1000000,1000000,1001198,1.843233000,1.841027449
7,1838469,1000416,1000416,995156,1001458,1.847417892,1.835792415
7,1843356,1000052,1000052,1000052,1001146,1.843260150,1.841245932
7,1843482,1000156,1000156,1000105,1001302,1.843288455,1.841084907
7,1843183,1000000,1000000,1000000,1000989,1.843183000,1.841361893
7,1830862,1000417,1000417,982551,1001511,1.863376049,1.828099741
7,1843815,1000313,1000313,1000312,1001302,1.843239909,1.841417474
7,1843897,1000365,1000365,1000416,1001302,1.843130258,1.841499368
7,1844183,1000573,1000573,1000521,1001510,1.843222681,1.841402482
7,1839401,1000157,1000157,997552,1001146,1.843914904,1.837295459
7,1843185,1000000,1000000,1000000,1001041,1.843185000,1.841268240
7,1844260,1000573,1000573,1000677,1001615,1.843012281,1.841286323
7,1833206,1000261,1000261,1000364,1001302,1.832538956,1.830822269
7,1816404,1000521,1000521,961511,1001562,1.889114113,1.813571202
7,1843104,1000312,1000312,1000260,1001406,1.842624918,1.840516234
7,1843527,1000208,1000208,1000156,1001094,1.843239455,1.841512385
7,1844067,1000468,1000468,1000469,1001354,1.843202538,1.841573509
7,1839602,1000312,1000312,995783,1001354,1.847392454,1.837114547
7,1843554,1000208,1000208,1000208,1001198,1.843170621,1.841348065
7,1844036,1000469,1000469,1000416,1001459,1.843269200,1.841349471
7,1844244,1000573,1000573,1000677,1001719,1.842996292,1.841079185
7,1832773,1000364,1000364,986353,1001458,1.858130913,1.830104707
7,1843839,1000365,1000365,1000364,1001354,1.843168087,1.841345818
7,1843957,1000417,1000417,1000417,1001354,1.843188390,1.841463658
7,1843944,1000417,1000417,1000417,1001302,1.843175396,1.841546307
7,1839319,1000104,1000104,997083,1001146,1.844699990,1.837213553
7,1843819,1000261,1000261,1000312,1001250,1.843243908,1.841517104
7,1844107,1000469,1000469,1000469,1001562,1.843242519,1.841230997
7,1843694,1000261,1000261,1000469,1001510,1.842829713,1.840914220
7,1947811,1000677,1000677,964845,1001979,2.018781255,1.943963895
7,2092679,1000208,1000208,1000209,1001146,2.092241721,2.090283535
7,2093589,1000365,1000365,1000364,1001198,2.092827211,2.091083882
7,2092654,999948,999948,999895,1000782,2.092873752,2.091018823
7,2088527,1000417,1000417,997188,1001354,2.094416499,2.085702958
7,2093169,1000156,1000156,1000157,1001094,2.092840424,2.090881576
7,2093357,1000313,1000313,1000521,1001458,2.092266929,2.090309329
7,2092780,1000313,1000313,1000312,1001145,2.092127256,2.090386507
7,2083659,1000521,1000521,986095,1001719,2.113040833,2.080083337
7,2093327,1000261,1000261,1000260,1001093,2.092782876,2.091041492
7,2093476,1000364,1000364,1000261,1001250,2.092929745,2.090862422
7,2093787,1000468,1000468,1000521,1001406,2.092696705,2.090847269
7,2046027,1000313,1000313,962084,1001302,2.126661497,2.043366537
7,2093357,1000261,1000261,1000260,1001146,2.092812869,2.090960759
7,2093327,1000261,1000261,1000260,1001094,2.092782876,2.091039403
7,1858824,1000469,1000469,1000521,1001354,1.857856057,1.856310556
7,1828651,1000781,1000781,974792,1002084,1.875939688,1.824848017
7,1843602,1000208,1000208,1000209,1001666,1.843216768,1.840535668
7,1843791,1000312,1000312,1000261,1001458,1.843309896,1.841106666
7,1843335,1000417,1000417,1000416,1001562,1.842568492,1.840460201
7,1837389,1000209,1000209,993593,1001355,1.849237062,1.834902707
7,1844027,1000416,1000416,1000417,1001510,1.843258361,1.841246717
7,1844110,1000469,1000469,1000468,1001979,1.843247360,1.840467714
7,1843684,1000260,1000260,1000312,1001458,1.843108950,1.840999822
7,1826641,1000417,1000417,979792,1001875,1.864315079,1.823222458
7,1843481,1000157,1000157,1000156,1001302,1.843193462,1.841083909
7,1843552,1000209,1000209,1000208,1001302,1.843168621,1.841154816
7,1844179,1000573,1000573,1000521,1001614,1.843218683,1.841207291
7,1838189,1000521,1000521,994114,1001823,1.849072642,1.834844079
7,1844105,1000469,1000469,1000468,1001563,1.843242363,1.841227162
7,1843513,1000157,1000157,1000156,1001355,1.843225457,1.841018420
7,1843562,1000156,1000156,1000208,1001302,1.843178619,1.841164803
7,1821758,1000521,1000521,961614,1001928,1.894479490,1.818252409
7,1843540,1000156,1000156,1000157,1001250,1.843250610,1.841238452
7,1843770,1000312,1000312,1000313,1001354,1.843193081,1.841276911
7,1843308,1000052,1000052,1000052,1001041,1.843212153,1.841391112
7,1836868,1000365,1000365,994947,1001615,1.846196833,1.833906241
7,1843706,1000260,1000260,1000260,1001250,1.843226761,1.841404245
7,1843398,1000104,1000104,1000104,1001198,1.843206307,1.841192252
7,1844084,1000468,1000468,1000469,1001510,1.843219530,1.841303632
7,1829168,1000000,1000000,983906,1001198,1.859088165,1.826979279
7,1843533,1000208,1000208,1000157,1001146,1.843243611,1.841422730
7,1843324,1000053,1000053,1000052,1001093,1.843228152,1.841311447
7,1844075,1000521,1000521,1000468,1001406,1.843212377,1.841485871
7,1839963,1000469,1000469,997864,1001407,1.843901574,1.837377809
7,1844131,1000521,1000521,1000521,1001354,1.843170708,1.841637423
7,1844160,1000521,1000521,1000521,1001354,1.843199693,1.841666384
7,1843966,1000417,1000417,1000417,1001250,1.843197387,1.841663920
7,1832432,1000573,1000573,974792,1001667,1.879818464,1.829382420
7,1843736,1000313,1000313,1000312,1001511,1.843160934,1.840954318
7,1843863,1000365,1000365,1000365,1001406,1.843190236,1.841274169
7,1843753,1000313,1000313,1000313,1001406,1.843176086,1.841164323
7,1835816,1000208,1000208,990260,1001406,1.853872720,1.833238467
7,1843281,1000000,1000000,1000000,1001094,1.843281000,1.841266654
7,1843602,1000208,1000208,1000208,1001198,1.843218611,1.841396008
7,1843684,1000261,1000261,1000260,1001302,1.843204767,1.841286645
7,1828482,1000104,1000104,982396,1001250,1.861247399,1.826199251
7,1844158,1000521,1000521,1000521,1001407,1.843197694,1.841566915
7,1843125,999948,999948,999896,1000886,1.843316705,1.841493437
7,1843381,1000052,1000052,1000104,1000989,1.843189308,1.841559697
7,1836959,1000104,1000104,990989,1001198,1.853662351,1.834760956
7,1843860,1000365,1000365,1000312,1001250,1.843284895,1.841558052
7,1843378,1000104,1000104,1000104,1001042,1.843186309,1.841459200
7,1843120,999948,999948,999948,1000886,1.843215847,1.841488441
7,1820257,1000364,1000364,957865,1001458,1.900327290,1.817606929
7,1843236,1000052,1000052,1000000,1001094,1.843236000,1.841221703
7,1844111,1000521,1000521,1000468,1001458,1.843248360,1.841426201
7,1844044,1000469,1000469,1000469,1001563,1.843179549,1.841166257
7,1837827,1000052,1000052,994219,1001093,1.848513255,1.835820448
7,1843397,1000105,1000105,1000104,1001041,1.843205307,1.841480019
7,1843701,1000260,1000260,1000312,1001406,1.843125945,1.841112396
7,1844002,1000417,1000417,1000416,1001563,1.843235214,1.841124323
7,1829218,1000417,1000417,983124,1001563,1.860617786,1.826363394
7,1844027,1000417,1000417,1000416,1001406,1.843260204,1.841437938
7,1843918,1000365,1000365,1000364,1001406,1.843247058,1.841329091
7,1843913,1000417,1000417,1000364,1001406,1.843242060,1.841324098
7,1835732,1000313,1000313,993020,1001563,1.848635476,1.832867229
7,1844181,1000521,1000521,1000521,1001510,1.843220682,1.841400485
7,1843980,1000417,1000417,1000416,1001458,1.843213223,1.841295391
7,1844057,1000469,1000469,1000469,1001459,1.843192543,1.841370441
7,1830471,1000730,1000730,973489,1002136,1.880320168,1.826569448
7,1843274,1000052,1000052,1000000,1001563,1.843274000,1.840397459
7,1843732,1000312,1000312,1000313,1001406,1.843155092,1.841143352
7,1843470,1000156,1000156,1000156,1001302,1.843182464,1.841072923
7,1835385,1000469,1000469,992187,1001771,1.849837783,1.832140280
7,1843184,999948,999948,999947,1001146,1.843281694,1.841074129
7,1843612,1000208,1000208,1000209,1001303,1.843226766,1.841212900
7,1844106,1000521,1000521,1000469,1001614,1.843241520,1.841134409
7,1830924,1000677,1000677,983124,1002083,1.862353070,1.827118113
7,1844063,1000469,1000469,1000469,1001614,1.843198540,1.841091478
7,1843727,1000313,1000313,1000260,1001459,1.843247756,1.841040921
7,1843211,1000000,1000000,1000000,1001459,1.843211000,1.840525673
7,1836599,1000260,1000260,995625,1001510,1.844669429,1.833829917
7,1843297,1000052,1000052,1000052,1001198,1.843201154,1.841091373
7,1843860,1000365,1000365,1000312,1001458,1.843284895,1.841175566
7,1843212,1000052,1000052,1000000,1001146,1.843212000,1.841102097
7,1764596,1000469,1000469,920728,1001927,1.916522578,1.761202163
7,1843070,999948,999948,999896,1001146,1.843261699,1.840960260
7,1843243,1000052,1000052,1000052,1001198,1.843147156,1.841037437
7,1843866,1000365,1000365,1000364,1001510,1.843195077,1.841085960
7,1837022,1000521,1000521,995781,1001719,1.844805233,1.833869578
7,1843979,1000417,1000417,1000469,1001563,1.843114579,1.841101359
7,1843961,1000416,1000416,1000365,1001822,1.843288200,1.840607413
7,1843591,1000208,1000208,1000209,1001355,1.843205770,1.841096314
7,1793828,1000677,1000677,956562,1002240,1.875286704,1.789818806
7,1843377,1000052,1000052,1000104,1001354,1.843185309,1.840884442
7,1843842,1000365,1000365,1000365,1001511,1.843169243,1.841060158
7,1843403,1000104,1000104,1000052,1001250,1.843307148,1.841101623
7,1835824,1000208,1000208,995418,1001459,1.844274466,1.833149435
7,1844091,1000521,1000521,1000468,1001614,1.843228369,1.841119433
7,1843301,1000052,1000052,1000052,1001354,1.843205153,1.840808545
7,1843361,1000105,1000105,1000104,1001198,1.843169310,1.841155296
7,1826674,1000261,1000261,971405,1001510,1.880445334,1.823919881
7,1843816,1000313,1000313,1000312,1001510,1.843240909,1.841036036
7,1843536,1000209,1000209,1000208,1001563,1.843152624,1.840659050
7,1843792,1000312,1000312,1000313,1001458,1.843215074,1.841107665
7,1833331,1000260,1000260,987968,1001771,1.855658280,1.830089911
7,1843839,1000313,1000313,1000312,1001458,1.843263902,1.841154597
7,1843725,1000313,1000313,1000260,1001458,1.843245756,1.841040763
7,1862378,1018334,1018334,1004375,1019479,1.854265588,1.826793882
7,1836576,1000573,1000573,991511,1001979,1.852300176,1.832948595
7,1843921,1000416,1000416,1000417,1001511,1.843152405,1.841139039
7,1843343,1000052,1000052,1000052,1001146,1.843247151,1.841232947
7,1836983,1000364,1000364,996980,1001511,1.842547493,1.834211506
7,1843989,1000417,1000417,1000416,1001719,1.843222220,1.840824622
7,1844156,1000469,1000469,1000468,1001771,1.843293339,1.840895774
7,1843569,1000208,1000208,1000209,1001250,1.843183775,1.841267416
7,1835495,1000520,1000520,977866,1001719,1.877041435,1.832345199
7,1835740,1000209,1000209,993906,1001459,1.846995591,1.833065557
7,1843223,1000052,1000052,1000000,1001094,1.843223000,1.841208718
7,1843786,1000312,1000312,1000261,1001354,1.843304897,1.841292889
7,1837899,1000105,1000105,996458,1001146,1.844431978,1.835795179
7,1844017,1000417,1000417,1000416,1001458,1.843250208,1.841332337
7,1844099,1000469,1000469,1000469,1001667,1.843234523,1.841030003
7,1844094,1000469,1000469,1000469,1001510,1.843229525,1.841313616
7,1837428,1000469,1000469,992238,1001562,1.851801685,1.834562414
7,1835911,1000573,1000573,994480,1001823,1.846101480,1.832570224
7,1843888,1000416,1000416,1000365,1001406,1.843215226,1.841299133
7,1843528,1000156,1000156,1000208,1001250,1.843144626,1.841226467
7,1835461,1000000,1000000,996302,1001146,1.842273728,1.833359969
7,1844040,1000469,1000469,1000469,1001510,1.843175551,1.841259698
7,1843187,1000000,1000000,999948,1001042,1.843282851,1.841268398
7,1843560,1000209,1000209,1000156,1001250,1.843272449,1.841258427
7,1830750,1000260,1000260,972969,1001458,1.881611850,1.828084653
7,1790211,1000469,1000469,960886,1001927,1.863083654,1.786767898
7,1843514,1000209,1000209,1000208,1001302,1.843130629,1.841116866
7,1844177,1000521,1000521,1000521,1001615,1.843216684,1.841203456
7,1836864,1000156,1000156,995312,1001354,1.845515778,1.834380249
7,1843770,1000313,1000313,1000312,1001406,1.843194923,1.841181299
7,1843491,1000157,1000157,1000156,1001302,1.843203460,1.841093896
7,1843726,1000313,1000313,1000312,1001406,1.843150937,1.841137361
7,1829280,1001511,1001511,985053,1002708,1.857037134,1.824339688
7,1843250,1000052,1000052,1000000,1001458,1.843250000,1.840566454
7,1843296,1000052,1000052,1000000,1001458,1.843296000,1.840612387
7,1843954,1000417,1000417,1000365,1001563,1.843281202,1.841076398
7,1835190,1000521,1000521,990521,1001771,1.852752238,1.831945624
7,1843395,1000156,1000156,1000052,1001406,1.843299148,1.840806826
7,1843236,1000052,1000052,1000000,1001146,1.843236000,1.841126070
7,1843319,1000052,1000052,1000052,1001094,1.843223152,1.841304613
7,1803126,1000416,1000416,955052,1001562,1.887987251,1.800313910
7,1840944,998802,998802,998802,1001146,1.843152096,1.838836693
7,1843410,1000157,1000157,1000104,1001198,1.843218305,1.841204237
7,1843731,1000313,1000313,1000260,1001406,1.843251755,1.841142354
7,1837515,1000521,1000521,996303,1001667,1.844333501,1.834456960
7,1844149,1000521,1000521,1000521,1001615,1.843188699,1.841175502
7,1844064,1000469,1000469,1000416,1001562,1.843297188,1.841188064
7,1843444,1000157,1000157,1000104,1001198,1.843252302,1.841238197
7,1790249,1000261,1000261,955365,1001458,1.873890084,1.787642617
7,1844138,1000521,1000521,1000521,1001927,1.843177704,1.840591181
7,1843350,1000104,1000104,1000052,1001198,1.843254151,1.841144309
7,1843221,1000000,1000000,1000000,1001145,1.843221000,1.841112926
7,1837669,1000208,1000208,995782,1001407,1.845453121,1.835087033
7,1843402,1000104,1000104,1000104,1001198,1.843210306,1.841196247
7,1843985,1000417,1000417,1000416,1001510,1.843218221,1.841204781
7,1843589,1000209,1000209,1000208,1001615,1.843205613,1.840616405
7,1822080,1000208,1000208,967551,1001667,1.883187553,1.819047648
7,1843760,1000261,1000261,1000260,1001614,1.843280747,1.840788967
7,1844028,1000416,1000416,1000469,1001510,1.843163556,1.841247716
7,1843851,1000312,1000312,1000365,1001354,1.843178240,1.841357802
7,1836085,1000052,1000052,995937,1001146,1.843575447,1.833983255
7,1843434,1000104,1000104,1000104,1001146,1.843242303,1.841323843
7,1843258,1000052,1000052,1000000,1001041,1.843258000,1.841341164
7,1843743,1000312,1000312,1000261,1001302,1.843261909,1.841345568
7,1826738,1000156,1000156,979635,1001458,1.864712878,1.824078494
7,1843574,1000208,1000208,1000157,1001303,1.843284604,1.841174949
7,1843617,1000208,1000208,1000209,1001250,1.843231765,1.841315356
7,1843391,1000104,1000104,1000052,1001146,1.843295149,1.841280892
7,1836710,1000157,1000157,996927,1001250,1.842371608,1.834416979
7,1843262,1000052,1000052,1000000,1001042,1.843262000,1.841343320
7,1843132,1000000,1000000,999948,1000990,1.843227848,1.841309104
7,1843548,1000209,1000209,1000156,1001198,1.843260451,1.841342072
7,1823519,1000781,1000781,962917,1002031,1.893744736,1.819822940
7,1843620,1000261,1000261,1000260,1001667,1.843140783,1.840551800
7,1844449,1000677,1000677,1000833,1002083,1.842913853,1.840614999
7,1844102,1000469,1000469,1000521,1001615,1.843141723,1.841128577
7,1828993,1000677,1000677,991406,1002083,1.844847620,1.825191127
7,1840010,1000365,1000365,1000416,1001823,1.839244874,1.836661766
7,1843741,1000312,1000312,1000260,1001563,1.843261752,1.840863730
7,1843480,1000157,1000157,1000156,1001302,1.843192462,1.841082910
7,1828299,1000625,1000625,980000,1001823,1.865611224,1.824972076
7,1843234,1000052,1000052,1000000,1001094,1.843234000,1.841219706
7,1843893,1000365,1000365,1000416,1001302,1.843126259,1.841495373
7,1844036,1000417,1000417,1000417,1001406,1.843267358,1.841446926
7,1838013,1000260,1000260,994844,1001406,1.847538911,1.835432382
7,1843667,1000261,1000261,1000364,1001615,1.842996149,1.840694279
7,1842739,1000157,1000157,1000104,1001094,1.842547375,1.840725247
7,1843289,1000052,1000052,1000000,1000990,1.843289000,1.841465949
7,1853218,1000417,1000417,972760,1001510,1.905113286,1.850423860
7,2088177,1000104,1000104,1000052,1000989,2.088068420,2.086113833
7,2093359,1000261,1000261,1000416,1001406,2.092488525,2.090419870
7,2093428,1000313,1000313,1000312,1001146,2.092775054,2.091031678
7,2088892,1000416,1000416,995364,1001406,2.098621208,2.085959141
7,2094120,1000625,1000625,1000677,1001667,2.092703240,2.090634912
7,1907064,1000312,1000312,1000365,1001250,1.906368176,1.904683146
7,1843603,1000573,1000573,1000573,1001563,1.842547220,1.840725945
7,1830358,1000156,1000156,984427,1001354,1.859313083,1.827883046
7,1843169,1000156,1000156,1000156,1001510,1.842881510,1.840390011
7,1843724,1000312,1000312,1000312,1001407,1.843148938,1.841133525
7,1844077,1000469,1000469,1000521,1001615,1.843116736,1.841103618
7,1837736,1000416,1000416,994271,1001771,1.848325054,1.834487123
7,1842630,1000052,1000052,1000052,1001146,1.842534188,1.840520763
7,1843513,1000209,1000209,1000208,1001250,1.843129629,1.841211486
7,1843397,1000104,1000104,1000052,1001197,1.843301148,1.841193092
7,1808481,992501,992501,960053,1001615,1.883730377,1.805565013
7,1843549,1000156,1000156,1000208,1001406,1.843165622,1.840960609
7,1843323,1000105,1000105,1000104,1001094,1.843131314,1.841308608
7,1843875,1000365,1000365,1000364,1001562,1.843204074,1.840999359
7,1825030,1000417,1000417,992449,1001666,1.838915652,1.821994557
7,1840776,1000417,1000417,1000364,1001407,1.840106201,1.838189667
7,1844171,1000521,1000521,1000520,1001511,1.843212529,1.841388662
7,1843639,1000261,1000261,1000208,1001250,1.843255603,1.841337328
7,1829507,1000261,1000261,984791,1001406,1.857761698,1.826938325
7,1843633,1000261,1000261,1000260,1001250,1.843153780,1.841331336
7,1843956,1000521,1000521,1000521,1001458,1.842995799,1.841271426
7,1843589,1000209,1000209,1000156,1001146,1.843301445,1.841478665
7,1839736,1000365,1000365,997082,1001458,1.845120060,1.837057570
7,1843963,1000521,1000521,1000573,1001563,1.842907014,1.841085384
7,1841400,1000833,1000833,1001250,1002448,1.839101124,1.836903261
7,1839754,1000209,1000209,1000260,1001302,1.839275788,1.837361755
7,1830083,1000208,1000208,980417,1001302,1.866637359,1.827703330
7,1842252,1000573,1000573,1000521,1001511,1.841292687,1.839472557
7,1844061,1000469,1000469,1000468,1001406,1.843198383,1.841471891
7,1843403,1000104,1000104,1000052,1001041,1.843307148,1.841486013
7,1839876,1000364,1000364,994636,1001407,1.849798318,1.837290932
7,1843588,1000208,1000208,1000208,1001197,1.843204613,1.841383864
7,1843394,1000469,1000469,1000678,1001667,1.842145026,1.840326176
7,1844180,1000521,1000521,1000573,1001562,1.843123890,1.841303883
7,1833202,1000104,1000104,986198,1001250,1.858857958,1.830913358
7,1843786,1000312,1000312,1000365,1001302,1.843113264,1.841388512
7,1843889,1000364,1000364,1000417,1001302,1.843120419,1.841491378
7,1843272,1000053,1000053,1000052,1000990,1.843176155,1.841448966
7,1839346,1000156,1000156,996929,1001146,1.845012032,1.837240522
7,1844101,1000469,1000469,1000521,1001407,1.843140724,1.841509995
7,1844252,1000521,1000521,1000625,1001563,1.843100062,1.841373933
7,1844014,1000416,1000416,1000573,1001615,1.842957985,1.841040719
7,1875955,1000625,1000625,961824,1001719,1.950414005,1.872735767
7,2090106,1000000,1000000,1000000,1000990,2.090106000,2.088038842
7,2092818,1000000,1000000,1000000,1000885,2.092818000,2.090967494
7,2092968,1000417,1000417,1000521,1001302,2.091878131,2.090246499
7,2088338,999948,999948,996927,1001041,2.094775244,2.086166301
7,2093852,1000521,1000521,1000521,1001302,2.092761671,2.091129350
7,2093147,1000156,1000156,1000313,1001250,2.092492050,2.090533833
7,2092838,1000000,1000000,1000000,1000885,2.092838000,2.090987476
7,2080914,1000365,1000365,987395,1001302,2.107478770,2.078208173
7,2093183,1000157,1000157,1000260,1001250,2.092638914,2.090569788
7,2093153,1000209,1000209,1000208,1000990,2.092717715,2.091082828
7,2093363,1000260,1000260,1000261,1001146,2.092816775,2.090966752
7,2088423,1000313,1000313,995364,1001197,2.098150024,2.085926146
7,2093405,1000260,1000260,1000261,1001198,2.092858764,2.090900102
7,2024408,1000209,1000209,1000260,1001093,2.023881791,2.022197738
7,1839241,999948,999948,999948,1000886,1.839336646,1.837612875
7,1831471,1000729,1000729,975156,1001927,1.878131294,1.827948543
7,1843294,1000052,1000052,1000052,1001354,1.843198154,1.840801555
7,1843704,1000260,1000260,1000260,1001458,1.843224762,1.841019793
7,1843777,1000313,1000313,1000312,1001511,1.843201921,1.840995256
7,1836814,1000157,1000157,993958,1001354,1.847979492,1.834330317
7,1843072,999948,999948,999896,1001094,1.843263699,1.841057883
7,1843933,1000417,1000417,1000365,1001510,1.843260210,1.841152859
7,1843702,1000260,1000260,1000261,1001458,1.843220919,1.841017796
7,1811195,1000365,1000365,965521,1001667,1.875873233,1.808180763
7,1843377,1000105,1000105,1000052,1001459,1.843281149,1.840691431
7,1843700,1000260,1000260,1000313,1001666,1.843123102,1.840633505
7,1843587,1000209,1000209,1000208,1001355,1.843203614,1.841092320
7,1835607,1000417,1000417,992032,1001562,1.850350594,1.832744253
7,1843852,1000365,1000365,1000312,1001771,1.843276898,1.840592311
7,1843151,999948,999948,999947,1001094,1.843248692,1.841136796
7,1843347,1000104,1000104,1000104,1001198,1.843155312,1.841141313
7,1795195,1000364,1000364,942708,1001614,1.904295922,1.792302224
7,1836129,998593,998593,998750,1001511,1.838427034,1.833358795
7,1843874,1000365,1000365,1000417,1001458,1.843105425,1.841189546
7,1843892,1000364,1000364,1000365,1001406,1.843219225,1.841303128
7,1836240,1000052,1000052,994168,1001354,1.847011773,1.833757093
7,1843334,1000052,1000052,1000052,1001146,1.843238152,1.841223957
7,1843499,1000208,1000208,1000156,1001198,1.843211459,1.841293131
7,1843372,1000105,1000105,1000104,1001145,1.843180309,1.841263753
7,1828484,1000417,1000417,983281,1001667,1.859574221,1.825440990
7,1843535,1000156,1000156,1000157,1001198,1.843245610,1.841329088
7,1843488,1000156,1000156,1000156,1001094,1.843200461,1.841473428
7,1843253,1000052,1000052,1000000,1000989,1.843253000,1.841431824
7,1837692,1000260,1000260,996251,1001302,1.844607433,1.835302436
7,1844219,1000573,1000573,1000520,1001511,1.843260505,1.841436589
7,1843843,1000313,1000313,1000364,1001198,1.843172085,1.841636719
7,1843643,1000261,1000261,1000260,1001146,1.843163777,1.841532604
7,1830487,1000729,1000729,975729,1001771,1.876019878,1.827250939
7,1843382,1000209,1000209,1000208,1001197,1.842998656,1.841178110
7,1843774,1000417,1000417,1000416,1001355,1.843007309,1.841279067
7,1843236,1000000,1000000,1000052,1000886,1.843140157,1.841604339
7,1838195,1000417,1000417,997084,1001458,1.843570853,1.835518814
7,1843349,1000104,1000104,1000000,1000990,1.843349000,1.841525889
7,1843656,1000209,1000209,1000260,1001250,1.843176774,1.841354307
7,1843454,1000156,1000156,1000105,1001146,1.843260458,1.841343820
7,1826003,1000469,1000469,976251,1001666,1.870423692,1.822965939
7,1842883,1000000,1000000,1000000,1001041,1.842883000,1.840966554
7,1843285,1000156,1000156,1000156,1001146,1.842997492,1.841175013
7,1843222,1000000,1000000,1000000,1001250,1.843222000,1.840920849
7,1836497,1000260,1000260,994167,1001563,1.847272138,1.833631035
7,1843399,1000104,1000104,1000104,1001145,1.843207306,1.841290722
7,1843348,1000157,1000157,1000156,1001250,1.843060483,1.841046692
7,1843207,1000000,1000000,1000000,1001042,1.843207000,1.841288378
7,1830255,1000677,1000677,962917,1001875,1.900740147,1.826829694
7,1843324,1000052,1000052,1000156,1001302,1.843036486,1.840927113
7,1844059,1000468,1000468,1000417,1001406,1.843290348,1.841469893
7,1843089,1000052,1000052,1000053,1000938,1.842991321,1.841361803
7,1837431,1000209,1000209,995782,1001354,1.845214113,1.834946482
7,1843286,1000052,1000052,1000000,1000989,1.843286000,1.841464791
7,1843116,1000156,1000156,1000105,1001094,1.842922493,1.841101835
7,1843293,1000157,1000157,1000104,1001093,1.843101317,1.841280480
7,1825382,1000469,1000469,978594,1001667,1.865310844,1.822344152
7,1843694,1000520,1000520,1000469,1001562,1.842829713,1.840818641
7,1844070,1000469,1000469,1000468,1001510,1.843207379,1.841289653
7,1844005,1000469,1000469,1000417,1001511,1.843236370,1.841222912
7,1833978,1000365,1000365,991666,1001771,1.849390823,1.830735767
7,1843334,1000104,1000104,1000000,1001145,1.843334000,1.841225796
7,1843911,1000365,1000365,1000365,1001459,1.843238218,1.841224653
7,1843280,1000052,1000052,1000000,1001093,1.843280000,1.841267495
7,1819609,1000261,1000261,965051,1001823,1.885505533,1.816297889
7,1843714,1000365,1000365,1000364,1001615,1.843043132,1.840741203
7,1843145,999948,999948,1000000,1001145,1.843145000,1.841037013
7,1843861,1000364,1000364,1000313,1001511,1.843284052,1.841079129
7,1835819,1000156,1000156,995834,1001666,1.843499017,1.832765612
7,1843760,1000313,1000313,1000313,1001407,1.843183084,1.841169475
7,1843347,1000260,1000260,1000261,1001406,1.842866012,1.840758893
7,1843619,1000260,1000260,1000209,1001354,1.843233764,1.841126115
7,1799210,1000469,1000469,961041,1002031,1.872146974,1.795563211
7,1843075,999948,999948,999896,1001146,1.843266700,1.840965254
7,1843703,1000260,1000260,1000261,1001406,1.843221919,1.841114393
7,1844132,1000520,1000520,1000521,1001614,1.843171708,1.841160367
7,1836586,1000208,1000208,996666,1001667,1.842729661,1.833529506
7,1843774,1000312,1000312,1000261,1001406,1.843292901,1.841185293
7,1843270,1000104,1000104,1000104,1001562,1.843078320,1.840395303
7,1842896,999948,999948,999896,1001094,1.843087681,1.840882075
7,1827259,1000364,1000364,970261,1001979,1.883265431,1.823649997
7,1843698,1000261,1000261,1000260,1001458,1.843218763,1.841013802
7,1842628,1000000,1000000,999948,1001093,1.842723822,1.840616206
7,1843130,1000000,1000000,999948,1001094,1.843225848,1.841115819
7,1837824,1000365,1000365,995312,1001614,1.846480300,1.834862532
7,1844185,1000520,1000520,1000573,1001666,1.843128887,1.841117698
7,1843018,1000000,1000000,1000000,1001146,1.843018000,1.840908319
7,1843051,1000000,1000000,1000000,1001146,1.843051000,1.840941281
7,1827319,1000416,1000416,983021,1001771,1.858880939,1.824088539
7,1843099,1000053,1000053,1000000,1001563,1.843099000,1.840222732
7,1843279,1000052,1000052,1000052,1001145,1.843183154,1.841170859
7,1844004,1000469,1000469,1000417,1001563,1.843235371,1.841126320
7,1836220,1000573,1000573,996250,1001719,1.843131744,1.833068954
7,1844186,1000521,1000521,1000469,1001666,1.843321482,1.841118696
7,1843331,1000105,1000105,1000104,1001250,1.843139314,1.841029713
7,1843554,1000157,1000157,1000208,1001354,1.843170621,1.841061203
7,1826959,1000625,1000625,967031,1002188,1.889245536,1.822970341
7,1843782,1000312,1000312,1000261,1001563,1.843300898,1.840904666
7,1843385,1000104,1000104,1000104,1001250,1.843193308,1.841083645
7,1843783,1000313,1000313,1000312,1001719,1.843207919,1.840618976
7,1834512,1000104,1000104,988647,1001302,1.855578381,1.832126571
7,1843677,1000260,1000260,1000260,1001667,1.843197769,1.840608705
7,1843305,1000052,1000052,1000000,1001197,1.843305000,1.841101202
7,1843701,1000261,1000261,1000208,1001355,1.843317590,1.841206166
7,1829052,1000260,1000260,982293,1001666,1.862022838,1.826009868
7,1844043,1000416,1000416,1000365,1001615,1.843370170,1.841069672
7,1843933,1000521,1000521,1000469,1001719,1.843068601,1.840768719
7,1843895,1000365,1000365,1000416,1001614,1.843128259,1.840923749
7,1837067,1000261,1000261,996667,1001667,1.843210420,1.834009706
7,1843533,1000365,1000365,1000364,1001823,1.842862198,1.840178355
7,1843649,1000260,1000260,1000209,1001354,1.843263758,1.841156075
7,1843499,1000156,1000156,1000156,1001302,1.843211459,1.841101885
7,1795008,1000625,1000625,942760,1002135,1.903992533,1.791183823
7,1843585,1000261,1000261,1000156,1001354,1.843297446,1.841092161
7,1843519,1000156,1000156,1000156,1001250,1.843231456,1.841217478
7,1843779,1000365,1000365,1000312,1001354,1.843203920,1.841285899
7,1835705,1000417,1000417,997501,1001510,1.840303919,1.832937265
7,1843562,1000208,1000208,1000157,1001197,1.843272606,1.841357895
7,1843481,1000157,1000157,1000156,1001146,1.843193462,1.841370789
7,1843593,1000209,1000209,1000156,1001250,1.843305444,1.841291386
7,1826429,1000469,1000469,983385,1001666,1.857287837,1.823391230
7,1843103,1000156,1000156,1000105,1001041,1.842909495,1.841186325
7,1844038,1000469,1000469,1000417,1001407,1.843269357,1.841447084
7,1843182,1000000,1000000,1000000,1001042,1.843182000,1.841263404
7,1837826,1000260,1000260,996928,1001198,1.843489199,1.835626919
7,1843745,1000364,1000364,1000365,1001302,1.843072279,1.841347565
7,1843471,1000156,1000156,1000105,1001094,1.843277456,1.841456447
7,1842949,1000000,1000000,999948,1000938,1.843044838,1.841221934
7,1831936,1000677,1000677,982293,1001927,1.864958826,1.828412649
7,1843702,1000416,1000416,1000313,1001458,1.843125102,1.841017796
7,1844169,1000521,1000521,1000521,1001666,1.843208688,1.841101725
7,1843303,1000261,1000261,1000208,1001302,1.842919673,1.840906140
7,1837936,1000104,1000104,996666,1001146,1.844084177,1.835832136
7,1843227,1000104,1000104,1000104,1001094,1.843035324,1.841212713
7,1843313,1000156,1000156,1000209,1001145,1.842927828,1.841204820
7,1843391,1000209,1000209,1000208,1001354,1.843007654,1.840898424
7,1829782,1000209,1000209,981198,1001563,1.864844812,1.826926514
7,1843785,1000417,1000417,1000416,1001406,1.843018304,1.841196278
7,1843649,1000261,1000261,1000208,1001198,1.843265601,1.841442951
7,1843051,999896,999896,999948,1000937,1.843146844,1.841325678
7,1838555,1000469,1000469,995000,1001615,1.847793970,1.835590521
7,1843998,1000416,1000416,1000469,1001354,1.843133570,1.841504603
7,1844062,1000469,1000469,1000469,1001458,1.843197540,1.841377272
7,1844129,1000521,1000521,1000468,1001510,1.843266351,1.841348564
7,1828892,1000469,1000469,976251,1001719,1.873382972,1.825753530
7,1842064,1000416,1000416,1000365,1001667,1.841391892,1.838998390
7,1842005,1000261,1000261,1000208,1001354,1.841621943,1.839514298
7,1841054,1000052,1000052,1000000,1001406,1.841054000,1.838469112
7,1837062,1000416,1000416,996407,1001563,1.843686365,1.834195153
7,1841867,1000469,1000469,1000521,1001615,1.840907887,1.838897181
7,1841796,1000312,1000312,1000313,1001666,1.841219698,1.838732671
7,1840045,1000208,1000208,1000261,1001354,1.839564874,1.837556948
7,1814647,1000364,1000364,972917,1001875,1.865161160,1.811250905
7,1842439,1000000,1000000,1000053,1001198,1.842341356,1.840234399
7,1842200,1000416,1000416,1000417,1001563,1.841432123,1.839325135
7,1841212,1000000,1000000,1000000,1001198,1.841212000,1.839008867
7,1831108,1000157,1000157,995677,1001302,1.839058249,1.828726997
7,1837747,1000052,1000052,1000000,1001146,1.837747000,1.835643353
7,1840706,1000000,1000000,1000000,1001146,1.840706000,1.838598966
7,1842090,1000156,1000156,1000208,1001354,1.841706925,1.839599183
7,1827750,1000729,1000729,971199,1002187,1.881952103,1.823761434
7,1842447,1000313,1000313,1000261,1001771,1.841966247,1.839189795
7,1839673,1000104,1000104,1000052,1001250,1.839577342,1.837376280
7,1840464,999948,999948,1000000,1001406,1.840464000,1.837879941
7,1832408,1000157,1000157,995312,1001354,1.841038790,1.829930274
7,1844076,1000468,1000468,1000469,1001563,1.843211534,1.841198207
7,1840461,1000261,1000261,1000260,1001406,1.839982605,1.837876945
7,1840636,1000000,1000000,1000000,1001094,1.840636000,1.838624545
7,1827128,1000677,1000677,984635,1002135,1.855639907,1.823235392
7,1841800,1000052,1000052,1000000,1001250,1.841800000,1.839500624
7,1841875,1000417,1000417,1000364,1001510,1.841204801,1.839097962
7,1840341,1000209,1000209,1000156,1001615,1.840053952,1.837373642
7,1831280,1000521,1000521,994063,1002032,1.842217244,1.827566385
7,1841126,1000417,1000417,1000417,1001614,1.840358570,1.838159211
7,1840602,1000416,1000416,1000417,1001563,1.839834789,1.837729629
7,1840323,1000365,1000365,1000364,1001510,1.839653366,1.837548302
7,1822914,1000625,1000625,968749,1002135,1.881719620,1.819030370
7,1840947,1000365,1000365,1000312,1001562,1.840372804,1.838075925
7,1844067,1000468,1000468,1000469,1001615,1.843202538,1.841093634
7,1840734,1000156,1000156,1000104,1001250,1.840542584,1.838435955
7,1833576,1000260,1000260,992396,1001823,1.847625343,1.830239473
7,1840853,1000052,1000052,1000000,1001198,1.840853000,1.838650297
7,1841888,1000313,1000313,1000469,1001927,1.841024559,1.838345508
7,1831556,1000156,1000156,1000156,1001354,1.831270322,1.829079426
7,1811212,1000625,1000625,968802,1002188,1.869537842,1.807257720
7,1843071,999948,999948,999896,1001406,1.843262699,1.840483281
7,1843764,1000313,1000313,1000312,1001562,1.843188925,1.840888532
7,1843645,1000260,1000260,1000261,1001667,1.843163934,1.840576759
7,1836872,1000209,1000209,992395,1001719,1.850948463,1.833719836
7,1844256,1000573,1000573,1000573,1001875,1.843199846,1.840804492
7,1842850,1000156,1000156,1000156,1001354,1.842562560,1.840358155
7,1843238,1000000,1000000,1000000,1001198,1.843238000,1.841032443
7,2000146,1000625,1000625,935625,1001979,2.137764596,1.996195529
7,2092767,1000000,1000000,999948,1000937,2.092875830,2.090807913
7,2093203,1000156,1000156,1000260,1001250,2.092658909,2.090589763
7,2092701,999948,999948,999948,1000781,2.092809826,2.091067876
7,2089007,1000312,1000312,995626,1001354,2.098184459,2.086182309
7,2094106,1000625,1000625,1000677,1001614,2.092689249,2.090731559
7,2092868,1000000,1000000,1000000,1000885,2.092868000,2.091017450
7,2100231,1007500,1007500,1000469,1008386,2.099246453,2.082764933
7,2080963,1000208,1000208,989531,1001146,2.102979088,2.078580946
7,1920744,1000104,1000104,1000104,1000937,1.920544263,1.918945948
7,1843478,1000156,1000156,1000156,1001042,1.843190462,1.841559095
7,1835273,1000000,1000000,995677,1000989,1.843241332,1.833459708
7,1843581,1000209,1000209,1000208,1001146,1.843197615,1.841470675
7,1843367,1000104,1000104,1000104,1000990,1.843175310,1.841543872
7,1843405,1000104,1000104,1000104,1000990,1.843213306,1.841581834
7,1840755,1009740,1009740,974271,1010677,1.889366511,1.821308885
7,1827068,1000729,1000729,996094,1001719,1.834232512,1.823932660
7,1843823,1000364,1000364,1000313,1001406,1.843246064,1.841234225
7,1843505,1000156,1000156,1000156,1001146,1.843217458,1.841394762
7,1836650,1000468,1000468,996979,1001563,1.842215333,1.833783796
7,1843815,1000365,1000365,1000312,1001406,1.843239909,1.841226236
7,1843282,1000365,1000365,1000417,1001406,1.842513672,1.840693984
7,1833451,1000313,1000313,1000208,1001250,1.833069721,1.831162047
7,1828055,1000052,1000052,992656,1001146,1.841579560,1.825962447
7,1826974,1000365,1000365,982760,1001458,1.859023566,1.824314150
7,1835717,1000573,1000573,1000573,1001511,1.834665737,1.832947416
7,1838953,1000417,1000417,1000417,1001354,1.838186476,1.836466424
7,1830713,1000313,1000313,997603,1001250,1.835111763,1.828427466
7,1835499,1000208,1000208,1000208,1001094,1.835117296,1.833493158
7,1834927,1000521,1000521,1000573,1001511,1.833876189,1.832158608
7,1831842,1000261,1000261,1000312,1001302,1.831270644,1.829460043
7,1832265,1000521,1000521,972656,1001614,1.883774942,1.829312490
7,1839224,1000521,1000521,994011,1001563,1.850305480,1.836353779
7,1844041,1000468,1000468,1000469,1001511,1.843176550,1.841258858
7,1844019,1000469,1000469,1000469,1001406,1.843154561,1.841429949
7,1839440,1000417,1000417,997448,1001614,1.844146261,1.836475928
7,1843633,1000260,1000260,1000261,1001198,1.843151937,1.841426970
7,1844450,1000678,1000678,1000729,1001771,1.843106375,1.841189254
7,1844031,1000417,1000417,1000521,1001562,1.843070760,1.841155116
7,1837979,1000625,1000625,988541,1001667,1.859284542,1.834920188
7,1839989,1000625,1000625,996302,1001666,1.846818535,1.836928677
7,1844156,1000521,1000521,1000521,1001458,1.843195695,1.841471135
7,1843874,1000365,1000365,1000364,1001302,1.843203074,1.841476398
7,1839312,1000156,1000156,997187,1001146,1.844500580,1.837206561
7,1843484,1000156,1000156,1000156,1001146,1.843196461,1.841373786
7,1843442,1000156,1000156,1000105,1001042,1.843248459,1.841523133
7,1844116,1000521,1000521,1000729,1001667,1.842772619,1.841046975
7,1817790,1000260,1000260,969946,1001250,1.874114641,1.815520599
7,2087106,1000209,1000209,1000208,1001302,2.086671972,2.084392121
7,2093207,1000208,1000208,1000208,1001093,2.092771703,2.090921623
7,2092962,1000105,1000105,1000104,1000990,2.092744355,2.090892017
7,2087029,1000156,1000156,995573,1001093,2.096309362,2.084750368
7,2093554,1000364,1000364,1000365,1001354,2.092790132,2.090723161
7,2092459,1000157,1000157,1000208,1001250,2.092023859,2.089846692
7,2092999,1000052,1000052,1000261,1001198,2.092452870,2.090494587
7,2080882,1000365,1000365,987032,1001302,2.108221415,2.078176215
7,2093407,1000312,1000312,1000261,1001198,2.092860763,2.090902099
7,2093365,1000261,1000261,1000312,1001042,2.092712074,2.091185984
7,2093439,1000312,1000312,1000313,1001094,2.092783959,2.091151280
7,2088851,1000469,1000469,998176,1001354,2.092668026,2.086026520
7,2093501,1000313,1000313,1000312,1001250,2.092848031,2.090887391
7,2093234,1000208,1000208,1000209,1001042,2.092796606,2.091055121
7,1857134,1000000,1000000,1000053,1000833,1.857035577,1.855588295
7,1831234,1000677,1000677,975156,1001667,1.877888256,1.828186413
7,1843405,1000052,1000052,1000104,1001198,1.843213306,1.841199243
7,1843294,1000052,1000052,1000000,1001146,1.843294000,1.841184003
7,1843368,1000105,1000105,1000104,1001406,1.843176310,1.840779864
7,1838301,1000000,1000000,993854,1001198,1.849669066,1.836101351
7,1843180,999948,999948,1000000,1001250,1.843180000,1.840878901
7,1843885,1000364,1000364,1000365,1001458,1.843212228,1.841200530
7,1843834,1000312,1000312,1000364,1001459,1.843163089,1.841147765
7,1829445,1000261,1000261,980729,1001510,1.865392988,1.826686703
7,1843443,1000156,1000156,1000105,1001406,1.843249459,1.840854758
7,1843642,1000260,1000260,1000208,1001407,1.843258602,1.841051640
7,1843178,1000000,1000000,999948,1001094,1.843273850,1.841163767
7,1835540,1000156,1000156,994374,1001407,1.845925175,1.832961024
7,1843474,1000157,1000157,1000104,1001458,1.843282299,1.840790128
7,1843517,1000156,1000156,1000156,1001250,1.843229456,1.841215481
7,1843634,1000260,1000260,1000261,1001302,1.843152937,1.841236710
7,1827123,1000468,1000468,970208,1001667,1.883228133,1.824082255
7,1843785,1000312,1000312,1000261,1001510,1.843303898,1.841005082
7,1843727,1000260,1000260,1000261,1001302,1.843245913,1.841329589
7,1844046,1000469,1000469,1000469,1001458,1.843181548,1.841361295
7,1835444,1000156,1000156,994273,1001198,1.846016134,1.833247769
7,1843437,1000104,1000104,1000104,1001146,1.843245302,1.841326839
7,1843270,1000052,1000052,1000000,1001094,1.843270000,1.841255666
7,1844061,1000469,1000469,1000417,1001614,1.843292347,1.841089482
7,1828733,1000156,1000156,981564,1001354,1.863080757,1.826260244
7,1844036,1000417,1000417,1000416,1001562,1.843269200,1.841160108
7,1843557,1000208,1000208,1000156,1001250,1.843269450,1.841255431
7,1843370,1000052,1000052,1000104,1001093,1.843178309,1.841357396
7,1838023,1000521,1000521,997449,1001667,1.842723788,1.834964115
7,1844071,1000468,1000468,1000469,1001354,1.843206536,1.841577504
7,1843742,1000312,1000312,1000261,1001250,1.843260909,1.841440200
7,1843391,1000105,1000105,1000104,1000990,1.843199307,1.841567848
7,1817080,1000729,1000729,961929,1001927,1.888995965,1.813585221
7,1843258,1000052,1000052,1000000,1001197,1.843258000,1.841054258
7,1843220,1000000,1000000,1000000,1000989,1.843220000,1.841398857
7,1843512,1000208,1000208,1000104,1001198,1.843320295,1.841306115
7,1836824,1000469,1000469,995521,1001666,1.845088150,1.833768941
7,1843368,1000052,1000052,1000052,1000989,1.843272150,1.841546710
7,1843243,1000052,1000052,1000000,1000990,1.843243000,1.841419994
7,1843739,1000312,1000312,1000260,1001250,1.843259752,1.841437203
7,1830938,1000312,1000312,981148,1001719,1.866118058,1.827796019
7,1843187,1000000,1000000,1000000,1000989,1.843187000,1.841365889
7,1843119,999948,999948,999895,1000990,1.843312548,1.841296117
7,1843926,1000365,1000365,1000417,1001458,1.843157403,1.841241470
7,1838852,1000520,1000520,994271,1001823,1.849447485,1.835505873
7,1843953,1000416,1000416,1000417,1001510,1.843184392,1.841172829
7,1843157,1000000,1000000,999948,1001042,1.843252849,1.841238430
7,1844065,1000469,1000469,1000469,1001510,1.843200539,1.841284660
7,1820569,1000520,1000520,959583,1001771,1.897250160,1.817350472
7,1843412,1000156,1000156,1000105,1001666,1.843218462,1.840345984
7,1843632,1000208,1000208,1000261,1001458,1.843150938,1.840947898
7,1843989,1000417,1000417,1000417,1001562,1.843220377,1.841113181
7,1837454,1000208,1000208,992552,1001354,1.851242051,1.834969451
7,1844183,1000521,1000521,1000521,1001927,1.843222681,1.840636094
7,1844114,1000469,1000469,1000469,1001615,1.843249516,1.841140558
7,1843184,1000000,1000000,999948,1001094,1.843279851,1.841169760
7,1782833,1000260,1000260,945521,1001823,1.885556217,1.779588810
7,1843584,1000208,1000208,1000208,1001406,1.843200614,1.840995560
7,1843304,1000052,1000052,1000104,1001198,1.843112316,1.841098364
7,1844051,1000469,1000469,1000416,1001563,1.843284194,1.841173246
7,1835459,1000312,1000312,992084,1001458,1.850104427,1.832786797
7,1843567,1000208,1000208,1000208,1001354,1.843183618,1.841074186
7,1843148,1000000,1000000,999948,1001094,1.843243849,1.841133800
7,1843624,1000260,1000260,1000261,1001354,1.843142940,1.841131108
7,1827394,1000521,1000521,970936,1001823,1.882095215,1.824068723
7,1843183,1000000,1000000,1000000,1001250,1.843183000,1.840881898
7,1843635,1000209,1000209,1000208,1001407,1.843251604,1.841044650
7,1843531,1000209,1000209,1000208,1001303,1.843147625,1.841132005
7,1837618,1000052,1000052,996875,1001250,1.843378558,1.835323845
7,1843908,1000365,1000365,1000417,1001510,1.843139411,1.841127897
7,1843212,1000000,1000000,999948,1001094,1.843307852,1.841197730
7,1843744,1000261,1000261,1000260,1001406,1.843264751,1.841155336
7,1817516,1000364,1000364,978334,1001614,1.857766366,1.814587256
7,1843704,1000261,1000261,1000261,1001407,1.843222919,1.841113553
7,1844112,1000469,1000469,1000469,1001614,1.843247517,1.841140399
7,1843494,1000157,1000157,1000156,1001302,1.843206460,1.841096892
7,1834881,1000261,1000261,996875,1001407,1.840632978,1.832302950
7,1843449,1000156,1000156,1000105,1001510,1.843255458,1.840669589
7,1843884,1000365,1000365,1000364,1001511,1.843213070,1.841102095
7,1843082,999895,999895,999948,1001407,1.843177845,1.840492427
7,1799043,1000156,1000156,947084,1001510,1.899560123,1.796330541
7,1844168,1000521,1000521,1000469,1001719,1.843303491,1.841003315
7,1843968,1000417,1000417,1000364,1001615,1.843297040,1.840994793
7,1843586,1000209,1000209,1000156,1001302,1.843298445,1.841188772
7,1836991,1000156,1000156,996510,1001302,1.843424552,1.834602348
7,1843800,1000313,1000313,1000312,1001354,1.843224914,1.841306870
7,1843372,1000105,1000105,1000052,1001302,1.843276150,1.840975050
7,1844022,1000417,1000417,1000469,1001511,1.843157559,1.841239887
7,1830144,1000416,1000416,985313,1001614,1.857423986,1.827194907
7,1843984,1000417,1000417,1000416,1001354,1.843217222,1.841490622
7,1843155,1000000,1000000,999948,1000886,1.843250849,1.841523410
7,1843953,1000417,1000417,1000417,1001302,1.843184392,1.841555295
7,1837015,1000052,1000052,997396,1000989,1.841811076,1.835199987
7,1843332,1000052,1000052,1000052,1000990,1.843236152,1.841508906
7,1843736,1000261,1000261,1000312,1001250,1.843160934,1.841434207
7,1843933,1000365,1000365,1000417,1001302,1.843164400,1.841535321
7,1822826,1000469,1000469,966249,1001615,1.886497166,1.819886883
7,1843891,1000365,1000365,1000365,1001615,1.843218225,1.840917918
7,1843280,1000052,1000052,1000052,1001094,1.843184154,1.841265655
7,1843832,1000364,1000364,1000365,1001406,1.843159247,1.841243212
7,1836086,1000208,1000208,996459,1001302,1.842610684,1.833698525
7,1843535,1000208,1000208,1000156,1001250,1.843247453,1.841233458
7,1844063,1000468,1000468,1000417,1001510,1.843294346,1.841282663
7,1843701,1000312,1000312,1000261,1001354,1.843219920,1.841208004
7,1830284,1000104,1000104,986459,1001510,1.855408081,1.827524438
7,1843686,1000261,1000261,1000312,1001302,1.843110949,1.841288642
7,1844101,1000469,1000469,1000469,1001563,1.843236522,1.841223168
7,1843745,1000312,1000312,1000261,1001354,1.843263908,1.841251945
7,1836880,1000104,1000104,997187,1001406,1.842061720,1.834300973
7,1843432,1000104,1000104,1000157,1001198,1.843142627,1.841226211
7,1843137,999948,999948,999948,1001042,1.843232848,1.841218450
7,1843463,1000104,1000104,1000156,1001198,1.843175465,1.841257174
7,1826007,1000260,1000260,973177,1001718,1.876335959,1.822875300
7,1843902,1000416,1000416,1000365,1001511,1.843229221,1.841120068
7,1843680,1000260,1000260,1000208,1001354,1.843296594,1.841187033
7,1843138,999948,999948,999896,1001406,1.843329706,1.840550186
7,1836673,1000364,1000364,995730,1001667,1.844549225,1.833616362
7,1843770,1000313,1000313,1000312,1001458,1.843194923,1.841085697
7,1843704,1000313,1000313,1000260,1001407,1.843224762,1.841113553
7,1843993,1000469,1000469,1000469,1001563,1.843128573,1.841115337
7,1803070,1000573,1000573,964530,1002083,1.869376795,1.799322012
7,1843548,1000157,1000157,1000156,1001354,1.843260451,1.841055211
7,1843475,1000156,1000156,1000157,1001302,1.843185620,1.841077917
7,1843792,1000312,1000312,1000313,1001458,1.843215074,1.841107665
7,1836048,1000104,1000104,996355,1001354,1.842764878,1.833565353
7,1843923,1000417,1000417,1000364,1001562,1.843252056,1.841047284
7,1843697,1000261,1000261,1000312,1001354,1.843121946,1.841204010
7,1844069,1000469,1000469,1000469,1001563,1.843204537,1.841191218
7,1793454,1000468,1000468,942291,1002031,1.903291022,1.789818878
7,1843147,1000000,1000000,999948,1001146,1.843242849,1.841037171
7,1843458,1000104,1000104,1000104,1001354,1.843266300,1.840965333
7,1843173,1000000,1000000,999948,1001146,1.843268850,1.841063142
7,1836293,1000104,1000104,993490,1001354,1.848325600,1.833810021
7,1843914,1000365,1000365,1000364,1001771,1.843243060,1.840654201
7,1844117,1000521,1000521,1000521,1001667,1.843156715,1.841047973
7,1843741,1000312,1000312,1000261,1001459,1.843259909,1.841054901
7,1795916,1000260,1000260,949687,1001875,1.891060950,1.792554959
7,1843905,1000417,1000417,1000417,1001927,1.843136412,1.840358629
7,1843580,1000209,1000209,1000208,1001354,1.843196615,1.841087168
7,1843217,1000052,1000052,1000000,1001146,1.843217000,1.841107091
7,1837320,1000157,1000157,991771,1001563,1.852564755,1.834452750
7,1843956,1000416,1000416,1000365,1001510,1.843283202,1.841175825
7,1844178,1000521,1000521,1000469,1001667,1.843313486,1.841108872
7,1844052,1000469,1000469,1000469,1001614,1.843187545,1.841080496
7,1826482,1000209,1000209,965261,1001771,1.892215681,1.823253019
7,1843812,1000312,1000312,1000313,1001510,1.843235067,1.841032042
7,1843886,1000365,1000365,1000364,1001823,1.843215070,1.840530713
7,1844080,1000469,1000469,1000416,1001614,1.843313182,1.841108451
7,1837469,1000313,1000313,995470,1001563,1.845830613,1.834601518
7,1843744,1000313,1000313,1000260,1001406,1.843264751,1.841155336
7,1844164,1000521,1000521,1000521,1001667,1.843203691,1.841094895
7,1844218,1000573,1000573,1000573,1001666,1.843161868,1.841150643
7,1829229,1000417,1000417,983490,1001927,1.859936552,1.825710855
7,1843297,1000052,1000052,1000000,1001250,1.843297000,1.840995755
7,1843531,1000156,1000156,1000208,1001354,1.843147625,1.841038234
7,1843369,1000104,1000104,1000104,1001198,1.843177310,1.841163286
7,1836009,1000156,1000156,996666,1001666,1.842150731,1.832955296
7,1843567,1000208,1000208,1000157,1001250,1.843277605,1.841265418
7,1843978,1000468,1000468,1000417,1001563,1.843209382,1.841100360
7,1843403,1000104,1000104,1000157,1001250,1.843113631,1.841101623
7,1826050,1000625,1000625,966874,1002136,1.888612167,1.822157871
7,1843898,1000364,1000364,1000365,1001875,1.843225223,1.840447162
7,1843189,1000000,1000000,1000000,1001146,1.843189000,1.841079123
7,1843962,1000365,1000365,1000417,1001562,1.843193388,1.841086223
7,1835519,1000468,1000468,995261,1001615,1.844258943,1.832559417
7,1844136,1000521,1000521,1000469,1001615,1.843271506,1.841162523
7,1843981,1000417,1000417,1000469,1001666,1.843116578,1.840914037
7,1843647,1000261,1000261,1000208,1001406,1.843263601,1.841058472
7,1825897,1000312,1000312,979011,1001511,1.865042374,1.823142232
7,1843594,1000208,1000208,1000209,1001302,1.843208769,1.841196762
7,1843181,1000000,1000000,999947,1001093,1.843278694,1.841168603
7,1843387,1000104,1000104,1000104,1001511,1.843195308,1.840605845
7,1836609,1000417,1000417,995729,1001823,1.844486803,1.833266954
7,1843242,1000000,1000000,1000000,1001146,1.843242000,1.841132063
7,1843404,1000104,1000104,1000105,1001250,1.843210463,1.841102622
7,1843903,1000364,1000364,1000365,1001458,1.843230221,1.841218503
7,1802113,1000312,1000312,938488,1001770,1.920230200,1.798928896
7,1843252,1000052,1000052,1000052,1001354,1.843156156,1.840759611
7,1844079,1000520,1000520,1000573,1001719,1.843022948,1.840914468
7,1843456,1000105,1000105,1000156,1001250,1.843168466,1.841154557
7,1837393,1000417,1000417,995104,1001615,1.846433137,1.834430395
7,1835939,1000729,1000729,1000885,1002396,1.834315631,1.831550605
7,1840683,1000469,1000469,1000469,1001928,1.839820124,1.837140992
7,1843426,1000104,1000104,1000052,1001302,1.843330147,1.841028980
7,1792904,1000261,1000261,944009,1001614,1.899244605,1.790014916
7,1843164,1000000,1000000,1000000,1001198,1.843164000,1.840958532
7,1844149,1000521,1000521,1000469,1001458,1.843284500,1.841464145
7,1844291,1000573,1000573,1000573,1001719,1.843234826,1.841126104
7,1838015,1000416,1000416,996718,1001771,1.844067229,1.834765630
7,1843935,1000416,1000416,1000417,1001407,1.843166400,1.841344229
7,1843530,1000156,1000156,1000261,1001406,1.843048964,1.840941636
7,1843442,1000104,1000104,1000156,1001094,1.843154468,1.841427478
7,1920217,1000364,1000364,950158,1001407,2.020944938,1.917519051
7,2091914,1000261,1000261,1000312,1001302,2.091261526,2.089193870
7,2093397,1000260,1000260,1000261,1001093,2.092850766,2.091111415
7,2093715,1000417,1000417,1000468,1001250,2.092735600,2.091101124
7,2078256,1000468,1000468,985052,1001510,2.109793189,2.075122565
7,2093595,1000365,1000365,1000364,1001250,2.092833209,2.090981273
7,2092841,1000000,1000000,1000000,1000885,2.092841000,2.090990473
7,1951847,1000469,1000469,1000469,1001354,1.950932013,1.949207773
7,1830930,1000625,1000625,985417,1001719,1.858025587,1.827788032
7,1843823,1000312,1000312,1000417,1001511,1.843054446,1.841041187
7,1843820,1000313,1000313,1000312,1001562,1.843244908,1.840944445
7,1843926,1000364,1000364,1000365,1001511,1.843253213,1.841144031
7,1885650,1000156,1000156,992135,1001406,1.900598205,1.883002498
7,1842079,1000469,1000469,1000417,1001719,1.841311173,1.838917900
7,1843893,1000417,1000417,1000364,1001458,1.843222067,1.841208518
7,1841625,1000209,1000209,1000208,1001562,1.841242022,1.838752868
7,1826103,1000312,1000312,965731,1001719,1.890902332,1.822969316
7,1843979,1000417,1000417,1000364,1001562,1.843308036,1.841103197
7,1843085,999948,999948,999948,1001042,1.843180845,1.841166505
7,1843493,1000261,1000261,1000260,1001458,1.843013816,1.840809100
7,1838071,1000156,1000156,994062,1001302,1.849050663,1.835680943
7,1842923,1000052,1000052,1000000,1001407,1.842923000,1.840333651
7,1843732,1000260,1000260,1000312,1001354,1.843156935,1.841238962
7,1843715,1000417,1000417,1000365,1001562,1.843042290,1.840839609
7,1830093,1000677,1000677,982968,1002136,1.861803233,1.826192253
7,1843718,1000261,1000261,1000260,1001510,1.843238758,1.840938183
7,1843408,1000104,1000104,1000104,1001406,1.843216306,1.840819807
7,1843655,1000260,1000260,1000261,1001355,1.843173932,1.841160228
7,1836903,1000468,1000468,996667,1001823,1.843045872,1.833560419
7,1844074,1000468,1000468,1000469,1001563,1.843209535,1.841196210
7,1843712,1000313,1000313,1000260,1001562,1.843232759,1.840836613
7,1843459,1000156,1000156,1000104,1001250,1.843267300,1.841157553
7,1819393,1000208,1000208,960521,1001511,1.894173058,1.816648045
7,1843008,999948,999948,1000000,1001094,1.843008000,1.840993953
7,1843916,1000417,1000417,1000365,1001406,1.843243216,1.841327094
7,1843315,1000052,1000052,1000052,1001093,1.843219153,1.841302456
7,1836526,1000416,1000416,997188,1001719,1.841704874,1.833374429
7,1843448,1000261,1000261,1000260,1001302,1.842968828,1.841050952
7,1843277,1000052,1000052,1000052,1001041,1.843181155,1.841360144
7,1844031,1000468,1000468,1000417,1001511,1.843262360,1.841248873
7,1832026,1000260,1000260,984843,1001458,1.860221375,1.829358795
7,1843406,1000104,1000104,1000104,1001041,1.843214306,1.841489010
7,1844485,1000677,1000677,1000729,1001771,1.843141350,1.841224192
7,1832875,1000573,1000573,1000625,1001614,1.831730169,1.829921507
7,1837925,1000209,1000209,997292,1001407,1.842915615,1.835342673
7,1843661,1000260,1000260,1000261,1001250,1.843179930,1.841359301
7,1843751,1000260,1000260,1000261,1001302,1.843269907,1.841353558
7,1843912,1000364,1000364,1000417,1001250,1.843143409,1.841609988
7,1832811,1000782,1000782,972916,1001979,1.883832726,1.829191031
7,1843725,1000260,1000260,1000260,1001407,1.843245756,1.841134524
7,1844001,1000417,1000417,1000416,1001406,1.843234215,1.841411975
7,1844186,1000521,1000521,1000573,1001719,1.843129887,1.841021284
7,1838316,1000156,1000156,995573,1001302,1.846490413,1.835925625
7,1843773,1000417,1000417,1000469,1001510,1.842908676,1.840993100
7,1843872,1000365,1000365,1000312,1001406,1.843296891,1.841283156
7,1843594,1000209,1000209,1000208,1001146,1.843210612,1.841483660
7,1833386,1000521,1000521,985780,1001666,1.859832823,1.830336659
7,1843538,1000156,1000156,1000156,1001145,1.843250453,1.841429563
7,1843690,1000260,1000260,1000261,1001250,1.843208922,1.841388265
7,1843393,1000105,1000105,1000104,1000990,1.843201307,1.841569846
7,1838296,1000313,1000313,997656,1001562,1.842615090,1.835429060
7,1843971,1000520,1000520,1000573,1001719,1.842915010,1.840806653
7,1843878,1000365,1000365,1000416,1001406,1.843111266,1.841289147
7,1843910,1000417,1000417,1000364,1001302,1.843239061,1.841512351
7,1967728,1000573,1000573,936666,1001771,2.100778719,1.964249314
7,2093291,1000260,1000260,1000209,1001197,2.092853594,2.090788326
7,2093483,1000312,1000312,1000313,1001198,2.092827945,2.090978008
7,2093448,1000261,1000261,1000364,1001146,2.092686262,2.091051655
7,2088789,1000364,1000364,997709,1001354,2.093585404,2.085964604
7,1983297,1000157,1000157,1000156,1001042,1.982987654,1.981232556
7,1840784,1000052,1000052,1000104,1000989,1.840592578,1.838965263
7,1843712,1000261,1000261,1000260,1001198,1.843232759,1.841505876
7,1820468,1000365,1000365,978125,1001302,1.861181342,1.818100833
7,1843782,1000313,1000313,1000312,1001250,1.843206919,1.841480150
7,1843438,1000261,1000261,1000208,1001198,1.843054645,1.841232204
7,1843915,1000365,1000365,1000416,1001406,1.843148250,1.841326096
7,1837704,1000261,1000261,997447,1001406,1.842407667,1.835123816
7,1843712,1000417,1000417,1000365,1001302,1.843039291,1.841314608
7,1843860,1000469,1000469,1000469,1001354,1.842995635,1.841366789
7,1843616,1000209,1000209,1000260,1001146,1.843136784,1.841505635
7,1829805,1000261,1000261,976355,1001510,1.874118533,1.827046160
7,1843582,1000208,1000208,1000208,1001198,1.843198615,1.841376032
7,1843338,1000052,1000052,1000104,1000990,1.843146313,1.841514900
7,1843999,1000417,1000417,1000417,1001406,1.843230373,1.841409978
7,1836130,1000157,1000157,992760,1001198,1.849520529,1.833932948
7,1843272,1000053,1000053,1000052,1001094,1.843176155,1.841257664
7,1843159,1000156,1000156,1000208,1001250,1.842775703,1.840857928
7,1843657,1000208,1000208,1000209,1001250,1.843271756,1.841355306
7,1831879,1000156,1000156,985417,1001302,1.858988631,1.829496995
7,1844126,1000520,1000520,1000469,1001459,1.843261510,1.841439340
7,1843452,1000104,1000104,1000157,1001094,1.843162623,1.841437467
7,1843636,1000261,1000261,1000312,1001302,1.843060965,1.841238707
7,1838675,1000469,1000469,997657,1001562,1.842993133,1.835807469
7,1832443,1000521,1000521,1000573,1001615,1.831393611,1.829488376
7,1844131,1000521,1000521,1000521,1001458,1.843170708,1.841446171
7,1843536,1000521,1000521,1000521,1001458,1.842576018,1.840852038
7,1827873,1000520,1000520,969271,1001615,1.885822438,1.824925745
7,1844240,1000573,1000573,1000521,1001614,1.843279651,1.841268193
7,1843924,1000364,1000364,1000365,1001302,1.843251213,1.841526333
7,1844182,1000521,1000521,1000521,1001459,1.843221682,1.841495258
7,1839582,1000469,1000469,997395,1001718,1.844386627,1.836427018
7,1843803,1000365,1000365,1000260,1001302,1.843323736,1.841405490
7,1843765,1000312,1000312,1000261,1001250,1.843283903,1.841463171
7,1843799,1000364,1000364,1000313,1001250,1.843222071,1.841497129
7,1830143,1000313,1000313,982345,1001510,1.863034881,1.827383651
7,1843271,1000052,1000052,1000053,1001146,1.843173312,1.841161029
7,1843312,1000104,1000104,1000052,1001042,1.843216153,1.841393268
7,1845966,1004479,1004479,1001198,1005521,1.843757179,1.835830380
7,1843857,1000365,1000365,1000365,1001355,1.843184238,1.841361955
7,1843792,1000312,1000312,1000260,1001250,1.843312739,1.841490137
7,1834711,1000052,1000052,997865,1001146,1.838636489,1.832610828
7,1843381,1006562,1006562,978698,1007604,1.883503389,1.829469712
7,1819149,1000625,1000625,977292,1001823,1.861418082,1.815838726
7,1843770,1000417,1000417,1000364,1001823,1.843099112,1.840414924
7,1843622,1000208,1000208,1000156,1001302,1.843334440,1.841224725
7,1838014,1000521,1000521,994062,1001718,1.848993322,1.834861708
7,1843215,1000052,1000052,1000000,1001302,1.843215000,1.840818255
7,1843221,1000052,1000052,1000052,1001459,1.843125157,1.840535658
7,1843030,1000000,1000000,1000000,1001145,1.843030000,1.840922144
7,1834214,1000313,1000313,986250,1001563,1.859786058,1.831351597
7,1833621,1000469,1000469,993490,1001927,1.845636091,1.830094408
7,1843335,1000052,1000052,1000052,1001511,1.843239152,1.840553923
7,1843338,1000104,1000104,1000052,1001250,1.843242151,1.841036704
7,1836024,1000521,1000521,992865,1001823,1.849218172,1.832683019
7,1844286,1000521,1000521,1000521,1001667,1.843325627,1.841216692
7,1843309,1000052,1000052,1000052,1001510,1.843213153,1.840529800
7,1843568,1000208,1000208,1000208,1001302,1.843184618,1.841170796
7,1835711,1000417,1000417,974686,1001563,1.883387060,1.832846261
7,1832220,1000312,1000312,992136,1001771,1.846742785,1.828980875
7,1843750,1000365,1000365,1000416,1001563,1.842983319,1.840872716
7,1843793,1000313,1000313,1000313,1001458,1.843216073,1.841108664
7,1833755,1000312,1000312,985990,1001614,1.859810951,1.830800089
7,1843766,1000312,1000312,1000313,1001562,1.843189082,1.840890529
7,1843992,1000469,1000469,1000469,1001563,1.843127573,1.841114338
7,1843427,1000104,1000104,1000104,1001198,1.843235304,1.841221217
7,1835981,1000521,1000521,987500,1001719,1.859221266,1.832830365
7,1837049,1000625,1000625,992395,1002031,1.851126819,1.833325516
7,1843772,1000312,1000312,1000313,1001719,1.843195080,1.840607995
7,1843410,1000104,1000104,1000104,1001250,1.843218305,1.841108614
7,1835737,1000521,1000521,996979,1001770,1.841299566,1.832493487
7,1843658,1000261,1000261,1000260,1001667,1.843178774,1.840589737
7,1843677,1000260,1000260,1000261,1001406,1.843195926,1.841088430
7,1843608,1000208,1000208,1000261,1001354,1.843126944,1.841115130
7,1825770,1000729,1000729,965260,1001927,1.891480016,1.822258508
7,1843504,1000157,1000157,1000156,1001511,1.843216458,1.840722668
7,1843696,1000260,1000260,1000261,1001562,1.843214921,1.840820638
7,1843858,1000365,1000365,1000312,1001459,1.843282896,1.841171730
7,1835222,1000105,1000105,993021,1001198,1.848120030,1.833026035
7,1843776,1000416,1000416,1000365,1001614,1.843103267,1.840804941
7,1843805,1000364,1000364,1000260,1001354,1.843325735,1.841311864
7,1843383,1000104,1000104,1000052,1001198,1.843287149,1.841177270
7,1828077,1000260,1000260,982449,1001458,1.860734756,1.825415544
7,1843431,1000208,1000208,1000208,1001563,1.843047646,1.840554214
7,1843571,1000208,1000208,1000208,1001250,1.843187617,1.841269413
7,1843497,1000260,1000260,1000261,1001458,1.843015973,1.840813095
7,1836673,1000469,1000469,996406,1001562,1.843297812,1.833808591
7,1844174,1000521,1000521,1000521,1001511,1.843213686,1.841391657
7,1843594,1000208,1000208,1000209,1001250,1.843208769,1.841292385
7,1844028,1000469,1000469,1000469,1001666,1.843163556,1.840960959
7,1818827,1000208,1000208,959895,1001458,1.894818704,1.816179011
7,1843677,1000260,1000260,1000209,1001510,1.843291752,1.840897245
7,1843355,1000104,1000104,1000052,1001094,1.843259151,1.841340573
7,1843673,1000469,1000469,1000416,1001459,1.842906351,1.840987000
7,1837791,1000417,1000417,996980,1001458,1.843357941,1.835115402
7,1843367,1000260,1000260,1000261,1001250,1.842886007,1.841065668
7,1843989,1000416,1000416,1000469,1001562,1.843124575,1.841113181
7,1843024,1000000,1000000,1000000,1000990,1.843024000,1.841201211
7,1829236,1000209,1000209,981771,1001510,1.863200278,1.826478018
7,1843470,1000105,1000105,1000000,1001250,1.843470000,1.841168539
7,1843420,1000313,1000313,1000312,1001302,1.842845032,1.841022988
7,1843588,1000261,1000261,1000208,1001198,1.843204613,1.841382024
7,1837193,1000417,1000417,996980,1001615,1.842758130,1.834230717
7,1843108,999948,999948,999947,1000938,1.843205690,1.841380785
7,1843527,1000157,1000157,1000208,1001145,1.843143626,1.841418576
7,1843822,1000312,1000312,1000313,1001250,1.843245064,1.841520100
7,1828054,1000573,1000573,975261,1001771,1.874425410,1.824822240
7,1843670,1000208,1000208,1000156,1001563,1.843382432,1.840792841
7,1843366,1000104,1000104,1000052,1001198,1.843270150,1.841160290
7,1843223,1000000,1000000,1000000,1001459,1.843223000,1.840537656
7,1836862,1000521,1000521,995833,1001719,1.844548232,1.833709853
7,1843456,1000208,1000208,1000209,1001354,1.843070798,1.840963336
7,1843253,1000052,1000052,1000000,1001198,1.843253000,1.841047425
7,1843773,1000312,1000312,1000261,1001458,1.843291901,1.841088693
7,1798865,1000468,1000468,959895,1001875,1.874022680,1.795498440
7,1843232,1000000,1000000,1000000,1001250,1.843232000,1.840930836
7,1843372,1000104,1000104,1000052,1001250,1.843276150,1.841070662
7,1843049,1000052,1000052,1000000,1001146,1.843049000,1.840939284
7,1837142,1000313,1000313,995468,1001511,1.845505832,1.834370267
7,1843950,1000416,1000416,1000417,1001823,1.843181393,1.840594596
7,1844164,1000521,1000521,1000521,1001615,1.843203691,1.841190477
7,1843730,1000313,1000313,1000312,1001458,1.843154936,1.841045755
7,1825359,1000729,1000729,970677,1002136,1.880500929,1.821468344
7,1844121,1000469,1000469,1000469,1001875,1.843256513,1.840669744
7,1843213,1000104,1000104,1000105,1001354,1.843019483,1.840720664
7,1843672,1000260,1000260,1000209,1001666,1.843286753,1.840605551
7,1837019,1000365,1000365,992448,1001563,1.850997735,1.834152220
7,1844178,1000521,1000521,1000520,1001667,1.843219526,1.841108872
7,1843697,1000260,1000260,1000261,1001354,1.843215921,1.841204010
7,1843988,1000469,1000469,1000417,1001562,1.843219378,1.841112183
7,1828906,1000313,1000313,984166,1001511,1.858330810,1.826146692
7,1844123,1000521,1000521,1000469,1001666,1.843258512,1.841055801
7,1843323,1000209,1000209,1000156,1001459,1.843035486,1.840637510
7,1843399,1000104,1000104,1000104,1001145,1.843207306,1.841290722
7,1837053,1000208,1000208,996666,1001511,1.843198223,1.834281401
7,1843780,1000312,1000312,1000261,1001354,1.843298899,1.841286898
7,1843320,1000052,1000052,1000052,1001093,1.843224152,1.841307451
7,1843901,1000365,1000365,1000364,1001406,1.843230064,1.841312115
7,1823559,1000261,1000261,971353,1001511,1.877339134,1.820807759
7,1843376,1000312,1000312,1000261,1001406,1.842895004,1.840787852
7,1843868,1000364,1000364,1000365,1001510,1.843195234,1.841087957
7,1843309,1000156,1000156,1000156,1001094,1.843021489,1.841294624
7,1839236,1000469,1000469,996979,1001458,1.844809168,1.836558298
7,1843255,1000052,1000052,1000052,1000938,1.843159156,1.841527647
7,1843727,1000312,1000312,1000261,1001250,1.843245913,1.841425218
7,1843655,1000260,1000260,1000208,1001250,1.843271600,1.841353308
7,1830881,1000365,1000365,986303,1001719,1.856306835,1.827739116
7,1844146,1000521,1000521,1000469,1001667,1.843281501,1.841076925
7,1843755,1000261,1000261,1000260,1001406,1.843275748,1.841166320
7,1843533,1000209,1000209,1000156,1001302,1.843245454,1.841135841
7,1837052,1000521,1000521,997188,1001927,1.842232357,1.833518809
7,1843396,1000209,1000209,1000208,1001302,1.843012653,1.840999019
7,1844119,1000521,1000521,1000521,1001615,1.843158714,1.841145550
7,1843939,1000417,1000417,1000416,1001562,1.843172240,1.841063259
7,1826555,1000365,1000365,959635,1001927,1.903385141,1.823041998
7,1843863,1000469,1000469,1000468,1001718,1.843000476,1.840700676
7,1843829,1000364,1000364,1000313,1001458,1.843252062,1.841144611
7,1843280,1000052,1000052,1000000,1001146,1.843280000,1.841170019
7,1837316,1000312,1000312,995468,1001458,1.845680625,1.834641093
7,1844096,1000468,1000468,1000469,1001615,1.843231524,1.841122587
7,1843720,1000313,1000313,1000260,1001406,1.843240757,1.841131369
7,1843680,1000261,1000261,1000208,1001667,1.843296594,1.840611700
7,1825560,1000729,1000729,980677,1002239,1.861530351,1.821481702
7,1843581,1000156,1000156,1000209,1001406,1.843195772,1.840992564
7,1843519,1000208,1000208,1000156,1001303,1.843231456,1.841120021
7,1843987,1000416,1000416,1000417,1001562,1.843218378,1.841111184
7,1835877,1000157,1000157,996041,1001458,1.843174126,1.833204188
7,1843330,1000052,1000052,1000104,1001459,1.843138314,1.840644500
7,1843859,1000365,1000365,1000364,1001510,1.843188080,1.841078971
7,1843058,1000000,1000000,1000052,1001198,1.842962166,1.840852659
7,1797894,1000625,1000625,945834,1002135,1.900855753,1.794063674
7,1843716,1000521,1000521,1000468,1001927,1.842853545,1.840169992
7,1843470,1000156,1000156,1000104,1001354,1.843278299,1.840977317
7,1843908,1000469,1000469,1000469,1001563,1.843043613,1.841030469
7,1837864,1000468,1000468,996771,1001718,1.843817687,1.834711965
7,1843486,1000209,1000209,1000156,1001250,1.843198461,1.841184519
7,1843118,1000000,1000000,999948,1001094,1.843213847,1.841103832
7,1843280,1000156,1000156,1000156,1001302,1.842992493,1.840883170
7,1820358,1000313,1000313,974010,1001510,1.868931530,1.817613404
7,1843736,1000365,1000365,1000417,1001615,1.842967483,1.840763167
7,1843427,1000208,1000208,1000157,1001406,1.843137627,1.840838781
7,1832317,1000469,1000469,1000572,1001979,1.831269514,1.828698007
7,1833504,1000000,1000000,995990,1001614,1.840885953,1.830549493
7,1843697,1000260,1000260,1000313,1001250,1.843120103,1.841395256
7,1844090,1000469,1000469,1000521,1001823,1.843129729,1.840734341
7,1843552,1000209,1000209,1000156,1001510,1.843264451,1.840772434
7,1810229,1000625,1000625,948125,1001979,1.909272512,1.806653632
7,1843364,1000052,1000052,1000052,1001198,1.843268150,1.841158292
7,1843240,1000000,1000000,1000052,1000938,1.843144157,1.841512661
7,1843873,1000364,1000364,1000417,1001354,1.843104425,1.841379772
7,1839163,1000156,1000156,995261,1001146,1.847920294,1.837057732
7,1843299,1000052,1000052,1000052,1001093,1.843203153,1.841286474
7,1843908,1000365,1000365,1000521,1001511,1.842947824,1.841126059
7,1843908,1000416,1000416,1000469,1001562,1.843043613,1.841032308
7,1826616,1000469,1000469,973072,1001562,1.877164280,1.823767276
7,1843384,1000104,1000104,1000104,1001094,1.843192308,1.841369542
7,1843429,1000104,1000104,1000105,1001094,1.843235460,1.841414493
7,1843820,1000312,1000312,1000313,1001302,1.843243065,1.841422468
7,1838745,1000365,1000365,996198,1001459,1.845762589,1.836066179
7,1844078,1000469,1000469,1000521,1001458,1.843117736,1.841393249
7,1844128,1000469,1000469,1000729,1001771,1.842784610,1.840867823
7,1843565,1000208,1000208,1000261,1001250,1.843083955,1.841263421
7,1895732,1000104,1000104,960417,1001146,1.973863436,1.893561978
7,2091627,1000416,1000416,1000365,1001250,2.090863835,2.089015730
7,2093669,1000416,1000416,1000417,1001250,2.092796304,2.091055181
7,2093449,1000313,1000313,1000312,1001198,2.092796048,2.090944049
7,2088019,1000364,1000364,997761,1001354,2.092704566,2.085195645
7,2093336,1000260,1000260,1000313,1001302,2.092680991,2.090614021
7,2093165,1000208,1000208,1000208,1001145,2.092729712,2.090771067
7,2093502,1000364,1000364,1000469,1001406,2.092520608,2.090562669
7,2081964,1000469,1000469,987449,1001510,2.108426866,2.078824974
7,2093609,1000417,1000417,1000468,1001302,2.092629649,2.090886666
7,2093477,1000312,1000312,1000313,1001198,2.092821947,2.090972016
7,2092843,1000000,1000000,1000000,1000886,2.092843000,2.090990383
7,2088050,1000157,1000157,997343,1001145,2.093612729,2.085661917
7,2092924,1000052,1000052,1000052,1000834,2.092815174,2.091179956
7,1963249,1000417,1000417,1000468,1001354,1.962330629,1.960594355
7,1840946,1000156,1000156,1000208,1001042,1.840563163,1.839029731
7,1825062,1000573,1000573,966094,1001511,1.889114310,1.822308492
7,1843855,1000364,1000364,1000365,1001406,1.843182238,1.841266180
7,1843151,1000000,1000000,1000000,1000885,1.843151000,1.841521254
7,1843455,1000104,1000104,1000156,1001094,1.843167466,1.841440464
7,1838888,1000520,1000520,997760,1001511,1.843016357,1.836113632
7,1843557,1000156,1000156,1000156,1001198,1.843269450,1.841351061
7,1843270,1000052,1000052,1000000,1000885,1.843270000,1.841640148
7,1843859,1000313,1000313,1000364,1001250,1.843188080,1.841557054
7,1829561,1000260,1000260,985730,1001459,1.856046788,1.826895559
7,1843535,1000156,1000156,1000156,1001302,1.843247453,1.841137839
7,1843318,1000104,1000104,1000052,1000989,1.843222152,1.841496760
7,1843222,1000000,1000000,1000052,1000886,1.843126157,1.841590351
7,1836539,1000261,1000261,996927,1001355,1.842200081,1.834053857
7,1843545,1000208,1000208,1000157,1001145,1.843255609,1.841436555
7,1843561,1000208,1000208,1000157,1001302,1.843271606,1.841163805
7,1844096,1000468,1000468,1000469,1001459,1.843231524,1.841409384
7,1818268,1000677,1000677,955573,1001927,1.902803867,1.814770936
7,1843769,1000312,1000312,1000312,1001406,1.843193923,1.841180300
7,1843352,1000052,1000052,1000104,1001042,1.843160311,1.841433227
7,1843809,1000312,1000312,1000313,1001354,1.843232068,1.841315858
7,1839427,1000312,1000312,997396,1001355,1.844229373,1.836937949
7,1844059,1000417,1000417,1000468,1001510,1.843196384,1.841278669
7,1842696,999739,999739,999688,1001146,1.843271101,1.840586688
7,1831597,1000364,1000364,1000469,1001458,1.830738384,1.828930419
7,1832549,1000781,1000781,984114,1001927,1.862130810,1.829024470
7,1843411,1000104,1000104,1000157,1001303,1.843121630,1.841012161
7,1843117,999948,999948,999948,1000938,1.843212847,1.841389776
7,1842843,1000156,1000156,1000156,1001042,1.842555561,1.840924756
7,1839461,1000416,1000416,997344,1001459,1.844359619,1.836781136
7,1843202,1000000,1000000,1000052,1000989,1.843106158,1.841380874
7,1843253,1000053,1000053,1000000,1000990,1.843253000,1.841429984
7,1843608,1000208,1000208,1000260,1001354,1.843128787,1.841115130
7,1925336,1000885,1000885,955676,1002187,2.014632574,1.921134479
7,2092549,1000209,1000209,1000208,1001250,2.092113840,2.089936579
7,2093678,1000417,1000417,1000416,1001302,2.092807392,2.090955576
7,2093381,1000260,1000260,1000261,1001093,2.092834770,2.091095433
7,2087858,1000469,1000469,997604,1001459,2.092872523,2.084816253
7,2093634,1000416,1000416,1000469,1001407,2.092652546,2.090692396
7,2092596,1000208,1000208,1000208,1001094,2.092160831,2.090309202
7,2092713,1000000,1000000,999948,1000833,2.092821827,2.090971221
7,2074876,1000312,1000312,985990,1001302,2.104358056,2.072178024
7,2092936,1000052,1000052,1000052,1000886,2.092827173,2.091083300
7,2093667,1000416,1000416,1000417,1001197,2.092794305,2.091163877
7,2092749,1000313,1000313,1000312,1001094,2.092096266,2.090462035
7,2086270,1000312,1000312,998178,1001250,2.090078122,2.083665418
7,2093217,1000209,1000209,1000156,1000990,2.092890509,2.091146765
7,1978635,1000468,1000468,1000469,1001302,1.977707455,1.976062167
7,1840723,1000364,1000364,1000417,1001250,1.839955738,1.838424969
7,1826655,1000365,1000365,974584,1001459,1.874292006,1.823993793
7,1843414,1000104,1000104,1000104,1001458,1.843222305,1.840730215
7,1843882,1000364,1000364,1000365,1001823,1.843209229,1.840526720
7,1843189,1000000,1000000,999948,1001094,1.843284851,1.841174755
7,1835345,1000417,1000417,991406,1001927,1.851254683,1.831815092
7,1843128,999948,999948,999948,1001094,1.843223848,1.841113821
7,1844079,1000469,1000469,1000469,1001614,1.843214532,1.841107453
7,1843244,1000052,1000052,1000052,1001511,1.843148156,1.840463060
7,1829693,1000677,1000677,978802,1001928,1.869318820,1.826172140
7,1843143,999948,999948,999948,1001354,1.843238848,1.840650759
7,1843288,1000052,1000052,1000000,1001198,1.843288000,1.841082383
7,1843698,1000261,1000261,1000260,1001354,1.843218763,1.841205008
7,1835286,1000053,1000053,992239,1001302,1.849641064,1.832899565
7,1843301,1000052,1000052,1000052,1001146,1.843205153,1.841190995
7,1843271,1000000,1000000,1000052,1001458,1.843175155,1.840587424
7,1843846,1000365,1000365,1000312,1001511,1.843270899,1.841064152
7,1816284,1000209,1000209,957084,1001562,1.897726845,1.813451389
7,1844090,1000469,1000469,1000417,1002188,1.843321335,1.840063940
7,1843977,1000468,1000468,1000417,1001562,1.843208382,1.841101200
7,1843400,1000104,1000104,1000104,1001250,1.843208306,1.841098627
7,1836110,1000156,1000156,996093,1001355,1.843311819,1.833625438
7,1843887,1000365,1000365,1000365,1001458,1.843214227,1.841202527
7,1843397,1000104,1000104,1000104,1001354,1.843205307,1.840904415
7,1843318,1000052,1000052,1000052,1001146,1.843222152,1.841207976
7,1827579,1000469,1000469,981407,1001771,1.862202939,1.824348080
7,1843599,1000208,1000208,1000156,1001354,1.843311443,1.841106142
7,1843889,1000364,1000364,1000365,1001407,1.843216226,1.841298293
7,1843759,1000312,1000312,1000261,1001563,1.843277904,1.840881702
7,1835361,1000208,1000208,996614,1001562,1.841596646,1.832498637
7,1843581,1000208,1000208,1000209,1001302,1.843195772,1.841183779
7,1843899,1000364,1000364,1000417,1001406,1.843130415,1.841310118
7,1843168,1000000,1000000,1000000,1001042,1.843168000,1.841249418
7,1817087,1000313,1000313,961511,1001771,1.889824453,1.813874628
7,1843836,1000365,1000365,1000364,1001511,1.843165088,1.841054167
7,1843215,1000052,1000052,1000000,1001094,1.843215000,1.841200726
7,1843976,1000417,1000417,1000416,1001510,1.843209225,1.841195794
7,1836637,1000520,1000520,988281,1001979,1.858415774,1.833009474
7,1843597,1000261,1000261,1000208,1001510,1.843213612,1.840817366
7,1844070,1000468,1000468,1000469,1001615,1.843205537,1.841096629
7,1843159,999948,999948,1000000,1001198,1.843159000,1.840953538
7,1829556,1000781,1000781,980992,1001979,1.865006035,1.825942460
7,1843716,1000312,1000312,1000261,1001719,1.843234916,1.840552091
7,1844106,1000521,1000521,1000469,1001614,1.843241520,1.841134409
7,1843909,1000417,1000417,1000416,1001563,1.843142253,1.841031468
7,1838430,1000573,1000573,995886,1001771,1.846024545,1.835179896
7,1844069,1000469,1000469,1000469,1001614,1.843204537,1.841097469
7,1843600,1000208,1000208,1000208,1001354,1.843216611,1.841107141
7,1843394,1000104,1000104,1000105,1001354,1.843200464,1.840901419
7,1826967,1000312,1000312,956718,1001771,1.909619135,1.823737161
7,1843456,1000157,1000157,1000104,1001510,1.843264301,1.840676578
7,1843430,1000104,1000104,1000105,1001250,1.843236460,1.841128589
7,1843198,1000000,1000000,1000000,1001042,1.843198000,1.841279387
7,1837707,1000573,1000573,996458,1001771,1.844239296,1.834458175
7,1843700,1000260,1000260,1000313,1001562,1.843123102,1.840824632
7,1844160,1000521,1000521,1000520,1001615,1.843201535,1.841186484
7,1843513,1000156,1000156,1000156,1001250,1.843225457,1.841211486
7,1829253,1000781,1000781,983751,1002240,1.859467487,1.825164631
7,1843885,1000365,1000365,1000365,1001562,1.843212228,1.841009343
7,1843568,1000208,1000208,1000156,1001563,1.843280448,1.840691000
7,1843163,1000000,1000000,999948,1001093,1.843258849,1.841150622
7,1835441,1000104,1000104,996875,1001511,1.841194734,1.832671833
7,1843214,1000000,1000000,1000000,1001146,1.843214000,1.841104095
7,1844025,1000469,1000469,1000417,1001562,1.843256362,1.841149125
7,1843338,1000052,1000052,1000052,1001198,1.843242151,1.841132323
7,1823291,1000365,1000365,967760,1001823,1.884032198,1.819973189
7,1843618,1000260,1000260,1000209,1001458,1.843232764,1.840933918
7,1843143,999948,999948,999948,1001094,1.843238848,1.841128805
7,1843163,1000000,1000000,999948,1001094,1.843258849,1.841148783
7,1836432,1000521,1000521,995417,1001927,1.844887118,1.832900002
7,1843520,1000156,1000156,1000156,1001302,1.843232456,1.841122858
7,1842637,1000052,1000052,1000052,1001198,1.842541188,1.840432162
7,1843760,1000313,1000313,1000364,1001459,1.843089116,1.841073873
7,1829437,1000365,1000365,981719,1001823,1.863503711,1.826108005
7,1843235,1000052,1000052,1000000,1001198,1.843235000,1.841029447
7,1843220,1000000,1000000,1000000,1001302,1.843220000,1.840823248
7,1843598,1000261,1000261,1000208,1001354,1.843214611,1.841105144
7,1836200,1000052,1000052,994948,1001250,1.845523585,1.833907615
7,1844165,1000521,1000521,1000521,1001667,1.843204690,1.841095893
7,1843819,1000365,1000365,1000260,1001459,1.843339732,1.841132787
7,1844108,1000469,1000469,1000469,1001875,1.843243519,1.840656769
7,1824131,1000573,1000573,963177,1002031,1.893868936,1.820433699
7,1843717,1000208,1000208,1000209,1001406,1.843331744,1.841128374
7,1843447,1000104,1000104,1000105,1001250,1.843253458,1.841145568
7,1843183,1000000,1000000,999948,1001146,1.843278851,1.841073130
7,1833881,1000417,1000417,996302,1001666,1.840687864,1.830830836
7,1843912,1000416,1000416,1000417,1001562,1.843143409,1.841036301
7,1844088,1000469,1000469,1000468,1001615,1.843225371,1.841114600
7,1843886,1000364,1000364,1000365,1001458,1.843213227,1.841201528
7,1823967,1000313,1000313,976823,1001823,1.867244117,1.820647959
7,1843361,1000104,1000104,1000000,1001406,1.843361000,1.840772873
7,1843381,1000052,1000052,1000104,1001406,1.843189308,1.840792845
7,1843336,1000052,1000052,1000052,1001198,1.843240152,1.841130326
7,1836625,1000208,1000208,995990,1001614,1.844019518,1.833665464
7,1844185,1000573,1000573,1000521,1001614,1.843224680,1.841213282
7,1843304,1000052,1000052,1000053,1001146,1.843206310,1.841193992
7,1843351,1000104,1000104,1000104,1001146,1.843159311,1.841240938
7,1827527,1000521,1000521,968542,1002031,1.886884616,1.823822816
7,1843956,1000416,1000416,1000469,1001666,1.843091590,1.840889079
7,1843397,1000105,1000105,1000104,1001302,1.843205307,1.841000018
7,1844082,1000469,1000469,1000417,1001615,1.843313338,1.841108610
7,1834188,1000208,1000208,996042,1001406,1.841476564,1.831612752
7,1843253,1000000,1000000,1000052,1001198,1.843157156,1.841047425
7,1843709,1000260,1000260,1000260,1001354,1.843229760,1.841215994
7,1843723,1000260,1000260,1000260,1001354,1.843243757,1.841229975
7,1828127,1000156,1000156,984531,1001615,1.856850622,1.825179335
7,1844060,1000468,1000468,1000417,1001614,1.843291348,1.841088483
7,1844037,1000417,1000417,1000416,1001563,1.843270200,1.841159268
7,1843343,1000104,1000104,1000104,1001198,1.843151312,1.841137317
7,1839345,1000468,1000468,994740,1001718,1.849071114,1.836190425
7,1844141,1000521,1000521,1000469,1001875,1.843276503,1.840689707
7,1843384,1000104,1000104,1000052,1001250,1.843288149,1.841082647
7,1843525,1000157,1000157,1000156,1001355,1.843237455,1.841030404
7,1824257,1000677,1000677,961876,1002240,1.896561511,1.820179797
7,1843185,1000000,1000000,999948,1001146,1.843280851,1.841075128
7,1844052,1000469,1000469,1000469,1001615,1.843187545,1.841078658
7,1843468,1000104,1000104,1000157,1001302,1.843178621,1.841070926
7,1838785,1000417,1000417,995834,1001615,1.846477425,1.835820150
7,1844245,1000520,1000520,1000521,1001614,1.843284649,1.841273185
7,1843224,1000000,1000000,1000000,1001094,1.843224000,1.841209717
7,1871877,1028542,1028542,1018593,1029740,1.837708486,1.817815177
7,1838753,1000260,1000260,985365,1001771,1.866062830,1.835502325
7,1843731,1000260,1000260,1000261,1001406,1.843249912,1.841142354
7,1843330,1000052,1000052,1000052,1001198,1.843234152,1.841124333
7,1836852,1000312,1000312,996562,1001562,1.843188883,1.833987312
7,1843522,1000156,1000156,1000156,1001406,1.843234455,1.840933647
7,1843294,1000052,1000052,1000052,1001146,1.843198154,1.841184003
7,1843335,1000105,1000105,1000104,1001197,1.843143313,1.841131166
7,1831488,1000365,1000365,975313,1001563,1.877846394,1.828629852
7,1834344,1000156,1000156,995468,1001615,1.842695094,1.831386311
7,1843230,1000000,1000000,1000000,1001093,1.843230000,1.841217549
7,1843673,1000261,1000261,1000260,1001354,1.843193770,1.841180042
7,1838449,1000469,1000469,996511,1001615,1.844885807,1.835484692
7,1843229,1000052,1000052,1000000,1001094,1.843229000,1.841214711
7,1843787,1000313,1000313,1000312,1001302,1.843211918,1.841389511
7,1843374,1000105,1000105,1000104,1001146,1.843182309,1.841263912
7,1836076,1000208,1000208,992501,1001354,1.849948766,1.833593315
7,1835387,1000365,1000365,989479,1001511,1.854902428,1.832617914
7,1843398,1000105,1000105,1000104,1001093,1.843206307,1.841385366
7,1843785,1000313,1000313,1000312,1001303,1.843209919,1.841385674
7,1830110,1000677,1000677,997709,1001719,1.834312410,1.826969440
7,1841950,1000729,1000729,1001041,1002136,1.840034524,1.838023981
7,1843324,1000053,1000053,1000052,1001041,1.843228152,1.841407095
7,1842451,1000208,1000208,1000312,1001458,1.841876335,1.839768617
7,1837702,1000313,1000313,1013801,1035104,1.812685132,1.775379092
7,1840538,1000260,1000260,1000156,1001406,1.840250921,1.837953837
7,1843980,1000417,1000417,1000416,1001354,1.843213223,1.841486627
7,1843433,1000208,1000208,1000208,1001250,1.843049646,1.841131586
7,1838695,1000469,1000469,995261,1001511,1.847450066,1.835920923
7,1843602,1000209,1000209,1000208,1001302,1.843218611,1.841204751
7,1843794,1000313,1000313,1000416,1001407,1.843027301,1.841203427
7,1843113,1000052,1000052,1000104,1001197,1.842921336,1.840909431
7,1819665,1000313,1000313,970936,1001354,1.874134855,1.817204505
7,1844208,1000625,1000625,1000729,1001719,1.842864552,1.841043247
7,1844053,1000469,1000469,1000416,1001511,1.843286193,1.841270840
7,1843885,1000469,1000469,1000469,1001407,1.843020623,1.841294299
7,1839435,1000261,1000261,995521,1001197,1.847710897,1.837235829
7,1843315,1000052,1000052,1000052,1001041,1.843219153,1.841398105
7,1843887,1000365,1000365,1000364,1001302,1.843216069,1.841489381
7,1843487,1000156,1000156,1000156,1001146,1.843199461,1.841376782
7,1807711,994114,994114,958542,1001667,1.885896497,1.804702561
7,2087814,1000260,1000260,1000365,1001354,2.087052226,2.084990922
7,2092837,1000000,1000000,1000000,1001042,2.092837000,2.090658534
7,2093392,1000261,1000261,1000364,1001250,2.092630283,2.090778527
7,2088639,1000208,1000208,996928,1001094,2.095075071,2.086356526
7,2093638,1000417,1000417,1000416,1001354,2.092767409,2.090807047
7,2092791,1000000,1000000,1000000,1000938,2.092791000,2.090829802
7,2092822,1000052,1000052,1000052,1000833,2.092713179,2.091080130
7,2080781,1000469,1000469,982449,1001406,2.117953197,2.077859530
7,1827782,1000000,1000000,1000000,1000989,1.827782000,1.825976110
7,1843466,1000156,1000156,1000157,1000990,1.843176621,1.841642774
7,1843594,1000209,1000209,1000208,1001093,1.843210612,1.841581152
7,1839338,1000312,1000312,997396,1001198,1.844140141,1.837137110
7,1843626,1000208,1000208,1000261,1001146,1.843144939,1.841515623
7,1843379,1000104,1000104,1000052,1001041,1.843283149,1.841462038
7,1843370,1000104,1000104,1000104,1000990,1.843178309,1.841546869
7,1823310,1000209,1000209,965729,1001302,1.888014132,1.820939137
7,1844080,1000469,1000469,1000521,1001459,1.843119735,1.841393407
7,1843364,1000104,1000104,1000052,1001041,1.843268150,1.841447054
7,1844124,1000521,1000521,1000520,1001406,1.843165554,1.841534802
7,1839120,1000104,1000104,997395,1001146,1.843923421,1.837014781
7,1843907,1000417,1000417,1000416,1001458,1.843140254,1.841222498
7,1843910,1000365,1000365,1000364,1001459,1.843239061,1.841223655
7,1844285,1000625,1000625,1000573,1001511,1.843228830,1.841502490
7,1832104,1000364,1000364,983438,1001562,1.862958316,1.829246717
7,1843961,1000417,1000417,1000416,1001302,1.843194231,1.841563285
7,1843817,1000313,1000313,1000312,1001302,1.843241909,1.841419472
7,1843804,1000313,1000313,1000416,1001407,1.843037296,1.841213413
7,1825088,1000104,1000104,995573,1001094,1.833203592,1.823093536
7,1844315,1000625,1000625,1000677,1001667,1.843067243,1.841245644
7,1843628,1000260,1000260,1000208,1001198,1.843244605,1.841421976
7,1843843,1000365,1000365,1000364,1001302,1.843172085,1.841445438
7,1829748,1000625,1000625,969479,1001823,1.887351866,1.826418439
7,1843012,1000261,1000261,1000208,1001407,1.842628733,1.840422526
7,1843659,1000261,1000261,1000260,1001303,1.843179773,1.841259838
7,1843772,1000313,1000313,1000364,1001407,1.843101111,1.841181458
7,1839692,1000729,1000729,995572,1001979,1.847874388,1.836058440
7,1843655,1000260,1000260,1000261,1001250,1.843173932,1.841353308
7,1843729,1000312,1000312,1000313,1001354,1.843152093,1.841235967
7,1843743,1000312,1000312,1000261,1001302,1.843261909,1.841345568
7,1833590,1000573,1000573,984115,1001614,1.863186721,1.830635355
7,1843506,1000157,1000157,1000156,1001042,1.843218458,1.841587066
7,1843610,1000208,1000208,1000208,1001250,1.843226609,1.841308365
7,1843990,1000469,1000469,1000417,1001354,1.843221377,1.841496614
7,1839543,1000469,1000469,997188,1001614,1.844730382,1.836578762
7,1843154,999948,999948,999948,1000938,1.843249849,1.841426742
7,1843621,1000260,1000260,1000209,1001146,1.843235764,1.841510629
7,1843672,1000261,1000261,1000208,1001146,1.843288596,1.841561570
7,1824725,1000469,1000469,961198,1001615,1.898386181,1.821782821
7,1843985,1000417,1000417,1000417,1001459,1.843216379,1.841298545
7,1843645,1000260,1000260,1000261,1001197,1.843163934,1.841440795
7,1843531,1000157,1000157,1000156,1001146,1.843243454,1.841420732
7,1837568,1000365,1000365,995312,1001458,1.846223094,1.834892726
7,1843908,1000364,1000364,1000313,1001459,1.843331037,1.841221658
7,1843702,1000260,1000260,1000261,1001198,1.843220919,1.841495888
7,1844053,1000468,1000468,1000469,1001458,1.843188545,1.841368285
7,1832658,1000729,1000729,987657,1001823,1.855561192,1.829323144
7,1835648,1000469,1000469,1000573,1001562,1.834596776,1.832785190
7,1840605,1000730,1000730,1000781,1001771,1.839168609,1.837351051
7,1844157,1000521,1000521,1000521,1001458,1.843196695,1.841472134
7,1838707,1000209,1000209,994427,1001302,1.849011541,1.836316116
7,1844086,1000521,1000521,1000469,1001355,1.843221529,1.841590645
7,1844356,1000625,1000625,1000625,1001563,1.843203998,1.841477770
7,1843487,1000156,1000156,1000157,1001094,1.843197618,1.841472429
7,1863009,1000209,1000209,970521,1001250,1.919596794,1.860683146
7,2091093,1000157,1000157,1000312,1001302,2.090440782,2.088373937
7,2092116,1000313,1000313,1000364,1001146,2.091354747,2.089721180
7,2093299,1000260,1000260,1000209,1001041,2.092861592,2.091122142
7,2089232,1000417,1000417,996146,1001406,2.097315052,2.086298664
7,2092815,1000000,1000000,1000000,1000833,2.092815000,2.091073136
7,2093139,1000156,1000156,1000156,1000938,2.092812521,2.091177476
7,2093739,1000417,1000417,1000468,1001354,2.092759589,2.090907911
7,2081320,1000312,1000312,991719,1001250,2.098699329,2.078721598
7,2079998,1000000,1000000,1000000,1000781,2.079998000,2.078374789
7,1828861,1000000,1000000,1000052,1000833,1.828765904,1.827338827
7,1843974,1000417,1000417,1000416,1001302,1.843207226,1.841576268
7,1838762,1000208,1000208,997813,1001198,1.842792187,1.836561799
7,1843887,1000365,1000365,1000364,1001198,1.843216069,1.841680667
7,1843527,1000156,1000156,1000157,1001093,1.843237612,1.841514225
7,1843237,1000052,1000052,1000052,1000886,1.843141157,1.841605338
7,1822820,1000781,1000781,966666,1001927,1.885677163,1.819314182
7,1843593,1000208,1000208,1000208,1001198,1.843209612,1.841387018
7,1843750,1000312,1000312,1000313,1001250,1.843173087,1.841448190
7,1843536,1000156,1000156,1000157,1001250,1.843246610,1.841234457
7,1837473,1000313,1000313,997448,1001250,1.842174229,1.835179026
7,1844160,1000520,1000520,1000469,1001511,1.843295494,1.841377678
7,1843523,1000156,1000156,1000157,1001093,1.843233612,1.841510229
7,1844061,1000469,1000469,1000417,1001406,1.843292347,1.841471891
7,1830558,1000313,1000313,987135,1001563,1.854415050,1.827701303
7,1841953,1000261,1000261,1000208,1001458,1.841569953,1.839271342
7,1843867,1000364,1000364,1000365,1001667,1.843194234,1.840798389
7,1843881,1000365,1000365,1000365,1001406,1.843208229,1.841292143
7,1836034,1000573,1000573,988594,1001718,1.857217422,1.832885103
7,1843767,1000312,1000312,1000313,1001511,1.843190082,1.840985271
7,1843213,1000000,1000000,1000000,1000989,1.843213000,1.841391863
7,1843915,1000364,1000364,1000365,1001407,1.843242217,1.841324257
7,1827266,1000521,1000521,968282,1002084,1.887121727,1.823465897
7,1843445,1000156,1000156,1000052,1001355,1.843349146,1.840950512
7,1843656,1000260,1000260,1000208,1001407,1.843272599,1.841065621
7,1843808,1000365,1000365,1000312,1001458,1.843232911,1.841123642
7,1836073,1000157,1000157,991979,1001354,1.850919223,1.833590319
7,1843413,1000104,1000104,1000104,1001197,1.843221305,1.841209073
7,1843776,1000312,1000312,1000313,1001459,1.843199079,1.841089850
7,1844033,1000417,1000417,1000416,1001875,1.843266201,1.840581909
7,1825092,1000104,1000104,980677,1001614,1.861053130,1.822151048
7,1843156,1000000,1000000,999948,1001198,1.843251849,1.840950541
7,1843432,1000104,1000104,1000156,1001250,1.843144469,1.841130587
7,1843205,1000000,1000000,1000000,1001146,1.843205000,1.841095105
7,1835480,1000417,1000417,995572,1001614,1.843643654,1.832522309
7,1843458,1000104,1000104,1000105,1001355,1.843264457,1.840963494
7,1843482,1000156,1000156,1000156,1001614,1.843194462,1.840511415
7,1843281,1000052,1000052,1000052,1001146,1.843185154,1.841171018
7,1825390,1000261,1000261,969271,1001771,1.883260719,1.822162949
7,1843303,1000052,1000052,1000052,1001562,1.843207153,1.840428251
7,1843968,1000417,1000417,1000417,1001563,1.843199386,1.841090376
7,1843695,1000261,1000261,1000260,1001406,1.843215764,1.841106404
7,1836472,1000261,1000261,992291,1001563,1.850739350,1.833606074
7,1843766,1000313,1000313,1000312,1001562,1.843190924,1.840890529
7,1843941,1000416,1000416,1000365,1001511,1.843268207,1.841159009
7,1844031,1000469,1000469,1000417,1001719,1.843262360,1.840866550
7,1827611,1000469,1000469,979270,1001823,1.866299386,1.824285328
7,1844033,1000468,1000468,1000469,1001459,1.843168554,1.841346475
7,1844039,1000469,1000469,1000417,1001511,1.843270356,1.841256861
7,1844061,1000469,1000469,1000468,1001666,1.843198383,1.840993904
7,1838311,1000468,1000468,997083,1001823,1.843689041,1.834965857
7,1843668,1000261,1000261,1000260,1001250,1.843188771,1.841366292
7,1844244,1000573,1000573,1000573,1001614,1.843187853,1.841272187
7,1843543,1000208,1000208,1000209,1001250,1.843157780,1.841241448
7,1819382,1000364,1000364,959896,1001615,1.895394918,1.816448436
7,1843070,999896,999896,999896,1001094,1.843261699,1.841055885
7,1843233,1000052,1000052,1000000,1000989,1.843233000,1.841411844
7,1843670,1000261,1000261,1000260,1001198,1.843190770,1.841463926
7,1837480,1000104,1000104,996562,1001146,1.843819050,1.835376658
7,1843383,1000104,1000104,1000052,1001041,1.843287149,1.841466034
7,1843397,1000104,1000104,1000104,1001198,1.843205307,1.841191253
7,1843604,1000261,1000261,1000208,1001198,1.843220610,1.841398005
7,1827757,1000781,1000781,984374,1002083,1.856770902,1.823957696
7,1843209,1000000,1000000,1000052,1001094,1.843113158,1.841194733
7,1843657,1000260,1000260,1000261,1001302,1.843175931,1.841259680
7,1843682,1000260,1000260,1000261,1001354,1.843200925,1.841189030
7,1837963,1000416,1000416,996771,1001563,1.843917008,1.835094747
7,1843907,1000365,1000365,1000364,1001406,1.843236062,1.841318107
7,1843164,1000000,1000000,999948,1001042,1.843259850,1.841245422
7,1843905,1000364,1000364,1000365,1001407,1.843232220,1.841314271
7,1825681,1000729,1000729,970991,1002292,1.880224431,1.821506108
7,1843312,1000052,1000052,1000104,1001302,1.843120315,1.840915129
7,1844009,1000417,1000417,1000417,1001615,1.843240369,1.841035727
7,1843842,1000365,1000365,1000312,1001458,1.843266901,1.841157592
7,1837409,1000416,1000416,995625,1001667,1.845482988,1.834351137
7,1843572,1000208,1000208,1000208,1001302,1.843188617,1.841174790
7,1843508,1000157,1000157,1000156,1001302,1.843220458,1.841110874
7,1843592,1000209,1000209,1000208,1001666,1.843208613,1.840525684
7,1827576,1000364,1000364,978335,1001875,1.868047244,1.824155708
7,1843608,1000260,1000260,1000208,1001407,1.843224609,1.841017688
7,1843241,1000000,1000000,1000000,1001458,1.843241000,1.840557467
7,1843507,1000208,1000208,1000156,1001302,1.843219458,1.841109875
7,1835917,1000312,1000312,996771,1001823,1.841864380,1.832576214
7,1843880,1000364,1000364,1000365,1001458,1.843207229,1.841195537
7,1843451,1000156,1000156,1000156,1001250,1.843163466,1.841149563
7,1843631,1000260,1000260,1000261,1001354,1.843149938,1.841138099
7,1827877,1000260,1000260,970522,1001771,1.883395740,1.824645553
7,1843779,1000312,1000312,1000313,1001511,1.843202078,1.840997253
7,1844015,1000469,1000469,1000469,1001562,1.843150562,1.841139141
7,1843501,1000208,1000208,1000209,1001302,1.843115789,1.841103883
7,1836119,1000104,1000104,995520,1001563,1.844381831,1.833253625
7,1843676,1000261,1000261,1000260,1001354,1.843196769,1.841183038
7,1843549,1000209,1000209,1000208,1001302,1.843165622,1.841151820
7,1843329,1000053,1000053,1000052,1001146,1.843233152,1.841218963
7,1826912,1000677,1000677,979168,1002291,1.865779927,1.822736112
7,1843985,1000417,1000417,1000417,1001927,1.843216379,1.840438475
7,1843507,1000157,1000157,1000156,1001354,1.843219458,1.841014267
7,1843831,1000312,1000312,1000313,1001458,1.843254061,1.841146608
7,1835907,1000312,1000312,992761,1001511,1.849294040,1.833137130
7,1843859,1000364,1000364,1000365,1001458,1.843186237,1.841174567
7,1843413,1000104,1000104,1000105,1001250,1.843219462,1.841111610
7,1843692,1000260,1000260,1000261,1001719,1.843210922,1.840528132
7,1825095,1000573,1000573,969271,1002083,1.882956366,1.821301230
7,1843848,1000313,1000313,1000364,1001563,1.843177084,1.840970563
7,1843565,1000209,1000209,1000208,1001302,1.843181618,1.841167800
7,1843928,1000416,1000416,1000417,1001510,1.843159403,1.841147867
7,1837797,1000521,1000521,995937,1001719,1.845294431,1.834643248
7,1844027,1000469,1000469,1000417,1001563,1.843258361,1.841149284
7,1843616,1000209,1000209,1000260,1001354,1.843136784,1.841123119
7,1843308,1000052,1000052,1000052,1001198,1.843212153,1.841102359
7,1829733,1000365,1000365,981771,1002032,1.863706506,1.826022522
7,1843685,1000364,1000364,1000313,1001771,1.843108107,1.840425606
7,1843705,1000261,1000261,1000260,1001406,1.843225761,1.841116390
7,1843138,999948,999948,999948,1001146,1.843233848,1.841028182
7,1836028,1000105,1000105,996042,1001562,1.843323876,1.833164597
7,1843834,1000364,1000364,1000313,1001510,1.843257061,1.841054008
7,1843555,1000208,1000208,1000156,1001302,1.843267450,1.841157813
7,1843903,1000365,1000365,1000312,1001563,1.843327882,1.841025477
7,1828155,1000312,1000312,981771,1001823,1.862099206,1.824828338
7,1843316,1000104,1000104,1000052,1001146,1.843220153,1.841205978
7,1843220,1000000,1000000,1000000,1001093,1.843220000,1.841207560
7,1843840,1000312,1000312,1000365,1001563,1.843167244,1.840962575
7,1837505,1000573,1000573,996563,1001666,1.843842286,1.834448808
7,1843669,1000261,1000261,1000260,1001302,1.843189771,1.841271664
7,1844106,1000469,1000469,1000521,1001510,1.843145721,1.841325598
7,1843457,1000157,1000157,1000156,1001146,1.843169466,1.841346817
7,1824578,1000573,1000573,981822,1001719,1.858359255,1.821446933
7,1843998,1000468,1000468,1000417,1001719,1.843229373,1.840833607
7,1843592,1000209,1000209,1000208,1001250,1.843208613,1.841290387
7,1843502,1000156,1000156,1000156,1001407,1.843214459,1.840911837
7,1837187,1000052,1000052,996198,1001094,1.844198643,1.835179314
7,1843352,1000052,1000052,1000053,1001146,1.843254308,1.841241937
7,1843138,1000000,1000000,999948,1001041,1.843233848,1.841221289
7,1843618,1000208,1000208,1000209,1001250,1.843232764,1.841316355
7,1829490,1000260,1000260,983387,1001510,1.860396772,1.826731635
7,1843443,1000104,1000104,1000208,1001250,1.843059644,1.841141573
7,1843629,1000208,1000208,1000208,1001511,1.843245605,1.840847479
7,1843692,1000261,1000261,1000312,1001510,1.843116948,1.840912223
7,1837886,1000468,1000468,996511,1001562,1.844320835,1.835019699
7,1844096,1000469,1000469,1000468,1001511,1.843233367,1.841313775
7,1843531,1000209,1000209,1000156,1001250,1.843243454,1.841229463
7,1832367,1000469,1000469,1000677,1001927,1.831127327,1.828842820
7,1826657,1000521,1000521,979011,1001719,1.865818668,1.823522365
7,1843920,1000365,1000365,1000364,1001407,1.843249057,1.841329250
7,1844415,1000625,1000625,1000781,1001822,1.842975636,1.841060588
7,1843899,1000365,1000365,1000468,1001615,1.843036459,1.840925905
7,1838340,1000521,1000521,995573,1001562,1.846514520,1.835472991
7,1843346,1000052,1000052,1000052,1001146,1.843250151,1.841235944
7,1843131,1000000,1000000,999948,1001042,1.843226848,1.841212457
7,1843730,1000312,1000312,1000260,1001198,1.843250755,1.841523854
7,1968791,1000312,1000312,957188,1001406,2.056848811,1.966026766
7,2093171,1000156,1000156,1000157,1001094,2.092842424,2.090883573
7,2091867,1000209,1000209,1000312,1001198,2.091214541,2.089363942
7,2093540,1000364,1000364,1000365,1001198,2.092776137,2.091034940
7,2088610,1000417,1000417,996303,1001302,2.096360244,2.085894166
7,2093468,1000313,1000313,1000364,1001250,2.092706255,2.090854432
7,2092642,999896,999896,999895,1000782,2.092861750,2.091006833
7,2094185,1000677,1000677,1000677,1001511,2.092768196,2.091025461
7,2082624,1000521,1000521,988750,1001563,2.106320101,2.079373939
7,2093688,1000417,1000417,1000416,1001302,2.092817388,2.090965563
7,2093445,1000312,1000312,1000313,1001146,2.092789957,2.091048658
7,1880988,1000052,1000052,1000052,1000885,1.880890194,1.879324798
7,1839817,1000468,1000468,997812,1001511,1.843851347,1.837041231
7,1843499,1000156,1000156,1000156,1001093,1.843211459,1.841486256
7,1843249,999948,999948,1000000,1000938,1.843249000,1.841521653
7,1843538,1000209,1000209,1000156,1001041,1.843250453,1.841620873
7,1817401,1000364,1000364,963803,1001615,1.885656094,1.814470630
7,1843777,1000312,1000312,1000261,1001406,1.843295900,1.841188289
7,1844201,1000521,1000521,1000572,1001563,1.843146720,1.841323012
7,1843330,1000053,1000053,1000052,1001145,1.843234152,1.841221801
7,1834855,1000573,1000573,991979,1001771,1.849691375,1.831611217
7,1843684,1000260,1000260,1000261,1001458,1.843202924,1.840999822
7,1843655,1000260,1000260,1000261,1001406,1.843173932,1.841066461
7,1843851,1000313,1000313,1000364,1001303,1.843180082,1.841451589
7,1820847,1000365,1000365,981510,1001459,1.855148699,1.818194255
7,1844153,1000521,1000521,1000521,1001614,1.843192697,1.841181333
7,1843600,1000208,1000208,1000209,1001198,1.843214768,1.841394010
7,1843830,1000364,1000364,1000313,1001302,1.843253062,1.841432455
7,1838762,1000521,1000521,994427,1001666,1.849066850,1.835703718
7,1843477,1000156,1000156,1000156,1001094,1.843189462,1.841462440
7,1843548,1000208,1000208,1000209,1001146,1.843162779,1.841437712
7,1843333,1000053,1000053,1000052,1001093,1.843237152,1.841320437
7,1822419,1000469,1000469,965364,1001719,1.887805014,1.819291638
7,1844057,1000469,1000469,1000469,1001562,1.843192543,1.841181075
7,1843722,1000313,1000313,1000260,1001355,1.843242757,1.841227137
7,1843574,1000209,1000209,1000156,1001250,1.843286447,1.841272409
7,1838441,1000521,1000521,995313,1001667,1.847098350,1.835381419
7,1843960,1000417,1000417,1000416,1001406,1.843193232,1.841371032
7,1843405,1000104,1000104,1000052,1001146,1.843309148,1.841294876
7,1843677,1000260,1000260,1000260,1001510,1.843197769,1.840897245
7,1829071,1000313,1000313,984270,1001459,1.858302092,1.826406273
7,1832129,1000469,1000469,1000521,1001510,1.831174958,1.829366656
7,1843918,1000417,1000417,1000416,1001458,1.843151249,1.841233482
7,1843914,1000365,1000365,1000364,1001302,1.843243060,1.841516346
7,1839476,1000261,1000261,997136,1001250,1.844759391,1.837179526
7,1844026,1000417,1000417,1000468,1001303,1.843163400,1.841626361
7,1843441,1000104,1000104,1000156,1001042,1.843153468,1.841522134
7,1843406,1000156,1000156,1000053,1001042,1.843308305,1.841487170
7,2011878,1000573,1000573,971562,1001771,2.070766456,2.008321263
7,2093348,1000260,1000260,1000312,1001354,2.092695079,2.090517439
7,2092651,1000260,1000260,1000313,1001198,2.091996205,2.090147004
7,2093883,1000521,1000521,1000573,1001510,2.092683892,2.090726004
7,2088188,1000053,1000053,995468,1000989,2.097694753,2.086124823
7,2092780,1000000,1000000,1000000,1000938,2.092780000,2.090818812
7,2092863,1000052,1000052,1000053,1000886,2.092752084,2.091010365
7,2092760,1000000,1000000,1000000,1000834,2.092760000,2.091016093
7,2072567,1000313,1000313,980365,1001302,2.114076900,2.069872027
7,1994170,1000365,1000365,1000469,1001250,1.993235173,1.991680400
7,1840158,1000052,1000052,1000052,1000938,1.840062317,1.838433549
7,1843513,1000209,1000209,1000104,1001093,1.843321295,1.841500240
7,1836694,1000000,1000000,994636,1001042,1.846599158,1.834782157
7,1844052,1000469,1000469,1000469,1001354,1.843187545,1.841558530
7,1843159,999948,999948,999948,1000833,1.843254849,1.841624926
7,1843651,1000260,1000260,1000208,1001198,1.843267600,1.841444949
7,1826202,1000573,1000573,962656,1001667,1.897045258,1.823162788
7,1843521,1000156,1000156,1000209,1001302,1.843135785,1.841123857
7,1844029,1000469,1000469,1000468,1001510,1.843166398,1.841248714
7,1843722,1000261,1000261,1000312,1001302,1.843146938,1.841324595
7,1836256,1000313,1000313,995469,1001459,1.844613946,1.833580806
7,1843942,1000416,1000416,1000365,1001406,1.843269207,1.841353058
7,1843570,1000208,1000208,1000208,1001250,1.843186617,1.841268414
7,1844232,1000573,1000573,1000573,1001510,1.843175860,1.841451408
7,1830933,1000261,1000261,986093,1001458,1.856754890,1.828267386
7,1842190,1000208,1000208,1000313,1001302,1.841613575,1.839794587
7,1833395,1000260,1000260,1000365,1001302,1.832726055,1.831011024
7,1841977,1000781,1000781,1000833,1001823,1.840443910,1.838625186
7,1842557,1000364,1000364,1000365,1001406,1.841884712,1.839970002
7,1843439,1000104,1000104,1000157,1001094,1.843149626,1.841424482
7,1843363,1000104,1000104,1000156,1001041,1.843075480,1.841446055
7,1838236,1000365,1000365,993228,1001354,1.850769410,1.835750394
7,2031289,1000625,1000625,992500,1001562,2.046638791,2.028121075
7,2093723,1000468,1000468,1000521,1001458,2.092632738,2.090674796
7,2092666,1000572,1000572,1000677,1001614,2.091250224,2.089293880
7,2088036,1000468,1000468,996302,1001354,2.095786217,2.085212622
7,2093397,1000312,1000312,1000365,1001250,2.092633189,2.090783521
7,2093706,1000417,1000417,1000417,1001354,2.092833289,2.090874955
7,2093660,1000417,1000417,1000416,1001355,2.092789400,2.090826930
7,2087844,1000312,1000312,991927,1001250,2.104836344,2.085237453
7,2084698,1000312,1000312,992761,1001250,2.099899170,2.082095381
7,2093345,1000261,1000261,1000312,1001093,2.092692080,2.091059472
7,1998120,1000365,1000365,1000365,1001250,1.997390952,1.995625468
7,1833926,1000156,1000156,995886,1001094,1.841501939,1.831921877
7,1843514,1000156,1000156,1000208,1001041,1.843130629,1.841596898
7,1843475,1000469,1000469,1000521,1001459,1.842515050,1.840789288
7,1843603,1000365,1000365,1000312,1001198,1.843027975,1.841397006
7,1834940,1000573,1000573,971145,1001563,1.889460379,1.832076464
7,1837415,1000573,1000573,994844,1001666,1.846937811,1.834358958
7,1844147,1000520,1000520,1000521,1001458,1.843186700,1.841462148
7,1843556,1000156,1000156,1000209,1001146,1.843170777,1.841445703
7,1838021,1000313,1000313,998074,1001407,1.841567860,1.835438538
7,1843577,1000208,1000208,1000209,1001198,1.843191773,1.841371037
7,1843843,1000312,1000312,1000365,1001250,1.843170243,1.841541074
7,1843868,1000364,1000364,1000365,1001302,1.843195234,1.841470406
7,1836269,1000260,1000260,987709,1001354,1.859119437,1.833786054
7,1836916,1000052,1000052,994792,1001094,1.846532743,1.834908610
7,1843832,1000365,1000365,1000260,1001250,1.843352728,1.841530087
7,1843457,1000104,1000104,1000157,1001094,1.843167623,1.841442462
7,1838463,1000261,1000261,997135,1001250,1.843745330,1.836167790
7,1843583,1000209,1000209,1000208,1001250,1.843199614,1.841281398
7,1843654,1000209,1000209,1000260,1001146,1.843174775,1.841543591
7,1843216,1000000,1000000,1000000,1000938,1.843216000,1.841488684
7,1834004,1000209,1000209,980051,1001407,1.871335267,1.831427182
7,1836534,1000521,1000521,994792,1001719,1.846148743,1.833382416
7,1843172,1000000,1000000,999948,1001198,1.843267850,1.840966522
7,1843469,1000260,1000260,1000261,1001510,1.842987980,1.840689559
7,1837112,1000417,1000417,987292,1001614,1.860758519,1.834151679
7,1844120,1000469,1000469,1000469,1001718,1.843255513,1.840957235
7,1843661,1000261,1000261,1000260,1001250,1.843181773,1.841359301
7,1843374,1000104,1000104,1000104,1001302,1.843182309,1.840977048
7,1828526,1000469,1000469,982084,1001771,1.861883505,1.825293405
7,1843854,1000365,1000365,1000364,1001614,1.843183081,1.840882815
7,1843953,1000416,1000416,1000417,1001459,1.843184392,1.841266592
7,1843250,1000000,1000000,1000000,1001041,1.843250000,1.841333172
7,1835204,1000104,1000104,987187,1001354,1.859023670,1.832722494
7,1843481,1000156,1000156,1000104,1001355,1.843289298,1.840986463
7,1843508,1000156,1000156,1000104,1001198,1.843316295,1.841302120
7,1843989,1000417,1000417,1000417,1001459,1.843220377,1.841302540
7,1822789,1000573,1000573,961771,1001875,1.895242215,1.819377667
7,1843476,1000156,1000156,1000156,1001406,1.843188463,1.840887712
7,1843871,1000365,1000365,1000313,1001458,1.843294049,1.841186550
7,1843931,1000416,1000416,1000417,1001563,1.843162401,1.841053433
7,1833600,1000313,1000313,992552,1001562,1.847359131,1.830740384
7,1843980,1000416,1000416,1000417,1001875,1.843211381,1.840529008
7,1844153,1000520,1000520,1000521,1001927,1.843192697,1.840606152
7,1843261,1000052,1000052,1000000,1001146,1.843261000,1.841151041
7,1780114,1000365,1000365,943075,1001615,1.887563555,1.777243751
7,1843072,1000052,1000052,1000052,1001302,1.842976165,1.840675441
7,1843532,1000208,1000208,1000156,1001614,1.843244454,1.840561334
7,1843301,1000052,1000052,1000000,1001250,1.843301000,1.840999750
7,1836917,1000105,1000105,995781,1001302,1.844699788,1.834528444
7,1844147,1000521,1000521,1000521,1002032,1.843186700,1.840407292
7,1843359,1000052,1000052,1000104,1001562,1.843167311,1.840484164
7,1843855,1000365,1000365,1000365,1001458,1.843182238,1.841170573
7,1806711,1000416,1000416,945520,1001667,1.910812040,1.803704225
7,1843763,1000312,1000312,1000313,1001615,1.843186083,1.840790124
7,1843173,999948,999948,999948,1001042,1.843268850,1.841254413
7,1843725,1000260,1000260,1000260,1001302,1.843245756,1.841327591
7,1838209,1000208,1000208,996823,1001354,1.844067603,1.835723430
7,1843491,1000261,1000261,1000260,1001302,1.843011817,1.841093896
7,1843859,1000365,1000365,1000364,1001406,1.843188080,1.841270174
7,1843383,1000104,1000104,1000052,1001302,1.843287149,1.840986036
7,1828384,1000260,1000260,979635,1001458,1.866393095,1.825722097
7,1843909,1000365,1000365,1000365,1001354,1.843236219,1.841415723
7,1844107,1000521,1000521,1000521,1001407,1.843146721,1.841515987
7,1843720,1000260,1000260,1000261,1001302,1.843238915,1.841322598
7,1839307,1000105,1000105,997239,1001042,1.844399387,1.837392437
7,1843340,1000104,1000104,1000052,1000938,1.843244151,1.841612567
7,1844097,1000468,1000468,1000469,1001407,1.843232524,1.841506001
7,1844154,1000520,1000520,1000521,1001407,1.843193696,1.841562921
7,1830496,1000208,1000208,975730,1001250,1.876027180,1.828210737
7,1844302,1000625,1000625,1000521,1001770,1.843341619,1.841043353
7,1843233,1000052,1000052,1000052,1001094,1.843137157,1.841218707
7,1843496,1000157,1000157,1000156,1001250,1.843208459,1.841194507
7,1836368,1000052,1000052,996249,1001146,1.843282151,1.834265931
7,1843602,1000208,1000208,1000156,1001406,1.843314443,1.841013535
7,1843269,1000104,1000104,1000156,1001198,1.842981495,1.841063406
7,1843991,1000417,1000417,1000416,1001510,1.843224219,1.841210772
7,1828154,1000625,1000625,981771,1001875,1.862098188,1.824732626
7,1843535,1000157,1000157,1000156,1001302,1.843247453,1.841137839
7,1843267,1000157,1000157,1000156,1001198,1.842979495,1.841061408
7,1843172,1000000,1000000,999948,1001041,1.843267850,1.841255253
7,1837533,1000312,1000312,996355,1001354,1.844255311,1.835048345
7,1843841,1000365,1000365,1000312,1001406,1.843265901,1.841252199
7,1843708,1000260,1000260,1000260,1001302,1.843228761,1.841310614
7,1844135,1000469,1000469,1000520,1001718,1.843176548,1.840972210
7,1825320,1000468,1000468,972656,1001875,1.876634699,1.821903930
7,1843998,1000469,1000469,1000416,1001614,1.843231216,1.841026583
7,1843887,1000364,1000364,1000365,1001511,1.843214227,1.841105090
7,1843535,1000156,1000156,1000208,1001354,1.843151624,1.841042229
7,1836747,1000104,1000104,995260,1001354,1.845494645,1.834263407
7,1844123,1000521,1000521,1000521,1001615,1.843162712,1.841149543
7,1844129,1000521,1000521,1000468,1001615,1.843266351,1.841155534
7,1843578,1000209,1000209,1000208,1001354,1.843194616,1.841085171
7,1819844,1000468,1000468,970365,1001667,1.875422135,1.816815369
7,1843616,1000209,1000209,1000208,1001458,1.843232608,1.840931921
7,1843655,1000208,1000208,1000261,1001354,1.843173932,1.841162067
7,1844046,1000468,1000468,1000469,1001459,1.843181548,1.841359457
7,1834855,1000416,1000416,996563,1001667,1.841183146,1.831801387
7,1843779,1000312,1000312,1000313,1001354,1.843202078,1.841285899
7,1843217,1000000,1000000,1000000,1001042,1.843217000,1.841298367
7,1843204,1000000,1000000,999948,1001041,1.843299852,1.841287220
7,1827921,1000312,1000312,974323,1001615,1.876093452,1.824973668
7,1843521,1000157,1000157,1000312,1001718,1.842946001,1.840359263
7,1843469,1000260,1000260,1000260,1001562,1.842989823,1.840593992
7,1843653,1000261,1000261,1000260,1001667,1.843173775,1.840584745
7,1834820,1000417,1000417,992030,1001615,1.849561001,1.831861544
7,1843668,1000260,1000260,1000261,1001406,1.843186928,1.841079442
7,1843967,1000416,1000416,1000365,1001615,1.843294198,1.840993795
7,1843169,1000000,1000000,999948,1001041,1.843264850,1.841252256
7,1829132,1000208,1000208,980990,1001615,1.864577621,1.826182715
7,1843601,1000209,1000209,1000208,1001354,1.843217611,1.841108140
7,1843544,1000208,1000208,1000156,1001406,1.843256452,1.840955616
7,1843711,1000261,1000261,1000312,1001302,1.843135942,1.841313610
7,1836448,1000625,1000625,989947,1001771,1.855097293,1.833201400
7,1843282,1000052,1000052,1000000,1001146,1.843282000,1.841172017
7,1843769,1000312,1000312,1000313,1001302,1.843192081,1.841371534
7,1843716,1000260,1000260,1000261,1001354,1.843234916,1.841222984
7,1821855,1000625,1000625,959376,1002084,1.898999975,1.818066150
7,1843806,1000312,1000312,1000261,1001458,1.843324892,1.841121645
7,1843564,1000208,1000208,1000208,1001355,1.843180618,1.841069351
7,1844024,1000417,1000417,1000416,1001615,1.843257205,1.841050703
7,1838164,1000417,1000417,993282,1001719,1.850596306,1.835009618
7,1843705,1000261,1000261,1000312,1001406,1.843129943,1.841116390
7,1843645,1000209,1000209,1000208,1001614,1.843261602,1.840674152
7,1844114,1000521,1000521,1000468,1001615,1.843251358,1.841140558
7,1812683,1000416,1000416,966772,1001875,1.874985002,1.809290580
7,1843589,1000208,1000208,1000209,1001355,1.843203770,1.841094317
7,1843432,1000104,1000104,1000104,1001250,1.843240303,1.841130587
7,1843657,1000260,1000260,1000208,1001354,1.843273599,1.841164064
7,1835302,1000261,1000261,988645,1001562,1.856381209,1.832439729
7,1843038,999948,999948,999843,1001042,1.843327402,1.841119553
7,1843896,1000365,1000365,1000365,1001510,1.843223224,1.841115915
7,1843886,1000364,1000364,1000313,1001459,1.843309044,1.841199690
7,1800011,1000573,1000573,941198,1002084,1.912467940,1.796267578
7,1843156,999948,999948,1000000,1001094,1.843156000,1.841141791
7,1843882,1000364,1000364,1000365,1001615,1.843209229,1.840908932
7,1843489,1000157,1000157,1000104,1001250,1.843297297,1.841187516
7,1837688,1000313,1000313,992916,1001459,1.850799061,1.835010719
7,1843910,1000416,1000416,1000365,1001615,1.843237218,1.840936887
7,1843159,1000000,1000000,1000000,1001042,1.843159000,1.841240427
7,1843546,1000157,1000157,1000156,1001250,1.843258452,1.841244444
7,1826723,1000729,1000729,979218,1002031,1.865491647,1.823020445
7,1842937,999948,999948,999896,1001042,1.843128685,1.841018659
7,1843661,1000208,1000208,1000208,1001302,1.843277598,1.841263675
7,1843687,1000260,1000260,1000260,1001250,1.843207766,1.841385268
7,1837991,1000052,1000052,996876,1001250,1.843750878,1.835696380
7,1843356,1000104,1000104,1000104,1001094,1.843164311,1.841341572
7,1843132,999948,999948,1000000,1000990,1.843132000,1.841309104
7,1843264,1000052,1000052,1000000,1001042,1.843264000,1.841345318
7,1824182,1002084,1002084,972709,1003646,1.875362518,1.817555194
7,1843275,1000052,1000052,1000052,1001250,1.843179155,1.840973783
7,1843680,1000260,1000260,1000261,1001406,1.843198925,1.841091425
7,1844039,1000468,1000468,1000417,1001563,1.843270356,1.841161265
7,1836293,1000469,1000469,995782,1001666,1.844071293,1.833238824
7,1843349,1000052,1000052,1000052,1001198,1.843253151,1.841143310
7,1843163,1000000,1000000,999948,1001459,1.843258849,1.840477743
7,1843593,1000208,1000208,1000208,1001303,1.843209612,1.841193924
7,1827523,1000156,1000156,981876,1001666,1.861256411,1.824483411
7,1843114,1000053,1000053,1000052,1001146,1.843018163,1.841004209
7,1843427,1000104,1000104,1000104,1001250,1.843235304,1.841125593
7,1843825,1000365,1000365,1000312,1001511,1.843249906,1.841043184
7,1838127,1000157,1000157,996719,1001666,1.844177747,1.835069774
7,1843987,1000469,1000469,1000416,1001511,1.843220220,1.841204939
7,1843932,1000521,1000521,1000625,1001666,1.842780262,1.840865119
7,1844081,1000469,1000469,1000521,1001667,1.843120734,1.841012033
7,1830938,1000521,1000521,973281,1001822,1.881201832,1.827608098
7,1833377,1000677,1000677,1000729,1001979,1.832041442,1.829755913
7,1842186,1000520,1000520,1000573,1001823,1.841131032,1.838833806
7,1844064,1000469,1000469,1000469,1001614,1.843199539,1.841092477
7,1836981,1000052,1000052,994220,1001198,1.847660478,1.834782930
7,1843393,1000104,1000104,1000104,1001302,1.843201307,1.840996023
7,1843816,1000312,1000312,1000365,1001354,1.843143253,1.841322849
7,1843512,1000208,1000208,1000156,1001146,1.843224457,1.841401754
7,1829658,1000209,1000209,975051,1001406,1.876474154,1.827089113
7,1844009,1000416,1000416,1000469,1001459,1.843144565,1.841322510
7,1844422,1000625,1000625,1000781,1001875,1.842982631,1.840970181
7,1843802,1000364,1000364,1000313,1001250,1.843225071,1.841500125
7,1839193,1000260,1000260,995626,1001302,1.847272972,1.836801484
7,1843929,1000364,1000364,1000469,1001511,1.843064603,1.841147027
7,1844539,1000729,1000729,1000834,1001719,1.843001936,1.841373679
7,1843336,1000104,1000104,1000052,1001042,1.843240152,1.841417243
7,1903883,1000469,1000469,957291,1001510,1.988823670,1.901012471
7,2092543,1000573,1000573,1000573,1001510,2.091344660,2.089388024
7,2092628,1000260,1000260,1000260,1001250,2.092084058,2.090015481
7,2092933,1000052,1000052,1000052,1000937,2.092824173,2.090973758
7,2085893,1000261,1000261,995573,1001354,2.095168310,2.083072520
7,2093395,1000313,1000313,1000364,1001354,2.092633281,2.090564376
7,2092757,1000000,1000000,1000000,1000834,2.092757000,2.091013095
7,2093078,1000104,1000104,1000261,1001094,2.092531849,2.090790675
7,2079644,1000157,1000157,983020,1001198,2.115566316,2.077155568
7,2092564,999844,999844,999896,1000781,2.092781649,2.090930983
7,2093432,1000261,1000261,1000260,1001198,2.092887849,2.090927069
7,2093575,1000364,1000364,1000365,1001146,2.092811124,2.091178509
7,2087166,1000156,1000156,997500,1001093,2.092396992,2.084887218
7,1889416,1000104,1000104,1000156,1000990,1.889121297,1.887547328
7,1843011,1000209,1000209,1000260,1001146,1.842531942,1.840901327
7,1843241,1000000,1000000,1000053,1000938,1.843143313,1.841513660
7,1822838,1000573,1000573,964792,1001666,1.889358535,1.819806203
7,1843164,1000000,1000000,1000000,1000989,1.843164000,1.841342912
7,1843363,1000104,1000104,1000104,1001042,1.843171310,1.841444215
7,1843202,1000000,1000000,1000000,1001042,1.843202000,1.841283383
7,1838051,1000417,1000417,994791,1001615,1.847675542,1.835087334
7,1843533,1000156,1000156,1000156,1001146,1.843245454,1.841422730
7,1843979,1000417,1000417,1000417,1001406,1.843210381,1.841390006
7,1843205,1000053,1000053,1000000,1000937,1.843205000,1.841479534
7,1817155,1000417,1000417,973229,1001667,1.867140211,1.814130844
7,1843715,1000260,1000260,1000313,1001458,1.843138098,1.841030777
7,1844015,1000417,1000417,1000416,1001511,1.843248209,1.841232897
7,1843973,1000417,1000417,1000417,1001458,1.843204384,1.841288402
7,1837728,1000468,1000468,997344,1001823,1.842622004,1.834383918
7,1844257,1000573,1000573,1000573,1001718,1.843200846,1.841094001
7,1843849,1000313,1000313,1000313,1001458,1.843272056,1.841164582
7,1843728,1000260,1000260,1000313,1001302,1.843151094,1.841330588
7,1828908,1000573,1000573,971250,1001771,1.883045560,1.825674730
7,1843651,1000261,1000261,1000260,1001302,1.843171775,1.841253688
7,1843968,1000417,1000417,1000417,1001406,1.843199386,1.841379021
7,1844057,1000468,1000468,1000573,1001614,1.843000960,1.841085488
7,1830592,1000313,1000313,996875,1002084,1.836330533,1.826784980
7,1840703,1000416,1000416,1000417,1001510,1.839935747,1.837927729
7,1843293,1000052,1000052,1000000,1001094,1.843293000,1.841278641
7,1843537,1000157,1000157,1000156,1001198,1.843249453,1.841331085
7,1829290,1000625,1000625,983176,1001719,1.860592610,1.826150847
7,1843677,1000260,1000260,1000260,1001302,1.843197769,1.841279654
7,1843834,1000312,1000312,1000312,1001250,1.843258903,1.841532085
7,1843400,1000104,1000104,1000053,1001094,1.843302305,1.841385524
7,1837404,1000156,1000156,993697,1001198,1.849058616,1.835205424
7,1844349,1000625,1000625,1000833,1001979,1.842813936,1.840706242
7,1843934,1000364,1000364,1000521,1001666,1.842973811,1.840867115
7,1843331,1000052,1000052,1000052,1001094,1.843235152,1.841316600
7,1947466,1000364,1000364,962345,1001354,2.023667188,1.944832697
7,2093112,1000157,1000157,1000104,1001198,2.092894339,2.090607452
7,2092784,1000000,1000000,1000052,1000885,2.092675181,2.090933524
7,2093713,1000468,1000468,1000417,1001250,2.092840286,2.091099126
7,2089364,1000521,1000521,996666,1001614,2.096353242,2.085997201
7,2092959,1000416,1000416,1000417,1001354,2.092086600,2.090128965
7,2093558,1000364,1000364,1000365,1001354,2.092794130,2.090727155
7,2093244,1000209,1000209,1000208,1001041,2.092808696,2.091067199
7,2083916,1000521,1000521,987655,1001563,2.109963499,2.080663922
7,2094050,1000573,1000573,1000625,1001563,2.092742036,2.090782108
7,2093232,1000209,1000209,1000208,1001041,2.092796698,2.091055212
7,2093109,1000157,1000157,1000156,1000937,2.092782526,2.091149593
7,2088837,1000364,1000364,995938,1001198,2.097356462,2.086337568
7,1961784,1000313,1000313,1000312,1001198,1.961172114,1.959436595
7,1842089,1000469,1000469,1000416,1001303,1.841323010,1.839691881
7,1844037,1000469,1000469,1000416,1001355,1.843270200,1.841541711
7,1832706,1000677,1000677,977032,1001771,1.875789125,1.829466016
7,1843124,999947,999947,999948,1000989,1.843219847,1.841302951
7,1844112,1000469,1000469,1000520,1001667,1.843153560,1.841042981
7,1844049,1000468,1000468,1000469,1001458,1.843184546,1.841364291
7,1835185,1000260,1000260,994376,1001458,1.845564454,1.832513196
7,1843305,1000052,1000052,1000000,1001146,1.843305000,1.841194991
7,1844067,1000469,1000469,1000469,1001458,1.843202538,1.841382265
7,1843176,999948,999948,999948,1000990,1.843271850,1.841353060
7,1831584,1000052,1000052,984427,1001198,1.860558477,1.829392388
7,1843503,1000156,1000156,1000157,1001198,1.843213615,1.841297126
7,1844124,1000521,1000521,1000521,1001458,1.843163712,1.841439182
7,1843716,1000260,1000260,1000313,1001250,1.843139097,1.841414232
7,1838714,1000417,1000417,995000,1001406,1.847953769,1.836132398
7,1843380,1000104,1000104,1000052,1001198,1.843284149,1.841174273
7,1843450,1000105,1000105,1000104,1001146,1.843258301,1.841339825
7,1843230,1000000,1000000,1000000,1000938,1.843230000,1.841502670
7,1823757,1000573,1000573,970104,1001771,1.879960293,1.820532836
7,1843390,1000105,1000105,1000104,1001198,1.843198307,1.841184261
7,1843773,1000313,1000313,1000312,1001302,1.843197922,1.841375529
7,1843508,1000156,1000156,1000104,1001146,1.843316295,1.841397758
7,1837539,1000417,1000417,993125,1001562,1.850259534,1.834673240
7,1843494,1000156,1000156,1000156,1001094,1.843206460,1.841479422
7,1843654,1000260,1000260,1000260,1001406,1.843174775,1.841065462
7,1843482,1000156,1000156,1000104,1001198,1.843290298,1.841276151
7,1829429,1000364,1000364,985260,1001510,1.856798206,1.826670727
7,1843201,1000000,1000000,1000000,1000886,1.843201000,1.841569370
7,1843668,1000261,1000261,1000260,1001197,1.843188771,1.841463768
7,1844366,1000677,1000677,1000625,1001563,1.843213991,1.841487755
7,1837671,1000260,1000260,997448,1001250,1.842372735,1.835376779
7,1843596,1000208,1000208,1000156,1001094,1.843308444,1.841581310
7,1843214,1000052,1000052,1000000,1000937,1.843214000,1.841488525
7,1843908,1000417,1000417,1000364,1001354,1.843237062,1.841414724
7,1824951,1000625,1000625,968853,1001771,1.883620116,1.821724726
7,1843407,1000105,1000105,1000104,1001094,1.843215306,1.841392517
7,1843701,1000312,1000312,1000261,1001198,1.843219920,1.841494889
7,1843206,1000000,1000000,1000000,1000885,1.843206000,1.841576205
7,1834971,1000365,1000365,993905,1001354,1.846223734,1.832489809
7,1843192,1000000,1000000,1000000,1000886,1.843192000,1.841560378
7,1843139,1000000,1000000,999948,1000885,1.843234848,1.841509264
7,1843832,1000364,1000364,1000313,1001302,1.843255061,1.841434452
7,1826582,1000625,1000625,974427,1001667,1.874519076,1.823542155
7,1843999,1000417,1000417,1000416,1001719,1.843232215,1.840834605
7,1844086,1000520,1000520,1000469,1001718,1.843221529,1.840923294
7,1843595,1000208,1000208,1000208,1001250,1.843211612,1.841293383
7,1834537,1000260,1000260,989480,1001562,1.854041517,1.831675922
7,1843449,1000156,1000156,1000156,1001197,1.843161467,1.841245030
7,1843490,1000157,1000157,1000104,1001355,1.843298297,1.840995451
7,1843791,1000364,1000364,1000313,1001355,1.843214074,1.841296044
7,1792661,1000157,1000157,934115,1001563,1.919100967,1.789863443
7,1843712,1000313,1000313,1000312,1001406,1.843136941,1.841123381
7,1843519,1000156,1000156,1000156,1001094,1.843231456,1.841504394
7,1844191,1000521,1000521,1000521,1001406,1.843230677,1.841601708
7,1838966,1000573,1000573,996927,1001562,1.844634562,1.836098015
7,1843638,1000208,1000208,1000209,1001302,1.843252760,1.841240705
7,1843831,1000312,1000312,1000313,1001250,1.843254061,1.841529089
7,1843327,1000052,1000052,1000052,1000989,1.843231152,1.841505751
7,1828689,1000625,1000625,982448,1001875,1.861359583,1.825266625
7,1843291,1000052,1000052,1000000,1001198,1.843291000,1.841085380
7,1843751,1000313,1000313,1000312,1001354,1.843175929,1.841257937
7,1843211,1000000,1000000,1000000,1001094,1.843211000,1.841196731
7,1837196,1000156,1000156,996458,1001250,1.843726479,1.834902372
7,1843898,1000416,1000416,1000365,1001406,1.843225223,1.841309119
7,1843206,1000000,1000000,999947,1001093,1.843303695,1.841193575
7,1843303,1000052,1000052,1000104,1001303,1.843111316,1.840904302
7,1825703,1000782,1000782,971094,1001980,1.880047658,1.822095251
7,1843538,1000156,1000156,1000208,1001406,1.843154624,1.840949625
7,1843969,1000417,1000417,1000417,1001563,1.843200385,1.841091374
7,1843479,1000104,1000104,1000156,1001302,1.843191462,1.841081911
7,1836971,1000053,1000053,995313,1001198,1.845621428,1.834772942
7,1844107,1000520,1000520,1000469,1001667,1.843242519,1.841037990
7,1844104,1000469,1000469,1000469,1001927,1.843239521,1.840557246
7,1843446,1000156,1000156,1000156,1001250,1.843158467,1.841144569
7,1829280,1000208,1000208,983229,1001406,1.860482146,1.826711643
7,1843287,1000052,1000052,999948,1001354,1.843382856,1.840794564
7,1844014,1000468,1000468,1000417,1001563,1.843245367,1.841136304
7,1843988,1000417,1000417,1000417,1001510,1.843219378,1.841207776
7,1834781,1000573,1000573,997031,1001771,1.840244686,1.831537347
7,1843431,1000104,1000104,1000105,1001302,1.843237460,1.841033974
7,1843297,1000052,1000052,1000052,1001093,1.843201154,1.841284476
7,1843845,1000365,1000365,1000312,1001354,1.843269900,1.841351810
7,1829718,1000313,1000313,969584,1001719,1.887116537,1.826578112
7,1843207,1000000,1000000,1000000,1001250,1.843207000,1.840905868
7,1843795,1000312,1000312,1000313,1001511,1.843218073,1.841013229
7,1843715,1000312,1000312,1000260,1001406,1.843235759,1.841126376
7,1836747,1000104,1000104,990989,1001510,1.853448424,1.833977694
7,1844146,1000521,1000521,1000469,1001615,1.843281501,1.841172506
7,1843163,1000000,1000000,999948,1001094,1.843258849,1.841148783
7,1843794,1000313,1000313,1000313,1001458,1.843217073,1.841109662
7,1823704,1000208,1000208,975053,1001667,1.870363970,1.820668945
7,1843985,1000417,1000417,1000416,1001614,1.843218221,1.841013604
7,1844051,1000469,1000469,1000469,1001615,1.843186546,1.841077660
7,1843921,1000365,1000365,1000416,1001771,1.843154248,1.840661189
7,1835470,1000417,1000417,989634,1001666,1.854695776,1.832417193
7,1844033,1000469,1000469,1000468,1001666,1.843170396,1.840965951
7,1844194,1000573,1000573,1000521,1001927,1.843233675,1.840647073
7,1843915,1000417,1000417,1000417,1001511,1.843146408,1.841133048
7,1827573,1000521,1000521,970260,1001875,1.883590996,1.824152714
7,1843116,999948,999948,999896,1001146,1.843307704,1.841006207
7,1843362,1000052,1000052,1000052,1001250,1.843266150,1.841060674
7,1843959,1000417,1000417,1000365,1001563,1.843286201,1.841081390
7,1838267,1000573,1000573,995832,1001770,1.845960965,1.835019016
7,1843466,1000156,1000156,1000105,1001250,1.843272456,1.841164544
7,1843288,1000052,1000052,1000052,1001145,1.843192154,1.841179849
7,1851817,1009531,1009531,1001510,1010677,1.849024972,1.832254024
7,1835468,1000104,1000104,991408,1001615,1.851375014,1.832508499
7,1843555,1000157,1000157,1000156,1001354,1.843267450,1.841062202
7,1843580,1000208,1000208,1000208,1001354,1.843196615,1.841087168
7,1836619,1000520,1000520,995990,1001719,1.844013494,1.833467270
7,1843804,1000312,1000312,1000469,1001719,1.842939661,1.840639940
7,1843249,1000052,1000052,1000000,1001146,1.843249000,1.841139055
7,1843262,1000000,1000000,999948,1001146,1.843357855,1.841152040
7,1833518,1000312,1000312,980468,1001510,1.870043693,1.830753562
7,1836363,1000312,1000312,992813,1001771,1.849656481,1.833116551
7,1843737,1000260,1000260,1000261,1001459,1.843255910,1.841050907
7,1843946,1000417,1000417,1000364,1001770,1.843275048,1.840687982
7,1837820,1000156,1000156,995678,1001406,1.845797537,1.835239653
7,1844054,1000417,1000417,1000416,1001667,1.843287193,1.840985078
7,1843491,1000156,1000156,1000156,1001302,1.843203460,1.841093896
7,1843603,1000208,1000208,1000208,1001354,1.843219610,1.841110137
7,1834728,1000104,1000104,990781,1001302,1.851799742,1.832342290
7,1837133,1000573,1000573,991615,1002031,1.852667618,1.833409346
7,1843372,1000105,1000105,1000104,1001250,1.843180309,1.841070662
7,1843146,1000000,1000000,999948,1001094,1.843241849,1.841131802
7,1836861,1000417,1000417,990520,1001666,1.854441102,1.833805879
7,1844117,1000521,1000521,1000469,1001615,1.843252515,1.841143553
7,1843276,1000000,1000000,1000052,1001458,1.843180155,1.840592416
7,1843742,1000260,1000260,1000313,1001459,1.843165089,1.841055899
7,1832954,1000625,1000625,972499,1001875,1.884787542,1.829523643
7,1807924,1000104,1000104,972969,1001614,1.858151699,1.805010713
7,1843573,1000208,1000208,1000156,1001355,1.843285447,1.841078339
7,1844004,1000417,1000417,1000416,1001614,1.843237213,1.841032573
7,1838368,1000468,1000468,995469,1001719,1.846735559,1.835213268
7,1843207,1000000,1000000,1000000,1001146,1.843207000,1.841097103
7,1843344,1000052,1000052,1000104,1001250,1.843152312,1.841042697
7,1843698,1000260,1000260,1000260,1001355,1.843218763,1.841203170
7,1844583,1009167,1009167,991718,1010312,1.859987416,1.825755806
7,1843262,1000052,1000052,1000052,1001302,1.843166155,1.840865194
7,1843872,1000364,1000364,1000365,1001406,1.843199232,1.841283156
7,1843687,1000260,1000260,1000261,1001302,1.843205923,1.841289641
7,1837681,1000573,1000573,997552,1001667,1.842190683,1.834622684
7,1843831,1000365,1000365,1000312,1001562,1.843255904,1.840955428
7,1843902,1000365,1000365,1000365,1001406,1.843229221,1.841313114
7,1843550,1000208,1000208,1000156,1001406,1.843262451,1.840961608
7,1827850,1000625,1000625,971251,1001875,1.881954304,1.824429195
7,1842902,999843,999843,999792,1001042,1.843285403,1.840983695
7,1843633,1000261,1000261,1000208,1001302,1.843249604,1.841235711
7,1843660,1000260,1000260,1000260,1001198,1.843180773,1.841453938
7,1838260,1000260,1000260,997084,1001250,1.843636043,1.835965044
7,1843302,1000052,1000052,1000052,1000938,1.843206153,1.841574603
7,1843262,1000052,1000052,1000000,1000938,1.843262000,1.841534641
7,1843776,1000313,1000313,1000312,1001198,1.843200921,1.841569799
7,1832875,1000365,1000365,988333,1001354,1.854511587,1.830396643
7,1843902,1000365,1000365,1000365,1001562,1.843229221,1.841026317
7,1843416,1000104,1000104,1000104,1001250,1.843224305,1.841114607
7,1843468,1000156,1000156,1000104,1001198,1.843276299,1.841262168
7,1839112,1000313,1000313,996823,1001510,1.844973481,1.836339128
7,1843483,1000156,1000156,1000157,1001407,1.843193619,1.840892864
7,1843740,1000312,1000312,1000261,1001303,1.843258909,1.841340733
7,1843377,1000104,1000104,1000052,1001146,1.843281149,1.841266908
7,1825550,1000261,1000261,972866,1001510,1.876466029,1.822797576
7,1843163,999948,999948,999947,1001407,1.843260693,1.840573313
7,1844089,1000469,1000469,1000469,1001666,1.843224528,1.841021858
7,1843496,1000156,1000156,1000105,1001250,1.843302453,1.841194507
7,1835352,1000469,1000469,988958,1001979,1.855844232,1.831727012
7,1843424,1000104,1000104,1000052,1001250,1.843328147,1.841122597
7,1843915,1000365,1000365,1000364,1001511,1.843244059,1.841133048
7,1844089,1000521,1000521,1000469,1001771,1.843224528,1.840828892
7,1757097,1000417,1000417,929791,1001614,1.889776305,1.754265615
7,1842788,999792,999792,999739,1000990,1.843269093,1.840965444
7,1843871,1000365,1000365,1000364,1001250,1.843200075,1.841569039
7,1843715,1000312,1000312,1000260,1001146,1.843235759,1.841604521
7,1839910,1000468,1000468,998230,1001407,1.843172415,1.837324884
7,1843237,1000000,1000000,1000000,1000885,1.843237000,1.841607178
7,1844407,1000625,1000625,1000729,1001667,1.843063407,1.841337490
7,1843817,1000364,1000364,1000365,1001250,1.843144252,1.841515106
7,1813754,1000312,1000312,966250,1001407,1.877106339,1.811205634
7,1838846,1000573,1000573,1000625,1001719,1.837697439,1.835690448
7,1844316,1000625,1000625,1000573,1001614,1.843259812,1.841344071
7,1843660,1000260,1000260,1000261,1001250,1.843178930,1.841358302
7,1838840,1000364,1000364,994897,1001563,1.848271731,1.835970378
7,1843385,1000104,1000104,1000104,1001094,1.843193308,1.841370541
7,1843515,1000156,1000156,1000157,1001198,1.843225614,1.841309112
7,1843633,1000208,1000208,1000261,1001250,1.843151937,1.841331336
7,1827610,1000052,1000052,978385,1001146,1.867986529,1.825517956
7,1843519,1000208,1000208,1000260,1001303,1.843039810,1.841120021
7,1844048,1000469,1000469,1000521,1001615,1.843087751,1.841074664
7,1844032,1000469,1000469,1000521,1001510,1.843071760,1.841251710
7,1839808,1000364,1000364,997500,1001406,1.844419048,1.837224862
7,1843627,1000208,1000208,1000261,1001198,1.843145939,1.841420978
7,1843406,1000104,1000104,1000104,1001094,1.843214306,1.841391518
7,1843731,1000261,1000261,1000260,1001198,1.843251755,1.841524853
7,1838823,1000573,1000573,954687,1001666,1.926100387,1.835764616
7,2089690,1000469,1000469,1000573,1001614,2.088493293,2.086322675
7,2093216,1000209,1000209,1000208,1001094,2.092780702,2.090928524
7,2093145,1000521,1000521,1000573,1001459,2.091946315,2.090095551
7,2088708,1000364,1000364,997449,1001355,2.094049921,2.085881630
7,2094186,1000625,1000625,1000729,1001615,2.092660451,2.090809343
7,2093031,1000104,1000104,1000104,1000937,2.092813347,2.091071666
7,2092914,1000052,1000052,1000052,1000885,2.092805174,2.091063409
7,2076865,1000313,1000313,984271,1001250,2.110054040,2.074272160
7,2093165,1000208,1000208,1000208,1000989,2.092729712,2.091096905
7,1952299,1000261,1000261,1000260,1001094,1.951791534,1.950165519
7,1841072,1000260,1000260,1000208,1001093,1.840689137,1.839061905
7,1839363,1000156,1000156,997553,1001198,1.843874962,1.837162080
7,1843657,1000260,1000260,1000261,1001094,1.843175931,1.841642243
7,1843578,1000208,1000208,1000208,1001041,1.843194616,1.841660831
7,1838728,1000416,1000416,998698,1001407,1.841125145,1.836144545
7,1826802,1000365,1000365,967917,1001354,1.887353978,1.824331855
7,1843113,1000000,1000000,999948,1001094,1.843208847,1.841098838
7,1844097,1000469,1000469,1000469,1001407,1.843232524,1.841506001
7,1843586,1000208,1000208,1000157,1001146,1.843296602,1.841475669
7,1840094,1000625,1000625,997448,1001667,1.844801935,1.837031668
7,1843389,1000104,1000104,1000052,1001041,1.843293149,1.841472028
7,1843317,1000052,1000052,1000104,1001094,1.843125315,1.841302615
7,1843889,1000365,1000365,1000364,1001302,1.843218069,1.841491378
7,1833632,1000573,1000573,987084,1001666,1.857625086,1.830582250
7,1843726,1000312,1000312,1000260,1001355,1.843246756,1.841231132
7,1843166,999948,999948,999948,1001042,1.843261850,1.841247420
7,1843302,1000052,1000052,1000000,1000990,1.843302000,1.841478936
7,1838830,1000052,1000052,997135,1001145,1.844113385,1.836726948
7,1843374,1000052,1000052,1000105,1001042,1.843180466,1.841455204
7,1843634,1000260,1000260,1000313,1001354,1.843057123,1.841141095
7,1844097,1000520,1000520,1000521,1001510,1.843136726,1.841316612
7,1815657,1000573,1000573,966875,1001771,1.877861151,1.812447156
7,1841202,1000312,1000312,1000365,1001459,1.840530206,1.838519600
7,1843711,1000261,1000261,1000312,1001198,1.843135942,1.841504877
7,1843991,1000469,1000469,1000416,1001406,1.843224219,1.841401989
7,1839504,1000261,1000261,996978,1001302,1.845079831,1.837112080
7,1844021,1000469,1000469,1000469,1001406,1.843156560,1.841431947
7,1843711,1000312,1000312,1000261,1001250,1.843229917,1.841409238
7,1843342,1000053,1000053,1000052,1001042,1.843246151,1.841423237
7,1834587,1000677,1000677,987553,1001927,1.857709915,1.831058550
7,1842726,1000521,1000521,1000625,1001667,1.841575016,1.839659288
7,1844158,1000521,1000521,1000521,1001563,1.843197694,1.841280079
7,1843503,1000156,1000156,1000208,1001198,1.843119631,1.841297126
7,1838670,1000625,1000625,996250,1001615,1.845590966,1.835705336
7,1843649,1000261,1000261,1000208,1001146,1.843265601,1.841538597
7,1844237,1000573,1000573,1000521,1001510,1.843276653,1.841456401
7,1843343,1000105,1000105,1000104,1000990,1.843151312,1.841519895
7,1850028,1000208,1000208,953280,1001407,1.940697382,1.847428668
7,2089473,1000052,1000052,1000104,1001042,2.089255717,2.087298035
7,2093046,1000053,1000053,1000052,1001094,2.092937167,2.090758710
7,2093738,1000417,1000417,1000573,1001563,2.092538975,2.090470594
7,2088513,1000469,1000469,997239,1001510,2.094295349,2.085364100
7,2092739,1000000,1000000,999948,1000781,2.092847828,2.091105846
7,2092895,1000052,1000052,1000104,1000885,2.092677362,2.091044426
7,2093491,1000313,1000313,1000365,1001198,2.092727155,2.090985999
7,2063785,1000417,1000417,974270,1001355,2.118288565,2.060992355
7,1974111,1000261,1000261,1000260,1001459,1.973597865,1.971234968
7,1839891,1000000,1000000,1000000,1000937,1.839891000,1.838168636
7,1843441,1000156,1000156,1000104,1001094,1.843249302,1.841426479
7,1838233,1000417,1000417,997135,1001354,1.843514670,1.835747398
7,1844144,1000521,1000521,1000469,1001562,1.843279502,1.841267939
7,1844031,1000468,1000468,1000469,1001302,1.843166555,1.841633194
7,1842948,1000208,1000208,1000209,1001042,1.842562904,1.841029647
7,1828532,1000573,1000573,970780,1001614,1.883569913,1.825585505
7,1843370,1000104,1000104,1000104,1001354,1.843178309,1.840877452
7,1843835,1000365,1000365,1000312,1001563,1.843259903,1.840957583
7,1843850,1000365,1000365,1000365,1001406,1.843177240,1.841261187
7,1838281,1000416,1000416,994323,1001719,1.848776504,1.835126418
7,1843338,1000052,1000052,1000052,1001093,1.843242151,1.841325431
7,1843503,1000156,1000156,1000156,1001198,1.843215458,1.841297126
7,1843660,1000260,1000260,1000209,1001302,1.843274756,1.841262676
7,1828438,1000000,1000000,983228,1001250,1.859627675,1.826155306
7,1843816,1000365,1000365,1000312,1001355,1.843240909,1.841321010
7,1843316,1000104,1000104,1000104,1000990,1.843124315,1.841492922
7,1843720,1000261,1000261,1000260,1001146,1.843240757,1.841609515
7,1839841,1000209,1000209,997969,1001250,1.843585322,1.837544070
7,1844178,1000521,1000521,1000521,1001406,1.843217684,1.841588726
7,1844163,1000521,1000521,1000521,1001458,1.843202691,1.841478125
7,1844081,1000468,1000468,1000469,1001406,1.843216531,1.841491862
7,1827670,1000416,1000416,971355,1001511,1.881567501,1.824912557
7,1843775,1000313,1000313,1000312,1001145,1.843199922,1.841666292
7,1843930,1000365,1000365,1000364,1001250,1.843259054,1.841627965
7,1843487,1000156,1000156,1000157,1000990,1.843197618,1.841663753
7,1839760,1000365,1000365,997500,1001354,1.844370927,1.837272333
7,1843250,1000052,1000052,1000000,1000885,1.843250000,1.841620166
7,1843509,1000156,1000156,1000156,1001146,1.843221457,1.841398757
7,1843527,1000208,1000208,1000156,1001042,1.843239455,1.841608044
7,1830416,1000573,1000573,982188,1001770,1.863610633,1.827181888
7,1843337,1000052,1000052,1000052,1001145,1.843241151,1.841228793
7,1843921,1000365,1000365,1000365,1001406,1.843248214,1.841332087
7,1843990,1000416,1000416,1000417,1001510,1.843221377,1.841209773
7,1836798,1000260,1000260,994376,1001510,1.847186577,1.834028617
7,1843369,1000104,1000104,1000052,1001146,1.843273150,1.841258917
7,1843765,1000313,1000313,1000312,1001354,1.843189925,1.841271918
7,1843249,1000000,1000000,1000000,1001094,1.843249000,1.841234689
7,1818251,1000468,1000468,943438,1001979,1.927260721,1.814659788
7,1843405,1000104,1000104,1000156,1001615,1.843117474,1.840432701
7,1843727,1000260,1000260,1000208,1001406,1.843343585,1.841138359
7,1844001,1000417,1000417,1000416,1001719,1.843234215,1.840836602
7,1693608,1000208,1000208,874895,1001406,1.935784294,1.691230130
7,1843465,1000156,1000156,1000157,1001302,1.843175621,1.841067930
7,1843635,1000260,1000260,1000261,1001302,1.843153937,1.841237709
7,1843913,1000364,1000364,1000417,1001458,1.843144409,1.841228489
7,1827632,1000260,1000260,981667,1001666,1.861763714,1.824592229
7,1843085,999948,999948,999896,1000989,1.843276701,1.841263990
7,1844024,1000416,1000416,1000469,1001458,1.843159558,1.841339327
7,1843669,1000260,1000260,1000209,1001250,1.843283754,1.841367291
7,1836512,1000468,1000468,997500,1001562,1.841114787,1.833647842
7,1843223,1000000,1000000,1000000,1000938,1.843223000,1.841495677
7,1843681,1000208,1000208,1000261,1001198,1.843199925,1.841474913
7,1843391,1000105,1000105,1000104,1001041,1.843199307,1.841474026
7,1827635,1000365,1000365,982812,1001562,1.859597766,1.824784686
7,1843788,1000313,1000313,1000260,1001406,1.843308740,1.841199274
7,1843368,1000104,1000104,1000104,1001302,1.843176310,1.840971056
7,1843982,1000468,1000468,1000417,1001406,1.843213380,1.841393001
7,1837474,1000364,1000364,994219,1001458,1.848158203,1.834798863
7,1844112,1000521,1000521,1000468,1001615,1.843249359,1.841138561
7,1843430,1000105,1000105,1000104,1001094,1.843238303,1.841415491
7,1843360,1000104,1000104,1000105,1001250,1.843166468,1.841058677
7,1828532,1000260,1000260,983438,1001458,1.859326160,1.825869882
7,1843496,1000157,1000157,1000208,1001198,1.843112633,1.841290134
7,1843172,999948,999948,999948,1000990,1.843267850,1.841349064
7,1843524,1000156,1000156,1000156,1001146,1.843236455,1.841413740
7,1839642,1000521,1000521,997448,1001511,1.844348778,1.836866495
7,1843207,1000000,1000000,1000000,1000937,1.843207000,1.841481532
7,1843100,999948,999948,999947,1000886,1.843197689,1.841468459
7,1843849,1000313,1000313,1000364,1001355,1.843178083,1.841353965
7,1827038,1000469,1000469,975052,1001823,1.873785193,1.823713371
7,1843686,1000260,1000260,1000209,1001407,1.843300750,1.841095579
7,1843425,1000104,1000104,1000104,1001250,1.843233304,1.841123596
7,1843981,1000417,1000417,1000417,1001562,1.843212380,1.841105194
7,1835823,1000104,1000104,995677,1001354,1.843793720,1.833340657
7,1843603,1000208,1000208,1000208,1001302,1.843219610,1.841205750
7,1843797,1000364,1000364,1000313,1001458,1.843220072,1.841112658
7,1844240,1000573,1000573,1000573,1001667,1.843183856,1.841170768
7,1829802,1000209,1000209,979792,1001667,1.867541274,1.826756796
7,1843914,1000365,1000365,1000417,1001771,1.843145408,1.840654201
7,1844150,1000469,1000469,1000521,1001667,1.843189698,1.841080918
7,1843497,1000156,1000156,1000157,1001302,1.843207616,1.841099888
7,1835459,1000208,1000208,992083,1001718,1.850106292,1.832311090
7,1843389,1000104,1000104,1000104,1001511,1.843197307,1.840607842
7,1843543,1000156,1000156,1000208,1001302,1.843159623,1.841145828
7,1843901,1000365,1000365,1000364,1001562,1.843230064,1.841025318
7,1825159,1000573,1000573,968646,1002135,1.884237379,1.821270587
7,1843443,1000104,1000104,1000104,1001354,1.843251302,1.840950353
7,1843497,1000156,1000156,1000208,1001354,1.843113632,1.841004280
7,1843647,1000260,1000260,1000208,1001354,1.843263601,1.841154077
7,1837055,1000261,1000261,995208,1001458,1.845900555,1.834380473
7,1843224,1000000,1000000,999948,1001094,1.843319853,1.841209717
7,1843550,1000157,1000157,1000156,1001354,1.843262451,1.841057209
7,1843710,1000261,1000261,1000208,1001354,1.843326588,1.841216992
7,1826904,1000261,1000261,981146,1001823,1.862010343,1.823579614
7,1843412,1000156,1000156,1000104,1001302,1.843220305,1.841014998
7,1843974,1000416,1000416,1000365,1001510,1.843301195,1.841193797
7,1843874,1000365,1000365,1000364,1001510,1.843203074,1.841093948
7,1839183,1000417,1000417,995938,1001615,1.846684231,1.836217509
7,1844103,1000469,1000469,1000520,1001771,1.843144565,1.840842867
7,1844137,1000521,1000521,1000521,1001562,1.843176705,1.841260950
7,1843826,1000313,1000313,1000364,1001562,1.843155092,1.840950435
7,1826976,1000625,1000625,971772,1002031,1.880045937,1.823272933
7,1843682,1000261,1000261,1000208,1001354,1.843298594,1.841189030
7,1843860,1000365,1000365,1000365,1001667,1.843187237,1.840791401
7,1843918,1000416,1000416,1000365,1001458,1.843245215,1.841233482
7,1835723,1000469,1000469,996458,1001562,1.842248243,1.832860073
7,1843388,1000105,1000105,1000104,1001146,1.843196308,1.841277896
7,1844165,1000573,1000573,1000520,1001562,1.843206533,1.841288907
7,1843224,1000000,1000000,1000000,1001042,1.843224000,1.841305360
7,1827940,1000417,1000417,984843,1001718,1.856072491,1.824804985
7,1843738,1000312,1000312,1000313,1001563,1.843161091,1.840860735
7,1843444,1000156,1000156,1000104,1001198,1.843252302,1.841238197
7,1843845,1000364,1000364,1000365,1001354,1.843172242,1.841351810
7,1836921,1000312,1000312,996771,1001614,1.842871633,1.833960987
7,1844061,1000469,1000469,1000469,1001511,1.843196541,1.841278828
7,1843328,1000104,1000104,1000052,1001146,1.843232152,1.841217964
7,1843305,1000052,1000052,1000052,1001094,1.843209153,1.841290628
7,1824963,1000521,1000521,973072,1002136,1.875465536,1.821073188
7,1843911,1000417,1000417,1000364,1001822,1.843240061,1.840557504
7,1844101,1000520,1000520,1000469,1001615,1.843236522,1.841127579
7,1843890,1000365,1000365,1000364,1001719,1.843219068,1.840725792
7,1834986,1000573,1000573,990573,1001980,1.852449037,1.831359907
7,1843311,1000052,1000052,1000052,1001406,1.843215153,1.840722944
7,1843509,1000209,1000209,1000156,1001302,1.843221457,1.841111872
7,1843532,1000157,1000157,1000208,1001354,1.843148625,1.841039233
7,1829866,1000417,1000417,982969,1001875,1.861570406,1.826441422
7,1843199,1000000,1000000,999948,1001094,1.843294851,1.841184744
7,1843703,1000261,1000261,1000260,1001458,1.843223762,1.841018795
7,1843736,1000313,1000313,1000260,1001406,1.843256753,1.841147347
7,1834599,1000000,1000000,992553,1001250,1.848363765,1.832308614
7,1843929,1000416,1000416,1000417,1001771,1.843160402,1.840669175
7,1844062,1000469,1000469,1000469,1001667,1.843197540,1.840993065
7,1843180,1000000,1000000,999948,1001093,1.843275850,1.841167604
7,1823378,1000364,1000364,970678,1001980,1.878458150,1.819774846
7,1843255,1000052,1000052,1000000,1001198,1.843255000,1.841049423
7,1843587,1000208,1000208,1000209,1001406,1.843201771,1.840998556
7,1844214,1000573,1000573,1000521,1001667,1.843253665,1.841144812
7,1837448,1000209,1000209,994375,1001406,1.847842112,1.834868175
7,1843848,1000364,1000364,1000313,1001459,1.843271056,1.841161745
7,1843717,1000260,1000260,1000312,1001406,1.843141940,1.841128374
7,1843591,1000208,1000208,1000208,1001614,1.843207613,1.840620239
7,1820112,1000677,1000677,975000,1001875,1.866781538,1.816705677
7,1843299,1000052,1000052,1000053,1001198,1.843201310,1.841093370
7,1843392,1000104,1000104,1000053,1001302,1.843294305,1.840995024
7,1843544,1000208,1000208,1000157,1001250,1.843254609,1.841242447
7,1836185,1000000,1000000,996823,1001146,1.842037152,1.834083141
7,1843718,1000261,1000261,1000260,1001302,1.843238758,1.841320601
7,1843684,1000261,1000261,1000260,1001302,1.843204767,1.841286645
7,1843745,1000313,1000313,1000312,1001302,1.843169931,1.841347565
7,1826272,1000365,1000365,972293,1001719,1.878314459,1.823138026
7,1843741,1000312,1000312,1000313,1001615,1.843164090,1.840768159
7,1843964,1000417,1000417,1000416,1001614,1.843197230,1.840992638
7,1843465,1000104,1000104,1000156,1001198,1.843177464,1.841259172
7,1836649,1000521,1000521,996354,1001615,1.843369927,1.833687595
7,1843834,1000365,1000365,1000312,1001406,1.843258903,1.841245209
7,1843255,1000052,1000052,1000000,1001094,1.843255000,1.841240683
7,1843451,1000104,1000104,1000156,1001146,1.843163466,1.841340823
7,1825687,1000157,1000157,979740,1001563,1.863440300,1.822837904
7,1844015,1000469,1000469,1000469,1001458,1.843150562,1.841330340
7,1843523,1000209,1000209,1000156,1001250,1.843235455,1.841221473
7,1843384,1000104,1000104,1000104,1001146,1.843192308,1.841273900
7,1835503,1000208,1000208,991510,1001614,1.851219857,1.832545272
7,1843721,1000312,1000312,1000261,1001354,1.843239914,1.841227977
7,1844124,1000520,1000520,1000469,1001563,1.843259511,1.841246132
7,1843794,1000312,1000312,1000365,1001407,1.843121261,1.841203427
7,1822130,1000208,1000208,967761,1001770,1.882830575,1.818910528
7,1843862,1000364,1000364,1000365,1001563,1.843189236,1.840984541
7,1843226,1000000,1000000,1000000,1001198,1.843226000,1.841020457
7,1843939,1000364,1000364,1000365,1001563,1.843266208,1.841061421
7,1838397,1000261,1000261,995937,1001406,1.845896879,1.835815843
7,1843402,1000104,1000104,1000104,1001146,1.843210306,1.841291880
7,1844225,1000521,1000521,1002916,1004479,1.838862876,1.836001549
7,1843215,1000000,1000000,1000000,1001146,1.843215000,1.841105094
7,1814054,1000208,1000208,968540,1001458,1.872977884,1.811412960
7,1843413,1000052,1000052,1000000,1001146,1.843413000,1.841302867
7,1836140,1000625,1000625,1000781,1002188,1.834707094,1.832131297
7,1839517,1000156,1000156,1000104,1001355,1.839325710,1.837027827
7,1837757,1000208,1000208,992813,1001614,1.851060572,1.834795640
7,1843176,1000000,1000000,999948,1001198,1.843271850,1.840970517
7,1843504,1000157,1000157,1000156,1001563,1.843216458,1.840627100
7,1844011,1000469,1000469,1000416,1001614,1.843244210,1.841039562
7,1792548,991042,991042,933698,1001406,1.919837035,1.790031216
7,1842169,1000209,1000209,1000260,1001406,1.841690161,1.839582547
7,1843872,1000364,1000364,1000417,1001563,1.843103426,1.840994526
7,1843861,1000364,1000364,1000469,1001510,1.842996635,1.841080968
7,1838210,1000573,1000573,996772,1001562,1.844162958,1.835343194
7,1843573,1000416,1000416,1000469,1001407,1.842708770,1.840982737
7,1843316,1000208,1000208,1000105,1001093,1.843122472,1.841303455
7,1843829,1000365,1000365,1000312,1001250,1.843253905,1.841527091
7,1833184,1000104,1000104,986979,1001146,1.857368799,1.831085576
7,1843758,1000521,1000521,1000469,1001406,1.842893683,1.841169316
7,1843207,1000105,1000105,1000052,1001042,1.843111158,1.841288378
7,1843664,1000469,1000469,1000521,1001614,1.842703951,1.840693121
7,1838790,1000261,1000261,996042,1001406,1.846096851,1.836208291
7,1843865,1000364,1000364,1000313,1001407,1.843288051,1.841274327
7,1843929,1000364,1000364,1000417,1001355,1.843160402,1.841433857
7,1843853,1000364,1000364,1000313,1001355,1.843276055,1.841357960
7,2021561,1000416,1000416,967813,1001667,2.088792980,2.018196666
7,2093235,1000157,1000157,1000156,1001198,2.092908506,2.090730305
7,2093473,1000313,1000313,1000364,1001302,2.092711253,2.090750842
7,2093188,1000521,1000521,1000625,1001614,2.091880575,2.089815039
7,2085143,1000104,1000104,994844,1001041,2.095949717,2.082974623
7,2093473,1000313,1000313,1000365,1001250,2.092709161,2.090859426
7,2093233,1000209,1000209,1000208,1001094,2.092797698,2.090945506
7,2106781,1009532,1009532,1002187,1010365,2.102183525,2.085168231
7,2084940,1000104,1000104,993490,1001145,2.098601898,2.082555474
7,2093151,1000209,1000209,1000104,1000990,2.092933335,2.091080830
7,2093819,1000521,1000521,1000521,1001302,2.092728688,2.091096392
7,2089195,1000417,1000417,997812,1001250,2.093776182,2.086586767
7,2093797,1000469,1000469,1000468,1001250,2.092817561,2.091183021
7,2093202,1000208,1000208,1000156,1000937,2.092875511,2.091242506
7,2093645,1000417,1000417,1000365,1001146,2.092881098,2.091248429
7,2080394,1000105,1000105,975834,1001042,2.131913830,2.078228486
7,1814177,1000469,1000469,996354,1001511,1.820815694,1.811439914
7,1843565,1000208,1000208,1000208,1001145,1.843181618,1.841456532
7,1843939,1000416,1000416,1000365,1001302,1.843266208,1.841541313
7,1838979,1000104,1000104,995574,1001146,1.847154506,1.836873942
7,1843789,1000312,1000312,1000313,1001250,1.843212075,1.841487141
7,1844083,1000469,1000469,1000469,1001354,1.843218531,1.841589488
7,1843588,1000208,1000208,1000209,1001198,1.843202771,1.841382024
7,1836162,1000417,1000417,989428,1001406,1.855781320,1.833583981
7,1828189,1000730,1000730,994322,1001927,1.838628734,1.824672855
7,1842593,1000417,1000417,1000469,1001458,1.841729229,1.839910411
7,1843310,1000052,1000052,1000000,1001094,1.843310000,1.841295623
7,1839311,1000521,1000521,997500,1001458,1.843920802,1.836633189
7,1841928,1000052,1000052,1000052,1001042,1.841832225,1.840010709
7,1844155,1000521,1000521,1000521,1001406,1.843194696,1.841565759
7,1844160,1000521,1000521,1000573,1001406,1.843103901,1.841570752
7,1818764,1000572,1000572,967344,1001615,1.880162590,1.815831432
7,2056019,1000573,1000573,976301,1002083,2.105927373,2.051745215
7,2094090,1000572,1000572,1000677,1001615,2.092673260,2.090713498
7,2092971,1000364,1000364,1000365,1001250,2.092207344,2.090358052
7,2088769,1000313,1000313,997135,1001198,2.094770518,2.086269649
7,2093214,1000209,1000209,1000208,1001042,2.092778702,2.091035141
7,2092860,1000052,1000052,1000000,1000886,2.092860000,2.091007367
7,2093271,1000260,1000260,1000208,1001042,2.092835690,2.091092082
7,2083793,1000469,1000469,989115,1001354,2.106724698,2.080975359
7,2086139,1000364,1000364,995261,1001354,2.096072287,2.083318187
7,1847786,1000573,1000573,1000573,1001459,1.846727825,1.845094008
7,1843638,1000208,1000208,1000261,1001198,1.843156936,1.841431965
7,1837909,1000521,1000521,995053,1001458,1.847046338,1.835233230
7,1843299,1000052,1000052,1000052,1000938,1.843203153,1.841571606
7,1843249,1000000,1000000,1000052,1000885,1.843153156,1.841619167
7,1843876,1000365,1000365,1000365,1001250,1.843203231,1.841574032
7,1822031,1000521,1000521,964322,1001458,1.889442531,1.819378346
7,1842438,1000364,1000364,1000365,1001407,1.841765755,1.839849332
7,1843578,1000208,1000208,1000208,1001146,1.843194616,1.841467678
7,1843495,1000156,1000156,1000156,1001094,1.843207460,1.841480420
7,1838047,1000052,1000052,995470,1001041,1.846411243,1.836135583
7,1843859,1000312,1000312,1000365,1001303,1.843186237,1.841459578
7,1843100,999948,999948,999895,1000886,1.843293546,1.841468459
7,1843936,1000417,1000417,1000364,1001354,1.843265052,1.841442687
7,1832692,1000313,1000313,987500,1001250,1.855890633,1.830403995
7,1843993,1000469,1000469,1000521,1001510,1.843032780,1.841212769
7,1831887,1000208,1000208,1000313,1001355,1.831313799,1.829408152
7,1842316,1000208,1000208,1000312,1001407,1.841741377,1.839727503
7,1839419,1000208,1000208,995469,1001250,1.847791343,1.837122597
7,1842361,1000260,1000260,1000208,1001197,1.841977869,1.840158330
7,1843446,1000104,1000104,1000157,1001042,1.843156624,1.841527129
7,1843576,1000209,1000209,1000208,1001094,1.843192616,1.841561332
7,1816643,1000261,1000261,964323,1001406,1.883853232,1.814092386
7,2088206,1000157,1000157,1000104,1001198,2.087988849,2.085707323
7,2093213,1000208,1000208,1000209,1001094,2.092775610,2.090925527
7,2092544,1000209,1000209,1000208,1001042,2.092108841,2.090365839
7,2088866,1000260,1000260,997395,1001146,2.094321708,2.086474900
7,2093703,1000469,1000469,1000416,1001302,2.092832382,2.090980543
7,2093460,1000313,1000313,1000312,1001146,2.092807044,2.091063641
7,2093239,1000208,1000208,1000260,1001042,2.092694899,2.091060115
7,2078015,1000312,1000312,985937,1001302,2.107654952,2.075312943
7,2093050,1000104,1000104,1000156,1001041,2.092723535,2.090873401
7,1947980,1000469,1000469,1000469,1001250,1.947066826,1.945548065
7,1841156,1000365,1000365,1000312,1001198,1.840581738,1.838952934
7,1837533,1000365,1000365,995676,1001302,1.845512998,1.835143643
7,1842413,1000261,1000261,1000208,1001146,1.842029858,1.840304012
7,1844030,1000469,1000469,1000416,1001354,1.843263203,1.841536559
7,1843184,1000000,1000000,1000000,1000885,1.843184000,1.841554225
7,1827740,1000469,1000469,974063,1001406,1.876408405,1.825173806
7,1844617,1000677,1000677,1000625,1001979,1.843464834,1.840973713
7,1843239,1000000,1000000,1000000,1001094,1.843239000,1.841224700
7,1843815,1000313,1000313,1000260,1001459,1.843335733,1.841128793
7,1837651,1000104,1000104,993125,1001250,1.850372310,1.835356804
7,1843794,1000312,1000312,1000365,1001458,1.843121261,1.841109662
7,1843923,1000365,1000365,1000364,1001667,1.843252056,1.840854296
7,1843772,1000312,1000312,1000261,1001719,1.843290901,1.840607995
7,1826625,1000209,1000209,979115,1001407,1.865587801,1.824058550
7,1843437,1000156,1000156,1000157,1001667,1.843147626,1.840369105
7,1844115,1000521,1000521,1000469,1001614,1.843250516,1.841143395
7,1844203,1000573,1000573,1000520,1001667,1.843244513,1.841133830
7,1835873,1000520,1000520,987240,1001719,1.859601515,1.832722550
7,1844146,1000520,1000520,1000521,1001927,1.843185700,1.840599165
7,1843789,1000312,1000312,1000261,1001406,1.843307897,1.841200272
7,1843798,1000313,1000313,1000312,1001459,1.843222914,1.841111818
7,1829184,1000625,1000625,970625,1002136,1.884542434,1.825285191
7,1843819,1000364,1000364,1000312,1001771,1.843243908,1.840559369
7,1844111,1000521,1000521,1000521,1001615,1.843150718,1.841137563
7,1843314,1000052,1000052,1000104,1001562,1.843122315,1.840439234
7,1836881,1000521,1000521,995938,1001719,1.844372842,1.833728820
7,1843228,1000000,1000000,1000052,1001146,1.843132157,1.841118079
7,1843662,1000260,1000260,1000261,1001406,1.843180930,1.841073451
7,1843793,1000364,1000364,1000313,1001458,1.843216073,1.841108664
7,1828769,1000104,1000104,982135,1001354,1.862034242,1.826296195
7,1843646,1000209,1000209,1000156,1001355,1.843358436,1.841151240
7,1843372,1000104,1000104,1000104,1001250,1.843180309,1.841070662
7,1843528,1000156,1000156,1000156,1001302,1.843240454,1.841130848
7,1833914,1000208,1000208,995728,1001563,1.841782093,1.831052066
7,1844107,1000521,1000521,1000469,1001927,1.843242519,1.840560240
7,1843333,1000104,1000104,1000052,1001198,1.843237152,1.841127329
7,1843501,1000157,1000157,1000208,1001302,1.843117632,1.841103883
7,1826428,1000365,1000365,966407,1001928,1.889915946,1.822913423
7,1843267,1000000,1000000,1000052,1001198,1.843171155,1.841061408
7,1843158,999948,999948,1000000,1001146,1.843158000,1.841048159
7,1843271,1000053,1000053,1000000,1001145,1.843271000,1.841162869
7,1835226,1000261,1000261,989062,1001614,1.855521696,1.832268718
7,1844002,1000417,1000417,1000417,1001562,1.843233372,1.841126161
7,1843368,1000052,1000052,1000104,1001250,1.843176310,1.841066667
7,1843125,999948,999948,999948,1001094,1.843220847,1.841110825
7,1826973,1000520,1000520,974114,1001771,1.875522783,1.823743151
7,1844124,1000468,1000468,1000469,1001979,1.843259511,1.840481687
7,1844075,1000521,1000521,1000468,1001615,1.843212377,1.841101621
7,1843196,1000000,1000000,1000000,1001093,1.843196000,1.841183586
7,1837104,1000052,1000052,994895,1001250,1.846530538,1.834810487
7,1843311,1000053,1000053,1000052,1001198,1.843215153,1.841105356
7,1843768,1000313,1000313,1000260,1001407,1.843288745,1.841177463
7,1843592,1000208,1000208,1000208,1001354,1.843208613,1.841099152
7,1829571,1000364,1000364,982447,1001666,1.862259236,1.826528004
7,1844145,1000520,1000520,1000521,1001666,1.843184701,1.841077764
7,1843265,1000052,1000052,1000052,1001198,1.843169155,1.841059411
7,1843329,1000104,1000104,1000000,1001458,1.843329000,1.840645339
7,1835890,1000052,1000052,995729,1001250,1.843764719,1.833598002
7,1843435,1000157,1000157,1000104,1001250,1.843243303,1.841133583
7,1844086,1000468,1000468,1000469,1001615,1.843221529,1.841112603
7,1844154,1000521,1000521,1000520,1001615,1.843195538,1.841180494
7,1790890,1000573,1000573,952760,1001822,1.879686385,1.787632933
7,1843397,1000052,1000052,1000000,1001145,1.843397000,1.841288724
7,1843913,1000365,1000365,1000365,1001459,1.843240217,1.841226650
7,1844044,1000468,1000468,1000469,1001562,1.843179549,1.841168095
7,1836918,1000313,1000313,996822,1001458,1.842774337,1.834243673
7,1843547,1000208,1000208,1000156,1001250,1.843259452,1.841245443
7,1844058,1000468,1000468,1000469,1001562,1.843193542,1.841182074
7,1843534,1000208,1000208,1000156,1001302,1.843246454,1.841136840
7,1818388,1000312,1000312,965937,1001510,1.882512006,1.815646374
7,1839835,1000260,1000260,1000260,1001614,1.839356767,1.836870291
7,1843833,1000365,1000365,1000260,1001407,1.843353728,1.841242372
7,1843647,1000209,1000209,1000260,1001302,1.843167776,1.841249693
7,1835583,1000365,1000365,993906,1001667,1.846837629,1.832528176
7,1843452,1000104,1000104,1000104,1001354,1.843260301,1.840959341
7,1843775,1000313,1000313,1000312,1001406,1.843199922,1.841186292
7,1843341,1000052,1000052,1000052,1001302,1.843245151,1.840944091
7,1829791,1000313,1000313,984999,1001458,1.857657724,1.827127049
7,1843744,1000260,1000260,1000365,1001302,1.843071279,1.841346567
7,1843834,1000365,1000365,1000364,1001302,1.843163089,1.841436450
7,1843896,1000365,1000365,1000364,1001355,1.843225066,1.841400902
7,1839463,1000573,1000573,994792,1001615,1.849093077,1.836497057
7,1843393,1000104,1000104,1000104,1001042,1.843201307,1.841474184
7,1843829,1000365,1000365,1000312,1001250,1.843253905,1.841527091
7,1843550,1000208,1000208,1000209,1001094,1.843164779,1.841535360
7,1824486,1000781,1000781,967135,1001875,1.886485341,1.821071491
7,1843326,1000053,1000053,1000052,1001250,1.843230152,1.841024719
7,1843583,1000209,1000209,1000208,1001198,1.843199614,1.841377030
7,1843196,1000000,1000000,1000000,1000938,1.843196000,1.841468702
7,1837876,1000104,1000104,996979,1001146,1.843445047,1.835772205
7,1843735,1000313,1000313,1000260,1001250,1.843255754,1.841433208
7,1843353,1000052,1000052,1000104,1001094,1.843161311,1.841338576
7,1843709,1000313,1000313,1000260,1001250,1.843229760,1.841407241
7,1829413,1000521,1000521,987291,1001771,1.852962298,1.826178837
7,1843263,1000052,1000052,1000052,1001094,1.843167155,1.841248674
7,1844220,1000573,1000573,1000520,1001562,1.843261504,1.841343821
7,1843427,1000105,1000105,1000104,1001406,1.843235304,1.840838781
7,1836807,1000157,1000157,996875,1001302,1.842565016,1.834418587
7,1843679,1000313,1000313,1000208,1001511,1.843295595,1.840897404
7,1843925,1000364,1000364,1000417,1001406,1.843156404,1.841336081
7,1843808,1000312,1000312,1000313,1001354,1.843231069,1.841314860
7,1829405,1000312,1000312,966249,1001771,1.893305970,1.826170851
7,1843666,1000260,1000260,1000209,1001354,1.843280754,1.841173052
7,1844215,1000573,1000573,1000520,1001667,1.843256507,1.841145810
7,1843314,1000052,1000052,1000052,1001250,1.843218153,1.841012734
7,1837626,1000312,1000312,995365,1001511,1.846183058,1.834853536
7,1843685,1000260,1000260,1000260,1001406,1.843205767,1.841096418
7,1843389,1000104,1000104,1000104,1001562,1.843197307,1.840514117
7,1843902,1000364,1000364,1000365,1001511,1.843229221,1.841120068
7,1828356,1000573,1000573,980990,1002135,1.863786583,1.824460776
7,1843565,1000209,1000209,1000156,1001302,1.843277449,1.841167800
7,1843328,1000104,1000104,1000105,1001197,1.843134471,1.841124174
7,1843425,1000104,1000104,1000104,1001250,1.843233304,1.841123596
7,1838483,1000105,1000105,995521,1001250,1.846754614,1.836187765
7,1843363,1000104,1000104,1000052,1001198,1.843267150,1.841157294
7,1843127,1000000,1000000,999948,1001094,1.843222848,1.841112823
7,1843258,1000000,1000000,1000000,1001094,1.843258000,1.841243679
7,1826419,1000312,1000312,969220,1001875,1.884421494,1.823000873
7,1843512,1000156,1000156,1000104,1001302,1.843320295,1.841114868
7,1844066,1000469,1000469,1000469,1001615,1.843201538,1.841092635
7,1843328,1000052,1000052,1000000,1001250,1.843328000,1.841026717
7,1836775,1000365,1000365,993178,1001719,1.849391549,1.833623002
7,1843942,1000365,1000365,1000417,1001823,1.843173397,1.840586611
7,1843302,1000052,1000052,1000000,1001198,1.843302000,1.841096367
7,1843829,1000312,1000312,1000313,1001458,1.843252062,1.841144611
7,1820052,1000208,1000208,973177,1001823,1.870216826,1.816740083
7,1843149,999948,999948,999948,1001094,1.843244849,1.841134799
7,1843534,1000208,1000208,1000208,1001614,1.843150625,1.840563331
7,1844158,1000520,1000520,1000521,1001615,1.843197694,1.841184487
7,1836506,1000208,1000208,996510,1001458,1.842937853,1.833832273
7,1844016,1000469,1000469,1000417,1001563,1.843247366,1.841138301
7,1844073,1000469,1000469,1000468,1001562,1.843210378,1.841197050
7,1843986,1000416,1000416,1000417,1001511,1.843217378,1.841203941
7,1828124,1000573,1000573,971147,1002135,1.882437983,1.824229271
7,1844008,1000468,1000468,1000365,1001615,1.843335183,1.841034729
7,1843322,1000105,1000105,1000000,1001146,1.843322000,1.841211971
7,1843365,1000469,1000469,1000417,1001563,1.842596637,1.840488317
7,1837933,1000156,1000156,996459,1001407,1.844464248,1.835350662
7,1843655,1000260,1000260,1000208,1001614,1.843271600,1.840684136
7,1843595,1000208,1000208,1000209,1001302,1.843209769,1.841197761
7,1833776,1000468,1000468,1000417,1001615,1.833011634,1.830819227
7,1829327,1000469,1000469,986093,1002292,1.855126241,1.825143770
7,1843835,1000365,1000365,1000417,1001563,1.843066441,1.840957583
7,1843488,1000052,1000052,1000052,1001198,1.843392144,1.841282144
7,1843386,1000104,1000104,1000104,1001198,1.843194308,1.841180266
7,1836867,1000260,1000260,991667,1001510,1.852302235,1.834097513
7,1843744,1000312,1000312,1000261,1001459,1.843262908,1.841057897
7,1843562,1000208,1000208,1000261,1001355,1.843080956,1.841067354
7,1844175,1000521,1000521,1000521,1001614,1.843214685,1.841203298
7,1798938,1000365,1000365,942239,1001719,1.909216239,1.795850932
7,1843585,1000208,1000208,1000208,1001458,1.843201614,1.840900966
7,1843984,1000416,1000416,1000417,1001459,1.843215379,1.841297547
7,1843714,1000312,1000312,1000261,1001302,1.843232916,1.841316606
7,1830549,1000677,1000677,997604,1002031,1.834945529,1.826838691
7,1839594,1000157,1000157,1000208,1001354,1.839211444,1.837106558
7,1843871,1000365,1000365,1000364,1001406,1.843200075,1.841282157
7,1843144,1000365,1000365,1000312,1001406,1.842569118,1.840556178
7,1829089,1000052,1000052,982760,1001302,1.861175669,1.826710623
7,1844056,1000469,1000469,1000416,1001510,1.843289192,1.841275674
7,1843357,1000104,1000104,1000052,1001094,1.843261150,1.841342571
7,1843640,1000260,1000260,1000209,1001250,1.843254760,1.841338327
7,1839133,1000156,1000156,996927,1001250,1.844802077,1.836836954
7,1843626,1000208,1000208,1000417,1001458,1.842857528,1.840941907
7,1843426,1000156,1000156,1000052,1001094,1.843330147,1.841411496
7,1844122,1000520,1000520,1000521,1001407,1.843161713,1.841530966
7,1939657,1000416,1000416,965209,1001510,2.009572020,1.936732534
7,2092273,1000365,1000365,1000416,1001458,2.091402976,2.089226907
7,2093604,1000417,1000417,1000417,1001458,2.092731331,2.090555969
7,2093711,1000469,1000469,1000469,1001354,2.092729510,2.090879949
7,2088224,1000313,1000313,995000,1001250,2.098717588,2.085616979
7,2093469,1000312,1000312,1000313,1001198,2.092813949,2.090964025
7,1891011,1000313,1000313,1000312,1001250,1.890421189,1.888650187
7,1843761,1000313,1000313,1000312,1001250,1.843185926,1.841459176
7,1831481,1000573,1000573,982604,1001667,1.863905500,1.828433002
7,1843319,1000156,1000156,1000157,1001146,1.843029644,1.841208975
7,1842957,999947,999947,999948,1000938,1.843052839,1.841229926
7,1843339,1000208,1000208,1000157,1001094,1.843049641,1.841324591
7,1838280,1000053,1000053,997240,1001094,1.843367695,1.836271119
7,1843509,1000365,1000365,1000312,1001250,1.842934005,1.841207491
7,1843695,1000469,1000469,1000520,1001406,1.842736777,1.841106404
7,1843800,1000313,1000313,1000312,1001198,1.843224914,1.841593771
7,1815266,1000625,1000625,956042,1001823,1.898730391,1.811962792
7,1843282,1000052,1000052,1000052,1001094,1.843186154,1.841267653
7,1843304,1000052,1000052,1000052,1001041,1.843208153,1.841387116
7,1843339,1000104,1000104,1000052,1000990,1.843243151,1.841515899
7,1839060,1000156,1000156,997343,1001145,1.843959400,1.836956685
7,1843282,1000208,1000208,1000261,1001250,1.842801029,1.840980774
7,1844353,1000678,1000678,1000729,1001719,1.843009446,1.841187998
7,1830714,1000260,1000260,1000260,1001250,1.830238138,1.828428464
7,1834399,1000417,1000417,987447,1001510,1.857718946,1.831633234
7,1844353,1000573,1000573,1000573,1001563,1.843296791,1.841474775
7,1843278,1000000,1000000,1000052,1001041,1.843182155,1.841361143
7,1841933,1000052,1000052,1000000,1000990,1.841933000,1.840111290
7,1837608,1000052,1000052,997447,1001094,1.842311421,1.835599854
7,1843962,1000416,1000416,1000417,1001407,1.843193388,1.841371191
7,1843990,1000416,1000416,1000417,1001407,1.843221377,1.841399151
7,1843969,1000417,1000417,1000573,1001563,1.842913011,1.841091374
7,1948398,1000781,1000781,985521,1002031,1.977023321,1.944448824
7,2092134,1000000,1000000,1000000,1001041,2.092134000,2.089958353
7,2092263,1000052,1000052,1000052,1000990,2.092154208,2.090193708
7,2093482,1000313,1000313,1000312,1001198,2.092829037,2.090977010
7,2087279,1000417,1000417,997084,1001302,2.093383306,2.084564897
7,2093544,1000364,1000364,1000365,1001302,2.092780135,2.090821750
7,2093663,1000416,1000416,1000469,1001355,2.092681532,2.090829925
7,2092989,1000417,1000417,1000521,1001459,2.091899121,2.089939778
7,2079281,1000209,1000209,985469,1001302,2.109940546,2.076577296
7,2093705,1000417,1000417,1000469,1001302,2.092723513,2.090982541
7,2092848,1000052,1000052,1000053,1000885,2.092737085,2.090997467
7,2093627,1000417,1000417,1000364,1001302,2.092865197,2.090904642
7,2088431,1000208,1000208,997292,1001093,2.094101828,2.086150837
7,2093453,1000313,1000313,1000312,1001094,2.092800046,2.091165265
7,2054600,1000052,1000052,1000052,1000885,2.054493166,2.052783287
7,1837923,1000313,1000313,1000365,1001510,1.837252403,1.835151921
7,1821387,1000417,1000417,960416,1001615,1.896456327,1.818450203
7,1843493,1000156,1000156,1000104,1001198,1.843301297,1.841287138
7,1843181,1000000,1000000,1000000,1000885,1.843181000,1.841551227
7,1843163,1000000,1000000,999948,1000938,1.843258849,1.841435733
7,1836390,1000417,1000417,995156,1001406,1.845328773,1.833811661
7,1844039,1000469,1000469,1000417,1001354,1.843270356,1.841545547
7,1844043,1000469,1000469,1000469,1001459,1.843178549,1.841356461
7,1843860,1000312,1000312,1000365,1001302,1.843187237,1.841462416
7,1824174,1000468,1000468,982813,1001615,1.856074350,1.821232709
7,1843968,1000417,1000417,1000416,1001458,1.843201228,1.841283409
7,1844252,1000573,1000573,1000521,1001510,1.843291645,1.841471378
7,1843289,1000052,1000052,1000052,1001042,1.843193154,1.841370292
7,1838613,1000104,1000104,995624,1001198,1.846694134,1.836412977
7,1843709,1000260,1000260,1000260,1001198,1.843229760,1.841502880
7,1844136,1000521,1000521,1000521,1001458,1.843175705,1.841451164
7,1844032,1000469,1000469,1000469,1001458,1.843167554,1.841347316
7,1815922,1000417,1000417,956926,1001563,1.897661888,1.813088143
7,1843965,1000417,1000417,1000417,1001406,1.843196387,1.841376025
7,1843779,1000312,1000312,1000261,1001302,1.843297899,1.841381521
7,1843852,1000312,1000312,1000469,1001459,1.842987639,1.841165739
7,1826351,1000781,1000781,997344,1001980,1.831214706,1.822741971
7,1842682,1000417,1000417,1000521,1001615,1.841722463,1.839710867
7,1843713,1000261,1000261,1000260,1001250,1.843233759,1.841411236
7,1844054,1000469,1000469,1000468,1001406,1.843191386,1.841464900
7,1832021,1000261,1000261,984635,1001406,1.860609261,1.829448795
7,1844019,1000416,1000416,1000365,1001459,1.843346179,1.841332496
7,1844111,1000469,1000469,1000469,1001511,1.843246517,1.841328752
7,1843611,1000208,1000208,1000208,1001250,1.843227609,1.841309363
7,1839710,1000469,1000469,995885,1001510,1.847311688,1.836936226
7,1843966,1000417,1000417,1000365,1001302,1.843293198,1.841568278
7,1843258,1000052,1000052,1000052,1000938,1.843162156,1.841530644
7,1843299,1000052,1000052,1000000,1000990,1.843299000,1.841475939
7,1983746,1000261,1000261,965417,1001354,2.054807404,1.981063640
7,2093463,1000312,1000312,1000313,1001197,2.092807951,2.090960121
7,2092833,1000000,1000000,1000000,1000833,2.092833000,2.091091121
7,2092718,1000261,1000261,1000260,1001094,2.092174035,2.090431068
7,2007584,1000260,1000260,997708,1001563,2.012195953,2.004451043
7,1842117,1000469,1000469,1000469,1001458,1.841253452,1.839435104
7,1843263,1000000,1000000,1000000,1000938,1.843263000,1.841535640
7,1843698,1000260,1000260,1000260,1001198,1.843218763,1.841491893
7,1826681,1000573,1000573,982604,1001719,1.859020521,1.823546324
7,1842945,1000052,1000052,1000000,1001354,1.842945000,1.840453027
7,1843754,1000260,1000260,1000261,1001354,1.843272906,1.841260933
7,1843378,1000104,1000104,1000104,1001354,1.843186309,1.840885441
7,1834255,1000520,1000520,987657,1001667,1.857178150,1.831202386
7,1844063,1000469,1000469,1000469,1001562,1.843198540,1.841187066
7,1844066,1000468,1000468,1000521,1001615,1.843105742,1.841092635
7,1843540,1000365,1000365,1000417,1001615,1.842771564,1.840567484
7,1821818,1000365,1000365,964115,1001823,1.889627275,1.818502869
7,1843122,1000000,1000000,999948,1001146,1.843217847,1.841012200
7,1843293,1000209,1000209,1000156,1001354,1.843005491,1.840800556
7,1843218,1000104,1000104,1000052,1001198,1.843122158,1.841012467
7,1836792,1000677,1000677,988698,1002239,1.857788728,1.832688610
7,1843104,1000000,1000000,999948,1001094,1.843199846,1.841089848
7,1844024,1000468,1000468,1000417,1001562,1.843255363,1.841148127
7,1843929,1000469,1000469,1000416,1001667,1.843162245,1.840860286
7,1829996,1000208,1000208,980938,1001719,1.865557252,1.826855635
7,1843571,1000208,1000208,1000208,1001667,1.843187617,1.840502882
7,1843576,1000208,1000208,1000209,1001354,1.843190773,1.841083173
7,1843588,1000208,1000208,1000208,1001354,1.843204613,1.841095157
7,1831158,1000468,1000468,986146,1002031,1.856883261,1.827446456
7,1843778,1000417,1000417,1000416,1001823,1.843011307,1.840422909
7,1843101,999948,999948,999948,1001094,1.843196846,1.841086851
7,1843861,1000364,1000364,1000365,1001667,1.843188236,1.840792399
7,1809105,1000573,1000573,956146,1001875,1.892080289,1.805719276
7,1843432,1000313,1000313,1000260,1001615,1.842952832,1.840459658
7,1843957,1000520,1000520,1000521,1001562,1.842996799,1.841081231
7,1844123,1000521,1000521,1000468,1001719,1.843260354,1.840958393
7,1837157,1000469,1000469,996978,1001615,1.842725717,1.834194775
7,1843351,1000105,1000105,1000052,1001146,1.843255151,1.841240938
7,1843497,1000261,1000261,1000260,1001302,1.843017815,1.841099888
7,1843274,1000052,1000052,1000000,1001094,1.843274000,1.841259662
7,1829925,1000416,1000416,985729,1001614,1.856417940,1.826976260
7,1844016,1000417,1000417,1000468,1001511,1.843153404,1.841233896
7,1843592,1000313,1000313,1000364,1001250,1.842921177,1.841290387
7,1843214,1000000,1000000,1000000,1000989,1.843214000,1.841392862
7,1837683,1000156,1000156,995781,1001250,1.845469034,1.835388764
7,1843621,1000208,1000208,1000209,1001250,1.843235764,1.841319351
7,1843247,1000104,1000104,1000104,1000990,1.843055322,1.841423990
7,1843329,1000052,1000052,1000052,1000989,1.843233152,1.841507749
7,1838913,1000260,1000260,995626,1001458,1.846991742,1.836235768
7,1843177,1000000,1000000,999947,1000938,1.843274694,1.841449720
7,1843568,1000157,1000157,1000208,1001146,1.843184618,1.841457689
7,1839711,1000417,1000417,997447,1001355,1.844419804,1.837221565
7,1843643,1000313,1000313,1000312,1001250,1.843067963,1.841341323
7,1843409,1000104,1000104,1000104,1001041,1.843217305,1.841492007
7,1843338,1000052,1000052,1000104,1000938,1.843146313,1.841610569
7,1838088,1000104,1000104,992969,1001146,1.851103106,1.835983962
7,1834561,1000208,1000208,993959,1001406,1.845710940,1.831985229
7,1843592,1000209,1000209,1000208,1001250,1.843208613,1.841290387
7,1842970,1000104,1000104,1000104,1001146,1.842778351,1.840860374
7,1837285,1000260,1000260,996823,1001354,1.843140658,1.834800680
7,1843345,1000052,1000052,1000104,1001094,1.843153312,1.841330584
7,1844110,1000521,1000521,1000469,1001510,1.843245518,1.841329592
7,1843429,1000104,1000104,1000104,1001146,1.843237303,1.841318849
7,1836888,1000468,1000468,980365,1001614,1.873677661,1.833928040
7,1837517,1000625,1000625,989948,1002032,1.856175274,1.833790737
7,1844029,1000469,1000469,1000469,1001563,1.843164556,1.841151281
7,1843665,1000365,1000365,1000313,1001823,1.843088113,1.840310115
7,1838691,1000469,1000469,995626,1001719,1.846768767,1.835535714
7,1843796,1000312,1000312,1000260,1001406,1.843316738,1.841207263
7,1843769,1000313,1000313,1000260,1001407,1.843289745,1.841178462
7,1843162,1000105,1000105,1000104,1001250,1.842970331,1.840860924
7,1830428,1001823,1001823,985572,1003073,1.857224028,1.824820327
7,1843424,1000105,1000105,1000104,1001510,1.843232304,1.840644627
7,1843272,1000052,1000052,1000052,1001198,1.843176155,1.841066402
7,1844164,1000521,1000521,1000521,1001614,1.843203691,1.841192316
7,1837118,1000209,1000209,996562,1001459,1.843455801,1.834441550
7,1843786,1000416,1000416,1000365,1001875,1.843113264,1.840335371
7,1844207,1000573,1000573,1000573,1001666,1.843150875,1.841139661
7,1843387,1000104,1000104,1000104,1001250,1.843195308,1.841085643
7,1826719,1000469,1000469,971146,1001667,1.880993177,1.823678927
7,1843238,1000052,1000052,1000000,1001459,1.843238000,1.840552634
7,1843665,1000468,1000468,1000469,1001614,1.842800726,1.840694120
7,1843100,1000000,1000000,1000052,1001146,1.843004164,1.840990225
7,1835764,1000260,1000260,994219,1001510,1.846438260,1.832996176
7,1843560,1000209,1000209,1000156,1001302,1.843272449,1.841162806
7,1843701,1000468,1000468,1000469,1001614,1.842836710,1.840730062
7,1843761,1000365,1000365,1000416,1001563,1.842994314,1.840883699
7,1829861,1000313,1000313,978958,1001563,1.869192550,1.827005391
7,1843508,1000156,1000156,1000156,1001666,1.843220458,1.840441824
7,1843552,1000313,1000313,1000312,1001459,1.842976991,1.840866176
7,1843545,1000157,1000157,1000208,1001355,1.843161622,1.841050377
7,1835859,1000104,1000104,994740,1001302,1.845566681,1.833471820
7,1843991,1000416,1000416,1000417,1001510,1.843222376,1.841210772
7,1844071,1000469,1000469,1000468,1001615,1.843208378,1.841097627
7,1843401,1000260,1000260,1000209,1001302,1.843015810,1.841004013
7,1826048,1000729,1000729,970104,1001979,1.882321895,1.822441388
7,1843152,1000000,1000000,999948,1001354,1.843247849,1.840659747
7,1843944,1000417,1000417,1000416,1001823,1.843177238,1.840588607
7,1843605,1000208,1000208,1000157,1001354,1.843315599,1.841112134
7,1836549,1000313,1000313,994947,1001510,1.845876213,1.833779992
7,1843288,1000157,1000157,1000104,1001302,1.843096318,1.840891160
7,1844073,1000520,1000520,1000469,1001614,1.843208535,1.841101462
7,1843586,1000156,1000156,1000208,1001354,1.843202614,1.841093160
7,1830506,1000573,1000573,982448,1001875,1.863209045,1.827080225
7,1843716,1000261,1000261,1000260,1001719,1.843236758,1.840552091
7,1843583,1000208,1000208,1000208,1001302,1.843199614,1.841185776
7,1843178,1000000,1000000,999948,1001094,1.843273850,1.841163767
7,1837009,999948,999948,996458,1001354,1.843538814,1.834525053
7,1843856,1000365,1000365,1000312,1001458,1.843280896,1.841171572
7,1843844,1000469,1000469,1000469,1001563,1.842979643,1.840966569
7,1843961,1000416,1000416,1000417,1001875,1.843192389,1.840510044
7,1825368,1000625,1000625,966720,1001823,1.888207547,1.822046409
7,1843852,1000364,1000364,1000365,1001771,1.843179240,1.840592311
7,1843952,1000417,1000417,1000417,1001562,1.843183393,1.841076239
7,1844062,1000469,1000469,1000469,1001667,1.843197540,1.840993065
7,1835501,1000469,1000469,988021,1001719,1.857755048,1.832351188
7,1843742,1000312,1000312,1000261,1001666,1.843260909,1.840675435
7,1844012,1000417,1000417,1000417,1001823,1.843243368,1.840656483
7,1843764,1000417,1000417,1000416,1001510,1.842997313,1.840984114
7,1827781,1000677,1000677,978489,1002136,1.867962747,1.823885181
7,1843882,1000365,1000365,1000364,1001562,1.843211071,1.841006348
7,1843503,1000157,1000157,1000208,1001354,1.843119631,1.841010272
7,1843358,1000209,1000209,1000156,1001302,1.843070481,1.840961069
7,1836882,1000157,1000157,993178,1001303,1.849499284,1.834491657
7,1843651,1000208,1000208,1000208,1001355,1.843267600,1.841156233
7,1843866,1000364,1000364,1000365,1001458,1.843193234,1.841181557
7,1843173,999948,999948,999948,1001094,1.843268850,1.841158772
7,1766552,1000521,1000521,926980,1001979,1.905706703,1.763062899
7,1843359,1000104,1000104,1000052,1001250,1.843263150,1.841057678
7,1843114,999948,999948,999896,1001406,1.843305704,1.840526220
7,1843269,1000000,1000000,1000000,1001146,1.843269000,1.841159032
7,1835055,1000208,1000208,994895,1001458,1.844471025,1.832383385
7,1844046,1000468,1000468,1000417,1001614,1.843277353,1.841074506
7,1844126,1000521,1000521,1000469,1001615,1.843261510,1.841152539
7,1843464,1000156,1000156,1000157,1001302,1.843174622,1.841066931
7,1794852,1000625,1000625,961614,1002031,1.866499448,1.791214044
7,1843581,1000208,1000208,1000157,1001406,1.843291603,1.840992564
7,1843329,1000052,1000052,1000053,1001198,1.843231309,1.841123334
7,1843366,1000052,1000052,1000104,1001511,1.843174310,1.840584876
7,1836427,1000208,1000208,996406,1001719,1.843050925,1.833275599
7,1843464,1000260,1000260,1000261,1001354,1.842982981,1.840971325
7,1844195,1000521,1000521,1000468,1001614,1.843332320,1.841223266
7,1843169,1000000,1000000,1000000,1001146,1.843169000,1.841059146
7,1816669,1000469,1000469,963750,1001771,1.885000259,1.813457367
7,1843396,1000104,1000104,1000156,1001458,1.843108475,1.840712242
7,1833982,1000312,1000312,1000313,1001407,1.833408143,1.831405213
7,1841014,1000208,1000208,1000625,1001770,1.839864085,1.837761163
7,1837262,1000312,1000312,996146,1001719,1.844370203,1.834109166
7,1842306,1000469,1000469,1000521,1001719,1.841346658,1.839144511
7,1843691,1000261,1000261,1000260,1001563,1.843211765,1.840813808
7,1843979,1000468,1000468,1000417,1001563,1.843210381,1.841101359
7,1829635,1000469,1000469,981145,1001823,1.864795723,1.826305645
7,1843194,1000000,1000000,1000052,1001145,1.843098159,1.841085957
7,1843830,1000365,1000365,1000312,1001355,1.843254904,1.841334991
7,1843744,1000260,1000260,1000313,1001302,1.843167089,1.841346567
7,1839149,1000469,1000469,995208,1001667,1.848004638,1.836088241
7,1843713,1000313,1000313,1000416,1001511,1.842946334,1.840931353
7,1843891,1000417,1000417,1000416,1001563,1.843124260,1.841013496
7,1843906,1000364,1000364,1000365,1001302,1.843233220,1.841508356
7,1868235,1000260,1000260,958386,1001510,1.949355479,1.865418218
7,2091481,1000364,1000364,1000313,1001146,2.090826571,2.089086906
7,2093985,1000469,1000469,1000521,1001458,2.092894602,2.090936415
7,2093797,1000469,1000469,1000469,1001302,2.092815470,2.091074421
7,2088558,1000260,1000260,996043,1001406,2.096855256,2.085625610
7,2093032,1000104,1000104,1000209,1001041,2.092594648,2.090855420
7,2091929,1000208,1000208,1000313,1001250,2.091274431,2.089317353
7,2093110,1000104,1000104,1000156,1001093,2.092783526,2.090824729
7,2081657,1000260,1000260,988283,1001198,2.106336950,2.079166159
7,2093081,1000156,1000156,1000156,1000989,2.092754530,2.091012988
7,2093446,1000312,1000312,1000313,1001146,2.092790956,2.091049657
7,2092746,1000000,1000000,1000000,1000782,2.092746000,2.091110751
7,2088753,1000365,1000365,998073,1001250,2.092785798,2.086145318
7,1999622,1000000,1000000,1000052,1000834,1.999518025,1.997955705
7,1840471,1000261,1000261,1000260,1001146,1.839992602,1.838364235
7,1843970,1000417,1000417,1000416,1001302,1.843203227,1.841572273
7,1827848,1000521,1000521,966198,1001667,1.891794436,1.824806048
7,1843783,1000364,1000364,1000313,1001354,1.843206076,1.841289893
7,1843258,1000000,1000000,1000000,1000990,1.843258000,1.841434979
7,1843635,1000209,1000209,1000208,1001250,1.843251604,1.841333333
7,1839949,1000573,1000573,997500,1001667,1.844560401,1.836886910
7,1843523,1000156,1000156,1000157,1001094,1.843233612,1.841508390
7,1843625,1000208,1000208,1000260,1001197,1.843145782,1.841420819
7,1843216,1000052,1000052,1000000,1000938,1.843216000,1.841488684
7,1829523,1000625,1000625,985260,1001666,1.856893612,1.826480084
7,1843760,1000313,1000313,1000312,1001355,1.843184926,1.841265086
7,1843341,1000105,1000105,1000052,1001042,1.843245151,1.841422238
7,1843870,1000365,1000365,1000365,1001406,1.843197233,1.841281159
7,1838643,1000521,1000521,994479,1001667,1.848850504,1.835583083
7,1843218,1000000,1000000,1000000,1000937,1.843218000,1.841492522
7,1844090,1000469,1000469,1000469,1001459,1.843225527,1.841403392
7,1843751,1000313,1000313,1000260,1001250,1.843271749,1.841449189
7,1812529,1000209,1000209,975417,1001354,1.858209361,1.810078154
7,1838812,1000156,1000156,1000157,1001198,1.838523352,1.836611739
7,1843551,1000208,1000208,1000156,1001146,1.843263451,1.841440709
7,1843277,1000729,1000729,1000885,1001875,1.841647142,1.839827324
7,1827325,1000469,1000469,995887,1001719,1.834871828,1.824189219
7,1842246,1000625,1000625,1000678,1001667,1.840997803,1.839180087
7,1843674,1000260,1000260,1000208,1001198,1.843290596,1.841467921
7,1843826,1000313,1000313,1000364,1001250,1.843155092,1.841524095
7,1832315,1000156,1000156,986249,1001302,1.857862467,1.829932428
7,1843926,1000365,1000365,1000416,1001354,1.843159246,1.841432700
7,1843743,1000261,1000261,1000260,1001250,1.843263751,1.841441199
7,1843381,1000104,1000104,1000104,1001042,1.843189308,1.841462196
7,1839503,1000260,1000260,997397,1001302,1.844303723,1.837111081
7,1844522,1000677,1000677,1000938,1001875,1.842793460,1.841069994
7,1844068,1000468,1000468,1000469,1001406,1.843203538,1.841478881
7,1843373,1000104,1000104,1000104,1001041,1.843181309,1.841456044
7,1907485,1000469,1000469,963021,1001563,1.980730431,1.904508254
7,2093246,1000260,1000260,1000208,1001093,2.092810695,2.090960580
7,2093572,1000365,1000365,1000364,1001198,2.092810217,2.091066902
7,2092869,1000052,1000052,1000000,1000937,2.092869000,2.090909818
7,2087008,1000156,1000156,997449,1001094,2.092345574,2.084727308
7,2093681,1000417,1000417,1000521,1001407,2.092590760,2.090739330
7,2093537,1000365,1000365,1000365,1001198,2.092773138,2.091031944
7,2093073,1000104,1000104,1000105,1000937,2.092853250,2.091113627
7,2077172,1000573,1000573,984011,1001458,2.110923557,2.074147892
7,2093067,1000157,1000157,1000208,1001094,2.092631733,2.090779687
7,2092910,1000104,1000104,1000052,1001041,2.092801174,2.090733546
7,2093556,1000365,1000365,1000468,1001302,2.092576674,2.090833734
7,2089406,1000416,1000416,997604,1001302,2.094424240,2.086689131
7,2093445,1000312,1000312,1000313,1001094,2.092789957,2.091157274
7,2092910,1000052,1000052,1000052,1000886,2.092801174,2.091057323
7,2092703,999948,999948,999948,1000729,2.092811826,2.091178531
7,1925398,1000312,1000312,957136,1001354,2.011624262,1.922794536
7,1840489,999948,999948,999948,1000990,1.840584710,1.838668718
7,1843464,1000156,1000156,1000157,1001041,1.843174622,1.841546950
7,1843521,1000157,1000157,1000156,1001094,1.843233456,1.841506392
7,1838496,1000312,1000312,994374,1001250,1.848897900,1.836200749
7,1843711,1000313,1000313,1000208,1001146,1.843327588,1.841600526
7,1843931,1000364,1000364,1000365,1001302,1.843258211,1.841533324
7,1842327,1000312,1000312,1000261,1001145,1.841846278,1.840219948
7,1826516,1000469,1000469,980261,1001563,1.863295592,1.823665611
7,1841949,1000104,1000104,1000104,1001146,1.841757457,1.839840543
7,1843637,1000208,1000208,1000261,1001302,1.843155936,1.841239706
7,1844095,1000521,1000521,1000521,1001458,1.843134727,1.841410224
7,1837471,1000260,1000260,994427,1001406,1.847768614,1.834891143
7,1843637,1000209,1000209,1000260,1001198,1.843157779,1.841430966
7,1843286,1000000,1000000,1000052,1000989,1.843190154,1.841464791
7,1844040,1000417,1000417,1000417,1001458,1.843271356,1.841355304
7,1736520,1000521,1000521,915626,1001719,1.896538543,1.733540045
7,1843356,1000052,1000052,1000052,1001459,1.843260150,1.840670462
7,1843642,1000209,1000209,1000260,1001406,1.843162778,1.841053479
7,1843596,1000261,1000261,1000208,1001354,1.843212612,1.841103146
7,1836318,1000469,1000469,996510,1001927,1.842749195,1.832786221
7,1843941,1000416,1000416,1000417,1001563,1.843172397,1.841063418
7,1843873,1000365,1000365,1000312,1001458,1.843297891,1.841188547
7,1843422,1000105,1000105,1000104,1001250,1.843230304,1.841120599
7,1829618,1000625,1000625,982239,1002083,1.862701440,1.825814828
7,1844142,1000521,1000521,1000468,1001667,1.843279345,1.841072931
7,1843972,1000416,1000416,1000417,1001511,1.843203384,1.841189962
7,1843551,1000209,1000209,1000208,1001302,1.843167621,1.841153818
7,1839111,1000469,1000469,996146,1001719,1.846226356,1.835954993
7,1843772,1000313,1000313,1000260,1001406,1.843292744,1.841183296
7,1843253,1000000,1000000,1000000,1001406,1.843253000,1.840665025
7,1843270,1000052,1000052,1000052,1001198,1.843174155,1.841064405
7,1830468,1000573,1000573,970469,1002135,1.886168440,1.826568277
7,1843138,1000000,1000000,1000208,1001666,1.842754707,1.840072439
7,1844077,1000469,1000469,1000416,1001563,1.843310183,1.841199206
7,1844113,1000468,1000468,1000469,1001615,1.843248516,1.841139560
7,1837560,1000104,1000104,994999,1001302,1.846795826,1.835170608
7,1843750,1000261,1000261,1000312,1001667,1.843174929,1.840681584
7,1843725,1000261,1000261,1000260,1001406,1.843245756,1.841136362
7,1843582,1000209,1000209,1000208,1001614,1.843198615,1.840611253
7,1810751,1000260,1000260,960364,1001511,1.885484046,1.808019083
7,1843649,1000260,1000260,1000209,1001354,1.843263758,1.841156075
7,1843607,1000208,1000208,1000208,1001667,1.843223609,1.840538822
7,1843591,1000208,1000208,1000209,1001354,1.843205770,1.841098153
7,1838551,1000573,1000573,996094,1001979,1.845760541,1.834919694
7,1844291,1000573,1000573,1000573,1001666,1.843234826,1.841223522
7,1843392,1000104,1000104,1000105,1001250,1.843198464,1.841090637
7,1843199,1000000,1000000,999948,1001094,1.843294851,1.841184744
7,1825735,1000365,1000365,960885,1001979,1.900055678,1.822129007
7,1843855,1000365,1000365,1000364,1001927,1.843184081,1.840308725
7,1843482,1000156,1000156,1000156,1001302,1.843194462,1.841084907
7,1843622,1000208,1000208,1000208,1001355,1.843238606,1.841127273
7,1836975,1000365,1000365,995885,1001823,1.844565387,1.833632288
7,1843386,1000104,1000104,1000104,1001354,1.843194308,1.840893430
7,1844070,1000469,1000469,1000469,1001875,1.843205537,1.840618840
7,1843790,1000313,1000313,1000312,1001458,1.843214917,1.841105668
7,1829917,1000364,1000364,982604,1001615,1.862313811,1.826966449
7,1843679,1000261,1000261,1000208,1001354,1.843295595,1.841186034
7,1843339,1000052,1000052,1000052,1001198,1.843243151,1.841133322
7,1843327,1000105,1000105,1000104,1001198,1.843135314,1.841121337
7,1836140,1000209,1000209,995573,1001406,1.844304737,1.833562012
7,1843368,1000104,1000104,1000105,1001250,1.843174467,1.841066667
7,1843523,1000209,1000209,1000156,1001614,1.843235455,1.840552349
7,1843672,1000261,1000261,1000260,1001407,1.843192770,1.841081598
7,1793082,1000209,1000209,947707,1001718,1.892021479,1.790006768
7,1843222,1000000,1000000,999948,1001146,1.843317853,1.841112086
7,1843298,1000052,1000052,1000052,1001302,1.843202153,1.840901147
7,1843887,1000416,1000416,1000365,1001459,1.843214227,1.841200688
7,1837841,1000417,1000417,996614,1001563,1.844085072,1.834972937
7,1843823,1000313,1000313,1000312,1001406,1.843247907,1.841234225
7,1843637,1000208,1000208,1000260,1001302,1.843157779,1.841239706
7,1844073,1000521,1000521,1000417,1001562,1.843304342,1.841197050
7,1828828,1000364,1000364,984896,1001667,1.856874228,1.825784417
7,1843367,1000104,1000104,1000104,1001146,1.843175310,1.841256920
7,1843662,1000261,1000261,1000208,1001354,1.843278598,1.841169057
7,1843909,1000365,1000365,1000365,1001406,1.843236219,1.841320104
7,1836319,1000105,1000105,994843,1001406,1.845837986,1.833740760
7,1843411,1000104,1000104,1000104,1001146,1.843219305,1.841300869
7,1843237,1000052,1000052,1000000,1001093,1.843237000,1.841224542
7,1843982,1000417,1000417,1000417,1001459,1.843213380,1.841295550
7,1823807,1000521,1000521,968282,1002084,1.883549421,1.820014091
7,1843430,1000156,1000156,1000104,1001354,1.843238303,1.840937371
7,1843904,1000364,1000364,1000365,1001563,1.843231221,1.841026476
7,1843299,1000052,1000052,1000052,1001198,1.843203153,1.841093370
7,1836644,1000521,1000521,995936,1001719,1.844138579,1.833492227
7,1844128,1000521,1000521,1000521,1001615,1.843167710,1.841154535
7,1843505,1000156,1000156,1000156,1001250,1.843217458,1.841203496
7,1843691,1000261,1000261,1000260,1001354,1.843211765,1.841198018
7,1826582,1000313,1000313,982187,1001875,1.859708996,1.823163568
7,1843586,1000209,1000209,1000208,1001718,1.843202614,1.840424151
7,1843901,1000365,1000365,1000364,1001511,1.843230064,1.841119069
7,1843450,1000104,1000104,1000156,1001250,1.843162467,1.841148564
7,1837444,1000157,1000157,995000,1001354,1.846677387,1.834959465
7,1843702,1000312,1000312,1000261,1001667,1.843220919,1.840633664
7,1843182,999948,999948,999948,1001145,1.843277850,1.841073970
7,1843958,1000417,1000417,1000416,1001563,1.843191232,1.841080391
7,1825495,1000730,1000730,970625,1002239,1.880741790,1.821416848
7,1843601,1000209,1000209,1000208,1001407,1.843217611,1.841010698
7,1843274,1000052,1000052,1000000,1001198,1.843274000,1.841068400
7,1843136,1000000,1000000,1000000,1001093,1.843136000,1.841123652
7,1836443,1000261,1000261,991875,1001511,1.851486326,1.833672321
7,1843312,1000104,1000104,1000052,1001198,1.843216153,1.841106355
7,1843500,1000156,1000156,1000156,1001302,1.843212459,1.841102884
7,1844015,1000469,1000469,1000416,1001823,1.843248209,1.840659478
7,1818410,1000156,1000156,975625,1001667,1.863841127,1.815383755
7,1843302,1000052,1000052,1000052,1001302,1.843206153,1.840905142
7,1844017,1000468,1000468,1000469,1001562,1.843152561,1.841141138
7,1843666,1000260,1000260,1000260,1001406,1.843186771,1.841077445
7,1838209,1000208,1000208,996614,1001719,1.844454322,1.835054541
7,1843697,1000260,1000260,1000208,1001406,1.843313591,1.841108402
7,1843737,1000261,1000261,1000260,1001407,1.843257753,1.841146507
7,1843655,1000261,1000261,1000208,1001354,1.843271600,1.841162067
7,1825792,1000364,1000364,969949,1001979,1.882358763,1.822185894
7,1843643,1000261,1000261,1000208,1001771,1.843259602,1.840383681
7,1843362,1000104,1000104,1000052,1001250,1.843266150,1.841060674
7,1843889,1000417,1000417,1000364,1001563,1.843218069,1.841011499
7,1836986,1000261,1000261,995781,1001510,1.844769081,1.834216333
7,1843051,1000260,1000260,1000209,1001354,1.842665883,1.840558883
7,1844190,1000573,1000573,1000573,1001667,1.843133884,1.841120852
7,1844007,1000417,1000417,1000469,1001614,1.843142566,1.841035569
7,1828908,1000469,1000469,983645,1001927,1.859317132,1.825390473
7,1843341,1000104,1000104,1000052,1001250,1.843245151,1.841039700
7,1843540,1000156,1000156,1000156,1001250,1.843252453,1.841238452
7,1843398,1000104,1000104,1000104,1001510,1.843206307,1.840618666
7,1835977,1000364,1000364,995938,1001615,1.843465155,1.833016678
7,1843631,1000208,1000208,1000261,1001406,1.843149938,1.841042494
7,1843212,1000000,1000000,1000000,1001302,1.843212000,1.840815259
7,1843710,1000261,1000261,1000260,1001354,1.843230760,1.841216992
7,1824900,1000157,1000157,970625,1001511,1.880128783,1.822146736
7,1843561,1000208,1000208,1000156,1001406,1.843273449,1.840972593
7,1843559,1000157,1000157,1000208,1001355,1.843175619,1.841064358
7,1843239,1000052,1000052,1000000,1001146,1.843239000,1.841129066
7,1834563,1000365,1000365,995989,1001615,1.841951066,1.831604958
7,1843185,1000000,1000000,999947,1001094,1.843282694,1.841170759
7,1843531,1000156,1000156,1000156,1001250,1.843243454,1.841229463
7,1843575,1000209,1000209,1000208,1001302,1.843191616,1.841177787
7,1825720,1000313,1000313,980156,1001770,1.862683083,1.822494185
7,1843992,1000416,1000416,1000365,1001562,1.843319188,1.841116177
7,1843214,1000000,1000000,999948,1001041,1.843309852,1.841297210
7,1843251,1000052,1000052,1000052,1001094,1.843155156,1.841236687
7,1838474,1000521,1000521,997187,1001927,1.843660216,1.834938074
7,1843785,1000313,1000313,1000312,1001406,1.843209919,1.841196278
7,1843393,1000104,1000104,1000104,1001198,1.843201307,1.841187258
7,1843213,1000000,1000000,1000000,1001094,1.843213000,1.841198729
7,1802459,1000364,1000364,961874,1001666,1.873903443,1.799461098
7,1841186,1000677,1000677,1001197,1002448,1.838984735,1.836689783
7,1843175,999948,999948,999948,1001146,1.843270850,1.841065139
7,1843074,1000313,1000313,1000313,1001614,1.842497298,1.840104072
7,1834095,1000156,1000156,991251,1001458,1.850283127,1.831424783
7,1843629,1000209,1000209,1000260,1001354,1.843149781,1.841136102
7,1843405,1000104,1000104,1000104,1001354,1.843213306,1.840912405
7,1844059,1000469,1000469,1000416,1001615,1.843292190,1.841085647
7,1830368,1000156,1000156,982967,1001406,1.862084892,1.827798116
7,1843888,1000364,1000364,1000365,1001302,1.843215226,1.841490380
7,1844185,1000521,1000521,1000521,1001511,1.843224680,1.841402641
7,1843629,1000209,1000209,1000208,1001197,1.843245605,1.841424814
7,1839317,1000260,1000260,995572,1001459,1.847497720,1.836637346
7,1843118,1000000,1000000,1000000,1001041,1.843118000,1.841201309
7,1844199,1000521,1000521,1000573,1001719,1.843142879,1.841034262
7,1844142,1000521,1000521,1000469,1001458,1.843277503,1.841457155
7,2024231,1000260,1000260,962708,1001354,2.102642754,2.021493897
7,2093245,1000208,1000208,1000208,1001146,2.092809696,2.090848887
7,2093049,1000469,1000469,1000416,1001355,2.092178654,2.090216756
7,2088450,1000573,1000573,995677,1001459,2.097517568,2.085407391
7,2093551,1000365,1000365,1000365,1001354,2.092787133,2.090720165
7,2093478,1000364,1000364,1000521,1001406,2.092387866,2.090538703
7,2093697,1000416,1000416,1000521,1001562,2.092606752,2.090431746
7,2086349,1000312,1000312,989896,1001250,2.107644641,2.083744320
7,2088637,1000156,1000156,997969,1000990,2.092887655,2.086571294
7,2093353,1000260,1000260,1000313,1001094,2.092697986,2.091065374
7,2092930,1000052,1000052,1000052,1000937,2.092821173,2.090970760
7,2089149,1000312,1000312,996146,1001198,2.097231731,2.086649194
7,2093050,1000105,1000105,1000104,1000937,2.092832345,2.091090648
7,2064106,1001093,1001093,1001458,1002500,2.061100915,2.058958603
7,1838374,1000156,1000156,1000156,1001042,1.838087258,1.836460408
7,1828067,1000104,1000104,966615,1001041,1.891204875,1.826165961
7,1835630,1000573,1000573,994323,1001666,1.846110369,1.832576927
7,1843650,1000260,1000260,1000260,1001302,1.843170776,1.841252689
7,1843489,1000156,1000156,1000156,1001094,1.843201461,1.841474427
7,1837923,1000104,1000104,994947,1001146,1.847257191,1.835819151
7,1842518,1000364,1000364,1000417,1001510,1.841749990,1.839739993
7,1843543,1000208,1000208,1000156,1001198,1.843255452,1.841337078
7,1843979,1000416,1000416,1000417,1001354,1.843210381,1.841485628
7,1835850,1000156,1000156,988750,1001250,1.856738306,1.833558052
7,1837891,1000208,1000208,994376,1001510,1.848285759,1.835119969
7,1844140,1000521,1000521,1000521,1001615,1.843179703,1.841166516
7,1843620,1000208,1000208,1000208,1001354,1.843236607,1.841127114
7,1839139,1000677,1000677,994999,1001771,1.848382762,1.835887643
7,1844055,1000469,1000469,1000469,1001719,1.843190544,1.840890509
7,1843171,1000000,1000000,1000000,1001094,1.843171000,1.841156774
7,1844156,1000521,1000521,1000521,1001614,1.843195695,1.841184328
7,1834035,1000469,1000469,973543,1001667,1.883876727,1.830982752
7,1828468,999896,999896,984636,1001458,1.856998932,1.825805975
7,1843477,1000156,1000156,1000104,1001146,1.843285298,1.841366794
7,1844256,1000573,1000573,1000521,1001562,1.843295643,1.841379765
7,1837714,1000469,1000469,994116,1001615,1.848591110,1.834750877
7,1844045,1000416,1000416,1000417,1001562,1.843276354,1.841169094
7,1843692,1000261,1000261,1000260,1001354,1.843212765,1.841199017
7,1843736,1000261,1000261,1000312,1001354,1.843160934,1.841242957
7,1846921,1013594,1013594,988228,1014688,1.868921949,1.820186106
7,1843218,999948,999948,1000000,1001094,1.843218000,1.841203723
7,1844085,1000417,1000417,1000521,1001511,1.843124732,1.841302791
7,1834527,1000260,1000260,1000313,1001458,1.833952973,1.831856154
7,1836202,1000208,1000208,997396,1001250,1.840995953,1.833909613
7,1842640,1000364,1000364,1000417,1001302,1.841871939,1.840244002
7,1843460,1000156,1000156,1000105,1001042,1.843266457,1.841541114
7,1843458,1000157,1000157,1000156,1001041,1.843170465,1.841540956
7,1829822,1000625,1000625,967239,1001615,1.891799235,1.826871602
7,1843847,1000365,1000365,1000312,1001407,1.843271899,1.841256352
7,1844250,1000573,1000573,1000573,1001563,1.843193850,1.841371936
7,1843894,1000364,1000364,1000469,1001406,1.843029619,1.841305125
7,1839229,1000208,1000208,996772,1001302,1.845185258,1.836837438
7,1843894,1000364,1000364,1000417,1001406,1.843125417,1.841305125
7,1843376,1000104,1000104,1000104,1001094,1.843184309,1.841361550
7,1843683,1000260,1000260,1000261,1001250,1.843201924,1.841381273
7,1830740,1000261,1000261,985209,1001354,1.858225006,1.828264530
7,1843359,1000052,1000052,1000053,1001042,1.843261307,1.841440219
7,1843164,999947,999947,999896,1000989,1.843355709,1.841342912
7,1844413,1000625,1000625,1000729,1001771,1.843069402,1.841152319
7,1837838,1000208,1000208,993854,1001250,1.849203203,1.835543571
7,1843890,1000364,1000364,1000417,1001354,1.843121418,1.841396749
7,1843747,1000312,1000312,1000313,1001302,1.843170088,1.841349563
7,1843525,1000208,1000208,1000156,1001146,1.843237455,1.841414739
7,1826228,1000156,1000156,965989,1001198,1.890526704,1.824042797
7,2088249,1000157,1000157,1000104,1001198,2.088031845,2.085750271
7,2093851,1000521,1000521,1000469,1001354,2.092869444,2.091019759
7,2092640,1000260,1000260,1000417,1001250,2.091767733,2.090027466
7,2088908,1000312,1000312,995783,1001198,2.097754230,2.086408483
7,2092800,1000000,1000000,1000000,1000781,2.092800000,2.091166799
7,2092964,1000105,1000105,1000052,1001093,2.092855172,2.090678888
7,2093746,1000468,1000468,1000469,1001250,2.092764493,2.091132085
7,2080849,1000157,1000157,986772,1001041,2.108743458,2.078685089
7,2091034,999948,999948,999948,1000781,2.091142739,2.089402177
7,2093763,1000469,1000469,1000417,1001406,2.092890265,2.090823302
7,2074236,1000469,1000469,1000469,1001615,2.073263639,2.070891510
7,1822552,1000261,1000261,991250,1001302,1.838640101,1.820182123
7,1843605,1000208,1000208,1000208,1001093,1.843221610,1.841592140
7,1843312,1000365,1000365,1000364,1001250,1.842641279,1.841010737
7,1843404,1000208,1000208,1000156,1001042,1.843116474,1.841485172
7,1833538,1000573,1000573,988594,1001614,1.854692624,1.830583438
7,1844433,1000677,1000677,1000677,1001823,1.843185164,1.841076717
7,1844111,1000520,1000520,1000521,1001667,1.843150718,1.841041983
7,1843081,1000261,1000261,1000260,1001354,1.842601923,1.840588843
7,1834345,1000104,1000104,987553,1001302,1.857464865,1.831959788
7,1843985,1000416,1000416,1000469,1001563,1.843120576,1.841107349
7,1843998,1000469,1000469,1000417,1001875,1.843229373,1.840546974
7,1844179,1000573,1000573,1000521,1001667,1.843218683,1.841109870
7,1827973,1000416,1000416,980678,1001666,1.863988995,1.824932662
7,1843889,1000364,1000364,1000260,1001875,1.843409713,1.840438178
7,1843966,1000416,1000416,1000417,1001563,1.843197387,1.841088379
7,1843847,1000365,1000365,1000312,1001771,1.843271899,1.840587320
7,1834738,1000677,1000677,987812,1001875,1.857375695,1.831304304
7,1844009,1000417,1000417,1000416,1001875,1.843242211,1.840557954
7,1843166,1000000,1000000,999948,1001093,1.843261850,1.841153619
7,1843996,1000416,1000416,1000417,1001563,1.843227374,1.841118332
7,1824312,1000573,1000573,964948,1001823,1.890580632,1.820992331
7,1843622,1000209,1000209,1000156,1001667,1.843334440,1.840553797
7,1843506,1000156,1000156,1000157,1001250,1.843216615,1.841204494
7,1843143,999948,999948,999948,1001094,1.843238848,1.841128805
7,1834882,1000469,1000469,986928,1001719,1.859185270,1.831733251
7,1843751,1000261,1000261,1000312,1001719,1.843175929,1.840587031
7,1843291,1000052,1000052,1000052,1001146,1.843195154,1.841181007
7,1843832,1000364,1000364,1000313,1001511,1.843255061,1.841050173
7,1822156,1000625,1000625,976823,1001927,1.865390147,1.818651459
7,1843251,1000000,1000000,1000052,1001458,1.843155156,1.840567453
7,1844013,1000416,1000416,1000417,1001563,1.843244367,1.841135306
7,1843411,1000104,1000104,1000104,1001198,1.843219305,1.841205236
7,1836094,1000208,1000208,988647,1001407,1.857178548,1.833514245
7,1843750,1000260,1000260,1000260,1001510,1.843270750,1.840970135
7,1843112,999948,999948,999948,1001042,1.843207847,1.841193476
7,1843471,1000156,1000156,1000105,1001302,1.843277456,1.841073922
7,1813406,1000573,1000573,960469,1002032,1.888042196,1.809728631
7,1843461,1000156,1000156,1000104,1001198,1.843269300,1.841255176
7,1843879,1000364,1000364,1000365,1001511,1.843206230,1.841097102
7,1843315,1000052,1000052,1000052,1001042,1.843219153,1.841396265
7,1834250,1000156,1000156,988228,1001302,1.856100009,1.831864912
7,1843555,1000156,1000156,1000156,1001250,1.843267450,1.841253433
7,1843258,1000000,1000000,1000052,1000989,1.843162156,1.841436819
7,1844103,1000521,1000521,1000469,1001510,1.843238521,1.841322603
7,1830050,1000521,1000521,985209,1001667,1.857524647,1.827004384
7,1843720,1000312,1000312,1000209,1001302,1.843334743,1.841322598
7,1843293,1000052,1000052,1000000,1001094,1.843293000,1.841278641
7,1844000,1000417,1000417,1000417,1001510,1.843231373,1.841219758
7,1837658,1000364,1000364,996823,1001511,1.843514847,1.834885488
7,1843521,1000208,1000208,1000209,1001197,1.843135785,1.841316944
7,1844071,1000468,1000468,1000469,1001511,1.843206536,1.841288813
7,1843662,1000260,1000260,1000261,1001250,1.843180930,1.841360300
7,1824131,1000364,1000364,967812,1001719,1.884798907,1.821000700
7,1844083,1000469,1000469,1000417,1001927,1.843314338,1.840536287
7,1843344,1000052,1000052,1000052,1001250,1.843248151,1.841042697
7,1843279,1000052,1000052,1000052,1001198,1.843183154,1.841073394
7,1835215,1000052,1000052,991823,1001354,1.850345273,1.832733479
7,1843487,1000157,1000157,1000052,1001250,1.843391144,1.841185518
7,1843467,1000104,1000104,1000104,1001250,1.843275299,1.841165543
7,1843339,1000104,1000104,1000052,1001198,1.843243151,1.841133322
7,1827212,1000469,1000469,982344,1001979,1.860053097,1.823603089
7,1843073,999948,999948,999896,1001146,1.843264700,1.840963256
7,1844077,1000521,1000521,1000469,1001614,1.843212533,1.841105456
7,1843616,1000260,1000260,1000209,1001355,1.843230765,1.841121281
7,1837709,1000208,1000208,992865,1001459,1.850915281,1.835031689
7,1843578,1000209,1000209,1000312,1001406,1.843002983,1.840989569
7,1843472,1000156,1000156,1000156,1001250,1.843184463,1.841170537
7,1843297,1000053,1000053,1000000,1001146,1.843297000,1.841187000
7,1826775,1000261,1000261,971249,1001510,1.880851357,1.824020729
7,1843188,1000000,1000000,1000000,1001146,1.843188000,1.841078124
7,1843826,1000313,1000313,1000364,1001562,1.843155092,1.840950435
7,1843536,1000157,1000157,1000156,1001198,1.843248453,1.841330087
7,1836955,1000261,1000261,996614,1001406,1.843196062,1.834375868
7,1843886,1000416,1000416,1000365,1001458,1.843213227,1.841201528
7,1843372,1000104,1000104,1000104,1001302,1.843180309,1.840975050
7,1843387,1000104,1000104,1000104,1001302,1.843195308,1.840990031
7,1829794,1000677,1000677,982291,1001927,1.862782007,1.826274769
7,1843894,1000365,1000365,1000364,1001458,1.843223067,1.841209517
7,1843298,1000052,1000052,1000052,1001302,1.843202153,1.840901147
7,1843829,1000312,1000312,1000365,1001563,1.843156248,1.840951593
7,1835620,1000260,1000260,991927,1001614,1.850559567,1.832662083
7,1843670,1000260,1000260,1000209,1001250,1.843284753,1.841368290
7,1843326,1000052,1000052,1000052,1001094,1.843230152,1.841311605
7,1843249,1000000,1000000,999948,1001094,1.843344854,1.841234689
7,1827813,1000104,1000104,971355,1001303,1.881714718,1.825434459
7,1843863,1000312,1000312,1000313,1001354,1.843286051,1.841369785
7,1844147,1000521,1000521,1000521,1001511,1.843186700,1.841364698
7,1843778,1000312,1000312,1000313,1001407,1.843201078,1.841187449
7,1839505,1000260,1000260,997031,1001250,1.844982754,1.837208489
7,1843320,1000052,1000052,1000052,1000937,1.843224152,1.841594426
7,1843666,1000209,1000209,1000260,1001198,1.843186771,1.841459931
7,1844144,1000521,1000521,1000520,1001406,1.843185544,1.841554774
7,1826270,1000313,1000313,981667,1001614,1.860376278,1.823327150
7,1844168,1000573,1000573,1000521,1001666,1.843207689,1.841100726
7,1844049,1000469,1000469,1000468,1001614,1.843186389,1.841077501
7,1843960,1000416,1000416,1000365,1001563,1.843287200,1.841082388
7,1836414,1000469,1000469,996928,1001979,1.842072848,1.832786915
7,1843689,1000261,1000261,1000260,1001614,1.843209765,1.840718081
7,1844058,1000469,1000469,1000469,1001563,1.843193542,1.841180235
7,1843814,1000365,1000365,1000313,1001510,1.843237067,1.841034039
7,1826515,1000677,1000677,970521,1002188,1.881994310,1.822527310
7,1843555,1000156,1000156,1000157,1001406,1.843265607,1.840966601
7,1843445,1000104,1000104,1000104,1001303,1.843253302,1.841046117
7,1843664,1000260,1000260,1000312,1001407,1.843088956,1.841073609
7,1838513,1000313,1000313,995833,1001458,1.846206141,1.835836351
7,1843561,1000208,1000208,1000157,1001302,1.843271606,1.841163805
7,1844162,1000521,1000521,1000521,1001667,1.843201692,1.841092898
7,1844122,1000469,1000469,1000469,1001927,1.843257512,1.840575212
7,1827518,1000573,1000573,982604,1002083,1.859872339,1.823719193
7,1843588,1000208,1000208,1000209,1001458,1.843202771,1.840903962
7,1843730,1000313,1000313,1000260,1001407,1.843250755,1.841139517
7,1843238,1000000,1000000,1000000,1001145,1.843238000,1.841129906
7,1836745,1000521,1000521,996093,1001667,1.843949310,1.833688242
7,1844117,1000521,1000521,1000469,1001615,1.843252515,1.841143553
7,1843476,1000157,1000157,1000156,1001302,1.843188463,1.841078915
7,1843562,1000209,1000209,1000208,1001354,1.843178619,1.841069192
7,1829915,1000729,1000729,971406,1002343,1.883779800,1.825637531
7,1843432,1000104,1000104,1000104,1001614,1.843240303,1.840461495
7,1843264,1000052,1000052,1000000,1001198,1.843264000,1.841058412
7,1843798,1000312,1000312,1000313,1001406,1.843221072,1.841209260
7,1833748,1000573,1000573,990521,1002084,1.851296439,1.829934417
7,1843283,1000053,1000053,1000052,1001198,1.843187154,1.841077389
7,1843840,1000313,1000313,1000364,1001510,1.843169086,1.841059999
7,1843560,1000208,1000208,1000208,1001510,1.843176619,1.840780422
7,1829298,1000521,1000521,989740,1001615,1.848261159,1.826348447
7,1843944,1000416,1000416,1000417,1001510,1.843175396,1.841163843
7,1843905,1000365,1000365,1000364,1001459,1.843234063,1.841218662
7,1843228,1000000,1000000,1000000,1001198,1.843228000,1.841022455
7,1837142,1000469,1000469,995104,1001875,1.846180902,1.833703805
7,1843420,1000104,1000104,1000104,1001303,1.843228304,1.841021149
7,1834135,1000417,1000417,998385,1001667,1.837101920,1.831082585
7,1843713,1000260,1000260,1000209,1001406,1.843327745,1.841124379
7,1789240,1000312,1000312,930000,1001875,1.923913978,1.785891454
7,1843445,1000105,1000105,1000156,1001302,1.843157467,1.841047956
7,1843429,1000157,1000157,1000156,1001250,1.843141470,1.841127591
7,1843920,1000365,1000365,1000365,1001510,1.843247215,1.841139879
7,1835856,1000364,1000364,994845,1001510,1.845368877,1.833088037
7,1843941,1000417,1000417,1000364,1001511,1.843270050,1.841159009
7,1844030,1000416,1000416,1000469,1001875,1.843165555,1.840578915
7,1843517,1000156,1000156,1000156,1001459,1.843229456,1.840831227
7,1821391,1000521,1000521,981303,1002031,1.856094397,1.817699253
7,1838671,1000313,1000313,1000417,1001875,1.837904594,1.835229944
7,1843866,1000365,1000365,1000521,1001822,1.842905846,1.840512586
7,1843368,1000104,1000104,1000052,1001250,1.843272150,1.841066667
7,1837454,1000052,1000052,995572,1001303,1.845626434,1.835062913
7,1844045,1000469,1000469,1000573,1001823,1.842988967,1.840689423
7,1843580,1000209,1000209,1000260,1001719,1.843100794,1.840416324
7,1843411,1000104,1000104,1000104,1001406,1.843219305,1.840822803
7,1828012,1000521,1000521,966354,1001823,1.891658750,1.824685598
7,1843948,1000417,1000417,1000364,1001615,1.843277047,1.840974826
7,1843550,1000209,1000209,1000208,1001094,1.843166621,1.841535360
7,1843346,1000104,1000104,1000052,1001093,1.843250151,1.841333423
7,1839940,1000573,1000573,995730,1001771,1.847830235,1.836687227
7,1844139,1000520,1000520,1000521,1001667,1.843178704,1.841069936
7,1843880,1000365,1000365,1000416,1001459,1.843113265,1.841193698
7,1842796,1000156,1000156,1000156,1001093,1.842508569,1.840784023
7,1833560,1000364,1000364,986927,1001406,1.857847642,1.830985634
7,1844243,1000521,1000521,1000677,1001667,1.842995292,1.841173763
7,1843422,1000105,1000105,1000104,1001302,1.843230304,1.841024985
7,1843832,1000365,1000365,1000312,1001302,1.843256904,1.841434452
7,1834906,1000313,1000313,986146,1001354,1.860683915,1.832424897
7,1844026,1000417,1000417,1000469,1001302,1.843161557,1.841628200
7,1844436,1000677,1000677,1000677,1001719,1.843188162,1.841270855
7,1843894,1000417,1000417,1000364,1001354,1.843223067,1.841400743
7,1874937,1000781,1000781,963802,1001875,1.945354959,1.871428072
7,1839460,1000469,1000469,1000416,1001927,1.838695103,1.835922178
7,1843556,1000208,1000208,1000156,1001302,1.843268450,1.841158811
7,1842686,1000104,1000104,1000104,1001198,1.842494381,1.840481104
7,1837370,1000156,1000156,995937,1001354,1.844865689,1.834885565
7,1843674,1000313,1000313,1000365,1001770,1.843001305,1.840416463
7,1843526,1000209,1000209,1000156,1001302,1.843238455,1.841128850
7,1843591,1000261,1000261,1000208,1001406,1.843207613,1.841002550
7,1810830,1000208,1000208,966823,1001771,1.872969509,1.807628690
7,1843002,1000000,1000000,1000000,1001250,1.843002000,1.840701124
7,1844048,1000469,1000469,1000469,1001615,1.843183547,1.841074664
7,1844139,1000521,1000521,1000469,1001927,1.843274504,1.840592179
7,1835771,1000417,1000417,992969,1001822,1.848769700,1.832432308
7,1843309,1000053,1000053,1000052,1001198,1.843213153,1.841103358
7,1843954,1000417,1000417,1000365,1001510,1.843281202,1.841173828
7,1843680,1000260,1000260,1000261,1001667,1.843198925,1.840611700
7,1814778,1000521,1000521,954844,1002031,1.900601564,1.811099657
7,1843235,1000156,1000156,1000105,1001302,1.843041481,1.840838229
7,1843617,1000260,1000260,1000209,1001302,1.843231765,1.841219732
7,1843582,1000208,1000208,1000209,1001458,1.843196772,1.840897971
7,1837759,1000104,1000104,994167,1001458,1.848541543,1.835083448
7,1842977,1000000,1000000,1000000,1001250,1.842977000,1.840676155
7,1843986,1000521,1000521,1000520,1001563,1.843027626,1.841108348
7,1844035,1000469,1000469,1000469,1001562,1.843170553,1.841159109
7,1828368,1000052,1000052,982760,1001354,1.860442020,1.825895737
7,1842999,1000104,1000104,1000104,1001146,1.842807348,1.840889341
7,1844090,1000625,1000625,1000625,1001563,1.842938164,1.841212185
7,1843538,1000156,1000156,1000156,1001094,1.843250453,1.841523373
7,1839148,1000312,1000312,997761,1001302,1.843275093,1.836756543
7,1844354,1000625,1000625,1000729,1001667,1.843010445,1.841284579
7,1833047,1000521,1000521,1000573,1001562,1.831997266,1.830188246
7,1842543,1000312,1000312,1000417,1001406,1.841774980,1.839956022
7,1817346,994219,994219,968595,1001823,1.876270268,1.814039007
7,1843922,1000364,1000364,1000417,1001406,1.843153405,1.841333086
7,1843593,1000208,1000208,1000157,1001146,1.843303601,1.841482661
7,1843527,1000521,1000521,1000521,1001458,1.842567023,1.840843051
7,1837717,1000104,1000104,995417,1001146,1.846178034,1.835613387
7,1843247,1000052,1000052,1000052,1001042,1.843151156,1.841328336
7,1843947,1000417,1000417,1000573,1001666,1.842891023,1.840880094
7,1843557,1000156,1000156,1000261,1001354,1.843075957,1.841064199
7,1832155,1000416,1000416,983802,1001615,1.862320874,1.829200841
7,1843516,1000157,1000157,1000156,1001250,1.843228456,1.841214482
7,1843661,1000261,1000261,1000260,1001145,1.843181773,1.841552422
7,1843291,1000052,1000052,1000052,1000990,1.843195154,1.841467947
7,1839328,1000469,1000469,995886,1001562,1.846926255,1.836459450
7,1843161,1000000,1000000,1000000,1000990,1.843161000,1.841338075
7,1843528,1000157,1000157,1000156,1001198,1.843240454,1.841322096
7,1844451,1000677,1000677,1000834,1001823,1.842914010,1.841094684
7,1953615,1000573,1000573,951354,1001667,2.053510050,1.950363744
7,2093470,1000313,1000313,1000312,1001302,2.092817041,2.090747846
7,2093604,1000417,1000417,1000364,1001250,2.092842205,2.090990262
7,2092949,1000104,1000104,1000104,1000990,2.092731356,2.090879030
7,2088839,1000521,1000521,995729,1001407,2.097798698,2.085904133
7,2093472,1000312,1000312,1000313,1001198,2.092816948,2.090967022
7,2093353,1000573,1000573,1000886,1001771,2.091499931,2.089652226
7,2093213,1000209,1000209,1000208,1001041,2.092777702,2.091036231
7,2081740,1000261,1000261,986145,1001198,2.110987735,2.079249060
7,2093525,1000365,1000365,1000312,1001197,2.092872024,2.091022047
7,2093545,1000364,1000364,1000469,1001354,2.092563588,2.090714173
7,2092895,1000052,1000052,1000052,1000990,2.092786175,2.090825083
7,2088581,1000208,1000208,997710,1001198,2.093374828,2.086081874
7,2093506,1000364,1000364,1000365,1001250,2.092742149,2.090892385
7,2092863,1000052,1000052,1000052,1000989,2.092754177,2.090795204
7,1854082,1000208,1000208,1000261,1001094,1.853598211,1.852055851
7,1830853,1000469,1000469,974843,1001563,1.878100371,1.827995842
7,1843636,1000261,1000261,1000208,1001302,1.843252603,1.841238707
7,1843559,1000157,1000157,1000208,1001041,1.843175619,1.841641851
7,1843869,1000364,1000364,1000365,1001250,1.843196233,1.841567041
7,1838019,1000468,1000468,997657,1001458,1.842335592,1.835343070
7,1844062,1000469,1000469,1000416,1001459,1.843295189,1.841375433
7,1843208,1000000,1000000,1000000,1000885,1.843208000,1.841578203
7,1843488,1000156,1000156,1000157,1000990,1.843198618,1.841664752
7,1831047,1000677,1000677,982866,1002031,1.862967078,1.827335681
7,1843217,1000000,1000000,1000000,1001459,1.843217000,1.840531664
7,1843500,1000156,1000156,1000157,1001302,1.843210616,1.841102884
7,1843374,1000104,1000104,1000104,1001198,1.843182309,1.841168280
7,1836474,1000156,1000156,992814,1001666,1.849766422,1.833419523
7,1843598,1000209,1000209,1000208,1001303,1.843214611,1.841198918
7,1843669,1000261,1000261,1000260,1001355,1.843189771,1.841174209
7,1843233,1000364,1000364,1000313,1001510,1.842656249,1.840453915
7,1816748,1000208,1000208,956093,1001614,1.900179167,1.813820494
7,1843357,1000104,1000104,1000052,1001198,1.843261150,1.841151301
7,1843554,1000209,1000209,1000208,1001355,1.843170621,1.841059365
7,1843382,1000104,1000104,1000104,1001094,1.843190308,1.841367544
7,1837259,1000261,1000261,996874,1001458,1.843020281,1.834584176
7,1843821,1000313,1000313,1000313,1001355,1.843244065,1.841326003
7,1843639,1000261,1000261,1000208,1001250,1.843255603,1.841337328
7,1843324,1000052,1000052,1000052,1001146,1.843228152,1.841213969
7,1831273,1000521,1000521,980468,1001771,1.867753971,1.828035549
7,1843121,999948,999948,999948,1000990,1.843216847,1.841298115
7,1843901,1000416,1000416,1000417,1001250,1.843132414,1.841599001
7,1843673,1000260,1000260,1000208,1001198,1.843289596,1.841466923
7,1838534,1000365,1000365,997396,1001406,1.843334042,1.835952651
7,1844058,1000469,1000469,1000417,1001354,1.843289348,1.841564522
7,1843944,1000364,1000364,1000417,1001250,1.843175396,1.841641948
7,1843865,1000364,1000364,1000365,1001302,1.843192235,1.841467409
7,1819831,1000573,1000573,959585,1001666,1.896477123,1.816804204
7,1843241,1000052,1000052,1000000,1000990,1.843241000,1.841417996
7,1843522,1000156,1000156,1000104,1001042,1.843330294,1.841603050
7,1843535,1000156,1000156,1000208,1001093,1.843151624,1.841522216
7,1838361,1000469,1000469,993959,1001563,1.849534035,1.835492126
7,1843954,1000417,1000417,1000417,1001302,1.843185392,1.841556294
7,1843277,1000052,1000052,1000000,1000989,1.843277000,1.841455800
7,1843882,1000365,1000365,1000364,1001250,1.843211071,1.841580025
7,1829587,1000729,1000729,978072,1001979,1.870605640,1.825973399
7,1843734,1000312,1000312,1000261,1001406,1.843252911,1.841145350
7,1843390,1000104,1000104,1000104,1001093,1.843198307,1.841377375
7,1843463,1000157,1000157,1000104,1001250,1.843271300,1.841161548
7,1833678,1000365,1000365,985520,1001615,1.860619774,1.830721385
7,1843282,1000052,1000052,1000053,1001094,1.843184311,1.841267653
7,1843927,1000416,1000416,1000365,1001459,1.843254212,1.841240630
7,1843452,1000104,1000104,1000156,1001145,1.843164466,1.841343662
7,1828536,1000625,1000625,959324,1001927,1.906067189,1.825019188
7,1844109,1000469,1000469,1000469,1001927,1.843244518,1.840562237
7,1843522,1000208,1000208,1000209,1001302,1.843136784,1.841124855
7,1839203,1002604,1002604,998855,1003802,1.841311301,1.832236836
7,1843333,1000104,1000104,1000052,1001458,1.843237152,1.840649333
7,1843471,1000157,1000157,1000156,1001250,1.843183463,1.841169538
7,1843191,1000000,1000000,1000000,1001146,1.843191000,1.841081121
7,1836133,1000156,1000156,991666,1001406,1.851563934,1.833555022
7,1835548,1000157,1000157,992917,1001667,1.848641931,1.832493234
7,1843889,1000365,1000365,1000312,1001562,1.843313886,1.841013337
7,1843986,1000469,1000469,1000469,1001563,1.843121576,1.841108348
7,1838436,1000573,1000573,996094,1001771,1.845645090,1.835185886
7,1843362,1000104,1000104,1000260,1001510,1.842882850,1.840582720
7,1843884,1000365,1000365,1000365,1001511,1.843211228,1.841102095
7,1843308,1000052,1000052,1000052,1001197,1.843212153,1.841104198
7,1829657,1000573,1000573,969790,1001771,1.886652780,1.826422406
7,1838226,1000365,1000365,993124,1001823,1.850953154,1.834881012
7,1843820,1000365,1000365,1000312,1001771,1.843244908,1.840560368
7,1843915,1000417,1000417,1000364,1001510,1.843244059,1.841134886
7,1838954,1000573,1000573,995729,1001771,1.846841862,1.835702970
7,1843168,999948,999948,999948,1001146,1.843263850,1.841058147
7,1843652,1000261,1000261,1000260,1001667,1.843172775,1.840583747
7,1843951,1000416,1000416,1000365,1001562,1.843278203,1.841075240
7,1836090,1000417,1000417,990938,1001667,1.852880806,1.833034332
7,1836559,1000573,1000573,991719,1002031,1.851894539,1.832836509
7,1843572,1000209,1000209,1000156,1001302,1.843284448,1.841174790
7,1843142,1000000,1000000,999948,1001094,1.843237848,1.841127806
7,1838421,1000521,1000521,996041,1001718,1.845728238,1.835268010
7,1843540,1000156,1000156,1000157,1001250,1.843250610,1.841238452
7,1844100,1000469,1000469,1000469,1001614,1.843235523,1.841128419
7,1843903,1000417,1000417,1000365,1001511,1.843230221,1.841121066
7,1833054,1000104,1000104,976043,1001355,1.878046357,1.830573573
7,1837350,1000208,1000208,993387,1001719,1.849581281,1.834197015
7,1843211,1000000,1000000,1000000,1001146,1.843211000,1.841101098
7,1843980,1000417,1000417,1000417,1001823,1.843211381,1.840624541
7,1833593,1000677,1000677,990417,1001823,1.851334337,1.830256443
7,1834324,1000208,1000208,1000364,1001667,1.833656549,1.831271271
7,1844039,1000468,1000468,1000417,1001615,1.843270356,1.841065679
7,1841177,1000261,1000261,1000260,1001719,1.840698418,1.838017448
7,1851706,1034219,1034219,988438,1035416,1.873365856,1.788369119
7,1843372,1000104,1000104,1000052,1001250,1.843276150,1.841070662
7,1843213,1000000,1000000,1000000,1001146,1.843213000,1.841103096
7,1843312,1000053,1000053,1000052,1001198,1.843216153,1.841106355
7,1835473,1000052,1000052,996354,1001250,1.842189623,1.833181523
7,1843534,1000208,1000208,1000208,1001459,1.843150625,1.840848202
7,1843606,1000208,1000208,1000209,1001302,1.843220767,1.841208746
7,1843989,1000417,1000417,1000416,1001927,1.843222220,1.840442467
7,1786496,1000260,1000260,938334,1001406,1.903902022,1.783987713
7,1843939,1000365,1000365,1000417,1001875,1.843170398,1.840488085
7,1843380,1000104,1000104,1000052,1001250,1.843284149,1.841078652
7,1843744,1000312,1000312,1000313,1001459,1.843167089,1.841057897
7,1837997,1000313,1000313,995833,1001510,1.845687982,1.835225809
7,1843248,1000000,1000000,1000000,1001302,1.843248000,1.840851212
7,1843893,1000364,1000364,1000365,1001459,1.843220225,1.841206679
7,1843499,1000208,1000208,1000156,1001250,1.843211459,1.841197503
7,1827850,1000417,1000417,982500,1001614,1.860407125,1.824904604
7,1843742,1000260,1000260,1000313,1001719,1.843165089,1.840578046
7,1843592,1000209,1000209,1000208,1001562,1.843208613,1.840716800
7,1843655,1000260,1000260,1000261,1001407,1.843173932,1.841064622
7,1835318,1000521,1000521,996040,1001770,1.842614754,1.832075227
7,1843206,1000000,1000000,1000000,1001146,1.843206000,1.841096104
7,1843805,1000312,1000312,1000313,1001511,1.843228070,1.841023214
7,1843979,1000417,1000417,1000417,1001563,1.843210381,1.841101359
7,1822214,1000625,1000625,963645,1001927,1.890959845,1.818709347
7,1843872,1000365,1000365,1000365,1001458,1.843199232,1.841187549
7,1843217,1000000,1000000,1000000,1001250,1.843217000,1.840915855
7,1843606,1000261,1000261,1000208,1001250,1.843222610,1.841304370
7,1835746,1000157,1000157,993906,1001302,1.847001628,1.833358967
7,1843732,1000312,1000312,1000261,1001354,1.843250912,1.841238962
7,1843743,1000260,1000260,1000261,1001302,1.843261909,1.841345568
7,1843796,1000313,1000313,1000313,1001406,1.843219072,1.841207263
7,1827592,1000365,1000365,985208,1001615,1.855031628,1.824645198
7,1843156,1000000,1000000,1000000,1001094,1.843156000,1.841141791
7,1843602,1000208,1000208,1000208,1001406,1.843218611,1.841013535
7,1843563,1000209,1000209,1000156,1001198,1.843275449,1.841357054
7,1835187,1000104,1000104,993751,1001302,1.846727198,1.832800693
7,1843845,1000365,1000365,1000312,1001510,1.843269900,1.841064992
7,1844030,1000469,1000469,1000417,1001458,1.843261360,1.841345319
7,1843401,1000104,1000104,1000104,1001094,1.843209306,1.841386523
7,1829033,1002032,1002032,970156,1003281,1.885297828,1.823051568
7,1844052,1000469,1000469,1000416,1001615,1.843285193,1.841078658
7,1843587,1000208,1000208,1000156,1001302,1.843299445,1.841189771
7,1843191,1000000,1000000,1000000,1001146,1.843191000,1.841081121
7,1838680,1000364,1000364,996199,1001615,1.845695489,1.835715320
7,1843440,1000104,1000104,1000104,1001250,1.843248302,1.841138577
7,1844145,1000469,1000469,1000469,1001614,1.843280501,1.841173346
7,1843779,1000312,1000312,1000313,1001407,1.843202078,1.841188448
7,1829653,1000573,1000573,979373,1001875,1.868188116,1.826228821
7,1844212,1000573,1000573,1000521,1001666,1.843251666,1.841144653
7,1843649,1000260,1000260,1000261,1001407,1.843167933,1.841058631
7,1843302,1000052,1000052,1000000,1001459,1.843302000,1.840616540
7,1838596,1000209,1000209,995156,1001458,1.847545510,1.835919230
7,1843237,1000000,1000000,1000000,1001146,1.843237000,1.841127068
7,1843896,1000365,1000365,1000313,1001771,1.843319041,1.840636233
7,1843496,1000156,1000156,1000104,1001302,1.843304296,1.841098889
7,1826314,1000521,1000521,970624,1001823,1.881587515,1.822990688
7,1843742,1000312,1000312,1000261,1001562,1.843260909,1.840866566
7,1844044,1000469,1000469,1000416,1001562,1.843277197,1.841168095
7,1843904,1000416,1000416,1000365,1001511,1.843231221,1.841122065
7,1836488,1000364,1000364,996250,1001563,1.843400753,1.833622049
7,1843235,1000052,1000052,1000052,1001146,1.843139157,1.841125071
7,1844103,1000521,1000521,1000469,1001667,1.843238521,1.841033996
7,1844155,1000521,1000521,1000468,1001928,1.843292339,1.840606311
7,1810190,1000312,1000312,966927,1001615,1.872106167,1.807271257
7,1843938,1000364,1000364,1000417,1001771,1.843169398,1.840678159
7,1843312,1000052,1000052,1000052,1001146,1.843216153,1.841201983
7,1844140,1000521,1000521,1000521,1001666,1.843179703,1.841072773
7,1836347,1000364,1000364,996562,1001563,1.842682141,1.833481269
7,1843919,1000417,1000417,1000417,1001771,1.843150406,1.840659193
7,1843744,1000261,1000261,1000260,1001458,1.843264751,1.841059735
7,1843471,1000104,1000104,1000104,1001250,1.843279299,1.841169538
7,1798398,1000313,1000313,947136,1001875,1.898774833,1.795032314
7,1844101,1000469,1000469,1000521,1001667,1.843140724,1.841032000
7,1843268,1000000,1000000,1000000,1001250,1.843268000,1.840966792
7,1843257,1000052,1000052,1000000,1001459,1.843257000,1.840571606
7,1835703,1000261,1000261,988073,1001770,1.857861717,1.832459547
7,1843301,1000052,1000052,1000052,1001511,1.843205153,1.840519974
7,1843282,1000053,1000053,1000052,1001198,1.843186154,1.841076390
7,1843080,999948,999948,999896,1001093,1.843271700,1.841067713
7,1793632,1000521,1000521,958125,1002032,1.872022962,1.789994731
7,1843651,1000208,1000208,1000156,1001667,1.843363435,1.840582749
7,1843334,1000052,1000052,1000104,1001250,1.843142313,1.841032709
7,1843869,1000365,1000365,1000364,1001510,1.843198076,1.841088956
7,1834090,1000209,1000209,995364,1001406,1.842632444,1.831514890
7,1843558,1000156,1000156,1000157,1001563,1.843268607,1.840681016
7,1843361,1000104,1000104,1000104,1001250,1.843169310,1.841059675
7,1843809,1000313,1000313,1000312,1001458,1.843233911,1.841124640
7,1826079,1000469,1000469,965313,1001979,1.891696268,1.822472327
7,1843144,999948,999948,1000000,1001198,1.843144000,1.840938556
7,1843803,1000364,1000364,1000313,1001407,1.843226070,1.841212414
7,1844024,1000417,1000417,1000572,1001770,1.842969821,1.840765844
7,1838192,1000573,1000573,992761,1001719,1.851595701,1.835037570
7,1843749,1000312,1000312,1000261,1001406,1.843267907,1.841160329
7,1843247,1000000,1000000,1000000,1001511,1.843247000,1.840466056
7,1832439,1000209,1000209,1000312,1001666,1.831867457,1.829391234
7,1829707,1000885,1000885,978541,1002240,1.869831719,1.825617617
7,1842233,1000469,1000469,1000416,1002031,1.841466950,1.838499009
7,1843278,1000052,1000052,1000000,1001459,1.843278000,1.840592575
7,1843688,1000261,1000261,1000260,1001458,1.843208766,1.841003816
7,1836153,1000365,1000365,990885,1001562,1.853043491,1.833289402
7,1843025,1000261,1000261,1000260,1001458,1.842545938,1.840341782
7,1843321,1000105,1000105,1000052,1001250,1.843225152,1.841019725
7,1843787,1000365,1000365,1000313,1001510,1.843210075,1.841007079
7,1876812,1000573,1000573,946614,1001875,1.982658190,1.873299563
7,2090157,1000365,1000365,1000468,1001771,2.089179264,2.086461876
7,2093651,1000416,1000416,1000521,1001719,2.092560776,2.090058190
7,2092804,1000052,1000052,1000000,1001041,2.092804000,2.090627657
7,2088140,1000104,1000104,995624,1000989,2.097317863,2.086076870
7,2093993,1000572,1000572,1000625,1001563,2.092685072,2.090725197
7,2093470,1000312,1000312,1000313,1001250,2.092814949,2.090856429
7,2092892,1000052,1000052,1000052,1000833,2.092783175,2.091150072
7,2079931,1000417,1000417,984167,1001406,2.113392341,2.077010723
7,2054318,1000573,1000573,1000625,1001563,2.053034853,2.051112112
7,1838905,1000156,1000156,1000157,1001094,1.838616337,1.836895436
7,1843216,1000000,1000000,1000000,1000938,1.843216000,1.841488684
7,1839502,1000156,1000156,995938,1001146,1.847004532,1.837396344
7,1843283,1000052,1000052,1000052,1000990,1.843187154,1.841459955
7,1843823,1000365,1000365,1000312,1001354,1.843247907,1.841329839
7,1843556,1000156,1000156,1000156,1001041,1.843268450,1.841638854
7,1829819,1000364,1000364,974584,1001354,1.877538519,1.827344775
7,1843793,1000625,1000625,1000625,1002083,1.842641349,1.839960363
7,1843347,1000105,1000105,1000052,1001198,1.843251151,1.841141313
7,1843217,1000104,1000104,1000052,1001302,1.843121158,1.840820252
7,1837887,1000000,1000000,993177,1001614,1.850513051,1.834925430
7,1842822,999792,999792,999740,1001042,1.843301258,1.840903778
7,1843727,1000260,1000260,1000261,1001406,1.843245913,1.841138359
7,1843526,1000156,1000156,1000156,1001511,1.843238455,1.840744635
7,1827480,1000417,1000417,981615,1001614,1.861707492,1.824535200
7,1841899,1000417,1000417,1000365,1002032,1.841226952,1.838163851
7,1844117,1000520,1000520,1000521,1001979,1.843156715,1.840474701
7,1843288,1000052,1000052,1000052,1001146,1.843192154,1.841178010
7,1835765,1000364,1000364,996094,1002083,1.842963616,1.831949050
7,1843861,1000365,1000365,1000312,1001563,1.843285895,1.840983543
7,1844102,1000469,1000469,1000469,1001562,1.843237522,1.841226005
7,1843353,1000104,1000104,1000105,1001146,1.843159468,1.841242936
7,1813811,1000052,1000052,957762,1001614,1.893801383,1.810888226
7,1844088,1000469,1000469,1000417,1001562,1.843319336,1.841212027
7,1843290,1000156,1000156,1000157,1001198,1.843000649,1.841084381
7,1843413,1000313,1000313,1000313,1001458,1.842836192,1.840729217
7,1838505,1000520,1000520,996980,1001667,1.844074104,1.835445313
7,1843608,1000313,1000313,1000312,1001406,1.843032974,1.841019527
7,1843464,1000261,1000261,1000260,1001250,1.842984824,1.841162547
7,1844205,1000521,1000521,1000573,1001614,1.843148876,1.841233250
7,1826331,1000364,1000364,977969,1001563,1.867473304,1.823480899
7,1843963,1000468,1000468,1000521,1001458,1.843002796,1.841278416
7,1843807,1000521,1000521,1000625,1001615,1.842655340,1.840834053
7,1844344,1000625,1000625,1000677,1001666,1.843096224,1.841276433
7,1826082,1000260,1000260,995312,1001407,1.834682994,1.823516313
7,1842326,1000209,1000209,1000208,1001250,1.841942876,1.840025968
7,1843616,1000260,1000260,1000208,1001146,1.843232608,1.841505635
7,1843985,1000416,1000416,1000417,1001354,1.843216379,1.841491620
7,1823792,1000312,1000312,959426,1001406,1.900919925,1.821231349
7,1843265,1000052,1000052,1000052,1001042,1.843169155,1.841346317
7,1843679,1000261,1000261,1000260,1001198,1.843199768,1.841472915
7,1843225,1000365,1000365,1000520,1001615,1.842267021,1.840252991
7,1839442,1000573,1000573,995625,1001718,1.847524922,1.836287258
7,1843602,1000261,1000261,1000312,1001303,1.843026976,1.841202913
7,1843320,1000104,1000104,1000104,1001198,1.843128315,1.841114345
7,1843894,1000364,1000364,1000365,1001406,1.843221224,1.841305125
7,1830491,1000677,1000677,983908,1001823,1.860429024,1.827160087
7,1843902,1000364,1000364,1000365,1001406,1.843229221,1.841313114
7,1844186,1000521,1000521,1000520,1001563,1.843227522,1.841308036
7,1843907,1000417,1000417,1000364,1001406,1.843236062,1.841318107
7,1838699,1000209,1000209,995470,1001302,1.847066210,1.836308127
7,1844173,1000521,1000521,1000573,1001562,1.843116894,1.841296894
7,1843265,1000052,1000052,1000000,1001042,1.843265000,1.841346317
7,1844005,1000417,1000417,1000417,1001458,1.843236370,1.841320355
7,1909267,1000365,1000365,952343,1001458,2.004810242,1.906487341
7,2091420,1000000,1000000,999948,1000938,2.091528759,2.089460086
7,2093095,1000156,1000156,1000104,1001042,2.092877341,2.090916265
7,2093376,1000261,1000261,1000312,1001250,2.092723070,2.090762547
7,2086027,1000052,1000052,993906,1001041,2.098817192,2.083857704
7,2094048,1000573,1000573,1000677,1001667,2.092631289,2.090563031
7,2093129,1000156,1000156,1000156,1001094,2.092802523,2.090841619
7,2093376,1000261,1000261,1000260,1001198,2.092831864,2.090871136
7,2081472,1000886,1000886,985469,1002032,2.112163853,2.077251026
7,2093141,1000156,1000156,1000156,1001146,2.092814521,2.090745006
7,2093882,1000521,1000521,1000573,1001354,2.092682893,2.091050717
7,2093071,1000104,1000104,1000156,1000938,2.092744532,2.091109539
7,1973317,1000573,1000573,997813,1001615,1.977642103,1.970135232
7,1840933,1000157,1000157,1000156,1001146,1.840645859,1.838825706
7,1843446,1000104,1000104,1000156,1000990,1.843158467,1.841622793
7,1843748,1000261,1000261,1000312,1001146,1.843172930,1.841637483
7,1831600,1000469,1000469,977813,1001562,1.873159796,1.828743503
7,1843659,1000208,1000208,1000209,1001458,1.843273756,1.840974859
7,1843511,1000157,1000157,1000156,1001250,1.843223457,1.841209488
7,1843855,1000365,1000365,1000313,1001511,1.843278054,1.841073138
7,1837462,1000573,1000573,990468,1001875,1.855145244,1.834023206
7,1844102,1000469,1000469,1000521,1001614,1.843141723,1.841130416
7,1843714,1000261,1000261,1000260,1001406,1.843234759,1.841125378
7,1844108,1000469,1000469,1000469,1001771,1.843243519,1.840847858
7,1821531,1000573,1000573,972082,1001823,1.873845005,1.818216392
7,1843318,1000104,1000104,1000052,1001354,1.843222152,1.840825522
7,1843404,1000104,1000104,1000104,1001146,1.843212306,1.841293877
7,1843119,999947,999947,999896,1000833,1.843310704,1.841584960
7,1838525,1000208,1000208,997761,1001146,1.842650695,1.836420462
7,1842401,1000312,1000312,1000365,1001354,1.841728769,1.839909762
7,1843979,1000416,1000416,1000417,1001354,1.843210381,1.841485628
7,1843477,1000105,1000105,1000156,1001041,1.843189462,1.841559936
7,1827807,1000833,1000833,973804,1001979,1.876976270,1.824196914
7,1843539,1000156,1000156,1000208,1001406,1.843155624,1.840950623
7,1843548,1000156,1000156,1000208,1001302,1.843164622,1.841150822
7,1844131,1000521,1000521,1000469,1001562,1.843266508,1.841254960
7,1839009,1000417,1000417,996927,1001458,1.844677695,1.836331628
7,1843741,1000313,1000313,1000260,1001459,1.843261752,1.841054901
7,1844003,1000416,1000416,1000417,1001563,1.843234371,1.841125321
7,1843584,1000208,1000208,1000209,1001250,1.843198771,1.841282397
7,1818634,1000364,1000364,981564,1001458,1.852792075,1.815986292
7,1841489,1000157,1000157,1000156,1001146,1.841201773,1.839381069
7,1843495,1000157,1000157,1000156,1001041,1.843207460,1.841577917
7,1843774,1000364,1000364,1000313,1001250,1.843197079,1.841472160
7,1839096,1000520,1000520,996302,1001406,1.845922220,1.836513862
7,1843991,1000417,1000417,1000364,1001354,1.843320032,1.841497612
7,1843549,1000208,1000208,1000156,1001094,1.843261451,1.841534361
7,1843117,999948,999948,999948,1000833,1.843212847,1.841582961
7,1828438,1000573,1000573,974427,1001771,1.876423785,1.825205561
7,1844077,1000469,1000469,1000468,1001562,1.843214376,1.841201044
7,1843416,1000105,1000105,1000156,1001198,1.843128472,1.841210230
7,1843402,1000104,1000104,1000052,1001198,1.843306148,1.841196247
7,1833622,1000417,1000417,991979,1001615,1.848448405,1.830665475
7,1842475,1000468,1000468,1000417,1001718,1.841707008,1.839315057
7,1843051,1000261,1000261,1000260,1001302,1.842571931,1.840654468
7,1844100,1000469,1000469,1000520,1001510,1.843141566,1.841319607
7,1828478,1000625,1000625,980103,1001979,1.865597799,1.824866589
7,1843835,1000365,1000365,1000312,1001458,1.843259903,1.841150602
7,1843172,1000000,1000000,999948,1001042,1.843267850,1.841253414
7,1843320,1000052,1000052,1000053,1001094,1.843222309,1.841305612
7,1835533,1000261,1000261,997187,1001511,1.840710920,1.832763694
7,1843648,1000208,1000208,1000261,1001302,1.843166933,1.841250692
7,1843840,1000364,1000364,1000313,1001406,1.843263059,1.841251201
7,1843767,1000312,1000312,1000312,1001562,1.843191924,1.840891527
7,1827643,1000208,1000208,967239,1001771,1.889546431,1.824411966
7,1843186,1000000,1000000,1000000,1001146,1.843186000,1.841076127
7,1844013,1000469,1000469,1000469,1001563,1.843148563,1.841135306
7,1844132,1000521,1000521,1000469,1001614,1.843267508,1.841160367
7,1835438,1000000,1000000,995834,1001250,1.843116423,1.833146567
7,1843444,1000261,1000261,1000208,1001354,1.843060643,1.840951352
7,1844244,1000573,1000573,1000573,1001667,1.843187853,1.841174762
7,1843439,1000104,1000104,1000156,1001510,1.843151468,1.840659604
7,1828238,1000573,1000573,983229,1001823,1.859422373,1.824911187
7,1843737,1000417,1000417,1000417,1001511,1.842968482,1.840955317
7,1843870,1000364,1000364,1000365,1001718,1.843197233,1.840707664
7,1843893,1000364,1000364,1000365,1001511,1.843220225,1.841111081
7,1835936,1000469,1000469,993957,1001927,1.847098013,1.832404956
7,1843122,999948,999948,999896,1001406,1.843313705,1.840534209
7,1844073,1000521,1000521,1000469,1001615,1.843208535,1.841099624
7,1844154,1000521,1000521,1000521,1001614,1.843193696,1.841182332
7,1825912,1000625,1000625,965885,1002188,1.890403102,1.821925627
7,1842302,999948,999948,999896,1001198,1.842493619,1.840097563
7,1843418,1000104,1000104,1000156,1001406,1.843130472,1.840829793
7,1843561,1000209,1000209,1000156,1001302,1.843273449,1.841163805
7,1837158,1000469,1000469,996719,1001719,1.843205557,1.834005345
7,1843676,1000260,1000260,1000208,1001354,1.843292595,1.841183038
7,1844049,1000469,1000469,1000468,1001875,1.843186389,1.840597879
7,1844168,1000521,1000521,1000521,1001614,1.843207689,1.841196309
7,1814421,1000521,1000521,971094,1002031,1.868429833,1.810743380
7,1843594,1000208,1000208,1000209,1001354,1.843208769,1.841101149
7,1843648,1000260,1000260,1000261,1001406,1.843166933,1.841059470
7,1843703,1000260,1000260,1000260,1001406,1.843223762,1.841114393
7,1834441,1000573,1000573,990209,1001979,1.852579607,1.830817812
7,1843500,1000156,1000156,1000156,1001302,1.843212459,1.841102884
7,1843740,1000313,1000313,1000260,1001615,1.843260752,1.840767161
7,1843135,1000052,1000052,1000052,1001510,1.843039162,1.840356062
7,1816743,1000365,1000365,960573,1001875,1.891311748,1.813342982
7,1843564,1000260,1000260,1000313,1001511,1.842987145,1.840782578
7,1843684,1000260,1000260,1000208,1001614,1.843300593,1.840713089
7,1843835,1000365,1000365,1000313,1001459,1.843258060,1.841148764
7,1837755,1000052,1000052,996093,1001250,1.844963272,1.835460674
7,1843647,1000260,1000260,1000261,1001354,1.843165934,1.841154077
7,1844021,1000417,1000417,1000416,1001562,1.843254206,1.841145131
7,1843478,1000156,1000156,1000157,1001302,1.843188619,1.841080913
7,1827372,1000208,1000208,980262,1001667,1.864166927,1.824330840
7,1843062,1000260,1000260,1000261,1001667,1.842581086,1.839994729
7,1842018,1000209,1000209,1000208,1001302,1.841634940,1.839622811
7,1841181,1000417,1000417,1000364,1001510,1.840511054,1.838405008
7,1835054,1000104,1000104,995781,1001302,1.842828895,1.832667866
7,1841743,1000469,1000469,1000469,1001562,1.840879627,1.838870684
7,1840508,1000261,1000261,1000260,1001354,1.840029592,1.838019322
7,1839542,1000365,1000365,1000365,1001563,1.838870812,1.836671283
7,1821578,1000417,1000417,970624,1001875,1.876708179,1.818168933
7,1840961,1000260,1000260,1000313,1001406,1.840384960,1.838376243
7,1843376,1000052,1000052,1000105,1001302,1.843182466,1.840979045
7,1839886,1000208,1000208,1000209,1001302,1.839501544,1.837493583
7,1833248,1000416,1000416,994167,1001562,1.844004076,1.830388932
7,1841662,1000313,1000313,1000312,1001302,1.841087581,1.839267274
7,1841014,1000000,1000000,1000000,1000938,1.841014000,1.839288747
7,1840367,1000104,1000104,1000105,1001093,1.840173782,1.838357675
7,1829893,1000365,1000365,985001,1001615,1.857757505,1.826942488
7,1842190,1000365,1000365,1000364,1001510,1.841519687,1.839412487
7,1841528,1000365,1000365,1000313,1001406,1.840951782,1.838942447
7,1840816,999895,999895,999948,1001042,1.840911727,1.838899866
7,1834877,1000313,1000313,997239,1001823,1.839957122,1.831538106
7,1840657,1000312,1000312,1000313,1001354,1.840081055,1.838168120
7,1842727,1000208,1000208,1000209,1001458,1.842341951,1.840044216
7,1840095,1000156,1000156,1000156,1001198,1.839807990,1.837893204
7,1822608,1000364,1000364,967708,1001823,1.883427646,1.819291432
7,1841112,1000000,1000000,1000000,1001198,1.841112000,1.838908987
7,1839247,1000312,1000312,1000313,1001459,1.838671496,1.836567448
7,1858284,1013489,1013489,1008281,1014635,1.843021935,1.831480286
7,1840785,1000209,1000209,996509,1001459,1.847233693,1.838103207
7,1841994,1000208,1000208,1000157,1001563,1.841704852,1.839119456
7,1840695,1000208,1000208,1000208,1001302,1.840312215,1.838301531
7,1831467,1000156,1000156,990260,1001302,1.849480944,1.829085531
7,1833403,1000261,1000261,990884,1001771,1.850270062,1.830161783
7,1841427,1000417,1000417,1000416,1001562,1.840661285,1.838555177
7,1840631,1000052,1000052,1000052,1001146,1.840535292,1.838524051
7,1838039,1000105,1000105,995886,1001250,1.845631930,1.835744320
7,1841974,1000469,1000469,1000521,1001614,1.841014831,1.839005845
7,1841910,1000468,1000468,1000469,1001563,1.841046549,1.839035587
7,1843657,1000573,1000573,1000521,1001667,1.842696955,1.840588739
7,1831762,1000312,1000312,979843,1001614,1.869444391,1.828810300
7,1833998,1000104,1000104,992397,1001615,1.848048714,1.831040869
7,1840481,1000209,1000209,1000208,1001354,1.840098260,1.837992358
7,1839407,1000000,1000000,1000000,1001406,1.839407000,1.836824425
7,1834076,1000521,1000521,995937,1001719,1.841558251,1.830928634
7,1842646,1000521,1000521,1000469,1001615,1.841782204,1.839674925
7,1841679,1000573,1000573,1000573,1001667,1.840624322,1.838614030
7,1840232,1000417,1000417,1000364,1001510,1.839562399,1.837457439
7,1830487,1000052,1000052,987604,1001250,1.853462521,1.828201748
7,1835288,1000209,1000209,992343,1001614,1.849449233,1.832330618
7,1841106,1000260,1000260,1000208,1001354,1.840723130,1.838616513
7,1840962,1000313,1000313,1000260,1001458,1.840483474,1.838281785
7,1835488,1000104,1000104,996562,1001354,1.841820178,1.833006110
7,1841840,1000417,1000417,1000468,1001875,1.840978422,1.838393013
7,1841553,1000208,1000208,1000208,1001354,1.841170037,1.839062909
7,1839012,1000052,1000052,1000104,1001198,1.838820763,1.836811500
7,1830510,1000208,1000208,977603,1001510,1.872447200,1.827750097
7,1831491,1000364,1000364,992761,1001927,1.844845839,1.827968505
7,1841018,1000156,1000156,1000209,1001355,1.840633308,1.838526796
7,1841797,1000416,1000416,1000417,1001563,1.841029291,1.838922764
7,1835201,1000573,1000573,996250,1001823,1.842108908,1.831861516
7,1840732,1000417,1000417,1000469,1001614,1.839869101,1.837765846
7,1842897,1000208,1000208,1000157,1001407,1.842607711,1.840307687
7,1841116,1000052,1000052,1000052,1001302,1.841020267,1.838721984
7,1822163,1000260,1000260,980625,1001458,1.858164946,1.819510154
7,1841734,1000364,1000364,1000365,1001458,1.841062012,1.839052661
7,1839918,1000052,1000052,1000052,1001094,1.839822329,1.837907329
7,1840510,1000104,1000104,1000052,1000938,1.840414298,1.838785219
7,1834893,1000416,1000416,993334,1001407,1.847206478,1.832314933
7,1841496,1000521,1000521,1000469,1001458,1.840632743,1.838815008
7,1841301,1000365,1000365,1000312,1001250,1.840726693,1.839002247
7,1840403,1000417,1000417,1000417,1001302,1.839635872,1.838009911
7,1828320,1000312,1000312,990521,1001302,1.845816495,1.825942623
7,1841566,1000365,1000365,1000312,1001354,1.840991611,1.839075891
7,1843764,1000313,1000313,1000260,1001250,1.843284746,1.841462172
7,1842381,1000469,1000469,1000468,1001406,1.841519169,1.839794249
7,1837521,1000312,1000312,994739,1001302,1.847239326,1.835131659
7,1841903,1000365,1000365,1000364,1001406,1.841232791,1.839316920
7,1839145,1000052,1000052,1000104,1000990,1.838953749,1.837326047
7,1839160,1000416,1000416,1000365,1001355,1.838488952,1.836671310
7,1828164,1000208,1000208,983960,1001355,1.857965771,1.825690190
7,1842646,1000365,1000365,1000416,1001614,1.841879778,1.839676762
7,1840656,1000157,1000157,1000104,1001094,1.840464592,1.838644523
7,1839300,1000208,1000208,1000209,1001145,1.838915667,1.837196410
7,1829143,999948,999948,994271,1001042,1.839682541,1.827239017
7,1840700,1000053,1000053,1000000,1001146,1.840700000,1.838592972
7,1842327,1000052,1000052,1000052,1000990,1.842231204,1.840504900
7,1844058,1000469,1000469,1000469,1001615,1.843193542,1.841084648
7,1794610,1000781,1000781,960884,1001927,1.867665608,1.791158438
7,1838349,999948,999948,1000052,1001250,1.838253411,1.836053933
7,1840374,1000104,1000104,1000104,1001041,1.840182621,1.838460163
7,1828589,1000573,1000573,1000677,1001771,1.827351883,1.825356294
7,1838164,1000573,1000573,994791,1001719,1.847789134,1.835009618
7,1842517,1000417,1000417,1000469,1001562,1.841653265,1.839643477
7,1843453,1000104,1000104,1000156,1001250,1.843165466,1.841151561
7,1843983,1000468,1000468,1000417,1001406,1.843214380,1.841394000
7,1830095,1000364,1000364,982971,1001459,1.861799585,1.827428781
7,1843727,1000313,1000313,1000208,1001406,1.843343585,1.841138359
7,1844126,1000521,1000521,1000521,1001563,1.843165711,1.841248129
7,1844140,1000521,1000521,1000625,1001719,1.842988132,1.840975363
7,1838619,1000417,1000417,997397,1001510,1.843417416,1.835846871
7,1843531,1000156,1000156,1000156,1001145,1.843243454,1.841422571
7,1843819,1000312,1000312,1000417,1001354,1.843050448,1.841325845
7,1843769,1000260,1000260,1000365,1001407,1.843096270,1.841178462
7,1835581,1000312,1000312,967345,1001302,1.897545343,1.833194181
7,2088983,1000104,1000104,1000104,1001146,2.088765768,2.086591766
7,2093357,1000261,1000261,1000208,1001146,2.092921672,2.090960759
7,2092608,1000260,1000260,1000157,1001094,2.092279512,2.090321189
7,2088227,1000052,1000052,995626,1001042,2.097401032,2.086053332
7,2093961,1000573,1000573,1000625,1001719,2.092653092,2.090367658
7,2093372,1000261,1000261,1000312,1001354,2.092719072,2.090541407
7,2093373,1000312,1000312,1000313,1001145,2.092717979,2.090978829
7,2083196,1000729,1000729,986821,1001771,2.111017094,2.079513182
7,2093027,1000104,1000104,1000104,1001094,2.092809348,2.090739731
7,2094078,1000625,1000625,1000677,1001563,2.092661268,2.090810064
7,2093810,1000469,1000469,1000468,1001354,2.092830555,2.090978815
7,2087243,1000156,1000156,996146,1001041,2.095318357,2.085072440
7,2093582,1000365,1000365,1000364,1001146,2.092820213,2.091185501
7,1900852,1000052,1000052,1000053,1000937,1.900751260,1.899072569
7,1842316,1000261,1000261,1000208,1001094,1.841932878,1.840302709
7,1802407,1000573,1000573,949636,1001718,1.897997759,1.799315775
7,1843660,1000260,1000260,1000208,1001198,1.843276598,1.841453938
7,1843795,1000364,1000364,1000313,1001302,1.843218073,1.841397500
7,1844172,1000521,1000521,1000521,1001459,1.843211687,1.841485273
7,1839139,1000573,1000573,995676,1001562,1.847125973,1.836270745
7,1842794,1000573,1000573,1000573,1001615,1.841738684,1.839822686
7,1843725,1000313,1000313,1000260,1001458,1.843245756,1.841040763
7,1843731,1000313,1000313,1000260,1001250,1.843251755,1.841429213
7,1827643,1000521,1000521,982448,1001667,1.860294896,1.824601389
7,1843386,1000052,1000052,1000104,1001407,1.843194308,1.840796000
7,1843928,1000417,1000417,1000417,1001510,1.843159403,1.841147867
7,1843484,1000156,1000156,1000105,1001198,1.843290455,1.841278149
7,1837174,1000468,1000468,994063,1001615,1.848146445,1.834211748
7,1844183,1000521,1000521,1000469,1001667,1.843318484,1.841113863
7,1843414,1000104,1000104,1000052,1001458,1.843318147,1.840730215
7,1843282,1000052,1000052,1000000,1001094,1.843282000,1.841267653
7,1824358,1000156,1000156,967916,1001407,1.884830915,1.821794735
7,1843317,1000052,1000052,1000104,1001250,1.843125315,1.841015730
7,1843553,1000156,1000156,1000208,1001146,1.843169621,1.841442707
7,1843382,1000052,1000052,1000052,1001250,1.843286149,1.841080649
7,1838417,1000157,1000157,994844,1001354,1.847945004,1.835931149
7,1844080,1000521,1000521,1000417,1001510,1.843311339,1.841299638
7,1843187,1000000,1000000,999948,1001042,1.843282851,1.841268398
7,1843883,1000365,1000365,1000364,1001406,1.843212071,1.841294140
7,1830948,1000521,1000521,979687,1001667,1.868911193,1.827900889
7,1843654,1000208,1000208,1000260,1001250,1.843174775,1.841352310
7,1844097,1000521,1000521,1000573,1001562,1.843040938,1.841221013
7,1832686,1000625,1000625,1000677,1001719,1.831446111,1.829541019
7,1839291,1000156,1000156,996874,1001197,1.845058653,1.837092001
7,1842742,1000469,1000469,1000521,1001407,1.841782431,1.840152905
7,1842638,1000417,1000417,1000416,1001354,1.841871781,1.840146442
7,1843510,1000156,1000156,1000208,1001041,1.843126630,1.841592902
7,1870098,1000468,1000468,967188,1001458,1.933541359,1.867375367
7,2090929,1000417,1000417,1000417,1001302,2.090057446,2.088210150
7,2092751,1000625,1000625,1000886,1001875,2.090898464,2.088834435
7,2093633,1000417,1000417,1000469,1001458,2.092651546,2.090584927
7,2088320,1000625,1000625,994582,1001719,2.099696154,2.084736338
7,2093835,1000521,1000521,1000469,1001459,2.092853452,2.090784545
7,2093217,1000156,1000156,1000157,1001146,2.092888417,2.090820919
7,2093581,1000365,1000365,1000416,1001302,2.092710432,2.090858702
7,2082600,1000208,1000208,988021,1001198,2.107849934,2.080108031
7,2093018,1000104,1000104,1000104,1000938,2.092800349,2.091056589
7,2093646,1000364,1000364,1000365,1001198,2.092882098,2.091140813
7,1941852,1000469,1000469,1000521,1001354,1.940840822,1.939226288
7,1836803,1000365,1000365,997970,1001354,1.840539295,1.834319332
7,1843828,1000312,1000312,1000365,1001198,1.843155248,1.841621737
7,1844130,1000469,1000469,1000521,1001354,1.843169709,1.841636424
7,1843902,1000417,1000417,1000364,1001250,1.843231064,1.841600000
7,1830010,1000521,1000521,968697,1001614,1.889145935,1.827061123
7,1841941,1000052,1000052,1000000,1001041,1.841941000,1.840025533
7,1844016,1000416,1000416,1000469,1001406,1.843151562,1.841426954
7,1834440,1000521,1000521,1000521,1001459,1.833484754,1.831767451
7,1838586,1000417,1000417,997656,1001406,1.842905771,1.836004578
7,1839988,1000417,1000417,1000364,1001354,1.839318488,1.837500025
7,1844227,1000573,1000573,1000573,1001406,1.843170863,1.841637657
7,1843075,1000000,1000000,1000000,1001042,1.843075000,1.841156515
7,1832613,1000625,1000625,984218,1001770,1.861999069,1.829375006
7,1832770,1000573,1000573,1001146,1002136,1.830672050,1.828863547
7,1843849,1000365,1000365,1000312,1001407,1.843273899,1.841258350
7,1843384,1000104,1000104,1000104,1000990,1.843192308,1.841560855
7,1838714,1000000,1000000,995572,1001094,1.846892038,1.836704645
7,1843554,1000209,1000209,1000208,1001146,1.843170621,1.841443706
7,1843621,1000208,1000208,1000260,1001198,1.843141783,1.841414985
7,1843701,1000260,1000260,1000209,1001146,1.843315747,1.841590537
7,1872540,1000417,1000417,956563,1001458,1.957571012,1.869813811
7,2089929,1000260,1000260,1000209,1001094,2.089492296,2.087645116
7,2093255,1000208,1000208,1000261,1001042,2.092708803,2.091076099
7,2093290,1000261,1000261,1000260,1001093,2.092745886,2.091004532
7,2086481,1000364,1000364,995677,1001302,2.095540020,2.083767934
7,2092867,1000052,1000052,1000000,1000990,2.092867000,2.090797111
7,2092941,1000052,1000052,1000052,1000886,2.092832173,2.091088296
7,2092821,1000000,1000000,1000000,1000782,2.092821000,2.091185693
7,2078079,1000260,1000260,985105,1001198,2.109500003,2.075592440
7,1841308,1000157,1000157,1000208,1000990,1.840925088,1.839486908
7,1844050,1000469,1000469,1000468,1001355,1.843187388,1.841554693
7,1844043,1000469,1000469,1000468,1001303,1.843180392,1.841643339
7,1836216,1000208,1000208,997397,1001198,1.841008144,1.834018845
7,1842007,1000052,1000052,1000000,1000990,1.842007000,1.840185217
7,1842906,1000208,1000208,1000208,1001041,1.842522755,1.840989530
7,1843703,1000260,1000260,1000313,1001198,1.843126102,1.841496887
7,1795882,1000730,1000730,946407,1001719,1.897578949,1.792800176
7,1844258,1000521,1000521,1000520,1001563,1.843299484,1.841379923
7,1843854,1000364,1000364,1000365,1001510,1.843181239,1.841073978
7,1843643,1000260,1000260,1000208,1001354,1.843259602,1.841150083
7,1837611,1000052,1000052,993490,1001198,1.849652236,1.835412176
7,1844147,1000521,1000521,1000469,1001875,1.843282501,1.840695696
7,1843899,1000365,1000365,1000364,1001511,1.843228065,1.841117072
7,1843360,1000052,1000052,1000104,1001250,1.843168310,1.841058677
7,1828566,1000469,1000469,980781,1002032,1.864397863,1.824857889
7,1843504,1000156,1000156,1000052,1001354,1.843408143,1.841011271
7,1843730,1000260,1000260,1000260,1001719,1.843250755,1.840566067
7,1843497,1000156,1000156,1000156,1001302,1.843209459,1.841099888
7,1833446,1000053,1000053,986459,1001250,1.858613485,1.831157054
7,1843911,1000365,1000365,1000365,1001823,1.843238218,1.840555667
7,1843984,1000417,1000417,1000365,1001563,1.843311191,1.841106351
7,1843898,1000364,1000364,1000365,1001823,1.843225223,1.840542691
7,1826089,1000313,1000313,970366,1001667,1.881855918,1.823049976
7,1843578,1000209,1000209,1000208,1001407,1.843194616,1.840987730
7,1844009,1000468,1000468,1000469,1001719,1.843144565,1.840844588
7,1843885,1000416,1000416,1000365,1001510,1.843212228,1.841104932
7,1836462,1000208,1000208,997188,1001510,1.841640694,1.833693123
7,1843721,1000261,1000261,1000260,1001355,1.843241757,1.841226139
7,1843824,1000365,1000365,1000312,1001354,1.843248906,1.841330838
7,1843806,1000313,1000313,1000312,1001302,1.843230912,1.841408486
7,1827510,1000521,1000521,981198,1001875,1.862529275,1.824089832
7,1843768,1000312,1000312,1000261,1001562,1.843286902,1.840892526
7,1843989,1000417,1000417,1000416,1001510,1.843222220,1.841208775
7,1843523,1000157,1000157,1000156,1001198,1.843235455,1.841317102
7,1835969,1000365,1000365,994583,1001667,1.845968612,1.832913533
7,1843721,1000260,1000260,1000261,1001302,1.843239914,1.841323597
7,1843601,1000260,1000260,1000209,1001406,1.843215768,1.841012536
7,1843987,1000417,1000417,1000417,1001458,1.843218378,1.841302381
7,1787635,1000313,1000313,944115,1001719,1.893450480,1.784567329
7,1843858,1000313,1000313,1000364,1001354,1.843187080,1.841364792
7,1843577,1000208,1000208,1000208,1001094,1.843193616,1.841562331
7,1843635,1000260,1000260,1000261,1001146,1.843153937,1.841524613
7,1837500,1000417,1000417,992657,1001406,1.851092573,1.834920102
7,1843776,1000312,1000312,1000313,1001302,1.843199079,1.841378525
7,1843257,1000000,1000000,1000052,1000989,1.843161156,1.841435820
7,1844048,1000469,1000469,1000468,1001406,1.843185389,1.841458909
7,1832223,1000573,1000573,986822,1001667,1.856690467,1.829173767
7,1843197,999948,999948,1000000,1001094,1.843197000,1.841182746
7,1843212,1000000,1000000,1000000,1000989,1.843212000,1.841390864
7,1844141,1000521,1000521,1000520,1001459,1.843182545,1.841454318
7,1837549,1000313,1000313,997656,1001511,1.841866335,1.834776652
7,1844148,1000520,1000520,1000521,1001458,1.843187699,1.841463147
7,1843434,1000104,1000104,1000157,1001094,1.843144626,1.841419487
7,1843640,1000209,1000209,1000260,1001197,1.843160778,1.841435801
7,1830597,1000833,1000833,975938,1002240,1.875730835,1.826505627
7,1843126,999948,999948,999948,1001250,1.843221848,1.840824969
7,1843316,1000052,1000052,1000000,1001198,1.843316000,1.841110350
7,1843887,1000365,1000365,1000364,1001823,1.843216069,1.840531711
7,1838665,1000521,1000521,996093,1001719,1.845876841,1.835509759
7,1843773,1000312,1000312,1000261,1001458,1.843291901,1.841088693
7,1843698,1000260,1000260,1000261,1001406,1.843216920,1.841109400
7,1843889,1000365,1000365,1000364,1001510,1.843218069,1.841108926
7,1829263,1000209,1000209,983386,1001615,1.860167828,1.826313504
7,1843858,1000313,1000313,1000364,1001562,1.843187080,1.840982386
7,1843120,999948,999948,999948,1001094,1.843215847,1.841105830
7,1843493,1000157,1000157,1000156,1001302,1.843205460,1.841095893
7,1838129,1000521,1000521,996406,1001667,1.844759064,1.835069938
7,1843620,1000209,1000209,1000260,1001615,1.843140783,1.840647355
7,1843853,1000364,1000364,1000417,1001510,1.843084434,1.841072980
7,1843940,1000417,1000417,1000416,1001510,1.843173240,1.841159849
7,1822407,1000209,1000209,964634,1001771,1.889221197,1.819185223
7,1843431,1000157,1000157,1000104,1001250,1.843239303,1.841129588
7,1843260,1000053,1000053,1000000,1001146,1.843260000,1.841150042
7,1843866,1000365,1000365,1000313,1001459,1.843289051,1.841179719
7,1835343,1000156,1000156,995209,1001354,1.844178459,1.832861306
7,1843906,1000365,1000365,1000364,1001458,1.843235062,1.841221499
7,1843363,1000104,1000104,1000052,1001198,1.843267150,1.841157294
7,1843910,1000365,1000365,1000364,1001823,1.843239061,1.840554669
7,1827679,1000469,1000469,982916,1001771,1.859445772,1.824447903
7,1843566,1000156,1000156,1000157,1001146,1.843276606,1.841455692
7,1843993,1000469,1000469,1000365,1001302,1.843320188,1.841595243
7,1843514,1000157,1000157,1000156,1001093,1.843226457,1.841501239
7,1815574,1000052,1000052,974583,1001094,1.862923938,1.813589933
7,1844160,1000521,1000521,1000521,1001406,1.843199693,1.841570752
7,1844035,1000469,1000469,1000416,1001354,1.843268200,1.841541553
7,1843589,1000208,1000208,1000156,1001094,1.843301445,1.841574318
7,1831672,1000678,1000678,976614,1001979,1.875533220,1.828054281
7,1843817,1000313,1000313,1000312,1001510,1.843241909,1.841037034
7,1844098,1000468,1000468,1000521,1001615,1.843137725,1.841124584
7,1843287,1000052,1000052,1000052,1001198,1.843191154,1.841081385
7,1837489,1000312,1000312,996874,1001510,1.843251003,1.834718575
7,1843500,1000209,1000209,1000156,1001302,1.843212459,1.841102884
7,1843463,1000104,1000104,1000104,1001302,1.843271300,1.841065932
7,1843249,1000000,1000000,1000000,1001094,1.843249000,1.841234689
7,1827438,1000209,1000209,986457,1001354,1.852526770,1.824966995
7,1844025,1000416,1000416,1000365,1001563,1.843352176,1.841147287
7,1843465,1000104,1000104,1000104,1001250,1.843273300,1.841163546
7,1844042,1000469,1000469,1000416,1001562,1.843275198,1.841166099
7,1834721,1000104,1000104,996927,1001302,1.840376477,1.832335299
7,1843489,1000104,1000104,1000157,1001250,1.843199618,1.841187516
7,1843924,1000364,1000364,1000365,1001563,1.843251213,1.841046444
7,1843584,1000208,1000208,1000208,1001302,1.843200614,1.841186775
7,1827440,1000677,1000677,970104,1002031,1.883756793,1.823735992
7,1843236,1000052,1000052,999948,1001302,1.843331853,1.840839227
7,1843775,1000313,1000313,1000312,1001354,1.843199922,1.841281904
7,1843356,1000105,1000105,1000052,1001146,1.843260150,1.841245932
7,1835843,1000469,1000469,991406,1001718,1.851757000,1.832694431
7,1843181,999948,999948,999948,1001041,1.843276850,1.841264244
7,1843523,1000156,1000156,1000156,1001250,1.843235455,1.841221473
7,1843221,1000052,1000052,999948,1001094,1.843316852,1.841206720
7,1821280,1000208,1000208,963282,1001615,1.890702826,1.818343375
7,1843566,1000208,1000208,1000209,1001302,1.843180775,1.841168798
7,1843901,1000364,1000364,1000365,1001406,1.843228222,1.841312115
7,1844019,1000417,1000417,1000416,1001719,1.843252207,1.840854571
7,1838556,1000521,1000521,994688,1001875,1.848374566,1.835115159
7,1843349,1000104,1000104,1000052,1001250,1.843253151,1.841047690
7,1843297,1000053,1000053,1000052,1001302,1.843201154,1.840900148
7,1843167,1000000,1000000,999948,1001198,1.843262850,1.840961528
7,1793774,1000208,1000208,945467,1001510,1.897235969,1.791069485
7,1843417,1000104,1000104,1000105,1001250,1.843223462,1.841115605
7,1843282,1000053,1000053,1000052,1001042,1.843186154,1.841363299
7,1843725,1000312,1000312,1000260,1001250,1.843245756,1.841423221
7,1835920,1000364,1000364,992605,1001562,1.849597776,1.833056765
7,1843426,1000156,1000156,1000156,1001250,1.843138470,1.841124594
7,1843963,1000417,1000417,1000364,1001458,1.843292042,1.841278416
7,1843520,1000157,1000157,1000208,1001146,1.843136628,1.841409744
7,1829529,1000417,1000417,985260,1001666,1.856899702,1.826486074
7,1844134,1000520,1000520,1000521,1001459,1.843173706,1.841447328
7,1843735,1000260,1000260,1000261,1001250,1.843253911,1.841433208
7,1843344,1000104,1000104,1000104,1001042,1.843152312,1.841425235
7,1836289,1000052,1000052,996979,1001094,1.841853239,1.834282295
7,1843907,1000417,1000417,1000312,1001458,1.843331880,1.841222498
7,1843464,1000156,1000156,1000104,1001094,1.843272300,1.841449454
7,1843361,1000104,1000104,1000104,1001041,1.843169310,1.841444057
7,1830037,1000625,1000625,975989,1001875,1.875059043,1.826612102
7,1843078,1000052,1000052,1000000,1001250,1.843078000,1.840777029
7,1843952,1000417,1000417,1000365,1001406,1.843279203,1.841363044
7,1843144,1000000,1000000,999948,1000990,1.843239848,1.841321092
7,1835460,1000260,1000260,996823,1001302,1.841309841,1.833073339
7,1843270,1000052,1000052,1000000,1001042,1.843270000,1.841351312
7,1834212,1000729,1000729,1000782,1001927,1.832778767,1.830684271
7,1843669,1000260,1000260,1000313,1001562,1.843092112,1.840793680
7,1819587,1000573,1000573,977656,1001927,1.861173051,1.816087400
7,1844005,1000416,1000416,1000469,1001667,1.843140567,1.840936159
7,1843806,1000365,1000365,1000312,1001510,1.843230912,1.841026051
7,1844149,1000521,1000521,1000521,1001615,1.843188699,1.841175502
7,1837182,1000365,1000365,994531,1001718,1.847284801,1.834031135
7,1841665,1000052,1000052,1000052,1001302,1.841569238,1.839270270
7,1843217,1000000,1000000,1000052,1001302,1.843121158,1.840820252
7,1844041,1000416,1000416,1000417,1001719,1.843272355,1.840876533
7,1976778,1000417,1000417,948020,1001666,2.085164870,1.973490165
7,2093552,1000364,1000364,1000417,1001458,2.092679353,2.090504045
7,2092418,1000104,1000104,1000261,1001197,2.091872021,2.089916370
7,2092953,1000104,1000104,1000104,1000886,2.092735356,2.091100285
7,2087906,1000417,1000417,997709,1001354,2.092700377,2.085082798
7,2093656,1000417,1000417,1000416,1001406,2.092785401,2.090716453
7,2093860,1000521,1000521,1000573,1001511,2.092660905,2.090700951
7,2093274,1000261,1000261,1000260,1001094,2.092729890,2.090986461
7,2063694,1000156,1000156,974480,1001041,2.117738691,2.061547929
7,2093103,1000156,1000156,1000157,1001145,2.092774434,2.090709138
7,1825357,1000469,1000469,1000521,1001511,1.824406484,1.822603047
7,1844629,1000781,1000781,1000781,1001771,1.843189469,1.841367937
7,1837857,1000052,1000052,994791,1000990,1.847480526,1.836039321
7,1843836,1000365,1000365,1000364,1001354,1.843165088,1.841342822
7,1843884,1000365,1000365,1000312,1001302,1.843308888,1.841486385
7,1843953,1000417,1000417,1000365,1001458,1.843280203,1.841268431
7,1829202,1000313,1000313,973750,1001719,1.878512965,1.826062998
7,1843047,999948,999948,999896,1001146,1.843238697,1.840937286
7,1843388,1000105,1000105,1000104,1001250,1.843196308,1.841086642
7,1843235,1000052,1000052,1000052,1001198,1.843139157,1.841029447
7,1837172,1000260,1000260,993281,1001511,1.849599459,1.834400221
7,1843577,1000209,1000209,1000156,1001615,1.843289447,1.840604424
7,1843142,999948,999948,1000000,1001145,1.843142000,1.841034016
7,1843736,1000260,1000260,1000313,1001459,1.843159091,1.841049908
7,1823835,1000729,1000729,978541,1002135,1.863830948,1.819949408
7,1843982,1000416,1000416,1000469,1001927,1.843117578,1.840435481
7,1843189,1000000,1000000,1000000,1001094,1.843189000,1.841174755
7,1844055,1000468,1000468,1000417,1001615,1.843286350,1.841081653
7,1831898,1000156,1000156,990677,1001407,1.849137509,1.829324141
7,1843984,1000417,1000417,1000416,1001875,1.843217222,1.840533001
7,1843676,1000261,1000261,1000312,1001406,1.843100953,1.841087431
7,1843881,1000364,1000364,1000365,1001562,1.843208229,1.841005350
7,1818896,1000677,1000677,964272,1002084,1.886289346,1.815113304
7,1843398,1000105,1000105,1000052,1001250,1.843302148,1.841096629
7,1843475,1000104,1000104,1000208,1001198,1.843091637,1.841269160
7,1843420,1000156,1000156,1000104,1001355,1.843228304,1.840925546
7,1838312,1000364,1000364,994063,1001667,1.849291242,1.835252634
7,1843247,1000053,1000053,1000000,1001042,1.843247000,1.841328336
7,1844253,1000573,1000573,1000573,1001614,1.843196848,1.841281172
7,1843440,1000104,1000104,1000156,1001198,1.843152468,1.841234201
7,1820293,1000521,1000521,968958,1001771,1.878608774,1.817074960
7,1843882,1000365,1000365,1000312,1001406,1.843306888,1.841293142
7,1843614,1000261,1000261,1000208,1001198,1.843230608,1.841407993
7,1839214,1000104,1000104,996772,1001041,1.845170209,1.837301369
7,1844089,1000468,1000468,1000521,1001511,1.843128730,1.841306785
7,1843760,1000313,1000313,1000416,1001458,1.842993315,1.841075712
7,1831493,1000313,1000313,1000364,1001458,1.830826579,1.828826571
7,1856764,1012917,1012917,985469,1013958,1.884142474,1.831204054
7,1832822,1000312,1000312,989844,1001354,1.851627125,1.830343715
7,1843768,1000312,1000312,1000312,1001302,1.843192924,1.841370536
7,1843334,1000052,1000052,1000052,1001093,1.843238152,1.841321436
7,1839421,1000678,1000678,996407,1001667,1.846053872,1.836359788
7,1843904,1000365,1000365,1000365,1001354,1.843231221,1.841410730
7,1843709,1000260,1000260,1000261,1001250,1.843227918,1.841407241
7,1844060,1000469,1000469,1000677,1001719,1.842812416,1.840895501
7,1838651,1000417,1000417,991615,1001614,1.854198454,1.835688199
7,1839355,1000678,1000678,995364,1001719,1.847921966,1.836198575
7,1843336,1000104,1000104,1000052,1001042,1.843240152,1.841417243
7,1843131,1000000,1000000,1000000,1000886,1.843131000,1.841499432
7,1839104,1000156,1000156,997291,1001198,1.844099666,1.836903390
7,1843851,1000365,1000365,1000364,1001302,1.843180082,1.841453428
7,1843980,1000469,1000469,1000417,1001406,1.843211381,1.841391004
7,1843581,1000208,1000208,1000312,1001354,1.843005982,1.841088167
7,1820836,1000469,1000469,970885,1001666,1.875439419,1.817807533
7,2069838,1000521,1000521,995938,1001667,2.078279973,2.066393322
7,2093496,1000313,1000313,1000312,1001250,2.092843033,2.090882397
7,2093100,1000156,1000156,1000104,1001041,2.092882340,2.090923349
7,2089000,1000313,1000313,997499,1001198,2.094237688,2.086500373
7,2093719,1000469,1000469,1000468,1001406,2.092739598,2.090779364
7,2093845,1000521,1000521,1000729,1001614,2.092319699,2.090470980
7,2092697,1000313,1000313,1000312,1001146,2.092044282,2.090301514
7,2085272,1000364,1000364,992656,1001303,2.100699537,2.082558426
7,2086789,1000260,1000260,994062,1001250,2.099254372,2.084183770
7,2093453,1000313,1000313,1000364,1001198,2.092691260,2.090948044
7,2093665,1000417,1000417,1000364,1001250,2.092903183,2.091051186
7,2087759,1000000,1000000,997032,1000886,2.093973915,2.085910883
7,2093102,1000104,1000104,1000157,1001041,2.092773435,2.090925347
7,2092877,1000052,1000052,1000052,1000885,2.092768176,2.091026442
7,1963460,1000469,1000469,1000468,1001302,1.962541531,1.960906899
7,1839082,1008594,1008594,970469,1009583,1.895044561,1.821625364
7,1844075,1000416,1000416,1000417,1001563,1.843306341,1.841197209
7,1843346,1000104,1000104,1000052,1001093,1.843250151,1.841333423
7,1843961,1000416,1000416,1000365,1001458,1.843288200,1.841276419
7,1838032,1000521,1000521,994115,1001614,1.848912852,1.835070197
7,1842272,1000312,1000312,1000312,1001407,1.841697390,1.839683565
7,1843700,1000261,1000261,1000260,1001458,1.843220763,1.841015799
7,1844157,1000521,1000521,1000521,1001666,1.843196695,1.841089744
7,1825593,1000104,1000104,979585,1001198,1.863639194,1.823408557
7,1843047,999948,999948,999948,1001094,1.843142843,1.841032910
7,1843855,1000365,1000365,1000312,1001302,1.843279897,1.841457422
7,1843831,1000313,1000313,1000312,1001250,1.843255904,1.841529089
7,1836777,1000261,1000261,994999,1001510,1.846008890,1.834007648
7,1843415,1000104,1000104,1000052,1001250,1.843319147,1.841113608
7,1843794,1000312,1000312,1000313,1001354,1.843217073,1.841300879
7,1843495,1000156,1000156,1000104,1001146,1.843303296,1.841384773
7,1826835,1000625,1000625,969688,1001718,1.883941020,1.823701880
7,1843294,1000052,1000052,1000104,1001198,1.843102317,1.841088376
7,1843405,1000104,1000104,1000104,1001093,1.843213306,1.841392358
7,1844135,1000521,1000521,1000521,1001615,1.843174706,1.841161524
7,1837083,1000104,1000104,994844,1001250,1.846604091,1.834789513
7,1843564,1000156,1000156,1000208,1001303,1.843180618,1.841164962
7,1844233,1000573,1000573,1000572,1001615,1.843178702,1.841259366
7,1843978,1000417,1000417,1000417,1001406,1.843209382,1.841389007
7,1828158,1000313,1000313,984949,1001562,1.856094072,1.825306871
7,1843419,1000104,1000104,1000104,1001197,1.843227304,1.841215066
7,1843348,1000104,1000104,1000052,1000989,1.843252151,1.841526730
7,1843350,1000053,1000053,1000052,1000937,1.843254151,1.841624398
7,1838422,1000416,1000416,990574,1001563,1.855915863,1.835553031
7,1843694,1000261,1000261,1000260,1001146,1.843214764,1.841583545
7,1843295,1000052,1000052,1000052,1000937,1.843199154,1.841569449
7,1843352,1000105,1000105,1000104,1000938,1.843160311,1.841624556
7,1822899,1000417,1000417,967500,1001511,1.884133333,1.820148755
7,1843212,1000000,1000000,1000104,1001302,1.843020326,1.840815259
7,1843269,1000052,1000052,1000000,1000989,1.843269000,1.841447808
7,1843916,1000416,1000416,1000365,1001302,1.843243216,1.841518343
7,1838540,1000521,1000521,995469,1001511,1.846908342,1.835766157
7,1843411,1000104,1000104,1000052,1001146,1.843315148,1.841300869
7,1843165,999948,999948,1000000,1000886,1.843165000,1.841533401
7,1844024,1000417,1000417,1000417,1001510,1.843255363,1.841243722
7,1830975,1000573,1000573,984948,1001667,1.858956006,1.827927844
7,1843696,1000260,1000260,1000260,1001459,1.843216764,1.841009966
7,1843586,1000209,1000209,1000208,1001250,1.843202614,1.841284395
7,1843550,1000209,1000209,1000104,1001250,1.843358291,1.841248439
7,1836691,1000365,1000365,992186,1001511,1.851155932,1.833919947
7,1843755,1000313,1000313,1000208,1001510,1.843371579,1.840975128
7,1843129,1000000,1000000,1000000,1001042,1.843129000,1.841210459
7,1843779,1000312,1000312,1000261,1001354,1.843297899,1.841285899
7,1797709,1000416,1000416,959010,1001823,1.874546668,1.794437740
7,1843436,1000156,1000156,1000104,1001511,1.843244303,1.840654771
7,1843362,1000104,1000104,1000052,1001093,1.843266150,1.841349405
7,1843814,1000312,1000312,1000313,1001302,1.843237067,1.841416476
7,1839074,1000260,1000260,994167,1001406,1.849864258,1.836491892
7,1843683,1000260,1000260,1000209,1001250,1.843297751,1.841381273
7,1843599,1000208,1000208,1000209,1001198,1.843213768,1.841393011
7,1844019,1000417,1000417,1000469,1001458,1.843154561,1.841334335
7,1824672,1000416,1000416,983178,1001771,1.855891812,1.821446219
7,1843376,1000104,1000104,1000052,1001302,1.843280149,1.840979045
7,1843592,1000209,1000209,1000208,1001354,1.843208613,1.841099152
7,1843794,1000313,1000313,1000364,1001459,1.843123103,1.841107824
7,1837927,1000365,1000365,996303,1001562,1.844747030,1.835060635
7,1843506,1000156,1000156,1000104,1001302,1.843314295,1.841108876
7,1843229,1000000,1000000,1000052,1001146,1.843133157,1.841119078
7,1843986,1000469,1000469,1000417,1001562,1.843217378,1.841110186
7,1828054,1000313,1000313,970365,1001823,1.883882869,1.824727522
7,1843877,1000365,1000365,1000313,1001563,1.843300047,1.840999518
7,1843166,999948,999948,999948,1001094,1.843261850,1.841151780
7,1843967,1000417,1000417,1000312,1001563,1.843391862,1.841089377
7,1835735,1000208,1000208,996354,1001719,1.842452582,1.832584787
7,1844215,1000520,1000520,1000521,1001666,1.843254664,1.841147648
7,1844196,1000521,1000521,1000573,1001667,1.843139881,1.841126842
7,1843378,1000104,1000104,1000105,1001250,1.843184466,1.841076654
7,1829723,1000625,1000625,979271,1002187,1.868454187,1.825730128
7,1843345,1000053,1000053,1000052,1001303,1.843249151,1.840946247
7,1843928,1000365,1000365,1000365,1001510,1.843255212,1.841147867
7,1843269,1000052,1000052,1000052,1001146,1.843173155,1.841159032
7,1836037,1000313,1000313,996563,1001822,1.842369223,1.832697825
7,1843674,1000260,1000260,1000261,1001354,1.843192927,1.841181041
7,1843829,1000312,1000312,1000313,1001458,1.843252062,1.841144611
7,1843828,1000312,1000312,1000313,1001771,1.843251062,1.840568353
7,1788909,1000260,1000260,940573,1001718,1.901935310,1.785840925
7,1844117,1000521,1000521,1000521,1001719,1.843156715,1.840952403
7,1843206,1000000,1000000,999948,1001198,1.843301852,1.841000481
7,1843376,1000052,1000052,1000052,1001302,1.843280149,1.840979045
7,1826750,1000052,1000052,985625,1001250,1.853392517,1.824469413
7,1843906,1000365,1000365,1000364,1001406,1.843235062,1.841317108
7,1843369,1000104,1000104,1000052,1001354,1.843273150,1.840876453
7,1843701,1000261,1000261,1000260,1001354,1.843221762,1.841208004
7,1829698,1000573,1000573,983438,1001875,1.860511796,1.826273737
7,1843656,1000260,1000260,1000261,1001510,1.843174931,1.840876277
7,1843956,1000365,1000365,1000416,1001510,1.843189233,1.841175825
7,1843538,1000209,1000209,1000104,1001250,1.843346292,1.841236454
7,1834240,1000417,1000417,993437,1001510,1.846357645,1.831474474
7,1843518,1000157,1000157,1000156,1001198,1.843230456,1.841312108
7,1843717,1000313,1000313,1000260,1001354,1.843237758,1.841223983
7,1843488,1000156,1000156,1000156,1001198,1.843200461,1.841282144
7,1825308,1000625,1000625,968907,1001875,1.883883593,1.821891953
7,1843141,1000000,1000000,999948,1000989,1.843236848,1.841319935
7,1843282,1000052,1000052,1000052,1001041,1.843186154,1.841365139
7,1843161,1000000,1000000,999947,1001042,1.843258693,1.841242425
7,1837661,1000312,1000312,996928,1001354,1.843323690,1.835176171
7,1843704,1000312,1000312,1000313,1001250,1.843127101,1.841402247
7,1844128,1000520,1000520,1000469,1001458,1.843263509,1.841443176
7,1843614,1000208,1000208,1000209,1001146,1.843228765,1.841503637
7,1829744,1000573,1000573,986666,1001822,1.854471523,1.826416270
7,1843757,1000261,1000261,1000260,1001354,1.843277748,1.841263929
7,1843366,1000104,1000104,1000052,1001146,1.843270150,1.841255921
7,1843862,1000312,1000312,1000365,1001354,1.843189236,1.841368787
7,1836002,1000156,1000156,997293,1001562,1.840985548,1.833138637
7,1844205,1000573,1000573,1000521,1001771,1.843244670,1.840944687
7,1843795,1000312,1000312,1000313,1001354,1.843218073,1.841301877
7,1843233,1000000,1000000,999948,1001041,1.843328853,1.841316190
7,1824652,1000261,1000261,970989,1001771,1.879168559,1.821426254
7,1843884,1000365,1000365,1000313,1001511,1.843307045,1.841102095
7,1843886,1000365,1000365,1000312,1001823,1.843310887,1.840530713
7,1843730,1000260,1000260,1000261,1001406,1.843248912,1.841141355
7,1835296,1000104,1000104,995573,1001302,1.843456984,1.832909552
7,1843898,1000365,1000365,1000364,1001510,1.843227065,1.841117912
7,1844015,1000469,1000469,1000469,1001563,1.843150562,1.841137302
7,1844160,1000521,1000521,1000520,1001927,1.843201535,1.840613138
7,1791033,1000573,1000573,954842,1002083,1.875737557,1.787310033
7,1843643,1000260,1000260,1000209,1001407,1.843257759,1.841052639
7,1844061,1000469,1000469,1000468,1001562,1.843198383,1.841185069
7,1843595,1000261,1000261,1000208,1001354,1.843211612,1.841102148
7,1835973,1000313,1000313,989532,1001823,1.855395278,1.832632112
7,1844111,1000521,1000521,1000469,1001927,1.843246517,1.840564233
7,1843253,1000000,1000000,1000000,1001146,1.843253000,1.841143050
7,1843412,1000104,1000104,1000104,1001250,1.843220305,1.841110612
7,1822074,1000365,1000365,962395,1001719,1.893270435,1.818947230
7,1843667,1000260,1000260,1000261,1001198,1.843185928,1.841460930
7,1844003,1000468,1000468,1000469,1001354,1.843138568,1.841509596
7,1843995,1000468,1000468,1000417,1001406,1.843226375,1.841405983
7,1840165,1000573,1000573,997083,1001510,1.845548465,1.837390540
7,1843693,1000261,1000261,1000208,1001146,1.843309592,1.841582546
7,1843610,1000260,1000260,1000157,1001094,1.843320599,1.841595295
7,1843658,1000208,1000208,1000261,1001146,1.843176931,1.841547586
7,1831577,1000521,1000521,987292,1001667,1.855152275,1.828528842
7,1843604,1000208,1000208,1000208,1001458,1.843220610,1.840919939
7,1843915,1000365,1000365,1000365,1001406,1.843242217,1.841326096
7,1843168,1000000,1000000,999948,1001042,1.843263850,1.841249418
7,1838393,1000521,1000521,996822,1001823,1.844254039,1.835047708
7,1843640,1000260,1000260,1000209,1001302,1.843254760,1.841242702
7,1843508,1000156,1000156,1000209,1001198,1.843122787,1.841302120
7,1843653,1000260,1000260,1000261,1001303,1.843171932,1.841253846
7,1828620,1000677,1000677,968958,1002188,1.887202541,1.824627715
7,1843367,1000104,1000104,1000052,1001250,1.843271150,1.841065668
7,1843851,1000365,1000365,1000364,1001510,1.843180082,1.841070983
7,1842632,1000053,1000053,1000052,1001198,1.842536188,1.840427168
7,1839061,1000469,1000469,995365,1001719,1.847624741,1.835905079
7,1843975,1000417,1000417,1000416,1001562,1.843208225,1.841099203
7,1843978,1000417,1000417,1000417,1001771,1.843209382,1.840718088
7,1843125,999948,999948,1000000,1001146,1.843125000,1.841015197
7,1829818,1000677,1000677,980260,1002187,1.866665987,1.825824921
7,1844069,1000469,1000469,1000416,1001614,1.843302186,1.841097469
7,1844104,1000469,1000469,1000469,1001615,1.843239521,1.841130574
7,1843959,1000417,1000417,1000364,1001510,1.843288043,1.841178820
7,1834532,1000052,1000052,995677,1001250,1.842497115,1.832241698
7,1843155,1000000,1000000,999948,1001094,1.843250849,1.841140792
7,1843557,1000208,1000208,1000156,1001302,1.843269450,1.841159810
7,1844167,1000521,1000521,1000521,1001667,1.843206689,1.841097890
7,1825836,1000573,1000573,981926,1002084,1.859443583,1.822038871
7,1843742,1000313,1000313,1000260,1001458,1.843262752,1.841057738
7,1843705,1000261,1000261,1000209,1001406,1.843319746,1.841116390
7,1843979,1000468,1000468,1000365,1001511,1.843306193,1.841196951
7,1833502,1000521,1000521,989063,1001770,1.853776756,1.830262435
7,1843565,1000208,1000208,1000209,1001250,1.843179775,1.841263421
7,1843327,1000052,1000052,1000052,1001146,1.843231152,1.841216965
7,1843251,1000000,1000000,1000052,1001094,1.843155156,1.841236687
7,1827663,1000520,1000520,984427,1001875,1.856575449,1.824242545
7,1843943,1000364,1000364,1000365,1001459,1.843270206,1.841256607
7,1844075,1000469,1000469,1000469,1001458,1.843210534,1.841390253
7,1843570,1000208,1000208,1000208,1001146,1.843186617,1.841459687
7,1836915,1000520,1000520,996876,1001562,1.842671506,1.834050214
7,1843908,1000365,1000365,1000469,1001510,1.843043613,1.841127897
7,1845448,1001250,1001250,1003750,1005104,1.838553425,1.836076665
7,1843691,1000313,1000313,1000260,1001250,1.843211765,1.841389263
7,1804627,1000521,1000521,953803,1002031,1.892033261,1.800969231
7,1838122,1000468,1000468,1000573,1001771,1.837069359,1.834872441
7,1844137,1000469,1000469,1000469,1001615,1.843272505,1.841163521
7,1843225,1000000,1000000,1000000,1001041,1.843225000,1.841308198
7,1836240,1000157,1000157,996249,1001250,1.843153669,1.833947566
7,1843955,1000417,1000417,1000417,1001511,1.843186391,1.841172988
7,1843752,1000312,1000312,1000313,1001355,1.843175086,1.841257097
7,1843521,1000156,1000156,1000157,1001250,1.843231613,1.841219476
7,1830747,1000365,1000365,982968,1001563,1.862468565,1.827890008
7,1843902,1000417,1000417,1000625,1001563,1.842750281,1.841024479
7,1843942,1000417,1000417,1000469,1001458,1.843077597,1.841257447
7,1843336,1000104,1000104,1000052,1000990,1.843240152,1.841512902
7,1839234,1000156,1000156,996823,1001250,1.845095870,1.836937828
7,1844132,1000521,1000521,1000521,1001407,1.843171708,1.841540952
7,1843703,1000260,1000260,1000261,1001145,1.843221919,1.841594374
7,1843631,1000208,1000208,1000209,1001145,1.843245762,1.841522457
7,1946378,1000105,1000105,963437,1001198,2.020244188,1.944049029
7,2092801,1000625,1000625,1000729,1001615,2.091276459,2.089426576
7,2092099,1000000,1000000,1000000,1000885,2.092099000,2.090249130
7,2092815,1000000,1000000,1000000,1000833,2.092815000,2.091073136
7,2087548,1000052,1000052,997135,1000937,2.093546009,2.085593799
7,2094088,1000625,1000625,1000730,1001562,2.092560431,2.090822136
7,2092761,1000000,1000000,1000000,1000833,2.092761000,2.091019181
7,2093350,1000260,1000260,1000312,1001250,2.092697079,2.090736579
7,2079936,1000416,1000416,987083,1001458,2.107154110,2.076907868
7,2093143,1000156,1000156,1000209,1000989,2.092705625,2.091074927
7,1855980,1000312,1000312,1000260,1001146,1.855497571,1.853855482
7,1844039,1000468,1000468,1000469,1001302,1.843174551,1.841641183
7,1838178,1000208,1000208,996043,1001198,1.845480567,1.835978498
7,1843345,1000104,1000104,1000052,1000989,1.843249151,1.841523733
7,1843862,1000365,1000365,1000364,1001250,1.843191078,1.841560050
7,1843498,1000156,1000156,1000157,1001146,1.843208616,1.841387770
7,1811219,993490,993490,959583,1001615,1.887506344,1.808298598
7,1843812,1000312,1000312,1000313,1001354,1.843235067,1.841318854
7,1843421,1000104,1000104,1000104,1001042,1.843229304,1.841502155
7,1843688,1000261,1000261,1000260,1001302,1.843208766,1.841290640
7,1837374,1000156,1000156,996875,1001302,1.843133793,1.834984850
7,1843603,1000209,1000209,1000208,1001146,1.843219610,1.841492649
7,1843253,1000000,1000000,1000053,1000989,1.843155313,1.841431824
7,1843934,1000417,1000417,1000416,1001302,1.843167242,1.841536320
7,1829045,1000365,1000365,986301,1001562,1.854449098,1.826192487
7,1843770,1000313,1000313,1000312,1001354,1.843194923,1.841276911
7,1843155,1000000,1000000,999948,1000937,1.843250849,1.841429580
7,1844013,1000468,1000468,1000417,1001407,1.843244367,1.841422119
7,1839366,1000416,1000416,997083,1001511,1.844747127,1.836590911
7,1842830,1000156,1000156,1000104,1001094,1.842638366,1.840816147
7,1843309,1000052,1000052,1000000,1000989,1.843309000,1.841487769
7,1843829,1000313,1000313,1000364,1001302,1.843158090,1.841431456
7,1825941,1000313,1000313,971928,1001563,1.878679285,1.823091508
7,1842161,1000260,1000260,1000260,1001406,1.841682163,1.839574558
7,1843707,1000313,1000313,1000260,1001302,1.843227761,1.841309615
7,1844076,1000469,1000469,1000469,1001458,1.843211534,1.841391252
7,1838459,1000261,1000261,996874,1001354,1.844224044,1.835973092
7,1843978,1000520,1000520,1000521,1001563,1.843017788,1.841100360
7,1844237,1000521,1000521,1000625,1001666,1.843085072,1.841169611
7,1843269,1000208,1000208,1000261,1001406,1.842788032,1.840681003
7,1820084,1000313,1000313,981250,1001459,1.854862675,1.817432366
7,1842973,1000677,1000677,1000782,1001718,1.841532921,1.839812203
7,1843333,1000052,1000052,1000052,1001042,1.843237152,1.841414246
7,1843310,1000052,1000052,1000052,1001042,1.843214153,1.841391270
7,1838535,1000573,1000573,995521,1001563,1.846806848,1.835665854
7,1843687,1000260,1000260,1000260,1001146,1.843207766,1.841576553
7,1843403,1000104,1000104,1000052,1001094,1.843307148,1.841388521
7,1842987,1000209,1000209,1000260,1001250,1.842507948,1.840686142
7,1967078,1000625,1000625,961146,1001771,2.046596459,1.963600464
7,2093800,1000417,1000417,1000469,1001562,2.092818468,2.090534585
7,2093349,1000573,1000573,1000573,1001510,2.092150198,2.090192809
7,2093130,1000157,1000157,1000156,1000990,2.092803523,2.091059851
7,2086349,1000312,1000312,997240,1001303,2.092123260,2.083634025
7,2093499,1000364,1000364,1000313,1001146,2.092843940,2.091102596
7,2092754,1000000,1000000,1000000,1000833,2.092754000,2.091012187
7,2093483,1000313,1000313,1000365,1001146,2.092719158,2.091086615
7,2010955,1000416,1000416,988803,1001459,2.033726637,2.008025291
7,1842474,1000313,1000313,1000313,1001250,1.841897486,1.840173783
7,1842951,1000209,1000209,1000208,1001094,1.842567746,1.840937015
7,1842006,1000417,1000417,1000364,1001302,1.841335754,1.839610827
7,1838460,1000417,1000417,995261,1001458,1.847213947,1.835783428
7,1843821,1000312,1000312,1000313,1001198,1.843244065,1.841614746
7,1843876,1000365,1000365,1000365,1001250,1.843203231,1.841574032
7,1844047,1000469,1000469,1000469,1001354,1.843182547,1.841553537
7,1821405,1000469,1000469,959427,1001667,1.898430000,1.818373771
7,1842862,1000521,1000521,1000521,1001614,1.841902369,1.839892414
7,1843960,1000416,1000416,1000469,1001407,1.843095588,1.841369194
7,1843302,1000052,1000052,1000053,1001093,1.843204310,1.841289471
7,1839361,1000312,1000312,996511,1001354,1.845801000,1.836873873
7,1843162,1000312,1000312,1000313,1001302,1.842585271,1.840765324
7,1843932,1000364,1000364,1000365,1001407,1.843259210,1.841341233
7,1843391,1000208,1000208,1000209,1001145,1.843005812,1.841282731
7,1833629,1000260,1000260,986980,1001354,1.857817788,1.831149623
7,1843113,1000781,1000781,1000833,1001875,1.841578965,1.839663631
7,1831612,1000365,1000365,1000468,1001510,1.830755207,1.828850436
7,1844408,1000625,1000625,1000677,1001667,1.843160181,1.841338489
7,1840228,1000573,1000573,997084,1001562,1.845609798,1.837358047
7,1843982,1000417,1000417,1000417,1001406,1.843213380,1.841393001
7,1842696,1000105,1000105,1000052,1000990,1.842600185,1.840873535
7,1837996,1000104,1000104,997396,1001041,1.842794637,1.836084636
7,1999046,1000520,1000520,970000,1001667,2.060872165,1.995719136
7,2093397,1000313,1000313,1000312,1001250,2.092744064,2.090783521
7,2092020,1000260,1000260,1000208,1001093,2.091584950,2.089735919
7,2093127,1000156,1000156,1000156,1000990,2.092800523,2.091056854
7,2084165,1000052,1000052,994272,1001042,2.096171872,2.081995561
7,2093517,1000313,1000313,1000312,1001198,2.092864026,2.091011968
7,2093521,1000312,1000312,1000313,1001145,2.092865933,2.091126660
7,2092993,1000104,1000104,1000104,1000885,2.092775351,2.091142339
7,2066310,1000625,1000625,969479,1001667,2.131361278,2.062871194
7,2085535,1000000,1000000,999948,1000834,2.085643453,2.083797113
7,1828110,1000260,1000260,1000313,1001145,1.827537981,1.826019208
7,1843654,1000208,1000208,1000261,1001094,1.843172932,1.841639247
7,1836569,1000313,1000313,995156,1001302,1.845508644,1.834180896
7,1842176,1000261,1000261,1000208,1001146,1.841792907,1.840067283
7,1843112,1000052,1000052,1000052,1000885,1.843016163,1.841482288
7,1843853,1000469,1000469,1000469,1001354,1.842988638,1.841359799
7,1828786,1000365,1000365,970782,1001406,1.883827677,1.826218337
7,1844201,1000520,1000520,1000573,1001823,1.843144878,1.840845139
7,1843518,1000260,1000260,1000261,1001406,1.843036967,1.840929653
7,1843841,1000417,1000417,1000416,1001563,1.843074281,1.840963574
7,1834998,1000209,1000209,993385,1001666,1.847217343,1.831945978
7,1843297,1000104,1000104,1000104,1001250,1.843105317,1.840995755
7,1843848,1000365,1000365,1000312,1001511,1.843272899,1.841066149
7,1843168,1000000,1000000,1000000,1001094,1.843168000,1.841153778
7,1828779,1000677,1000677,978437,1002292,1.869082016,1.824597024
7,1843549,1000208,1000208,1000156,1001354,1.843261451,1.841056210
7,1843258,1000052,1000052,1000000,1001146,1.843258000,1.841148044
7,1843708,1000261,1000261,1000312,1001459,1.843132943,1.841021949
7,1836117,1000052,1000052,993020,1001354,1.849023182,1.833634259
7,1843509,1000260,1000260,1000209,1001667,1.843123787,1.840440985
7,1844166,1000521,1000521,1000469,1001615,1.843301492,1.841192474
7,1843319,1000052,1000052,1000052,1001458,1.843223152,1.840635354
7,1825024,1000677,1000677,960469,1002292,1.900138370,1.820850610
7,1843801,1000312,1000312,1000312,1001510,1.843225914,1.841021058
7,1843930,1000417,1000417,1000417,1001563,1.843161402,1.841052435
7,1843418,1000104,1000104,1000104,1001250,1.843226304,1.841116604
7,1836259,1000156,1000156,990468,1001406,1.853930667,1.833680845
7,1843029,1000104,1000104,1000105,1001302,1.842835502,1.840632496
7,1843945,1000417,1000417,1000417,1001511,1.843176395,1.841163003
7,1842338,999636,999636,999583,1001459,1.843106575,1.839653945
7,1827430,1000209,1000209,984010,1001406,1.857125436,1.824864241
7,1843083,999948,999948,999896,1001042,1.843274701,1.841164507
7,1843509,1000157,1000157,1000156,1001198,1.843221457,1.841303119
7,1843750,1000417,1000417,1000416,1001459,1.842983319,1.841063888
7,1827621,991719,991719,991615,1001406,1.843075185,1.825054973
7,1843962,1000520,1000520,1000521,1001510,1.843001796,1.841181815
7,1843672,1000260,1000260,1000261,1001302,1.843190927,1.841274660
7,1883638,1028281,1028281,1004427,1029427,1.875335888,1.829792690
7,1838593,1000521,1000521,990937,1001667,1.855408568,1.835533166
7,1844019,1000468,1000468,1000417,1001354,1.843250365,1.841525574
7,1843279,1000156,1000156,1000156,1001198,1.842991493,1.841073394
7,1838548,1000625,1000625,992812,1001667,1.851859164,1.835488241
7,1843487,1000157,1000157,1000156,1001198,1.843199461,1.841281145
7,1844008,1000469,1000469,1000416,1001355,1.843241212,1.841512750
7,1843286,1000156,1000156,1000156,1001094,1.842998492,1.841271649
7,1836662,1000052,1000052,992969,1001042,1.849667009,1.834750190
7,1838313,1000625,1000625,995208,1001719,1.847164613,1.835158363
7,1843088,1000052,1000052,1000000,1001093,1.843088000,1.841075704
7,1843623,1000260,1000260,1000208,1001354,1.843239606,1.841130110
7,1838526,1000260,1000260,997188,1001250,1.843710514,1.836230712
7,1843488,1000156,1000156,1000104,1001250,1.843296297,1.841186517
7,1843798,1000312,1000312,1000261,1001458,1.843316894,1.841113656
7,1843512,1000156,1000156,1000157,1001094,1.843222614,1.841497402
7,1834192,1000365,1000365,981042,1001406,1.869636570,1.831616747
7,1836460,1000364,1000364,994219,1001719,1.847138307,1.833308543
7,1843356,1000052,1000052,1000053,1001198,1.843258307,1.841150302
7,1843972,1000416,1000416,1000417,1001510,1.843203384,1.841191800
7,1837428,1000208,1000208,995728,1001354,1.845311169,1.834943487
7,1844017,1000417,1000417,1000417,1001563,1.843248365,1.841139299
7,1843145,1000156,1000156,1000157,1001250,1.842855672,1.840843945
7,1843712,1000260,1000260,1000261,1001406,1.843230917,1.841123381
7,1832956,1000260,1000260,989688,1001510,1.852054385,1.830192409
7,1836479,1000365,1000365,994480,1001823,1.846672633,1.833137191
7,1843043,1000052,1000052,1000000,1001198,1.843043000,1.840837676
7,1843429,1000208,1000208,1000208,1001302,1.843045647,1.841031976
7,1835990,1000104,1000104,993386,1001302,1.848214088,1.833602649
7,1844024,1000417,1000417,1000469,1001615,1.843159558,1.841050703
7,1844056,1000468,1000468,1000469,1001562,1.843191543,1.841180077
7,1843370,1000104,1000104,1000052,1001198,1.843274150,1.841164285
7,1824651,1000156,1000156,966667,1001354,1.887569349,1.822183763
7,1843960,1000364,1000364,1000417,1001927,1.843191389,1.840413523
7,1843912,1000469,1000469,1000521,1001614,1.842951822,1.840940722
7,1843463,1000157,1000157,1000104,1001407,1.843271300,1.840872892
7,1836267,1000156,1000156,995313,1001406,1.844914112,1.833688834
7,1843851,1000312,1000312,1000364,1001510,1.843180082,1.841070983
7,1843711,1000261,1000261,1000260,1001355,1.843231760,1.841216152
7,1844230,1000573,1000573,1000521,1001667,1.843269657,1.841160785
7,1827875,1000625,1000625,983490,1001927,1.858559823,1.824359459
7,1843490,1000261,1000261,1000260,1001771,1.843010817,1.840230951
7,1843825,1000365,1000365,1000312,1001510,1.843249906,1.841045022
7,1843209,1000000,1000000,1000000,1001094,1.843209000,1.841194733
7,1835862,1000625,1000625,991771,1001823,1.851094658,1.832521314
7,1844038,1000521,1000521,1000520,1001771,1.843079599,1.840777982
7,1843840,1000364,1000364,1000365,1001406,1.843167244,1.841251201
7,1844075,1000469,1000469,1000468,1001563,1.843212377,1.841197209
7,1828715,1000313,1000313,974010,1001459,1.877511525,1.826050792
7,1844041,1000469,1000469,1000469,1001771,1.843176550,1.840780977
7,1843399,1000157,1000157,1000104,1001197,1.843207306,1.841195089
7,1844013,1000469,1000469,1000468,1001511,1.843150406,1.841230900
7,1837865,1000573,1000573,997032,1001667,1.843336021,1.834806378
7,1843438,1000156,1000156,1000052,1001146,1.843342146,1.841327838
7,1844062,1000573,1000573,1000521,1001614,1.843101744,1.841090480
7,1843206,1000000,1000000,1000000,1001042,1.843206000,1.841287379
7,1828508,1000312,1000312,984011,1001510,1.858219065,1.825751116
7,1843178,1000000,1000000,1000000,1001250,1.843178000,1.840876904
7,1843887,1000365,1000365,1000365,1001302,1.843214227,1.841489381
7,1843110,999948,999948,999896,1000938,1.843301703,1.841382783
7,1838518,1000417,1000417,997395,1001459,1.843319848,1.835839510
7,1843362,1000052,1000052,1000053,1001094,1.843264307,1.841347566
7,1844068,1000521,1000521,1000469,1001458,1.843203538,1.841383263
7,1843993,1000468,1000468,1000417,1001406,1.843224375,1.841403986
7,1826791,1000468,1000468,970051,1001614,1.883190678,1.823847310
7,1843255,1000104,1000104,1000105,1001406,1.843061479,1.840667022
7,1844081,1000469,1000469,1000468,1001511,1.843218374,1.841298798
7,1843350,1000105,1000105,1000052,1001355,1.843254151,1.840855641
7,1835054,1000416,1000416,996563,1001510,1.841382833,1.832287246
7,1843037,1000156,1000156,1000052,1001146,1.842941167,1.840927297
7,1843227,1000052,1000052,1000052,1001093,1.843131157,1.841214552
7,1843578,1000417,1000417,1000416,1001458,1.842811390,1.840893977
7,1827094,1000521,1000521,985261,1001823,1.854426391,1.823769269
7,1843446,1000105,1000105,1000104,1001198,1.843254302,1.841240194
7,1843141,999948,999948,999948,1001042,1.843236848,1.841222446
7,1843666,1000312,1000312,1000313,1001406,1.843089113,1.841077445
7,1835133,1000156,1000156,997343,1001458,1.840021938,1.832461271
7,1844034,1000469,1000469,1000468,1001667,1.843171396,1.840965111
7,1843508,1000156,1000156,1000156,1001198,1.843220458,1.841302120
7,1843274,1000052,1000052,1000052,1001042,1.843178155,1.841355308
7,1822526,1000469,1000469,968644,1001979,1.881523036,1.818926345
7,1843722,1000260,1000260,1000261,1001511,1.843240914,1.840940339
7,1843604,1000208,1000208,1000261,1001406,1.843122945,1.841015532
7,1843361,1000104,1000104,1000104,1001198,1.843169310,1.841155296
7,1836698,1000260,1000260,989323,1001719,1.856520065,1.833546134
7,1843775,1000416,1000416,1000365,1001510,1.843102268,1.840995097
7,1843377,1000208,1000208,1000156,1001354,1.843089478,1.840884442
7,1843316,1000052,1000052,1000052,1001198,1.843220153,1.841110350
7,1830410,1000677,1000677,986771,1001875,1.854949122,1.826984404
7,1842902,999947,999947,999896,1001146,1.843093682,1.840792452
7,1843329,1000104,1000104,1000052,1001146,1.843233152,1.841218963
7,1843428,1000156,1000156,1000104,1001198,1.843236303,1.841222216
7,1837863,1000260,1000260,997188,1001354,1.843045644,1.835377898
7,1843069,1000052,1000052,1000000,1001042,1.843069000,1.841150521
7,1843700,1000364,1000364,1000417,1001406,1.842931498,1.841111397
7,1843933,1000365,1000365,1000364,1001458,1.843262053,1.841248460
7,1824847,1000261,1000261,975729,1001511,1.870239585,1.822093816
7,1843130,1000000,1000000,999896,1001197,1.843321705,1.840926411
7,1843725,1000365,1000365,1000364,1001302,1.843054128,1.841327591
7,1843240,1000000,1000000,999948,1001042,1.843335853,1.841321343
7,1836532,1000000,1000000,995365,1000989,1.845083964,1.834717464
7,1843584,1000208,1000208,1000208,1001146,1.843200614,1.841473671
7,1843536,1000156,1000156,1000209,1001198,1.843150781,1.841330087
7,1843521,1000260,1000260,1000261,1001146,1.843039967,1.841410743
7,1822151,1000677,1000677,987500,1002084,1.845216203,1.818361535
7,1843723,1000260,1000260,1000261,1001510,1.843241914,1.840943176
7,1843545,1000208,1000208,1000156,1001250,1.843257452,1.841243446
7,1843551,1000156,1000156,1000157,1001198,1.843261608,1.841345069
7,1837369,1000208,1000208,992240,1001510,1.851738491,1.834598756
7,1844080,1000469,1000469,1000521,1001511,1.843119735,1.841297799
7,1844033,1000468,1000468,1000417,1001511,1.843264359,1.841250870
7,1843929,1000364,1000364,1000417,1001406,1.843160402,1.841340076
7,1821573,1000365,1000365,961562,1001823,1.894389545,1.818258315
7,1843130,999948,999948,999896,1001510,1.843321705,1.840351070
7,1843331,1000052,1000052,1000052,1001197,1.843235152,1.841127171
7,1843603,1000208,1000208,1000209,1001355,1.843217767,1.841108298
7,1837208,1000208,1000208,996094,1001458,1.844412274,1.834533251
7,1843294,1000052,1000052,1000052,1001458,1.843198154,1.840610390
7,1844075,1000521,1000521,1000469,1001615,1.843210534,1.841101621
7,1843694,1000260,1000260,1000260,1001406,1.843214764,1.841105406
7,1825765,1000365,1000365,977760,1001562,1.867293610,1.822917603
7,1844160,1000520,1000520,1000521,1001979,1.843199693,1.840517616
7,1843401,1000104,1000104,1000104,1001250,1.843209306,1.841099625
7,1843769,1000312,1000312,1000261,1001407,1.843287902,1.841178462
7,1834745,1000469,1000469,988073,1001718,1.856892153,1.831598314
7,1843823,1000312,1000312,1000313,1001562,1.843246064,1.840947440
7,1843279,1000052,1000052,1000000,1001458,1.843279000,1.840595412
7,1844195,1000520,1000520,1000521,1001667,1.843234675,1.841125843
7,1817158,1000729,1000729,955156,1002396,1.902472476,1.812814496
7,1843901,1000365,1000365,1000365,1001511,1.843228222,1.841119069
7,1843353,1000052,1000052,1000052,1001250,1.843257151,1.841051685
7,1843706,1000312,1000312,1000313,1001458,1.843129101,1.841021790
7,1836933,1000313,1000313,992759,1001771,1.850331249,1.833685543
7,1844026,1000417,1000417,1000417,1001563,1.843257362,1.841148285
7,1843848,1000364,1000364,1000313,1001562,1.843271056,1.840972401
7,1843517,1000157,1000157,1000208,1001354,1.843133628,1.841024253
7,1826402,1000573,1000573,981042,1001771,1.861696033,1.823173160
7,1843450,1000105,1000105,1000104,1001511,1.843258301,1.840668750
7,1843928,1000417,1000417,1000364,1001510,1.843257054,1.841147867
7,1843202,1000000,1000000,1000000,1001146,1.843202000,1.841092108
7,1833162,1000260,1000260,990000,1001458,1.851678788,1.830493141
7,1843950,1000365,1000365,1000417,1001563,1.843181393,1.841072404
7,1843161,1000000,1000000,999948,1001093,1.843256849,1.841148625
7,1843246,1000000,1000000,1000000,1001459,1.843246000,1.840560622
7,1820480,1000573,1000573,961562,1002032,1.893252853,1.816788286
7,1844014,1000468,1000468,1000365,1001563,1.843341180,1.841136304
7,1843399,1000156,1000156,1000105,1001302,1.843205463,1.841002015
7,1843259,1000000,1000000,1000053,1001041,1.843161312,1.841342163
7,1837680,1000416,1000416,996510,1001563,1.844115965,1.834812189
7,1844033,1000469,1000469,1000468,1001458,1.843170396,1.841348314
7,1843139,999948,999948,999948,1001042,1.843234848,1.841220448
7,1843659,1000260,1000260,1000261,1001303,1.843177931,1.841259838
7,1827862,1000260,1000260,985469,1001615,1.854814307,1.824914763
7,1844005,1000417,1000417,1000416,1001458,1.843238213,1.841320355
7,1843619,1000209,1000209,1000208,1001302,1.843235607,1.841221729
7,1843697,1000313,1000313,1000260,1001302,1.843217763,1.841299628
7,1839129,1000365,1000365,997188,1001563,1.844315214,1.836258927
7,1843479,1000156,1000156,1000157,1001197,1.843189619,1.841274994
7,1843616,1000261,1000261,1000260,1001250,1.843136784,1.841314357
7,1843675,1000261,1000261,1000260,1001302,1.843195769,1.841277656
7,1782491,1000781,1000781,933333,1002187,1.909812468,1.778601199
7,1843961,1000417,1000417,1000364,1001614,1.843290042,1.840989643
7,1843256,1000052,1000052,1000052,1001146,1.843160156,1.841146047
7,1843711,1000261,1000261,1000260,1001354,1.843231760,1.841217991
7,1833700,1000468,1000468,988074,1001823,1.855832660,1.830363248
7,1843459,1000104,1000104,1000105,1001562,1.843265457,1.840584008
7,1843621,1000209,1000209,1000208,1001615,1.843237607,1.840648353
7,1843275,1000052,1000052,1000000,1001146,1.843275000,1.841165025
7,1826287,1000416,1000416,975052,1001562,1.873014978,1.823438789
7,1843263,1000052,1000052,1000000,1001458,1.843263000,1.840579435
7,1843973,1000416,1000416,1000417,1001563,1.843204384,1.841095368
7,1843950,1000417,1000417,1000364,1001510,1.843279046,1.841169834
7,1838465,1000365,1000365,996615,1001823,1.844709341,1.835119577
7,1843498,1000209,1000209,1000156,1001302,1.843210459,1.841100887
7,1843637,1000209,1000209,1000208,1001354,1.843253603,1.841144091
7,1844182,1000521,1000521,1000521,1001615,1.843221682,1.841208448
7,1822347,1000312,1000312,965989,1001875,1.886509060,1.818936494
7,1843983,1000417,1000417,1000364,1001614,1.843312034,1.841011607
