cpu,cycles,enabled_ns,running_ns,thread_ns,wall_ns,cycles_per_thread_ns,cycles_per_wall_ns
7,1832622,998698,998698,984896,1001927,1.860726412,1.829097329
7,1843435,1000156,1000156,999792,1001459,1.843818514,1.840749347
7,1843603,1000208,1000208,1000104,1001355,1.843411285,1.841108298
7,1844011,1000469,1000469,1000468,1001562,1.843148407,1.841135147
7,1820307,1000104,1000104,951408,1001563,1.913276954,1.817466300
7,1843912,1000365,1000365,1000313,1001510,1.843335036,1.841131891
7,1843694,1000313,1000313,1000208,1001146,1.843310591,1.841583545
7,1843137,999948,999948,999948,1000833,1.843232848,1.841602945
7,1837348,1000469,1000469,996980,1001407,1.842913599,1.834766484
7,1843741,1000312,1000312,1000261,1001145,1.843259909,1.841632331
7,1843402,1000104,1000104,1000104,1001042,1.843210306,1.841483175
7,1843777,1000312,1000312,1000313,1001197,1.843200078,1.841572638
7,1830896,1000417,1000417,987448,1001823,1.854169536,1.827564350
7,1843196,1000000,1000000,1000000,1001198,1.843196000,1.840990493
7,1843093,999948,999948,999948,1001146,1.843188846,1.840983233
7,1843111,999948,999948,999948,1001250,1.843206847,1.840809988
7,1836760,1000625,1000625,996197,1001823,1.843771864,1.833417680
7,1843629,1000261,1000261,1000208,1001354,1.843245605,1.841136102
7,1843294,1000053,1000053,1000052,1001146,1.843198154,1.841184003
7,1843361,1000104,1000104,1000104,1001198,1.843169310,1.841155296
7,1823254,1000469,1000469,969219,1002083,1.881157922,1.819464056
7,1843474,1000105,1000105,1000156,1001354,1.843186463,1.840981311
7,1843968,1000416,1000416,1000365,1001511,1.843295197,1.841185968
7,1843512,1000157,1000157,1000208,1001302,1.843128629,1.841114868
7,1839066,1000417,1000417,995469,1001614,1.847436736,1.836102531
7,1843446,1000104,1000104,1000156,1001198,1.843158467,1.841240194
7,1843309,1000052,1000052,1000052,1001458,1.843213153,1.840625368
7,1843756,1000313,1000313,1000260,1001406,1.843276748,1.841167319
7,1829534,1000313,1000313,982917,1001771,1.861331120,1.826299623
7,1843864,1000365,1000365,1000364,1001510,1.843193078,1.841083963
7,1843418,1000104,1000104,1000052,1001250,1.843322147,1.841116604
7,1843369,1000104,1000104,1000156,1001250,1.843081479,1.841067665
7,1838712,1000104,1000104,994635,1001355,1.848629899,1.836223917
7,1843829,1000313,1000313,1000312,1001458,1.843253905,1.841144611
7,1843696,1000261,1000261,1000312,1001406,1.843120946,1.841107403
7,1843599,1000260,1000260,1000209,1001354,1.843213768,1.841106142
7,1825699,1000260,1000260,977865,1001823,1.867025612,1.822376807
7,1843427,1000156,1000156,1000104,1001302,1.843235304,1.841029979
7,1843548,1000156,1000156,1000156,1001355,1.843260451,1.841053373
7,1843339,1000104,1000104,1000104,1001146,1.843147313,1.841228952
7,1837136,1000364,1000364,995522,1001563,1.845399700,1.834269037
7,1843996,1000469,1000469,1000417,1001562,1.843227374,1.841120170
7,1843316,1000052,1000052,1000052,1001146,1.843220153,1.841205978
7,1843964,1000417,1000417,1000365,1001510,1.843291199,1.841183812
7,1830145,1000416,1000416,978386,1001875,1.870575621,1.826719900
7,1843360,1000104,1000104,1000052,1001250,1.843264150,1.841058677
7,1843970,1000417,1000417,1000416,1001666,1.843203227,1.840903056
7,1844051,1000469,1000469,1000469,1001615,1.843186546,1.841077660
7,1836947,1000261,1000261,995937,1001510,1.844440964,1.834177392
7,1843397,1000104,1000104,1000105,1001198,1.843203464,1.841191253
7,1843665,1000260,1000260,1000209,1001406,1.843279755,1.841076447
7,1843918,1000416,1000416,1000417,1001459,1.843149407,1.841231643
7,1815769,1000260,1000260,964634,1001823,1.882339830,1.812464877
7,1843193,1000000,1000000,999896,1001198,1.843384712,1.840987497
7,1843858,1000313,1000313,1000364,1001510,1.843187080,1.841077972
7,1843665,1000260,1000260,1000209,1001354,1.843279755,1.841172053
7,1835454,1000208,1000208,995729,1001354,1.843326849,1.832972156
7,1843684,1000260,1000260,1000260,1001407,1.843204767,1.841093581
7,1843166,1000000,1000000,1000000,1001093,1.843166000,1.841153619
7,1843320,1000052,1000052,1000052,1001250,1.843224152,1.841018727
7,1792683,1000208,1000208,951928,1001667,1.883212806,1.789699571
7,1843487,1000156,1000156,1000156,1001302,1.843199461,1.841089901
7,1843810,1000468,1000468,1000365,1001614,1.843137255,1.840838886
7,1843701,1000313,1000313,1000260,1001407,1.843221762,1.841110557
7,1837799,1000521,1000521,994636,1001980,1.847710117,1.834167349
7,1843425,1000104,1000104,1000052,1001250,1.843329147,1.841123596
7,1844002,1000469,1000469,1000416,1001562,1.843235214,1.841126161
7,1844164,1000521,1000521,1000521,1001667,1.843203691,1.841094895
7,1828680,999948,999948,965677,1001250,1.893676664,1.826397004
7,1843635,1000260,1000260,1000208,1001146,1.843251604,1.841524613
7,1843266,1000052,1000052,1000000,1000886,1.843266000,1.841634312
7,1843258,1000000,1000000,1000000,1000885,1.843258000,1.841628159
7,1838176,1000209,1000209,995677,1001146,1.846156936,1.836071862
7,1844052,1000417,1000417,1000469,1001354,1.843187545,1.841558530
7,1844079,1000469,1000469,1000417,1001302,1.843310340,1.841681131
7,1843493,1000157,1000157,1000156,1001094,1.843205460,1.841478423
7,1829681,1000625,1000625,983751,1001667,1.859902557,1.826635998
7,1843256,1000052,1000052,1000052,1000937,1.843160156,1.841530486
7,1843361,1000053,1000053,1000104,1000937,1.843169310,1.841635388
7,1843388,1000104,1000104,1000053,1000990,1.843290306,1.841564851
7,1839697,1000209,1000209,997552,1001198,1.844211630,1.837495680
7,1843540,1000157,1000157,1000208,1001094,1.843156623,1.841525371
7,1843658,1000260,1000260,1000260,1001093,1.843178774,1.841645082
7,1843564,1000156,1000156,1000208,1001094,1.843180618,1.841549345
7,1819400,1000677,1000677,967656,1002031,1.880213630,1.815712288
7,1843684,1000312,1000312,1000261,1001458,1.843202924,1.840999822
7,1843202,1000052,1000052,1000000,1001146,1.843202000,1.841092108
7,1844146,1000521,1000521,1000469,1001614,1.843281501,1.841174345
7,1837547,1000365,1000365,995885,1001563,1.845139750,1.834679396
7,1844025,1000416,1000416,1000417,1001823,1.843256362,1.840669460
7,1843995,1000417,1000417,1000417,1001510,1.843226375,1.841214766
7,1843692,1000260,1000260,1000261,1001354,1.843210922,1.841199017
7,1829391,1000573,1000573,984375,1002031,1.858428952,1.825683038
7,1844091,1000469,1000469,1000469,1001562,1.843226527,1.841215022
7,1844096,1000468,1000468,1000469,1001562,1.843231524,1.841220014
7,1843598,1000208,1000208,1000260,1001302,1.843118789,1.841200757
7,1837090,1000260,1000260,996146,1001406,1.844197537,1.834510678
7,1843315,1000105,1000105,1000052,1001250,1.843219153,1.841013733
7,1843495,1000157,1000157,1000156,1001250,1.843207460,1.841193508
7,1843386,1000104,1000104,1000104,1001355,1.843194308,1.840891592
7,1812210,1000261,1000261,954063,1001771,1.899465759,1.809006250
7,1843263,1000000,1000000,999948,1001146,1.843358855,1.841153039
7,1843485,1000157,1000157,1000208,1001302,1.843101635,1.841087904
7,1851103,1007865,1007865,1003021,1009114,1.845527661,1.834384420
7,1843319,1000052,1000052,1000052,1001146,1.843223152,1.841208975
7,1844243,1000573,1000573,1000572,1001667,1.843188696,1.841173763
7,1843487,1000157,1000157,1000156,1001250,1.843199461,1.841185518
7,1833287,1000417,1000417,989011,1001614,1.853656835,1.830332843
7,1836783,1000573,1000573,991769,1002031,1.852027035,1.833060055
7,1843329,1000052,1000052,1000052,1001198,1.843233152,1.841123334
7,1843573,1000208,1000208,1000209,1001614,1.843187774,1.840602268
7,1838250,1000365,1000365,995833,1001563,1.845942040,1.835381299
7,1843267,1000052,1000052,1000053,1001198,1.843169312,1.841061408
7,1843496,1000156,1000156,1000209,1001250,1.843110790,1.841194507
7,1843666,1000260,1000260,1000209,1001354,1.843280754,1.841173052
7,1828478,1000468,1000468,971302,1001667,1.882502044,1.825435000
7,1836604,1000521,1000521,998177,1001979,1.839958244,1.832976539
7,1843825,1000312,1000312,1000261,1001770,1.843343887,1.840567196
7,1843112,999948,999948,999948,1001094,1.843207847,1.841097839
7,1836471,1000000,1000000,996145,1001250,1.843577993,1.834178277
7,1843635,1000260,1000260,1000208,1001667,1.843251604,1.840566775
7,1843454,1000156,1000156,1000156,1001250,1.843166466,1.841152559
7,1843399,1000105,1000105,1000104,1001198,1.843207306,1.841193250
7,1835622,1000053,1000053,990364,1001250,1.853482154,1.833330337
7,1836349,1000573,1000573,991719,1002188,1.851682785,1.832339840
7,1843787,1000313,1000313,1000312,1001459,1.843211918,1.841100834
7,1843408,1000104,1000104,1000104,1001250,1.843216306,1.841106617
7,1838596,1000312,1000312,995781,1001562,1.846385902,1.835728592
7,1844090,1000469,1000469,1000469,1001615,1.843225527,1.841116597
7,1843806,1000312,1000312,1000313,1001406,1.843229069,1.841217249
7,1843369,1000104,1000104,1000104,1001511,1.843177310,1.840587872
7,1834626,1000730,1000730,977968,1001979,1.875957087,1.831002446
7,1834917,1000417,1000417,992083,1001979,1.849559966,1.831292871
7,1843954,1000417,1000417,1000364,1001511,1.843283045,1.841171989
7,1843432,1000156,1000156,1000156,1001250,1.843144469,1.841130587
7,1836359,1000313,1000313,995885,1001459,1.843946841,1.833683656
7,1843999,1000416,1000416,1000469,1001562,1.843134570,1.841123166
7,1843443,1000156,1000156,1000156,1001250,1.843155468,1.841141573
7,1843448,1000156,1000156,1000104,1001250,1.843256301,1.841146567
7,1830663,1003802,1003802,978177,1005104,1.871504850,1.821366744
7,1843980,1000417,1000417,1000417,1001770,1.843211381,1.840721922
7,1843803,1000365,1000365,1000313,1001406,1.843226070,1.841214253
7,1843527,1000156,1000156,1000209,1001302,1.843141783,1.841129849
7,1836026,1000364,1000364,990677,1001614,1.853304357,1.833067429
7,1844059,1000469,1000469,1000469,1001719,1.843194542,1.840894502
7,1843844,1000312,1000312,1000312,1001458,1.843268900,1.841159589
7,1843740,1000261,1000261,1000312,1001459,1.843164933,1.841053902
7,1803597,999948,999948,946303,1001302,1.905940275,1.801251770
7,1843268,1000052,1000052,1000052,1001458,1.843172155,1.840584428
7,1843609,1000208,1000208,1000208,1001354,1.843225609,1.841116129
7,1843452,1000104,1000104,1000104,1001250,1.843260301,1.841150562
7,1836379,1000625,1000625,996823,1001771,1.842231770,1.833132522
7,1844080,1000469,1000469,1000520,1001563,1.843121577,1.841202201
7,1844115,1000468,1000468,1000469,1001614,1.843250516,1.841143395
7,1843589,1000208,1000208,1000156,1001302,1.843301445,1.841191768
7,1785907,1000260,1000260,946406,1001563,1.887041080,1.783119983
7,1844197,1000573,1000573,1000521,1001928,1.843236674,1.840648230
7,1843920,1000365,1000365,1000416,1001510,1.843153248,1.841139879
7,1844013,1000417,1000417,1000417,1001563,1.843244367,1.841135306
7,1838538,1000260,1000260,995678,1001458,1.846518654,1.835861314
7,1843310,1000052,1000052,1000000,1001198,1.843310000,1.841104357
7,1844212,1000573,1000573,1000573,1001979,1.843155872,1.840569513
7,1843628,1000209,1000209,1000208,1001354,1.843244605,1.841135103
7,1814763,1000365,1000365,964584,1001563,1.881394466,1.811930952
7,1809947,989478,989478,972969,1001875,1.860230901,1.806559701
7,1843991,1000417,1000417,1000468,1001511,1.843128416,1.841208933
7,1843273,1000053,1000053,1000052,1001250,1.843177155,1.840971785
7,1837444,1000573,1000573,996666,1001615,1.843590531,1.834481313
7,1843685,1000260,1000260,1000208,1001302,1.843301593,1.841287643
7,1843636,1000260,1000260,1000261,1001250,1.843154937,1.841334332
7,1843842,1000364,1000364,1000313,1001406,1.843265058,1.841253198
7,1827601,1000520,1000520,983125,1001927,1.858971138,1.824085986
7,1838405,997396,997396,997396,1001197,1.843204705,1.836207060
7,1843962,1000417,1000417,1000417,1001250,1.843193388,1.841659925
7,1843334,1000105,1000105,1000052,1000937,1.843238152,1.841608413
7,1836876,1000156,1000156,997448,1001094,1.841575701,1.834868654
7,1843746,1000260,1000260,1000313,1001198,1.843169088,1.841539835
7,1843671,1000261,1000261,1000260,1001146,1.843191770,1.841560572
7,1843897,1000416,1000416,1000313,1001250,1.843320041,1.841595006
7,1832483,1000782,1000782,977708,1001927,1.874264095,1.828958597
7,1843463,1000156,1000156,1000105,1001302,1.843269457,1.841065932
7,1843714,1000312,1000312,1000260,1001562,1.843234759,1.840838610
7,1843919,1000417,1000417,1000365,1001407,1.843246215,1.841328251
7,1838624,1000573,1000573,996667,1001719,1.844772627,1.835468829
7,1844092,1000469,1000469,1000521,1001511,1.843131728,1.841309781
7,1843571,1000157,1000157,1000208,1001198,1.843187617,1.841365045
7,1843745,1000260,1000260,1000261,1001302,1.843263908,1.841347565
7,1829076,1000312,1000312,982813,1001666,1.861062074,1.826033828
7,1843633,1000260,1000260,1000261,1001303,1.843151937,1.841233872
7,1843893,1000365,1000365,1000365,1001459,1.843220225,1.841206679
7,1843218,1000000,1000000,1000000,1001042,1.843218000,1.841299366
7,1837264,1000000,1000000,992500,1001354,1.851147607,1.834779708
7,1844149,1000521,1000521,1000520,1001510,1.843190541,1.841368534
7,1843239,1000000,1000000,1000000,1001094,1.843239000,1.841224700
7,1844048,1000469,1000469,1000469,1001458,1.843183547,1.841363292
7,1826020,1000521,1000521,965573,1002187,1.891125787,1.822035209
7,1844132,1000469,1000469,1000468,1001770,1.843269350,1.840873654
7,1843908,1000416,1000416,1000365,1001510,1.843235219,1.841127897
7,1843887,1000365,1000365,1000416,1001510,1.843120262,1.841106929
7,1834956,1000209,1000209,995052,1001459,1.844080510,1.832282700
7,1843950,1000416,1000416,1000417,1001510,1.843181393,1.841169834
7,1843661,1000261,1000261,1000208,1001406,1.843277598,1.841072452
7,1843093,999948,999948,999948,1001406,1.843188846,1.840505250
7,1826480,1000312,1000312,981042,1001823,1.861775541,1.823156386
7,1844041,1000469,1000469,1000417,1001615,1.843272355,1.841067676
7,1843303,1000052,1000052,1000000,1001198,1.843303000,1.841097365
7,1843201,1000000,1000000,1000000,1001146,1.843201000,1.841091110
7,1838346,1000208,1000208,995626,1001354,1.846422251,1.835860245
7,1844167,1000521,1000521,1000521,1001614,1.843206689,1.841195311
7,1843695,1000261,1000261,1000260,1001354,1.843215764,1.841202012
7,1843544,1000156,1000156,1000156,1001302,1.843256452,1.841146827
7,1824548,1000157,1000157,971302,1001511,1.878455928,1.821795267
7,1843229,1000000,1000000,1000000,1001458,1.843229000,1.840545485
7,1843471,1000156,1000156,1000157,1001303,1.843181620,1.841072083
7,1843413,1000104,1000104,1000105,1001250,1.843219462,1.841111610
7,1836241,1000312,1000312,992813,1001511,1.849533598,1.833470626
7,1843837,1000313,1000313,1000312,1001510,1.843261902,1.841057004
7,1844052,1000469,1000469,1000469,1001563,1.843187545,1.841174245
7,1843410,1000104,1000104,1000104,1001250,1.843218305,1.841108614
7,1829178,1000312,1000312,985052,1001562,1.856935471,1.826325280
7,1843112,999948,999948,1000000,1001407,1.843112000,1.840522385
7,1844045,1000469,1000469,1000468,1001562,1.843182391,1.841169094
7,1843929,1000365,1000365,1000417,1001823,1.843160402,1.840573634
7,1838854,1000469,1000469,995156,1001615,1.847804766,1.835889039
7,1843881,1000364,1000364,1000365,1001510,1.843208229,1.841100938
7,1843588,1000208,1000208,1000208,1001302,1.843204613,1.841190770
7,1843198,1000000,1000000,1000000,1001146,1.843198000,1.841088113
7,1824833,1000625,1000625,971509,1001928,1.878349043,1.821321492
7,1843645,1000260,1000260,1000209,1001459,1.843259759,1.840959041
7,1843847,1000365,1000365,1000417,1001511,1.843078436,1.841065151
7,1843155,999948,999948,1000000,1001145,1.843155000,1.841047001
7,1837120,1000260,1000260,996928,1001511,1.842781023,1.834348300
7,1843964,1000417,1000417,1000469,1001563,1.843099586,1.841086382
7,1843272,1000053,1000053,1000000,1001094,1.843272000,1.841257664
7,1843875,1000365,1000365,1000312,1001458,1.843299890,1.841190544
7,1828426,1000209,1000209,989322,1001459,1.848160660,1.825762213
7,1844375,1000573,1000573,1000573,1001666,1.843318778,1.841307382
7,1843969,1000416,1000416,1000365,1001511,1.843296197,1.841186966
7,1844139,1000521,1000521,1000520,1001614,1.843180546,1.841167356
7,1836940,1000209,1000209,996563,1001407,1.843275337,1.834359057
7,1843719,1000312,1000312,1000260,1001406,1.843239758,1.841130371
7,1843678,1000209,1000209,1000260,1001354,1.843198768,1.841185035
7,1843237,1000000,1000000,1000000,1001094,1.843237000,1.841222702
7,1826235,1000208,1000208,964844,1001458,1.892777485,1.823576226
7,1843334,1000053,1000053,1000052,1001250,1.843238152,1.841032709
7,1843907,1000417,1000417,1000416,1001615,1.843140254,1.840933892
7,1843284,1000052,1000052,1000052,1001250,1.843188154,1.840982772
7,1836716,1000105,1000105,996302,1001250,1.843533386,1.834422971
7,1843855,1000365,1000365,1000365,1001406,1.843182238,1.841266180
7,1843718,1000313,1000313,1000260,1001354,1.843238758,1.841224981
7,1843693,1000261,1000261,1000208,1001302,1.843309592,1.841295633
7,1829641,1000312,1000312,981823,1001511,1.863514096,1.826880583
7,1843265,1000052,1000052,1000000,1000937,1.843265000,1.841539478
7,1843551,1000156,1000156,1000208,1001094,1.843167621,1.841536359
7,1843811,1000312,1000312,1000313,1001355,1.843234068,1.841316017
7,1838831,1000208,1000208,996927,1001250,1.844499146,1.836535331
7,1843175,999947,999947,1000000,1000938,1.843175000,1.841447722
7,1843926,1000417,1000417,1000365,1001302,1.843253213,1.841528330
7,1843546,1000156,1000156,1000157,1001041,1.843256609,1.841628864
7,1807437,1000313,1000313,957033,1001407,1.888583779,1.804897509
7,1843500,1000157,1000157,1000156,1001146,1.843212459,1.841389767
7,1844042,1000468,1000468,1000469,1001302,1.843177550,1.841644179
7,1843595,1000208,1000208,1000209,1001093,1.843209769,1.841582151
7,1839864,1000313,1000313,997707,1001302,1.844092504,1.837471612
7,1843236,1000000,1000000,1000000,1000938,1.843236000,1.841508665
7,1843690,1000260,1000260,1000209,1001146,1.843304749,1.841579550
7,1843605,1000261,1000261,1000208,1001146,1.843221610,1.841494647
7,1832951,1000417,1000417,988958,1001615,1.853416424,1.829995557
7,1843190,1000000,1000000,999948,1001094,1.843285851,1.841175754
7,1844043,1000469,1000469,1000468,1001718,1.843180392,1.840880368
7,1843269,1000000,1000000,1000052,1001042,1.843173155,1.841350313
7,1838820,1000312,1000312,996875,1001614,1.844584326,1.835856927
7,1843584,1000209,1000209,1000208,1001198,1.843200614,1.841378029
7,1843950,1000417,1000417,1000416,1001406,1.843183236,1.841361046
7,1843868,1000365,1000365,1000364,1001562,1.843197076,1.840992370
7,1759770,1000469,1000469,905885,1002083,1.942597570,1.756112019
7,1843457,1000104,1000104,1000104,1001303,1.843265300,1.841058101
7,1843907,1000364,1000364,1000365,1001511,1.843234220,1.841125060
7,1843361,1000104,1000104,1000156,1001406,1.843073481,1.840772873
7,1837416,1000573,1000573,995157,1001719,1.846357911,1.834262902
7,1843340,1000104,1000104,1000104,1001198,1.843148313,1.841134321
7,1844158,1000521,1000521,1000469,1001615,1.843293495,1.841184487
7,1843856,1000313,1000313,1000364,1001510,1.843185081,1.841075975
7,1829395,1000365,1000365,982084,1001823,1.862768358,1.826066082
7,1843132,999948,999948,999948,1001458,1.843227848,1.840448626
7,1843406,1000104,1000104,1000156,1001302,1.843118474,1.841009006
7,1843690,1000260,1000260,1000416,1001823,1.842923344,1.840335069
7,1837596,1000156,1000156,985938,1001303,1.863804823,1.835204728
7,1843400,1000104,1000104,1000104,1001198,1.843208306,1.841194249
7,1843149,1000000,1000000,1000000,1001093,1.843149000,1.841136638
7,1843924,1000364,1000364,1000417,1001563,1.843155404,1.841046444
7,1828705,1000417,1000417,965885,1001718,1.893294750,1.825568673
7,1843985,1000416,1000416,1000365,1001615,1.843312191,1.841011766
7,1843640,1000260,1000260,1000261,1001406,1.843158936,1.841051482
7,1843476,1000156,1000156,1000105,1001250,1.843282455,1.841174532
7,1836188,1000156,1000156,983959,1001459,1.866122471,1.833512905
7,1843444,1000105,1000105,1000104,1001302,1.843252302,1.841046957
7,1843355,1000105,1000105,1000104,1001250,1.843163311,1.841053683
7,1844016,1000469,1000469,1000417,1001562,1.843247366,1.841140139
7,1828951,1000468,1000468,976720,1001667,1.872543820,1.825907213
7,1843918,1000416,1000416,1000417,1001615,1.843149407,1.840944874
7,1843171,999948,999948,1000000,1001145,1.843171000,1.841062983
7,1843242,1000000,1000000,1000000,1001094,1.843242000,1.841227697
7,1836970,1000416,1000416,995677,1001563,1.844945700,1.834103297
7,1843706,1000261,1000261,1000260,1001354,1.843226761,1.841212998
7,1843667,1000261,1000261,1000260,1001354,1.843187771,1.841174050
7,1843302,1000052,1000052,1000052,1001094,1.843206153,1.841287631
7,1824615,1000469,1000469,967135,1001823,1.886618724,1.821294780
7,1843845,1000364,1000364,1000313,1001563,1.843268057,1.840967568
7,1843851,1000365,1000365,1000312,1001458,1.843275898,1.841166579
7,1843545,1000209,1000209,1000208,1001302,1.843161622,1.841147826
7,1836097,1000313,1000313,995885,1001771,1.843683759,1.832851021
7,1844080,1000469,1000469,1000469,1001563,1.843215532,1.841202201
7,1843428,1000104,1000104,1000104,1001250,1.843236303,1.841126592
7,1843648,1000209,1000209,1000260,1001354,1.843168776,1.841155076
7,1825104,1000417,1000417,977136,1001666,1.867809599,1.822068434
7,1844098,1000521,1000521,1000521,1001666,1.843137725,1.841030843
7,1843620,1000208,1000208,1000208,1001355,1.843236607,1.841125275
7,1843178,1000000,1000000,1000052,1001145,1.843082160,1.841069975
7,1837823,1000469,1000469,996093,1001771,1.845031538,1.834573970
7,1844182,1000521,1000521,1000521,1001615,1.843221682,1.841208448
7,1844023,1000469,1000469,1000417,1001562,1.843254363,1.841147128
7,1843956,1000416,1000416,1000417,1001511,1.843187391,1.841173986
7,1822424,1000625,1000625,962449,1001980,1.893527865,1.818822731
7,1843193,1000000,1000000,999948,1001250,1.843288851,1.840891885
7,1843299,1000052,1000052,1000104,1001197,1.843107317,1.841095209
7,1844205,1000573,1000573,1000521,1001666,1.843244670,1.841137665
7,1835909,1000052,1000052,995573,1001302,1.844072710,1.833521755
7,1843859,1000365,1000365,1000364,1001511,1.843188080,1.841077132
7,1843567,1000209,1000209,1000156,1001302,1.843279448,1.841169797
7,1843308,1000052,1000052,1000052,1001197,1.843212153,1.841104198
7,1827783,1000156,1000156,983646,1001354,1.858171537,1.825311528
7,1843906,1000417,1000417,1000364,1001510,1.843235062,1.841125900
7,1843572,1000208,1000208,1000209,1001302,1.843186774,1.841174790
7,1843811,1000312,1000312,1000365,1001458,1.843138255,1.841126637
7,1837343,1000313,1000313,995780,1001511,1.845129446,1.834570963
7,1843540,1000156,1000156,1000156,1001354,1.843252453,1.841047222
7,1843584,1000208,1000208,1000209,1001354,1.843198771,1.841091163
7,1843620,1000260,1000260,1000209,1001354,1.843234764,1.841127114
7,1825014,1000416,1000416,969740,1001979,1.881962175,1.821409431
7,1843225,1000052,1000052,1000000,1001511,1.843225000,1.840444089
7,1844152,1000521,1000521,1000469,1001667,1.843287498,1.841082915
7,1844122,1000469,1000469,1000521,1001614,1.843161713,1.841150383
7,1835233,1000416,1000416,991459,1001615,1.851042756,1.832273878
7,1843793,1000312,1000312,1000313,1001510,1.843216073,1.841013070
7,1843109,999948,999948,999948,1001250,1.843204847,1.840807990
7,1843891,1000364,1000364,1000365,1001510,1.843218225,1.841110923
7,1829941,1000729,1000729,982240,1002188,1.863028384,1.825945831
7,1843429,1000104,1000104,1000104,1001302,1.843237303,1.841031976
7,1843751,1000312,1000312,1000365,1001459,1.843078276,1.841064886
7,1843191,1000000,1000000,1000000,1001093,1.843191000,1.841178592
7,1835950,1000573,1000573,995936,1001771,1.843441747,1.832704281
7,1843528,1000208,1000208,1000156,1001354,1.843240454,1.841035238
7,1843351,1000104,1000104,1000104,1001250,1.843159311,1.841049688
7,1843377,1000104,1000104,1000052,1001250,1.843281149,1.841075655
7,1799541,1000312,1000312,947915,1001719,1.898420217,1.796452897
7,1843934,1000416,1000416,1000417,1001927,1.843165400,1.840387573
7,1843479,1000157,1000157,1000156,1001302,1.843191462,1.841081911
7,1843871,1000365,1000365,1000365,1001510,1.843198233,1.841090953
7,1836630,1000104,1000104,992189,1001406,1.851088855,1.834051324
7,1843154,999948,999948,999948,1001094,1.843249849,1.841139793
7,1843738,1000312,1000312,1000312,1001407,1.843162933,1.841147505
7,1843711,1000313,1000313,1000260,1001459,1.843231760,1.841024945
7,1828312,1000729,1000729,982551,1002187,1.860780764,1.824322207
7,1843870,1000364,1000364,1000313,1001510,1.843293049,1.841089954
7,1843559,1000156,1000156,1000157,1001510,1.843269607,1.840779423
7,1843642,1000260,1000260,1000208,1001354,1.843258602,1.841149084
7,1836688,1000000,1000000,996459,1001198,1.843214824,1.834490281
7,1843889,1000364,1000364,1000365,1001407,1.843216226,1.841298293
7,1843441,1000156,1000156,1000156,1001146,1.843153468,1.841330835
7,1843817,1000364,1000364,1000313,1001354,1.843240066,1.841323848
7,1796228,1000625,1000625,948854,1001875,1.893049932,1.792866376
7,1843285,1000052,1000052,1000052,1001458,1.843189154,1.840601403
7,1843846,1000365,1000365,1000364,1001406,1.843175084,1.841257192
7,1843503,1000156,1000156,1000104,1001198,1.843311296,1.841297126
7,1837404,1000053,1000053,996302,1001250,1.844223940,1.835110112
7,1844020,1000468,1000468,1000417,1001510,1.843251364,1.841239728
7,1843122,999948,999948,999948,1001094,1.843217847,1.841107828
7,1843981,1000469,1000469,1000469,1001511,1.843116578,1.841198948
7,1813937,1000677,1000677,965729,1002240,1.878308511,1.809882862
7,1843187,999948,999948,1000000,1001198,1.843187000,1.840981504
7,1843743,1000261,1000261,1000260,1001407,1.843263751,1.841152498
7,1843974,1000469,1000469,1000417,1001562,1.843205383,1.841098205
7,1835945,1000052,1000052,995886,1001250,1.843529279,1.833652934
7,1843531,1000208,1000208,1000208,1001250,1.843147625,1.841229463
7,1843247,1000000,1000000,1000053,1001458,1.843149313,1.840563458
7,1843780,1000313,1000313,1000312,1001459,1.843204920,1.841093844
7,1823914,1000105,1000105,960781,1001458,1.898366017,1.821258605
7,1843361,1000104,1000104,1000052,1001041,1.843265150,1.841444057
7,1844180,1000521,1000521,1000521,1001563,1.843219683,1.841302045
7,1844076,1000469,1000469,1000469,1001406,1.843211534,1.841486869
7,1835639,1000156,1000156,997291,1001198,1.840625254,1.833442536
7,1843377,1000104,1000104,1000104,1000990,1.843185309,1.841553862
7,1843900,1000364,1000364,1000365,1001250,1.843227222,1.841598002
7,1844189,1000521,1000521,1000573,1001407,1.843132885,1.841597872
7,1830134,1000417,1000417,983020,1001511,1.861746455,1.827372840
7,1843483,1000156,1000156,1000104,1001146,1.843291298,1.841372787
7,1843633,1000208,1000208,1000209,1001250,1.843247761,1.841331336
7,1843677,1000261,1000261,1000260,1001250,1.843197769,1.841375281
7,1834652,1000417,1000417,996355,1001666,1.841363771,1.831600553
7,1843528,1000156,1000156,1000209,1001198,1.843142783,1.841322096
7,1843895,1000364,1000364,1000313,1001406,1.843318041,1.841306124
7,1844138,1000469,1000469,1000521,1001510,1.843177704,1.841357550
7,1779566,1000313,1000313,930626,1001719,1.912224675,1.776512176
7,1844074,1000469,1000469,1000416,1001979,1.843307184,1.840431785
7,1844054,1000468,1000468,1000417,1001614,1.843285350,1.841082493
7,1844055,1000469,1000469,1000468,1001615,1.843192386,1.841081653
7,1837887,1000157,1000157,995989,1001354,1.845288452,1.835401866
7,1843690,1000312,1000312,1000261,1001354,1.843208922,1.841197019
7,1843595,1000208,1000208,1000209,1001354,1.843209769,1.841102148
7,1843926,1000364,1000364,1000365,1001510,1.843253213,1.841145870
7,1828897,1000417,1000417,980104,1001927,1.866023402,1.825379494
7,1843478,1000104,1000104,1000156,1001354,1.843190462,1.840985306
7,1843196,1000000,1000000,1000000,1001146,1.843196000,1.841086115
7,1843621,1000261,1000261,1000260,1001354,1.843141783,1.841128113
7,1837249,1000468,1000468,996407,1001666,1.843874039,1.834193234
7,1843318,1000053,1000053,1000052,1001145,1.843222152,1.841209815
7,1843737,1000261,1000261,1000260,1001459,1.843257753,1.841050907
7,1843681,1000261,1000261,1000260,1001355,1.843201768,1.841186193
7,1759471,1000782,1000782,907657,1002187,1.938475658,1.755631434
7,1843401,1000000,1000000,1000052,1001458,1.843305148,1.840717234
7,1844104,1000468,1000468,1000469,1001666,1.843239521,1.841036833
7,1843450,1000156,1000156,1000104,1001563,1.843258301,1.840573184
7,1834972,1000156,1000156,995470,1001354,1.843322250,1.832490807
7,1843634,1000209,1000209,1000208,1001354,1.843250604,1.841141095
7,1843875,1000365,1000365,1000364,1001459,1.843204074,1.841188706
7,1844101,1000468,1000468,1000469,1001614,1.843236522,1.841129417
7,1829782,1000573,1000573,984530,1002084,1.858533513,1.825976665
7,1843332,1000104,1000104,1000052,1001250,1.843236152,1.841030712
7,1843784,1000313,1000313,1000312,1001459,1.843208919,1.841097838
7,1844180,1002500,1002500,1005104,1014062,1.834815104,1.818606752
7,1843782,1000313,1000313,1000260,1001406,1.843302741,1.841193282
7,1844045,1000417,1000417,1000469,1001511,1.843180548,1.841262852
7,1844115,1000468,1000468,1000469,1001666,1.843250516,1.841047814
7,1855233,1013125,1013125,987969,1014375,1.877825114,1.828941959
7,1837295,1000313,1000313,989166,1001667,1.857418270,1.834237326
7,1843493,1000208,1000208,1000156,1001407,1.843205460,1.840902850
7,1843689,1000260,1000260,1000261,1001406,1.843207923,1.841100413
7,1836010,1000260,1000260,996303,1001458,1.842822916,1.833336995
7,1843604,1000209,1000209,1000208,1001302,1.843220610,1.841206749
7,1843634,1000261,1000261,1000260,1001667,1.843154780,1.840565777
7,1843241,1000000,1000000,1000000,1001094,1.843241000,1.841226698
7,1837241,1000572,1000572,987552,1001770,1.860399250,1.833994829
7,1836706,1000468,1000468,991146,1002031,1.853113467,1.832983211
7,1843582,1000208,1000208,1000157,1001354,1.843292603,1.841089165
7,1843169,1000000,1000000,1000000,1001094,1.843169000,1.841154777
7,1837254,1000365,1000365,995781,1001510,1.845038216,1.834483929
7,1843760,1000313,1000313,1000313,1001406,1.843183084,1.841171313
7,1843876,1000364,1000364,1000365,1001458,1.843203231,1.841191543
7,1843662,1000208,1000208,1000208,1001354,1.843278598,1.841169057
7,1831071,1000365,1000365,980208,1001719,1.868043313,1.827928790
7,1836558,1000469,1000469,994219,1001875,1.847236876,1.833120898
7,1843990,1000469,1000469,1000417,1001563,1.843221377,1.841112341
7,1843360,1000104,1000104,1000052,1001250,1.843264150,1.841058677
7,1837076,1000104,1000104,996303,1001354,1.843892872,1.834591962
7,1843780,1000312,1000312,1000364,1001458,1.843109108,1.841095682
7,1844155,1000521,1000521,1000521,1001563,1.843194696,1.841277084
7,1843477,1000156,1000156,1000157,1001250,1.843187620,1.841175531
7,1849787,1025468,1025468,987395,1026823,1.873401222,1.801466270
7,1843726,1000260,1000260,1000313,1001718,1.843149094,1.840563911
7,1843827,1000364,1000364,1000365,1001458,1.843154249,1.841142614
7,1843934,1000417,1000417,1000416,1001875,1.843167242,1.840483094
7,1837873,1000573,1000573,996980,1001771,1.843440189,1.834623881
7,1843989,1000417,1000417,1000417,1001510,1.843220377,1.841208775
7,1843184,1000000,1000000,1000000,1001094,1.843184000,1.841169760
7,1843245,1000000,1000000,1000000,1001094,1.843245000,1.841230694
7,1820990,1000625,1000625,969375,1001927,1.878519665,1.817487701
7,1843077,999948,999948,1000000,1001458,1.843077000,1.840393706
7,1843928,1000417,1000417,1000417,1001511,1.843159403,1.841146028
7,1843562,1000208,1000208,1000209,1001302,1.843176776,1.841164803
7,1838200,1000625,1000625,992917,1001771,1.851312849,1.834950303
7,1843864,1000364,1000364,1000417,1001718,1.843095429,1.840701675
7,1844081,1000469,1000469,1000469,1001563,1.843216531,1.841203199
7,1843135,1000000,1000000,999948,1001094,1.843230848,1.841120814
7,1825543,1000261,1000261,978073,1001615,1.866469067,1.822599502
7,1843895,1000365,1000365,1000312,1001771,1.843319884,1.840635235
7,1843660,1000260,1000260,1000260,1001354,1.843180773,1.841167060
7,1843367,1000105,1000105,1000104,1001250,1.843175310,1.841065668
7,1835840,1000105,1000105,996354,1001459,1.842557966,1.833165412
7,1843860,1000364,1000364,1000365,1001510,1.843187237,1.841079969
7,1843304,1000052,1000052,1000000,1001198,1.843304000,1.841098364
7,1843584,1000208,1000208,1000209,1001614,1.843198771,1.840613250
7,1828240,1000573,1000573,970157,1001979,1.884478492,1.824629059
7,1844037,1000417,1000417,1000469,1001927,1.843172552,1.840490375
7,1843450,1000156,1000156,1000105,1001250,1.843256458,1.841148564
7,1844135,1000521,1000521,1000520,1001614,1.843176548,1.841163362
7,1837381,1000416,1000416,996355,1001615,1.844102755,1.834418414
7,1843621,1000261,1000261,1000208,1001354,1.843237607,1.841128113
7,1843338,1000052,1000052,1000000,1001198,1.843338000,1.841132323
7,1843425,1000156,1000156,1000156,1001250,1.843137471,1.841123596
7,1823618,1000573,1000573,975624,1001927,1.869181160,1.820110647
7,1844216,1000573,1000573,1000521,1001823,1.843255664,1.840860112
7,1844112,1000521,1000521,1000469,1001927,1.843247517,1.840565231
7,1843335,1000105,1000105,1000052,1001198,1.843239152,1.841129327
7,1836010,1000365,1000365,995834,1001667,1.843690816,1.832954465
7,1843423,1000104,1000104,1000104,1001198,1.843231304,1.841217222
7,1844075,1000469,1000469,1000521,1001614,1.843114737,1.841103459
7,1843288,1000052,1000052,1000052,1001146,1.843192154,1.841178010
7,1825081,1000365,1000365,972657,1001771,1.876387051,1.821854496
7,1843076,999948,999948,999895,1001458,1.843269543,1.840392707
7,1843764,1000312,1000312,1000313,1001458,1.843187082,1.841079706
7,1843933,1000417,1000417,1000364,1001510,1.843262053,1.841152859
7,1837643,1000573,1000573,995157,1001771,1.846586016,1.834394288
7,1843209,1000000,1000000,1000000,1001094,1.843209000,1.841194733
7,1843168,999948,999948,999948,1001093,1.843263850,1.841155617
7,1843242,1000053,1000053,1000156,1001302,1.842954499,1.840845220
7,1826593,1000573,1000573,977708,1001823,1.868239802,1.823269180
7,1843812,1000365,1000365,1000312,1001823,1.843236910,1.840456847
7,1843399,1000105,1000105,1000104,1001198,1.843207306,1.841193250
7,1844098,1000469,1000469,1000469,1001563,1.843233523,1.841220173
7,1835253,1000312,1000312,990105,1001510,1.853594316,1.832485946
7,1843924,1000365,1000365,1000365,1001771,1.843251213,1.840664184
7,1844007,1000417,1000417,1000416,1001562,1.843240212,1.841131153
7,1843479,1000157,1000157,1000156,1001250,1.843191462,1.841177528
7,1723324,1000157,1000157,957342,1046250,1.800113230,1.647143608
7,1843900,1000364,1000364,1000417,1001875,1.843131414,1.840449158
7,1843550,1000209,1000209,1000208,1001302,1.843166621,1.841152819
7,1843957,1000416,1000416,1000417,1001563,1.843188390,1.841079393
7,1834418,1000156,1000156,986042,1001562,1.860385257,1.831557108
7,1844094,1000469,1000469,1000469,1001563,1.843229525,1.841216179
7,1844197,1000521,1000521,1000520,1001614,1.843238516,1.841225262
7,1843537,1000209,1000209,1000156,1001302,1.843249453,1.841139836
7,1813152,1000469,1000469,972031,1001875,1.865323225,1.809758702
7,1843856,1000364,1000364,1000313,1001511,1.843279054,1.841074137
7,1843208,1000052,1000052,1000000,1001146,1.843208000,1.841098102
7,1843762,1000312,1000312,1000313,1001458,1.843185083,1.841077709
7,1836292,1000365,1000365,988176,1001719,1.858264115,1.833140831
7,1843295,1000052,1000052,1000052,1001198,1.843199154,1.841089375
7,1844056,1000469,1000469,1000469,1001562,1.843191543,1.841180077
7,1843229,1000000,1000000,1000000,1001146,1.843229000,1.841119078
7,1820248,1000677,1000677,963646,1002187,1.888917715,1.816275805
7,1843731,1000260,1000260,1000313,1001458,1.843154093,1.841046754
7,1843953,1000417,1000417,1000364,1001823,1.843282045,1.840597591
7,1843962,1000365,1000365,1000416,1001562,1.843195231,1.841086223
7,1836477,1000521,1000521,995937,1001667,1.843969046,1.833420688
7,1844179,1000521,1000521,1000521,1001614,1.843218683,1.841207291
7,1843988,1000468,1000468,1000417,1001563,1.843219378,1.841110345
7,1843511,1000156,1000156,1000156,1001250,1.843223457,1.841209488
7,1793169,1000156,1000156,956822,1001718,1.874088388,1.790093619
7,1843280,1000052,1000052,1000052,1001198,1.843184154,1.841074393
7,1843379,1000104,1000104,1000052,1001198,1.843283149,1.841173274
7,1843140,999948,999948,999896,1001094,1.843331706,1.841125808
7,1838482,1000052,1000052,991666,1001250,1.853932675,1.836186767
7,1843431,1000156,1000156,1000104,1001510,1.843239303,1.840651616
7,1843413,1000157,1000157,1000104,1001250,1.843221305,1.841111610
7,1843883,1000365,1000365,1000364,1001510,1.843212071,1.841102935
7,1826456,1000364,1000364,967136,1001823,1.888520332,1.823132430
7,1843883,1000364,1000364,1000313,1001511,1.843306045,1.841101096
7,1844027,1000417,1000417,1000417,1001614,1.843258361,1.841055536
7,1843273,1000052,1000052,1000052,1001198,1.843177155,1.841067401
7,1838608,1000260,1000260,995730,1001511,1.846492523,1.835834055
7,1843733,1000312,1000312,1000312,1001458,1.843157935,1.841048751
7,1843712,1000313,1000313,1000260,1001406,1.843232759,1.841123381
7,1843359,1000104,1000104,1000052,1001510,1.843263150,1.840579725
7,1799941,1000416,1000416,959219,1001927,1.876465124,1.796479185
7,1843512,1000156,1000156,1000157,1001354,1.843222614,1.841019260
7,1843884,1000365,1000365,1000365,1001510,1.843211228,1.841103933
7,1843164,999948,999948,999948,1001145,1.843259850,1.841055991
7,1835972,1000260,1000260,995364,1001459,1.844523210,1.833297219
7,1844000,1000469,1000469,1000417,1001562,1.843231373,1.841124164
7,1843468,1000156,1000156,1000156,1001302,1.843180464,1.841070926
7,1843476,1000104,1000104,1000104,1001250,1.843284298,1.841174532
7,1824707,1000521,1000521,971562,1002031,1.878116888,1.821008532
7,1843059,999896,999896,999948,1001406,1.843154844,1.840471297
7,1843878,1000365,1000365,1000365,1001510,1.843205230,1.841097942
7,1843468,1000156,1000156,1000209,1001250,1.843082796,1.841166542
7,1837427,1000417,1000417,995781,1001615,1.845211949,1.834464340
7,1843330,1000104,1000104,1000104,1001198,1.843138314,1.841124333
7,1843598,1000209,1000209,1000260,1001302,1.843118789,1.841200757
7,1844118,1000521,1000521,1000469,1001615,1.843253514,1.841144552
7,1826073,1000417,1000417,983176,1001875,1.857320561,1.822655521
7,1843909,1000416,1000416,1000365,1001511,1.843236219,1.841127057
7,1843673,1000260,1000260,1000209,1001406,1.843287753,1.841084435
7,1844063,1000469,1000469,1000468,1001875,1.843200382,1.840611853
7,1837684,1000052,1000052,995313,1001198,1.846337785,1.835485089
7,1843174,999948,999948,999947,1001094,1.843271693,1.841159771
7,1843895,1000364,1000364,1000365,1001511,1.843222224,1.841113078
7,1843353,1000052,1000052,1000104,1001145,1.843161311,1.841244775
7,1799284,1000312,1000312,949428,1001823,1.895124222,1.796009874
7,1843924,1000364,1000364,1000365,1001563,1.843251213,1.841046444
7,1843423,1000104,1000104,1000104,1001250,1.843231304,1.841121598
7,1843493,1000208,1000208,1000156,1001302,1.843205460,1.841095893
7,1834826,1000052,1000052,991614,1001302,1.850342976,1.832440163
7,1844070,1000469,1000469,1000469,1001771,1.843205537,1.840809926
7,1844071,1000469,1000469,1000468,1001614,1.843208378,1.841099465
7,1843822,1000365,1000365,1000313,1001458,1.843245064,1.841137621
7,1827159,1000729,1000729,983125,1001875,1.858521551,1.823739488
7,1843269,1000052,1000052,1000053,1001407,1.843171312,1.840679164
7,1843451,1000156,1000156,1000104,1001250,1.843259301,1.841149563
7,1843419,1000156,1000156,1000104,1001198,1.843227304,1.841213227
7,1837589,1000573,1000573,995730,1001719,1.845469153,1.834435605
7,1843452,1000156,1000156,1000156,1001250,1.843164466,1.841150562
7,1843483,1000157,1000157,1000156,1001250,1.843195462,1.841181523
7,1844027,1000469,1000469,1000417,1001614,1.843258361,1.841055536
7,1825800,1000312,1000312,974167,1001927,1.874216638,1.822288450
7,1843770,1000312,1000312,1000261,1001563,1.843288902,1.840892685
7,1843788,1000312,1000312,1000313,1001458,1.843211075,1.841103671
7,1843989,1000469,1000469,1000416,1001563,1.843222220,1.841111343
7,1836191,1000157,1000157,995156,1001354,1.845128804,1.833708159
7,1843724,1000312,1000312,1000313,1001407,1.843147095,1.841133525
7,1843571,1000208,1000208,1000156,1001250,1.843283448,1.841269413
7,1843354,1000104,1000104,1000052,1001198,1.843258151,1.841148304
7,1829198,1000520,1000520,983646,1002031,1.859610063,1.825490429
7,1844149,1000521,1000521,1000469,1001667,1.843284500,1.841079920
7,1843374,1000052,1000052,1000104,1001511,1.843182309,1.840592864
7,1844089,1000469,1000469,1000469,1001614,1.843224528,1.841117436
7,1835951,1000260,1000260,995573,1001459,1.844114897,1.833276250
7,1843476,1000156,1000156,1000104,1001302,1.843284298,1.841078915
7,1843675,1000261,1000261,1000260,1001354,1.843195769,1.841182040
7,1843380,1000104,1000104,1000104,1001198,1.843188308,1.841174273
7,1827665,1000417,1000417,972447,1001980,1.879449471,1.824053374
7,1843447,1000156,1000156,1000104,1001355,1.843255301,1.840952509
7,1844206,1000573,1000573,1000521,1001979,1.843245669,1.840563525
7,1843778,1000312,1000312,1000313,1001407,1.843201078,1.841187449
7,1838076,1000521,1000521,995936,1001979,1.845576423,1.834445632
7,1843914,1000417,1000417,1000364,1001458,1.843243060,1.841229487
7,1844118,1000468,1000468,1000521,1001615,1.843157715,1.841144552
7,1843319,1000104,1000104,1000052,1001197,1.843223152,1.841115185
7,1801934,1000521,1000521,957238,1001875,1.882430493,1.798561697
7,1843785,1000312,1000312,1000260,1001511,1.843305741,1.841003244
7,1843833,1000365,1000365,1000417,1001510,1.843064442,1.841053010
7,1843327,1000052,1000052,1000052,1001250,1.843231152,1.841025718
7,1838895,1000417,1000417,996667,1001615,1.845044533,1.835929973
7,1843916,1000365,1000365,1000365,1001458,1.843243216,1.841231484
7,1843506,1000156,1000156,1000104,1001615,1.843314295,1.840533538
7,1843690,1000261,1000261,1000260,1001406,1.843210765,1.841101411
7,1817947,1000313,1000313,965886,1001875,1.882154830,1.814544729
7,1843248,1000000,1000000,1000052,1001198,1.843152156,1.841042431
7,1844142,1000468,1000468,1000521,1001719,1.843181702,1.840977360
7,1844119,1000469,1000469,1000469,1001614,1.843254514,1.841147388
7,1835927,1000469,1000469,996614,1001667,1.842164569,1.832871603
7,1844014,1000468,1000468,1000365,1001563,1.843341180,1.841136304
7,1843256,1000052,1000052,1000052,1001145,1.843160156,1.841147886
7,1843265,1000000,1000000,1000000,1001094,1.843265000,1.841250672
7,1801976,1000573,1000573,960990,1001927,1.875124611,1.798510271
7,1843847,1000365,1000365,1000312,1001875,1.843271899,1.840396257
7,1843593,1000208,1000208,1000208,1001355,1.843209612,1.841098312
7,1844054,1000469,1000469,1000417,1001562,1.843285350,1.841178080
7,1837027,1000416,1000416,995261,1001615,1.845774124,1.834064985
7,1843297,1000053,1000053,1000104,1001146,1.843105317,1.841187000
7,1843900,1000365,1000365,1000364,1001458,1.843229065,1.841215508
7,1844025,1000469,1000469,1000417,1001562,1.843256362,1.841149125
7,1828350,1000625,1000625,966250,1002136,1.892212160,1.824452968
7,1843229,1000052,1000052,1000052,1001198,1.843133157,1.841023454
7,1843575,1000208,1000208,1000157,1001302,1.843285604,1.841177787
7,1843535,1000208,1000208,1000208,1001667,1.843151624,1.840466942
7,1838975,1000469,1000469,995781,1001667,1.846766508,1.835914530
7,1843698,1000261,1000261,1000260,1001406,1.843218763,1.841109400
7,1843968,1000417,1000417,1000417,1001510,1.843199386,1.841187806
7,1843914,1000416,1000416,1000365,1001511,1.843241217,1.841132049
7,1830632,1000625,1000625,983645,1002188,1.861069797,1.826635322
7,1843388,1000104,1000104,1000104,1001145,1.843196308,1.841279735
7,1844206,1000573,1000573,1000521,1001666,1.843245669,1.841138663
7,1843726,1000260,1000260,1000261,1001354,1.843244913,1.841232971
7,1835472,1000260,1000260,992448,1001511,1.849438963,1.832702786
7,1844027,1000469,1000469,1000469,1001875,1.843162557,1.840575920
7,1843198,1000000,1000000,1000000,1001094,1.843198000,1.841183745
7,1843618,1000208,1000208,1000208,1001354,1.843234607,1.841125117
7,1820878,1000625,1000625,970052,1002136,1.877093187,1.816996895
7,1843347,1000052,1000052,1000104,1001198,1.843155312,1.841141313
7,1843220,1000000,1000000,1000052,1001146,1.843124158,1.841110088
7,1843334,1000053,1000053,1000052,1001146,1.843238152,1.841223957
7,1837558,1000104,1000104,994791,1001303,1.847179960,1.835166778
7,1843565,1000209,1000209,1000156,1001302,1.843277449,1.841167800
7,1844111,1000521,1000521,1000469,1001614,1.843246517,1.841139401
7,1843941,1000417,1000417,1000417,1001823,1.843172397,1.840585612
7,1830939,1000312,1000312,981355,1001823,1.865725451,1.827607272
7,1843396,1000104,1000104,1000104,1001302,1.843204307,1.840999019
7,1843614,1000208,1000208,1000208,1001355,1.843230608,1.841119283
7,1843591,1000209,1000209,1000156,1001354,1.843303445,1.841098153
7,1836978,1000209,1000209,995520,1001406,1.845244696,1.834398835
7,1844180,1000573,1000573,1000521,1001667,1.843219683,1.841110868
7,1843499,1000157,1000157,1000156,1001302,1.843211459,1.841101885
7,1843639,1000209,1000209,1000208,1001302,1.843255603,1.841241703
7,1828290,1000469,1000469,974374,1001719,1.876373959,1.825152563
7,1843672,1000260,1000260,1000208,1001510,1.843288596,1.840892253
7,1843854,1000313,1000313,1000364,1001823,1.843183081,1.840498771
7,1843415,1000156,1000156,1000105,1001250,1.843221462,1.841113608
7,1835853,1000260,1000260,996563,1001458,1.842184588,1.833180223
7,1843881,1000365,1000365,1000364,1001459,1.843210072,1.841194697
7,1843476,1000157,1000157,1000156,1001302,1.843188463,1.841078915
7,1843236,1000052,1000052,1000000,1001093,1.843236000,1.841223543
7,1829941,1000417,1000417,982811,1001875,1.861945990,1.826516282
7,1843336,1000052,1000052,1000052,1001197,1.843240152,1.841132165
7,1843516,1000156,1000156,1000156,1001303,1.843228456,1.841117025
7,1843929,1000417,1000417,1000365,1001563,1.843256211,1.841051437
7,1837340,1000365,1000365,996927,1001875,1.843003550,1.833901435
7,1843449,1000104,1000104,1000104,1001198,1.843257301,1.841243191
7,1843858,1000365,1000365,1000364,1001459,1.843187080,1.841171730
7,1844113,1000521,1000521,1000521,1001614,1.843152717,1.841141398
7,1821835,1000312,1000312,968594,1001823,1.880906758,1.818519838
7,1843252,1000000,1000000,999947,1001198,1.843349698,1.841046426
7,1843334,1000052,1000052,1000104,1001198,1.843142313,1.841128328
7,1843607,1000208,1000208,1000260,1001354,1.843127787,1.841114131
7,1836947,1000521,1000521,992344,1001771,1.851119168,1.833699518
7,1843329,1000052,1000052,1000052,1001198,1.843233152,1.841123334
7,1843775,1000312,1000312,1000312,1001719,1.843199922,1.840610990
7,1843460,1000156,1000156,1000156,1001250,1.843172465,1.841158552
7,1798986,1000729,1000729,957865,1002291,1.878120612,1.794873944
7,1843597,1000208,1000208,1000260,1001354,1.843117789,1.841104145
7,1843197,1000000,1000000,1000000,1001145,1.843197000,1.841088953
7,1843494,1000157,1000157,1000156,1001302,1.843206460,1.841096892
7,1838135,1000156,1000156,995156,1001406,1.847082266,1.835554211
7,1843625,1000260,1000260,1000209,1001354,1.843239763,1.841132107
7,1843246,1000000,1000000,1000000,1001146,1.843246000,1.841136058
7,1843496,1000156,1000156,1000156,1001302,1.843208459,1.841098889
7,1827019,1000520,1000520,971094,1002031,1.881402830,1.823315846
7,1843199,1000000,1000000,999947,1001250,1.843296695,1.840897878
7,1843624,1000208,1000208,1000261,1001406,1.843142940,1.841035504
7,1843994,1000417,1000417,1000417,1001562,1.843225375,1.841118173
7,1836205,1000157,1000157,995521,1001407,1.844466365,1.833625089
7,1843881,1000364,1000364,1000365,1001510,1.843208229,1.841100938
7,1844125,1000469,1000469,1000469,1001563,1.843260511,1.841247131
7,1843244,1000000,1000000,1000000,1001094,1.843244000,1.841229695
7,1804641,1000260,1000260,964946,1001823,1.870198954,1.801357126
7,1843581,1000260,1000260,1000209,1001406,1.843195772,1.840992564
7,1843537,1000208,1000208,1000260,1001354,1.843057805,1.841044226
7,1843567,1000208,1000208,1000260,1001615,1.843087797,1.840594440
7,1836428,1000417,1000417,995730,1001666,1.844303175,1.833373600
7,1843801,1000313,1000313,1000312,1001407,1.843225914,1.841210417
7,1843700,1000261,1000261,1000260,1001407,1.843220763,1.841109559
7,1844214,1000572,1000572,1000573,1001666,1.843157871,1.841146650
7,1820038,1000677,1000677,968854,1002188,1.878547232,1.816064451
7,1844000,1000416,1000416,1000365,1001614,1.843327186,1.841028580
7,1843902,1000365,1000365,1000364,1001459,1.843231064,1.841215666
7,1844200,1000573,1000573,1000521,1001666,1.843239672,1.841132673
7,1837159,1000052,1000052,995469,1001250,1.845521056,1.834865418
7,1843323,1000052,1000052,1000052,1001459,1.843227152,1.840637510
7,1844098,1000469,1000469,1000521,1001615,1.843137725,1.841124584
7,1863653,1015833,1015833,1002970,1017031,1.858134341,1.832444635
7,1835748,1000573,1000573,991928,1002031,1.850686743,1.832027153
7,1843916,1000364,1000364,1000417,1001563,1.843147408,1.841038457
7,1843285,1000052,1000052,1000104,1001198,1.843093318,1.841079387
7,1836593,1000521,1000521,995886,1001771,1.844179956,1.833346144
7,1843210,1000000,1000000,1000000,1001145,1.843210000,1.841101938
7,1843491,1000156,1000156,1000156,1001250,1.843203460,1.841189513
7,1843306,1000053,1000053,1000104,1001198,1.843114316,1.841100362
7,1833080,1000677,1000677,976042,1001875,1.878074919,1.829649407
7,1799872,1000625,1000625,967916,1002136,1.859533265,1.796035668
7,1843629,1000260,1000260,1000261,1001354,1.843147938,1.841136102
7,1844103,1000521,1000521,1000521,1001614,1.843142723,1.841131414
7,1837294,1000105,1000105,992552,1001354,1.851080850,1.834809668
7,1843642,1000208,1000208,1000209,1001406,1.843256759,1.841053479
7,1843465,1000156,1000156,1000105,1001250,1.843271456,1.841163546
7,1843889,1000364,1000364,1000365,1001458,1.843216226,1.841204524
7,1836632,1000521,1000521,992395,1001719,1.850706624,1.833480247
7,1836891,1000573,1000573,990938,1002083,1.853689131,1.833072710
7,1843531,1000157,1000157,1000156,1001615,1.843243454,1.840558498
7,1843879,1000364,1000364,1000365,1001458,1.843206230,1.841194538
7,1835359,1000313,1000313,995521,1001563,1.843616559,1.832494811
7,1843423,1000104,1000104,1000105,1001250,1.843229461,1.841121598
7,1843147,999948,999948,999948,1001145,1.843242849,1.841039010
7,1843379,1000104,1000104,1000104,1001198,1.843187309,1.841173274
7,1831803,1000573,1000573,976615,1001823,1.875665436,1.828469700
7,1837502,1000469,1000469,998177,1002031,1.840857884,1.833777598
7,1844036,1000417,1000417,1000417,1001563,1.843267358,1.841158270
7,1843707,1000312,1000312,1000261,1001406,1.843225918,1.841118388
7,1836444,1000365,1000365,996354,1001667,1.843164177,1.833387743
7,1843746,1000260,1000260,1000313,1001406,1.843169088,1.841157333
7,1844040,1000469,1000469,1000468,1001562,1.843177393,1.841164102
7,1844161,1000521,1000521,1000521,1001667,1.843200692,1.841091900
7,1831516,1001562,1001562,983490,1002760,1.862261945,1.826474929
7,1843674,1000261,1000261,1000260,1001667,1.843194769,1.840605710
7,1844034,1000469,1000469,1000468,1001562,1.843171396,1.841158111
7,1843500,1000209,1000209,1000208,1001302,1.843116632,1.841102884
7,1834487,1000157,1000157,992239,1001354,1.848835815,1.832006463
7,1843695,1000260,1000260,1000261,1001407,1.843213921,1.841104566
7,1843342,1000104,1000104,1000104,1001197,1.843150312,1.841138158
7,1843978,1000417,1000417,1000417,1001823,1.843209382,1.840622545
7,1827099,1000573,1000573,970416,1001771,1.882799748,1.823868928
7,1843199,1000000,1000000,999948,1001510,1.843294851,1.840419966
7,1843226,1000000,1000000,1000000,1001146,1.843226000,1.841116081
7,1843896,1000364,1000364,1000365,1001510,1.843223224,1.841115915
7,1837030,1000625,1000625,996094,1001771,1.844233576,1.833782371
7,1844018,1000469,1000469,1000520,1001562,1.843059609,1.841142136
7,1843809,1000312,1000312,1000313,1001407,1.843232068,1.841218406
7,1843706,1000312,1000312,1000313,1001406,1.843129101,1.841117389
7,1830968,1000677,1000677,978958,1002031,1.870323344,1.827256841
7,1843657,1000260,1000260,1000261,1001615,1.843175931,1.840684295
7,1843397,1000104,1000104,1000156,1001250,1.843109475,1.841095630
7,1843829,1000365,1000365,1000312,1001510,1.843253905,1.841049016
7,1837278,1000573,1000573,997344,1001771,1.842170806,1.834029933
7,1843259,1000052,1000052,1000052,1001146,1.843163156,1.841149043
7,1843601,1000208,1000208,1000260,1001354,1.843121788,1.841108140
7,1843370,1000104,1000104,1000104,1001198,1.843178309,1.841164285
7,1824266,1000625,1000625,970366,1001979,1.879977246,1.820662908
7,1843292,1000104,1000104,1000000,1001302,1.843292000,1.840895155
7,1843323,1000105,1000105,1000052,1001198,1.843227152,1.841117341
7,1843173,1000000,1000000,1000000,1001094,1.843173000,1.841158772
7,1837598,1000312,1000312,996719,1001458,1.843647006,1.834922683
7,1843998,1000469,1000469,1000417,1001563,1.843229373,1.841120329
7,1843501,1000208,1000208,1000157,1001562,1.843211616,1.840625942
7,1844199,1000521,1000521,1000521,1001615,1.843238673,1.841225421
7,1797688,1000625,1000625,955938,1002083,1.880548739,1.793951200
7,1843794,1000313,1000313,1000312,1001823,1.843218916,1.840438880
7,1843892,1000365,1000365,1000364,1001458,1.843221068,1.841207519
7,1843296,1000052,1000052,1000052,1001146,1.843200154,1.841186001
7,1838198,1000209,1000209,996458,1001406,1.844732041,1.835617122
7,1844112,1000468,1000468,1000469,1001563,1.843247517,1.841234151
7,1843377,1000104,1000104,1000104,1001510,1.843185309,1.840597697
7,1844153,1000521,1000521,1000521,1001615,1.843192697,1.841179495
7,1799775,1000468,1000468,948853,1002032,1.896790124,1.796125273
7,1844106,1000469,1000469,1000468,1001614,1.843243362,1.841134409
7,1844070,1000469,1000469,1000417,1001511,1.843301343,1.841287814
7,1843582,1000208,1000208,1000209,1001250,1.843196772,1.841280400
7,1835896,1000312,1000312,996459,1001459,1.842420009,1.833221330
7,1843320,1000104,1000104,1000052,1001093,1.843224152,1.841307451
7,1844092,1000469,1000469,1000469,1001511,1.843227526,1.841309781
7,1843311,1000052,1000052,1000052,1001042,1.843215153,1.841392269
7,1829895,1000521,1000521,984791,1001771,1.858155690,1.826659985
7,1843927,1000416,1000416,1000313,1001511,1.843350031,1.841145030
7,1843945,1000417,1000417,1000364,1001406,1.843274048,1.841356053
7,1843783,1000313,1000313,1000260,1001354,1.843303741,1.841289893
7,1837533,1000312,1000312,996770,1001406,1.843487465,1.834953056
7,1844118,1000469,1000469,1000521,1001510,1.843157715,1.841337580
7,1843555,1000156,1000156,1000261,1001250,1.843073958,1.841253433
7,1843451,1000105,1000105,1000156,1001198,1.843163466,1.841245188
7,1820446,1000417,1000417,958488,1001823,1.899289297,1.817133366
7,1843370,1000105,1000105,1000052,1001563,1.843274150,1.840493309
7,1843656,1000260,1000260,1000208,1001354,1.843272599,1.841163065
7,1843294,999948,999948,999948,1001406,1.843389856,1.840705967
7,1837647,1000625,1000625,996614,1001823,1.843890413,1.834303066
7,1843193,1000000,1000000,999948,1001146,1.843288851,1.841083119
7,1843419,1000104,1000104,1000052,1001250,1.843323147,1.841117603
7,1843811,1000312,1000312,1000313,1001406,1.843234068,1.841222242
7,1829000,1000260,1000260,981353,1001614,1.863753410,1.826052751
7,1843786,1000312,1000312,1000312,1001458,1.843210918,1.841101674
7,1843313,1000052,1000052,1000052,1001198,1.843217153,1.841107353
7,1843933,1000365,1000365,1000364,1001510,1.843262053,1.841152859
7,1835406,1000417,1000417,996770,1001562,1.841353572,1.832543567
7,1844169,1000521,1000521,1000521,1001927,1.843208688,1.840622121
7,1844165,1000521,1000521,1000521,1001615,1.843204690,1.841191476
7,1843964,1000417,1000417,1000416,1001510,1.843197230,1.841183812
7,1785524,1000678,1000678,938281,1002188,1.902973629,1.781625803
7,1843298,1000052,1000052,1000052,1001250,1.843202153,1.840996754
7,1843304,1000052,1000052,1000000,1001198,1.843304000,1.841098364
7,1843348,1000104,1000104,1000052,1001198,1.843252151,1.841142312
7,1835989,1000052,1000052,992240,1001303,1.850347698,1.833599819
7,1843947,1000417,1000417,1000364,1001510,1.843276048,1.841166838
7,1843677,1000260,1000260,1000261,1001458,1.843195926,1.840992832
7,1843647,1000260,1000260,1000209,1001667,1.843261758,1.840578755
7,1826248,1000261,1000261,977447,1001771,1.868385703,1.823019433
7,1843772,1000365,1000365,1000364,1001563,1.843101111,1.840894682
7,1843207,1000000,1000000,1000000,1001146,1.843207000,1.841097103
7,1844021,1000417,1000417,1000417,1001563,1.843252364,1.841143293
7,1836986,1000052,1000052,995574,1001250,1.845152646,1.834692634
7,1844067,1000469,1000469,1000468,1001562,1.843204380,1.841191060
7,1843499,1000156,1000156,1000104,1001302,1.843307296,1.841101885
7,1843649,1000261,1000261,1000260,1001302,1.843169776,1.841251690
7,1821719,1000208,1000208,968179,1001615,1.881593176,1.818781668
7,1843393,1000104,1000104,1000104,1001563,1.843201307,1.840516273
7,1843405,1000104,1000104,1000104,1001250,1.843213306,1.841103620
7,1843394,1000104,1000104,1000105,1001197,1.843200464,1.841190095
7,1838236,1000468,1000468,995886,1001667,1.845829744,1.835176760
7,1844175,1000520,1000520,1000521,1001615,1.843214685,1.841201460
7,1843514,1000208,1000208,1000156,1001354,1.843226457,1.841021257
7,1843456,1000156,1000156,1000104,1001250,1.843264301,1.841154557
7,1798079,1000365,1000365,959948,1001823,1.873100418,1.794807067
7,1843703,1000312,1000312,1000260,1001406,1.843223762,1.841114393
7,1843203,1000000,1000000,1000000,1001146,1.843203000,1.841093107
7,1843175,1000000,1000000,1000000,1001302,1.843175000,1.840778307
7,1838263,1000208,1000208,995312,1001354,1.846921367,1.835777357
7,1843619,1000208,1000208,1000261,1001354,1.843137941,1.841126115
7,1843589,1000208,1000208,1000209,1001302,1.843203770,1.841191768
7,1844146,1000468,1000468,1000521,1001615,1.843185700,1.841172506
7,1826989,1000677,1000677,971614,1002239,1.880365042,1.822907510
7,1843592,1000260,1000260,1000156,1001407,1.843304445,1.841001711
7,1843426,1000105,1000105,1000104,1001302,1.843234304,1.841028980
7,1843883,1000365,1000365,1000417,1001458,1.843114421,1.841198533
7,1838436,1000208,1000208,995522,1001406,1.846705547,1.835854788
7,1843436,1000104,1000104,1000105,1001250,1.843242460,1.841134582
7,1844047,1000469,1000469,1000469,1001875,1.843182547,1.840595883
7,1843996,1000416,1000416,1000417,1001511,1.843227374,1.841213926
7,1803691,1000625,1000625,961979,1002135,1.874979599,1.799848324
7,1843187,1000000,1000000,1000000,1001250,1.843187000,1.840885893
7,1843754,1000312,1000312,1000313,1001459,1.843177086,1.841067882
7,1843375,1000104,1000104,1000104,1001250,1.843183309,1.841073658
7,1837785,1000365,1000365,996301,1001562,1.844608206,1.834918857
7,1843666,1000260,1000260,1000261,1001354,1.843184929,1.841173052
7,1843866,1000364,1000364,1000365,1001510,1.843193234,1.841085960
7,1843963,1000416,1000416,1000417,1001563,1.843194388,1.841085384
7,1820082,1000365,1000365,967396,1001979,1.881423946,1.816487172
7,1843834,1000313,1000313,1000312,1001562,1.843258903,1.840958423
7,1843712,1000260,1000260,1000260,1001354,1.843232759,1.841218989
7,1843552,1000209,1000209,1000156,1001302,1.843264451,1.841154816
7,1838895,1000521,1000521,996823,1001771,1.844755789,1.835644074
7,1843604,1000209,1000209,1000208,1001302,1.843220610,1.841206749
7,1843554,1000157,1000157,1000208,1001354,1.843170621,1.841061203
7,1844024,1000417,1000417,1000469,1001615,1.843159558,1.841050703
7,1829665,1000208,1000208,983073,1001823,1.861169008,1.826335590
7,1843222,1000000,1000000,1000000,1001250,1.843222000,1.840920849
7,1843681,1000260,1000260,1000260,1001718,1.843201768,1.840518988
7,1843790,1000312,1000312,1000365,1001406,1.843117262,1.841201271
7,1837209,1000364,1000364,995730,1001563,1.845087524,1.834341924
7,1844088,1000469,1000469,1000469,1001562,1.843223528,1.841212027
7,1843411,1000104,1000104,1000105,1001198,1.843217462,1.841205236
7,1843877,1000364,1000364,1000365,1001771,1.843204230,1.840617267
7,1826115,1000469,1000469,968959,1001979,1.884615345,1.822508256
7,1843144,999948,999948,999948,1001458,1.843239848,1.840460608
7,1836656,1000208,1000208,1000209,1001354,1.836272219,1.834172530
7,1840224,1000521,1000521,1000781,1002032,1.838787907,1.836492248
7,1837248,1000521,1000521,992396,1001823,1.851325479,1.833904792
7,1843416,1000521,1000521,1000469,1001614,1.842551843,1.840445521
7,1843496,1000156,1000156,1000157,1001250,1.843206617,1.841194507
7,1844252,1000521,1000521,1000834,1002136,1.842715176,1.840321074
7,1813828,1000365,1000365,959583,1001718,1.890225233,1.810717188
7,1843342,1000104,1000104,1000053,1001615,1.843244308,1.840369803
7,1841255,1000313,1000313,1000313,1001615,1.840678868,1.838286168
7,1843276,1000052,1000052,1000052,1001459,1.843180155,1.840590578
7,1836150,1000417,1000417,992761,1001927,1.849538811,1.832618544
7,1844114,1000468,1000468,1000469,1001667,1.843249516,1.841044978
7,1843401,1000209,1000209,1000208,1001406,1.843017652,1.840812817
7,1843892,1000417,1000417,1000417,1001562,1.843123418,1.841016332
7,1908289,1000156,1000156,947710,1001354,2.013579048,1.905708670
7,2092209,1000364,1000364,1000573,1001615,2.091010851,2.088835531
7,2092096,999948,999948,1000000,1000833,2.092096000,2.090354735
7,2093115,1000156,1000156,1000104,1000937,2.092897339,2.091155587
7,2089562,1000469,1000469,997812,1001354,2.094143987,2.086736559
7,2093981,1000573,1000573,1000677,1001614,2.092564334,2.090606761
7,2092684,999948,999948,1000000,1000885,2.092684000,2.090833612
7,2093775,1000469,1000469,1000468,1001302,2.092795572,2.091052450
7,2078648,1000417,1000417,987395,1001458,2.105183842,2.075621743
7,2093964,1000573,1000573,1000625,1001510,2.092656090,2.090806882
7,1855615,1000468,1000468,1000521,1001354,1.854648728,1.853105895
7,1843553,1000208,1000208,1000157,1001146,1.843263608,1.841442707
7,1839878,1000573,1000573,995990,1001458,1.847285615,1.837199363
7,1844106,1000521,1000521,1000469,1001511,1.843241520,1.841323760
7,1844023,1000416,1000416,1000417,1001303,1.843254363,1.841623365
7,1844029,1000468,1000468,1000417,1001459,1.843260360,1.841342481
7,1784489,1000520,1000520,946927,1001563,1.884505353,1.781704196
7,1841850,1000208,1000208,1000209,1001406,1.841465134,1.839263995
7,1843324,1000052,1000052,1000052,1001198,1.843228152,1.841118340
7,1843854,1000364,1000364,1000365,1001719,1.843181239,1.840689854
7,1837609,1000105,1000105,993802,1001354,1.849069533,1.835124242
7,1843851,1000364,1000364,1000365,1001615,1.843178240,1.840877982
7,1843069,999947,999947,999896,1001354,1.843260699,1.840576859
7,1843604,1000208,1000208,1000209,1001406,1.843218767,1.841015532
7,1826740,1000156,1000156,980625,1001719,1.862832377,1.823605223
7,1843180,1000000,1000000,1000000,1001250,1.843180000,1.840878901
7,1843805,1000312,1000312,1000365,1001458,1.843132257,1.841120646
7,1844244,1000573,1000573,1000572,1001667,1.843189695,1.841174762
7,1837966,1000365,1000365,993958,1001510,1.849138495,1.835194856
7,1842569,1000469,1000469,1000416,1001563,1.841802810,1.839693559
7,1843582,1000208,1000208,1000209,1001302,1.843196772,1.841184777
7,1844067,1000468,1000468,1000469,1001562,1.843202538,1.841191060
7,1810818,1000521,1000521,964999,1001823,1.876497281,1.807522886
7,1842398,1000260,1000260,1000260,1001511,1.841919101,1.839618337
7,1843830,1000365,1000365,1000364,1001302,1.843159090,1.841432455
7,1843352,1000105,1000105,1000104,1001250,1.843160311,1.841050687
7,1838930,1000365,1000365,994999,1001562,1.848172712,1.836062071
7,1844032,1000468,1000468,1000469,1001510,1.843167554,1.841251710
7,1843654,1000261,1000261,1000260,1001302,1.843174775,1.841256684
7,1843534,1000156,1000156,1000208,1001198,1.843150625,1.841328089
7,1819427,1000156,1000156,972761,1001302,1.870374121,1.817061186
7,1843300,1000052,1000052,1000000,1000938,1.843300000,1.841572605
7,1844337,1000625,1000625,1000625,1001510,1.843185009,1.841556250
7,1844296,1000625,1000625,1000677,1001562,1.843048256,1.841419702
7,1840425,1000729,1000729,997761,1001823,1.844554959,1.837076010
7,1831665,1000208,1000208,1000261,1001198,1.831187060,1.829473291
7,1843533,1000156,1000156,1000156,1001146,1.843245454,1.841422730
7,1843987,1000417,1000417,1000468,1001250,1.843124418,1.841684894
7,1830424,1000208,1000208,970260,1001302,1.886529384,1.828043887
7,1843401,1000105,1000105,1000104,1001146,1.843209306,1.841290881
7,1843466,1000104,1000104,1000104,1001145,1.843274299,1.841357645
7,1844101,1000469,1000469,1000469,1001511,1.843236522,1.841318767
7,1839033,1000313,1000313,997552,1001511,1.843546001,1.836258414
7,1844499,1000730,1000730,1000781,1001823,1.843059570,1.841142597
7,1844120,1000521,1000521,1000573,1001614,1.843063924,1.841148387
7,1843966,1000416,1000416,1000417,1001406,1.843197387,1.841377024
7,1830434,1000364,1000364,983646,1001459,1.860866613,1.827767288
7,1843945,1000417,1000417,1000417,1001459,1.843176395,1.841258604
7,1843567,1000208,1000208,1000208,1001146,1.843183618,1.841456691
7,1843846,1000365,1000365,1000312,1001354,1.843270899,1.841352808
7,1840068,1000625,1000625,997656,1001614,1.844391253,1.837102916
7,1844316,1000625,1000625,1000625,1001719,1.843164022,1.841151061
7,1843834,1000364,1000364,1000417,1001458,1.843065442,1.841149604
7,1844005,1000416,1000416,1000469,1001406,1.843140567,1.841415969
7,1967809,1000208,1000208,971877,1001250,2.024751074,1.965352310
7,2092919,1000052,1000052,1000052,1001042,2.092810174,2.090740448
7,2093853,1000521,1000521,1000521,1001303,2.092762671,2.091128260
7,2093808,1000521,1000521,1000521,1001302,2.092717694,2.091085407
7,2085177,1000312,1000312,991563,1001406,2.102919330,2.082249357
7,2093357,1000260,1000260,1000313,1001198,2.092701984,2.090852159
7,2093387,1000260,1000260,1000260,1001146,2.092842861,2.090990725
7,2093193,1000156,1000156,1000260,1001302,2.092648911,2.090471206
7,2082106,1000156,1000156,982917,1000989,2.118292796,2.080048832
7,2093061,1000468,1000468,1000469,1001250,2.092079815,2.090447940
7,2093756,1000469,1000469,1000521,1001354,2.092665721,2.090924888
7,2093638,1000417,1000417,1000416,1001198,2.092767409,2.091132823
7,2089392,1000625,1000625,998022,1001563,2.093533008,2.086131377
7,1944060,1000313,1000313,1000364,1001145,1.943352620,1.941836597
7,1842445,999948,999948,999948,1000834,1.842540812,1.840909681
7,1843882,1000365,1000365,1000312,1001303,1.843306888,1.841482548
7,1829119,1000364,1000364,973647,1001511,1.878626443,1.826359371
7,1843264,1000052,1000052,1000052,1001198,1.843168155,1.841058412
7,1843938,1000416,1000416,1000365,1001667,1.843265208,1.840869271
7,1844078,1000468,1000468,1000469,1001562,1.843213533,1.841202042
7,1836928,1000260,1000260,993542,1001666,1.848867989,1.833872768
7,1842282,1000365,1000365,1000364,1001407,1.841611653,1.839693551
7,1843305,1000052,1000052,1000052,1001406,1.843209153,1.840716952
7,1843528,1000208,1000208,1000209,1001250,1.843142783,1.841226467
7,1823384,1000364,1000364,979531,1001719,1.861486773,1.820254982
7,1843389,1000105,1000105,1000104,1001250,1.843197307,1.841087640
7,1843655,1000260,1000260,1000209,1001354,1.843269757,1.841162067
7,1844019,1000417,1000417,1000417,1001510,1.843250365,1.841238730
7,1837305,1000417,1000417,996823,1001719,1.843160722,1.834152093
7,1843337,1000052,1000052,1000104,1001354,1.843145313,1.840844497
7,1843546,1000156,1000156,1000208,1001250,1.843162622,1.841244444
7,1843762,1000312,1000312,1000312,1001354,1.843186926,1.841268922
7,1831103,1000625,1000625,983384,1001927,1.862042702,1.827581251
7,1843146,999948,999948,999947,1001042,1.843243692,1.841227441
7,1844015,1000417,1000417,1000417,1001458,1.843246366,1.841330340
7,1843590,1000208,1000208,1000208,1001250,1.843206613,1.841288390
7,1838296,1000104,1000104,995000,1001406,1.847533668,1.835714985
7,1843264,1000052,1000052,1000104,1001094,1.843072320,1.841249673
7,1843952,1000417,1000417,1000417,1001458,1.843183393,1.841267432
7,1843707,1000313,1000313,1000312,1001354,1.843131943,1.841213996
7,1828088,1000469,1000469,979635,1001615,1.866090942,1.825140398
7,1844063,1000468,1000468,1000469,1001510,1.843198540,1.841282663
7,1844018,1000468,1000468,1000521,1001510,1.843057767,1.841237731
7,1834029,1000208,1000208,1000260,1001198,1.833552276,1.831834462
7,1838369,1000625,1000625,997344,1001667,1.843264711,1.835309539
7,1841300,1000000,1000000,999948,1000989,1.841395753,1.839480754
7,1843628,1000260,1000260,1000208,1001146,1.843244605,1.841517621
7,1843784,1000312,1000312,1000365,1001198,1.843111264,1.841577790
7,1829752,1000573,1000573,968022,1001666,1.890196710,1.826708703
7,1843925,1000417,1000417,1000416,1001406,1.843158246,1.841336081
7,1843811,1000313,1000313,1000468,1001511,1.842948500,1.841029205
7,1843977,1000417,1000417,1000417,1001354,1.843208382,1.841483631
7,1839663,1000417,1000417,995262,1001510,1.848420818,1.836889297
7,1843915,1000364,1000364,1000365,1001302,1.843242217,1.841517344
7,1844118,1000468,1000468,1000521,1001354,1.843157715,1.841624441
7,1843514,1000208,1000208,1000208,1001094,1.843130629,1.841499400
7,1832104,1000677,1000677,986198,1001875,1.857744591,1.828675234
7,1844171,1000521,1000521,1000520,1001563,1.843212529,1.841293059
7,1843918,1000365,1000365,1000364,1001406,1.843247058,1.841329091
7,1843632,1000208,1000208,1000260,1001250,1.843152780,1.841330337
7,1835177,1000208,1000208,994009,1001510,1.846237811,1.832410061
7,1841925,1000052,1000052,1000104,1001302,1.841733460,1.839529932
7,1843874,1000365,1000365,1000364,1001563,1.843203074,1.840996522
7,1843876,1000364,1000364,1000417,1001406,1.843107424,1.841287150
7,1785264,1000573,1000573,936718,1001979,1.905871351,1.781737941
7,1843361,1000052,1000052,1000104,1001302,1.843169310,1.840964065
7,1843684,1000312,1000312,1000261,1001666,1.843202924,1.840617531
7,1843788,1000313,1000313,1000312,1001459,1.843212918,1.841101832
7,1836402,1000312,1000312,993491,1001719,1.848433453,1.833250642
7,1843454,1000157,1000157,1000156,1001407,1.843166466,1.840863904
7,1843186,1000000,1000000,999948,1001094,1.843281851,1.841171758
7,1843281,1000052,1000052,1000000,1001146,1.843281000,1.841171018
7,1794750,1000312,1000312,948125,1001614,1.892946605,1.791857941
7,1843461,1000156,1000156,1000157,1001562,1.843171622,1.840586005
7,1843187,1000000,1000000,999948,1001146,1.843282851,1.841077126
7,1843693,1000260,1000260,1000208,1001406,1.843309592,1.841104407
7,1836732,1000156,1000156,992136,1001615,1.851290549,1.833770461
7,1844143,1000521,1000521,1000521,1001614,1.843182702,1.841171349
7,1843343,1000105,1000105,1000104,1001198,1.843151312,1.841137317
7,1843727,1000313,1000313,1000260,1001406,1.843247756,1.841138359
7,1824541,1000365,1000365,961666,1001823,1.897270986,1.821220914
7,1843459,1000156,1000156,1000104,1001302,1.843267300,1.841061937
7,1843855,1000365,1000365,1000312,1001459,1.843279897,1.841168735
7,1843833,1000364,1000364,1000312,1001666,1.843257904,1.840766283
7,1835546,1000209,1000209,993177,1001354,1.848155968,1.833064031
7,1844239,1000521,1000521,1000521,1001614,1.843278652,1.841267195
7,1843305,1000052,1000052,1000000,1001146,1.843305000,1.841194991
7,1852555,1009427,1009427,1000261,1010625,1.852071609,1.833078541
7,1825989,1000156,1000156,983646,1001615,1.856347710,1.823044783
7,1843638,1000260,1000260,1000261,1001614,1.843156936,1.840667163
7,1843634,1000209,1000209,1000208,1001615,1.843250604,1.840661332
7,1836600,1000156,1000156,995053,1001406,1.845730830,1.834021366
7,1843876,1000365,1000365,1000364,1001771,1.843205073,1.840616269
7,1843110,999948,999948,999947,1001406,1.843207690,1.840522226
7,1843815,1000365,1000365,1000364,1001458,1.843144096,1.841130632
7,1833310,1000313,1000313,978229,1001458,1.874111277,1.830640926
7,1834251,1000521,1000521,992186,1001979,1.848696716,1.830628187
7,1843521,1000156,1000156,1000156,1001302,1.843233456,1.841123857
7,1843860,1000365,1000365,1000364,1001458,1.843189079,1.841175566
7,1835439,1000365,1000365,990470,1001563,1.853099034,1.832574686
7,1844042,1000469,1000469,1000417,1001823,1.843273355,1.840686429
7,1843241,1000000,1000000,1000000,1001145,1.843241000,1.841132903
7,1844047,1000469,1000469,1000521,1001563,1.843086752,1.841169252
7,1835154,1000052,1000052,991615,1001354,1.850671884,1.832672561
7,1834566,1000365,1000365,991458,1001823,1.850371877,1.831227672
7,1844106,1000521,1000521,1000521,1001667,1.843145721,1.841036991
7,1843950,1000417,1000417,1000417,1001562,1.843181393,1.841074242
7,1838376,1000573,1000573,996875,1001771,1.844138934,1.835125992
7,1844039,1000417,1000417,1000416,1001563,1.843272199,1.841161265
7,1843942,1000416,1000416,1000417,1001510,1.843173397,1.841161846
7,1844036,1000417,1000417,1000468,1001562,1.843173395,1.841160108
7,1815832,992709,992709,967031,1001667,1.877739183,1.812810046
7,1822263,1000312,1000312,979272,1001615,1.860834375,1.819324790
7,1843888,1000261,1000261,1000260,1001406,1.843408714,1.841299133
7,1844108,1000520,1000520,1000521,1001667,1.843147720,1.841038988
7,1836982,1000313,1000313,996927,1001458,1.842644446,1.834307580
7,1843839,1000364,1000364,1000365,1001511,1.843166244,1.841057163
7,1843800,1000313,1000313,1000312,1001406,1.843224914,1.841211257
7,1843679,1000261,1000261,1000260,1001354,1.843199768,1.841186034
7,1832031,1000469,1000469,988907,1001719,1.852581689,1.828887143
7,1837001,1000208,1000208,997708,1001355,1.841221079,1.834515232
7,1843766,1000312,1000312,1000312,1001458,1.843190924,1.841081703
7,1844095,1000469,1000469,1000521,1001615,1.843134727,1.841121589
7,1836087,1000573,1000573,997240,1001770,1.841168625,1.832842868
7,1843173,1000000,1000000,999948,1001094,1.843268850,1.841158772
7,1843985,1000469,1000469,1000417,1001563,1.843216379,1.841107349
7,1843474,1000156,1000156,1000157,1001302,1.843184620,1.841076918
7,1821141,1007448,1007448,963386,1008645,1.890354437,1.805532174
7,1843991,1000416,1000416,1000469,1001667,1.843126574,1.840922183
7,1844033,1000417,1000417,1000468,1001667,1.843170396,1.840964113
7,1843549,1000208,1000208,1000208,1001198,1.843165622,1.841343071
7,1837704,1000417,1000417,996614,1001511,1.843947607,1.834931419
7,1843583,1000208,1000208,1000209,1001197,1.843197772,1.841378869
7,1843542,1000209,1000209,1000156,1001198,1.843254452,1.841336079
7,1843854,1000313,1000313,1000364,1001562,1.843183081,1.840978392
7,1827914,1000157,1000157,984947,1001406,1.855850112,1.825347561
7,1843726,1000260,1000260,1000313,1001355,1.843149094,1.841231132
7,1843791,1000365,1000365,1000312,1001406,1.843215917,1.841202270
7,1843797,1000313,1000313,1000312,1001354,1.843221915,1.841303875
7,1834816,1000469,1000469,992344,1001823,1.848971728,1.831477217
7,1843340,1000052,1000052,1000052,1001302,1.843244151,1.840943092
7,1844039,1000469,1000469,1000469,1001511,1.843174551,1.841256861
7,1843450,1000104,1000104,1000104,1001198,1.843258301,1.841244189
7,1826740,1000469,1000469,961927,1001667,1.899042235,1.823699892
7,1843035,999896,999896,999843,1001302,1.843324402,1.840638489
7,1844255,1000573,1000573,1000520,1001979,1.843296486,1.840612428
7,1843278,1000000,1000000,1000052,1001146,1.843182155,1.841168021
7,1834708,1000261,1000261,993698,1001406,1.846343658,1.832132022
7,1843834,1000365,1000365,1000312,1001510,1.843258903,1.841054008
7,1843238,1000000,1000000,1000000,1001145,1.843238000,1.841129906
7,1843368,1000052,1000052,1000105,1001197,1.843174467,1.841164127
7,1829252,1000208,1000208,983022,1001407,1.860845434,1.826681859
7,1844071,1000469,1000469,1000468,1001875,1.843208378,1.840619838
7,1844141,1000521,1000521,1000521,1001614,1.843180703,1.841169353
7,1843447,1000156,1000156,1000104,1001250,1.843255301,1.841145568
7,1836877,1000520,1000520,996928,1001719,1.842537275,1.833724827
7,1843817,1000313,1000313,1000313,1001406,1.843240066,1.841228233
7,1843415,1000104,1000104,1000104,1001250,1.843223305,1.841113608
7,1843417,1000104,1000104,1000104,1001250,1.843225305,1.841115605
7,1788218,1000573,1000573,937292,1001927,1.907855823,1.784778731
7,1844073,1000469,1000469,1000521,1001979,1.843112738,1.840430787
7,1843434,1000104,1000104,1000104,1001302,1.843242303,1.841036970
7,1843500,1000156,1000156,1000104,1001354,1.843308296,1.841007276
7,1837654,1000208,1000208,991926,1001406,1.852611989,1.835073886
7,1843824,1000312,1000312,1000313,1001459,1.843247064,1.841137780
7,1843933,1000365,1000365,1000364,1001510,1.843262053,1.841152859
7,1843719,1000313,1000313,1000260,1001406,1.843239758,1.841130371
7,1830231,1000468,1000468,981719,1001719,1.864312497,1.827090232
7,1843218,1000000,1000000,1000000,1001198,1.843218000,1.841012467
7,1843408,1000104,1000104,1000104,1000989,1.843216306,1.841586671
7,1844150,1000521,1000521,1000521,1001354,1.843189698,1.841656397
7,1838640,1000209,1000209,997552,1001146,1.843152036,1.836535331
7,1843491,1000156,1000156,1000104,1001042,1.843299297,1.841572082
7,1843253,1000000,1000000,1000000,1000885,1.843253000,1.841623164
7,1843183,1000000,1000000,999948,1000833,1.843278851,1.841648906
7,1832757,1000729,1000729,977552,1001771,1.874843487,1.829516926
7,1843431,1000104,1000104,1000156,1001302,1.843143470,1.841033974
7,1843273,1000052,1000052,1000000,1001198,1.843273000,1.841067401
7,1843641,1000261,1000261,1000260,1001406,1.843161778,1.841052480
7,1835106,1000052,1000052,989688,1001302,1.854226787,1.832719799
7,1843423,1000052,1000052,1000053,1001145,1.843325304,1.841314695
7,1843890,1000364,1000364,1000365,1001459,1.843217226,1.841203684
7,1843699,1000312,1000312,1000313,1001354,1.843122103,1.841206007
7,1822311,1000781,1000781,977655,1002031,1.863961213,1.818617388
7,1843633,1000209,1000209,1000208,1001406,1.843249604,1.841044491
7,1843994,1000416,1000416,1000417,1001511,1.843225375,1.841211929
7,1843436,1000156,1000156,1000156,1001250,1.843148469,1.841134582
7,1836483,1000156,1000156,995468,1001354,1.844843832,1.833999764
7,1843786,1000313,1000313,1000312,1001354,1.843210918,1.841292889
7,1843508,1000157,1000157,1000156,1001354,1.843220458,1.841015265
7,1843762,1000313,1000313,1000312,1001458,1.843186926,1.841077709
7,1817625,1000416,1000416,968334,1001667,1.877064112,1.814600062
7,1843288,1000052,1000052,1000052,1001562,1.843192154,1.840413274
7,1843688,1000260,1000260,1000209,1001354,1.843302750,1.841195022
7,1844010,1000416,1000416,1000365,1001563,1.843337182,1.841132310
7,1838970,1000365,1000365,995572,1001614,1.847149177,1.836006685
7,1844042,1000469,1000469,1000521,1001875,1.843081754,1.840590892
7,1844147,1000521,1000521,1000521,1001615,1.843186700,1.841173505
7,1843267,1000052,1000052,1000000,1001146,1.843267000,1.841157034
7,1797621,1000469,1000469,960156,1002031,1.872217640,1.793977432
7,1834202,1000209,1000209,1000156,1001354,1.833915909,1.831721849
7,1844153,1000521,1000521,1000833,1002239,1.842618099,1.840033166
7,1840583,999948,999948,1000052,1001146,1.840487295,1.838476106
7,1837457,1000208,1000208,996095,1001407,1.844660399,1.834875330
7,1843757,1000313,1000313,1000521,1001823,1.842796903,1.840401947
7,1844083,1000469,1000469,1000573,1001979,1.843026946,1.840440768
7,1843411,1000104,1000104,1000104,1001562,1.843219305,1.840536083
7,1829553,1000468,1000468,969219,1001771,1.887656969,1.826318590
7,1843098,999948,999948,999948,1001250,1.843193846,1.840797004
7,1844006,1000469,1000469,1000417,1001354,1.843237370,1.841512592
7,1843855,1000365,1000365,1000312,1001250,1.843279897,1.841553059
7,1839276,1000209,1000209,995470,1001198,1.847645836,1.837075184
7,1843180,1000000,1000000,999948,1001198,1.843275850,1.840974513
7,1843969,1000417,1000417,1000521,1001510,1.843008792,1.841188805
7,1843070,999896,999896,999948,1000938,1.843165845,1.841342820
7,1833207,1000573,1000573,984999,1001719,1.861125747,1.830061125
7,1844028,1000469,1000469,1000521,1001719,1.843067762,1.840863556
7,1843805,1000313,1000313,1000416,1001510,1.843038296,1.841025052
7,1844029,1000417,1000417,1000468,1001354,1.843166398,1.841535561
7,1837500,1000521,1000521,989011,1001562,1.857916646,1.834634301
7,1843283,1000000,1000000,1000052,1001198,1.843187154,1.841077389
7,1844472,1000677,1000677,1000781,1001875,1.843032592,1.841020087
7,1843422,1000104,1000104,1000104,1001094,1.843230304,1.841407500
7,1829330,1000469,1000469,972813,1001510,1.880453900,1.826571876
7,1844012,1000416,1000416,1000469,1001719,1.843147564,1.840847583
7,1843735,1000260,1000260,1000313,1001458,1.843158092,1.841050748
7,1843165,1000000,1000000,1000000,1001406,1.843165000,1.840577149
7,1834890,1000156,1000156,987605,1001302,1.857918905,1.832504080
7,1843710,1000260,1000260,1000261,1001719,1.843228917,1.840546101
7,1844109,1000468,1000468,1000469,1001562,1.843244518,1.841232994
7,1844038,1000469,1000469,1000468,1001563,1.843175394,1.841160267
7,1819004,1000730,1000730,973177,1002239,1.869139941,1.814940349
7,1843527,1000156,1000156,1000156,1001354,1.843239455,1.841034240
7,1843416,1000104,1000104,1000104,1001250,1.843224305,1.841114607
7,1843503,1000156,1000156,1000156,1001302,1.843215458,1.841105880
7,1837715,1000105,1000105,994009,1001302,1.848791108,1.835325406
7,1844069,1000468,1000468,1000417,1001719,1.843300344,1.840904485
7,1843560,1000209,1000209,1000208,1001614,1.843176619,1.840589289
7,1843945,1000417,1000417,1000364,1001511,1.843274048,1.841163003
7,1825959,1000573,1000573,967760,1001875,1.886789080,1.822541734
7,1843909,1000365,1000365,1000364,1001719,1.843238061,1.840744760
7,1843317,1000052,1000052,1000052,1001303,1.843221153,1.840918283
7,1843670,1000261,1000261,1000260,1001355,1.843190770,1.841175208
7,1836904,1000208,1000208,994271,1001511,1.847488260,1.834132626
7,1843819,1000365,1000365,1000313,1001354,1.843242065,1.841325845
7,1843327,1000053,1000053,1000052,1001094,1.843231152,1.841312604
7,1843384,1000104,1000104,1000105,1001146,1.843190465,1.841273900
7,1829754,1000468,1000468,983230,1001719,1.860962338,1.826614050
7,1843860,1000364,1000364,1000365,1001250,1.843187237,1.841558052
7,1843802,1000364,1000364,1000313,1001198,1.843225071,1.841595768
7,1843295,1000052,1000052,1000052,1000938,1.843199154,1.841567610
7,1839470,1000208,1000208,996146,1001198,1.846586745,1.837268952
7,1844306,1000625,1000625,1000625,1001614,1.843154029,1.841334087
7,1836461,1000990,1000990,1001094,1002135,1.834454107,1.832548509
7,1841246,1000729,1000729,1000782,1001771,1.839807271,1.837990918
7,1831108,1000313,1000313,970260,1001510,1.887234350,1.828347196
7,1844411,1000677,1000677,1000677,1001615,1.843163179,1.841437079
7,1843121,999948,999948,1000000,1001042,1.843121000,1.841202467
7,1843392,1000104,1000104,1000104,1001042,1.843200307,1.841473185
7,1836722,1000260,1000260,993280,1001354,1.849148276,1.834238441
7,1843696,1000312,1000312,1000261,1001198,1.843214921,1.841489895
7,1844246,1000521,1000521,1000677,1001667,1.842998290,1.841176758
7,1843612,1000209,1000209,1000416,1001406,1.842845376,1.841023521
7,1830936,1000625,1000625,984583,1001719,1.859605539,1.827794022
7,1844113,1000521,1000521,1000416,1001459,1.843346168,1.841426359
7,1843758,1000261,1000261,1000260,1001250,1.843278748,1.841456180
7,1843297,1000052,1000052,1000000,1000937,1.843297000,1.841571448
7,1837486,1000156,1000156,997501,1001198,1.842089381,1.835287326
7,1843852,1000364,1000364,1000313,1001302,1.843275055,1.841454426
7,1843844,1000364,1000364,1000417,1001406,1.843075438,1.841255195
7,1844230,1000573,1000573,1000625,1001614,1.843078076,1.841258209
7,1920233,1000677,1000677,968542,1001771,1.982601684,1.916838279
7,2092329,1000468,1000468,1000469,1001406,2.091348158,2.089391316
7,2092946,1000104,1000104,1000052,1000886,2.092837172,2.091093291
7,2093023,1000104,1000104,1000104,1000990,2.092805348,2.090952957
7,2086782,1000208,1000208,995313,1001302,2.096608805,2.084068543
7,2093617,1000417,1000417,1000469,1001406,2.092635554,2.090677507
7,2091934,1000209,1000209,1000260,1001146,2.091390239,2.089539388
7,2093699,1000416,1000416,1000469,1001198,2.092717515,2.091193750
7,2080697,1000157,1000157,986613,1001042,2.108929236,2.078531171
7,2092945,1000104,1000104,1000000,1000937,2.092945000,2.090985746
7,2093281,1000209,1000209,1000312,1001354,2.092628100,2.090450530
7,2093102,1000156,1000156,1000156,1001093,2.092775527,2.090816737
7,2088052,1000105,1000105,992500,1001042,2.103830730,2.085878515
7,2092900,1000052,1000052,1000052,1000781,2.092791175,2.091266721
7,2017126,1000469,1000469,1000521,1001355,2.016075625,2.014396493
7,1840189,1000469,1000469,1000521,1001563,1.839230761,1.837317273
7,1825627,1000521,1000521,967553,1001562,1.886849609,1.822779818
7,1843401,1000417,1000417,1000468,1001667,1.842538692,1.840333165
7,1844026,1000469,1000469,1000416,1001615,1.843259204,1.841052700
7,1843817,1000416,1000416,1000417,1001510,1.843048449,1.841037034
7,1836712,1000625,1000625,991979,1001875,1.851563390,1.833274610
7,1843105,1000156,1000156,1000156,1001302,1.842817520,1.840708398
7,1843389,1000209,1000209,1000208,1001407,1.843005655,1.840798996
7,1843452,1000209,1000209,1000260,1001406,1.842972827,1.840863746
7,1808313,1000572,1000572,961823,1001875,1.880089164,1.804928759
7,1843036,1000053,1000053,1000000,1001145,1.843036000,1.840928137
7,1843463,1000312,1000312,1000313,1001771,1.842886177,1.840203999
7,1843855,1000364,1000364,1000365,1001510,1.843182238,1.841074977
7,1836522,1000260,1000260,989533,1001406,1.855948210,1.833943475
7,1842726,1000156,1000156,1000156,1001302,1.842438580,1.840329890
7,1843574,1000156,1000156,1000208,1001302,1.843190616,1.841176788
7,1843126,1000052,1000052,1000052,1001146,1.843030162,1.841016195
7,1805212,1000573,1000573,950625,1001927,1.898973833,1.801740047
7,1843361,1000105,1000105,1000052,1001407,1.843265150,1.840771035
7,1843372,1000209,1000209,1000156,1001406,1.843084479,1.840783858
7,1843637,1000365,1000365,1000313,1001354,1.843060122,1.841144091
7,1837525,1000573,1000573,994272,1001875,1.848110980,1.834086089
7,1843186,1000105,1000105,1000052,1001093,1.843090159,1.841173597
7,1843720,1000260,1000260,1000312,1001302,1.843144939,1.841322598
7,1843126,1000052,1000052,1000052,1001302,1.843030162,1.840729370
7,1830233,1000312,1000312,982447,1001510,1.862933064,1.827473515
7,1843137,1000157,1000157,1000156,1001198,1.842849515,1.840931564
7,1843462,1000261,1000261,1000208,1001198,1.843078640,1.841256175
7,1843926,1000416,1000416,1000365,1001302,1.843253213,1.841528330
7,1839291,1000156,1000156,997553,1001250,1.843802785,1.836994757
7,1843909,1000416,1000416,1000365,1001406,1.843236219,1.841320104
7,1843318,1000260,1000260,1000261,1001146,1.842837020,1.841207976
7,1843238,1000156,1000156,1000104,1001041,1.843046323,1.841321185
7,1825632,1000364,1000364,968333,1001406,1.885334900,1.823068765
7,1843047,1000105,1000105,1000104,1001093,1.842855343,1.841034749
7,1844059,1000469,1000469,1000416,1001459,1.843292190,1.841372438
7,1843290,1000052,1000052,1000052,1001041,1.843194154,1.841373131
7,1839112,1000469,1000469,996146,1001458,1.846227360,1.836434479
7,1843670,1000365,1000365,1000364,1001302,1.842999148,1.841272663
7,1843645,1000469,1000469,1000468,1001355,1.842782578,1.841150241
7,1843643,1000365,1000365,1000312,1001250,1.843067963,1.841341323
7,1829499,1000625,1000625,980469,1001823,1.865942727,1.826169892
7,1841163,1000052,1000052,1000052,1001094,1.841067265,1.839150969
7,1843827,1000313,1000313,1000364,1001615,1.843156091,1.840854021
7,1843459,1000365,1000365,1000364,1001355,1.842788225,1.840964493
7,1835864,1000157,1000157,993230,1001407,1.848377516,1.833284569
7,1843903,1000468,1000468,1000469,1001718,1.843038615,1.840740608
7,1843451,1000261,1000261,1000260,1001302,1.842971827,1.841053948
7,1843142,1000052,1000052,1000104,1001094,1.842950333,1.841127806
7,1817937,1000729,1000729,952240,1002135,1.909116399,1.814063973
7,1843619,1000365,1000365,1000364,1001458,1.842948167,1.840934917
7,1843776,1000417,1000417,1000417,1001615,1.843007466,1.840803103
7,1843285,1000052,1000052,1000000,1001146,1.843285000,1.841175013
7,1835630,1000260,1000260,992866,1001770,1.848819478,1.832386676
7,1843356,1000209,1000209,1000208,1001303,1.842972662,1.840957233
7,1843818,1000469,1000469,1000417,1001563,1.843049448,1.840940610
7,1843971,1000416,1000416,1000417,1001771,1.843202385,1.840711101
7,1826861,1000677,1000677,976927,1002187,1.870007687,1.822874374
7,1843341,1000156,1000156,1000156,1001354,1.843053484,1.840848491
7,1843383,1000208,1000208,1000261,1001302,1.842902003,1.840986036
7,1844007,1000520,1000520,1000521,1001614,1.843046773,1.841035569
7,1838133,1000365,1000365,993957,1001563,1.849308370,1.835264482
7,1843676,1000416,1000416,1000365,1001458,1.843003304,1.840991834
7,1843736,1000261,1000261,1000312,1001563,1.843160934,1.840858738
7,1843667,1000417,1000417,1000469,1001458,1.842802726,1.840982847
7,1795555,1000312,1000312,944896,1001666,1.900267331,1.792568581
7,1843537,1000156,1000156,1000208,1001615,1.843153624,1.840564488
7,1843703,1000365,1000365,1000417,1001563,1.842934496,1.840825789
7,1843412,1000104,1000104,1000104,1001250,1.843220305,1.841110612
7,1838114,1000312,1000312,996563,1001510,1.844453386,1.835342633
7,1844022,1000469,1000469,1000469,1001563,1.843157559,1.841144291
7,1843264,1000104,1000104,1000104,1001198,1.843072320,1.841058412
7,1843238,1000156,1000156,1000104,1001406,1.843046323,1.840650046
7,1829302,1000677,1000677,979480,1002239,1.867625679,1.825215343
7,1843878,1000469,1000469,1000469,1001927,1.843013627,1.840331681
7,1843180,1000156,1000156,1000157,1001302,1.842890666,1.840783300
7,1844104,1000469,1000469,1000468,1001614,1.843241363,1.841132412
7,1837562,1000625,1000625,992187,1002188,1.852031925,1.833550192
7,1843515,1000157,1000157,1000156,1001302,1.843227457,1.841117865
7,1843503,1000260,1000260,1000209,1001458,1.843117788,1.840819086
7,1843585,1000416,1000416,1000365,1001510,1.842912337,1.840805384
7,1826010,1000469,1000469,966666,1001979,1.888977165,1.822403464
7,1843255,1000157,1000157,1000104,1001615,1.843063321,1.840282943
7,1843216,1000104,1000104,1000104,1001250,1.843024325,1.840914856
7,1843212,1000208,1000208,1000208,1001302,1.842828692,1.840815259
7,1836696,1000521,1000521,995207,1001719,1.845541681,1.833544138
7,1843332,1000364,1000364,1000365,1001510,1.842659429,1.840552765
7,1843839,1000469,1000469,1000468,1001823,1.842976487,1.840483798
7,1843180,1000000,1000000,1000000,1001146,1.843180000,1.841070134
7,1824987,1000677,1000677,982604,1002187,1.857296530,1.821004463
7,1843597,1000417,1000417,1000416,1001563,1.842830383,1.840719955
7,1843607,1000313,1000313,1000312,1001458,1.843031974,1.840922934
7,1843735,1000261,1000261,1000261,1001407,1.843253911,1.841144510
7,1838981,1000416,1000416,996771,1001667,1.844938306,1.835920520
7,1843151,1000105,1000105,1000000,1001250,1.843151000,1.840849938
7,1843798,1000313,1000313,1000312,1001719,1.843222914,1.840633950
7,1843899,1000469,1000469,1000521,1001614,1.842938829,1.840927743
7,1822278,1000573,1000573,967239,1002136,1.883999715,1.818393911
7,1843909,1000469,1000469,1000469,1001666,1.843044612,1.840842157
7,1843149,1000052,1000052,1000052,1001198,1.843053161,1.840943550
7,1843513,1000156,1000156,1000157,1001250,1.843223614,1.841211486
7,1835428,1000260,1000260,987657,1001718,1.858365809,1.832280143
7,1843811,1000312,1000312,1000313,1001458,1.843234068,1.841126637
7,1843175,1000000,1000000,1000000,1001093,1.843175000,1.841162609
7,1844080,1000469,1000469,1000417,1001563,1.843311339,1.841202201
7,1827917,1000365,1000365,981717,1001927,1.861959200,1.824401379
7,1843270,1000052,1000052,1000000,1001250,1.843270000,1.840968789
7,1843768,1000313,1000313,1000312,1001406,1.843192924,1.841179302
7,1843072,1000157,1000157,1000156,1001563,1.842784526,1.840195774
7,1836521,1000104,1000104,995313,1001250,1.845169309,1.834228215
7,1843585,1000209,1000209,1000208,1001354,1.843201614,1.841092161
7,1843719,1000364,1000364,1000365,1001562,1.843046288,1.840843602
7,1843302,1000261,1000261,1000260,1001354,1.842822866,1.840809544
7,1789873,1000521,1000521,943958,1002240,1.896136269,1.785872645
7,1843267,999948,999948,999948,1001093,1.843362855,1.841254509
7,1843640,1000365,1000365,1000365,1001459,1.842967317,1.840954048
7,1843590,1000208,1000208,1000209,1001354,1.843204770,1.841097154
7,1835628,1000156,1000156,995729,1001354,1.843501595,1.833145920
7,1843332,1000104,1000104,1000104,1001458,1.843140313,1.840648335
7,1843511,1000208,1000208,1000157,1001615,1.843221614,1.840538530
7,1843463,1000261,1000261,1000260,1001354,1.842983824,1.840970326
7,1802046,1000313,1000313,961614,1001875,1.873980620,1.798673487
7,1843851,1000469,1000469,1000417,1001666,1.843082435,1.840784253
7,1843678,1000261,1000261,1000208,1001406,1.843294595,1.841089428
7,1843990,1000417,1000417,1000417,1001563,1.843221377,1.841112341
7,1838951,1000521,1000521,996510,1001771,1.845391416,1.835699975
7,1843825,1000520,1000520,1000469,1001667,1.842960651,1.840756459
7,1843176,999948,999948,999948,1001146,1.843271850,1.841066138
7,1843191,1000104,1000104,1000052,1001510,1.843095159,1.840411978
7,1815326,1000261,1000261,964531,1001771,1.882081551,1.812116741
7,1843049,1000052,1000052,1000000,1001198,1.843049000,1.840843669
7,1843053,1000053,1000053,1000000,1001146,1.843053000,1.840943279
7,1847031,1005782,1005782,1001979,1006979,1.843382945,1.834229909
7,1843710,1000260,1000260,1000261,1001354,1.843228917,1.841216992
7,1843820,1000468,1000468,1000469,1001563,1.842955654,1.840942607
7,1843212,1000208,1000208,1000208,1001302,1.842828692,1.840815259
7,1835859,1000104,1000104,991719,1001354,1.851188694,1.833376608
7,1837923,1000365,1000365,992135,1001875,1.852492856,1.834483344
7,1843257,1000156,1000156,1000156,1001563,1.842969497,1.840380485
7,1843351,1000313,1000313,1000312,1001406,1.842776054,1.840762887
7,1834852,1000417,1000417,996823,1001615,1.840699904,1.831893492
7,1843401,1000156,1000156,1000104,1001250,1.843209306,1.841099625
7,1843939,1000364,1000364,1000365,1001510,1.843266208,1.841158850
7,1844101,1000833,1000833,1000833,1001979,1.842566142,1.840458732
7,1835545,1000365,1000365,978541,1001614,1.875797744,1.832587204
7,1835408,1000208,1000208,993229,1001823,1.847920268,1.832068140
7,1843374,1000104,1000104,1000052,1001198,1.843278150,1.841168280
7,1843223,1000052,1000052,1000000,1001146,1.843223000,1.841113084
7,1836192,1000521,1000521,994426,1001666,1.846484304,1.833137992
7,1843684,1000260,1000260,1000261,1001511,1.843202924,1.840902396
7,1844009,1000469,1000469,1000416,1001562,1.843242211,1.841133150
7,1843464,1000157,1000157,1000156,1001250,1.843176464,1.841162547
7,1835557,1000469,1000469,986094,1001719,1.861442215,1.832407092
7,1838397,1000104,1000104,993906,1001614,1.849668882,1.835434609
7,1843530,1000156,1000156,1000157,1001354,1.843240611,1.841037236
7,1843222,1000000,1000000,999948,1001146,1.843317853,1.841112086
7,1836932,1000156,1000156,996354,1001406,1.843653962,1.834352900
7,1843514,1000156,1000156,1000156,1001250,1.843226457,1.841212484
7,1844029,1000469,1000469,1000416,1001562,1.843262203,1.841153119
7,1844075,1000469,1000469,1000469,1001875,1.843210534,1.840623830
7,1835112,1000573,1000573,976771,1001823,1.878753567,1.831772678
7,1836556,1000104,1000104,997969,1001614,1.840293636,1.833596575
7,1844052,1000469,1000469,1000469,1001615,1.843187545,1.841078658
7,1843693,1000260,1000260,1000260,1001354,1.843213764,1.841200015
7,1837120,1000052,1000052,996042,1001250,1.844420215,1.834826467
7,1843977,1000417,1000417,1000417,1001510,1.843208382,1.841196793
7,1844172,1000521,1000521,1000521,1001615,1.843211687,1.841198464
7,1843439,1000156,1000156,1000104,1001198,1.843247302,1.841233203
7,1835967,1002708,1002708,985677,1004010,1.862645674,1.828634177
7,1843928,1000417,1000417,1000364,1001822,1.843257054,1.840574473
7,1843938,1000364,1000364,1000417,1001563,1.843169398,1.841060423
7,1843638,1000261,1000261,1000208,1001406,1.843254603,1.841049484
7,1836675,1000313,1000313,995886,1001510,1.844262295,1.833905802
7,1843486,1000156,1000156,1000104,1001250,1.843294297,1.841184519
7,1843517,1000208,1000208,1000156,1001302,1.843229456,1.841119862
7,1843685,1000260,1000260,1000260,1001407,1.843205767,1.841094580
7,1825113,1000469,1000469,964845,1001718,1.891612642,1.821982833
7,1843446,1000104,1000104,1000156,1001614,1.843158467,1.840475473
7,1843678,1000260,1000260,1000260,1001459,1.843198768,1.840991993
7,1843385,1000104,1000104,1000104,1001510,1.843193308,1.840605685
7,1838524,1000573,1000573,997031,1001771,1.843998833,1.835273730
7,1843634,1000209,1000209,1000364,1001562,1.842963161,1.840758735
7,1843208,999948,999948,1000052,1001146,1.843112158,1.841098102
7,1843882,1000365,1000365,1000365,1001458,1.843209229,1.841197534
7,1771666,1000885,1000885,930155,1002188,1.904699754,1.767798058
7,1843875,1000364,1000364,1000469,1001875,1.843010628,1.840424205
7,1844003,1000417,1000417,1000416,1001667,1.843236214,1.840934163
7,1843946,1000364,1000364,1000417,1001563,1.843177395,1.841068410
7,1836810,1000052,1000052,992500,1001302,1.850690176,1.834421583
7,1844145,1000521,1000521,1000521,1001667,1.843184701,1.841075926
7,1844225,1000573,1000573,1000573,1001980,1.843168864,1.840580650
7,1842843,1000156,1000156,1000156,1001302,1.842555561,1.840446738
7,1818655,1000260,1000260,951457,1001458,1.911442136,1.816007261
7,2087461,1000156,1000156,1000157,1001407,2.087133320,2.084528069
7,2093057,1000104,1000104,1000105,1001041,2.092837252,2.090880394
7,2092898,1000052,1000052,1000052,1000834,2.092789175,2.091153978
7,2087539,1000313,1000313,997396,1001146,2.092989144,2.085149419
7,2093697,1000469,1000469,1000521,1001510,2.092606752,2.090540284
7,2092784,1000000,1000000,1000000,1000833,2.092784000,2.091042162
7,2093785,1000469,1000469,1000469,1001250,2.092803475,2.091171036
7,2079610,1000208,1000208,980834,1001146,2.120246647,2.077229495
7,2093450,1000313,1000313,1000312,1001354,2.092797047,2.090619301
7,2017170,1000625,1000625,1000781,1001615,2.015595820,2.013917523
7,1840154,1000416,1000416,1000417,1001354,1.839386976,1.837665801
7,1838839,1000312,1000312,995573,1001250,1.847015739,1.836543321
7,1843892,1000417,1000417,1000365,1001406,1.843219225,1.841303128
7,1843793,1000313,1000313,1000260,1001250,1.843313738,1.841491136
7,1843404,1000104,1000104,1000105,1000989,1.843210463,1.841582675
7,1830121,1000730,1000730,972135,1001823,1.882579066,1.826790760
7,1843872,1000365,1000365,1000312,1001510,1.843296891,1.841091951
7,1844107,1000521,1000521,1000469,1001354,1.843242519,1.841613455
7,1843841,1000312,1000312,1000365,1001302,1.843168244,1.841443441
7,1839930,1000469,1000469,996510,1001614,1.846373845,1.836965138
7,1843145,1000312,1000312,1000313,1001146,1.842568276,1.841035174
7,1843670,1000261,1000261,1000260,1001094,1.843190770,1.841655229
7,1843396,1000156,1000156,1000052,1000937,1.843300148,1.841670355
7,1818724,1000729,1000729,977239,1001667,1.861084136,1.815697233
7,1844285,1000573,1000573,1000625,1001875,1.843133042,1.840833437
7,1844144,1000521,1000521,1000469,1001614,1.843279502,1.841172348
7,1842453,1000521,1000521,1000573,1001927,1.841397879,1.838909422
7,1835729,1000417,1000417,990938,1001667,1.852516505,1.832673933
7,1843834,1000312,1000312,1000365,1001719,1.843161246,1.840669888
7,1843610,1000208,1000208,1000208,1001302,1.843226609,1.841212741
7,1843703,1000312,1000312,1000261,1001354,1.843221919,1.841210002
7,1817082,1000208,1000208,962032,1001458,1.888795799,1.814436552
7,1844101,1000469,1000469,1000521,1001771,1.843140724,1.840840871
7,1843723,1000260,1000260,1000260,1001303,1.843243757,1.841323755
7,1844176,1000521,1000521,1000520,1001562,1.843217527,1.841299890
7,1838461,1000520,1000520,993386,1001823,1.850701540,1.835115584
7,1843939,1000416,1000416,1000417,1001458,1.843170398,1.841254451
7,1844193,1000521,1000521,1000521,1001615,1.843232676,1.841219431
7,1843938,1000417,1000417,1000416,1001666,1.843171241,1.840871109
7,1830094,1000312,1000312,984427,1001458,1.859044906,1.827429608
7,1843399,1000104,1000104,1000157,1001250,1.843109632,1.841097628
7,1844058,1000468,1000468,1000469,1001406,1.843193542,1.841468895
7,1843292,1000052,1000052,1000000,1000990,1.843292000,1.841468946
7,1838980,1000365,1000365,995052,1001406,1.848124520,1.836398024
7,1843986,1000416,1000416,1000573,1001563,1.842930001,1.841108348
7,1832512,1000208,1000208,1000260,1001302,1.832035671,1.830129172
7,1842214,1000521,1000521,1000572,1001667,1.841160856,1.839148140
7,1824382,1000572,1000572,960469,1001771,1.899469946,1.821156731
7,1843649,1000260,1000260,1000261,1001198,1.843167933,1.841442951
7,1843028,999895,999895,999896,1000885,1.843219695,1.841398362
7,1843560,1000208,1000208,1000156,1001146,1.843272449,1.841449699
7,1839100,1000157,1000157,995833,1001198,1.846795597,1.836899395
7,1843601,1000209,1000209,1000260,1001094,1.843121788,1.841586305
7,1842074,1000313,1000313,1000521,1001562,1.841114779,1.839201168
7,1843660,1000260,1000260,1000313,1001302,1.843083115,1.841262676
7,1828715,1000260,1000260,982813,1001302,1.860694761,1.826337109
7,1843415,1000104,1000104,1000156,1001146,1.843127472,1.841304865
7,1843137,1000000,1000000,1000000,1000886,1.843137000,1.841505426
7,1843458,1000157,1000157,1000104,1001094,1.843266300,1.841443461
7,1840084,1000521,1000521,997603,1001562,1.844505279,1.837214271
7,1844197,1000520,1000520,1000573,1001563,1.843140880,1.841319018
7,1844338,1000625,1000625,1000677,1001667,1.843090228,1.841268605
7,1844062,1000469,1000469,1000625,1001615,1.842910181,1.841088642
7,1856518,1000208,1000208,947292,1001615,1.959815981,1.853524558
7,2090276,1000156,1000156,1000156,1001042,2.089949968,2.088100200
7,2093119,1000156,1000156,1000157,1001041,2.092790432,2.090942329
7,2093327,1000261,1000261,1000260,1001094,2.092782876,2.091039403
7,2088380,1000469,1000469,996303,1001355,2.096129390,2.085554074
7,2093847,1000469,1000469,1000625,1001563,2.092539163,2.090579424
7,2093512,1000364,1000364,1000417,1001355,2.092639369,2.090679130
7,2093207,1000156,1000156,1000313,1001302,2.092552031,2.090485188
7,2078433,1000365,1000365,982395,1001406,2.115679538,2.075514826
7,2092031,1000000,1000000,999948,1000938,2.092139791,2.090070514
7,2093467,1000312,1000312,1000365,1001250,2.092703163,2.090853433
7,2093794,1000468,1000468,1000469,1001302,2.092812471,2.091071425
7,2087193,1000209,1000209,997865,1001146,2.091658691,2.084803815
7,2092921,1000052,1000052,1000052,1000833,2.092812174,2.091179048
7,1946768,1000260,1000260,1000313,1001094,1.946158852,1.944640563
7,1841775,1000261,1000261,1000260,1001146,1.841296263,1.839666742
7,1824784,1000573,1000573,966666,1001614,1.887708888,1.821843545
7,1843607,1000208,1000208,1000209,1001250,1.843221767,1.841305368
7,1843773,1000312,1000312,1000313,1001407,1.843196080,1.841182456
7,1843780,1000313,1000313,1000312,1001250,1.843204920,1.841478152
7,1839390,1000677,1000677,995000,1001823,1.848633166,1.836042894
7,1843419,1000104,1000104,1000105,1001094,1.843225461,1.841404503
7,1843248,1000052,1000052,1000052,1001042,1.843152156,1.841329335
7,1843922,1000365,1000365,1000417,1001355,1.843153405,1.841426867
7,1821411,1000521,1000521,978908,1001771,1.860655955,1.818190984
7,1843834,1000365,1000365,1000313,1001302,1.843257061,1.841436450
7,1843120,999948,999948,999948,1001094,1.843215847,1.841105830
7,1844029,1000468,1000468,1000417,1001406,1.843260360,1.841439935
7,1837911,1000417,1000417,994167,1001563,1.848694435,1.835042828
7,1843794,1000313,1000313,1000208,1001458,1.843410571,1.841109662
7,1843226,1000365,1000365,1000365,1001302,1.842553468,1.840829240
7,1844013,1000417,1000417,1000469,1001406,1.843148563,1.841423958
7,1824845,1000260,1000260,969427,1001458,1.882395477,1.822188250
7,1842772,1000000,1000000,1000000,1001042,1.842772000,1.840853830
7,1844131,1000521,1000521,1000468,1001459,1.843268350,1.841444333
7,1843460,1000261,1000261,1000260,1001198,1.842980825,1.841254177
7,1837159,1000365,1000365,995000,1001719,1.846390955,1.834006343
7,1843167,1000104,1000104,1000052,1001042,1.843071160,1.841248419
7,1841694,1000261,1000261,1000260,1001198,1.841215284,1.839490291
7,1843657,1000365,1000365,1000364,1001406,1.842986153,1.841068458
7,1831069,1000157,1000157,984218,1001354,1.860430311,1.828593085
7,1843619,1000261,1000261,1000260,1001198,1.843139784,1.841412987
7,1843443,1000209,1000209,1000208,1001094,1.843059644,1.841428477
7,1843454,1000156,1000156,1000104,1001041,1.843262301,1.841536960
7,1837016,1000209,1000209,988801,1001250,1.857821746,1.834722597
7,1843266,1000157,1000157,1000156,1000990,1.842978495,1.841442971
7,1843548,1000208,1000208,1000209,1001198,1.843162779,1.841342072
7,1843267,1000260,1000260,1000261,1001094,1.842786033,1.841252670
7,1830076,1000781,1000781,976406,1001927,1.874298192,1.826556226
7,1843098,1000052,1000052,1000052,1001302,1.843002164,1.840701407
7,1842654,1000053,1000053,1000052,1001093,1.842558187,1.840642178
7,1843238,1000000,1000000,1000000,1001042,1.843238000,1.841319345
7,1838186,1000416,1000416,995000,1001719,1.847423116,1.835031581
7,1843368,1000052,1000052,1000104,1001354,1.843176310,1.840875455
7,1843164,999948,999948,1000000,1001041,1.843164000,1.841247262
7,1843732,1000261,1000261,1000312,1001302,1.843156935,1.841334582
7,1829321,1000208,1000208,982396,1001459,1.862101434,1.826655909
7,1843648,1000313,1000313,1000364,1001459,1.842977156,1.840962036
7,1843840,1000364,1000364,1000365,1001406,1.843167244,1.841251201
7,1844114,1000521,1000521,1000520,1001563,1.843155559,1.841236148
7,1837291,1000105,1000105,993801,1001354,1.848751410,1.834806672
7,1843895,1000468,1000468,1000469,1001510,1.843030619,1.841114916
7,1843570,1000208,1000208,1000209,1001406,1.843184774,1.840981580
7,1843691,1000365,1000365,1000365,1001458,1.843018298,1.841006812
7,1828155,1000417,1000417,971196,1001667,1.882374927,1.825112537
7,1843231,1000000,1000000,999948,1000989,1.843326853,1.841409846
7,1843865,1000416,1000416,1000365,1001250,1.843192235,1.841563046
7,1842744,1000052,1000052,1000052,1001094,1.842648182,1.840730241
7,1838122,1000521,1000521,997708,1001510,1.842344654,1.835350621
7,1843950,1000364,1000364,1000417,1001302,1.843181393,1.841552299
7,1843439,1000208,1000208,1000208,1001094,1.843055644,1.841424482
7,1843300,1000052,1000052,1000052,1000989,1.843204153,1.841478777
7,1829865,1000521,1000521,987917,1001667,1.852245685,1.826819692
7,1843347,1000104,1000104,1000052,1001146,1.843251151,1.841236942
7,1843095,999948,999948,999896,1000937,1.843286702,1.841369637
7,1843617,1000208,1000208,1000261,1001146,1.843135942,1.841506633
7,1838821,1000416,1000416,993698,1001562,1.850482742,1.835953241
7,1842711,1000052,1000052,1000000,1001146,1.842711000,1.840601670
7,1843329,1000052,1000052,1000052,1001042,1.843233152,1.841410251
7,1843445,1000261,1000261,1000208,1001198,1.843061643,1.841239195
7,1826340,1000364,1000364,972918,1001771,1.877177727,1.823111270
7,1842912,1000052,1000052,1000053,1001250,1.842814331,1.840611236
7,1843580,1000209,1000209,1000156,1001302,1.843292446,1.841182780
7,1843464,1000105,1000105,1000104,1001302,1.843272300,1.841066931
7,1837903,1000573,1000573,996094,1001875,1.845110000,1.834463381
7,1843223,1000000,1000000,1000000,1001093,1.843223000,1.841210557
7,1842938,999948,999948,999948,1001094,1.843033838,1.840924029
7,1843669,1000313,1000313,1000312,1001771,1.843093955,1.840409635
7,1826450,1000104,1000104,981876,1001614,1.860163605,1.823506860
7,1843534,1000157,1000157,1000156,1001302,1.843246454,1.841136840
7,1843586,1000365,1000365,1000364,1001510,1.842915179,1.840806382
7,1844062,1000469,1000469,1000469,1001875,1.843197540,1.840610855
7,1837082,1000521,1000521,996094,1001719,1.844285780,1.833929475
7,1843748,1000313,1000313,1000312,1001458,1.843172930,1.841063729
7,1843143,999948,999948,999948,1001094,1.843238848,1.841128805
7,1843275,1000156,1000156,1000156,1001302,1.842987494,1.840878177
7,1823876,1000573,1000573,971196,1002083,1.877969020,1.820084763
7,1842955,999947,999947,999948,1001407,1.843050839,1.840365606
7,1843714,1000260,1000260,1000261,1001406,1.843232916,1.841125378
7,1843209,1000104,1000104,1000105,1001250,1.843015483,1.840907865
7,1836894,1000573,1000573,995678,1001718,1.844867517,1.833743628
7,1843683,1000364,1000364,1000365,1001458,1.843010301,1.840998824
7,1842847,1000000,1000000,1000000,1001146,1.842847000,1.840737515
7,1843889,1000365,1000365,1000312,1001510,1.843313886,1.841108926
7,1831464,1000261,1000261,983385,1001459,1.862407907,1.828795787
7,1843193,1000000,1000000,999948,1001094,1.843288851,1.841178750
7,1843327,1000209,1000209,1000156,1001406,1.843039486,1.840738921
7,1844095,1000468,1000468,1000521,1001770,1.843134727,1.840836719
7,1837869,1000417,1000417,997031,1001563,1.843341882,1.835000894
7,1843438,1000208,1000208,1000261,1001250,1.842956988,1.841136579
7,1844057,1000468,1000468,1000469,1001510,1.843192543,1.841276672
7,1843199,1000000,1000000,1000052,1001250,1.843103159,1.840897878
7,1825495,1000365,1000365,967605,1001823,1.886611789,1.822173178
7,1844061,1000521,1000521,1000469,1001667,1.843196541,1.840992066
7,1843926,1000521,1000521,1000469,1001615,1.843061604,1.840952861
7,1843880,1000364,1000364,1000365,1001458,1.843207229,1.841195537
7,1836866,1000521,1000521,990469,1001979,1.854541636,1.833238022
7,1843356,1000104,1000104,1000104,1001198,1.843164311,1.841150302
7,1843382,1000104,1000104,1000104,1001563,1.843190308,1.840505290
7,1843376,1000104,1000104,1000104,1001250,1.843184309,1.841074657
7,1826918,1000625,1000625,978957,1002084,1.866188198,1.823118621
7,1844010,1000468,1000468,1000417,1001667,1.843241368,1.840941151
7,1843093,999947,999947,999896,1001094,1.843284702,1.841078860
7,1843348,1000104,1000104,1000104,1001198,1.843156312,1.841142312
7,1838879,1000521,1000521,996927,1001719,1.844547294,1.835723391
7,1843497,1000156,1000156,1000104,1001250,1.843305296,1.841195506
7,1843283,1000156,1000156,1000105,1001250,1.843089476,1.840981773
7,1844082,1000521,1000521,1000521,1001614,1.843121734,1.841110448
7,1826021,1000417,1000417,983438,1001667,1.856772872,1.822982089
7,1843552,1000208,1000208,1000156,1001354,1.843264451,1.841059206
7,1843229,1000000,1000000,1000000,1001094,1.843229000,1.841214711
7,1844132,1000469,1000469,1000521,1001562,1.843171708,1.841255958
7,1837364,1000209,1000209,996094,1001406,1.844568886,1.834784293
7,1844134,1000520,1000520,1000469,1001562,1.843269507,1.841257955
7,1844178,1000521,1000521,1000573,1001667,1.843121891,1.841108872
7,1843971,1000416,1000416,1000417,1001562,1.843202385,1.841095209
7,1785270,1000625,1000625,947239,1002187,1.884709139,1.781374135
7,1844034,1000468,1000468,1000469,1001667,1.843169553,1.840965111
7,1843274,1000052,1000052,1000052,1001146,1.843178155,1.841164026
7,1843540,1000365,1000365,1000365,1001771,1.842867353,1.840280863
7,1837287,1000052,1000052,995104,1001354,1.846326615,1.834802677
7,1843665,1000260,1000260,1000209,1001355,1.843279755,1.841170214
7,1843260,1000104,1000104,1000105,1001250,1.843066478,1.840958801
7,1843728,1000416,1000416,1000417,1001511,1.842959486,1.840946330
7,1825724,1000469,1000469,968750,1001927,1.884618323,1.822212596
7,1843280,1000156,1000156,1000104,1001354,1.843088319,1.840787574
7,1844141,1000521,1000521,1000468,1001614,1.843278346,1.841169353
7,1843332,1000312,1000312,1000313,1001459,1.842755218,1.840646497
7,1835582,1000469,1000469,997344,1001666,1.840470289,1.832529007
7,1843935,1000469,1000469,1000468,1001666,1.843072442,1.840868114
7,1843725,1000417,1000417,1000417,1001511,1.842956487,1.840943335
7,1843210,1000104,1000104,1000104,1001459,1.843018326,1.840524674
7,1785944,1000729,1000729,941146,1002187,1.897626936,1.782046664
7,1843192,1000104,1000104,1000052,1001250,1.843096159,1.840890886
7,1843850,1000312,1000312,1000365,1001459,1.843177240,1.841163742
7,1843900,1000469,1000469,1000469,1001614,1.843035616,1.840928741
7,1836103,1000417,1000417,989791,1001875,1.855041115,1.832666750
7,1843270,1000260,1000260,1000260,1001354,1.842790874,1.840777587
7,1843450,1000260,1000260,1000209,1001355,1.843064799,1.840955505
7,1842958,1000156,1000156,1000157,1001303,1.842668701,1.840559751
7,1797327,1000520,1000520,941406,1002032,1.909194333,1.793682238
7,1844014,1000417,1000417,1000469,1001667,1.843149563,1.840945144
7,1844028,1000573,1000573,1000521,1001667,1.843067762,1.840959121
7,1843584,1000208,1000208,1000157,1001355,1.843294603,1.841089324
7,1837253,1000208,1000208,992813,1001406,1.850552924,1.834673449
7,1843271,1000053,1000053,1000000,1001146,1.843271000,1.841161029
7,1843163,1000000,1000000,999896,1001094,1.843354709,1.841148783
7,1843122,999948,999948,999948,1001093,1.843217847,1.841109667
7,1825853,999948,999948,982240,1001198,1.858866468,1.823668245
7,1843738,1000313,1000313,1000260,1001198,1.843258753,1.841531845
7,1844015,1000417,1000417,1000417,1001407,1.843246366,1.841424116
7,1843703,1000261,1000261,1000260,1001198,1.843223762,1.841496887
7,1839134,1000208,1000208,996979,1001198,1.844706859,1.836933354
7,1843199,1000312,1000312,1000312,1001198,1.842624101,1.840993490
7,1843906,1000364,1000364,1000365,1001250,1.843233220,1.841603995
7,1843719,1000260,1000260,1000313,1001197,1.843142097,1.841514707
7,1824533,1000469,1000469,971875,1001615,1.877332990,1.821591130
7,1843382,1000104,1000104,1000104,1001302,1.843190308,1.840985037
7,1843587,1000312,1000312,1000313,1001459,1.843010138,1.840901125
7,1843397,1000104,1000104,1000052,1001250,1.843301148,1.841095630
7,1837728,1000521,1000521,995834,1001719,1.845416003,1.834574367
7,1843941,1000469,1000469,1000468,1001614,1.843078439,1.840969675
7,1843657,1000261,1000261,1000208,1001302,1.843273599,1.841259680
7,1843814,1000364,1000364,1000365,1001407,1.843141253,1.841223399
7,1818591,1000416,1000416,978230,1001615,1.859062797,1.815658711
7,1843974,1000417,1000417,1000417,1001875,1.843205383,1.840523019
7,1842897,1000104,1000104,1000105,1001250,1.842703516,1.840596255
7,1843129,1000208,1000208,1000157,1001303,1.842839674,1.840730528
7,1838070,1000521,1000521,996875,1001719,1.843831975,1.834915780
7,1836736,1001198,1001198,1001198,1002292,1.834538223,1.832535828
7,1840596,1000365,1000365,1000417,1001719,1.839828791,1.837437445
7,1843919,1000365,1000365,1000469,1001823,1.843054607,1.840563652
7,1818128,1000521,1000521,959949,1001823,1.893983951,1.814819584
7,1844372,1000625,1000625,1000677,1002136,1.843124205,1.840440818
7,1844140,1000520,1000520,1000573,1001823,1.843083913,1.840784250
7,1843446,1000156,1000156,1000104,1001406,1.843254302,1.840857754
7,1808336,1000468,1000468,940730,1001771,1.922268876,1.805139099
7,1840999,1000000,1000000,999948,1001406,1.841094737,1.838414190
7,1843523,1000209,1000209,1000208,1001615,1.843139627,1.840550511
7,1844155,1000521,1000521,1000469,1001928,1.843290497,1.840606311
7,1829083,1000469,1000469,980157,1001823,1.866112266,1.825754649
7,1844244,1000573,1000573,1000521,1001562,1.843283649,1.841367784
7,1843288,1000417,1000417,1000729,1001719,1.841945222,1.840124825
7,1843810,1000417,1000417,1000469,1001406,1.842945658,1.841221243
7,1838788,1000625,1000625,995937,1001614,1.846289474,1.835824978
7,1842831,1000312,1000312,1000469,1001563,1.841967117,1.839955150
7,1844278,1000573,1000573,1000678,1001614,1.843028427,1.841306132
7,1843130,1000365,1000365,1000364,1001302,1.842459345,1.840733365
7,2026936,1000521,1000521,962448,1001615,2.106021312,2.023667777
7,2093244,1000208,1000208,1000209,1001250,2.092806603,2.090630712
7,2093266,1000209,1000209,1000208,1001198,2.092830691,2.090761268
7,2100763,1006354,1006354,1002761,1007292,2.094978764,2.085555132
7,2093508,1000313,1000313,1000365,1001302,2.092744148,2.090785797
7,2092162,1000052,1000052,1000052,1000990,2.092053213,2.090092808
7,2093584,1000364,1000364,1000365,1001250,2.092820121,2.090970287
7,2087205,1001354,1001354,992813,1002344,2.102314333,2.082324032
7,2087963,1000468,1000468,995469,1001354,2.097466621,2.085139721
7,2092801,1000001,1000001,1000000,1000834,2.092801000,2.091057058
7,2094123,1000625,1000625,1000677,1001562,2.092706238,2.090857081
7,2087985,1000052,1000052,995572,1000937,2.097271719,2.086030390
7,2093215,1000208,1000208,1000209,1001094,2.092777609,2.090927525
7,1974486,1000313,1000313,1000364,1001146,1.973767549,1.972225829
7,1841438,1000417,1000417,1000416,1001302,1.840672280,1.839043565
7,1833771,1000625,1000625,979532,1001614,1.872088916,1.830816063
7,1831210,1000312,1000312,988803,1001458,1.851946242,1.828543983
7,1843630,1000261,1000261,1000260,1001510,1.843150781,1.840850316
7,1843802,1000312,1000312,1000313,1001407,1.843225071,1.841211416
7,1837734,1000677,1000677,993021,1001823,1.850649684,1.834389907
7,1843630,1000261,1000261,1000208,1001614,1.843246605,1.840659176
7,1843378,1000105,1000105,1000104,1001146,1.843186309,1.841267907
7,1844215,1000573,1000573,1000521,1001614,1.843254664,1.841243233
7,1836672,1000104,1000104,989687,1001302,1.855810979,1.834283763
7,1826289,1000469,1000469,981198,1001823,1.861284878,1.822965733
7,1843334,1000052,1000052,1000052,1001146,1.843238152,1.841223957
7,1842341,1000520,1000520,1000521,1001771,1.841381640,1.839083982
7,1838949,1000209,1000209,994582,1001406,1.848966702,1.836367068
7,1843434,1000157,1000157,1000156,1001406,1.843146469,1.840845771
7,1844177,1000520,1000520,1000521,1001563,1.843216684,1.841299050
7,1844123,1000469,1000469,1000521,1001823,1.843162712,1.840767281
7,1834879,1000417,1000417,972916,1001562,1.885958294,1.832017389
7,1810952,999895,999895,965157,1001354,1.876328929,1.808503287
7,1843904,1000417,1000417,1000364,1001406,1.843233063,1.841315111
7,1843397,1000104,1000104,1000052,1001094,1.843301148,1.841382528
7,1838923,1000312,1000312,995052,1001355,1.848067237,1.836434631
7,1843546,1000208,1000208,1000209,1001354,1.843160779,1.841053214
7,1843730,1000260,1000260,1000260,1001302,1.843250755,1.841332585
7,1843328,1000104,1000104,1000052,1001094,1.843232152,1.841313603
7,1835666,1002396,1002396,985677,1003490,1.862340300,1.829281806
7,1843215,1000000,1000000,1000000,1001093,1.843215000,1.841202566
7,1843271,1000000,1000000,1000052,1000938,1.843175155,1.841543632
7,1843582,1000208,1000208,1000312,1001302,1.843006982,1.841184777
7,1829608,1000677,1000677,996824,1001718,1.835437349,1.826470124
7,1843174,1000729,1000729,1000677,1001667,1.841927015,1.840106542
7,1842510,1000313,1000313,1000312,1001302,1.841935316,1.840114171
7,1843916,1000417,1000417,1000364,1001354,1.843245059,1.841422714
7,1829490,1000625,1000625,970991,1001614,1.884147227,1.826541961
7,1843366,1000052,1000052,1000052,1001093,1.843270150,1.841353401
7,1844162,1000521,1000521,1000521,1001459,1.843201692,1.841475288
7,1843740,1000313,1000313,1000312,1001250,1.843164933,1.841438202
7,1839842,1000417,1000417,995572,1001510,1.848025055,1.837068027
7,1843781,1000313,1000313,1000416,1001458,1.843014306,1.841096681
7,1843689,1000261,1000261,1000313,1001354,1.843112106,1.841196021
7,1843207,1000000,1000000,1000000,1001042,1.843207000,1.841288378
7,1829634,1000573,1000573,982604,1001666,1.862025801,1.826590900
7,1843347,1000104,1000104,1000104,1001146,1.843155312,1.841236942
7,1843875,1000365,1000365,1000365,1001250,1.843202231,1.841573034
7,1843760,1000313,1000313,1000312,1001250,1.843184926,1.841458177
7,1839447,1000417,1000417,995989,1001562,1.846854734,1.836578265
7,1843768,1000312,1000312,1000313,1001250,1.843191081,1.841466167
7,1843807,1000365,1000365,1000313,1001250,1.843230069,1.841505119
7,1843892,1000365,1000365,1000364,1001354,1.843221068,1.841398746
7,1820286,1000677,1000677,960469,1001771,1.895205363,1.817067973
7,1843234,1000052,1000052,1000052,1001093,1.843138157,1.841221545
7,1842404,1000260,1000260,1000260,1001250,1.841925099,1.840103870
7,1843558,1000208,1000208,1000208,1001145,1.843174620,1.841449540
7,1839651,1000312,1000312,996146,1001407,1.846768446,1.837066248
7,1844221,1000573,1000573,1000521,1001458,1.843260661,1.841536040
7,1843324,1000052,1000052,1000052,1000937,1.843228152,1.841598422
7,1843895,1000365,1000365,1000417,1001354,1.843126416,1.841401742
7,1834908,1000521,1000521,988854,1001458,1.855590411,1.832236599
7,1843794,1000260,1000260,1000364,1001302,1.843123103,1.841396502
7,1832679,1000677,1000677,1000729,1001718,1.831343950,1.829535857
7,1843479,1000520,1000520,1000573,1001511,1.842423291,1.840697706
7,1838826,1000260,1000260,995834,1001250,1.846518596,1.836530337
7,1843549,1000156,1000156,1000209,1001145,1.843163779,1.841440551
7,1843393,1000104,1000104,1000104,1000990,1.843201307,1.841569846
7,1843840,1000365,1000365,1000364,1001250,1.843169086,1.841538077
7,1830836,1000364,1000364,966720,1001302,1.893863787,1.828455351
7,2089042,1000261,1000261,1000416,1001406,2.088173320,2.086108931
7,2092913,1000052,1000052,1000053,1000937,2.092802081,2.090953776
7,2092481,1000520,1000520,1000469,1001250,2.091500086,2.089868664
7,2088232,1000417,1000417,995833,1001406,2.096970074,2.085300068
7,2093406,1000313,1000313,1000260,1001094,2.092861856,2.091118317
7,2093167,1000156,1000156,1000156,1000990,2.092840517,2.091096814
7,2093107,1000156,1000156,1000157,1000937,2.092778434,2.091147595
7,2077125,1000156,1000156,977239,1001250,2.125503587,2.074531835
7,2092990,1000052,1000052,1000052,1001042,2.092881170,2.090811375
7,1882379,1000469,1000469,1000520,1001302,1.881400672,1.879931329
7,1843468,1000469,1000469,1000469,1001354,1.842603819,1.840975319
7,1838858,1000521,1000521,994687,1001510,1.848680037,1.836085511
7,1843681,1000260,1000260,1000261,1001094,1.843199925,1.841666217
7,1842485,1000365,1000365,1000417,1001302,1.841717004,1.840089204
7,1843343,1000052,1000052,1000052,1000937,1.843247151,1.841617404
7,1804440,1000677,1000677,955207,1001719,1.889056508,1.801343491
7,1843479,1000104,1000104,1000157,1001406,1.843189619,1.840890708
7,1843643,1000261,1000261,1000208,1001355,1.843259602,1.841148244
7,1843946,1000417,1000417,1000365,1001510,1.843273205,1.841165840
7,1836530,1000364,1000364,993438,1001667,1.848660913,1.833473600
7,1844010,1000417,1000417,1000469,1001562,1.843145565,1.841134148
7,1843279,1000052,1000052,1000053,1001406,1.843181311,1.840690988
7,1844180,1000521,1000521,1000521,1001667,1.843219683,1.841110868
7,1829264,1000468,1000468,977917,1001719,1.870571838,1.826124891
7,1844089,1000521,1000521,1000469,1001928,1.843224528,1.840540438
7,1843914,1000364,1000364,1000365,1001510,1.843241217,1.841133888
7,1843321,1000052,1000052,1000052,1001146,1.843225152,1.841210972
7,1836479,1000260,1000260,994740,1001406,1.846189959,1.833900536
7,1843458,1000156,1000156,1000156,1001250,1.843170465,1.841156554
7,1843370,1000104,1000104,1000104,1001146,1.843178309,1.841259916
7,1843303,1000052,1000052,1000052,1001146,1.843207153,1.841192993
7,1825216,1000364,1000364,964271,1001927,1.892845476,1.821705573
7,1843881,1000365,1000365,1000417,1001667,1.843112422,1.840812366
7,1843493,1000156,1000156,1000156,1001302,1.843205460,1.841095893
7,1843582,1000208,1000208,1000156,1001302,1.843294446,1.841184777
7,1836605,1000052,1000052,996719,1001302,1.842650737,1.834216850
7,1843787,1000313,1000313,1000260,1001407,1.843307740,1.841196437
7,1843684,1000261,1000261,1000260,1001354,1.843204767,1.841191027
7,1843750,1000261,1000261,1000260,1001302,1.843270750,1.841352559
7,1829820,1000417,1000417,985105,1001562,1.857487273,1.826966279
7,1843149,999948,999948,999947,1001198,1.843246692,1.840943550
7,1843465,1000156,1000156,1000157,1001198,1.843175621,1.841259172
7,1843505,1000156,1000156,1000156,1001198,1.843217458,1.841299124
7,1837685,1000209,1000209,996979,1001250,1.843253469,1.835390762
7,1843977,1000417,1000417,1000469,1001459,1.843112580,1.841290557
7,1843686,1000261,1000261,1000260,1001302,1.843206766,1.841288642
7,1843410,1000157,1000157,1000104,1001145,1.843218305,1.841301710
7,1811011,1000677,1000677,959791,1002084,1.886880581,1.807244702
7,1832797,996822,996822,996771,1000885,1.838734273,1.831176409
7,1844103,1000521,1000521,1000469,1001511,1.843238521,1.841320764
7,1844120,1000521,1000521,1000521,1001406,1.843159714,1.841530808
7,1837390,1000209,1000209,992291,1001250,1.851664481,1.835096130
7,1843780,1000312,1000312,1000261,1001354,1.843298899,1.841286898
7,1844058,1000469,1000469,1000469,1001354,1.843193542,1.841564522
7,1843210,1000000,1000000,999948,1000886,1.843305852,1.841578362
7,1828961,1000417,1000417,986251,1001562,1.854457942,1.826108618
7,1843555,1000208,1000208,1000157,1001250,1.843265607,1.841253433
7,1843464,1000261,1000261,1000260,1001198,1.842984824,1.841258173
7,1843295,1000157,1000157,1000156,1001250,1.843007491,1.840993758
7,1838277,1000104,1000104,997031,1001146,1.843751097,1.836172746
7,1843449,1000469,1000469,1000417,1001406,1.842680602,1.840860750
7,1843754,1000260,1000260,1000313,1001302,1.843177086,1.841356554
7,1843237,1000000,1000000,1000052,1001042,1.843141157,1.841318346
7,1827382,1000417,1000417,973698,1001718,1.876744124,1.824247942
7,1843556,1000313,1000313,1000260,1001407,1.843076800,1.840965761
7,1843557,1000208,1000208,1000156,1001250,1.843269450,1.841255431
7,1843650,1000364,1000364,1000365,1001406,1.842977313,1.841061468
7,1836287,1000104,1000104,996303,1001198,1.843100944,1.834089760
7,1844076,1000469,1000469,1000469,1001458,1.843211534,1.841391252
7,1843947,1000417,1000417,1000416,1001458,1.843180237,1.841262439
7,1843323,1000260,1000260,1000260,1001250,1.842843861,1.841021723
7,1829804,1000677,1000677,985365,1001927,1.856980916,1.826284749
7,1843273,1000052,1000052,1000000,1001302,1.843273000,1.840876179
7,1843938,1000469,1000469,1000469,1001511,1.843073598,1.841156013
7,1842596,1000104,1000104,1000104,1001146,1.842404390,1.840486802
7,1838927,1000521,1000521,996667,1001667,1.845076640,1.835866610
7,1844014,1000521,1000521,1000520,1001563,1.843055611,1.841136304
7,1843517,1000365,1000365,1000417,1001407,1.842748574,1.840926816
7,1844040,1000469,1000469,1000469,1001458,1.843175551,1.841355304
7,1825864,1000625,1000625,973749,1002187,1.875086906,1.821879549
7,1843306,1000104,1000104,1000052,1001250,1.843210153,1.841004744
7,1843677,1000260,1000260,1000261,1001406,1.843195926,1.841088430
7,1843415,1000104,1000104,1000104,1001510,1.843223305,1.840635640
7,1834046,1000260,1000260,992603,1001458,1.847713537,1.831375854
7,1843419,1000416,1000416,1000417,1001510,1.842650615,1.840639634
7,1843240,1000052,1000052,1000000,1001146,1.843240000,1.841130065
7,1843215,1000000,1000000,1000000,1001146,1.843215000,1.841105094
7,1803066,1000677,1000677,960676,1002187,1.876872119,1.799131300
7,1843872,1000469,1000469,1000468,1001615,1.843009472,1.840898948
7,1843394,1000104,1000104,1000104,1001250,1.843202307,1.841092634
7,1843527,1000208,1000208,1000156,1001302,1.843239455,1.841129849
7,1835112,1000469,1000469,989374,1001979,1.854821331,1.831487486
7,1843458,1000157,1000157,1000104,1001563,1.843266300,1.840581172
7,1844038,1000469,1000469,1000468,1001562,1.843175394,1.841162105
7,1843713,1000261,1000261,1000260,1001407,1.843233759,1.841122541
7,1828209,1000364,1000364,972082,1001875,1.880714796,1.824787523
7,1843466,1000156,1000156,1000157,1001459,1.843176621,1.840780302
7,1843274,1000000,1000000,1000052,1001146,1.843178155,1.841164026
7,1843173,1000000,1000000,999948,1001094,1.843268850,1.841158772
7,1837419,1000468,1000468,997344,1001614,1.842312181,1.834458184
7,1843672,1000261,1000261,1000260,1001302,1.843192770,1.841274660
7,1843256,1000052,1000052,1000052,1001042,1.843160156,1.841337327
7,1843397,1000104,1000104,1000104,1001145,1.843205307,1.841288724
7,1828349,1000521,1000521,984687,1001667,1.856781901,1.825306215
7,1843977,1000416,1000416,1000313,1001718,1.843400016,1.840814481
7,1843587,1000209,1000209,1000156,1001197,1.843299445,1.841382865
7,1843460,1000104,1000104,1000156,1001146,1.843172465,1.841349813
7,1837490,1000052,1000052,996354,1001094,1.844214004,1.835481983
7,1843638,1000260,1000260,1000209,1001458,1.843252760,1.840953889
7,1843178,1000208,1000208,1000209,1001354,1.842792856,1.840685712
7,1843119,1000469,1000469,1000469,1001406,1.842254982,1.840531213
7,1830958,1000469,1000469,972919,1001823,1.881922339,1.827626237
7,1843112,1000261,1000261,1000260,1001302,1.842632915,1.840715389
7,1843220,1000156,1000156,1000156,1001250,1.842932503,1.840918851
7,1843510,1000260,1000260,1000313,1001302,1.842933162,1.841112871
7,1839172,1000260,1000260,997345,1001250,1.844068001,1.836875905
7,1843249,1000052,1000052,1000052,1000938,1.843153156,1.841521653
7,1843253,1000156,1000156,1000156,1001094,1.842965497,1.841238685
7,1844007,1000468,1000468,1000417,1001406,1.843238370,1.841417966
7,1828718,1000312,1000312,983802,1001614,1.858827284,1.825771205
7,1843019,1000417,1000417,1000365,1001510,1.842346544,1.840240237
7,1843359,1000208,1000208,1000208,1001198,1.842975661,1.841153298
7,1843238,1000208,1000208,1000209,1001250,1.842852844,1.840936829
7,1835167,1000365,1000365,996667,1001667,1.841304066,1.832112868
7,1843732,1000417,1000417,1000364,1001406,1.843061126,1.841143352
7,1843114,999948,999948,999948,1000990,1.843209847,1.841291122
7,1843585,1000208,1000208,1000209,1001250,1.843199771,1.841283396
7,1816200,1000312,1000312,964324,1001823,1.883391889,1.812895092
7,1844003,1000573,1000573,1000521,1001666,1.843042775,1.840936001
7,1842776,1000000,1000000,999948,1001094,1.842871829,1.840762206
7,1843673,1000313,1000313,1000364,1001510,1.843002147,1.840893251
7,1836720,1000417,1000417,985834,1001875,1.863112857,1.833282595
7,1843151,1000157,1000157,1000104,1001302,1.842959332,1.840754338
7,1843994,1000468,1000468,1000469,1001511,1.843129572,1.841211929
7,1844315,1000625,1000625,1000573,1001718,1.843258813,1.841151901
7,1826235,1000313,1000313,983489,1001459,1.856894180,1.823574405
7,1842885,1000261,1000261,1000260,1001511,1.842405974,1.840104602
7,1840353,1000000,1000000,999948,1001094,1.840448703,1.838341854
7,1839070,1000417,1000417,1000417,1001458,1.838303427,1.836392540
7,1834776,1000052,1000052,996823,1001198,1.840623661,1.832580568
7,1840097,1000417,1000417,1000365,1001406,1.839425610,1.837513456
7,1840916,1000312,1000312,1000260,1001302,1.840437486,1.838522244
7,1840114,1000104,1000104,1000157,1001354,1.839825147,1.837625855
7,1826847,1000417,1000417,969688,1001666,1.883953395,1.823808535
7,1840100,1000521,1000521,1000469,1001563,1.839237398,1.837228412
7,1839377,1000261,1000261,1000312,1001250,1.838803293,1.837080649
7,1839900,1000208,1000208,1000209,1001094,1.839515541,1.837889349
7,1836123,1000364,1000364,997813,1001302,1.840147402,1.833735476
7,1840524,1000208,1000208,1000261,1001094,1.840043749,1.838512667
7,1841364,1000052,1000052,1000052,1000938,1.841268254,1.839638419
7,1832702,1000781,1000781,1000886,1001771,1.831079663,1.829462023
7,1824458,1000313,1000313,980417,1001459,1.860900005,1.821799994
7,1844158,1000521,1000521,1000625,1001823,1.843006121,1.840802218
7,1844020,1000417,1000417,1000572,1001510,1.842965824,1.841239728
7,1844340,1000625,1000625,1000625,1001823,1.843188007,1.840983886
7,1836253,1000625,1000625,992708,1001979,1.849741314,1.832626233
7,1843840,1000313,1000313,1000364,1001510,1.843169086,1.841059999
7,1841630,1000208,1000208,1000208,1001250,1.841247021,1.839330836
7,1843337,1000052,1000052,1000105,1001406,1.843143470,1.840748907
7,1941194,1000729,1000729,954738,1002031,2.033221680,1.937259426
7,2092761,1000052,1000052,1000000,1001302,2.092761000,2.090039768
7,2092141,1000364,1000364,1000417,1001406,2.091268941,2.089203580
7,2092968,1000052,1000052,1000208,1001093,2.092532753,2.090682884
7,2088877,1000416,1000416,995990,1001302,2.097287121,2.086160819
7,2093060,1000156,1000156,1000104,1000937,2.092842344,2.091100639
7,2093472,1000312,1000312,1000313,1001146,2.092816948,2.091075627
7,2093346,1000261,1000261,1000312,1001303,2.092693080,2.090621920
7,2081697,1000313,1000313,985781,1001198,2.111723598,2.079206111
7,2092756,1000000,1000000,1000000,1000886,2.092756000,2.090903460
7,2081188,1000937,1000937,1001250,1002136,2.078589763,2.076752058
7,1832073,1000521,1000521,1000625,1001459,1.830928670,1.829403900
7,1837597,1000104,1000104,995937,1001302,1.845093615,1.835207560
7,1843239,1000365,1000365,1000365,1001354,1.842566463,1.840746629
7,1843641,1000208,1000208,1000208,1001145,1.843257602,1.841532445
7,1843663,1000261,1000261,1000260,1001146,1.843183772,1.841552581
7,1829641,1000937,1000937,975834,1002031,1.874951067,1.825932531
7,1843860,1000365,1000365,1000365,1001823,1.843187237,1.840504760
7,1843190,999948,999948,1000000,1001407,1.843190000,1.840600275
7,1843554,1000208,1000208,1000208,1001302,1.843170621,1.841156814
7,1838527,1000521,1000521,994428,1001979,1.848828673,1.834895741
7,1843303,1000052,1000052,1000000,1001146,1.843303000,1.841192993
7,1843392,1000104,1000104,1000104,1001198,1.843200307,1.841186259
7,1843983,1000417,1000417,1000416,1001562,1.843216222,1.841107191
7,1828662,1000417,1000417,981927,1001823,1.862319704,1.825334415
7,1843760,1000312,1000312,1000313,1001511,1.843183084,1.840978282
7,1842208,1000364,1000364,1000365,1001822,1.841535839,1.838857601
7,1844017,1000468,1000468,1000469,1001875,1.843152561,1.840565939
7,1839080,1000313,1000313,995625,1001511,1.847161331,1.836305343
7,1843586,1000260,1000260,1000208,1001406,1.843202614,1.840997557
7,1843937,1000417,1000417,1000365,1001563,1.843264209,1.841059424
7,1843305,1000104,1000104,1000052,1001198,1.843209153,1.841099363
7,1804771,1000260,1000260,942189,1001615,1.915508460,1.801860994
7,1843823,1000312,1000312,1000313,1001407,1.843246064,1.841232386
7,1843608,1000208,1000208,1000209,1001250,1.843222766,1.841306367
7,1843325,1000052,1000052,1000104,1001094,1.843133314,1.841310606
7,1838847,1000417,1000417,997030,1001719,1.844324644,1.835691446
7,1843202,1000000,1000000,1000000,1001041,1.843202000,1.841285222
7,1844063,1000469,1000469,1000469,1001667,1.843198540,1.840994063
7,1844053,1000469,1000469,1000521,1001562,1.843092749,1.841177081
7,1828255,1000209,1000209,979322,1001458,1.866857887,1.825593285
7,1843291,1000052,1000052,1000000,1000989,1.843291000,1.841469786
7,1844071,1000469,1000469,1000520,1001354,1.843112581,1.841577504
7,1844198,1000573,1000573,1000521,1001406,1.843237673,1.841608698
7,1839346,1000365,1000365,996718,1001406,1.845402611,1.836763511
7,1843991,1000469,1000469,1000469,1001407,1.843126574,1.841400150
7,1843089,1000625,1000625,1000677,1001770,1.841842073,1.839832496
7,1831908,1000573,1000573,1000625,1001615,1.830763773,1.828954239
7,1824820,1000312,1000312,959845,1001510,1.901161125,1.822068676
7,1843472,1000469,1000469,1000469,1001459,1.842607817,1.840786293
7,1843230,1000052,1000052,999948,1000937,1.843325853,1.841504510
7,1843675,1000261,1000261,1000260,1001198,1.843195769,1.841468920
7,1839630,1000208,1000208,997344,1001302,1.844529069,1.837237916
7,1843707,1000260,1000260,1000260,1001250,1.843227761,1.841405243
7,1844306,1000573,1000573,1000729,1001614,1.842962480,1.841334087
7,1844239,1000573,1000573,1000625,1001615,1.843087071,1.841265356
7,1832552,1000521,1000521,988176,1001563,1.854479364,1.829692191
7,1843647,1000261,1000261,1000260,1001302,1.843167776,1.841249693
7,1843618,1000208,1000208,1000208,1001198,1.843234607,1.841411988
7,1843869,1000364,1000364,1000365,1001302,1.843196233,1.841471404
7,1839366,1000208,1000208,996042,1001250,1.846675140,1.837069663
7,1843353,1000052,1000052,1000104,1001041,1.843161311,1.841436065
7,1843582,1000209,1000209,1000312,1001302,1.843006982,1.841184777
7,1843828,1000365,1000365,1000416,1001406,1.843061287,1.841239218
7,1992682,1000886,1000886,965780,1002031,2.063287705,1.988643066
7,2092871,1000052,1000052,1000052,1001093,2.092762176,2.090585990
7,2092301,1000104,1000104,1000052,1000938,2.092192206,2.090340261
7,2093331,1000261,1000261,1000260,1001146,2.092786875,2.090934789
7,2086864,1000260,1000260,994011,1001145,2.099437531,2.084477274
7,2093622,1000364,1000364,1000469,1001354,2.092640552,2.090791069
7,2092975,1000053,1000053,1000104,1001094,2.092757353,2.090687788
7,2093069,1000156,1000156,1000156,1001041,2.092742532,2.090892381
7,2080883,1000417,1000417,985676,1001562,2.111122722,2.077637730
7,2093015,1000104,1000104,1000104,1000937,2.092797349,2.091055681
7,2093250,1000208,1000208,1000313,1001094,2.092595018,2.090962487
7,2093092,1000157,1000157,1000156,1000990,2.092765529,2.091021888
7,2086751,1000260,1000260,997188,1001094,2.092635491,2.084470589
7,2093617,1000365,1000365,1000364,1001250,2.092855201,2.091003246
7,2004738,1000364,1000364,1000365,1001198,2.004006538,2.002339198
7,1840061,1000000,1000000,1000052,1000990,1.839965322,1.838241141
7,1832851,1000833,1000833,974948,1002187,1.879947443,1.828851302
7,1843489,1000156,1000156,1000104,1001302,1.843297297,1.841091898
7,1843399,1000416,1000416,1000417,1001510,1.842630623,1.840619664
7,1843938,1000469,1000469,1000468,1001822,1.843075441,1.840584455
7,1835504,1000416,1000416,993802,1001719,1.846951405,1.832354183
7,1843274,1000052,1000052,1000000,1001094,1.843274000,1.841259662
7,1843582,1000209,1000209,1000208,1001510,1.843198615,1.840802388
7,1843771,1000416,1000416,1000417,1001459,1.843002468,1.841084857
7,1828688,1000677,1000677,982343,1002031,1.861557521,1.824981463
7,1841629,999167,999167,999166,1001614,1.843166201,1.838661400
7,1843480,1000156,1000156,1000104,1001562,1.843288298,1.840604975
7,1843870,1000468,1000468,1000469,1001563,1.843005630,1.840992529
7,1836403,1000417,1000417,993437,1001667,1.848534935,1.833346811
7,1843110,999947,999947,999948,1001198,1.843205847,1.840904596
7,1842922,1000260,1000260,1000260,1001667,1.842442965,1.839854962
7,1843752,1000416,1000416,1000417,1001511,1.842983476,1.840970294
7,1798476,1000312,1000312,941874,1001667,1.909465597,1.795482930
7,1841149,1000052,1000052,1000000,1001146,1.841149000,1.839041458
7,1843239,1000052,1000052,1000000,1001094,1.843239000,1.841224700
7,1843377,1000313,1000313,1000313,1001354,1.842800204,1.840884442
7,1838485,1000417,1000417,994845,1001667,1.848011499,1.835425346
7,1843842,1000469,1000469,1000468,1001666,1.842979486,1.840775268
7,1843663,1000260,1000260,1000261,1001250,1.843181930,1.841361298
7,1843728,1000520,1000520,1000469,1001562,1.842863697,1.840852588
7,1830247,1000469,1000469,982970,1001667,1.861956113,1.827201056
7,1844137,1000416,1000416,1000469,1001354,1.843272505,1.841643415
7,1843814,1000416,1000416,1000469,1001302,1.842949657,1.841416476
7,1843870,1000364,1000364,1000365,1001302,1.843197233,1.841472403
7,1839848,1000417,1000417,996563,1001458,1.846193367,1.837169407
7,1843307,1000104,1000104,1000052,1000938,1.843211153,1.841579598
7,1843883,1000417,1000417,1000364,1001302,1.843212071,1.841485386
7,1843536,1000156,1000156,1000156,1001041,1.843248453,1.841618875
7,1817713,994011,994011,969167,1001354,1.875541573,1.815255145
7,1843922,1000520,1000520,1000521,1001511,1.842961817,1.841140037
7,1843656,1000469,1000469,1000469,1001354,1.842791731,1.841163065
7,1839843,1001510,1001510,993229,1002500,1.852385502,1.835254863
7,1843283,1000052,1000052,1000052,1001042,1.843187154,1.841364298
7,1843278,1000000,1000000,1000052,1000937,1.843182155,1.841552465
7,1842997,1000000,1000000,1000000,1000886,1.842997000,1.841365550
7,1836734,1000260,1000260,990886,1001303,1.853627965,1.834343850
7,1837865,1000729,1000729,995052,1001823,1.847003976,1.834520669
7,1843903,1000469,1000469,1000468,1001510,1.843040457,1.841122904
7,1843300,1000157,1000157,1000156,1001146,1.843012490,1.841189996
7,1834082,1000365,1000365,986822,1001511,1.858574292,1.831314883
7,1843109,1000156,1000156,1000156,1001458,1.842821520,1.840425659
7,1844175,1000521,1000521,1000521,1001511,1.843214685,1.841392656
7,1844039,1000469,1000469,1000416,1001511,1.843272199,1.841256861
7,1830773,1000625,1000625,968802,1001771,1.889728758,1.827536433
7,1835410,1000209,1000209,994062,1001719,1.846373767,1.832260344
7,1843096,1000052,1000052,1000000,1001146,1.843096000,1.840986230
7,1843153,1000052,1000052,1000052,1001458,1.843057161,1.840469595
7,1837389,1000469,1000469,993490,1001667,1.849428781,1.834331170
7,1843546,1000364,1000364,1000417,1001771,1.842777562,1.840286852
7,1843581,1000209,1000209,1000208,1001302,1.843197615,1.841183779
7,1843717,1000313,1000313,1000260,1001406,1.843237758,1.841128374
7,1835183,1000365,1000365,990469,1001562,1.852842441,1.832320915
7,1836814,1000521,1000521,991719,1002032,1.852151668,1.833089163
7,1843143,1000052,1000052,1000104,1001146,1.842951333,1.841033176
7,1843652,1000365,1000365,1000365,1001458,1.842979313,1.840967869
7,1835502,1000156,1000156,994219,1001354,1.846174736,1.833020091
7,1843330,1000104,1000104,1000104,1001146,1.843138314,1.841219962
7,1843409,1000104,1000104,1000104,1001198,1.843217305,1.841203239
7,1843013,1000000,1000000,1000000,1001250,1.843013000,1.840712110
7,1833540,1000261,1000261,979219,1001406,1.872451413,1.830965662
7,1826816,1000312,1000312,987865,1001667,1.849256730,1.823775766
7,1843448,1000261,1000261,1000208,1001302,1.843064643,1.841050952
7,1843153,1000156,1000156,1000156,1001197,1.842865513,1.840949384
7,1838079,1000260,1000260,996874,1001407,1.843842853,1.835496456
7,1843834,1000313,1000313,1000364,1001354,1.843163089,1.841340825
7,1843136,1000261,1000261,1000260,1001510,1.842656909,1.840357061
7,1843473,1000157,1000157,1000156,1001198,1.843185463,1.841267162
7,1851134,1013021,1013021,995938,1014062,1.858683974,1.825464321
7,1843692,1000260,1000260,1000260,1001511,1.843212765,1.840910384
7,1842889,1000052,1000052,1000052,1001041,1.842793175,1.840972548
7,1843194,1000000,1000000,1000000,1000990,1.843194000,1.841371043
7,1839149,1000365,1000365,997240,1001510,1.844239100,1.836376072
7,1843300,1000052,1000052,1000104,1001094,1.843108317,1.841285634
7,1844098,1000469,1000469,1000469,1001458,1.843233523,1.841413220
7,1842760,1000105,1000105,1000052,1001094,1.842664181,1.840746224
7,1825209,1000729,1000729,972029,1001823,1.877731014,1.821887699
7,1844187,1000521,1000521,1000573,1001979,1.843130886,1.840544562
7,1843226,1000053,1000053,1000000,1001406,1.843226000,1.840638063
7,1843652,1000208,1000208,1000261,1001406,1.843170932,1.841063465
7,1835790,1000104,1000104,995313,1001302,1.844434866,1.833402909
7,1843776,1000312,1000312,1000260,1001406,1.843296743,1.841187291
7,1843831,1000365,1000365,1000364,1001511,1.843160090,1.841049175
7,1844085,1000521,1000521,1000469,1001614,1.843220530,1.841113443
7,1799017,1000312,1000312,961042,1001719,1.871944202,1.795929797
7,1843608,1000208,1000208,1000208,1001718,1.843224609,1.840446114
7,1843793,1000312,1000312,1000313,1001458,1.843216073,1.841108664
7,1843156,1000000,1000000,1000000,1001146,1.843156000,1.841046161
7,1837598,1000521,1000521,993178,1001823,1.850220202,1.834254155
7,1843145,1000000,1000000,999948,1001094,1.843240849,1.841130803
7,1843539,1000209,1000209,1000208,1001250,1.843155624,1.841237453
7,1843867,1000365,1000365,1000364,1001458,1.843196077,1.841182556
7,1822320,1000625,1000625,969843,1001875,1.878984537,1.818909545
7,1844103,1000521,1000521,1000521,1002031,1.843142723,1.840365218
7,1844091,1000521,1000521,1000520,1001667,1.843132571,1.841022016
7,1843907,1000416,1000416,1000365,1001510,1.843234220,1.841126898
7,1833711,1000052,1000052,989635,1001563,1.852916479,1.830849382
7,1844016,1000468,1000468,1000469,1001614,1.843151562,1.841044554
7,1843781,1000313,1000313,1000364,1001407,1.843110108,1.841190445
7,1843349,1000052,1000052,1000052,1001458,1.843253151,1.840665310
7,1827987,1000260,1000260,980521,1001510,1.864301733,1.825230901
7,1843212,1000000,1000000,1000000,1001406,1.843212000,1.840624083
7,1844062,1000468,1000468,1000417,1001562,1.843293347,1.841186067
7,1843391,1000104,1000104,1000104,1001198,1.843199307,1.841185260
7,1838976,1000365,1000365,995781,1001563,1.846767512,1.836106166
7,1843353,1000104,1000104,1000104,1001198,1.843161311,1.841147306
7,1843263,1000000,1000000,1000052,1001198,1.843167155,1.841057413
7,1843151,1000000,1000000,999948,1001146,1.843246849,1.841041167
7,1822413,1000521,1000521,970105,1001823,1.878572938,1.819096787
7,1843403,1000104,1000104,1000104,1001511,1.843211306,1.840621820
7,1843772,1000312,1000312,1000261,1001458,1.843290901,1.841087694
7,1843362,1000052,1000052,1000105,1001250,1.843168467,1.841060674
7,1836983,1000208,1000208,996147,1001406,1.844088272,1.834403828
7,1843217,1000000,1000000,1000000,1001406,1.843217000,1.840629076
7,1843660,1000261,1000261,1000260,1001355,1.843180773,1.841165221
7,1843797,1000313,1000313,1000312,1001407,1.843221915,1.841206423
7,1830003,1000573,1000573,981979,1001927,1.863586696,1.826483367
7,1843682,1000261,1000261,1000260,1001407,1.843202767,1.841091584
7,1843465,1000156,1000156,1000157,1001250,1.843175621,1.841163546
7,1843484,1000156,1000156,1000157,1001615,1.843194618,1.840511574
7,1837333,1000261,1000261,995207,1001459,1.846181749,1.834656237
7,1843997,1000416,1000416,1000469,1001510,1.843132571,1.841216763
7,1844005,1000469,1000469,1000468,1001563,1.843142409,1.841127318
7,1843571,1000209,1000209,1000208,1001302,1.843187617,1.841173792
7,1796384,1000469,1000469,946041,1001822,1.898843708,1.793116941
7,1843537,1000157,1000157,1000156,1001355,1.843249453,1.841042388
7,1843712,1000313,1000313,1000260,1001406,1.843232759,1.841123381
7,1843618,1000208,1000208,1000209,1001302,1.843232764,1.841220731
7,1836028,1000416,1000416,993855,1001614,1.847380151,1.833069426
7,1843684,1000261,1000261,1000260,1001354,1.843204767,1.841191027
7,1843175,1000000,1000000,999948,1001354,1.843270850,1.840682716
7,1844276,1000573,1000573,1000573,1001666,1.843219835,1.841208547
7,1823900,1000209,1000209,981511,1001771,1.858257320,1.820675584
7,1843682,1000260,1000260,1000209,1001458,1.843296751,1.840997825
7,1844184,1000521,1000521,1000468,1001615,1.843321326,1.841210445
7,1843859,1000364,1000364,1000365,1001510,1.843186237,1.841078971
7,1838026,1000573,1000573,990104,1002031,1.856396904,1.834300536
7,1843705,1000260,1000260,1000261,1001718,1.843223919,1.840542947
7,1843516,1000156,1000156,1000156,1001302,1.843228456,1.841118863
7,1843843,1000365,1000365,1000312,1001511,1.843267900,1.841061157
7,1825249,1000313,1000313,971405,1001614,1.878978387,1.822307795
7,1843239,1000000,1000000,999948,1001511,1.843334853,1.840458068
7,1843324,1000052,1000052,1000052,1001198,1.843228152,1.841118340
7,1843167,1000000,1000000,1000000,1001146,1.843167000,1.841057149
7,1836135,1000261,1000261,996510,1001459,1.842565554,1.833459982
7,1843637,1000260,1000260,1000261,1001354,1.843155936,1.841144091
7,1843799,1000312,1000312,1000313,1001406,1.843222071,1.841210258
7,1843295,1000052,1000052,1000053,1001146,1.843197311,1.841185002
7,1828434,1000520,1000520,982083,1002031,1.861791722,1.824727977
7,1843323,1000104,1000104,1000105,1001250,1.843129471,1.841021723
7,1843234,1000000,1000000,1000000,1001459,1.843234000,1.840548640
7,1844088,1000468,1000468,1000469,1001666,1.843223528,1.841020859
7,1836663,1000052,1000052,996562,1001354,1.842999231,1.834179521
7,1843968,1000417,1000417,1000417,1001511,1.843199386,1.841185968
7,1843565,1000208,1000208,1000209,1001302,1.843179775,1.841167800
7,1843322,1000104,1000104,1000104,1001197,1.843130314,1.841118182
7,1827518,1000782,1000782,970833,1002292,1.882422621,1.823338907
7,1843938,1000417,1000417,1000364,1001614,1.843267051,1.840966680
7,1844095,1000469,1000469,1000416,1001615,1.843328175,1.841121589
7,1843633,1000260,1000260,1000209,1001354,1.843247761,1.841140096
7,1838390,1000573,1000573,996875,1002031,1.844152978,1.834663798
7,1843612,1000208,1000208,1000208,1001354,1.843228608,1.841119125
7,1843745,1000313,1000313,1000312,1001458,1.843169931,1.841060733
7,1843845,1000365,1000365,1000364,1001459,1.843174085,1.841158749
7,1830500,1000261,1000261,977760,1001771,1.872136312,1.827263916
7,1844014,1000417,1000417,1000416,1001927,1.843247209,1.840467419
7,1843534,1000156,1000156,1000208,1001302,1.843150625,1.841136840
7,1843459,1000156,1000156,1000208,1001250,1.843075640,1.841157553
7,1835629,1000573,1000573,996354,1001771,1.842346194,1.832383848
7,1843940,1000417,1000417,1000417,1001563,1.843171398,1.841062419
7,1843879,1000364,1000364,1000365,1001458,1.843206230,1.841194538
7,1843553,1000208,1000208,1000209,1001614,1.843167778,1.840582300
7,1771834,1000209,1000209,937136,1001563,1.890690359,1.769068945
7,1845963,1001510,1001510,1001459,1002864,1.843273664,1.840691260
7,1844113,1000468,1000468,1000521,1001510,1.843152717,1.841332588
7,1844179,1000521,1000521,1000677,1001875,1.842931335,1.840727636
7,1837542,1000469,1000469,987604,1001667,1.860606073,1.834483915
7,1835804,1000312,1000312,1000417,1001770,1.835038789,1.832560368
7,1837588,1000000,1000000,1000000,1001250,1.837588000,1.835293883
7,1843507,1000157,1000157,1000260,1001511,1.843027813,1.840725664
7,1826996,1000520,1000520,976718,1001770,1.870546053,1.823767931
7,1844158,1000521,1000521,1000521,1001563,1.843197694,1.841280079
7,1843438,1000104,1000104,1000104,1001041,1.843246302,1.841520977
7,1843387,1000104,1000104,1000156,1001042,1.843099476,1.841468190
7,1838883,1000156,1000156,995366,1001302,1.847444056,1.836491888
7,1843908,1000364,1000364,1000365,1001458,1.843235219,1.841223496
7,1843546,1000208,1000208,1000312,1001406,1.842970993,1.840957614
7,1843310,1000052,1000052,1000000,1000990,1.843310000,1.841486928
7,1877850,1000208,1000208,956928,1001354,1.962373345,1.875310829
7,2090324,1000469,1000469,1000468,1001510,2.089346186,2.087172370
7,2093993,1000572,1000572,1000625,1001510,2.092685072,2.090835838
7,2093272,1000208,1000208,1000157,1001042,2.092943408,2.091093081
7,2088765,1000260,1000260,995781,1001198,2.097614837,2.086265654
7,2093019,1000104,1000104,1000052,1000937,2.092910169,2.091059677
7,2093930,1000520,1000520,1000521,1001354,2.092839631,2.091098652
7,1904032,1000313,1000313,1000365,1001198,1.903337282,1.901753699
7,1829893,1000364,1000364,985521,1001406,1.856777278,1.827323783
7,1842922,1000208,1000208,1000209,1001198,1.842536910,1.840716821
7,1843149,1000000,1000000,999948,1000885,1.843244849,1.841519255
7,1842864,1000000,1000000,1000052,1000937,1.842768176,1.841138853
7,1838902,1000573,1000573,995885,1001511,1.846500349,1.836127611
7,1843682,1000469,1000469,1000469,1001354,1.842817718,1.841189030
7,1843331,1000156,1000156,1000156,1001145,1.843043485,1.841222800
7,1843403,1000208,1000208,1000208,1001094,1.843019652,1.841388521
7,1821552,1000729,1000729,958541,1001875,1.900338118,1.818142982
7,1842942,1000156,1000156,999947,1001093,1.843039681,1.840929864
7,1844084,1000573,1000573,1000625,1001458,1.842932167,1.841399240
7,1843210,1000208,1000208,1000260,1001250,1.842730890,1.840908864
7,1833159,1000365,1000365,997293,1001458,1.838134831,1.830490145
7,1837170,1000208,1000208,1000313,1001250,1.836595146,1.834876404
7,1843473,1000157,1000157,1000104,1001042,1.843281299,1.841554101
7,1843495,1000156,1000156,1000157,1001042,1.843205617,1.841576078
7,1830381,1000521,1000521,981510,1001615,1.864862304,1.827429701
7,1843979,1000417,1000417,1000365,1001458,1.843306193,1.841294393
7,1843712,1000260,1000260,1000260,1001354,1.843232759,1.841218989
7,1844034,1000417,1000417,1000469,1001406,1.843169553,1.841444928
7,1840095,1000677,1000677,996096,1001875,1.847306886,1.836651279
7,1844262,1000573,1000573,1000678,1001771,1.843012438,1.841001586
7,1843838,1000364,1000364,1000417,1001458,1.843069440,1.841153598
7,1843897,1000364,1000364,1000365,1001302,1.843224223,1.841499368
7,1919787,1000364,1000364,968073,1001354,1.983101481,1.917191123
7,2091789,1000156,1000156,1000104,1001146,2.091571477,2.089394554
7,2093328,1000260,1000260,1000261,1001094,2.092781784,2.091040402
7,2092869,1000000,1000000,1000000,1000886,2.092869000,2.091016360
7,2086955,1000313,1000313,996510,1001459,2.094263981,2.083914569
7,2093727,1000468,1000468,1000521,1001510,2.092636736,2.090570239
7,2091384,1000052,1000052,1000052,1001041,2.091275254,2.089209133
7,2093198,1000156,1000156,1000209,1000989,2.092760613,2.091129873
7,2082849,1000521,1000521,987084,1001510,2.110103092,2.079708640
7,2093516,1000365,1000365,1000364,1001198,2.092754237,2.091010969
7,2093424,1000312,1000312,1000261,1001198,2.092877759,2.090919079
7,2093565,1000365,1000365,1000416,1001146,2.092694439,2.091168521
7,2088308,1000260,1000260,997709,1001146,2.093103300,2.085917539
7,1908191,1000209,1000209,1000208,1001094,1.907794179,1.906105720
7,1842093,1000104,1000104,1000052,1000990,1.841997216,1.840271132
7,1844148,1000521,1000521,1000521,1001355,1.843187699,1.841652561
7,1815307,1000625,1000625,958126,1001719,1.894643293,1.812191842
7,1844128,1000521,1000521,1000468,1001562,1.843265352,1.841251964
7,1844116,1000521,1000521,1000521,1001459,1.843155716,1.841429355
7,1843752,1000312,1000312,1000313,1001355,1.843175086,1.841257097
7,1826207,1000416,1000416,993543,1001459,1.838075453,1.823546446
7,1843511,1000156,1000156,1000208,1001094,1.843127629,1.841496403
7,1842066,1000416,1000416,1000469,1001407,1.841202476,1.839477855
7,1843739,1000312,1000312,1000261,1001302,1.843257910,1.841341573
7,1832029,1000729,1000729,987604,1001823,1.855023876,1.828695288
7,1843575,1000209,1000209,1000208,1001198,1.843191616,1.841369040
7,1841839,1000104,1000104,1000052,1000990,1.841743229,1.840017383
7,1843383,1000104,1000104,1000104,1001042,1.843191308,1.841464194
7,1839091,1000105,1000105,995521,1001198,1.847365349,1.836890405
7,1844042,1000417,1000417,1000469,1001511,1.843177550,1.841259856
7,1843924,1000364,1000364,1000417,1001355,1.843155404,1.841428864
7,1843760,1000312,1000312,1000313,1001250,1.843183084,1.841458177
7,1817712,1000365,1000365,960105,1001511,1.893242927,1.814969581
7,1841961,1000469,1000469,1000468,1001562,1.841099365,1.839088344
7,1843363,1000053,1000053,1000104,1001198,1.843171310,1.841157294
7,1843774,1000313,1000313,1000364,1001250,1.843103110,1.841472160
7,1840083,1000625,1000625,997449,1001771,1.844789057,1.836829974
7,1836125,1000677,1000677,1000834,1001875,1.834594948,1.832688709
7,1839471,1000469,1000469,1000469,1001511,1.838608693,1.836695753
7,1844167,1000521,1000521,1000468,1001510,1.843304334,1.841386506
7,1829327,1000261,1000261,984167,1001354,1.858756695,1.826853440
7,1837870,1000261,1000261,998958,1001354,1.839787058,1.835384889
7,1842089,1000208,1000208,1000156,1001146,1.841801679,1.839980382
7,1842911,1000208,1000208,1000209,1001146,1.842525912,1.840801442
7,1839021,1000104,1000104,995730,1001198,1.846907294,1.836820489
7,1843713,1000312,1000312,1000417,1001407,1.842944492,1.841122541
7,1844097,1000469,1000469,1000469,1001406,1.843232524,1.841507840
7,1844002,1000468,1000468,1000417,1001354,1.843233372,1.841508597
7,1938652,1000625,1000625,961511,1001770,2.016255664,1.935226649
7,2092255,1000052,1000052,1000052,1000938,2.092146208,2.090294304
7,2092945,1000052,1000052,1000105,1000937,2.092725264,2.090985746
7,2092841,1000052,1000052,1000053,1000885,2.092730085,2.090990473
7,2084447,1000208,1000208,994895,1001198,2.095142704,2.081952821
7,2093142,1000156,1000156,1000156,1001093,2.092815521,2.090856694
7,1908888,1000156,1000156,1000156,1001042,1.908590260,1.906901009
7,1843420,1000104,1000104,1000104,1001042,1.843228304,1.841501156
7,1827346,1000677,1000677,981094,1001979,1.862559551,1.823736825
7,1843725,1000365,1000365,1000365,1001458,1.843052286,1.841040763
7,1841614,1000312,1000312,1000313,1001458,1.841037755,1.838932836
7,1843530,1000209,1000209,1000156,1001458,1.843242454,1.840846046
7,1837747,1000521,1000521,994479,1001875,1.847949529,1.834307673
7,1843519,1000209,1000209,1000156,1001302,1.843231456,1.841121859
7,1843553,1000156,1000156,1000208,1001198,1.843169621,1.841347066
7,1843673,1000364,1000364,1000365,1001407,1.843000305,1.841082597
7,1806867,1000625,1000625,944168,1002084,1.913713449,1.803109320
7,1843550,1000313,1000313,1000260,1001562,1.843070802,1.840674866
7,1844020,1000417,1000417,1000469,1001458,1.843155560,1.841335333
7,1843599,1000208,1000208,1000208,1001250,1.843215611,1.841297378
7,1837909,1000521,1000521,993853,1001823,1.849276503,1.834564589
7,1843828,1000364,1000364,1000313,1001407,1.843251062,1.841237379
7,1842823,1000000,1000000,1000000,1001146,1.842823000,1.840713542
7,1843088,1000052,1000052,1000104,1001094,1.842896339,1.841073865
7,1799797,1000417,1000417,953072,1001666,1.888416615,1.796803525
7,1843993,1000468,1000468,1000417,1001355,1.843224375,1.841497771
7,1843739,1000364,1000364,1000417,1001407,1.842970481,1.841148504
7,1843070,1000104,1000104,1000052,1001042,1.842974165,1.841151520
7,1838724,1000469,1000469,995625,1001406,1.846803766,1.836142384
7,1843147,1000052,1000052,1000052,1000938,1.843051161,1.841419748
7,1843914,1000364,1000364,1000417,1001302,1.843145408,1.841516346
7,1843285,1000260,1000260,1000313,1001198,1.842708232,1.841079387
7,1808618,1000677,1000677,960209,1001927,1.883567015,1.805139496
7,1843325,1000156,1000156,1000156,1001198,1.843037486,1.841119339
7,1843169,1000104,1000104,1000052,1001146,1.843073160,1.841059146
7,1843935,1000417,1000417,1000417,1001406,1.843166400,1.841346067
7,1836873,1000416,1000416,996302,1001771,1.843690969,1.833625649
7,1843606,1000208,1000208,1000208,1001302,1.843222610,1.841208746
7,1843554,1000417,1000417,1000365,1001458,1.842881348,1.840870012
7,1843607,1000313,1000313,1000365,1001354,1.842934329,1.841114131
7,1828537,1000469,1000469,982501,1001823,1.861104467,1.825209643
7,1843403,1000105,1000105,1000104,1001146,1.843211306,1.841292878
7,1843520,1000260,1000260,1000260,1001250,1.843040809,1.841218477
7,1843235,1000000,1000000,1000052,1001042,1.843139157,1.841316348
7,1836168,1000156,1000156,993593,1001250,1.848008188,1.833875655
7,1843662,1000261,1000261,1000260,1001302,1.843182772,1.841264673
7,1843829,1000417,1000417,1000417,1001666,1.843060444,1.840762290
7,1843274,1000156,1000156,1000157,1001198,1.842984651,1.841068400
7,1826305,1000312,1000312,971302,1001875,1.880264840,1.822887087
7,1843351,1000104,1000104,1000052,1001250,1.843255151,1.841049688
7,1843309,1000052,1000052,1000052,1001197,1.843213153,1.841105197
7,1843695,1000260,1000260,1000260,1001407,1.843215764,1.841104566
7,1833007,1000365,1000365,989322,1001928,1.852791103,1.829479763
7,1843234,1000208,1000208,1000209,1001406,1.842848845,1.840646052
7,1843826,1000312,1000312,1000365,1001511,1.843153249,1.841044182
7,1843940,1000417,1000417,1000416,1001563,1.843173240,1.841062419
7,1828384,1000521,1000521,978698,1001927,1.868179970,1.824867480
7,1843114,1000052,1000052,1000105,1001250,1.842920493,1.840812984
7,1843548,1000365,1000365,1000416,1001511,1.842781403,1.840766602
7,1844158,1000521,1000521,1000521,1001614,1.843197694,1.841186325
7,1836839,1000208,1000208,996302,1001615,1.843656843,1.833877288
7,1843588,1000208,1000208,1000209,1001250,1.843202771,1.841286392
7,1843683,1000364,1000364,1000313,1001406,1.843106108,1.841094421
7,1843854,1000365,1000365,1000313,1001614,1.843277054,1.840882815
7,1812700,1000677,1000677,952657,1001979,1.902783478,1.809119752
7,1843558,1000209,1000209,1000156,1001510,1.843270450,1.840778425
7,1844260,1000521,1000521,1000521,1001406,1.843299641,1.841670611
7,1843809,1000417,1000417,1000365,1001458,1.843136255,1.841124640
7,1837268,1000312,1000312,997500,1001198,1.841872682,1.835069587
7,1844076,1000468,1000468,1000469,1001302,1.843211534,1.841678135
7,1843494,1000156,1000156,1000156,1000990,1.843206460,1.841670746
7,1842830,1000000,1000000,1000000,1000833,1.842830000,1.841296200
7,1832620,1000521,1000521,987292,1001771,1.856208700,1.829380168
7,1843497,1000209,1000209,1000156,1001302,1.843209459,1.841099888
7,1844111,1000469,1000469,1000468,1001875,1.843248360,1.840659763
7,1843666,1000260,1000260,1000261,1001406,1.843184929,1.841077445
7,1837994,1000260,1000260,996666,1001511,1.844142371,1.835220981
7,1843876,1000468,1000468,1000469,1001562,1.843011628,1.841000357
7,1841339,1000261,1000261,1000208,1001407,1.840956081,1.838751876
7,1843679,1000365,1000365,1000365,1001823,1.843006303,1.840324089
7,1806703,1000521,1000521,945313,1001979,1.911221997,1.803134597
7,1843941,1000521,1000521,1000469,1001822,1.843076597,1.840587450
7,1842974,1000052,1000052,1000105,1001094,1.842780508,1.840959990
7,1843208,1000104,1000104,1000104,1001146,1.843016326,1.841098102
7,1837552,1000000,1000000,993959,1001354,1.848720118,1.835067319
7,1843781,1000312,1000312,1000313,1001302,1.843204077,1.841383519
7,1843325,1000313,1000313,1000260,1001302,1.842845860,1.840928112
7,1843585,1000417,1000417,1000417,1001458,1.842816546,1.840900966
7,1827764,1000573,1000573,980990,1001823,1.863183111,1.824438049
7,1843729,1000365,1000365,1000364,1001667,1.843058127,1.840660619
7,1843429,1000209,1000209,1000156,1001250,1.843141470,1.841127591
7,1843530,1000157,1000157,1000156,1001198,1.843242454,1.841324094
7,1838578,1000156,1000156,996667,1001302,1.844726473,1.836187284
7,1843179,999948,999948,1000000,1001197,1.843179000,1.840975353
7,1841992,1000260,1000260,1000260,1001511,1.841513207,1.839212949
7,1843189,1000105,1000105,1000104,1001146,1.842997328,1.841079123
7,1828646,1000208,1000208,965313,1001771,1.894355510,1.825413193
7,1843869,1000364,1000364,1000312,1001511,1.843293892,1.841087117
7,1844092,1000468,1000468,1000469,1001667,1.843227526,1.841023015
7,1843271,1000417,1000417,1000365,1001510,1.842598452,1.840491857
7,1834780,1000104,1000104,996406,1001563,1.841397984,1.831916714
7,1842127,1000521,1000521,1000468,1001615,1.841265288,1.839156762
7,1841217,1000104,1000104,1000052,1001198,1.841121262,1.839013861
7,1859495,1013907,1013907,1004635,1015052,1.850916004,1.831920926
7,1792469,1000520,1000520,959636,1002083,1.867863440,1.788743048
7,1840641,1000052,1000052,1000052,1001302,1.840545292,1.838247602
7,1840932,1000104,1000104,1000104,1001250,1.840740563,1.838633708
7,1833629,1000261,1000261,995416,1001510,1.842073063,1.830864395
7,1840406,1000156,1000156,1000105,1001250,1.840212778,1.838108365
7,1843120,1000416,1000416,1000417,1001562,1.842351739,1.840245536
7,1842426,1000104,1000104,1000104,1001459,1.842234408,1.839741817
7,1830595,1000209,1000209,977552,1001459,1.872631840,1.827928053
7,1832309,1000260,1000260,992084,1001823,1.846929292,1.828974779
7,1843960,1000416,1000416,1000365,1001562,1.843287200,1.841084226
7,1841336,1000521,1000521,1000521,1001666,1.840377163,1.838273436
7,1831472,1000469,1000469,994896,1001667,1.840867789,1.828424017
7,1839020,1000469,1000469,1000520,1001563,1.838064207,1.836150097
7,1839505,1000104,1000104,1000104,1001250,1.839313711,1.837208489
7,1840632,1000105,1000105,1000156,1001250,1.840344906,1.838334082
7,1833388,1000573,1000573,991198,1001770,1.849668785,1.830148637
7,1808728,999947,999947,972864,1001198,1.859178672,1.806563737
7,1839146,1000365,1000365,1000364,1001354,1.838476794,1.836659163
7,1840387,1000365,1000365,1000364,1001198,1.839717343,1.838184855
7,1834944,1000261,1000261,997551,1001198,1.839448810,1.832748367
7,1840056,1000208,1000208,1000260,1001145,1.839577710,1.837951545
7,1839130,1000260,1000260,1000209,1001094,1.838745702,1.837120191
7,1843716,1000260,1000260,1000260,1001146,1.843236758,1.841605520
7,1831977,1000469,1000469,983645,1001458,1.862437160,1.829309866
7,1833651,1000260,1000260,994740,1001250,1.843347005,1.831361798
7,1840293,1000104,1000104,1000104,1001407,1.840101629,1.837707346
7,1840519,1000313,1000313,1000312,1001406,1.839944937,1.837934864
7,1833258,1000156,1000156,996510,1001354,1.839678478,1.830779125
7,1837625,1000416,1000416,1000469,1001614,1.836763558,1.834663853
7,1839703,1000104,1000104,1000052,1001198,1.839607340,1.837501673
7,1839817,1000104,1000104,1000052,1001198,1.839721334,1.837615537
7,1836980,1006406,1006406,986928,1007552,1.861311058,1.823211110
7,1838981,999948,999948,1000000,1001354,1.838981000,1.836494387
7,1840913,1000469,1000469,1000469,1001563,1.840050017,1.838040143
7,1840736,1000261,1000261,1000364,1001407,1.840066216,1.838149723
7,1837326,1000469,1000469,996667,1001562,1.843470286,1.834460573
7,1840601,1000521,1000521,1000520,1001563,1.839644385,1.837728630
7,1838171,1000365,1000365,1000313,1001614,1.837595833,1.835208973
7,1839897,1000052,1000052,1000053,1001146,1.839799491,1.837790892
7,1807841,1000730,1000730,953229,1001927,1.896544272,1.804363991
7,1837370,1000260,1000260,1000261,1001406,1.836890572,1.834790285
7,1839678,1000104,1000104,1000105,1001094,1.839484854,1.837667592
7,1840059,1000469,1000469,1000417,1001406,1.839292015,1.837475509
7,1827147,1000677,1000677,997500,1001823,1.831726316,1.823822172
7,1843161,999948,999948,1000052,1001250,1.843065161,1.840859925
7,1844432,1000677,1000677,1000781,1001927,1.842992623,1.840884615
7,1843700,1000260,1000260,1000260,1001510,1.843220763,1.840920210
7,1830428,1000416,1000416,980937,1001614,1.865999549,1.827478450
7,1843299,1000052,1000052,1000104,1001250,1.843107317,1.840997753
7,1842290,1000365,1000365,1000365,1001458,1.841617809,1.839607852
7,1844018,1000469,1000469,1000469,1001667,1.843153561,1.840949138
7,1838736,1000469,1000469,994583,1001615,1.848750682,1.835771229
7,1843724,1000312,1000312,1000261,1001458,1.843242914,1.841039764
7,1844411,1000625,1000625,1000729,1001823,1.843067404,1.841054757
7,1843141,1000000,1000000,1000052,1001198,1.843045162,1.840935559
7,1825596,1001771,1001771,957707,1003021,1.906215575,1.820097485
7,2089592,1000468,1000468,1000469,1001614,2.088612441,2.086224833
7,2092937,1000052,1000052,1000000,1001042,2.092937000,2.090758430
7,2093648,1000364,1000364,1000417,1001302,2.092775313,2.090925615
7,2087958,1000000,1000000,995416,1000937,2.097573276,2.086003415
7,2093101,1000156,1000156,1000156,1000937,2.092774527,2.091141600
7,2093568,1000364,1000364,1000417,1001406,2.092695346,2.090628576
7,2093672,1000416,1000416,1000417,1001354,2.092799303,2.090841001
7,2065183,1000572,1000572,975573,1001458,2.116892329,2.062176347
7,2092704,999948,999948,999948,1000833,2.092812826,2.090962228
7,2093580,1000364,1000364,1000417,1001250,2.092707341,2.090966292
7,2093012,1000105,1000105,1000104,1001041,2.092794349,2.090835440
7,2087624,1000260,1000260,997760,1001198,2.092310776,2.085126019
7,2093799,1000469,1000469,1000468,1001250,2.092819560,2.091185019
7,2093465,1000313,1000313,1000312,1001094,2.092812043,2.091177252
7,1987893,1000209,1000209,1000260,1001041,1.987376282,1.985825755
7,1816605,1000469,1000469,959012,1001667,1.894246370,1.813581759
7,1843802,1000313,1000313,1000364,1001458,1.843131100,1.841117650
7,1843466,1000104,1000104,1000156,1001042,1.843178464,1.841547108
7,1844042,1000469,1000469,1000417,1001406,1.843273355,1.841452917
7,1838234,1000365,1000365,995781,1001354,1.846022368,1.835748397
7,1843525,1000104,1000104,1000104,1001146,1.843333293,1.841414739
7,1843679,1000260,1000260,1000209,1001302,1.843293752,1.841281651
7,1843546,1000208,1000208,1000157,1001094,1.843256609,1.841531365
7,1831838,1000521,1000521,987031,1001511,1.855907261,1.829074269
7,1843231,1000000,1000000,1000000,1001146,1.843231000,1.841121075
7,1842359,1000312,1000312,1000261,1001250,1.841878270,1.840058926
7,1843851,1000364,1000364,1000365,1001250,1.843178240,1.841549064
7,1837678,1000209,1000209,993281,1001250,1.850108882,1.835383770
7,1843642,1000260,1000260,1000261,1001250,1.843160935,1.841340325
7,1844131,1000521,1000521,1000469,1001406,1.843266508,1.841541792
7,1844274,1000572,1000572,1000573,1001458,1.843217836,1.841588963
7,1820056,1000677,1000677,959791,1001875,1.896304508,1.816649782
7,1843708,1000260,1000260,1000261,1001458,1.843226918,1.841023787
7,1843294,1000052,1000052,1000052,1001041,1.843198154,1.841377126
7,1843596,1000209,1000209,1000208,1001198,1.843212612,1.841390015
7,1838701,1000156,1000156,995312,1001198,1.847361430,1.836500872
7,1843508,1000156,1000156,1000156,1001094,1.843220458,1.841493406
7,1842680,1000416,1000416,1000521,1001562,1.841720464,1.839806223
7,1843844,1000313,1000313,1000468,1001511,1.842981485,1.841062155
7,1820747,1000782,1000782,983958,1001980,1.850431624,1.817149045
7,1843698,1000312,1000312,1000313,1001354,1.843121103,1.841205008
7,1842551,1000365,1000365,1000365,1001302,1.841878714,1.840155118
7,1843843,1000365,1000365,1000312,1001303,1.843267900,1.841443599
7,1839838,1000573,1000573,995937,1001615,1.847343758,1.836871453
7,1842057,1000104,1000104,1000105,1000990,1.841863604,1.840235167
7,1843753,1000313,1000313,1000312,1001250,1.843177928,1.841451186
7,1844443,1000677,1000677,1000729,1001719,1.843099381,1.841277843
7,1859147,1000833,1000833,966146,1001979,1.924291981,1.855475015
7,2089747,1000208,1000208,1000156,1001042,2.089421050,2.087571750
7,2093809,1000468,1000468,1000521,1001458,2.092718694,2.090760671
7,2093580,1000364,1000364,1000365,1001250,2.092816122,2.090966292
7,2089086,1000417,1000417,995677,1001407,2.098156330,2.086150786
7,2092875,1000052,1000052,1000052,1000938,2.092766176,2.090913723
7,2093618,1000417,1000417,1000416,1001198,2.092747417,2.091112847
7,2093671,1000416,1000416,1000417,1001250,2.092798303,2.091057179
7,1994022,1000625,1000625,986563,1001719,2.021180604,1.990600158
7,1842907,1000208,1000208,1000156,1001146,1.842619551,1.840797446
7,1842748,1000469,1000469,1000468,1001354,1.841885997,1.840256293
7,1842543,1000365,1000365,1000312,1001198,1.841968306,1.840338275
7,1839924,1000364,1000364,995470,1001458,1.848296784,1.837245296
7,1843914,1000365,1000365,1000416,1001302,1.843147251,1.841516346
7,1842355,1000208,1000208,1000209,1001146,1.841970028,1.840246078
7,1844034,1000468,1000468,1000417,1001406,1.843265358,1.841444928
7,1819419,1000573,1000573,958802,1001614,1.897596167,1.816487190
7,1843545,1000209,1000209,1000104,1001302,1.843353291,1.841147826
7,1843355,1000104,1000104,1000052,1000990,1.843259151,1.841531883
7,1843844,1000364,1000364,1000365,1001250,1.843171242,1.841542072
7,1839171,1000313,1000313,995260,1001407,1.847930189,1.836586922
7,1843337,1000052,1000052,1000052,1001041,1.843241151,1.841420082
7,1844086,1000521,1000521,1000468,1001406,1.843223371,1.841496855
7,1843340,1000104,1000104,1000052,1001042,1.843244151,1.841421239
7,1833957,1000468,1000468,987605,1001510,1.856974195,1.831191900
7,1843941,1000417,1000417,1000468,1001407,1.843078439,1.841350220
7,1832040,1000469,1000469,1000521,1001459,1.831086004,1.829370948
7,1843211,1000678,1000678,1000781,1001718,1.841772576,1.840049794
7,1840245,1000625,1000625,995939,1001615,1.847748708,1.837277796
7,1843226,1000000,1000000,1000000,1000937,1.843226000,1.841500514
7,1843451,1000104,1000104,1000156,1000990,1.843163466,1.841627788
7,1843813,1000365,1000365,1000364,1001250,1.843142096,1.841511111
7,1885543,1000156,1000156,973282,1001302,1.937303885,1.883091215
7,2090267,1000104,1000104,1000104,1001198,2.090049635,2.087765857
7,2092845,1000365,1000365,1000364,1001198,2.092083482,2.090340772
7,2093447,1000312,1000312,1000313,1001198,2.092791956,2.090942051
7,2087086,1000261,1000261,994896,1001302,2.097793136,2.084372147
7,2093300,1000261,1000261,1000208,1001094,2.092864684,2.091012432
7,2092783,1000000,1000000,1000000,1000833,2.092783000,2.091041163
7,2093233,1000209,1000209,1000208,1001042,2.092797698,2.091054122
7,2079544,1000416,1000416,983072,1001354,2.115352690,2.076732105
7,2092779,1000000,1000000,999948,1000886,2.092887830,2.090926439
7,1857599,1000469,1000469,1000468,1001354,1.856730050,1.855087212
7,1843872,1000365,1000365,1000416,1001198,1.843105268,1.841665685
7,1837325,1000417,1000417,995937,1001406,1.844820506,1.834745348
7,1843873,1000365,1000365,1000364,1001302,1.843202074,1.841475399
7,1842084,1000104,1000104,1000052,1000990,1.841988217,1.840262140
7,1843214,1000052,1000052,1000000,1000834,1.843214000,1.841678041
7,1819649,1000833,1000833,961511,1001823,1.892489009,1.816337816
7,1843971,1000417,1000417,1000364,1001666,1.843300039,1.840904054
7,1844000,1000417,1000417,1000364,1001823,1.843329028,1.840644505
7,1843375,1000104,1000104,1000105,1001250,1.843181466,1.841073658
7,1836608,1000573,1000573,990834,1001928,1.853598080,1.833073834
7,1843237,1000000,1000000,999948,1001093,1.843332853,1.841224542
7,1844233,1000573,1000573,1000573,1001667,1.843176860,1.841163780
7,1843622,1000209,1000209,1000208,1001510,1.843238606,1.840842328
7,1822446,1000677,1000677,973802,1001928,1.871474899,1.818939085
7,1843781,1000312,1000312,1000312,1001511,1.843205920,1.840999250
7,1843428,1000104,1000104,1000104,1001563,1.843236303,1.840551218
7,1843448,1000156,1000156,1000104,1001250,1.843256301,1.841146567
7,1837740,1000052,1000052,994063,1001562,1.848715826,1.834873927
7,1844113,1000521,1000521,1000521,1001771,1.843152717,1.840852850
7,1843889,1000416,1000416,1000365,1001459,1.843216226,1.841202685
7,1843853,1000364,1000364,1000365,1001407,1.843180239,1.841262344
7,1809295,1000312,1000312,950678,1001511,1.903162795,1.806565280
7,1843918,1000365,1000365,1000365,1001771,1.843245215,1.840658194
7,1843217,1000000,1000000,999948,1001458,1.843312852,1.840533502
7,1844134,1000521,1000521,1000521,1001615,1.843173706,1.841160526
7,1838204,1000521,1000521,994011,1001719,1.849279334,1.835049550
7,1843276,1000052,1000052,1000052,1001406,1.843180155,1.840687993
7,1843554,1000209,1000209,1000208,1001354,1.843170621,1.841061203
7,1844116,1000469,1000469,1000521,1001615,1.843155716,1.841142555
7,1784508,1000729,1000729,952918,1002188,1.872677397,1.780612021
7,1843996,1000469,1000469,1000416,1001666,1.843229217,1.840929012
7,1843903,1000365,1000365,1000364,1001718,1.843232064,1.840740608
7,1843463,1000156,1000156,1000156,1001563,1.843175465,1.840586164
7,1836849,1000365,1000365,996405,1001614,1.843476297,1.833889103
7,1843985,1000416,1000416,1000469,1001511,1.843120576,1.841202942
7,1843707,1000261,1000261,1000260,1001718,1.843227761,1.840544944
7,1843379,1000104,1000104,1000104,1001198,1.843187309,1.841173274
7,1802769,1000156,1000156,945989,1001615,1.905697635,1.799862223
7,1843727,1000260,1000260,1000261,1001355,1.843245913,1.841232130
7,1843454,1000105,1000105,1000156,1001146,1.843166466,1.841343820
7,1843530,1000209,1000209,1000156,1001354,1.843242454,1.841037236
7,1837211,1000261,1000261,996822,1001354,1.843068271,1.834726780
7,1843619,1000208,1000208,1000208,1001406,1.843235607,1.841030511
7,1844140,1000520,1000520,1000521,1001667,1.843179703,1.841070935
7,1843592,1000208,1000208,1000208,1001250,1.843208613,1.841290387
7,1826954,1000313,1000313,976769,1001510,1.870405388,1.824199459
7,1843891,1000417,1000417,1000364,1001302,1.843220068,1.841493376
7,1843685,1000261,1000261,1000260,1001146,1.843205767,1.841574556
7,1843308,1000052,1000052,1000052,1000938,1.843212153,1.841580597
7,1838411,1000260,1000260,997136,1001250,1.843691332,1.836115855
7,1843334,1000052,1000052,1000104,1000990,1.843142313,1.841510904
7,1844083,1000469,1000469,1000521,1001458,1.843122733,1.841398241
7,1843555,1000209,1000209,1000156,1001094,1.843267450,1.841540355
7,1825052,1000833,1000833,966354,1002083,1.888595691,1.821258319
7,1843242,1000052,1000052,1000000,1001198,1.843242000,1.841036438
7,1843801,1000364,1000364,1000313,1001354,1.843224071,1.841307869
7,1843180,1000000,1000000,1000000,1000989,1.843180000,1.841358896
7,1837289,1000521,1000521,996355,1001615,1.844010418,1.834326563
7,1843962,1000417,1000417,1000416,1001458,1.843195231,1.841277418
7,1843685,1000313,1000313,1000260,1001302,1.843205767,1.841287643
7,1843992,1000469,1000469,1000416,1001406,1.843225218,1.841402987
7,1829702,1000625,1000625,981874,1002083,1.863479428,1.825898653
7,1844020,1000469,1000469,1000417,1001614,1.843251364,1.841048548
7,1843723,1000312,1000312,1000313,1001511,1.843146095,1.840941338
7,1843597,1000208,1000208,1000209,1001303,1.843211769,1.841197919
7,1837344,1000468,1000468,996563,1001615,1.843680731,1.834381474
7,1844086,1000469,1000469,1000521,1001510,1.843125731,1.841305629
7,1843732,1000313,1000313,1000260,1001302,1.843252754,1.841334582
7,1843881,1000365,1000365,1000364,1001406,1.843210072,1.841292143
7,1828847,1000782,1000782,969843,1002291,1.885714492,1.824666689
7,1843324,1000052,1000052,1000052,1001510,1.843228152,1.840544777
7,1843408,1000104,1000104,1000104,1001250,1.843216306,1.841106617
7,1843625,1000261,1000261,1000208,1001354,1.843241606,1.841132107
7,1834177,1000000,1000000,995521,1001250,1.842429241,1.831887141
7,1843608,1000208,1000208,1000261,1001615,1.843126944,1.840635374
7,1843939,1000417,1000417,1000364,1001510,1.843268050,1.841158850
7,1843432,1000157,1000157,1000156,1001198,1.843144469,1.841226211
7,1804528,1000261,1000261,965052,1001406,1.869876442,1.801994396
7,1843476,1000104,1000104,1000156,1001198,1.843188463,1.841270158
7,1843416,1000105,1000105,1000104,1001146,1.843224305,1.841305863
7,1843885,1000365,1000365,1000364,1001458,1.843214070,1.841200530
7,1837395,1000261,1000261,995520,1001406,1.845663573,1.834815250
7,1843701,1000313,1000313,1000260,1001354,1.843221762,1.841208004
7,1843314,1000053,1000053,1000052,1001146,1.843218153,1.841203980
7,1843938,1000417,1000417,1000364,1001667,1.843267051,1.840869271
7,1818842,1000417,1000417,959011,1001823,1.896580957,1.815532285
7,1843178,1000052,1000052,1000000,1001302,1.843178000,1.840781303
7,1844061,1000469,1000469,1000417,1001407,1.843292347,1.841470052
7,1843357,1000052,1000052,1000053,1000989,1.843259307,1.841535721
7,1839139,1000521,1000521,997239,1001510,1.844230922,1.836366087
7,1843974,1000468,1000468,1000469,1001354,1.843109582,1.841480635
7,1843537,1000156,1000156,1000208,1001250,1.843153624,1.841235456
7,1843479,1000157,1000157,1000156,1001042,1.843191462,1.841560094
7,1816243,1000521,1000521,971772,1001666,1.869001165,1.813222172
7,1842962,999896,999896,999792,1000990,1.843345416,1.841139272
7,1843168,1000000,1000000,999948,1000833,1.843263850,1.841633919
7,1843737,1000260,1000260,1000312,1001198,1.843161933,1.841530846
7,1839073,1000520,1000520,998021,1001459,1.842719742,1.836393702
7,1843299,1000052,1000052,1000104,1000885,1.843107317,1.841669123
7,1844044,1000417,1000417,1000417,1001406,1.843275354,1.841454914
7,1844108,1000469,1000469,1000469,1001302,1.843243519,1.841710093
7,1829496,1000521,1000521,979115,1001927,1.868520041,1.825977342
7,1844040,1000469,1000469,1000416,1001667,1.843273198,1.840971101
7,1843207,1000000,1000000,1000000,1001146,1.843207000,1.841097103
7,1843777,1000312,1000312,1000313,1001458,1.843200078,1.841092687
7,1836460,1000260,1000260,996562,1001459,1.842795531,1.833784508
7,1843598,1000209,1000209,1000208,1001354,1.843214611,1.841105144
7,1843942,1000365,1000365,1000417,1001510,1.843173397,1.841161846
7,1843749,1000260,1000260,1000261,1001406,1.843267907,1.841160329
7,1830464,1000625,1000625,981824,1002136,1.864350433,1.826562463
7,1843726,1000312,1000312,1000260,1001407,1.843246756,1.841135522
7,1843632,1000208,1000208,1000209,1001354,1.843246761,1.841139098
7,1843709,1000260,1000260,1000261,1001406,1.843227918,1.841120385
7,1839417,1000573,1000573,996092,1001719,1.846633644,1.836260468
7,1844178,1000521,1000521,1000521,1001667,1.843217684,1.841108872
7,1843139,999948,999948,999948,1001458,1.843234848,1.840455616
7,1843900,1000365,1000365,1000416,1001563,1.843133257,1.841022482
7,1826174,1000521,1000521,969896,1002083,1.882855481,1.822377987
7,1843424,1000156,1000156,1000104,1001354,1.843232304,1.840931379
7,1843334,1000104,1000104,1000052,1001250,1.843238152,1.841032709
7,1843268,1000052,1000052,1000000,1001302,1.843268000,1.840871186
7,1836529,1000313,1000313,994427,1001562,1.846821335,1.833664816
7,1843513,1000156,1000156,1000157,1001250,1.843223614,1.841211486
7,1843979,1000417,1000417,1000468,1001563,1.843116422,1.841101359
7,1843266,1000053,1000053,1000052,1001458,1.843170155,1.840582431
7,1791802,1000677,1000677,943176,1002344,1.899753598,1.787611838
7,1843371,1000105,1000105,1000104,1001303,1.843179309,1.840972213
7,1843901,1000365,1000365,1000365,1001510,1.843228222,1.841120907
7,1843901,1000364,1000364,1000417,1001510,1.843132414,1.841120907
7,1835080,1000208,1000208,995364,1001406,1.843627055,1.832503500
7,1843889,1000365,1000365,1000365,1001510,1.843216226,1.841108926
7,1844086,1000468,1000468,1000469,1001510,1.843221529,1.841305629
7,1843393,1000104,1000104,1000104,1001198,1.843201307,1.841187258
7,1823407,1000521,1000521,968906,1002031,1.881923530,1.819711167
7,1843300,1000104,1000104,1000000,1001250,1.843300000,1.840998752
7,1843395,1000104,1000104,1000104,1001511,1.843203307,1.840613832
7,1843350,1000104,1000104,1000104,1001197,1.843158312,1.841146148
7,1837349,1000208,1000208,996562,1001615,1.843687598,1.834386466
7,1843339,1000052,1000052,1000053,1001458,1.843241308,1.840655325
7,1843720,1000261,1000261,1000208,1001407,1.843336586,1.841129531
7,1832410,1000365,1000365,1000417,1001615,1.831646204,1.829455429
7,1830641,1000260,1000260,985626,1002031,1.857338382,1.826930504
7,1842828,1000156,1000156,1000156,1001250,1.842540564,1.840527341
7,1843357,1000261,1000261,1000416,1001719,1.842590482,1.840193707
7,1843943,1000417,1000417,1000468,1001719,1.843080438,1.840778701
7,1838169,1000521,1000521,994531,1001666,1.848277228,1.835111704
7,1843976,1000521,1000521,1000521,1001927,1.843015789,1.840429492
7,1842056,1000261,1000261,1000260,1001458,1.841577190,1.839374192
7,1843130,999947,999947,999948,1001406,1.843225848,1.840542198
7,1982851,1000312,1000312,949324,1001562,2.088697852,1.979758617
7,2093434,1000260,1000260,1000313,1001198,2.092778960,2.090929067
7,2093859,1000521,1000521,1000677,1001562,2.092442416,2.090593493
7,2093088,1000105,1000105,1000104,1000937,2.092870341,2.091128612
7,2087630,1000208,1000208,995989,1001354,2.096037205,2.084807171
7,2093669,1000417,1000417,1000417,1001250,2.092796304,2.091055181
7,2093410,1000261,1000261,1000260,1001093,2.092865855,2.091124401
7,2093531,1000364,1000364,1000469,1001562,2.092549594,2.090266005
7,2079915,1000260,1000260,985156,1001198,2.111254461,2.077426243
7,2092884,1000364,1000364,1000365,1001146,2.092120376,2.090488300
7,2093280,1000208,1000208,1000208,1000989,2.092844688,2.091211792
7,1983487,1000417,1000417,1000416,1001250,1.982662213,1.981010737
7,1836351,1000625,1000625,997761,1001718,1.840471816,1.833201560
7,1843317,1000052,1000052,1000052,1000990,1.843221153,1.841493921
7,1844152,1000521,1000521,1000521,1001458,1.843191697,1.841467141
7,1843704,1000260,1000260,1000313,1001198,1.843127101,1.841497886
7,1825580,1000938,1000938,964896,1002083,1.891996650,1.821785221
7,1843692,1000260,1000260,1000261,1001510,1.843210922,1.840912223
7,1843376,1000104,1000104,1000104,1001510,1.843184309,1.840596699
7,1843417,1000105,1000105,1000052,1001303,1.843321147,1.841018153
7,1836711,1000573,1000573,993853,1001980,1.848071093,1.833081499
7,1843405,1000104,1000104,1000052,1001198,1.843309148,1.841199243
7,1843694,1000261,1000261,1000260,1001354,1.843214764,1.841201014
7,1843579,1000208,1000208,1000209,1001354,1.843193773,1.841086169
7,1827711,1000156,1000156,981303,1001719,1.862534813,1.824574556
7,1843984,1000417,1000417,1000417,1001563,1.843215379,1.841106351
7,1842530,1000521,1000521,1000521,1001615,1.841570542,1.839559112
7,1844374,1000677,1000677,1000677,1001719,1.843126204,1.841208962
7,1837785,1000209,1000209,994843,1001302,1.847311586,1.835395315
7,1843610,1000209,1000209,1000208,1001510,1.843226609,1.840830346
7,1843696,1000260,1000260,1000260,1001354,1.843216764,1.841203011
7,1843456,1000156,1000156,1000156,1001198,1.843168466,1.841250182
7,1822713,1000208,1000208,966407,1001510,1.886071810,1.819964853
7,1843223,1000000,1000000,1000000,1001146,1.843223000,1.841113084
7,1843493,1000156,1000156,1000208,1001250,1.843109633,1.841191511
7,1843899,1000416,1000416,1000365,1001406,1.843226222,1.841310118
7,1839028,1000416,1000416,995261,1001666,1.847784651,1.835969275
7,1843542,1000209,1000209,1000208,1001198,1.843158623,1.841336079
7,1843301,1000052,1000052,1000052,1001145,1.843205153,1.841192834
7,1843875,1000365,1000365,1000364,1001511,1.843204074,1.841093108
7,1830486,1000417,1000417,984114,1001615,1.860034508,1.827534532
7,1843970,1000364,1000364,1000365,1001406,1.843297197,1.841381018
7,1843403,1000104,1000104,1000156,1001094,1.843115474,1.841388521
7,1850014,1006302,1006302,1001822,1007344,1.846649405,1.836526549
7,1831946,1000625,1000625,1000729,1001614,1.830611484,1.828994004
7,1844556,1000729,1000729,1000782,1001771,1.843114684,1.841295066
7,1842177,1000573,1000573,1000573,1001510,1.841122037,1.839399507
7,1849728,1007968,1007968,984531,1009010,1.878791018,1.833210771
7,1838997,1000677,1000677,995261,1001615,1.847753504,1.836031809
7,1844240,1000573,1000573,1000573,1001615,1.843183856,1.841266355
7,1843871,1000365,1000365,1000364,1001355,1.843200075,1.841375936
7,1839043,1000260,1000260,995573,1001250,1.847220646,1.836747066
7,1844568,1000677,1000677,1000886,1001875,1.842935159,1.841115908
7,1843901,1000416,1000416,1000573,1001615,1.842845050,1.840927901
7,1843947,1000365,1000365,1000417,1001406,1.843178395,1.841358051
7,1836770,1000053,1000053,991250,1001093,1.852983607,1.834764602
7,1838227,1000104,1000104,993854,1001146,1.849594608,1.836122803
7,1843731,1000313,1000313,1000260,1001146,1.843251755,1.841620503
7,1843764,1000312,1000312,1000313,1001250,1.843187082,1.841462172
7,1838996,1000469,1000469,997916,1001406,1.842836471,1.836414002
7,1843885,1000417,1000417,1000469,1001406,1.843020623,1.841296138
7,1844474,1000678,1000678,1000833,1001823,1.842938832,1.841117643
7,1843705,1000261,1000261,1000364,1001407,1.843034136,1.841114552
7,1800406,1000105,1000105,977031,1001250,1.842731705,1.798158302
7,2043857,1000261,1000261,972814,1001302,2.100974081,2.041199358
7,2093729,1000417,1000417,1000416,1001250,2.092858371,2.091115106
7,2093520,1000364,1000364,1000365,1001146,2.092756144,2.091123572
7,2088811,1000417,1000417,997239,1001303,2.094594175,2.086092821
7,2093432,1000625,1000625,1000885,1001927,2.091580951,2.089405715
7,2092697,999948,999948,999948,1000990,2.092805826,2.090627279
7,2093298,1000208,1000208,1000312,1001198,2.092645095,2.090793230
7,2087998,1000468,1000468,991979,1001406,2.104881253,2.085066397
7,2082403,999947,999947,990938,1000937,2.101446306,2.080453615
7,2093589,1000416,1000416,1000469,1001354,2.092607567,2.090758114
7,2093091,1000157,1000157,1000104,1000937,2.092873341,2.091131610
7,2088235,1000156,1000156,995938,1000989,2.096752007,2.086171776
7,2039781,1000469,1000469,1000521,1001302,2.038718827,2.037128658
7,1838960,1000469,1000469,1000469,1001354,1.838097932,1.836473415
7,1843949,1000416,1000416,1000365,1001250,1.843276204,1.841646941
7,1838294,1005520,1005520,979062,1006406,1.877607343,1.826592846
7,1843865,1000312,1000312,1000365,1001458,1.843192235,1.841180559
7,1844033,1000469,1000469,1000417,1001719,1.843264359,1.840868547
7,1841655,1000052,1000052,1000000,1001094,1.841655000,1.839642431
7,1835905,1000156,1000156,994270,1001302,1.846485361,1.833517760
7,1843816,1000313,1000313,1000364,1001459,1.843145095,1.841129792
7,1843175,1000000,1000000,999948,1001198,1.843270850,1.840969519
7,1843858,1000365,1000365,1000365,1001511,1.843185237,1.841076134
7,1820386,1000521,1000521,969739,1001771,1.877191698,1.817167796
7,1843745,1000260,1000260,1000261,1001510,1.843263908,1.840965143
7,1843692,1000260,1000260,1000312,1001563,1.843116948,1.840814806
7,1844034,1000468,1000468,1000417,1001563,1.843265358,1.841156273
7,1836161,1000312,1000312,993646,1001458,1.847902573,1.833487775
7,1843571,1000209,1000209,1000156,1001250,1.843283448,1.841269413
7,1843473,1000156,1000156,1000156,1001250,1.843185463,1.841171536
7,1843769,1000312,1000312,1000313,1001459,1.843192081,1.841082860
7,1811891,1000520,1000520,954636,1001666,1.897991486,1.808877410
7,1843526,1000156,1000156,1000156,1001250,1.843238455,1.841224469
7,1843449,1000157,1000157,1000156,1001146,1.843161467,1.841338826
7,1843555,1000156,1000156,1000208,1001146,1.843171620,1.841444704
7,1838058,1000260,1000260,995209,1001406,1.846906529,1.835477319
7,1843597,1000261,1000261,1000260,1001302,1.843117789,1.841199758
7,1843262,1000052,1000052,1000052,1001250,1.843166155,1.840960799
7,1843885,1000364,1000364,1000365,1001406,1.843212228,1.841296138
7,1830907,1000625,1000625,986303,1001875,1.856333196,1.827480474
7,1843693,1000260,1000260,1000209,1001406,1.843307749,1.841104407
7,1843369,1000052,1000052,1000104,1001094,1.843177310,1.841354558
7,1843484,1000156,1000156,1000157,1001094,1.843194618,1.841469432
7,1839446,1000365,1000365,997760,1001355,1.843575609,1.836956923
7,1844108,1000469,1000469,1000521,1001407,1.843147720,1.841516986
7,1844024,1000417,1000417,1000469,1001302,1.843159558,1.841626203
7,1843277,1000052,1000052,1000052,1000938,1.843181155,1.841549626
7,1823821,1001458,1001458,977813,1002812,1.865204288,1.818706796
7,1843629,1000260,1000260,1000209,1001407,1.843243762,1.841038659
7,1843400,1000104,1000104,1000104,1001094,1.843208306,1.841385524
7,1843272,1000000,1000000,1000052,1001042,1.843176155,1.841353310
7,1835677,1000208,1000208,992084,1001303,1.850324166,1.833288225
7,1843261,1000000,1000000,1000000,1001145,1.843261000,1.841152880
7,1843605,1000209,1000209,1000208,1001198,1.843221610,1.841399004
7,1844127,1000521,1000521,1000521,1001511,1.843166710,1.841344728
7,1822340,1000730,1000730,978801,1002084,1.861808478,1.818550142
7,1843918,1000416,1000416,1000365,1001511,1.843245215,1.841136043
7,1844094,1000469,1000469,1000469,1001719,1.843229525,1.840929442
7,1843625,1000208,1000208,1000209,1001250,1.843239763,1.841323346
7,1836937,1000364,1000364,984219,1001562,1.866390509,1.834072179
7,1843779,1000313,1000313,1000312,1001511,1.843203920,1.840997253
7,1843105,999948,999948,999948,1001042,1.843200846,1.841186484
7,1843280,1000000,1000000,1000052,1001042,1.843184154,1.841361302
7,1820930,1000260,1000260,959115,1001510,1.898552311,1.818184541
7,1843979,1000417,1000417,1000416,1001927,1.843212224,1.840432487
7,1843511,1000208,1000208,1000156,1001302,1.843223457,1.841113870
7,1844003,1000416,1000416,1000417,1001563,1.843234371,1.841125321
7,1838221,1000260,1000260,996198,1001719,1.845236590,1.835066521
7,1843390,1000104,1000104,1000104,1001198,1.843198307,1.841184261
7,1843083,999948,999948,999948,1001354,1.843178845,1.840590840
7,1843513,1000156,1000156,1000156,1001302,1.843225457,1.841115867
7,1814104,1000208,1000208,973698,1001562,1.863107452,1.811274789
7,1844150,1000521,1000521,1000469,1001615,1.843285499,1.841176500
7,1843811,1000364,1000364,1000313,1001511,1.843234068,1.841029205
7,1843250,1000052,1000052,1000052,1001197,1.843154156,1.841046268
7,1836968,1000520,1000520,996823,1001771,1.842822648,1.833720481
7,1843408,1000104,1000104,1000104,1001250,1.843216306,1.841106617
7,1844045,1000469,1000469,1000469,1001563,1.843180548,1.841167256
7,1843570,1000208,1000208,1000157,1001614,1.843280605,1.840599273
7,1778162,1000209,1000209,911042,1001667,1.951789270,1.775202737
7,1843695,1000260,1000260,1000260,1001406,1.843215764,1.841106404
7,1843872,1000364,1000364,1000365,1001667,1.843199232,1.840803381
7,1844110,1000469,1000469,1000469,1001510,1.843245518,1.841329592
7,1838543,1000209,1000209,996406,1001302,1.845174557,1.836152330
7,1843742,1000261,1000261,1000312,1001354,1.843166932,1.841248949
7,1843964,1000417,1000417,1000417,1001459,1.843195388,1.841277576
7,1843138,1000000,1000000,999948,1001042,1.843233848,1.841219449
7,1826623,1000260,1000260,980105,1001614,1.863701338,1.823679581
7,1843837,1000365,1000365,1000364,1001510,1.843166088,1.841057004
7,1844127,1000469,1000469,1000417,1001458,1.843358320,1.841442177
7,1843777,1000312,1000312,1000313,1001302,1.843200078,1.841379524
7,1838032,1000364,1000364,997136,1001459,1.843311243,1.835354218
7,1843633,1000260,1000260,1000208,1001198,1.843249604,1.841426970
7,1843627,1000208,1000208,1000209,1001250,1.843241762,1.841325343
7,1843285,1000053,1000053,1000000,1000990,1.843285000,1.841461953
7,1825337,1000417,1000417,974011,1001719,1.874041464,1.822204630
7,1843863,1000365,1000365,1000364,1001458,1.843192078,1.841178562
7,1843560,1000209,1000209,1000156,1001250,1.843272449,1.841258427
7,1843889,1000365,1000365,1000364,1001614,1.843218069,1.840917759
7,1835381,1000469,1000469,991823,1001719,1.850512642,1.832231394
7,1843953,1000417,1000417,1000417,1001667,1.843184392,1.840884246
7,1843500,1000156,1000156,1000156,1001198,1.843212459,1.841294130
7,1843913,1000416,1000416,1000365,1001407,1.843240217,1.841322260
7,1831114,1000573,1000573,984792,1001875,1.859391628,1.827687087
7,1843477,1000156,1000156,1000104,1001250,1.843285298,1.841175531
7,1843632,1000208,1000208,1000261,1001250,1.843150938,1.841330337
7,1843325,1000052,1000052,1000104,1001094,1.843133314,1.841310606
7,1837522,1000469,1000469,997240,1001562,1.842607597,1.834656267
7,1843440,1000104,1000104,1000104,1001146,1.843248302,1.841329836
7,1843938,1000417,1000417,1000417,1001615,1.843169398,1.840964842
7,1843660,1000208,1000208,1000261,1001250,1.843178930,1.841358302
7,1821863,1000416,1000416,965105,1001667,1.887735531,1.818831009
7,1843281,1000052,1000052,1000052,1001510,1.843185154,1.840501842
7,1843592,1000208,1000208,1000208,1001302,1.843208613,1.841194764
7,1843932,1000417,1000417,1000416,1001562,1.843165243,1.841056270
7,1837970,1000156,1000156,995416,1001302,1.846434054,1.835580075
7,1843207,1000000,1000000,1000000,1001145,1.843207000,1.841098942
7,1843458,1000156,1000156,1000104,1001250,1.843266300,1.841156554
7,1843372,1000105,1000105,1000052,1001198,1.843276150,1.841166283
7,1796133,1000365,1000365,957500,1001927,1.875856919,1.792678509
7,1843752,1000312,1000312,1000313,1001459,1.843175086,1.841065885
7,1843866,1000365,1000365,1000364,1001458,1.843195077,1.841181557
7,1843202,1000000,1000000,1000000,1001146,1.843202000,1.841092108
7,1838773,1000573,1000573,993281,1001823,1.851211289,1.835427017
7,1843684,1000261,1000261,1000208,1001354,1.843300593,1.841191027
7,1843234,1000000,1000000,1000000,1001146,1.843234000,1.841124072
7,1843816,1000365,1000365,1000364,1001458,1.843145095,1.841131630
7,1829430,1000365,1000365,970155,1001979,1.885708985,1.825816709
7,1843362,1000052,1000052,1000052,1001250,1.843266150,1.841060674
7,1843642,1000209,1000209,1000260,1001458,1.843162778,1.840957883
7,1843302,1000052,1000052,1000052,1001198,1.843206153,1.841096367
7,1838460,1000520,1000520,996250,1001771,1.845380176,1.835209843
7,1843314,1000053,1000053,1000000,1001198,1.843314000,1.841108352
7,1843211,1000000,1000000,1000000,1001094,1.843211000,1.841196731
7,1843157,1000000,1000000,999948,1001094,1.843252849,1.841142790
7,1807603,1000208,1000208,968854,1001406,1.865712481,1.805065078
7,1842903,999844,999844,999791,1001094,1.843288247,1.840889067
7,1843184,1000000,1000000,1000000,1000834,1.843184000,1.841648066
7,1843723,1000312,1000312,1000261,1001146,1.843241914,1.841612512
7,1836716,1000521,1000521,993907,1001615,1.847975716,1.833754487
7,1843278,1000000,1000000,1000052,1000937,1.843182155,1.841552465
7,1843594,1000209,1000209,1000208,1001094,1.843210612,1.841579312
7,1843099,999948,999948,999948,1000833,1.843194846,1.841564976
7,1810731,1000469,1000469,963853,1001823,1.878638133,1.807436044
7,1843243,1000052,1000052,1000052,1001198,1.843147156,1.841037437
7,1843662,1000261,1000261,1000260,1001354,1.843182772,1.841169057
7,1843964,1000416,1000416,1000417,1001563,1.843195388,1.841086382
7,1838641,1000104,1000104,995417,1001354,1.847106288,1.836154846
7,1843408,1000156,1000156,1000104,1001197,1.843216306,1.841204079
7,1843513,1000156,1000156,1000157,1001250,1.843223614,1.841211486
7,1843934,1000417,1000417,1000417,1001823,1.843165400,1.840578625
7,1827498,1000625,1000625,981250,1002084,1.862418344,1.823697415
7,1843464,1000104,1000104,1000104,1001302,1.843272300,1.841066931
7,1843842,1000364,1000364,1000365,1001459,1.843169243,1.841155754
7,1844056,1000469,1000469,1000468,1001563,1.843193385,1.841178238
7,1837569,1000105,1000105,993280,1001302,1.850001007,1.835179596
7,1843295,1000104,1000104,1000052,1001198,1.843199154,1.841089375
7,1843486,1000157,1000157,1000156,1001406,1.843198461,1.840897698
7,1843379,1000105,1000105,1000104,1001146,1.843187309,1.841268906
7,1804760,1000469,1000469,945781,1001615,1.908221882,1.801850012
7,1843852,1000364,1000364,1000313,1001719,1.843275055,1.840687858
7,1844091,1000469,1000469,1000520,1001563,1.843132571,1.841213184
7,1843691,1000261,1000261,1000260,1001302,1.843211765,1.841293636
7,1836409,1000208,1000208,997083,1001406,1.841781477,1.833830634
7,1843582,1000209,1000209,1000260,1001458,1.843102793,1.840897971
7,1843238,1000053,1000053,1000000,1001042,1.843238000,1.841319345
7,1844029,1000469,1000469,1000468,1001511,1.843166398,1.841246876
7,1830680,1000261,1000261,985051,1001562,1.858462151,1.827824937
7,1843405,1000104,1000104,1000104,1001042,1.843213306,1.841486171
7,1843755,1000313,1000313,1000312,1001250,1.843179928,1.841453184
7,1843975,1000417,1000417,1000416,1001510,1.843208225,1.841194796
7,1836331,1000208,1000208,997032,1001250,1.841797455,1.834038452
7,1843917,1000416,1000416,1000365,1001302,1.843244216,1.841519342
7,1843906,1000364,1000364,1000417,1001354,1.843137412,1.841412727
7,1843998,1000416,1000416,1000417,1001511,1.843229373,1.841215923
7,1816119,1000312,1000312,961510,1001666,1.888819669,1.813098378
7,1844040,1000468,1000468,1000417,1001563,1.843271356,1.841162263
7,1844027,1000468,1000468,1000417,1001510,1.843258361,1.841246717
7,1843834,1000364,1000364,1000313,1001406,1.843257061,1.841245209
7,1837460,1000677,1000677,992501,1001980,1.851343223,1.833829019
7,1844019,1000469,1000469,1000469,1001667,1.843154561,1.840950136
7,1843992,1000417,1000417,1000469,1001459,1.843127573,1.841305535
7,1843988,1000417,1000417,1000416,1001406,1.843221220,1.841398993
7,1826276,1000156,1000156,983386,1001458,1.857130364,1.823617166
7,1843414,1000104,1000104,1000104,1001198,1.843222305,1.841208233
7,1844019,1000469,1000469,1000417,1001510,1.843250365,1.841238730
7,1844061,1000468,1000468,1000417,1001562,1.843292347,1.841185069
7,1838140,1000521,1000521,997604,1001719,1.842554761,1.834985660
7,1843657,1000260,1000260,1000261,1001302,1.843175931,1.841259680
7,1843453,1000157,1000157,1000104,1001146,1.843261301,1.841342821
7,1843569,1000208,1000208,1000156,1001250,1.843281448,1.841267416
7,1819897,1000416,1000416,957500,1001927,1.900675718,1.816396803
7,1843612,1000260,1000260,1000209,1001354,1.843226766,1.841119125
7,1844113,1000520,1000520,1000573,1002031,1.843056928,1.840375198
7,1843630,1000208,1000208,1000209,1001458,1.843244762,1.840945901
7,1838977,1002083,1002083,993854,1003334,1.850349246,1.832866224
7,1838535,997448,997448,997500,1001354,1.843142857,1.836048990
7,1844020,1000469,1000469,1000469,1001459,1.843155560,1.841333494
7,1831939,1000573,1000573,1000729,1002032,1.830604489,1.828224049
7,1829496,1000209,1000209,979063,1001562,1.868619282,1.826642784
7,1841803,999219,999219,999271,1001250,1.843146654,1.839503620
7,1842065,1000312,1000312,1000313,1001406,1.841488614,1.839478693
7,1843829,1000364,1000364,1000313,1001459,1.843252062,1.841142773
7,1838577,1000573,1000573,994843,1001667,1.848107691,1.835517193
7,1843342,1000052,1000052,1000104,1001094,1.843150312,1.841327588
7,1844152,1000521,1000521,1000469,1001562,1.843287498,1.841275927
7,1844110,1000469,1000469,1000521,1001510,1.843149719,1.841329592
7,1948770,1000260,1000260,970991,1001406,2.006990796,1.946033876
7,2091774,999843,999843,999844,1001197,2.092100368,2.089273140
7,2092526,1000208,1000208,1000313,1001303,2.091871244,2.089802987
7,2093557,1000364,1000364,1000365,1001198,2.092793131,2.091051920
7,2089322,1000625,1000625,998021,1001718,2.093464967,2.085738701
7,2092866,1000052,1000052,1000052,1000886,2.092757177,2.091013362
7,2093406,1000260,1000260,1000313,1001198,2.092750969,2.090901100
7,2093614,1000364,1000364,1000365,1001302,2.092850110,2.090891659
7,2021102,1000156,1000156,978749,1001146,2.064984996,2.018788468
7,1838732,1000052,1000052,1000052,1000937,1.838636391,1.837010721
7,1843366,1000104,1000104,1000104,1001042,1.843174310,1.841447212
7,1842742,1000313,1000313,1000312,1001146,1.842167244,1.840632635
7,1839149,1000260,1000260,997448,1001250,1.843854517,1.836852934
7,1843815,1000417,1000417,1000417,1001303,1.843046450,1.841415635
7,1843209,1000104,1000104,1000053,1001042,1.843111315,1.841290375
7,1843690,1000261,1000261,1000260,1001146,1.843210765,1.841579550
7,1825906,1000416,1000416,965781,1001511,1.890600457,1.823151219
7,1843847,1000365,1000365,1000365,1001354,1.843174241,1.841353807
7,1843107,999948,999948,999948,1000938,1.843202847,1.841379786
7,1843365,1000208,1000208,1000157,1001094,1.843075637,1.841350562
7,1838623,1000209,1000209,995677,1001250,1.846605877,1.836327591
7,1842683,1000156,1000156,1000104,1001094,1.842491381,1.840669308
7,1841867,1000104,1000104,1000104,1001145,1.841675466,1.839760474
7,1843497,1000156,1000156,1000157,1001094,1.843207616,1.841482418
7,1831056,1000573,1000573,984271,1001562,1.860316925,1.828200351
7,1843380,1000104,1000104,1000104,1001094,1.843188308,1.841365546
7,1842625,1000417,1000417,1000469,1001459,1.841761214,1.839940527
7,1831382,1000625,1000625,1000677,1001614,1.830142993,1.828430913
7,1839901,1000625,1000625,995939,1001615,1.847403305,1.836934351
7,1843227,1000000,1000000,1000052,1000989,1.843131157,1.841405850
7,1844046,1000469,1000469,1000469,1001354,1.843181548,1.841552538
7,1843760,1000312,1000312,1000313,1001198,1.843183084,1.841553819
7,1833166,1000572,1000572,975885,1001719,1.878465188,1.830020195
7,1843464,1000156,1000156,1000156,1001198,1.843176464,1.841258173
7,1844040,1000469,1000469,1000521,1001615,1.843079755,1.841066677
7,1843582,1000209,1000209,1000312,1001355,1.843006982,1.841087327
7,1839489,1000365,1000365,997134,1001510,1.844776128,1.836715560
7,1843130,999948,999948,999948,1000886,1.843225848,1.841498432
7,1844223,1000573,1000573,1000521,1001511,1.843262660,1.841440583
7,1844097,1000469,1000469,1000521,1001406,1.843136726,1.841507840
7,1833000,1000521,1000521,985833,1001666,1.859341288,1.829951301
7,1843807,1000312,1000312,1000312,1001302,1.843231912,1.841409485
7,1843445,1000157,1000157,1000104,1001094,1.843253302,1.841430475
7,1843525,1000156,1000156,1000260,1001198,1.843045808,1.841319100
7,1839626,1000729,1000729,996198,1001927,1.846646952,1.836087859
7,1843706,1000260,1000260,1000365,1001354,1.843033293,1.841212998
7,1844083,1000469,1000469,1000468,1001459,1.843220373,1.841396403
7,1843686,1000261,1000261,1000260,1001302,1.843206766,1.841288642
7,1975779,1000573,1000573,960521,1001563,2.056986781,1.972695677
7,2093449,1000312,1000312,1000313,1001354,2.092793955,2.090618303
7,2093339,1000261,1000261,1000260,1001145,2.092794873,2.090944868
7,2093658,1000416,1000416,1000469,1001354,2.092676535,2.090827020
7,2087715,1000416,1000416,997396,1001250,2.093165603,2.085108614
7,2093716,1000417,1000417,1000521,1001406,2.092625742,2.090776368
7,2092952,1000053,1000053,1000104,1000989,2.092734356,2.090884116
7,2093412,1000260,1000260,1000365,1001198,2.092648183,2.090907093
7,2067177,1000469,1000469,973282,1001458,2.123924001,2.064167444
7,2093809,1000469,1000469,1000469,1001458,2.092827464,2.090760671
7,2093040,1000104,1000104,1000156,1000937,2.092713537,2.091080657
7,2093172,1000209,1000209,1000208,1000989,2.092736711,2.091103898
7,1823447,1000520,1000520,995000,1001562,1.832610050,1.820603218
7,1843985,1000417,1000417,1000468,1001302,1.843122419,1.841587253
7,1842809,1000104,1000104,1000156,1000990,1.842521567,1.840986423
7,1844108,1000521,1000521,1000469,1001354,1.843243519,1.841614454
7,1797346,1000677,1000677,946874,1001719,1.898189199,1.794261664
7,1843557,1000313,1000313,1000260,1001666,1.843077800,1.840490742
7,1843452,1000157,1000157,1000156,1001355,1.843164466,1.840957503
7,1843694,1000469,1000469,1000469,1001511,1.842829713,1.840912381
7,1834444,1000364,1000364,988022,1001823,1.856683353,1.831105894
7,1842879,1000052,1000052,1000000,1001354,1.842879000,1.840387116
7,1843863,1000365,1000365,1000364,1001459,1.843192078,1.841176723
7,1843214,1000052,1000052,1000052,1001250,1.843118158,1.840912859
7,1817556,1000104,1000104,971353,1001459,1.871159095,1.814908049
7,1843497,1000156,1000156,1000157,1001406,1.843207616,1.840908682
7,1842702,999740,999740,999687,1001041,1.843278946,1.840785742
7,1843495,1000156,1000156,1000209,1001146,1.843109790,1.841384773
7,1838415,1000312,1000312,997657,1001354,1.842732522,1.835929152
7,1842981,1000104,1000104,1000105,1000938,1.842787507,1.841253904
7,1841847,1000104,1000104,1000104,1000989,1.841655468,1.840027213
7,1843415,1000156,1000156,1000157,1001146,1.843125629,1.841304865
7,1807617,995000,995000,955834,1001666,1.891141140,1.804610519
7,1843457,1000417,1000417,1000416,1001511,1.842690441,1.840675739
7,1843428,1000208,1000208,1000209,1001250,1.843042804,1.841126592
7,1843752,1000312,1000312,1000313,1001302,1.843175086,1.841354556
7,1838501,1000208,1000208,994896,1001458,1.847932849,1.835824368
7,1843493,1000469,1000469,1000469,1001511,1.842628807,1.840711685
7,1843259,1000052,1000052,1000000,1001042,1.843259000,1.841340323
7,1843202,1000104,1000104,1000105,1001094,1.843008484,1.841187741
7,1830559,1000469,1000469,984168,1001667,1.860006625,1.827512537
7,1843176,1000104,1000104,1000104,1001146,1.842984330,1.841066138
7,1843735,1000261,1000261,1000312,1001145,1.843159934,1.841626338
7,1843658,1000260,1000260,1000208,1001094,1.843274599,1.841643242
7,1838170,1000260,1000260,994949,1001198,1.847501731,1.835970507
7,1843455,1000469,1000469,1000417,1001302,1.842686600,1.841057943
7,1842940,1000104,1000104,1000052,1000886,1.842844172,1.841308601
7,1843400,1000209,1000209,1000208,1001093,1.843016653,1.841387364
7,1830554,1000521,1000521,973334,1001511,1.880704876,1.827792206
7,1843458,1000156,1000156,1000053,1001198,1.843360302,1.841252180
7,1843719,1000260,1000260,1000261,1001302,1.843237915,1.841321599
7,1843750,1000260,1000260,1000313,1001510,1.843173087,1.840970135
7,1836844,1000469,1000469,994010,1001719,1.847912999,1.833691884
7,1843351,1000156,1000156,1000052,1001406,1.843255151,1.840762887
7,1843981,1000416,1000416,1000417,1001458,1.843212380,1.841296390
7,1842723,999948,999948,999948,1000989,1.842818827,1.840902348
7,1827266,1000261,1000261,980157,1001407,1.864258481,1.824698649
7,1843958,1000417,1000417,1000364,1001355,1.843287044,1.841462818
7,1842680,1000156,1000156,1000104,1001094,1.842488381,1.840666311
7,1843723,1000469,1000469,1000469,1001355,1.842858699,1.841228136
7,1837798,1000209,1000209,996927,1001198,1.843462962,1.835598952
7,1842383,999948,999948,999896,1000886,1.842574628,1.840752094
7,1843326,1000156,1000156,1000156,1001041,1.843038486,1.841409093
7,1843745,1000365,1000365,1000416,1001250,1.842978321,1.841443196
7,1824366,1000781,1000781,963646,1002031,1.893191068,1.820668223
7,1843635,1000208,1000208,1000209,1001407,1.843249761,1.841044650
7,1843670,1000261,1000261,1000208,1001354,1.843286596,1.841177046
7,1843580,1000260,1000260,1000208,1001198,1.843196615,1.841374034
7,1843736,1000312,1000312,999012,1001406,1.845559413,1.841147347
7,1843319,1000156,1000156,1000156,1001250,1.843031487,1.841017728
7,1843942,1000364,1000364,1000417,1001406,1.843173397,1.841353058
7,1845024,1007083,1007083,996094,1008177,1.852258923,1.830059603
7,1835624,1000365,1000365,985885,1001667,1.861904786,1.832569107
7,1843145,1000052,1000052,1000052,1001093,1.843049161,1.841132642
7,1844021,1000417,1000417,1000469,1001511,1.843156560,1.841238888
7,1837131,1000208,1000208,996095,1001302,1.844333121,1.834742166
7,1843522,1000260,1000260,1000209,1001302,1.843136784,1.841124855
7,1843173,1000104,1000104,1000104,1001145,1.842981330,1.841064981
7,1843717,1000261,1000261,1000260,1001563,1.843237758,1.840839767
7,1834653,1000208,1000208,978960,1001406,1.874083722,1.832077100
7,1835146,1000573,1000573,992500,1002083,1.849013602,1.831331337
7,1843396,1000104,1000104,1000104,1001250,1.843204307,1.841094632
7,1843846,1000312,1000312,1000365,1001459,1.843173242,1.841159748
7,1835870,1000365,1000365,993177,1001562,1.848482194,1.833006843
7,1843063,1000312,1000312,1000312,1001458,1.842488144,1.840379726
7,1843184,1000000,1000000,1000000,1001145,1.843184000,1.841075968
7,1843089,1000052,1000052,1000052,1001198,1.842993164,1.840883621
7,1836184,1000261,1000261,991249,1001458,1.852394303,1.833510741
7,1835302,1000260,1000260,991146,1001718,1.851696925,1.832154359
7,1843908,1000521,1000521,1000521,1001614,1.842947824,1.840936728
7,1843385,1000209,1000209,1000208,1001354,1.843001656,1.840892432
7,1836296,1000104,1000104,995313,1001250,1.844943249,1.834003496
7,1842863,1000000,1000000,1000000,1001146,1.842863000,1.840753496
7,1843143,1000000,1000000,1000052,1001198,1.843047162,1.840937557
7,1843919,1000521,1000521,1000469,1001614,1.843054607,1.840947710
7,1836569,1000469,1000469,1018698,1039583,1.802859140,1.766640085
7,1843553,1000260,1000260,1000052,1001406,1.843457140,1.840964604
7,1843796,1000365,1000365,1000312,1001406,1.843220915,1.841207263
7,1843382,1000105,1000105,1000104,1001354,1.843190308,1.840889436
7,1836298,1000209,1000209,993489,1001250,1.848332493,1.834005493
7,1843673,1000364,1000364,1000365,1001355,1.843000305,1.841178204
7,1843342,1000104,1000104,1000052,1001094,1.843246151,1.841327588
7,1843219,1000000,1000000,1000000,1001094,1.843219000,1.841204722
7,1829061,1000156,1000156,985678,1001250,1.855637439,1.826777528
7,1843254,1000052,1000052,1000000,1001197,1.843254000,1.841050263
7,1843252,1000208,1000208,1000260,1001250,1.842772879,1.840950811
7,1843765,1000521,1000521,1000521,1001407,1.842804899,1.841174468
7,1838015,1000469,1000469,997501,1001459,1.842619707,1.835337243
7,1843546,1000208,1000208,1000157,1001093,1.843256609,1.841533204
7,1843533,1000313,1000313,1000260,1001302,1.843053806,1.841135841
7,1843608,1000208,1000208,1000208,1001146,1.843224609,1.841497644
7,1825577,1000573,1000573,972449,1001718,1.877298450,1.822446038
7,1843798,1000468,1000468,1000365,1001510,1.843125259,1.841018063
7,1843419,1000104,1000104,1000105,1000989,1.843225461,1.841597660
7,1843315,1000313,1000313,1000260,1001146,1.842835863,1.841204979
7,1836771,1000312,1000312,997135,1001250,1.842048469,1.834477903
7,1844024,1000469,1000469,1000469,1001354,1.843159558,1.841530568
7,1844066,1000469,1000469,1000469,1001354,1.843201538,1.841572511
7,1843260,1000052,1000052,1000000,1000937,1.843260000,1.841534482
7,1830339,1000417,1000417,985938,1001615,1.856444320,1.827387769
7,1843237,1000052,1000052,1000000,1001094,1.843237000,1.841222702
7,1843709,1000312,1000312,1000261,1001302,1.843227918,1.841311612
7,1843148,999948,999948,1000000,1000990,1.843148000,1.841325088
7,1836618,1000104,1000104,996666,1001146,1.842761768,1.834515645
7,1843201,1000104,1000104,1000104,1001198,1.843009327,1.840995487
7,1843393,1000104,1000104,1000052,1001145,1.843297149,1.841284729
7,1844018,1000469,1000469,1000417,1001459,1.843249365,1.841331497
7,1830042,1001875,1001875,969272,1003230,1.888058254,1.824149996
7,1843980,1000416,1000416,1000469,1001927,1.843115579,1.840433485
7,1843897,1000364,1000364,1000365,1001771,1.843224223,1.840637231
7,1843433,1000260,1000260,1000156,1001354,1.843145469,1.840940367
7,1837052,1000364,1000364,995938,1001511,1.844544540,1.834280402
7,1842999,1000104,1000104,1000052,1001198,1.842903169,1.840793729
7,1843094,1000000,1000000,1000000,1001146,1.843094000,1.840984232
7,1843653,1000521,1000521,1000521,1001615,1.842692957,1.840680301
7,1828194,1000261,1000261,984219,1001667,1.857507323,1.825151472
7,1844021,1000469,1000469,1000417,1001614,1.843252364,1.841049546
7,1843478,1000260,1000260,1000261,1001407,1.842996978,1.840887871
7,1843624,1000364,1000364,1000313,1001511,1.843047126,1.840842487
7,1838116,1000313,1000313,995885,1001562,1.845711101,1.835249341
7,1843574,1000312,1000312,1000261,1001406,1.843092953,1.840985574
7,1843625,1000312,1000312,1000365,1001459,1.842952322,1.840939070
7,1843559,1000156,1000156,1000208,1001354,1.843175619,1.841066196
7,1801428,1000312,1000312,952134,1001718,1.891989993,1.798338455
7,1843612,1000209,1000209,1000208,1001718,1.843228608,1.840450107
7,1842953,1000000,1000000,999947,1001146,1.843050682,1.840843393
7,1843535,1000260,1000260,1000260,1001406,1.843055805,1.840946629
7,1836616,1000209,1000209,995729,1001406,1.844493833,1.834037343
7,1843298,1000156,1000156,1000208,1001302,1.842914674,1.840901147
7,1843922,1000416,1000416,1000417,1001823,1.843153405,1.840566647
7,1843165,1000000,1000000,999948,1001094,1.843260850,1.841150781
7,1823588,1000260,1000260,973593,1001562,1.873049621,1.820743998
7,1843679,1000261,1000261,1000260,1001771,1.843199768,1.840419617
7,1843358,1000312,1000312,1000313,1001406,1.842781209,1.840769878
7,1844133,1000521,1000521,1000468,1001771,1.843270349,1.840872814
7,1834622,1000052,1000052,993750,1001146,1.846160503,1.832521930
7,1843569,1000312,1000312,1000313,1001511,1.842992143,1.840787570
7,1843703,1000260,1000260,1000313,1001511,1.843126102,1.840921368
7,1843476,1000156,1000156,1000156,1001198,1.843188463,1.841270158
7,1811437,1000625,1000625,957241,1001927,1.892352083,1.807953074
7,1844032,1000573,1000573,1000521,1001979,1.843071760,1.840389868
7,1843685,1000260,1000260,1000261,1001458,1.843203924,1.841000821
7,1843688,1000312,1000312,1000261,1001407,1.843206923,1.841097576
7,1836111,1000573,1000573,995937,1001771,1.843601553,1.832864996
7,1843368,1000104,1000104,1000105,1001250,1.843174467,1.841066667
7,1843754,1000312,1000312,1000313,1001406,1.843177086,1.841165322
7,1843658,1000208,1000208,1000209,1001355,1.843272756,1.841163224
7,1830401,1000677,1000677,983177,1002136,1.861720728,1.826499597
7,1843114,999948,999948,999948,1001146,1.843209847,1.841004209
7,1842699,1000000,1000000,1000000,1001146,1.842699000,1.840589684
7,1843516,1000260,1000260,1000261,1001667,1.843034968,1.840447973
7,1837298,1000573,1000573,996041,1001719,1.844600774,1.834145105
7,1843303,1000104,1000104,1000052,1001146,1.843207153,1.841192993
7,1843560,1000312,1000312,1000261,1001407,1.843078956,1.840969756
7,1843426,1000208,1000208,1000208,1001355,1.843042647,1.840931538
7,1817667,1000677,1000677,968177,1002031,1.877411878,1.813982801
7,1843312,1000156,1000156,1000104,1001354,1.843120315,1.840819530
7,1843392,1000313,1000313,1000312,1001459,1.842817041,1.840706409
7,1843698,1000365,1000365,1000312,1001562,1.843122946,1.840822635
7,1836270,1000312,1000312,995573,1001458,1.844435315,1.833596616
7,1843969,1000417,1000417,1000416,1001770,1.843202228,1.840710942
7,1843159,999948,999948,999948,1001094,1.843254849,1.841144788
7,1843065,1000157,1000157,1000156,1001198,1.842777527,1.840859650
7,1778986,1000157,1000157,945313,1001666,1.881901550,1.776027139
7,1843885,1000365,1000365,1000364,1001563,1.843214070,1.841007505
7,1843567,1000208,1000208,1000209,1001354,1.843181775,1.841074186
7,1844172,1000521,1000521,1000521,1001615,1.843211687,1.841198464
7,1836068,1000468,1000468,995573,1001719,1.844232417,1.832917215
7,1843397,1000105,1000105,1000104,1001250,1.843205307,1.841095630
7,1843191,1000000,1000000,1000000,1001094,1.843191000,1.841176753
7,1843512,1000261,1000261,1000312,1001406,1.842937004,1.840923661
7,1817979,1000209,1000209,958750,1001614,1.896197132,1.815049510
7,1844147,1000521,1000521,1000520,1001823,1.843188542,1.840791238
7,1843835,1000417,1000417,1000520,1001719,1.842876704,1.840670887
7,1843447,1000104,1000104,1000104,1001198,1.843255301,1.841241193
7,1828329,1000625,1000625,990834,1001927,1.845242493,1.824812586
7,1842215,1000521,1000521,1000521,1001875,1.841255706,1.838767311
7,1842329,1000625,1000625,1000677,1002135,1.841082587,1.838404007
7,1842515,999948,999948,999948,1001406,1.842610816,1.839928061
7,1828879,1000416,1000416,977500,1001667,1.870975959,1.825835333
7,1842947,999896,999896,999843,1001198,1.843236388,1.840741791
7,1844257,1000572,1000572,1000521,1001719,1.843296642,1.841092163
7,1843453,1000104,1000104,1000156,1001093,1.843165466,1.841440306
7,1838102,1000521,1000521,995677,1001719,1.846082615,1.834947725
7,1844441,1000678,1000678,1000729,1001823,1.843097382,1.841084703
7,1843485,1000156,1000156,1000260,1001302,1.843005818,1.841087904
7,1843172,1000000,1000000,1000000,1000938,1.843172000,1.841444725
7,1890521,1000156,1000156,967344,1001146,1.954341992,1.888356943
7,2089476,1000000,1000000,1000000,1000990,2.089476000,2.087409465
7,2093442,1000312,1000312,1000417,1001407,2.092569399,2.090500666
7,2093501,1000312,1000312,1000313,1001198,2.092845939,2.090995987
7,2087499,1000104,1000104,995313,1001042,2.097329182,2.085326090
7,2093492,1000364,1000364,1000365,1001198,2.092728154,2.090986998
7,1973700,1000000,1000000,1000052,1000938,1.973597373,1.971850404
7,1841727,1000625,1000625,1000677,1001615,1.840480994,1.838757407
7,1827172,1001146,1001146,981198,1002396,1.862184799,1.822804560
7,1843572,1000209,1000209,1000208,1001354,1.843188617,1.841079179
7,1843761,1000260,1000260,1000313,1001562,1.843184083,1.840885537
7,1843790,1000364,1000364,1000312,1001563,1.843214917,1.840912654
7,1837466,1000521,1000521,996771,1001718,1.843418398,1.834314647
7,1843952,1000416,1000416,1000365,1001511,1.843279203,1.841169992
7,1843636,1000209,1000209,1000260,1001406,1.843156779,1.841047487
7,1844171,1000521,1000521,1000573,1001666,1.843114895,1.841103721
7,1807251,1000208,1000208,944582,1001407,1.913281219,1.804711771
7,1843723,1000313,1000313,1000312,1001562,1.843147938,1.840847596
7,1843709,1000312,1000312,1000209,1001511,1.843323745,1.840927359
7,1843452,1000156,1000156,1000104,1001250,1.843260301,1.841150562
7,1834926,1000104,1000104,993125,1001354,1.847628446,1.832444870
7,1843600,1000208,1000208,1000208,1001250,1.843216611,1.841298377
7,1844061,1000469,1000469,1000417,1001511,1.843292347,1.841278828
7,1844018,1000417,1000417,1000468,1001459,1.843155403,1.841331497
7,1829405,1000261,1000261,980313,1001510,1.866143772,1.826646763
7,1843578,1000208,1000208,1000156,1001146,1.843290447,1.841467678
7,1843862,1000365,1000365,1000312,1001250,1.843286894,1.841560050
7,1843544,1000208,1000208,1000156,1001197,1.843256452,1.841339916
7,1839580,1000468,1000468,997605,1001459,1.843996371,1.836899963
7,1844115,1000469,1000469,1000468,1001406,1.843252358,1.841525815
7,1843452,1000156,1000156,1000156,1001041,1.843164466,1.841534962
7,1844402,1000677,1000677,1000729,1001719,1.843058410,1.841236914
7,1817597,1000625,1000625,966301,1001823,1.880984290,1.814289550
7,1842710,1000834,1000834,1000885,1001875,1.841080644,1.839261385
7,1841986,1000053,1000053,1000052,1001042,1.841890222,1.840068648
7,1843970,1000417,1000417,1000416,1001407,1.843203227,1.841379179
7,1839152,1000312,1000312,997292,1001250,1.844145947,1.836855930
7,1843820,1000365,1000365,1000312,1001302,1.843244908,1.841422468
7,1843697,1000260,1000260,1000261,1001250,1.843215921,1.841395256
7,1843910,1000417,1000417,1000417,1001302,1.843141410,1.841512351
7,1833968,1000469,1000469,987916,1001615,1.856400747,1.831010917
7,1844434,1000677,1000677,1000729,1001771,1.843090387,1.841173282
7,1843518,1000156,1000156,1000209,1001146,1.843132785,1.841407747
7,1843444,1000156,1000156,1000104,1001094,1.843252302,1.841429476
7,1839971,1000521,1000521,997448,1001510,1.844678620,1.837196833
7,1843888,1000364,1000364,1000365,1001302,1.843215226,1.841490380
7,1843871,1000364,1000364,1000365,1001354,1.843198233,1.841377774
7,1844220,1000521,1000521,1000521,1001563,1.843259662,1.841341982
7,1907567,1000521,1000521,971250,1001614,1.964032947,1.904493148
7,2090845,1000365,1000365,1000677,1001562,2.089430456,2.087584193
7,2093182,1000208,1000208,1000157,1001250,2.092853422,2.090568789
7,2093472,1000313,1000313,1000312,1001146,2.092819040,2.091075627
7,2089026,1000416,1000416,995365,1001354,2.098753724,2.086201283
7,2093434,1000313,1000313,1000312,1001250,2.092781052,2.090820474
7,2093090,1000156,1000156,1000156,1000989,2.092763529,2.091021979
7,2093284,1000260,1000260,1000208,1001041,2.092848687,2.091107157
7,2082247,1000469,1000469,988176,1001562,2.107162084,2.078999603
7,1907311,999948,999948,999948,1000938,1.907410185,1.905523619
7,1843159,1000000,1000000,999948,1000885,1.843254849,1.841529247
7,1841173,1000313,1000313,1000313,1001146,1.840596893,1.839065431
7,1838228,1000521,1000521,995886,1001510,1.845821711,1.835456461
7,1844004,1000468,1000468,1000417,1001354,1.843235371,1.841510595
7,1842378,1000260,1000260,1000313,1001146,1.841801516,1.840269052
7,1843354,1000052,1000052,1000104,1000989,1.843162311,1.841532724
7,1826734,1000313,1000313,967030,1001302,1.889014819,1.824358685
7,1843224,1000000,1000000,1000000,1001041,1.843224000,1.841307199
7,1843165,999948,999948,999948,1000885,1.843260850,1.841535241
7,1844069,1000468,1000468,1000469,1001406,1.843204537,1.841479879
7,1838011,1000260,1000260,995783,1001354,1.845794716,1.835525698
7,1843258,1000052,1000052,1000000,1000886,1.843258000,1.841626319
7,1843183,1000000,1000000,1000000,1000885,1.843183000,1.841553225
7,1843849,1000365,1000365,1000365,1001302,1.843176241,1.841451430
7,1832805,1000677,1000677,986667,1001771,1.857572008,1.829564841
7,1843850,1000313,1000313,1000312,1001355,1.843274898,1.841354964
7,1844060,1000468,1000468,1000469,1001458,1.843195541,1.841375275
7,1843241,1000052,1000052,1000000,1000990,1.843241000,1.841417996
7,1837534,1000417,1000417,997760,1001407,1.841659317,1.834952222
7,1843658,1000261,1000261,1000260,1001250,1.843178774,1.841356305
7,1843202,1000000,1000000,1000000,1000990,1.843202000,1.841379035
7,1843379,1000105,1000105,1000052,1001042,1.843283149,1.841460198
7,1825611,1000677,1000677,971146,1001823,1.879852257,1.822288967
7,1844430,1000677,1000677,1000730,1001875,1.843084548,1.840978166
7,1843495,1000156,1000156,1000208,1001407,1.843111633,1.840904847
7,1832732,1000521,1000521,1000625,1001666,1.831587258,1.829683747
7,1839196,1000521,1000521,995521,1001563,1.847470822,1.836325823
7,1843404,1000469,1000469,1000469,1001510,1.842539849,1.840624657
7,1841946,1000208,1000208,1000209,1001250,1.841561114,1.839646442
7,1843838,1000312,1000312,1000365,1001458,1.843165245,1.841153598
7,1832993,1000156,1000156,985575,1001302,1.859820917,1.830609546
7,1843733,1000312,1000312,1000313,1001198,1.843156092,1.841526851
7,1843480,1000156,1000156,1000365,1001302,1.842807375,1.841082910
7,1843788,1000312,1000312,1000313,1001250,1.843211075,1.841486142
7,1837788,1000157,1000157,993698,1001250,1.849443191,1.835493633
7,1843534,1000209,1000209,1000208,1001093,1.843150625,1.841521217
7,1843605,1000208,1000208,1000209,1001094,1.843219767,1.841590300
7,1843501,1000156,1000156,1000104,1001094,1.843309296,1.841486414
7,1947369,1000781,1000781,957033,1002084,2.034798173,1.943319123
7,2093031,1000416,1000416,1000417,1001562,2.092158570,2.089766784
7,2093000,1000104,1000104,1000104,1001406,2.092782351,2.090061374
7,1975346,1000521,1000521,1000625,1001667,1.974112180,1.972058578
7,1837113,1000157,1000157,992345,1001302,1.851284583,1.834724189
7,1841443,1000104,1000104,1000156,1001562,1.841155780,1.838571152
7,1843489,1000156,1000156,1000156,1001250,1.843201461,1.841187516
7,1841389,1000052,1000052,1000052,1001563,1.841293253,1.838515400
7,1828162,1000625,1000625,976145,1002187,1.872838564,1.824172535
7,1843253,1000000,1000000,1000000,1001198,1.843253000,1.841047425
7,1844178,1000521,1000521,1000521,1001615,1.843217684,1.841204455
7,1843465,1000156,1000156,1000157,1001250,1.843175621,1.841163546
7,1829743,1000520,1000520,982708,1001718,1.861939661,1.826604893
7,1843116,1000052,1000052,1000000,1001458,1.843116000,1.840432649
7,1843915,1000469,1000469,1000469,1001614,1.843050609,1.840943717
7,1843288,1000052,1000052,1000052,1001198,1.843192154,1.841082383
7,1821616,1000677,1000677,964532,1002187,1.888600897,1.817640820
7,1843775,1000312,1000312,1000313,1001510,1.843198079,1.840995097
7,1843668,1000260,1000260,1000260,1001354,1.843188771,1.841175049
7,1844048,1000573,1000573,1000573,1001667,1.842991966,1.840979088
7,1834344,1000312,1000312,987031,1001771,1.858446189,1.831101120
7,1843284,1000052,1000052,1000052,1001250,1.843188154,1.840982772
7,1843159,999948,999948,999948,1001093,1.843254849,1.841146627
7,1843630,1000208,1000208,1000208,1001615,1.843246605,1.840657338
7,1830435,1000572,1000572,981772,1002083,1.864419641,1.826630129
7,1843311,1000156,1000156,1000104,1001302,1.843119316,1.840914130
7,1843016,1000000,1000000,1000000,1001094,1.843016000,1.841001944
7,1844106,1000469,1000469,1000469,1001614,1.843241520,1.841134409
7,1835325,1000417,1000417,995990,1001563,1.842714284,1.832460864
7,1843895,1000573,1000573,1000625,1001719,1.842743285,1.840730784
7,1844145,1000521,1000521,1000468,1001614,1.843282344,1.841173346
7,1843421,1000156,1000156,1000156,1001197,1.843133471,1.841217063
7,1828593,1000312,1000312,973332,1001615,1.878694012,1.825644584
7,1844057,1000520,1000520,1000469,1001667,1.843192543,1.840988073
7,1843927,1000469,1000469,1000468,1001615,1.843064446,1.840953860
7,1843109,1000052,1000052,1000000,1001145,1.843109000,1.841001054
7,1835640,1000052,1000052,994115,1001250,1.846506692,1.833348315
7,1843728,1000260,1000260,1000261,1001458,1.843246913,1.841043758
7,1843216,1000000,1000000,1000000,1001146,1.843216000,1.841106092
7,1843740,1000364,1000364,1000417,1001510,1.842971481,1.840960150
7,1818405,1000208,1000208,972864,1001458,1.869125592,1.815757625
7,1844153,1000521,1000521,1000521,1001823,1.843192697,1.840797227
7,1833713,1000052,1000052,1000208,1001303,1.833331667,1.831326781
7,1840832,1000468,1000468,1000781,1002084,1.839395432,1.837003684
7,1838465,1000469,1000469,996303,1001771,1.845287026,1.835214835
7,1843626,1000208,1000208,1000209,1001354,1.843240763,1.841133106
7,1843703,1000260,1000260,1000260,1001614,1.843223762,1.840732058
7,1843236,1000000,1000000,1000000,1001459,1.843236000,1.840550637
7,1823416,1000677,1000677,953229,1002239,1.912883473,1.819342492
7,1843441,1000156,1000156,1000104,1001250,1.843249302,1.841139576
7,1843428,1000104,1000104,1000104,1001198,1.843236303,1.841222216
7,1843315,1000052,1000052,1000052,1001198,1.843219153,1.841109351
7,1836667,1000104,1000104,996459,1001562,1.843193749,1.833802600
7,1843850,1000365,1000365,1000313,1001459,1.843273056,1.841163742
7,1843567,1000208,1000208,1000209,1001302,1.843181775,1.841169797
7,1843388,1000104,1000104,1000104,1001198,1.843196308,1.841182264
7,1828912,1000261,1000261,980156,1001719,1.865939708,1.825773495
7,1844312,1000521,1000521,1000521,1001667,1.843351614,1.841242649
7,1843549,1000208,1000208,1000209,1001302,1.843163779,1.841151820
7,1843979,1000469,1000469,1000416,1001510,1.843212224,1.841198790
7,1837037,1000573,1000573,994531,1001979,1.847139003,1.833408684
7,1843665,1000208,1000208,1000209,1001354,1.843279755,1.841172053
7,1843211,1000000,1000000,1000000,1001145,1.843211000,1.841102937
7,1843985,1000416,1000416,1000417,1001563,1.843216379,1.841107349
7,1824921,1000417,1000417,961353,1001979,1.898283981,1.821316614
7,1843744,1000260,1000260,1000261,1001355,1.843262908,1.841249107
7,1843804,1000312,1000312,1000313,1001510,1.843227070,1.841024054
7,1844077,1000469,1000469,1000468,1001510,1.843214376,1.841296642
7,1837621,1000365,1000365,996563,1001511,1.843958686,1.834848544
7,1843599,1000208,1000208,1000209,1001198,1.843213768,1.841393011
7,1844193,1000521,1000521,1000521,1001719,1.843232676,1.841028272
7,1844072,1000469,1000469,1000468,1001510,1.843209378,1.841291650
7,1829795,1000677,1000677,982448,1001979,1.862485343,1.826180988
7,1843709,1000260,1000260,1000260,1001354,1.843229760,1.841215994
7,1843444,1000156,1000156,1000156,1001146,1.843156468,1.841333831
7,1843986,1000416,1000416,1000417,1001406,1.843217378,1.841396996
7,1838134,1000156,1000156,997240,1001406,1.843221291,1.835553212
7,1844162,1000521,1000521,1000521,1001563,1.843201692,1.841284073
7,1843213,1000000,1000000,1000000,1001042,1.843213000,1.841294371
7,1844112,1000469,1000469,1000521,1001510,1.843151718,1.841331589
7,1790022,1000417,1000417,946458,1002031,1.891285192,1.786393834
7,1843672,1000260,1000260,1000260,1001510,1.843192770,1.840892253
7,1843199,1000000,1000000,999948,1001146,1.843294851,1.841089112
7,1843477,1000156,1000156,1000156,1001250,1.843189462,1.841175531
7,1834924,1000573,1000573,995729,1001719,1.842794576,1.831775178
7,1843848,1000364,1000364,1000365,1001458,1.843175241,1.841163583
7,1843099,999948,999948,999948,1001094,1.843194846,1.841084853
7,1843558,1000208,1000208,1000209,1001563,1.843172777,1.840681016
7,1797657,1000208,1000208,958073,1001771,1.876325708,1.794478978
7,1843912,1000417,1000417,1000364,1001562,1.843241060,1.841036301
7,1843795,1000312,1000312,1000313,1001459,1.843218073,1.841108822
7,1844001,1000417,1000417,1000468,1001562,1.843138411,1.841125162
7,1835296,1000260,1000260,995104,1001458,1.844325819,1.832624034
7,1843404,1000104,1000104,1000104,1001198,1.843212306,1.841198245
7,1843672,1000260,1000260,1000261,1001354,1.843190927,1.841179044
7,1887199,1030260,1030260,1002396,1031511,1.882688079,1.829548110
7,1836499,1000156,1000156,993698,1001667,1.848146016,1.833442651
7,1844090,1000468,1000468,1000469,1001511,1.843225527,1.841307784
7,1843892,1000365,1000365,1000364,1001458,1.843221068,1.841207519
7,1838208,1000313,1000313,995937,1001354,1.845707108,1.835722432
7,1843702,1000261,1000261,1000260,1001302,1.843222762,1.841304621
7,1843825,1000365,1000365,1000312,1001406,1.843249906,1.841236222
7,1843341,1000052,1000052,1000104,1001146,1.843149312,1.841230949
7,1836051,1000365,1000365,991771,1001510,1.851285226,1.833282743
7,1836649,1000052,1000052,990677,1001354,1.853933219,1.834165540
7,1843700,1000260,1000260,1000313,1001250,1.843123102,1.841398252
7,1843419,1000105,1000105,1000104,1001094,1.843227304,1.841404503
7,1836392,1000052,1000052,993958,1001146,1.847554927,1.834289904
7,1843383,1000104,1000104,1000157,1001094,1.843093634,1.841368543
7,1844078,1000468,1000468,1000469,1001459,1.843213533,1.841391410
7,1843808,1000364,1000364,1000313,1001302,1.843231069,1.841410484
7,1832718,1000416,1000416,978333,1001563,1.873306942,1.829857932
7,1836094,1000677,1000677,993542,1001979,1.848028568,1.832467547
7,1843234,1000000,1000000,1000000,1001042,1.843234000,1.841315349
7,1843669,1000261,1000261,1000260,1001250,1.843189771,1.841367291
7,1837330,1000104,1000104,996354,1001198,1.844053419,1.835131512
7,1843809,1000365,1000365,1000312,1001354,1.843233911,1.841315858
7,1843499,1000156,1000156,1000156,1001406,1.843211459,1.840910680
7,1843314,1000052,1000052,1000000,1001094,1.843314000,1.841299618
7,1836909,1000573,1000573,986823,1001771,1.861437157,1.833661585
7,1836876,1000312,1000312,993126,1001615,1.849590082,1.833914229
7,1843270,1000052,1000052,1000052,1001041,1.843174155,1.841353151
7,1843789,1000364,1000364,1000313,1001407,1.843212075,1.841198434
7,1830429,1000521,1000521,995314,1001667,1.839046773,1.827382753
7,1843842,1000365,1000365,1000313,1001354,1.843265058,1.841348814
7,1843159,999947,999947,1000000,1001042,1.843159000,1.841240427
7,1843160,999948,999948,999948,1000989,1.843255849,1.841338916
7,1826466,1000730,1000730,1033906,1050625,1.766568721,1.738456633
7,1843879,1000364,1000364,1000417,1001615,1.843110423,1.840905937
7,1843409,1000156,1000156,1000105,1001250,1.843215462,1.841107615
7,1844029,1000416,1000416,1000417,1001615,1.843260360,1.841055695
7,1835903,1000313,1000313,995572,1001614,1.844068535,1.832944627
7,1843673,1000260,1000260,1000209,1001355,1.843287753,1.841178204
7,1843420,1000104,1000104,1000104,1001198,1.843228304,1.841214225
7,1844175,1000521,1000521,1000521,1001615,1.843214685,1.841201460
7,1806489,1000313,1000313,964843,1001562,1.872313941,1.803671665
7,1844012,1000468,1000468,1000417,1001927,1.843243368,1.840465423
7,1843362,1000104,1000104,1000052,1001198,1.843266150,1.841156295
7,1843654,1000209,1000209,1000260,1001614,1.843174775,1.840683137
7,1836298,1000208,1000208,995990,1001407,1.843691202,1.833717959
7,1843834,1000313,1000313,1000312,1001458,1.843258903,1.841149604
7,1844030,1000417,1000417,1000417,1001615,1.843261360,1.841056693
7,1843303,1000052,1000052,1000052,1001145,1.843207153,1.841194832
7,1795940,1000312,1000312,944479,1001719,1.901513956,1.792858077
7,1832501,1000521,1000521,1000573,1001823,1.831451578,1.829166430
7,1843700,1000260,1000260,1000521,1001771,1.842739932,1.840440580
7,1843107,1000677,1000677,1000781,1002083,1.841668657,1.839275789
7,1837453,1000520,1000520,993385,1001927,1.849688691,1.833919038
7,1843597,1000208,1000208,1000209,1001459,1.843211769,1.840911111
7,1843830,1000364,1000364,1000313,1001511,1.843253062,1.841048176
7,1841987,1000156,1000156,1000156,1001354,1.841699695,1.839496322
7,1805020,1001667,1001667,958906,1002968,1.882374289,1.799678554
7,1843683,1000260,1000260,1000261,1001407,1.843201924,1.841092583
7,1843805,1000312,1000312,1000312,1001510,1.843229912,1.841025052
7,1843376,1000104,1000104,1000052,1001094,1.843280149,1.841361550
7,1838477,1000156,1000156,994479,1001666,1.848683582,1.835419192
7,1843571,1000208,1000208,1000469,1001615,1.842706771,1.840598434
7,1843557,1000156,1000156,1000312,1001406,1.842981990,1.840968598
7,1843866,1000313,1000313,1000364,1001562,1.843195077,1.840990373
7,1834744,1000469,1000469,951510,1001511,1.928244580,1.831975884
7,2089824,999947,999947,999948,1000990,2.089932676,2.087757120
7,2093427,1000312,1000312,1000313,1001145,2.092771962,2.091032767
7,2093418,1000261,1000261,1000260,1001250,2.092873853,2.090804494
7,2086885,1000364,1000364,995469,1001406,2.096383715,2.083954959
7,2093556,1000364,1000364,1000521,1001458,2.092465825,2.090508039
7,2093498,1000364,1000364,1000469,1001458,2.092516610,2.090450124
7,2092903,1000052,1000052,1000052,1000937,2.092794175,2.090943786
7,2054762,1000156,1000156,968230,1001041,2.122183779,2.052625217
7,2093837,1000469,1000469,1000521,1001459,2.092746679,2.090786542
7,2093084,1000157,1000157,1000104,1001042,2.092866342,2.090905277
7,2093260,1000208,1000208,1000208,1001042,2.092824692,2.091081094
7,2088474,1000156,1000156,997501,1001145,2.093706172,2.086085432
7,2037857,1000209,1000209,1000260,1001146,2.037327295,2.035524289
7,1840510,1000260,1000260,1000260,1001094,1.840031592,1.838498682
7,1843485,1000157,1000157,1000156,1000990,1.843197461,1.841661755
7,1822019,1000729,1000729,965261,1001718,1.887592061,1.818894140
7,1844214,1000573,1000573,1000573,1002396,1.843157871,1.839805825
7,1843487,1000156,1000156,1000157,1001093,1.843197618,1.841474269
7,1843388,1000104,1000104,1000104,1001094,1.843196308,1.841373537
7,1836897,1000208,1000208,993228,1001406,1.849421281,1.834317949
7,1843783,1000313,1000313,1000312,1001302,1.843207919,1.841385516
7,1843467,1000156,1000156,1000104,1001094,1.843275299,1.841452451
7,1841736,1000000,1000000,1000000,1000938,1.841736000,1.840010071
7,1828733,1000417,1000417,983959,1001510,1.858545935,1.825975777
7,1843841,1000364,1000364,1000313,1001563,1.843264058,1.840963574
7,1843375,1000104,1000104,1000105,1001093,1.843181466,1.841362391
7,1843755,1000313,1000313,1000313,1001250,1.843178085,1.841453184
7,1837233,1000417,1000417,995262,1001615,1.845979250,1.834270653
7,1844133,1000521,1000521,1000469,1001458,1.843268507,1.841448169
7,1843291,1000052,1000052,1000053,1001145,1.843193311,1.841182846
7,1843328,1000052,1000052,1000104,1001042,1.843136314,1.841409252
7,1826601,1000521,1000521,969948,1001823,1.883194769,1.823277166
7,1843115,1000000,1000000,999895,1001146,1.843308547,1.841005208
7,1843993,1000417,1000417,1000417,1001458,1.843224375,1.841308372
7,1844131,1000521,1000521,1000521,1001510,1.843170708,1.841350561
7,1837171,1000260,1000260,993907,1001459,1.848433505,1.834494473
7,1843863,1000365,1000365,1000312,1001354,1.843287894,1.841369785
7,1843971,1000417,1000417,1000416,1001562,1.843204227,1.841095209
7,1843443,1000104,1000104,1000156,1001146,1.843155468,1.841332833
7,1823927,1000416,1000416,973541,1001511,1.873497880,1.821175204
7,1843737,1000417,1000417,1000416,1001406,1.842970324,1.841148345
7,1833780,1000625,1000625,1000677,1001719,1.832539371,1.830633142
7,1841337,1000365,1000365,1000468,1001406,1.840475657,1.838751715
7,1839267,1000000,1000000,996824,1001041,1.845127124,1.837354314
7,1843431,1000104,1000104,1000157,1000989,1.843141627,1.841609648
7,1844098,1000469,1000469,1000521,1001406,1.843137725,1.841508839
7,1843503,1000157,1000157,1000208,1001146,1.843119631,1.841392764
7,1874193,1000312,1000312,966354,1001302,1.939447656,1.871755974
7,2090539,1000261,1000261,1000208,1001146,2.090104258,2.088145985
7,2092415,1000417,1000417,1000520,1001406,2.091327510,2.089477195
7,2094034,1000625,1000625,1000625,1001666,2.092726046,2.090551142
7,2089441,1000520,1000520,995989,1001667,2.097855498,2.085963699
7,2093180,1000208,1000208,1000209,1001041,2.092742617,2.091003266
7,2093534,1000365,1000365,1000364,1001250,2.092772231,2.090920350
7,2093695,1000469,1000469,1000365,1001354,2.092931080,2.090863970
7,2080625,1000156,1000156,986407,1001094,2.109296670,2.078351284
7,2093634,1000364,1000364,1000365,1001146,2.092870102,2.091237442
7,2038576,1000104,1000104,1000157,1000989,2.038255994,2.036561840
7,1839568,1000469,1000469,1000469,1001354,1.838705647,1.837080593
7,1837858,1000156,1000156,995885,1001250,1.845452035,1.835563546
7,1843472,1000156,1000156,1000156,1001094,1.843184463,1.841457446
7,1843191,1000000,1000000,999948,1000885,1.843286851,1.841561218
7,1842519,1000000,1000000,999948,1000833,1.842614816,1.840985459
7,1829314,1000365,1000365,966875,1001406,1.891986037,1.826745596
7,1843905,1000364,1000364,1000365,1001302,1.843232220,1.841507357
7,1842131,1000156,1000156,1000156,1001146,1.841843672,1.840022334
7,1843349,1000104,1000104,1000104,1001094,1.843157312,1.841334580
7,1838326,1000261,1000261,997604,1001250,1.842741208,1.836030961
7,1843888,1000365,1000365,1000364,1001250,1.843217069,1.841586017
7,1843673,1000260,1000260,1000260,1001145,1.843193770,1.841564409
7,1844013,1000573,1000573,1000521,1001459,1.843052770,1.841326505
7,1832266,1000260,1000260,986929,1001302,1.856532739,1.829883492
7,1844492,1000677,1000677,1000781,1001770,1.843052576,1.841233018
7,1829861,1000625,1000625,1000730,1001667,1.828526176,1.826815698
7,1843785,1000313,1000313,1000365,1001302,1.843112264,1.841387513
7,1838607,1000521,1000521,996042,1001562,1.845913124,1.835739575
7,1843278,1000052,1000052,1000052,1000990,1.843182155,1.841454960
7,1843418,1000104,1000104,1000104,1001041,1.843226304,1.841500997
7,1843897,1000364,1000364,1000365,1001250,1.843224223,1.841595006
7,1897176,1000365,1000365,969635,1001354,1.956587788,1.894610697
7,2092073,1000313,1000313,1000417,1001406,2.091200969,2.089135675
7,2091900,999896,999896,999896,1000781,2.092117580,2.090267501
7,2093033,1000104,1000104,1000104,1000885,2.092815347,2.091182304
7,2088114,1000104,1000104,995989,1001094,2.096523154,2.085832100
7,2092880,1000000,1000000,1000000,1000834,2.092880000,2.091135993
7,2093437,1000312,1000312,1000313,1001094,2.092781959,2.091149283
7,2093603,1000365,1000365,1000364,1001198,2.092841206,2.091097865
7,2078670,1000364,1000364,986198,1001355,2.107761322,2.075857213
7,2093116,1000157,1000157,1000156,1000989,2.092789525,2.091047954
7,1830264,1000156,1000156,1000209,1000990,1.829881555,1.828453831
7,1843600,1000209,1000209,1000208,1001146,1.843216611,1.841489653
7,1833553,1000104,1000104,991354,1001197,1.849544159,1.831360861
7,1844118,1000521,1000521,1000468,1001355,1.843255356,1.841622601
7,1842501,1000365,1000365,1000312,1001197,1.841926319,1.840298163
7,1843794,1000312,1000312,1000313,1001302,1.843217073,1.841396502
7,1818256,1000573,1000573,964062,1001927,1.886036375,1.814758959
7,1843986,1000417,1000417,1000468,1001615,1.843123418,1.841012764
7,1843335,1000104,1000104,1000052,1001198,1.843239152,1.841129327
7,1843561,1000209,1000209,1000156,1001354,1.843273449,1.841068194
7,1833458,1000365,1000365,985833,1001770,1.859805870,1.830218513
7,1843617,1000208,1000208,1000209,1001666,1.843231765,1.840550643
7,1843372,1000104,1000104,1000052,1001198,1.843276150,1.841166283
7,1843944,1000417,1000417,1000416,1001511,1.843177238,1.841162004
7,1822123,1000261,1000261,977083,1001823,1.864859997,1.818807314
7,1843671,1000260,1000260,1000260,1001406,1.843191770,1.841082438
7,1843801,1000312,1000312,1000313,1001458,1.843224071,1.841116652
7,1843993,1000417,1000417,1000468,1001771,1.843130415,1.840733062
7,1837626,1000052,1000052,994322,1001458,1.848119623,1.834950642
7,1843568,1000209,1000209,1000208,1001302,1.843184618,1.841170796
7,1843928,1000365,1000365,1000365,1001510,1.843255212,1.841147867
7,1844013,1000469,1000469,1000469,1001823,1.843148563,1.840657481
7,1826614,1000208,1000208,968699,1001823,1.885636302,1.823290142
7,1843806,1000313,1000313,1000313,1001615,1.843229069,1.840833055
7,1843160,1000000,1000000,999947,1001094,1.843257693,1.841145787
7,1844128,1000520,1000520,1000469,1001666,1.843263509,1.841060793
7,1839325,1000521,1000521,996041,1001771,1.846635831,1.836073314
7,1844103,1000521,1000521,1000573,1001667,1.843046934,1.841033996
7,1843345,1000052,1000052,1000052,1001145,1.843249151,1.841236784
7,1843242,1000000,1000000,1000000,1001146,1.843242000,1.841132063
7,1829513,1000365,1000365,985467,1001875,1.856493419,1.826089083
7,1843805,1000313,1000313,1000261,1001823,1.843323892,1.840449860
7,1843517,1000209,1000209,1000156,1001459,1.843229456,1.840831227
7,1843249,1000000,1000000,1000000,1001146,1.843249000,1.841139055
7,1837308,1000052,1000052,995312,1001407,1.845961869,1.834726540
7,1843296,1000052,1000052,1000000,1001198,1.843296000,1.841090374
7,1843665,1000260,1000260,1000261,1001354,1.843183929,1.841172053
7,1843493,1000156,1000156,1000156,1001250,1.843205460,1.841191511
7,1804587,1000208,1000208,954583,1001458,1.890445357,1.801959743
7,1843310,1000052,1000052,1000000,1001198,1.843310000,1.841104357
7,1843917,1000364,1000364,1000365,1001510,1.843244216,1.841136883
7,1843625,1000261,1000261,1000208,1001354,1.843241606,1.841132107
7,1836877,1000521,1000521,997240,1001719,1.841960812,1.833724827
7,1843500,1000156,1000156,1000156,1001302,1.843212459,1.841102884
7,1843584,1000208,1000208,1000208,1001302,1.843200614,1.841186775
7,1843968,1000417,1000417,1000416,1001511,1.843201228,1.841185968
7,1826510,1000261,1000261,985884,1001459,1.852662179,1.823849004
7,1843984,1000416,1000416,1000469,1001562,1.843119577,1.841108189
7,1844161,1000521,1000521,1000521,1001615,1.843200692,1.841187482
7,1843462,1000156,1000156,1000156,1001198,1.843174465,1.841256175
7,1836946,1000209,1000209,996406,1001354,1.843571797,1.834462138
7,1843933,1000416,1000416,1000365,1001510,1.843260210,1.841152859
7,1843734,1000313,1000313,1000312,1001406,1.843158934,1.841145350
7,1843140,1000000,1000000,999948,1001094,1.843235848,1.841125808
7,1828055,1000625,1000625,972187,1001979,1.880353265,1.824444424
7,1843205,1000000,1000000,999948,1001093,1.843300852,1.841192577
7,1843497,1000156,1000156,1000156,1001250,1.843209459,1.841195506
7,1843870,1000365,1000365,1000312,1001354,1.843294892,1.841376776
7,1837298,1000312,1000312,997291,1001510,1.842288760,1.834527863
7,1843604,1000209,1000209,1000260,1001197,1.843124788,1.841399844
7,1843279,1000052,1000052,1000052,1001042,1.843183154,1.841360303
7,1844081,1000468,1000468,1000469,1001458,1.843216531,1.841396244
7,1829680,1000417,1000417,984581,1001771,1.858333646,1.826445365
7,1843800,1000364,1000364,1000313,1001458,1.843223071,1.841115653
7,1843895,1000365,1000365,1000364,1001406,1.843224066,1.841306124
7,1843970,1000417,1000417,1000417,1001459,1.843201385,1.841283567
7,1834765,1000625,1000625,985780,1001927,1.861231715,1.831236208
7,1843897,1000416,1000416,1000365,1001458,1.843224223,1.841212512
7,1843968,1000416,1000416,1000417,1001458,1.843199386,1.841283409
7,1843866,1000364,1000364,1000417,1001406,1.843097428,1.841277164
7,1821545,1000625,1000625,963230,1001875,1.891080012,1.818135995
7,1843111,1000000,1000000,999948,1001510,1.843206847,1.840332099
7,1843736,1000261,1000261,1000312,1001719,1.843160934,1.840572057
7,1843052,999948,999948,999895,1001042,1.843245541,1.841133539
7,1836579,1000469,1000469,994219,1001563,1.847257998,1.833712907
7,1843786,1000312,1000312,1000313,1001354,1.843209076,1.841292889
7,1843234,1000000,1000000,1000000,1001041,1.843234000,1.841317189
7,1843654,1000261,1000261,1000260,1001511,1.843174775,1.840872442
7,1827585,1000261,1000261,983385,1001459,1.858463369,1.824922438
7,1843138,1000000,1000000,999948,1000937,1.843233848,1.841412596
7,1843699,1000312,1000312,1000260,1001146,1.843219763,1.841588540
7,1843629,1000260,1000260,1000209,1001094,1.843243762,1.841614274
7,1839465,1000313,1000313,998126,1001406,1.842918630,1.836882343
7,1843468,1000157,1000157,1000104,1001041,1.843276299,1.841550945
7,1843805,1000312,1000312,1000312,1001146,1.843229912,1.841694418
7,1843948,1000416,1000416,1000365,1001250,1.843275205,1.841645943
7,1827054,1000573,1000573,968124,1001718,1.887210729,1.823920505
7,1843513,1000157,1000157,1000156,1001355,1.843225457,1.841018420
7,1843450,1000156,1000156,1000104,1001198,1.843258301,1.841244189
7,1843143,1000000,1000000,999948,1000989,1.843238848,1.841321933
7,1839744,1000521,1000521,997083,1001614,1.845126233,1.836779438
7,1843762,1000313,1000313,1000312,1001250,1.843186926,1.841460175
7,1843464,1000156,1000156,1000104,1001042,1.843272300,1.841545110
7,1843349,1000052,1000052,1000104,1001041,1.843157312,1.841432069
7,1829386,1000365,1000365,985937,1001615,1.855479610,1.826436305
7,1843943,1000416,1000416,1000417,1001510,1.843174396,1.841162844
7,1844055,1000468,1000468,1000469,1001511,1.843190544,1.841272837
7,1844083,1000469,1000469,1000469,1001718,1.843218531,1.840920299
7,1836306,1000313,1000313,996457,1001459,1.842835165,1.833630733
7,1843225,1000000,1000000,1000000,1001093,1.843225000,1.841212555
7,1844117,1000469,1000469,1000521,1001511,1.843156715,1.841334743
7,1844018,1000417,1000417,1000417,1001459,1.843249365,1.841331497
7,1827140,1000520,1000520,968489,1002031,1.886588283,1.823436600
7,1843858,1000365,1000365,1000364,1001562,1.843187080,1.840982386
7,1843516,1000208,1000208,1000156,1001302,1.843228456,1.841118863
7,1843685,1000260,1000260,1000260,1001406,1.843205767,1.841096418
7,1836915,1000313,1000313,995729,1001458,1.844794116,1.834240677
7,1843282,1000052,1000052,1000052,1001459,1.843186154,1.840596570
7,1844021,1000416,1000416,1000365,1001510,1.843348178,1.841240727
7,1843404,1000104,1000104,1000104,1001198,1.843212306,1.841198245
7,1797166,1000677,1000677,957083,1002083,1.877753549,1.793430285
7,1843913,1000365,1000365,1000313,1001823,1.843336036,1.840557663
7,1843896,1000416,1000416,1000365,1001511,1.843223224,1.841114077
7,1843552,1000156,1000156,1000208,1001354,1.843168621,1.841059206
7,1838079,1000260,1000260,995729,1001510,1.845963108,1.835307685
7,1843756,1000312,1000312,1000313,1001407,1.843179085,1.841165480
7,1844123,1000469,1000469,1000469,1001614,1.843258512,1.841151382
7,1844187,1000521,1000521,1000521,1001615,1.843226679,1.841213440
7,1784914,1000208,1000208,941823,1001770,1.895169262,1.781760284
7,1843283,1000052,1000052,1000052,1001198,1.843187154,1.841077389
7,1844034,1000417,1000417,1000469,1001615,1.843169553,1.841060687
7,1843192,1000000,1000000,1000000,1001145,1.843192000,1.841083959
7,1837600,1000573,1000573,996303,1001719,1.844418816,1.834446586
7,1843297,1000052,1000052,1000052,1001146,1.843201154,1.841187000
7,1844099,1000521,1000521,1000469,1001615,1.843234523,1.841125582
7,1843551,1000208,1000208,1000156,1001354,1.843263451,1.841058207
7,1825784,1000312,1000312,979219,1001614,1.864530815,1.822841933
7,1843738,1000260,1000260,1000313,1001875,1.843161091,1.840287461
7,1843951,1000417,1000417,1000417,1001771,1.843182393,1.840691136
7,1843632,1000208,1000208,1000208,1001302,1.843248604,1.841234712
7,1835573,1000417,1000417,996093,1001563,1.842772713,1.832708477
7,1843719,1000312,1000312,1000260,1001406,1.843239758,1.841130371
7,1843753,1000312,1000312,1000364,1001458,1.843082118,1.841068722
7,1843932,1000417,1000417,1000417,1001511,1.843163401,1.841150022
7,1825557,1000677,1000677,972864,1002188,1.876477082,1.821571402
7,1843714,1000313,1000313,1000260,1001458,1.843234759,1.841029779
7,1843401,1000104,1000104,1000157,1001250,1.843111631,1.841099625
7,1843235,1000000,1000000,1000052,1001406,1.843139157,1.840647050
7,1838072,1000156,1000156,995677,1001406,1.846052485,1.835491299
7,1843349,1000105,1000105,1000104,1001146,1.843157312,1.841238940
7,1843963,1000417,1000417,1000365,1001510,1.843290199,1.841182814
7,1832995,1000208,1000208,1000261,1001511,1.832516713,1.830229523
7,1827847,1000260,1000260,979427,1001823,1.866241180,1.824520898
7,1842308,1000261,1000261,1000260,1001406,1.841829124,1.839721352
7,1843608,1000209,1000209,1000208,1001354,1.843224609,1.841115130
7,1844107,1000520,1000520,1000573,1002136,1.843050932,1.840176383
7,1834533,1000521,1000521,986406,1001875,1.859815330,1.831099688
7,1843815,1000313,1000313,1000312,1001510,1.843239909,1.841035037
7,1843955,1000416,1000416,1000417,1001875,1.843186391,1.840504055
7,1841321,999948,999948,999948,1001302,1.841416754,1.838926717
7,1998591,1000157,1000157,950936,1001302,2.101709263,1.995992218
7,2093265,1000156,1000156,1000209,1001355,2.092827599,2.090432464
7,2093644,1000417,1000417,1000416,1001406,2.092773406,2.090704470
7,2092765,1000313,1000313,1000469,1001459,2.091783953,2.089716104
7,2086056,1000365,1000365,995311,1001458,2.095883598,2.083018958
7,2093206,1000157,1000157,1000156,1001198,2.092879511,2.090701340
7,2093664,1000417,1000417,1000521,1001510,2.092573769,2.090507334
7,2093140,1000156,1000156,1000156,1001042,2.092813521,2.090961218
7,2075313,1000209,1000209,980988,1001302,2.115533523,2.072614456
7,2093219,1000156,1000156,1000156,1001041,2.092892509,2.091042225
7,2093377,1000261,1000261,1000260,1001042,2.092832863,2.091197972
7,2093058,1000104,1000104,1000104,1000937,2.092840345,2.091098641
7,1888537,1000208,1000208,997761,1001198,1.892774923,1.886277240
7,1843336,1000052,1000052,1000052,1000989,1.843240152,1.841514742
7,1843155,1000000,1000000,999948,1000833,1.843250849,1.841620930
7,1844030,1000417,1000417,1000469,1001302,1.843165555,1.841632195
7,1828583,1000313,1000313,970573,1001406,1.884024180,1.826015622
7,1843536,1000156,1000156,1000104,1001198,1.843344292,1.841330087
7,1842884,1000521,1000521,1000521,1001510,1.841924357,1.840105441
7,1840815,1001667,1001667,997187,1002604,1.846007820,1.836033968
7,1843824,1000365,1000365,1000312,1001302,1.843248906,1.841426463
7,1843814,1000365,1000365,1000313,1001302,1.843237067,1.841416476
7,1842729,1000469,1000469,1000521,1001511,1.841769438,1.839948837
7,1837388,1000208,1000208,992448,1001250,1.851369543,1.835094132
7,1838319,1000261,1000261,994167,1001250,1.849104828,1.836023970
7,1844211,1000573,1000573,1000573,1001511,1.843154872,1.841428601
7,1843582,1000208,1000208,1000157,1001145,1.843292603,1.841473513
7,1839801,1000573,1000573,997708,1001667,1.844027511,1.836739156
7,1837040,1000625,1000625,1000730,1001771,1.835699939,1.833792354
7,1838505,1000260,1000260,1000313,1001355,1.837929728,1.836017197
7,1843365,1000104,1000104,1000104,1001041,1.843173310,1.841448053
7,1832944,1000313,1000313,972656,1001302,1.884473031,1.830560610
7,1838899,1000521,1000521,995208,1001719,1.847753434,1.835743357
7,1843424,1000104,1000104,1000104,1001146,1.843232304,1.841313854
7,1843705,1000260,1000260,1000261,1001302,1.843223919,1.841307617
7,1839478,1000573,1000573,995990,1001510,1.846884005,1.836704576
7,1844450,1000677,1000677,1000729,1001771,1.843106375,1.841189254
7,1843958,1000417,1000417,1000625,1001719,1.842806246,1.840793676
7,1843909,1000364,1000364,1000469,1001459,1.843044612,1.841222656
7,1837402,1000208,1000208,985886,1001303,1.863706351,1.835010981
7,1838310,1000156,1000156,994428,1001250,1.848610457,1.836014981
7,1843250,1000052,1000052,1000001,1000989,1.843248157,1.841428827
7,1843544,1000209,1000209,1000156,1001094,1.843256452,1.841529367
7,1839669,1000469,1000469,996093,1001458,1.846884779,1.836990668
7,1843792,1000313,1000313,1000312,1001250,1.843216916,1.841490137
7,1844449,1000677,1000677,1000781,1001771,1.843009609,1.841188256
7,1844028,1000468,1000468,1000521,1001511,1.843067762,1.841245877
7,1837587,1000052,1000052,992708,1001145,1.851085113,1.835485369
7,2011655,1000208,1000208,966146,1001145,2.082143900,2.009354289
7,2092795,999948,999948,1000000,1001042,2.092795000,2.090616578
7,2093154,1000521,1000521,1000521,1001354,2.092064035,2.090323702
7,2087177,1000209,1000209,995417,1001094,2.096786573,2.084896124
7,2094019,1000573,1000573,1000625,1001510,2.092711056,2.090861799
7,2093386,1000312,1000312,1000261,1001093,2.092839769,2.091100427
7,2093241,1000209,1000209,1000208,1001146,2.092805696,2.090844892
7,2085110,1000156,1000156,991980,1001094,2.101967782,2.082831382
7,2084059,1000209,1000209,992031,1001146,2.100800277,2.081673402
7,2093694,1000468,1000468,1000469,1001406,2.092712518,2.090754399
7,2093213,1000156,1000156,1000156,1001042,2.092886510,2.091034142
7,2088685,1000469,1000469,995625,1001354,2.097863151,2.085860745
7,2092953,1000052,1000052,1000052,1000989,2.092844172,2.090885115
7,1981689,1000313,1000313,1000416,1001406,1.980864960,1.978906657
7,1842933,1000573,1000573,1000573,1001406,1.841877604,1.840345474
7,1827369,1000469,1000469,969636,1001458,1.884592775,1.824708575
7,1843369,1000052,1000052,1000052,1001041,1.843273150,1.841452048
7,1844068,1000416,1000416,1000469,1001355,1.843203538,1.841572669
7,1843683,1000260,1000260,1000260,1001719,1.843203767,1.840519148
7,1836741,1000260,1000260,991979,1001511,1.851592624,1.833969872
7,1843974,1000469,1000469,1000365,1001980,1.843301195,1.840330146
7,1843103,1000261,1000261,1000312,1001458,1.842528131,1.840419668
7,1843425,1000105,1000105,1000104,1001510,1.843233304,1.840645625
7,1791459,1000625,1000625,949427,1001875,1.886884405,1.788106301
7,1844088,1000469,1000469,1000468,1001875,1.843225371,1.840636806
7,1843801,1000312,1000312,1000365,1001511,1.843128258,1.841019220
7,1843318,1000052,1000052,1000000,1001250,1.843318000,1.841016729
7,1837528,1000469,1000469,994010,1001667,1.848601121,1.834469939
7,1843780,1000312,1000312,1000365,1001719,1.843107266,1.840615981
7,1843208,1000000,1000000,1000000,1001145,1.843208000,1.841099941
7,1842050,1000260,1000260,1000260,1001407,1.841571191,1.839461877
7,1806051,1000625,1000625,952136,1001927,1.896841418,1.802577433
7,1844191,1000520,1000520,1000521,1001771,1.843230677,1.840930712
7,1843413,1000157,1000157,1000104,1001146,1.843221305,1.841302867
7,1843902,1000365,1000365,1000312,1001459,1.843326882,1.841215666
7,1838019,1000104,1000104,994218,1001354,1.848708231,1.835533687
7,1843390,1000105,1000105,1000104,1001302,1.843198307,1.840993027
7,1844003,1000469,1000469,1000416,1001458,1.843236214,1.841318358
7,1843789,1000313,1000313,1000260,1001354,1.843309739,1.841295885
7,1804281,1000261,1000261,959739,1001406,1.879970492,1.801747743
7,1843512,1000209,1000209,1000104,1001302,1.843320295,1.841114868
7,1843422,1000156,1000156,1000157,1001094,1.843132628,1.841407500
7,1843710,1000261,1000261,1000260,1001250,1.843230760,1.841408240
7,1839428,1000104,1000104,997344,1001146,1.844326531,1.837322428
7,1843641,1000260,1000260,1000208,1001094,1.843257602,1.841626261
7,1843463,1000156,1000156,1000157,1001094,1.843173622,1.841448455
7,1844176,1000521,1000521,1000521,1001458,1.843215685,1.841491106
7,1821041,1000417,1000417,964843,1001562,1.887396188,1.818200970
7,1843924,1000417,1000417,1000312,1001355,1.843348875,1.841428864
7,1843400,1000105,1000105,1000104,1001042,1.843208306,1.841481177
7,1843241,1000052,1000052,1000000,1000938,1.843241000,1.841513660
7,1839978,1000417,1000417,995832,1001458,1.847679127,1.837299218
7,1843355,1000105,1000105,1000052,1001042,1.843259151,1.841436223
7,1843285,1000052,1000052,1000000,1000937,1.843285000,1.841559459
7,1843461,1000157,1000157,1000156,1001042,1.843173465,1.841542113
7,1829516,1000677,1000677,979688,1001823,1.867447596,1.826186861
7,1844028,1000468,1000468,1000469,1001562,1.843163556,1.841152120
7,1843728,1000261,1000261,1000260,1001354,1.843248755,1.841234968
7,1843462,1000157,1000157,1000104,1001198,1.843270300,1.841256175
7,1834582,1000469,1000469,992031,1001771,1.849319225,1.831338699
7,1843358,1000052,1000052,1000105,1001146,1.843164468,1.841247930
7,1843229,1000000,1000000,1000052,1001042,1.843133157,1.841310355
7,1843483,1000156,1000156,1000156,1001355,1.843195462,1.840988461
7,1823008,1000365,1000365,957603,1001667,1.903720018,1.819974103
7,1844122,1000468,1000468,1000521,1001979,1.843161713,1.840479691
7,1843873,1000365,1000365,1000364,1001511,1.843202074,1.841091111
7,1843386,1000104,1000104,1000104,1001250,1.843194308,1.841084644
7,1837445,1000209,1000209,993698,1001562,1.849098016,1.834579387
7,1843289,1000052,1000052,1000000,1001146,1.843289000,1.841179009
7,1843944,1000416,1000416,1000417,1001511,1.843175396,1.841162004
7,1843605,1000209,1000209,1000208,1001355,1.843221610,1.841110296
7,1830083,1000417,1000417,977344,1001666,1.872506507,1.827039153
7,1843967,1000417,1000417,1000417,1001770,1.843198386,1.840708945
7,1843703,1000312,1000312,1000260,1001667,1.843223762,1.840634662
7,1843253,1000053,1000053,1000052,1001146,1.843157156,1.841143050
7,1837953,1000261,1000261,992865,1001407,1.851161034,1.835370634
7,1843846,1000364,1000364,1000365,1001458,1.843173242,1.841161586
7,1844209,1000521,1000521,1000521,1001615,1.843248667,1.841235405
7,1843574,1000157,1000157,1000156,1001302,1.843286447,1.841176788
7,1826527,1000209,1000209,970365,1001718,1.882309234,1.823394408
7,1843158,999948,999948,999948,1001459,1.843253849,1.840472750
7,1843544,1000156,1000156,1000156,1001302,1.843256452,1.841146827
7,1841983,1000208,1000208,1000208,1001354,1.841599947,1.839492327
7,1835080,1000104,1000104,995208,1001615,1.843916046,1.832121124
7,1844038,1000469,1000469,1000469,1001719,1.843173552,1.840873538
7,1843333,1000105,1000105,1000052,1001146,1.843237152,1.841222958
7,1843963,1000417,1000417,1000416,1001459,1.843196230,1.841276577
7,1826370,1000209,1000209,982396,1001511,1.859097553,1.823614518
7,1843586,1000208,1000208,1000156,1001250,1.843298445,1.841284395
7,1843577,1000209,1000209,1000208,1001198,1.843193616,1.841371037
7,1844081,1000521,1000521,1000469,1001407,1.843216531,1.841490024
7,1837644,1000313,1000313,997187,1001511,1.842827875,1.834871509
7,1843304,1000053,1000053,1000052,1001041,1.843208153,1.841387116
7,1844015,1000417,1000417,1000468,1001563,1.843152405,1.841137302
7,1844085,1000521,1000521,1000469,1001666,1.843220530,1.841017864
7,1825929,1000312,1000312,966145,1001563,1.889911970,1.823079527
7,1843366,1000104,1000104,1000052,1001094,1.843270150,1.841351561
7,1843251,1000052,1000052,1000000,1000938,1.843251000,1.841523651
7,1843492,1000156,1000156,1000156,1001094,1.843204460,1.841477424
7,1837971,1000052,1000052,997031,1000990,1.843444186,1.836153208
7,1843983,1000469,1000469,1000416,1001302,1.843216222,1.841585256
7,1843731,1000261,1000261,1000312,1001250,1.843155935,1.841429213
7,1843700,1000260,1000260,1000261,1001354,1.843218920,1.841207006
7,1832831,1000729,1000729,989168,1001875,1.852901630,1.829400873
7,1843899,1000365,1000365,1000416,1001407,1.843132257,1.841308279
7,1843567,1000209,1000209,1000156,1001250,1.843279448,1.841265418
7,1843433,1000156,1000156,1000104,1001146,1.843241303,1.841322844
7,1838073,1000208,1000208,996458,1001302,1.844606597,1.835682941
7,1843923,1000364,1000364,1000417,1001406,1.843154405,1.841334084
7,1844057,1000468,1000468,1000469,1001458,1.843192543,1.841372279
7,1843503,1000156,1000156,1000157,1001146,1.843213615,1.841392764
7,1822883,1000468,1000468,967500,1001979,1.884116796,1.819282640
7,1844103,1000521,1000521,1000469,1001927,1.843238521,1.840556248
7,1843689,1000261,1000261,1000260,1001615,1.843209765,1.840716243
7,1844015,1000468,1000468,1000469,1001562,1.843150562,1.841139141
7,1835543,1000208,1000208,995624,1001354,1.843610640,1.833061035
7,1844004,1000417,1000417,1000417,1001563,1.843235371,1.841126320
7,1844196,1000572,1000572,1000521,1001666,1.843235674,1.841128680
7,1843781,1000313,1000313,1000312,1001459,1.843205920,1.841094843
7,1828826,1000573,1000573,983698,1002084,1.859133596,1.825022653
7,1843039,999896,999896,999844,1001146,1.843326559,1.840929295
7,1843255,1000053,1000053,1000000,1001145,1.843255000,1.841146887
7,1843271,1000052,1000052,1000052,1001145,1.843175155,1.841162869
7,1815632,1000208,1000208,972187,1001667,1.867574860,1.812610378
7,1843427,1000156,1000156,1000104,1001250,1.843235304,1.841125593
7,1843852,1000365,1000365,1000312,1001458,1.843276898,1.841167578
7,1843748,1000313,1000313,1000260,1001407,1.843268750,1.841157491
7,1827503,1000417,1000417,971406,1002032,1.881296801,1.823797044
7,1843746,1000312,1000312,1000261,1001458,1.843264908,1.841061732
7,1843766,1000313,1000313,1000313,1001458,1.843189082,1.841081703
7,1843562,1000208,1000208,1000261,1001614,1.843080956,1.840591286
7,1836462,1000313,1000313,992396,1001563,1.850533456,1.833596089
7,1843366,1000104,1000104,1000104,1001302,1.843174310,1.840969058
7,1843226,1000000,1000000,1000000,1001094,1.843226000,1.841211714
7,1844134,1000521,1000521,1000521,1001927,1.843173706,1.840587188
7,1827852,1000468,1000468,984220,1001614,1.857157952,1.824906601
7,1843474,1000156,1000156,1000104,1001615,1.843282299,1.840501590
7,1843951,1000365,1000365,1000416,1001563,1.843184235,1.841073402
7,1843498,1000156,1000156,1000104,1001302,1.843306296,1.841100887
7,1837155,1000364,1000364,995470,1001718,1.845515184,1.834004181
7,1843980,1000417,1000417,1000365,1001459,1.843307193,1.841293553
7,1844121,1000468,1000468,1000521,1001510,1.843160713,1.841340576
7,1843357,1000104,1000104,1000052,1001302,1.843261150,1.840960070
7,1825139,1000520,1000520,973178,1001927,1.875442108,1.821628721
7,1843454,1000156,1000156,1000104,1001458,1.843262301,1.840770157
7,1843547,1000209,1000209,1000208,1001302,1.843163622,1.841149823
7,1843830,1000313,1000313,1000364,1001407,1.843159090,1.841239376
7,1837749,1000625,1000625,994167,1001771,1.848531484,1.834500100
7,1843909,1000365,1000365,1000417,1001719,1.843140410,1.840744760
7,1843449,1000156,1000156,1000105,1001146,1.843255458,1.841338826
7,1844002,1000468,1000468,1000417,1001458,1.843233372,1.841317359
7,1826711,1000520,1000520,979532,1001823,1.864881392,1.823386966
7,1843862,1000365,1000365,1000313,1001459,1.843285052,1.841175725
7,1843270,1000052,1000052,1000052,1001093,1.843174155,1.841257506
7,1843985,1000417,1000417,1000416,1001667,1.843218221,1.840916193
7,1835110,1000364,1000364,996511,1001458,1.841535116,1.832438305
7,1844171,1000521,1000521,1000520,1001511,1.843212529,1.841388662
7,1843928,1000417,1000417,1000365,1001355,1.843255212,1.841432858
7,1843309,1000053,1000053,1000104,1001094,1.843117316,1.841294624
7,1825726,1000469,1000469,972552,1001927,1.877252836,1.822214592
7,1843326,1000052,1000052,1000052,1001198,1.843230152,1.841120338
7,1843684,1000261,1000261,1000260,1001407,1.843204767,1.841093581
7,1844018,1000416,1000416,1000417,1001562,1.843249365,1.841142136
7,1835369,1000104,1000104,990209,1001563,1.853516783,1.832504795
7,1843997,1000416,1000416,1000417,1001823,1.843228374,1.840641511
7,1843695,1000312,1000312,1000261,1001406,1.843213921,1.841106404
7,1843251,1000000,1000000,1000052,1001146,1.843155156,1.841141052
7,1826703,1000730,1000730,981667,1002292,1.860817365,1.822525771
7,1843971,1000417,1000417,1000468,1001719,1.843108425,1.840806653
7,1843821,1000313,1000313,1000312,1001510,1.843245907,1.841041028
7,1843461,1000157,1000157,1000104,1001250,1.843269300,1.841159551
7,1837042,1000417,1000417,992291,1001667,1.851313778,1.833984747
7,1843782,1000313,1000313,1000312,1001458,1.843206919,1.841097680
7,1844074,1000469,1000469,1000469,1001615,1.843209535,1.841100622
7,1843285,1000052,1000052,1000052,1001458,1.843189154,1.840601403
7,1826687,1000365,1000365,969947,1001875,1.883285375,1.823268372
7,1843197,1000000,1000000,1000000,1001510,1.843197000,1.840417969
7,1843966,1000417,1000417,1000364,1001615,1.843295041,1.840992797
7,1843240,1000000,1000000,999948,1001197,1.843335853,1.841036280
7,1836712,1000625,1000625,995573,1001771,1.844879281,1.833464934
7,1843855,1000365,1000365,1000364,1001458,1.843184081,1.841170573
7,1845226,1001146,1001146,1001146,1002240,1.843113792,1.841101932
7,1843329,1000052,1000052,1000052,1001093,1.843233152,1.841316441
7,1828375,1000469,1000469,982969,1001771,1.860053572,1.825142672
7,1843313,1000052,1000052,1000104,1001198,1.843121315,1.841107353
7,1843737,1000312,1000312,1000313,1001510,1.843160091,1.840957155
7,1843705,1000260,1000260,1000260,1001302,1.843225761,1.841307617
7,1837670,1000416,1000416,996771,1001562,1.843623059,1.834804036
7,1843324,1000052,1000052,1000052,1001094,1.843228152,1.841309607
7,1843587,1000208,1000208,1000209,1001198,1.843201771,1.841381026
7,1843352,1000105,1000105,1000052,1001094,1.843256151,1.841337577
7,1813092,1000208,1000208,953438,1001458,1.901635974,1.810452360
7,1843665,1000261,1000261,1000208,1001250,1.843281597,1.841363296
7,1844029,1000469,1000469,1000417,1001355,1.843260360,1.841533722
7,1843748,1000261,1000261,1000417,1001406,1.842979478,1.841159330
7,1837256,1000416,1000416,995730,1001614,1.845134725,1.834295447
7,1836364,1000261,1000261,1000364,1001407,1.835695807,1.833783866
7,1837842,1000417,1000417,1000469,1001459,1.836980456,1.835164495
7,1844141,1000520,1000520,1000521,1001614,1.843180703,1.841169353
7,1834342,1000417,1000417,984114,1001667,1.863952753,1.831289241
7,1843776,1000312,1000312,1000313,1001510,1.843199079,1.840996096
7,1843733,1000313,1000313,1000260,1001562,1.843253754,1.840857580
7,1844047,1000469,1000469,1000521,1001511,1.843086752,1.841264849
7,1838062,1000208,1000208,994010,1001511,1.849138339,1.835288879
7,1843426,1000104,1000104,1000157,1001198,1.843136628,1.841220218
7,1843699,1000312,1000312,1000365,1001563,1.843026295,1.840821796
7,1843903,1000417,1000417,1000573,1001719,1.842847049,1.840738770
7,1901458,1000156,1000156,976823,1001458,1.946573740,1.898689710
7,2090039,1000052,1000052,999948,1001093,2.090147688,2.087757082
7,2094095,1000625,1000625,1000677,1001614,2.092678257,2.090720577
7,2092929,1000052,1000052,1000053,1001094,2.092818081,2.090641838
7,2087944,1000521,1000521,993906,1001511,2.100745946,2.084793876
7,2093951,1000520,1000520,1000573,1001458,2.092751853,2.090902464
7,2093414,1000261,1000261,1000260,1001146,2.092869854,2.091017694
7,2009535,1000573,1000573,1000625,1001562,2.008279825,2.006401002
7,1830504,1000365,1000365,985259,1001302,1.857891174,1.828123783
7,1843639,1000261,1000261,1000208,1001094,1.843255603,1.841624263
7,1843693,1000260,1000260,1000261,1001146,1.843211922,1.841582546
7,1843444,1000105,1000105,1000104,1000990,1.843252302,1.841620795
7,1838579,1000469,1000469,997709,1001510,1.842800857,1.835806932
7,1843911,1000365,1000365,1000416,1001250,1.843144252,1.841608989
7,1843265,1000000,1000000,1000052,1000886,1.843169155,1.841633313
7,1843682,1000261,1000261,1000208,1001094,1.843298594,1.841667216
7,1812747,1000573,1000573,954690,1001719,1.898780756,1.809636235
7,1843088,1000260,1000260,1000365,1001354,1.842415518,1.840595833
7,1842820,1000000,1000000,1000000,1001042,1.842820000,1.840901780
7,1843925,1000365,1000365,1000416,1001510,1.843158246,1.841144871
7,1839501,1000573,1000573,997187,1001771,1.844690113,1.836249003
7,1843114,1000052,1000052,1000052,1001042,1.843018163,1.841195474
7,1841829,1000052,1000052,1000104,1001146,1.841637470,1.839720680
7,1843645,1000365,1000365,1000364,1001302,1.842974157,1.841247696
7,1828201,1000209,1000209,977342,1001458,1.870584708,1.825539364
7,1843710,1000261,1000261,1000260,1001302,1.843230760,1.841312611
7,1843458,1000261,1000261,1000260,1001146,1.842978826,1.841347815
7,1842942,1000000,1000000,999947,1000885,1.843039681,1.841312438
7,1839189,1000157,1000157,995520,1001302,1.847465646,1.836797490
7,1843923,1000521,1000521,1000469,1001459,1.843058606,1.841236636
7,1843145,1000782,1000782,1000885,1001771,1.841515259,1.839886561
7,1831582,1000417,1000417,1000417,1001459,1.830818549,1.828913615
7,1824075,1000312,1000312,963958,1001459,1.892276427,1.821417552
7,1843520,1000156,1000156,1000157,1001198,1.843230613,1.841314106
7,1843619,1000208,1000208,1000260,1001250,1.843139784,1.841317353
7,1843605,1000260,1000260,1000209,1001146,1.843219767,1.841494647
7,1838632,1000261,1000261,997032,1001303,1.844105305,1.836239380
7,1843280,1000052,1000052,1000052,1001042,1.843184154,1.841361302
7,1843864,1000365,1000365,1000364,1001354,1.843193078,1.841370784
7,1844204,1000521,1000521,1000573,1001562,1.843147876,1.841327846
7,1827380,1000677,1000677,979114,1001875,1.866360812,1.823960075
7,1843561,1000156,1000156,1000156,1001250,1.843273449,1.841259426
7,1843696,1000261,1000261,1000260,1001198,1.843216764,1.841489895
7,1844003,1000417,1000417,1000469,1001459,1.843138568,1.841316519
7,1839849,1000521,1000521,995937,1001615,1.847354803,1.836882435
7,1844088,1000469,1000469,1000520,1001406,1.843129573,1.841498853
7,1844292,1000573,1000573,1000573,1001510,1.843235826,1.841511318
7,1843536,1000209,1000209,1000208,1001250,1.843152624,1.841234457
7,1910946,1000417,1000417,925729,1001667,2.064260707,1.907765754
7,2092206,1000052,1000052,1000053,1001042,2.092095119,2.090028191
7,2093670,1000417,1000417,1000417,1001406,2.092797304,2.090730433
7,2093348,1000260,1000260,1000261,1001042,2.092801779,2.091169002
7,2087729,1000417,1000417,996043,1001407,2.096022963,2.084795692
7,2092852,1000052,1000052,1000052,1000938,2.092743177,2.090890744
7,2093554,1000365,1000365,1000312,1001198,2.092901015,2.091048923
7,2092868,1000000,1000000,1000053,1000885,2.092757084,2.091017450
7,1881617,1000156,1000156,984480,1001146,1.911280067,1.879463135
7,1843252,1000052,1000052,1000053,1001198,1.843154313,1.841046426
7,1843693,1000260,1000260,1000260,1001198,1.843213764,1.841486899
7,1843601,1000208,1000208,1000261,1001250,1.843119946,1.841299376
7,1838438,1000416,1000416,997761,1001407,1.842563500,1.835854952
7,1844148,1000521,1000521,1000469,1001406,1.843283500,1.841558768
7,1843476,1000157,1000157,1000156,1001198,1.843188463,1.841270158
7,1843808,1000313,1000313,1000364,1001198,1.843137098,1.841601761
7,1817497,994480,994480,973124,1001770,1.867693120,1.814285714
7,1843137,999948,999948,999947,1001146,1.843234691,1.841027183
7,1844322,1000625,1000625,1000677,1001875,1.843074239,1.840870368
7,1843183,999948,999948,1000000,1000989,1.843183000,1.841361893
7,1837190,1000052,1000052,993959,1001354,1.848355918,1.834705808
7,1843442,1000156,1000156,1000104,1001354,1.843250302,1.840949355
7,1842320,1000313,1000313,1000364,1001562,1.841649640,1.839446784
7,1843269,1000053,1000053,1000052,1001094,1.843173155,1.841254667
7,1809532,999948,999948,969115,1001197,1.867200487,1.807368580
7,1844063,1000468,1000468,1000521,1001459,1.843102743,1.841376432
7,1843569,1000208,1000208,1000209,1001145,1.843183775,1.841460528
7,1843395,1000105,1000105,1000156,1000990,1.843107475,1.841571844
7,1839391,1000625,1000625,996251,1001614,1.846312827,1.836427007
7,1843584,1000208,1000208,1000208,1001146,1.843200614,1.841473671
7,1844134,1000469,1000469,1000521,1001458,1.843173706,1.841449167
7,1843729,1000313,1000313,1000364,1001354,1.843058127,1.841235967
7,1821777,1000886,1000886,969219,1002188,1.879634015,1.817799654
7,1841260,1000678,1000678,1000729,1001771,1.839918699,1.838004893
7,1842605,1000365,1000365,1000364,1001354,1.841934536,1.840113486
7,1843358,1000104,1000104,1000104,1001094,1.843166311,1.841343570
7,1838846,1000521,1000521,995209,1001562,1.847698323,1.835978202
7,1843377,1000105,1000105,1000104,1000990,1.843185309,1.841553862
7,1843902,1000364,1000364,1000417,1001250,1.843133413,1.841600000
7,1843686,1000260,1000260,1000209,1001250,1.843300750,1.841384270
7,1830817,1000156,1000156,988072,1001250,1.852918613,1.828531336
7,1843985,1000469,1000469,1000417,1001354,1.843216379,1.841491620
7,1843348,1000052,1000052,1000104,1001041,1.843156312,1.841431070
7,1843470,1000104,1000104,1000156,1000990,1.843182464,1.841646770
7,1837313,1000000,1000000,995624,1001041,1.845388420,1.835402346
7,1843377,1000052,1000052,1000104,1000938,1.843185309,1.841649533
7,1843319,1000052,1000052,1000052,1000937,1.843223152,1.841593427
7,1844096,1000469,1000469,1000469,1001406,1.843231524,1.841506841
7,1876253,1000625,1000625,965208,1001875,1.943884634,1.872741609
7,1841509,1000104,1000104,1000105,1001511,1.841315662,1.838730678
7,1842172,1000312,1000312,1000313,1001771,1.841595581,1.838915281
7,1843713,1000261,1000261,1000312,1001667,1.843137941,1.840644645
7,1836663,1000521,1000521,993697,1001980,1.848312916,1.833033593
7,1844097,1000469,1000469,1000469,1001614,1.843232524,1.841125424
7,1843769,1000312,1000312,1000313,1001459,1.843192081,1.841082860
7,1843247,1000052,1000052,1000000,1001145,1.843247000,1.841138896
7,1827172,1000521,1000521,975729,1001875,1.872622419,1.823752464
7,1843829,1000312,1000312,1000313,1001511,1.843252062,1.841047178
7,1843449,1000156,1000156,1000104,1001250,1.843257301,1.841147566
7,1843606,1000208,1000208,1000208,1001302,1.843222610,1.841208746
7,1834852,1000208,1000208,993490,1001667,1.846875157,1.831798392
7,1842585,1000000,1000000,1000000,1001094,1.842585000,1.840571415
7,1843446,1000104,1000104,1000156,1001562,1.843158467,1.840571028
7,1843357,1000312,1000312,1000261,1001406,1.842876009,1.840768879
7,1838096,1000469,1000469,994844,1002083,1.847622341,1.834275205
7,1843408,1000104,1000104,1000105,1001250,1.843214462,1.841106617
7,1843988,1000521,1000521,1000521,1001615,1.843027783,1.841014761
7,1835981,1000209,1000209,992917,1001406,1.849078020,1.833403235
7,1843412,1000104,1000104,1000104,1001198,1.843220305,1.841206235
7,1843833,1000416,1000416,1000417,1001562,1.843064442,1.840957425
7,1843217,1000104,1000104,1000052,1001198,1.843121158,1.841011468
7,1835943,1000260,1000260,992865,1001459,1.849136590,1.833268262
7,1836044,1000365,1000365,991823,1001718,1.851181108,1.832895086
7,1843707,1000261,1000261,1000260,1001718,1.843227761,1.840544944
7,1843237,1000208,1000208,1000208,1001354,1.842853686,1.840744632
7,1837450,1000312,1000312,996718,1001511,1.843500368,1.834677802
7,1843596,1000209,1000209,1000156,1001302,1.843308444,1.841198759
7,1843238,1000156,1000156,1000104,1001302,1.843046323,1.840841225
7,1843913,1000365,1000365,1000416,1001823,1.843146251,1.840557663
7,1835934,1000677,1000677,977968,1001927,1.877294554,1.832402959
7,1800773,1000312,1000312,968854,1001615,1.858662915,1.797869441
7,1843277,1000052,1000052,1000052,1001197,1.843181155,1.841073235
7,1843395,1000156,1000156,1000208,1001303,1.843011654,1.840996182
7,1834545,1000052,1000052,995209,1001250,1.843376617,1.832254682
7,1843181,1000104,1000104,1000104,1001458,1.842989329,1.840497555
7,1843200,1000105,1000105,1000156,1001250,1.842912506,1.840898876
7,1843432,1000157,1000157,1000156,1001250,1.843144469,1.841130587
7,1837799,1014219,1014219,986771,1015416,1.862437181,1.809897618
7,1843954,1000417,1000417,1000416,1001563,1.843187234,1.841076398
7,1843214,1000000,1000000,999948,1001406,1.843309852,1.840626080
7,1844124,1000469,1000469,1000468,1001615,1.843261354,1.841150542
7,1835017,1000157,1000157,987501,1001406,1.858243182,1.832440589
7,1843465,1000260,1000260,1000261,1001615,1.842983981,1.840492604
7,1843907,1000365,1000365,1000416,1001771,1.843140254,1.840647214
7,1842373,1000156,1000156,1000156,1001302,1.842085635,1.839977349
7,1829272,1000417,1000417,983021,1002396,1.860867672,1.824899541
7,1842713,1000000,1000000,999948,1001563,1.842808826,1.839837334
7,1842447,1000000,1000000,1000000,1001041,1.842447000,1.840531007
7,1843822,1000312,1000312,1000313,1001354,1.843245064,1.841328841
7,1834397,1000000,1000000,993125,1001146,1.847095784,1.832297187
7,1843703,1000364,1000364,1000365,1001406,1.843030294,1.841114393
7,1843040,1000052,1000052,1000052,1001042,1.842944167,1.841121551
7,1843251,1000209,1000209,1000260,1001250,1.842771879,1.840949813
7,1809104,1000521,1000521,970573,1001875,1.863954592,1.805718278
7,1843159,1000000,1000000,999947,1001146,1.843256693,1.841049158
7,1843805,1000312,1000312,1000260,1001250,1.843325735,1.841503121
7,1842945,1000000,1000000,999948,1000886,1.843040838,1.841313596
7,1839703,1000416,1000416,997656,1001355,1.844025396,1.837213576
7,1843009,1000000,1000000,1000053,1000885,1.842911326,1.841379379
7,1843269,1000365,1000365,1000312,1001250,1.842694079,1.840967790
7,1843420,1000313,1000313,1000312,1001250,1.842845032,1.841118602
7,1828782,1000364,1000364,975366,1001407,1.874970011,1.826212519
7,1843643,1000208,1000208,1000156,1001459,1.843355437,1.840957044
7,1843889,1000417,1000417,1000365,1001718,1.843216226,1.840726632
7,1843015,1000000,1000000,1000000,1001146,1.843015000,1.840905323
7,1837787,1000156,1000156,995573,1001406,1.845959061,1.835206699
7,1843339,1000104,1000104,1000052,1001198,1.843243151,1.841133322
7,1843715,1000260,1000260,1000261,1001354,1.843233916,1.841221985
7,1843681,1000260,1000260,1000260,1001354,1.843201768,1.841188031
7,1829925,1000208,1000208,983281,1001615,1.861039723,1.826974436
7,1843426,1000208,1000208,1000156,1001406,1.843138470,1.840837782
7,1843809,1000313,1000313,1000312,1001459,1.843233911,1.841122802
7,1843179,1000105,1000105,1000052,1001198,1.843083160,1.840973514
7,1835794,1000365,1000365,996093,1001511,1.842994580,1.833024300
7,1844301,1000573,1000573,1000625,1001979,1.843149032,1.840658337
7,1843068,1000104,1000104,1000104,1001198,1.842876341,1.840862647
7,1843594,1000209,1000209,1000208,1001302,1.843210612,1.841196762
7,1826724,1000573,1000573,969582,1001979,1.884032501,1.823116053
7,1844039,1000468,1000468,1000417,1001666,1.843270356,1.840971941
7,1843420,1000157,1000157,1000104,1001250,1.843228304,1.841118602
7,1843047,1000000,1000000,1000052,1001146,1.842951167,1.840937286
7,1837923,1000677,1000677,990885,1002135,1.854829773,1.834007394
7,1843006,1000000,1000000,999948,1001146,1.843101841,1.840896333
7,1843638,1000468,1000468,1000417,1001510,1.842869523,1.840858304
7,1843149,1000260,1000260,1000261,1001354,1.842668064,1.840656751
7,1828344,1000365,1000365,983177,1001511,1.859628531,1.825585540
7,1843246,1000052,1000052,1000000,1001302,1.843246000,1.840849214
7,1843295,1000052,1000052,1000052,1001041,1.843199154,1.841378125
7,1843198,1000052,1000052,1000105,1001146,1.843004485,1.841088113
7,1836439,1000260,1000260,993334,1001406,1.848762853,1.833860592
7,1843203,1000208,1000208,1000156,1001250,1.842915505,1.840901873
7,1843016,1000208,1000208,1000208,1001250,1.842632732,1.840715106
7,1842982,1000208,1000208,1000209,1001250,1.842596897,1.840681149
7,1829100,1000208,1000208,970313,1001510,1.885061831,1.826342223
7,1843387,1000104,1000104,1000157,1001302,1.843097634,1.840990031
7,1843398,1000104,1000104,1000104,1001198,1.843206307,1.841192252
7,1843299,1000052,1000052,1000052,1000990,1.843203153,1.841475939
7,1838356,1000468,1000468,996980,1001562,1.843924652,1.835488966
7,1843545,1000260,1000260,1000260,1001250,1.843065803,1.841243446
7,1843954,1000417,1000417,1000417,1001354,1.843185392,1.841460662
7,1844018,1000469,1000469,1000417,1001354,1.843249365,1.841524576
7,1830142,1000416,1000416,985938,1001667,1.856244510,1.827096231
7,1843938,1000364,1000364,1000365,1001510,1.843265208,1.841157852
7,1843106,1000156,1000156,1000104,1001146,1.842914337,1.840996218
7,1843695,1000260,1000260,1000260,1001302,1.843215764,1.841297630
7,1835381,1000521,1000521,996718,1001615,1.841424555,1.832421639
7,1843732,1000313,1000313,1000313,1001302,1.843155092,1.841334582
7,1843835,1000313,1000313,1000312,1001354,1.843259903,1.841341823
7,1843605,1000209,1000209,1000208,1001303,1.843221610,1.841205909
7,1827732,1000781,1000781,972864,1002240,1.878712749,1.823647031
7,1843584,1000208,1000208,1000156,1001354,1.843296446,1.841091163
7,1843147,1000104,1000104,1000104,1001198,1.842955333,1.840941552
7,1843864,1000365,1000365,1000313,1001511,1.843287051,1.841082125
7,1838870,1000312,1000312,995521,1001562,1.847143355,1.836002165
7,1842951,1000052,1000052,1000052,1001198,1.842855172,1.840745787
7,1843068,1000052,1000052,1000052,1001459,1.842972165,1.840382881
7,1843290,1000469,1000469,1000469,1001563,1.842425902,1.840413434
7,1823971,1000729,1000729,983177,1002135,1.855180705,1.820085118
7,1843181,1000105,1000105,1000104,1001303,1.842989329,1.840782460
7,1843188,1000104,1000104,1000104,1001250,1.842996328,1.840886891
7,1843108,1000052,1000052,1000104,1001198,1.842916337,1.840902599
7,1835920,1000573,1000573,990052,1002083,1.854367245,1.832103728
7,1843278,1000261,1000261,1000260,1001406,1.842798872,1.840689990
7,1843551,1000156,1000156,1000157,1001614,1.843261608,1.840580303
7,1843841,1000365,1000365,1000365,1001459,1.843168244,1.841154755
7,1827329,1000677,1000677,974948,1002031,1.874283552,1.823625217
7,1843376,1000156,1000156,1000053,1001250,1.843278306,1.841074657
7,1843574,1000209,1000209,1000208,1001250,1.843190616,1.841272409
7,1843105,1000156,1000156,1000156,1001406,1.842817520,1.840517233
7,1835223,1000208,1000208,996301,1001250,1.842036694,1.832931835
7,1843225,1000052,1000052,999948,1001042,1.843320853,1.841306359
7,1843926,1000520,1000520,1000521,1001562,1.842965815,1.841050279
7,1843027,1000364,1000364,1000365,1001406,1.842354541,1.840439342
7,1826985,1000365,1000365,984114,1001667,1.856476994,1.823944485
7,1841685,999167,999167,999218,1001041,1.843126325,1.839769800
7,1843413,1000104,1000104,1000156,1001042,1.843125472,1.841494163
7,1843976,1000416,1000416,1000417,1001510,1.843207383,1.841195794
7,1836844,1000208,1000208,996771,1001198,1.842794383,1.834646094
7,1843939,1000365,1000365,1000416,1001302,1.843172240,1.841541313
7,1832756,1000000,1000000,1000053,1001042,1.832658869,1.830848256
7,1843545,1000521,1000521,1000885,1001928,1.841914905,1.839997485
7,1825918,1000677,1000677,969947,1001980,1.882492549,1.822309827
7,1843960,1000417,1000417,1000573,1001719,1.842904016,1.840795672
7,1843606,1000209,1000209,1000260,1001302,1.843126787,1.841208746
7,1841942,1000104,1000104,1000052,1001354,1.841846224,1.839451383
7,1837257,1000157,1000157,993177,1001459,1.849878723,1.834580347
7,1843673,1000260,1000260,1000261,1001510,1.843191927,1.840893251
7,1843879,1000365,1000365,1000364,1001406,1.843208072,1.841290146
7,1843524,1000208,1000208,1000208,1001250,1.843140627,1.841222472
7,1830955,1000469,1000469,980416,1001719,1.867528682,1.827812989
7,1843511,1000208,1000208,1000156,1001302,1.843223457,1.841113870
7,1844186,1000521,1000521,1000730,1001667,1.842840726,1.841116858
7,1844124,1000521,1000521,1000573,1001614,1.843067922,1.841152380
7,1838844,1000209,1000209,995416,1001302,1.847312079,1.836452938
7,1843786,1000313,1000313,1000312,1001250,1.843210918,1.841484145
7,1843366,1000104,1000104,1000104,1000990,1.843174310,1.841542873
7,1843277,1000052,1000052,1000000,1000989,1.843277000,1.841455800
7,1901828,1000521,1000521,968750,1001511,1.963177290,1.898958673
7,2090689,1000312,1000312,1000313,1001354,2.090034819,2.087862035
7,2094052,1000573,1000573,1000677,1001563,2.092635286,2.090784104
7,2092700,1000313,1000313,1000364,1001303,2.091938534,2.089976760
7,2087929,1000208,1000208,994636,1001094,2.099189050,2.085647302
7,2093084,1000104,1000104,1000104,1000937,2.092866342,2.091124616
7,2093750,1000468,1000468,1000625,1001458,2.092442224,2.090701757
7,2092773,1000000,1000000,1000000,1000833,2.092773000,2.091031171
7,2078297,1000208,1000208,984948,1001146,2.110057587,2.075917998
7,2092991,1000104,1000104,1000052,1000885,2.092882170,2.091140341
7,2092982,1000104,1000104,1000052,1000886,2.092873171,2.091129259
7,1980202,1000729,1000729,1000885,1001823,1.978451071,1.976598661
7,1836861,1000208,1000208,995575,1001302,1.845025237,1.834472517
7,1843778,1000313,1000313,1000312,1001198,1.843202921,1.841571797
7,1843094,1000312,1000312,1000261,1001146,1.842613078,1.840984232
7,1844116,1000468,1000468,1000521,1001354,1.843155716,1.841622443
7,1814830,1000677,1000677,959738,1001979,1.890963992,1.811245545
7,1843771,1000312,1000312,1000312,1001406,1.843195923,1.841182298
7,1843321,1000104,1000104,1000052,1001146,1.843225152,1.841210972
7,1843607,1000260,1000260,1000208,1001302,1.843223609,1.841209745
7,1838028,1000104,1000104,996041,1001250,1.845333676,1.835733333
7,1843940,1000417,1000417,1000364,1001563,1.843269050,1.841062419
7,1843376,1000104,1000104,1000104,1001197,1.843184309,1.841172117
7,1843109,999948,999948,999948,1001042,1.843204847,1.841190480
7,1826645,1000781,1000781,982396,1002187,1.859377481,1.822658845
7,1843568,1000208,1000208,1000157,1001355,1.843278605,1.841073346
7,1843371,1000105,1000105,1000104,1001198,1.843179309,1.841165284
7,1842040,1000365,1000365,1000313,1001615,1.841463622,1.839069902
7,1835620,1000208,1000208,995210,1001354,1.844454939,1.833137931
7,1843170,1000000,1000000,1000000,1001406,1.843170000,1.840582142
7,1843825,1000313,1000313,1000365,1001459,1.843152249,1.841138779
7,1843757,1000260,1000260,1000313,1001458,1.843180085,1.841072716
7,1787222,1000573,1000573,932812,1001979,1.915950910,1.783692073
7,1844010,1000469,1000469,1000468,1001562,1.843147407,1.841134148
7,1843164,1000000,1000000,999948,1001041,1.843259850,1.841247262
7,1843687,1000261,1000261,1000260,1001354,1.843207766,1.841194023
7,1838812,1000416,1000416,994218,1001719,1.849505843,1.835656506
7,1843695,1000261,1000261,1000260,1001250,1.843215764,1.841393258
7,1844253,1000573,1000573,1000521,1001667,1.843292645,1.841183747
7,1843345,1000104,1000104,1000053,1001250,1.843247308,1.841043695
7,1829908,1000416,1000416,980000,1001667,1.867253061,1.826862620
7,1843629,1000260,1000260,1000261,1001198,1.843147938,1.841422975
7,1843142,999948,999948,1000000,1000885,1.843142000,1.841512262
7,1843533,1000209,1000209,1000208,1001094,1.843149625,1.841518379
7,1839409,1000469,1000469,997552,1001510,1.843922923,1.836635680
7,1844373,1000677,1000677,1000677,1001615,1.843125204,1.841399140
7,1830437,1000416,1000416,1000521,1001458,1.829483839,1.827772108
7,1843373,1000417,1000417,1000521,1001458,1.842413103,1.840689275
7,1831293,1000625,1000625,970365,1001771,1.887220788,1.828055514
7,1843187,1000000,1000000,1000000,1001094,1.843187000,1.841172757
7,1843614,1000260,1000260,1000209,1001146,1.843228765,1.841503637
7,1843883,1000417,1000417,1000417,1001355,1.843114421,1.841387919
7,1838750,1000157,1000157,997344,1001146,1.843646726,1.836645205
7,1843598,1000209,1000209,1000208,1001146,1.843214611,1.841487655
7,1843911,1000365,1000365,1000468,1001458,1.843048453,1.841226492
7,1843912,1000365,1000365,1000417,1001459,1.843143409,1.841225652
7,1832514,1000052,1000052,991354,1001146,1.848496097,1.830416343
7,1843989,1000417,1000417,1000417,1001459,1.843220377,1.841302540
7,1843305,1000052,1000052,1000052,1000989,1.843209153,1.841483773
7,1843661,1000260,1000260,1000208,1001146,1.843277598,1.841550583
7,1839358,1000468,1000468,996406,1001458,1.845992497,1.836680120
7,1843802,1000313,1000313,1000260,1001250,1.843322736,1.841500125
7,1843781,1000312,1000312,1000365,1001406,1.843108265,1.841192284
7,1843666,1000260,1000260,1000261,1001302,1.843184929,1.841268668
7,1935480,1000052,1000052,966405,1000989,2.002762817,1.933567702
7,2091855,1000156,1000156,1000156,1001145,2.091528722,2.089462565
7,2093309,1000261,1000261,1000260,1001094,2.092764881,2.091021423
7,2093105,1000104,1000104,1000105,1001094,2.092885247,2.090817645
7,2088534,1000104,1000104,997396,1001094,2.093986741,2.086251641
7,2092916,1000364,1000364,1000521,1001406,2.091826159,2.089977492
7,2092982,1000104,1000104,1000052,1000885,2.092873171,2.091131349
7,2093289,1000208,1000208,1000209,1001041,2.092851594,2.091112152
7,2076127,1000417,1000417,985522,1001354,2.106626742,2.073319725
7,2093244,1000261,1000261,1000260,1001042,2.092699898,2.091065110
7,2093132,1000208,1000208,1000105,1001042,2.092912244,2.090953227
7,2092816,1000000,1000000,1000000,1000782,2.092816000,2.091180697
7,2087854,1000208,1000208,996407,1001198,2.095382710,2.085355744
7,2003326,1000156,1000156,1000209,1000989,2.002907392,2.001346668
7,1840876,1000157,1000157,1000104,1000938,1.840684569,1.839150876
7,1843469,1000156,1000156,1000157,1000989,1.843179621,1.841647611
7,1824194,1000417,1000417,966666,1001563,1.887098543,1.821347234
7,1843325,1000104,1000104,1000052,1001406,1.843229152,1.840736924
7,1843282,1000053,1000053,1000052,1001146,1.843186154,1.841172017
7,1841935,1000209,1000209,1000208,1001510,1.841551957,1.839157872
7,1835108,1000468,1000468,991042,1002084,1.851695488,1.831291588
7,1843721,1000313,1000313,1000260,1001406,1.843241757,1.841132368
7,1843376,1000208,1000208,1000208,1001302,1.842992658,1.840979045
7,1843529,1000208,1000208,1000208,1001302,1.843145626,1.841131846
7,1823083,1000365,1000365,977811,1001510,1.864453356,1.820334295
7,1843254,1000052,1000052,1000000,1001406,1.843254000,1.840666024
7,1843807,1000313,1000313,1000312,1001406,1.843231912,1.841218247
7,1843200,1000104,1000104,1000104,1001250,1.843008327,1.840898876
7,1836704,1000365,1000365,993177,1001875,1.849321923,1.833266625
7,1843669,1000364,1000364,1000313,1001511,1.843092112,1.840887419
7,1843295,1000052,1000052,1000052,1001459,1.843199154,1.840609551
7,1843264,1000104,1000104,1000156,1001302,1.842976496,1.840867191
7,1816037,1000469,1000469,958854,1001875,1.893966130,1.812638303
7,1843677,1000260,1000260,1000313,1001458,1.843100110,1.840992832
7,1843660,1000365,1000365,1000364,1001510,1.842989152,1.840880271
7,1843134,1000052,1000052,1000052,1001198,1.843038162,1.840928568
7,1836959,1000469,1000469,993489,1001927,1.848997825,1.833425988
7,1844140,1000469,1000469,1000469,1001614,1.843275504,1.841168354
7,1843045,1000104,1000104,1000104,1001355,1.842853343,1.840551053
7,1844031,1000469,1000469,1000469,1001563,1.843166555,1.841153277
7,1826008,1000677,1000677,976562,1002083,1.869833149,1.822212332
7,1843091,1000052,1000052,1000000,1001250,1.843091000,1.840790012
7,1843470,1000156,1000156,1000157,1001250,1.843180621,1.841168539
7,1843570,1000209,1000209,1000208,1001250,1.843186617,1.841268414
7,1836922,1000104,1000104,995052,1001354,1.846056287,1.834438171
7,1843368,1000104,1000104,1000104,1001146,1.843176310,1.841257918
7,1843374,1000208,1000208,1000208,1001250,1.842990658,1.841072659
7,1843663,1000364,1000364,1000365,1001407,1.842990309,1.841072611
7,1825586,1000313,1000313,966197,1001666,1.889455256,1.822549632
7,1843743,1000364,1000364,1000417,1001407,1.842974480,1.841152498
7,1843843,1000469,1000469,1000469,1001406,1.842978643,1.841254197
7,1843444,1000156,1000156,1000104,1001146,1.843252302,1.841333831
7,1823852,1000156,1000156,992499,1001198,1.837636108,1.821669640
7,1843478,1000104,1000104,1000156,1001302,1.843190462,1.841080913
7,1843364,1000104,1000104,1000052,1001250,1.843268150,1.841062672
7,1843387,1000104,1000104,1000104,1001094,1.843195308,1.841372538
7,1828627,1000208,1000208,983855,1001459,1.858634657,1.825962920
7,1843310,1000156,1000156,1000209,1001145,1.842924829,1.841201824
7,1843020,1000313,1000313,1000260,1001250,1.842540939,1.840719101
7,1843073,1000052,1000052,1000000,1000937,1.843073000,1.841347657
7,1835586,1000052,1000052,991771,1001250,1.850816368,1.833294382
7,1844067,1000468,1000468,1000469,1001563,1.843202538,1.841189221
7,1842833,1000156,1000156,1000105,1001250,1.842639523,1.840532335
7,1843414,1000104,1000104,1000104,1001198,1.843222305,1.841208233
7,1822034,1000573,1000573,966092,1001875,1.885983944,1.818624080
7,1843371,1000104,1000104,1000052,1001146,1.843275150,1.841260915
7,1843336,1000052,1000052,1000052,1001041,1.843240152,1.841419083
7,1843776,1000416,1000416,1000417,1001355,1.843007466,1.841281064
7,1836542,1000104,1000104,996615,1001145,1.842779810,1.834441564
7,1842989,1000000,1000000,1000000,1000938,1.842989000,1.841261896
7,1843293,1000104,1000104,1000156,1001041,1.843005491,1.841376127
7,1843399,1000261,1000261,1000208,1001302,1.843015653,1.841002015
7,1831324,1000209,1000209,985781,1001406,1.857739194,1.828752774
7,1843500,1000156,1000156,1000209,1001250,1.843114789,1.841198502
7,1844096,1000468,1000468,1000469,1001511,1.843231524,1.841313775
7,1843316,1000052,1000052,1000053,1001094,1.843218309,1.841301616
7,1837025,1000573,1000573,997135,1001667,1.842303199,1.833967776
7,1843509,1000417,1000417,1000416,1001406,1.842742419,1.840920666
7,1842667,1000000,1000000,1000000,1001041,1.842667000,1.840750778
7,1843553,1000208,1000208,1000208,1001250,1.843169621,1.841251436
7,1828261,1000365,1000365,962187,1001614,1.900109854,1.825314942
7,1844011,1000417,1000417,1000468,1001927,1.843148407,1.840464425
7,1843635,1000261,1000261,1000208,1001354,1.843251604,1.841142094
7,1843301,1000104,1000104,1000052,1001146,1.843205153,1.841190995
7,1836640,1000157,1000157,995156,1001302,1.845579989,1.834251804
7,1843467,1000157,1000157,1000104,1001250,1.843275299,1.841165543
7,1843537,1000209,1000209,1000208,1001302,1.843153624,1.841139836
7,1843634,1000209,1000209,1000260,1001354,1.843154780,1.841141095
7,1826795,1000677,1000677,978541,1002292,1.866855860,1.822617561
7,1843890,1000417,1000417,1000312,1001615,1.843314886,1.840916919
7,1843552,1000312,1000312,1000260,1001407,1.843072801,1.840961767
7,1843623,1000209,1000209,1000208,1001354,1.843239606,1.841130110
7,1836127,1000157,1000157,995781,1001354,1.843906441,1.833644246
7,1843291,1000052,1000052,1000053,1001146,1.843193311,1.841181007
7,1843541,1000208,1000208,1000209,1001354,1.843155780,1.841048221
7,1843402,1000208,1000208,1000209,1001302,1.843016809,1.841005011
7,1790287,1000260,1000260,944532,1001458,1.895422283,1.787680562
7,1843200,1000052,1000052,1000000,1001094,1.843200000,1.841185743
7,1843262,1000052,1000052,1000104,1001145,1.843070321,1.841153879
7,1843303,1000156,1000156,1000156,1001250,1.843015490,1.841001748
7,1836610,1000156,1000156,992501,1001458,1.850486801,1.833936121
7,1843985,1000521,1000521,1000520,1001510,1.843026626,1.841204781
7,1843244,1000000,1000000,1000052,1001250,1.843148156,1.840942821
7,1843502,1000260,1000260,1000260,1001250,1.843022814,1.841200499
7,1825290,1000156,1000156,978646,1001407,1.865117724,1.822725425
7,1842988,1000104,1000104,1000104,1001042,1.842796349,1.841069605
7,1843621,1000260,1000260,1000209,1001146,1.843235764,1.841510629
7,1843223,1000000,1000000,1000000,1000885,1.843223000,1.841593190
7,1838674,1000573,1000573,997135,1001511,1.843956937,1.835899955
7,1842848,1000000,1000000,1000000,1000885,1.842848000,1.841218522
7,1843906,1000364,1000364,1000365,1001302,1.843233220,1.841508356
7,1843617,1000208,1000208,1000208,1001198,1.843233607,1.841410990
7,1831240,1000729,1000729,975312,1001823,1.877594042,1.827907724
7,1843352,1000052,1000052,1000052,1001146,1.843256151,1.841241937
7,1843136,1000000,1000000,999896,1001042,1.843327706,1.841217451
7,1843572,1000208,1000208,1000156,1001250,1.843284448,1.841270412
7,1834647,1000052,1000052,996511,1001146,1.841070495,1.832546901
7,1843570,1000156,1000156,1000104,1001250,1.843378289,1.841268414
7,1843230,1000052,1000052,1000000,1001094,1.843230000,1.841215710
7,1843354,1000052,1000052,1000052,1001094,1.843258151,1.841339575
7,1817458,1000365,1000365,973748,1001511,1.866456208,1.814715964
7,1843957,1000521,1000521,1000469,1001562,1.843092590,1.841081231
7,1843315,1000521,1000521,1000520,1001511,1.842356974,1.840533953
7,1845054,1006094,1006094,999687,1007187,1.845631683,1.831888219
7,1843472,1000104,1000104,1000157,1001198,1.843182620,1.841266163
7,1843930,1000416,1000416,1000417,1001406,1.843161402,1.841341074
7,1840912,1000312,1000312,1000313,1001302,1.840335975,1.838518249
7,1847302,1007760,1007760,985521,1008802,1.874442046,1.831183919
7,1835174,1000208,1000208,992396,1001406,1.849235587,1.832597368
7,1844031,1000469,1000469,1000417,1001458,1.843262360,1.841346317
7,1844050,1000468,1000468,1000469,1001458,1.843185546,1.841365289
7,1839087,1000417,1000417,997604,1001563,1.843504036,1.836216993
7,1843640,1000209,1000209,1000260,1001510,1.843160778,1.840860301
7,1843619,1000208,1000208,1000209,1001354,1.843233764,1.841126115
7,1843886,1000364,1000364,1000365,1001302,1.843213227,1.841488382
7,1836323,1000520,1000520,992344,1001510,1.850490354,1.833554333
7,1837710,1000156,1000156,991147,1001250,1.854124565,1.835415730
7,1843206,1000052,1000052,1000000,1001041,1.843206000,1.841289218
7,1840413,999271,999271,999219,1001407,1.841851486,1.837827177
7,1836807,1000053,1000053,995416,1001302,1.845265698,1.834418587
7,1844063,1000469,1000469,1000417,1001562,1.843294346,1.841187066
7,1843293,1000052,1000052,1000052,1001146,1.843197154,1.841183004
7,1843945,1000417,1000417,1000417,1001510,1.843176395,1.841164841
7,1834329,1000677,1000677,978907,1001875,1.873854207,1.830896070
7,1836088,1000157,1000157,993646,1001718,1.847829106,1.832939011
7,1843689,1000261,1000261,1000260,1001406,1.843209765,1.841100413
7,1844192,1000521,1000521,1000521,1001666,1.843231676,1.841124686
7,1836863,1000573,1000573,995834,1001719,1.844547384,1.833710851
7,1843294,1000052,1000052,1000052,1001146,1.843198154,1.841184003
7,1843972,1000416,1000416,1000417,1001510,1.843203384,1.841191800
7,1844070,1000469,1000469,1000521,1001615,1.843109740,1.841096629
7,1836776,1000312,1000312,993021,1001510,1.849684951,1.834006650
7,1825589,1000209,1000209,982708,1001511,1.857712566,1.822834697
7,1843494,1000156,1000156,1000105,1001354,1.843300453,1.841001284
7,1835570,1000521,1000521,1000521,1001667,1.834614166,1.832515197
7,1835433,1000625,1000625,996406,1002032,1.842053340,1.831710963
7,1843283,1000052,1000052,1000209,1001406,1.842897834,1.840694983
7,1843615,1000260,1000260,1000208,1001354,1.843231608,1.841122121
7,1843238,1000052,1000052,1000000,1001146,1.843238000,1.841128067
7,1825391,1033073,1033073,923594,1034427,1.976399803,1.764639747
7,1844201,1000417,1000417,1000572,1001719,1.843146720,1.841036259
7,1843951,1000365,1000365,1000364,1001511,1.843280046,1.841168994
7,1842081,1000417,1000417,1000417,1001510,1.841313172,1.839303651
7,1837553,1000208,1000208,991406,1001510,1.853481823,1.834782478
7,1843785,1000313,1000313,1000312,1001406,1.843209919,1.841196278
7,1843829,1000312,1000312,1000365,1001510,1.843156248,1.841049016
7,1843122,999948,999948,999948,1001094,1.843217847,1.841107828
7,1832032,1000521,1000521,986926,1001510,1.856301283,1.829269803
7,1843778,1000313,1000313,1000365,1001354,1.843105267,1.841284900
7,1842209,1000261,1000261,1000260,1001250,1.841730150,1.839909114
7,1843729,1000521,1000521,1000573,1001562,1.842673148,1.840853587
7,1839616,1000416,1000416,995833,1001406,1.847313756,1.837033131
7,1843823,1000365,1000365,1000364,1001407,1.843152093,1.841232386
7,1843744,1000469,1000469,1000573,1001510,1.842688140,1.840964144
7,1843485,1000261,1000261,1000313,1001458,1.842908170,1.840801112
7,1817525,1000312,1000312,963803,1001406,1.885784751,1.814973148
7,2088240,1000104,1000104,1000208,1001250,2.087805736,2.085632959
7,2093099,1000156,1000156,1000157,1001354,2.092770435,2.090268776
7,2093903,1000520,1000520,1000521,1001510,2.092812645,2.090745974
7,2084455,1000208,1000208,989896,1001458,2.105731309,2.081420289
7,2092985,1000052,1000052,1000052,1001302,2.092876170,2.090263477
7,2093548,1000364,1000364,1000521,1001719,2.092457829,2.089955367
7,2092833,1000365,1000365,1000416,1001563,2.091962743,2.089567007
7,2065454,1000157,1000157,970417,1001563,2.128419020,2.062230733
7,2093473,1000312,1000312,1000365,1001406,2.092709161,2.090533710
7,2093692,1000417,1000417,1000469,1001250,2.092710519,2.091078152
7,2093186,1000208,1000208,1000209,1001042,2.092748616,2.091007171
7,2088631,1000052,1000052,997708,1000937,2.093429140,2.086675785
7,2093436,1000260,1000260,1000260,1001146,2.092891848,2.091039669
7,2092905,1000052,1000052,1000053,1000834,2.092794082,2.091160972
7,2092863,1000000,1000000,1000000,1000886,2.092863000,2.091010365
7,2001020,1000365,1000365,969688,1001459,2.063570963,1.998104765
7,1839963,1000313,1000313,1000312,1001302,1.839389111,1.837570483
7,1843930,1000364,1000364,1000417,1001250,1.843161402,1.841627965
7,1843034,1000469,1000469,1000416,1001354,1.842267617,1.840541906
7,1837924,1000208,1000208,995781,1001146,1.845711055,1.835820150
7,1842867,1000104,1000104,1000104,1001094,1.842675362,1.840853107
7,1843622,1000416,1000416,1000417,1001354,1.842853530,1.841129111
7,1841583,1000052,1000052,1000000,1000990,1.841583000,1.839761636
7,1829813,1000365,1000365,984687,1001458,1.858268668,1.827149017
7,1843835,1000365,1000365,1000312,1001406,1.843259903,1.841246208
7,1843795,1000417,1000417,1000416,1001407,1.843028300,1.841204425
7,1843723,1000469,1000469,1000521,1001407,1.842762921,1.841132527
7,1839280,1000365,1000365,997501,1001406,1.843887876,1.836697603
7,1844423,1000625,1000625,1000781,1001719,1.842983630,1.841257878
7,1843635,1000209,1000209,1000312,1001303,1.843059965,1.841235870
7,1842610,1000677,1000677,1000781,1001771,1.841172045,1.839352507
7,1826216,1000417,1000417,967083,1001563,1.888375662,1.823366079
7,1843559,1000312,1000312,1000313,1001354,1.842982147,1.841066196
7,1843694,1000260,1000260,1000261,1001146,1.843212921,1.841583545
7,1842919,1000052,1000052,1000000,1000937,1.842919000,1.841193801
7,1837547,1000260,1000260,997344,1001302,1.842440522,1.835157625
7,1843482,1000156,1000156,1000104,1001094,1.843290298,1.841467435
7,1843325,1000156,1000156,1000156,1001094,1.843037486,1.841310606
7,1843266,1000104,1000104,1000157,1001146,1.842976653,1.841156035
7,1834735,1000886,1000886,989686,1001927,1.853855667,1.831206266
7,1843305,1000053,1000053,1000052,1001041,1.843209153,1.841388115
7,1842712,1000052,1000052,1000000,1000938,1.842712000,1.840985156
7,1843830,1000573,1000573,1000521,1001458,1.842869865,1.841145610
7,1838985,1000573,1000573,993021,1001666,1.851909476,1.835926347
7,1844243,1000521,1000521,1000521,1001510,1.843282650,1.841462392
7,1843934,1000417,1000417,1000364,1001354,1.843263052,1.841440689
7,1841926,1000208,1000208,1000208,1001146,1.841542959,1.839817569
7,1817739,1000573,1000573,960260,1001614,1.892965447,1.814809897
7,1843428,1000313,1000313,1000312,1001302,1.842853030,1.841030978
7,1844017,1000625,1000625,1000730,1001719,1.842671850,1.840852574
7,1833388,1000417,1000417,1000469,1001510,1.832528544,1.830623758
7,1835676,1000468,1000468,995312,1001666,1.844322182,1.832622850
7,1844210,1000573,1000573,1000573,1001511,1.843153873,1.841427603
7,1844047,1000469,1000469,1000417,1001406,1.843278353,1.841457910
7,1843215,1000052,1000052,1000000,1000989,1.843215000,1.841393861
7,1829301,1000208,1000208,982551,1001302,1.861787327,1.826922347
7,1843728,1000260,1000260,1000312,1001250,1.843152936,1.841426217
7,1843578,1000157,1000157,1000208,1001250,1.843194616,1.841276404
7,1844529,1000677,1000677,1000833,1001823,1.842993786,1.841172542
7,1839447,1000417,1000417,995363,1001667,1.848016251,1.836385745
7,1844468,1000677,1000677,1000729,1001771,1.843124362,1.841207222
7,1843500,1000157,1000157,1000156,1001145,1.843212459,1.841391607
7,1843935,1000417,1000417,1000364,1001406,1.843264052,1.841346067
7,1846634,1000208,1000208,947552,1001198,1.948847135,1.844424380
7,2090931,1000417,1000417,1000469,1001458,2.089950813,2.087886861
7,2092297,1000104,1000104,1000052,1000937,2.092188206,2.090338353
7,2093022,1000156,1000156,1000104,1001094,2.092804348,2.090734736
7,2088652,1000313,1000313,995780,1001302,2.097503465,2.085936111
7,2093185,1000156,1000156,1000156,1000989,2.092858514,2.091116885
7,2093352,1000312,1000312,1000261,1001146,2.092805778,2.090955765
7,2092922,1000052,1000052,1000104,1000990,2.092704359,2.090852056
7,2079234,1000157,1000157,980260,1001041,2.121104605,2.077071768
7,2093420,1000260,1000260,1000260,1001250,2.092875852,2.090806492
7,2093515,1000364,1000364,1000365,1001146,2.092751146,2.091118578
7,2008580,1000417,1000417,1000469,1001250,2.007638418,2.006072409
7,1834463,1000521,1000521,996407,1001563,1.841077993,1.831600209
7,1843512,1000209,1000209,1000156,1001041,1.843224457,1.841594900
7,1843443,1000156,1000156,1000105,1000938,1.843249459,1.841715471
7,1842866,1000573,1000573,1000521,1001459,1.841906367,1.840181176
7,1819715,1000572,1000572,965468,1001771,1.884800946,1.816497982
7,1843744,1000209,1000209,1000260,1001615,1.843264751,1.840771155
7,1843529,1000208,1000208,1000156,1001510,1.843241454,1.840749468
7,1843720,1000313,1000313,1000260,1001406,1.843240757,1.841131369
7,1833659,1000209,1000209,985729,1001615,1.860206000,1.830702416
7,1843111,999948,999948,999896,1001094,1.843302703,1.841096840
7,1843198,1000000,1000000,1000000,1001094,1.843198000,1.841183745
7,1843226,1000052,1000052,1000052,1001093,1.843130157,1.841213554
7,1822504,1000417,1000417,976927,1001615,1.865547784,1.819565402
7,1844024,1000469,1000469,1000468,1001823,1.843161400,1.840668461
7,1844019,1000469,1000469,1000468,1001562,1.843156403,1.841143134
7,1843311,1000052,1000052,1000052,1001146,1.843215153,1.841200984
7,1835048,1000156,1000156,992291,1001562,1.849304287,1.832186125
7,1843746,1000312,1000312,1000261,1001406,1.843264908,1.841157333
7,1843702,1000260,1000260,1000261,1001406,1.843220919,1.841113395
7,1843775,1000313,1000313,1000312,1001406,1.843199922,1.841186292
7,1825260,1000625,1000625,961980,1001979,1.897399114,1.821654945
7,1843563,1000208,1000208,1000156,1001718,1.843275449,1.840401191
7,1843438,1000104,1000104,1000156,1001250,1.843150469,1.841136579
7,1843591,1000209,1000209,1000208,1001302,1.843207613,1.841193766
7,1838006,1000105,1000105,994115,1001667,1.848886698,1.834947143
7,1843548,1000208,1000208,1000521,1001979,1.842588012,1.839906824
7,1843421,1000156,1000156,1000156,1001250,1.843133471,1.841119600
7,1843414,1000104,1000104,1000104,1001250,1.843222305,1.841112609
7,1826057,1000469,1000469,976978,1001719,1.869087124,1.822923395
7,1843134,999948,999948,999948,1001302,1.843229848,1.840737360
7,1843401,1000105,1000105,1000104,1001250,1.843209306,1.841099625
7,1843517,1000209,1000209,1000208,1001302,1.843133628,1.841119862
7,1835881,1000365,1000365,997030,1001562,1.841349809,1.833017826
7,1843805,1000312,1000312,1000313,1001458,1.843228070,1.841120646
7,1843851,1000365,1000365,1000364,1001510,1.843180082,1.841070983
7,1843879,1000365,1000365,1000364,1001458,1.843208072,1.841194538
7,1812311,1000625,1000625,960364,1001823,1.887108430,1.809013169
7,1843493,1000156,1000156,1000157,1001459,1.843203617,1.840807262
7,1843577,1000208,1000208,1000208,1001666,1.843193616,1.840510709
7,1843483,1000156,1000156,1000156,1001459,1.843195462,1.840797277
7,1838100,1000208,1000208,996043,1001406,1.845402257,1.835519260
7,1844040,1000469,1000469,1000469,1001562,1.843175551,1.841164102
7,1844085,1000468,1000468,1000469,1001875,1.843220530,1.840633812
7,1843605,1000208,1000208,1000208,1001354,1.843221610,1.841112134
7,1825201,1000677,1000677,977239,1002084,1.867711993,1.821405192
7,1843520,1000156,1000156,1000157,1001355,1.843230613,1.841025411
7,1843330,1000104,1000104,1000000,1001146,1.843330000,1.841219962
7,1835481,1000260,1000260,998125,1001458,1.838928992,1.832808765
7,1833663,1000052,1000052,990052,1001250,1.852087567,1.831373783
7,1843415,1000104,1000104,1000104,1001198,1.843223305,1.841209231
7,1843830,1000365,1000365,1000313,1001406,1.843253062,1.841241215
7,1843645,1000208,1000208,1000209,1001302,1.843259759,1.841247696
7,1821607,1000572,1000572,964999,1001719,1.887677604,1.818481031
7,1843257,1000000,1000000,1000104,1001094,1.843065321,1.841242681
7,1844047,1000469,1000469,1000417,1001615,1.843278353,1.841073666
7,1843477,1000157,1000157,1000156,1001198,1.843189462,1.841271157
7,1838663,1000521,1000521,997031,1001615,1.844138246,1.835698347
7,1843413,1000104,1000104,1000052,1001146,1.843317148,1.841302867
7,1843528,1000156,1000156,1000208,1001302,1.843144626,1.841130848
7,1843164,1000000,1000000,1000000,1000990,1.843164000,1.841341072
7,1827785,1000208,1000208,984948,1001458,1.855717256,1.825123969
7,1843411,1000105,1000105,1000104,1001146,1.843219305,1.841300869
7,1844112,1000469,1000469,1000468,1001458,1.843249359,1.841427199
7,1843744,1000313,1000313,1000312,1001302,1.843168931,1.841346567
7,1837858,1000156,1000156,996771,1001250,1.843811668,1.835563546
7,1843787,1000313,1000313,1000364,1001302,1.843116106,1.841389511
7,1843794,1000312,1000312,1000312,1001302,1.843218916,1.841396502
7,1843990,1000417,1000417,1000469,1001458,1.843125574,1.841305377
7,1823526,1000469,1000469,958749,1001979,1.901984774,1.819924370
7,1843418,1000104,1000104,1000105,1001250,1.843224461,1.841116604
7,1843964,1000416,1000416,1000417,1001511,1.843195388,1.841181974
7,1843257,1000052,1000052,1000000,1001198,1.843257000,1.841051420
7,1838219,1000312,1000312,995418,1001511,1.846680490,1.835445642
7,1843494,1000157,1000157,1000156,1001250,1.843206460,1.841192509
7,1843829,1000313,1000313,1000364,1001458,1.843158090,1.841144611
7,1844068,1000469,1000469,1000469,1001563,1.843203538,1.841190220
7,1827590,1000260,1000260,983853,1001770,1.857584416,1.824360881
7,1843358,1000104,1000104,1000052,1001303,1.843262150,1.840959230
7,1843359,1000052,1000052,1000105,1001250,1.843165468,1.841057678
7,1843164,999948,999948,999948,1001407,1.843259850,1.840574312
7,1836644,1000312,1000312,995573,1001563,1.844810978,1.833777805
7,1843363,1000053,1000053,1000052,1001198,1.843267150,1.841157294
7,1843433,1000104,1000104,1000156,1001250,1.843145469,1.841131586
7,1843473,1000156,1000156,1000156,1001302,1.843185463,1.841075919
7,1827560,1000469,1000469,970313,1002031,1.883474714,1.823855749
7,1844098,1000469,1000469,1000469,1001979,1.843233523,1.840455738
7,1843973,1000416,1000416,1000417,1001563,1.843204384,1.841095368
7,1844172,1000521,1000521,1000521,1001614,1.843211687,1.841200303
7,1833690,1000104,1000104,987449,1001615,1.856997171,1.830733366
7,1843970,1000416,1000416,1000365,1001823,1.843297197,1.840614560
7,1843460,1000157,1000157,1000156,1001250,1.843172465,1.841158552
7,1843304,1000052,1000052,1000052,1001198,1.843208153,1.841098364
7,1820550,1000521,1000521,978437,1001980,1.860671663,1.816952434
7,1843583,1000156,1000156,1000208,1001407,1.843199614,1.840992723
7,1843638,1000208,1000208,1000209,1001302,1.843252760,1.841240705
7,1844070,1000469,1000469,1000469,1001615,1.843205537,1.841096629
7,1837002,1000157,1000157,995156,1001406,1.845943752,1.834422802
7,1843439,1000104,1000104,1000105,1001198,1.843245459,1.841233203
7,1843906,1000364,1000364,1000365,1001615,1.843233220,1.840932893
7,1843985,1000417,1000417,1000416,1001562,1.843218221,1.841109187
7,1830536,1000573,1000573,977292,1001823,1.873069666,1.827205005
7,1843063,999948,999948,999896,1001146,1.843254698,1.840953268
7,1843730,1000260,1000260,1000261,1001406,1.843248912,1.841141355
7,1843711,1000312,1000312,1000313,1001459,1.843134099,1.841024945
7,1836626,1000365,1000365,993593,1001563,1.848469142,1.833759833
7,1843599,1000208,1000208,1000209,1001615,1.843213768,1.840626388
7,1843706,1000261,1000261,1000260,1001354,1.843226761,1.841212998
7,1843757,1000313,1000313,1000260,1001406,1.843277748,1.841168317
7,1808145,1000521,1000521,959322,1001927,1.884815526,1.804667406
7,1843511,1000157,1000157,1000156,1001666,1.843223457,1.840444819
7,1843561,1000209,1000209,1000208,1001354,1.843177619,1.841068194
7,1844004,1000417,1000417,1000469,1001823,1.843139568,1.840648498
7,1836873,1000052,1000052,992136,1001302,1.851432666,1.834484501
7,1843815,1000365,1000365,1000365,1001458,1.843142253,1.841130632
7,1843944,1000416,1000416,1000365,1001511,1.843271206,1.841162004
7,1843372,1000104,1000104,1000104,1001198,1.843180309,1.841166283
7,1821195,1000469,1000469,968439,1001771,1.880546942,1.817975366
7,1843542,1000208,1000208,1000209,1001146,1.843156780,1.841431719
7,1844048,1000469,1000469,1000469,1001354,1.843183547,1.841554535
7,1843319,1000052,1000052,1000052,1000938,1.843223152,1.841591587
7,1837569,1000312,1000312,997396,1001302,1.842366522,1.835179596
7,1843472,1000156,1000156,1000157,1001042,1.843182620,1.841553102
7,1843524,1000156,1000156,1000208,1001042,1.843140627,1.841605048
7,1844079,1000520,1000520,1000469,1001302,1.843214532,1.841681131
7,1818710,1000730,1000730,983385,1001823,1.849438419,1.815400525
7,1842033,1000052,1000052,1000052,1001042,1.841937219,1.840115600
7,1844065,1000417,1000417,1000417,1001407,1.843296345,1.841474046
7,1843694,1000261,1000261,1000260,1001302,1.843214764,1.841296632
7,1837268,1000625,1000625,993281,1001823,1.849696108,1.833924755
7,1843853,1000313,1000313,1000312,1001302,1.843277897,1.841455425
7,1843653,1000261,1000261,1000260,1001250,1.843173775,1.841351311
7,1843766,1000260,1000260,1000260,1001250,1.843286745,1.841464170
7,1800434,1000417,1000417,955156,1001615,1.884963294,1.797530987
7,1843187,1000000,1000000,1000000,1000885,1.843187000,1.841557222
7,1843841,1000365,1000365,1000312,1001250,1.843265901,1.841539076
7,1843805,1000312,1000312,1000313,1001198,1.843228070,1.841598765
7,1839486,1000104,1000104,997135,1001146,1.844771270,1.837380362
7,1843914,1000416,1000416,1000365,1001250,1.843241217,1.841611985
7,1843383,1000104,1000104,1000104,1000990,1.843191308,1.841559856
7,1843367,1000104,1000104,1000104,1000990,1.843175310,1.841543872
7,1819089,1000260,1000260,987082,1001406,1.842895524,1.816534952
7,1841255,1000312,1000312,1000625,1001771,1.840104934,1.837999902
7,1843142,1000000,1000000,999948,1001041,1.843237848,1.841225284
7,1843003,1000208,1000208,1000365,1001615,1.842330549,1.840031349
7,1837663,1000156,1000156,996927,1001355,1.843327546,1.835176336
7,1843142,999948,999948,999948,1001250,1.843237848,1.840840949
7,1843752,1000313,1000313,1000260,1001355,1.843272749,1.841257097
7,1842371,1000365,1000365,1000312,1001667,1.841796360,1.839304879
7,1977362,1000208,1000208,947084,1001562,2.087842261,1.974278177
7,2093003,1000104,1000104,1000104,1001041,2.092785350,2.090826450
7,2092790,1000312,1000312,1000313,1001355,2.092135162,2.089958107
7,2093851,1000521,1000521,1000625,1001511,2.092543161,2.090691964
7,2087516,1000260,1000260,995781,1001407,2.096360545,2.084582992
7,2093178,1000208,1000208,1000208,1000990,2.092742710,2.091107803
7,2093535,1000364,1000364,1000365,1001145,2.092771139,2.091140644
7,2092562,1000209,1000209,1000312,1001302,2.091909324,2.089841027
7,2070959,1000365,1000365,978230,1001459,2.117047116,2.067941873
7,2092916,1000052,1000052,1000052,1000937,2.092807174,2.090956774
7,2093394,1000313,1000313,1000364,1001250,2.092632282,2.090780524
7,2093283,1000208,1000208,1000209,1001094,2.092845595,2.090995451
7,1822054,1000573,1000573,994791,1001562,1.831594777,1.819212390
7,1843649,1000260,1000260,1000261,1001146,1.843167933,1.841538597
7,1843451,1000469,1000469,1000521,1001354,1.842491062,1.840958342
7,1844019,1000417,1000417,1000417,1001250,1.843250365,1.841716854
7,1833363,1000625,1000625,988387,1002031,1.854904000,1.829646987
7,1843805,1000365,1000365,1000312,1001511,1.843229912,1.841023214
7,1843614,1000261,1000261,1000208,1001354,1.843230608,1.841121122
7,1843766,1000313,1000313,1000313,1001406,1.843189082,1.841177305
7,1836051,1000468,1000468,986979,1001719,1.860273623,1.832900244
7,1843337,1000052,1000052,1000105,1001354,1.843143470,1.840844497
7,1843981,1000416,1000416,1000417,1001875,1.843212380,1.840530006
7,1844066,1000468,1000468,1000469,1001614,1.843201538,1.841094474
7,1807891,1000156,1000156,960624,1001615,1.881996494,1.804975964
7,1843778,1000312,1000312,1000313,1001562,1.843201078,1.840902510
7,1842127,1000312,1000312,1000313,1001666,1.841550595,1.839063121
7,1843174,1000000,1000000,1000000,1001146,1.843174000,1.841064140
7,1837637,1000521,1000521,993958,1001927,1.848807495,1.834102684
7,1844129,1000521,1000521,1000521,1001563,1.843168709,1.841251124
7,1843807,1000313,1000313,1000312,1001406,1.843231912,1.841218247
7,1844092,1000521,1000521,1000469,1001562,1.843227526,1.841216021
7,1808800,1000469,1000469,951665,1001771,1.900668828,1.805602278
7,1843397,1000104,1000104,1000104,1001198,1.843205307,1.841191253
7,1843507,1000156,1000156,1000157,1001250,1.843217615,1.841205493
7,1843324,1000052,1000052,1000104,1001094,1.843132314,1.841309607
7,1837872,1000156,1000156,996250,1001407,1.844789962,1.835289747
7,1843626,1000209,1000209,1000208,1001250,1.843242606,1.841324345
7,1844197,1000521,1000521,1000573,1001666,1.843140880,1.841129678
7,1843840,1000364,1000364,1000313,1001406,1.843263059,1.841251201
7,1829065,1000365,1000365,983333,1001511,1.860066732,1.826305452
7,1843555,1000156,1000156,1000157,1001146,1.843265607,1.841444704
7,1843349,1000105,1000105,1000104,1000938,1.843157312,1.841621559
7,1844137,1000521,1000521,1000521,1001407,1.843176705,1.841545945
7,1839603,1000833,1000833,998333,1001928,1.842674739,1.836063070
7,1832548,1000208,1000208,1000260,1001302,1.832071661,1.830165125
7,1842566,1000365,1000365,1000468,1001406,1.841704082,1.839978990
7,1842403,1000261,1000261,1000260,1001198,1.841924100,1.840198442
7,1825888,1000521,1000521,966459,1001667,1.889255519,1.822849310
7,1843796,1000313,1000313,1000364,1001250,1.843125102,1.841494132
7,1844380,1000677,1000677,1000625,1001614,1.843227983,1.841407968
7,1843809,1000312,1000312,1000313,1001354,1.843232068,1.841315858
7,1838535,1000364,1000364,997396,1001302,1.843335044,1.836144340
7,1843594,1000208,1000208,1000417,1001458,1.842825542,1.840909953
7,1843813,1000312,1000312,1000417,1001511,1.843044450,1.841031202
7,1843286,1000052,1000052,1000052,1001042,1.843190154,1.841367295
7,1832418,1000260,1000260,985626,1001354,1.859141297,1.829940261
7,1843120,999948,999948,999947,1000938,1.843217691,1.841392774
7,1843926,1000313,1000313,1000417,1001458,1.843157403,1.841241470
7,1846584,1004583,1004583,1000573,1005521,1.845526513,1.836444987
7,1843468,1000104,1000104,1000104,1001094,1.843276299,1.841453450
7,1843891,1000365,1000365,1000573,1001562,1.842835056,1.841015334
7,1843820,1000364,1000364,1000365,1001458,1.843147251,1.841135624
7,1852666,1010000,1010000,985729,1010990,1.879488176,1.832526533
7,2042779,1000520,1000520,995781,1001458,2.051434000,2.039804964
7,2093199,1000208,1000208,1000209,1001146,2.092761613,2.090802940
7,2092865,1000313,1000313,1000364,1001198,2.092103474,2.090360748
7,2087796,1000052,1000052,997343,1000886,2.093358052,2.085947850
7,2094097,1000625,1000625,1000678,1001511,2.092678164,2.090937593
7,2093512,1000313,1000313,1000416,1001302,2.092641461,2.090789792
7,2093993,1000573,1000573,1000677,1001615,2.092576326,2.090616654
7,2087039,1000260,1000260,991719,1001198,2.104466084,2.084541719
7,2082311,1000000,1000000,989427,1000990,2.104562540,2.080251551
7,2094067,1000573,1000573,1000678,1001511,2.092648185,2.090907639
7,2093520,1000365,1000365,1000364,1001145,2.092758236,2.091125661
7,2088181,1000157,1000157,997343,1000990,2.093744078,2.086115745
7,2093110,1000156,1000156,1000157,1000990,2.092781433,2.091039871
7,2004977,1000156,1000156,1000156,1001042,2.004664272,2.002889989
7,1841506,1000156,1000156,1000104,1000937,1.841314503,1.839782124
7,1835841,1000677,1000677,980833,1001719,1.871716184,1.832690605
7,1840410,1000625,1000625,996303,1001771,1.847239243,1.837156396
7,1843420,1000156,1000156,1000104,1001042,1.843228304,1.841501156
7,1841712,1000000,1000000,1000052,1001042,1.841616236,1.839794934
7,1837265,1000364,1000364,992917,1001354,1.850371179,1.834780707
7,1843771,1000312,1000312,1000313,1001458,1.843194080,1.841086696
7,1843930,1000417,1000417,1000416,1001406,1.843163244,1.841341074
7,1844026,1000469,1000469,1000468,1001459,1.843163400,1.841339486
7,1835818,1000521,1000521,990366,1001563,1.853676318,1.832953094
7,1835614,1000312,1000312,992084,1001458,1.850260663,1.832941571
7,1843999,1000417,1000417,1000416,1001407,1.843232215,1.841408139
7,1843248,1000052,1000052,1000000,1000990,1.843248000,1.841424989
7,1838874,1000260,1000260,997136,1001250,1.844155662,1.836578277
7,1843651,1000260,1000260,1000261,1001302,1.843169933,1.841253688
7,1843486,1000156,1000156,1000156,1001094,1.843198461,1.841471430
7,1843564,1000209,1000209,1000156,1001146,1.843276449,1.841453694
7,1831114,1004115,1004115,970574,1005157,1.886629974,1.821719393
7,1843469,1000156,1000156,1000157,1001302,1.843179621,1.841071924
7,1844055,1000468,1000468,1000521,1001614,1.843094748,1.841083491
7,1844082,1000469,1000469,1000521,1001511,1.843121734,1.841299796
7,1838036,1000157,1000157,990416,1001302,1.855822200,1.835645989
7,1843622,1000208,1000208,1000208,1001510,1.843238606,1.840842328
7,1844031,1000416,1000416,1000417,1001458,1.843262360,1.841346317
7,1843894,1000417,1000417,1000364,1001354,1.843223067,1.841400743
7,1832095,1000156,1000156,984531,1001302,1.860880968,1.829712714
7,1843712,1000313,1000313,1000312,1001302,1.843136941,1.841314608
7,1843865,1000365,1000365,1000312,1001198,1.843289894,1.841658693
7,1843203,1000000,1000000,1000000,1000885,1.843203000,1.841573208
7,1839972,1000521,1000521,997448,1001511,1.844679622,1.837195997
7,1843396,1000104,1000104,1000052,1001041,1.843300148,1.841479020
7,1844142,1000521,1000521,1000469,1001354,1.843277503,1.841648408
7,1843544,1000156,1000156,1000209,1001042,1.843158780,1.841625027
7,1831810,1000677,1000677,970417,1001667,1.887652422,1.828761455
7,1843623,1000261,1000261,1000260,1001145,1.843143783,1.841514466
7,1844112,1000521,1000521,1000521,1001511,1.843151718,1.841329751
7,1843805,1000312,1000312,1000313,1001354,1.843228070,1.841311864
7,1838787,1000625,1000625,994428,1001823,1.849090130,1.835440991
7,1843737,1000312,1000312,1000313,1001510,1.843160091,1.840957155
7,1843248,1000052,1000052,1000000,1001250,1.843248000,1.840946816
7,1843757,1000312,1000312,1000313,1001406,1.843180085,1.841168317
7,1823131,1000573,1000573,984999,1001719,1.850896295,1.820002416
7,1839186,1000261,1000261,1000260,1001615,1.838707936,1.836220504
7,1843768,1000313,1000313,1000312,1001407,1.843192924,1.841177463
7,1843361,1000105,1000105,1000104,1001094,1.843169310,1.841346567
7,1837949,1000573,1000573,990416,1001719,1.855734358,1.834794987
7,1843865,1000364,1000364,1000365,1001666,1.843192235,1.840798230
7,1843637,1000261,1000261,1000208,1001250,1.843253603,1.841335331
7,1843712,1000313,1000313,1000260,1001458,1.843232759,1.841027781
7,1828107,1000625,1000625,965416,1001875,1.893595093,1.824685714
7,1843281,1000052,1000052,1000052,1001302,1.843185154,1.840884169
7,1843736,1000313,1000313,1000260,1001197,1.843256753,1.841531687
7,1843760,1000313,1000313,1000260,1001250,1.843280747,1.841458177
7,1838713,1000312,1000312,997865,1001354,1.842647051,1.836226749
7,1843787,1000312,1000312,1000312,1001354,1.843211918,1.841293888
7,1843649,1000208,1000208,1000261,1001146,1.843167933,1.841538597
7,1844018,1000469,1000469,1000417,1001406,1.843249365,1.841428951
7,1819233,1000364,1000364,978438,1001562,1.859323738,1.816395790
7,1844142,1000521,1000521,1000469,1001511,1.843277503,1.841359705
7,1843792,1000313,1000313,1000312,1001302,1.843216916,1.841394504
7,1843870,1000365,1000365,1000364,1001459,1.843199076,1.841183713
7,1837194,1000313,1000313,992551,1001459,1.850981965,1.834517439
7,1843684,1000260,1000260,1000261,1001510,1.843202924,1.840904235
7,1843903,1000417,1000417,1000364,1001354,1.843232064,1.841409731
7,1844058,1000469,1000469,1000468,1001458,1.843195385,1.841373278
7,1826805,1000417,1000417,970573,1001719,1.882192272,1.823670111
7,1843676,1000260,1000260,1000260,1001406,1.843196769,1.841087431
7,1843693,1000261,1000261,1000260,1001354,1.843213764,1.841200015
7,1843952,1000417,1000417,1000417,1001511,1.843183393,1.841169992
7,1837795,1000468,1000468,996406,1001718,1.844423859,1.834643083
7,1843993,1000417,1000417,1000417,1001719,1.843224375,1.840828616
7,1843280,1000000,1000000,1000000,1001146,1.843280000,1.841170019
7,1843968,1000417,1000417,1000416,1001510,1.843201228,1.841187806
7,1828775,1000469,1000469,983750,1001875,1.858983482,1.825352464
7,1843475,1000104,1000104,1000104,1001302,1.843283299,1.841077917
7,1843284,1000000,1000000,1000052,1001146,1.843188154,1.841174015
7,1843442,1000104,1000104,1000104,1001198,1.843250302,1.841236199
7,1835813,1000312,1000312,992500,1001510,1.849685642,1.833045102
7,1843691,1000260,1000260,1000260,1001406,1.843211765,1.841102410
7,1843904,1000364,1000364,1000365,1001511,1.843231221,1.841122065
7,1843350,1000052,1000052,1000052,1001458,1.843254151,1.840666309
7,1827460,1000469,1000469,968073,1001875,1.887729541,1.824039925
7,1843301,1000104,1000104,1000105,1001355,1.843107474,1.840806707
7,1844153,1000521,1000521,1000520,1001666,1.843194539,1.841085751
7,1843484,1000157,1000157,1000104,1001302,1.843292298,1.841086905
7,1835009,1000468,1000468,988698,1001823,1.855985346,1.831669866
7,1844080,1000416,1000416,1000365,1001875,1.843407156,1.840628821
7,1843839,1000364,1000364,1000313,1001458,1.843262059,1.841154597
7,1844224,1000521,1000521,1000521,1001667,1.843263660,1.841154795
7,1819632,1000625,1000625,977968,1001875,1.860625297,1.816226575
7,1843300,1000052,1000052,1000000,1001302,1.843300000,1.840903144
7,1843949,1000417,1000417,1000364,1001510,1.843278047,1.841168835
7,1844058,1000468,1000468,1000469,1001615,1.843193542,1.841084648
7,1837454,1000469,1000469,995729,1001666,1.845335428,1.834397893
7,1844136,1000521,1000521,1000520,1001614,1.843177548,1.841164361
7,1844059,1000469,1000469,1000469,1001563,1.843194542,1.841181234
7,1844138,1000469,1000469,1000521,1001562,1.843177704,1.841261949
7,1825154,1000365,1000365,970729,1001927,1.880189013,1.821643693
7,1843894,1000365,1000365,1000365,1001563,1.843221224,1.841016491
7,1843630,1000209,1000209,1000260,1001406,1.843150781,1.841041496
7,1843787,1000313,1000313,1000313,1001563,1.843210075,1.840909658
7,1835477,1000521,1000521,991457,1001718,1.851292593,1.832329059
7,1843566,1000156,1000156,1000209,1001458,1.843180775,1.840881994
7,1843270,1000000,1000000,1000053,1001093,1.843172312,1.841257506
7,1843253,1000000,1000000,1000000,1001042,1.843253000,1.841334330
7,1825101,1000677,1000677,980054,1001927,1.862245346,1.821590795
7,1843395,1000104,1000104,1000104,1001146,1.843203307,1.841284888
7,1843829,1000364,1000364,1000313,1001407,1.843252062,1.841238378
7,1843856,1000365,1000365,1000364,1001354,1.843185081,1.841362795
7,1838828,1000417,1000417,996718,1001458,1.844882906,1.836150892
7,1843378,1000105,1000105,1000104,1001302,1.843186309,1.840981043
7,1843376,1000105,1000105,1000104,1001302,1.843184309,1.840979045
7,1843690,1000261,1000261,1000260,1001302,1.843210765,1.841292637
7,1820875,1000260,1000260,965520,1001718,1.885900862,1.817752102
7,1843080,999948,999948,999896,1001094,1.843271700,1.841065874
7,1843905,1000416,1000416,1000365,1001511,1.843232220,1.841123063
7,1843765,1000312,1000312,1000260,1001406,1.843285746,1.841176306
7,1837300,1000156,1000156,995781,1001302,1.845084411,1.834910946
7,1843188,1000000,1000000,1000000,1001146,1.843188000,1.841078124
7,1843232,1000000,1000000,1000000,1001093,1.843232000,1.841219547
7,1843493,1000156,1000156,1000157,1001250,1.843203617,1.841191511
7,1817386,1000416,1000416,975833,1001771,1.862394488,1.814173099
7,1843647,1000260,1000260,1000209,1001354,1.843261758,1.841154077
7,1844119,1000520,1000520,1000469,1001615,1.843254514,1.841145550
7,1843692,1000261,1000261,1000260,1001406,1.843212765,1.841103409
7,1838313,1000365,1000365,993384,1001510,1.850556280,1.835541333
7,1843225,1000000,1000000,1000000,1001354,1.843225000,1.840732648
7,1844011,1000469,1000469,1000416,1001614,1.843244210,1.841039562
7,1843271,1000052,1000052,1000052,1001198,1.843175155,1.841065404
7,1826551,1000677,1000677,969271,1002292,1.884458526,1.822374119
7,1843505,1000156,1000156,1000104,1001354,1.843313295,1.841012269
7,1844176,1000572,1000572,1000521,1001667,1.843215685,1.841106875
7,1843894,1000365,1000365,1000416,1001823,1.843127259,1.840538698
7,1834923,1000104,1000104,995468,1001302,1.843276730,1.832537037
7,1843490,1000157,1000157,1000156,1001302,1.843202460,1.841092897
7,1843328,1000105,1000105,1000052,1001198,1.843232152,1.841122335
7,1843259,1000052,1000052,1000052,1001146,1.843163156,1.841149043
7,1824135,1000208,1000208,983230,1001719,1.855247501,1.821004693
7,1843959,1000416,1000416,1000365,1001667,1.843286201,1.840890236
7,1843703,1000260,1000260,1000209,1001406,1.843317747,1.841114393
7,1843840,1000312,1000312,1000364,1001511,1.843169086,1.841058161
7,1835232,1000469,1000469,987397,1001979,1.858656650,1.831607249
7,1843984,1000417,1000417,1000365,1001927,1.843311191,1.840437477
7,1844016,1000469,1000469,1000417,1001562,1.843247366,1.841140139
7,1843328,1000052,1000052,1000053,1001198,1.843230309,1.841122335
7,1827375,1000678,1000678,973802,1001875,1.876536503,1.823955084
7,1843292,1000052,1000052,1000052,1001354,1.843196154,1.840799557
7,1843516,1000208,1000208,1000156,1001146,1.843228456,1.841405749
7,1843250,1000000,1000000,1000052,1001042,1.843154156,1.841331333
7,1837023,1000364,1000364,994115,1001511,1.847897879,1.834251446
7,1843829,1000365,1000365,1000312,1001354,1.843253905,1.841335831
7,1843175,1000000,1000000,1000000,1001042,1.843175000,1.841256411
7,1843414,1000104,1000104,1000157,1001355,1.843124629,1.840919554
7,1828668,1000104,1000104,984844,1001354,1.856809809,1.826195332
7,1843213,1000000,1000000,1000000,1000937,1.843213000,1.841487526
7,1843470,1000157,1000157,1000104,1001146,1.843278299,1.841359802
7,1843869,1000365,1000365,1000364,1001250,1.843198076,1.841567041
7,1838282,1000104,1000104,996668,1001198,1.844427633,1.836082373
7,1843491,1000156,1000156,1000157,1001093,1.843201617,1.841478264
7,1843861,1000313,1000313,1000364,1001250,1.843190079,1.841559051
7,1843787,1000365,1000365,1000312,1001250,1.843211918,1.841485144
7,1829620,1000521,1000521,975521,1001875,1.875531126,1.826195883
7,1843799,1000313,1000313,1000312,1001718,1.843223914,1.840636786
7,1843331,1000104,1000104,1000052,1001198,1.843235152,1.841125332
7,1843584,1000261,1000261,1000208,1001354,1.843200614,1.841091163
7,1834547,1000417,1000417,991353,1001875,1.850548695,1.831113662
7,1843399,1000104,1000104,1000052,1001250,1.843303148,1.841097628
7,1844075,1000469,1000469,1000469,1001614,1.843210534,1.841103459
7,1843988,1000417,1000417,1000417,1001563,1.843219378,1.841110345
7,1829078,1000104,1000104,981823,1001562,1.862940673,1.826225436
7,1843985,1000416,1000416,1000417,1001615,1.843216379,1.841011766
7,1843633,1000260,1000260,1000209,1001354,1.843247761,1.841140096
7,1843425,1000104,1000104,1000157,1001250,1.843135628,1.841123596
7,1837356,1000573,1000573,996407,1001771,1.843981425,1.834107795
7,1843948,1000416,1000416,1000417,1001511,1.843179394,1.841165998
7,1843423,1000156,1000156,1000104,1001198,1.843231304,1.841217222
7,1843924,1000364,1000364,1000625,1001823,1.842772267,1.840568643
7,1817938,1000521,1000521,951980,1001771,1.909638858,1.814724124
7,1843256,1000052,1000052,1000000,1001250,1.843256000,1.840954806
7,1837108,1000625,1000625,1000885,1002239,1.835483597,1.833003904
7,1837597,999948,999948,999947,1001094,1.837694398,1.835588866
7,1836300,1000312,1000312,990105,1001719,1.854651779,1.833148817
7,1843847,1000365,1000365,1000312,1001510,1.843271899,1.841066989
7,1843804,1000312,1000312,1000313,1001511,1.843227070,1.841022215
7,1843665,1000260,1000260,1000261,1001355,1.843183929,1.841170214
7,1828050,1000573,1000573,981198,1001719,1.863079623,1.824912975
7,1843372,1000104,1000104,1000156,1001146,1.843084479,1.841261914
7,1843663,1000261,1000261,1000260,1001146,1.843183772,1.841552581
7,1844352,1000625,1000625,1000781,1001771,1.842912685,1.841091427
7,1838922,1000156,1000156,995312,1001198,1.847583471,1.836721608
7,1844540,1000625,1000625,1000781,1001771,1.843100538,1.841279095
7,1844130,1000521,1000521,1000573,1001667,1.843073919,1.841060951
7,1843983,1000417,1000417,1000416,1001354,1.843216222,1.841489623
7,1924255,1000104,1000104,953437,1001198,2.018229836,1.921952501
7,2092957,1000417,1000417,1000417,1001302,2.092084601,2.090235513
7,2093773,1000469,1000469,1000469,1001406,2.092791481,2.090833288
7,2093751,1000469,1000469,1000468,1001354,2.092771583,2.090919894
7,2087883,1000208,1000208,997291,1001406,2.093554439,2.084951558
7,2091855,1000208,1000208,1000156,1001146,2.091528722,2.089460478
7,2093922,1000521,1000521,1000729,1001719,2.092396643,2.090328725
7,2093412,1000312,1000312,1000313,1001145,2.092756967,2.091017785
7,2082544,1000573,1000573,986978,1001562,2.110020689,2.079296139
7,2093149,1000156,1000156,1000156,1000989,2.092822520,2.091080921
7,2092864,1000052,1000052,1000000,1000937,2.092864000,2.090904822
7,2093034,1000157,1000157,1000052,1000990,2.092925168,2.090963946
7,2088840,1000208,1000208,997656,1001094,2.093747745,2.086557306
7,1926933,1000261,1000261,1000312,1001094,1.926331984,1.924827239
7,1842799,1000521,1000521,1000521,1001354,1.841839402,1.840307224
7,1843399,1000469,1000469,1000469,1001302,1.842534851,1.841002015
7,1806062,1000469,1000469,958386,1001511,1.884482870,1.803337158
7,1838507,1000313,1000313,1000364,1001458,1.837838027,1.835830359
7,1835238,1000209,1000209,1000208,1001146,1.834856350,1.833137225
7,1843611,1000208,1000208,1000208,1001198,1.843227609,1.841404997
7,1831409,1000104,1000104,995626,1001250,1.839454775,1.829122597
7,1837187,1000313,1000313,1000312,1001198,1.836613976,1.834988684
7,1835395,1000365,1000365,1000417,1001302,1.834629959,1.833008423
7,1837152,1000052,1000052,1000052,1000990,1.837056473,1.835335018
7,1823469,1000156,1000156,988019,1001198,1.845580905,1.821287098
7,1835998,1000000,1000000,999896,1001093,1.836188964,1.833993445
7,1835763,1000260,1000260,1000261,1001250,1.835283991,1.833471161
7,1835462,1000052,1000052,1000104,1001042,1.835271132,1.833551439
7,1827418,1000365,1000365,989113,1001614,1.847532082,1.824473300
7,1838373,1000365,1000365,1000312,1001302,1.837799607,1.835982551
7,1837256,1000052,1000052,1000052,1000989,1.837160468,1.835440749
7,1839457,1000573,1000573,1000625,1001771,1.838308057,1.836205081
7,1826317,1000625,1000625,969792,1001875,1.883204852,1.822899064
7,1834920,1000052,1000052,1000052,1001198,1.834824589,1.832724396
7,1843552,1000208,1000208,1000208,1001197,1.843168621,1.841347907
7,1844068,1000469,1000469,1000521,1001407,1.843107741,1.841477042
7,1838998,1000313,1000313,997343,1001511,1.843897235,1.836223466
7,1843794,1000313,1000313,1000312,1001302,1.843218916,1.841396502
7,1844230,1000573,1000573,1000625,1001667,1.843078076,1.841160785
7,1843989,1000417,1000417,1000573,1001667,1.842932999,1.840920186
7,1817213,1000157,1000157,984791,1001250,1.845277831,1.814944320
7,1844383,1000678,1000678,1000729,1001719,1.843039424,1.841217946
7,1843566,1000208,1000208,1000156,1001146,1.843278449,1.841455692
7,1842422,1000312,1000312,1000365,1001303,1.841749761,1.840024448
7,1839244,1000052,1000052,995573,1001146,1.847422540,1.837138639
7,1843476,1000156,1000156,1000208,1001094,1.843092637,1.841461441
7,1843391,1000104,1000104,1000156,1000989,1.843103476,1.841569688
7,1843605,1000208,1000208,1000365,1001354,1.842932330,1.841112134
7,1970724,1000625,1000625,966354,1001875,2.039339621,1.967035808
7,2091848,1000156,1000156,1000209,1001198,2.091410895,2.089344965
7,2093809,1000469,1000469,1000469,1001406,2.092827464,2.090869238
7,2093026,1000105,1000105,1000104,1000989,2.092808348,2.090958042
7,2087237,1000104,1000104,997136,1001094,2.093232016,2.084956058
7,2093566,1000365,1000365,1000365,1001145,2.092802127,2.091171609
7,2093356,1000260,1000260,1000260,1001042,2.092811869,2.091176994
7,2093245,1000208,1000208,1000209,1001042,2.092807603,2.091066109
7,1953247,1000261,1000261,988281,1001250,1.976408532,1.950808489
7,1840801,1000105,1000105,1000104,1000937,1.840609577,1.839077784
7,1844061,1000468,1000468,1000417,1001302,1.843292347,1.841663155
7,1844220,1000520,1000520,1000573,1001354,1.843163867,1.841726303
7,1837187,1000469,1000469,998177,1001406,1.840542309,1.834607542
7,1844059,1000469,1000469,1000417,1001355,1.843290348,1.841563681
7,1843118,999948,999948,999948,1000834,1.843213847,1.841582121
7,1842567,1000469,1000469,1000416,1001354,1.841800811,1.840075538
7,1828618,1000729,1000729,966457,1001875,1.892084180,1.825195758
7,1844162,1000573,1000573,1000573,1001614,1.843105900,1.841190319
7,1844215,1000573,1000573,1000521,1001510,1.843254664,1.841434434
7,1843427,1000260,1000260,1000261,1001198,1.842945991,1.841221217
7,1838371,1000625,1000625,995208,1001770,1.847222892,1.835122833
7,1844094,1000468,1000468,1000521,1001458,1.843133727,1.841409225
7,1843713,1000312,1000312,1000417,1001459,1.842944492,1.841026942
7,1835560,999740,999740,999791,1001511,1.835943712,1.832790653
7,1827433,1000573,1000573,984999,1001771,1.855263812,1.824202338
7,1843912,1000417,1000417,1000416,1001354,1.843145252,1.841418719
7,1844139,1000521,1000521,1000469,1001458,1.843274504,1.841454160
7,1843227,1000000,1000000,1000052,1000885,1.843131157,1.841597186
7,1839207,1000208,1000208,997345,1001198,1.844103094,1.837006266
7,1843600,1000208,1000208,1000261,1001094,1.843118946,1.841585306
7,1843996,1000417,1000417,1000469,1001406,1.843131571,1.841406982
7,1843727,1000313,1000313,1000417,1001354,1.842958486,1.841233969
7,1989736,1000573,1000573,971510,1001562,2.048085969,1.986632879
7,2092767,1000000,1000000,999948,1000937,2.092875830,2.090807913
7,2092692,1000261,1000261,1000260,1001094,2.092148042,2.090405097
7,2092990,1000104,1000104,1000052,1000886,2.092881170,2.091137252
7,2087572,1000521,1000521,998125,1001459,2.091493550,2.084530670
7,2093651,1000365,1000365,1000364,1001197,2.092889188,2.091147896
7,2092791,1000000,1000000,1000000,1000781,2.092791000,2.091157806
7,2092906,1000052,1000052,1000052,1000833,2.092797175,2.091164060
7,1830764,1000573,1000573,981041,1001563,1.866144228,1.827906981
7,1843650,1000261,1000261,1000260,1001198,1.843170776,1.841443950
7,1840703,1000052,1000052,1000000,1000937,1.840703000,1.838979876
7,1842296,1000261,1000261,1000208,1001146,1.841912882,1.840187146
7,1840160,1000573,1000573,997865,1001510,1.844097147,1.837385548
7,1844163,1000573,1000573,1000521,1001406,1.843202691,1.841573747
7,1843959,1000416,1000416,1000417,1001250,1.843190390,1.841656929
7,1844092,1000468,1000468,1000521,1001302,1.843131728,1.841694114
7,1811148,994532,994532,960677,1001875,1.885282983,1.807758453
7,1843531,1000208,1000208,1000156,1001667,1.843243454,1.840462948
7,1843818,1000313,1000313,1000313,1001458,1.843241066,1.841133627
7,1843342,1000052,1000052,1000053,1001146,1.843244308,1.841231948
7,1835024,1000104,1000104,990938,1001406,1.851805057,1.832447579
7,1843305,1000052,1000052,1000052,1001146,1.843209153,1.841194991
7,1843511,1000208,1000208,1000156,1001250,1.843223457,1.841209488
7,1843867,1000312,1000312,1000313,1001458,1.843290050,1.841182556
7,1826995,1000208,1000208,979688,1001771,1.864874327,1.823765112
7,1843660,1000260,1000260,1000260,1001510,1.843180773,1.840880271
7,1843808,1000364,1000364,1000313,1001458,1.843231069,1.841123642
7,1843249,1000052,1000052,1000053,1001146,1.843151313,1.841139055
7,1835721,1000260,1000260,988490,1001770,1.857096177,1.832477515
7,1843630,1000208,1000208,1000209,1001666,1.843244762,1.840563621
7,1844175,1000521,1000521,1000521,1001615,1.843214685,1.841201460
7,1843172,1000000,1000000,999948,1001093,1.843267850,1.841159613
7,1825367,1000521,1000521,964220,1002032,1.893102197,1.821665376
7,1843746,1000312,1000312,1000313,1001510,1.843169088,1.840966141
7,1843226,1000053,1000053,1000000,1001146,1.843226000,1.841116081
7,1842943,1000105,1000105,1000156,1001302,1.842655546,1.840546608
7,1837482,1000209,1000209,993124,1001511,1.850204003,1.834709754
7,1843704,1000260,1000260,1000260,1001510,1.843224762,1.840924204
7,1843745,1000313,1000313,1000260,1001563,1.843265751,1.840867724
7,1843608,1000208,1000208,1000209,1001302,1.843222766,1.841210744
7,1826552,1000312,1000312,983749,1001823,1.856725649,1.823228255
7,1843629,1000260,1000260,1000209,1001354,1.843243762,1.841136102
7,1843337,1000104,1000104,1000104,1001511,1.843145313,1.840555920
7,1844099,1000521,1000521,1000469,1001614,1.843234523,1.841127420
7,1837214,1000469,1000469,995885,1001719,1.844805374,1.834061249
7,1843300,1000052,1000052,1000052,1001198,1.843204153,1.841094369
7,1843251,1000052,1000052,1000052,1001146,1.843155156,1.841141052
7,1843960,1000416,1000416,1000417,1001563,1.843191389,1.841082388
7,1826889,1000312,1000312,971563,1001875,1.880360821,1.823469994
7,1843338,1000104,1000104,1000053,1001250,1.843240308,1.841036704
7,1843271,1000052,1000052,1000000,1001146,1.843271000,1.841161029
7,1843598,1000208,1000208,1000260,1001406,1.843118789,1.841009541
7,1836923,1000313,1000313,989895,1001667,1.855674592,1.833865945
7,1844147,1000521,1000521,1000521,1001927,1.843186700,1.840600163
7,1843575,1000157,1000157,1000104,1001250,1.843383288,1.841273408
7,1852694,1009843,1009843,997656,1011042,1.857046918,1.832459977
7,1836345,1000104,1000104,992031,1001615,1.851096387,1.833384085
7,1843827,1000365,1000365,1000312,1001458,1.843251905,1.841142614
7,1843696,1000261,1000261,1000260,1001407,1.843216764,1.841105564
7,1838519,1000260,1000260,995626,1001563,1.846596011,1.835649879
7,1843220,1000000,1000000,999947,1001146,1.843317696,1.841110088
7,1843975,1000417,1000417,1000416,1001562,1.843208225,1.841099203
7,1843147,999947,999947,1000000,1001146,1.843147000,1.841037171
7,1835107,1000156,1000156,977969,1001354,1.876447004,1.832625625
7,1836460,1000208,1000208,991303,1001667,1.852571817,1.833403716
7,1844034,1000469,1000469,1000417,1001563,1.843265358,1.841156273
7,1843209,1000000,1000000,1000000,1001146,1.843209000,1.841099100
7,1837054,1000416,1000416,987552,1001562,1.860209893,1.834188997
7,1843461,1000105,1000105,1000104,1001563,1.843269300,1.840584167
7,1843282,1000052,1000052,1000000,1001198,1.843282000,1.841076390
7,1844037,1000469,1000469,1000417,1001511,1.843268357,1.841254864
7,1835001,1000625,1000625,991771,1001667,1.850226514,1.831947144
7,1828828,1000469,1000469,986093,1001511,1.854620203,1.826068810
7,1843693,1000260,1000260,1000261,1001250,1.843211922,1.841391261
7,1843249,1000052,1000052,1000000,1001041,1.843249000,1.841332173
7,1838263,1000260,1000260,997135,1001354,1.843544756,1.835777357
7,1843915,1000417,1000417,1000364,1001615,1.843244059,1.840941879
7,1843428,1000104,1000104,1000104,1001145,1.843236303,1.841319689
7,1843781,1000313,1000313,1000312,1001354,1.843205920,1.841287896
7,1836099,1000521,1000521,979687,1001771,1.874168995,1.832853017
7,1833128,1000156,1000156,991927,1001510,1.848047286,1.830364150
7,1843629,1000209,1000209,1000260,1001354,1.843149781,1.841136102
7,1843669,1000261,1000261,1000208,1001302,1.843285597,1.841271664
7,1838543,1000260,1000260,997032,1001303,1.844016040,1.836150496
7,1843492,1000156,1000156,1000157,1001406,1.843202617,1.840903689
7,1844092,1000521,1000521,1000469,1001615,1.843227526,1.841118593
7,1843811,1000312,1000312,1000313,1001458,1.843234068,1.841126637
7,1846826,1010312,1010312,994531,1011458,1.856981834,1.825904783
7,1844145,1000469,1000469,1000521,1001875,1.843184701,1.840693699
7,1843553,1000209,1000209,1000208,1001302,1.843169621,1.841155815
7,1843829,1000365,1000365,1000365,1001407,1.843156248,1.841238378
7,1835410,1000364,1000364,988594,1001563,1.856586222,1.832545731
7,1843176,1000000,1000000,1000000,1001302,1.843176000,1.840779305
7,1843431,1000105,1000105,1000104,1001302,1.843239303,1.841033974
7,1843794,1000313,1000313,1000312,1001667,1.843218916,1.840725511
7,1829790,1000260,1000260,969688,1001406,1.886988392,1.827220927
7,1844026,1000417,1000417,1000417,1001666,1.843257362,1.840958962
7,1844093,1000521,1000521,1000469,1001510,1.843228526,1.841312618
7,1843836,1000365,1000365,1000312,1001354,1.843260903,1.841342822
7,1838356,1000521,1000521,997239,1001562,1.843445754,1.835488966
7,1843691,1000260,1000260,1000261,1001303,1.843209922,1.841291797
7,1843249,1000053,1000053,1000000,1000990,1.843249000,1.841425988
7,1843313,1000052,1000052,1000053,1000989,1.843215310,1.841491765
7,1829549,1000157,1000157,984688,1001354,1.857998676,1.827075140
7,1843280,1000052,1000052,1000052,1001250,1.843184154,1.840978777
7,1843584,1000208,1000208,1000209,1001302,1.843198771,1.841186775
7,1844058,1000468,1000468,1000469,1001459,1.843193542,1.841371439
7,1836328,1000208,1000208,991094,1001562,1.852829298,1.833464129
7,1843784,1000313,1000313,1000312,1001354,1.843208919,1.841290892
7,1843422,1000105,1000105,1000156,1001198,1.843134471,1.841216223
7,1843813,1000313,1000313,1000364,1001354,1.843142096,1.841319853
7,1776601,1000573,1000573,932864,1002031,1.904458742,1.773000037
7,1843851,1000365,1000365,1000312,1001458,1.843275898,1.841166579
7,1843154,999948,999948,999947,1001041,1.843251692,1.841237272
7,1844148,1000521,1000521,1000521,1001719,1.843187699,1.840983350
7,1838900,1000469,1000469,996405,1001510,1.845534697,1.836127448
7,1843429,1000156,1000156,1000104,1001198,1.843237303,1.841223215
7,1843315,1000052,1000052,1000052,1001094,1.843219153,1.841300617
7,1843496,1000156,1000156,1000157,1001198,1.843206617,1.841290134
7,1828790,1000260,1000260,980678,1001563,1.864822092,1.825936062
7,1843221,999948,999948,999948,1001094,1.843316852,1.841206720
7,1843947,1000416,1000416,1000365,1001302,1.843274205,1.841549303
7,1843543,1000156,1000156,1000208,1001146,1.843159623,1.841432718
7,1837056,1000521,1000521,997292,1001458,1.842044256,1.834381472
7,1844188,1000520,1000520,1000469,1001510,1.843323481,1.841407475
7,1843552,1000208,1000208,1000157,1001094,1.843262608,1.841537358
7,1844031,1000469,1000469,1000417,1001355,1.843262360,1.841535719
7,1826522,1000469,1000469,972759,1001667,1.877671654,1.823482255
7,1843487,1000156,1000156,1000156,1001302,1.843199461,1.841089901
7,1843696,1000260,1000260,1000260,1001354,1.843216764,1.841203011
7,1843354,1000052,1000052,1000104,1001250,1.843162311,1.841052684
7,1835830,1000521,1000521,990625,1002031,1.853203785,1.832108987
7,1843767,1000312,1000312,1000313,1001771,1.843190082,1.840507461
7,1843339,1000104,1000104,1000052,1001198,1.843243151,1.841133322
7,1844077,1000469,1000469,1000468,1001562,1.843214376,1.841201044
7,1816506,1000209,1000209,972291,1001406,1.868274004,1.813955578
7,1843654,1000260,1000260,1000208,1001614,1.843270600,1.840683137
7,1843747,1000260,1000260,1000261,1001354,1.843265908,1.841253942
7,1844240,1000520,1000520,1000521,1001615,1.843279651,1.841266355
7,1837841,1000521,1000521,996146,1001666,1.844951443,1.834784249
7,1844171,1000521,1000521,1000520,1001614,1.843212529,1.841199304
7,1844070,1000468,1000468,1000469,1001563,1.843205537,1.841192217
7,1843988,1000417,1000417,1000416,1001510,1.843221220,1.841207776
7,1824768,1000573,1000573,969272,1002031,1.882617057,1.821069408
7,1843380,1000105,1000105,1000104,1001302,1.843188308,1.840983040
7,1843916,1000365,1000365,1000364,1001823,1.843245059,1.840560658
7,1843590,1000208,1000208,1000208,1001354,1.843206613,1.841097154
7,1834956,1000521,1000521,990417,1001771,1.852710525,1.831712038
7,1843323,1000052,1000052,1000000,1001146,1.843323000,1.841212970
7,1832099,1000312,1000312,1000520,1001822,1.831146804,1.828766987
7,1843375,1000104,1000104,1000209,1001511,1.842989815,1.840593863
7,1807183,1000573,1000573,970208,1001718,1.862675839,1.804083584
7,1843504,1000261,1000261,1000260,1001458,1.843024814,1.840820084
7,1844081,1000573,1000573,1000833,1002135,1.842546159,1.840152275
7,1844209,1000521,1000521,1000625,1001875,1.843057089,1.840757580
7,1838628,1000521,1000521,994635,1001771,1.848545446,1.835377546
7,1843457,1000208,1000208,1000261,1001354,1.842975983,1.840964334
7,1843514,1000312,1000312,1000313,1001563,1.842937161,1.840637084
7,1843499,1000156,1000156,1000156,1001510,1.843211459,1.840719514
7,1807151,1000261,1000261,938646,1001510,1.925274278,1.804426316
7,1843539,1000312,1000312,1000313,1001615,1.842962153,1.840566485
7,1843764,1000313,1000313,1000312,1001302,1.843188925,1.841366541
7,1843020,1000104,1000104,1000468,1001458,1.842157870,1.840336789
7,1836936,1000052,1000052,991980,1001615,1.851787334,1.833974132
7,1843225,1000104,1000104,1000105,1001041,1.843031482,1.841308198
7,1843462,1000209,1000209,1000260,1001094,1.842982824,1.841447456
7,1844338,1000677,1000677,1000834,1001823,1.842801104,1.840981890
7,1833257,1000625,1000625,986719,1001666,1.857932198,1.830207874
7,1842513,999844,999844,999792,1001094,1.842896322,1.840499494
7,1843930,1000364,1000364,1000365,1001303,1.843257211,1.841530486
7,1843752,1000312,1000312,1000417,1001459,1.842983476,1.841065885
7,1838144,1000469,1000469,997292,1001562,1.843135210,1.835277297
7,1843757,1000521,1000521,1000521,1001510,1.842796903,1.840977125
7,1843704,1000364,1000364,1000365,1001354,1.843031294,1.841211000
7,1843564,1000208,1000208,1000157,1001355,1.843274606,1.841069351
7,1813646,1000573,1000573,957605,1002032,1.893939568,1.809968145
7,1842907,1000052,1000052,1000000,1001562,1.842907000,1.840032869
7,1843311,1000156,1000156,1000157,1001511,1.843021646,1.840529959
7,1843793,1000365,1000365,1000312,1001510,1.843217916,1.841013070
7,1837858,1000104,1000104,994218,1001302,1.848546295,1.835468220
7,1843294,1000052,1000052,1000052,1001198,1.843198154,1.841088376
7,1843740,1000364,1000364,1000365,1001667,1.843067280,1.840671600
7,1843649,1000261,1000261,1000260,1001302,1.843169776,1.841251690
7,1828362,1000313,1000313,978438,1001458,1.868653916,1.825700129
7,1842936,1000208,1000208,1000156,1001250,1.842648547,1.840635206
7,1843739,1000261,1000261,1000312,1001614,1.843163933,1.840768000
7,1841813,1000104,1000104,1000105,1001250,1.841619630,1.839513608
7,1837252,1000208,1000208,987813,1001615,1.859918831,1.834289622
7,1844097,1000468,1000468,1000469,1001823,1.843232524,1.840741329
7,1843377,1000417,1000417,1000417,1001458,1.842608632,1.840693269
7,1843518,1000156,1000156,1000156,1001250,1.843230456,1.841216479
7,1822465,1000677,1000677,963021,1001823,1.892445751,1.819148692
7,1843418,1000104,1000104,1000104,1001197,1.843226304,1.841214067
7,1843729,1000261,1000261,1000312,1001302,1.843153936,1.841331586
7,1843176,1000104,1000104,1000052,1001198,1.843080160,1.840970517
7,1837341,1000000,1000000,994322,1001250,1.847832996,1.835047191
7,1843872,1000364,1000364,1000365,1001355,1.843199232,1.841376934
7,1843837,1000364,1000364,1000365,1001354,1.843164245,1.841343820
7,1843944,1000520,1000520,1000469,1001667,1.843079596,1.840875261
7,1825719,1000052,1000052,976093,1001250,1.870435502,1.823439700
7,1843970,1000417,1000417,1000469,1001354,1.843105583,1.841476641
7,1843647,1000208,1000208,1000260,1001146,1.843167776,1.841536599
7,1843959,1000416,1000416,1000469,1001407,1.843094589,1.841368195
7,1838062,1000208,1000208,997188,1001250,1.843245206,1.835767291
7,1831164,1000521,1000521,1000625,1001510,1.830020237,1.828403111
7,1843930,1000417,1000417,1000468,1001406,1.843067444,1.841341074
7,1842891,1000521,1000521,1000521,1001510,1.841931354,1.840112430
7,1828664,1000520,1000520,967135,1001823,1.890805317,1.825336412
7,1843428,1000105,1000105,1000104,1001198,1.843236303,1.841222216
7,1844249,1000573,1000573,1000573,1001510,1.843192850,1.841468383
7,1843929,1000416,1000416,1000469,1001459,1.843064603,1.841242627
7,1838688,1000416,1000416,997552,1001667,1.843200154,1.835628008
7,1844257,1000573,1000573,1000625,1001719,1.843105059,1.841092163
7,1843771,1000312,1000312,1000469,1001563,1.842906677,1.840893683
7,1843730,1000261,1000261,1000312,1001302,1.843154936,1.841332585
7,1812476,1000313,1000313,964219,1001406,1.879734791,1.809931237
7,1843457,1000157,1000157,1000156,1001042,1.843169466,1.841538117
7,1843450,1000156,1000156,1000104,1001041,1.843258301,1.841532964
7,1844305,1000573,1000573,1000625,1001563,1.843153029,1.841426850
7,1840062,1000573,1000573,997501,1001615,1.844671835,1.837095091
7,1844050,1000417,1000417,1000677,1001614,1.842802423,1.841078499
7,1844179,1000573,1000573,1000625,1001667,1.843027108,1.841109870
7,1843308,1000052,1000052,1000052,1000989,1.843212153,1.841486770
7,1881159,1000208,1000208,951928,1001198,1.976156810,1.878908068
7,2091314,1000260,1000260,1000260,1001197,2.090770400,2.088813690
7,2093702,1000417,1000417,1000417,1001406,2.092829290,2.090762388
7,2093088,1000104,1000104,1000105,1001093,2.092868249,2.090802753
7,2086729,1000469,1000469,994428,1001667,2.098421404,2.083256212
7,2093113,1000104,1000104,1000157,1001198,2.092784433,2.090608451
7,2093100,1000157,1000157,1000156,1000938,2.092773527,2.091138512
7,2093371,1000261,1000261,1000312,1001302,2.092718072,2.090648975
7,2080805,1000521,1000521,986510,1001510,2.109258903,2.077667722
7,2092277,1000104,1000104,1000052,1001042,2.092168207,2.090099117
7,2093564,1000365,1000365,1000469,1001198,2.092582579,2.091058911
7,2093668,1000417,1000417,1000416,1001302,2.092797396,2.090945589
7,2088054,1000312,1000312,994219,1001302,2.100195229,2.085338889
7,1969232,1000260,1000260,1000313,1001146,1.968615823,1.966977843
7,1840837,1000156,1000156,1000156,1000990,1.840549874,1.839016374
7,1843531,1000156,1000156,1000209,1001094,1.843145783,1.841516381
7,1829185,1000677,1000677,973698,1001771,1.878595827,1.825951240
7,1843538,1000209,1000209,1000156,1001354,1.843250453,1.841045225
7,1843892,1000365,1000365,1000364,1001719,1.843221068,1.840727789
7,1841740,1000052,1000052,1000052,1001198,1.841644234,1.839536236
7,1836566,1000417,1000417,994322,1001823,1.847053570,1.833224033
7,1844037,1000417,1000417,1000417,1001562,1.843268357,1.841161106
7,1843567,1000208,1000208,1000209,1001302,1.843181775,1.841169797
7,1843692,1000260,1000260,1000260,1001406,1.843212765,1.841103409
7,1828164,1000365,1000365,978593,1001667,1.868155607,1.825121522
7,1843733,1000312,1000312,1000261,1001615,1.843251911,1.840760172
7,1843372,1000104,1000104,1000104,1001145,1.843180309,1.841263753
7,1843638,1000260,1000260,1000208,1001302,1.843254603,1.841240705
7,1836575,1000156,1000156,996510,1001511,1.843007095,1.833804122
7,1843666,1000260,1000260,1000209,1001354,1.843280754,1.841173052
7,1843888,1000364,1000364,1000365,1001458,1.843215226,1.841203525
7,1844049,1000417,1000417,1000468,1001563,1.843186389,1.841171249
7,1825703,1000469,1000469,963804,1001718,1.894267922,1.822571822
7,1843633,1000260,1000260,1000209,1001458,1.843247761,1.840948897
7,1843555,1000208,1000208,1000156,1001198,1.843267450,1.841349064
7,1843347,1000104,1000104,1000052,1001094,1.843251151,1.841332582
7,1838079,1000209,1000209,994531,1001354,1.848186733,1.835593606
7,1843460,1000157,1000157,1000156,1001146,1.843172465,1.841349813
7,1844178,1000521,1000521,1000625,1001822,1.843026109,1.840824019
7,1844323,1000573,1000573,1000573,1001615,1.843266808,1.841349221
7,1829720,1000365,1000365,983646,1001614,1.860140742,1.826771591
7,1843723,1000261,1000261,1000260,1001250,1.843243757,1.841421223
7,1843755,1000312,1000312,1000313,1001250,1.843178085,1.841453184
7,1843215,1000000,1000000,999948,1000938,1.843310852,1.841487685
7,1837269,1000312,1000312,993228,1001302,1.849795817,1.834879986
7,1843599,1000209,1000209,1000208,1001094,1.843215611,1.841584307
7,1843182,1000000,1000000,1000000,1000938,1.843182000,1.841454715
7,1843724,1000313,1000313,1000260,1001145,1.843244756,1.841615350
7,1821372,1000573,1000573,961041,1001667,1.895207384,1.818340826
7,1843567,1000208,1000208,1000209,1001250,1.843181775,1.841265418
7,1843814,1000312,1000312,1000313,1001250,1.843237067,1.841512110
7,1843368,1000104,1000104,1000104,1000990,1.843176310,1.841544871
7,1837932,1000521,1000521,997551,1001511,1.842444146,1.835159075
7,1843188,1000000,1000000,999948,1000833,1.843283851,1.841653902
7,1843472,1000156,1000156,1000104,1001042,1.843280299,1.841553102
7,1844088,1000469,1000469,1000468,1001354,1.843225371,1.841594481
7,1826896,1000781,1000781,978541,1001980,1.866959075,1.823285894
7,1844163,1000520,1000520,1000521,1001510,1.843202691,1.841382512
7,1843408,1000104,1000104,1000104,1001354,1.843216306,1.840915401
7,1843691,1000260,1000260,1000261,1001302,1.843209922,1.841293636
7,1834808,1000365,1000365,987762,1001771,1.857540582,1.831564300
7,1843821,1000312,1000312,1000313,1001406,1.843244065,1.841232227
7,1843915,1000364,1000364,1000417,1001406,1.843146408,1.841326096
7,1843875,1000364,1000364,1000365,1001406,1.843202231,1.841286152
7,1790636,1000417,1000417,934271,1001875,1.916613060,1.787284841
7,1843598,1000208,1000208,1000208,1001354,1.843214611,1.841105144
7,1843550,1000208,1000208,1000209,1001302,1.843164779,1.841152819
7,1844023,1000468,1000468,1000417,1001562,1.843254363,1.841147128
7,1837604,1000104,1000104,992709,1001302,1.851100373,1.835214551
7,1843440,1000105,1000105,1000104,1001510,1.843248302,1.840660602
7,1843174,1000000,1000000,1000000,1001094,1.843174000,1.841159771
7,1843878,1000365,1000365,1000365,1001510,1.843205230,1.841097942
7,1825285,1000312,1000312,981615,1001875,1.859471381,1.821868996
7,1843633,1000209,1000209,1000208,1001459,1.843249604,1.840947058
7,1843276,1000052,1000052,1000052,1001198,1.843180155,1.841070398
7,1843331,1000104,1000104,1000052,1001198,1.843235152,1.841125332
7,1836922,1000052,1000052,995104,1001250,1.845959819,1.834628714
7,1843802,1000313,1000313,1000312,1001458,1.843226913,1.841117650
7,1843573,1000209,1000209,1000208,1001354,1.843189617,1.841080177
7,1843239,1000052,1000052,1000052,1001459,1.843143157,1.840553632
7,1822846,1000417,1000417,969010,1002032,1.881142609,1.819149488
7,1843302,1000052,1000052,1000052,1001250,1.843206153,1.841000749
7,1843461,1000156,1000156,1000104,1001302,1.843269300,1.841063935
7,1844079,1000469,1000469,1000469,1001615,1.843214532,1.841105614
7,1837112,1000416,1000416,987449,1001875,1.860462667,1.833673862
7,1843147,1000000,1000000,999948,1001146,1.843242849,1.841037171
7,1843322,1000052,1000052,1000000,1001250,1.843322000,1.841020724
7,1843249,1000000,1000000,1000000,1001198,1.843249000,1.841043430
7,1827267,1000260,1000260,981302,1001770,1.862084251,1.824038452
7,1843499,1000156,1000156,1000156,1001510,1.843211459,1.840719514
7,1843558,1000209,1000209,1000208,1001302,1.843174620,1.841160809
7,1843500,1000156,1000156,1000156,1001198,1.843212459,1.841294130
7,1838286,1000417,1000417,997396,1001562,1.843085394,1.835419075
7,1843881,1000365,1000365,1000364,1001355,1.843210072,1.841385922
7,1843466,1000104,1000104,1000156,1001146,1.843178464,1.841355806
7,1843276,1000052,1000052,1000053,1001094,1.843178312,1.841261660
7,1822733,1001354,1001354,966875,1003230,1.885179573,1.816864528
7,1843744,1000261,1000261,1000260,1001354,1.843264751,1.841250946
7,1843530,1000209,1000209,1000156,1001146,1.843242454,1.841419733
7,1843986,1000417,1000417,1000416,1001563,1.843219221,1.841108348
7,1835987,1000469,1000469,992657,1001666,1.849568381,1.832933333
7,1843701,1000313,1000313,1000312,1001197,1.843125945,1.841496728
7,1843596,1000208,1000208,1000208,1001354,1.843212612,1.841103146
7,1843734,1000313,1000313,1000260,1001250,1.843254754,1.841432210
7,1829104,1000156,1000156,983543,1001302,1.859709235,1.826725603
7,1844050,1000469,1000469,1000468,1001354,1.843187388,1.841556532
7,1843619,1000260,1000260,1000208,1001146,1.843235607,1.841508631
7,1843320,1000052,1000052,1000052,1000937,1.843224152,1.841594426
7,1839836,1000260,1000260,997291,1001302,1.844833654,1.837443648
7,1843726,1000261,1000261,1000312,1001198,1.843150937,1.841519859
7,1843218,1000000,1000000,1000052,1000938,1.843122158,1.841490682
7,1843846,1000365,1000365,1000312,1001250,1.843270899,1.841544070
7,1828204,1000416,1000416,977448,1001771,1.870384921,1.824971975
7,1841430,1000364,1000364,1000365,1001510,1.840758123,1.838653633
7,1840418,1000520,1000520,1000521,1001667,1.839459642,1.837355129
7,1841657,1000365,1000365,1000416,1001563,1.840891189,1.838782982
7,1835635,1000313,1000313,995574,1001563,1.843795640,1.832770380
7,1840520,1000104,1000104,1000104,1001198,1.840328606,1.838317695
7,1839975,1000365,1000365,1000312,1001406,1.839401107,1.837391627
7,1838754,1000104,1000104,1000104,1001250,1.838562789,1.836458427
7,1823992,1000208,1000208,983958,1001510,1.853729529,1.821241925
7,1843015,1000000,1000000,1000000,1001302,1.843015000,1.840618515
7,1841987,1000521,1000521,1000520,1001979,1.841029665,1.838348908
7,1839741,1000469,1000469,1000468,1001563,1.838880404,1.836869972
7,1831156,1000625,1000625,990781,1001822,1.848194505,1.827825702
7,1839764,1000312,1000312,1000261,1001718,1.839283947,1.836608706
7,1839901,1000157,1000157,1000156,1001250,1.839614020,1.837603995
7,1840868,1000469,1000469,1000417,1001563,1.840100678,1.837995213
7,1822304,1000364,1000364,969011,1001927,1.880581335,1.818799174
7,1841739,1000104,1000104,1000105,1001302,1.841545638,1.839344174
7,1842028,1000157,1000157,1000208,1001354,1.841644938,1.839537267
7,1841794,1000521,1000521,1000469,1001771,1.840930604,1.838537949
7,1834305,1000313,1000313,996614,1001510,1.840537058,1.831539376
7,1841708,1000468,1000468,1000417,1001875,1.840940328,1.838261260
7,1843389,1000105,1000105,1000104,1001198,1.843197307,1.841183262
7,1839958,1000208,1000208,1000156,1001563,1.839671011,1.837086634
7,1788937,1000260,1000260,951874,1001719,1.879384246,1.785867094
7,1840147,1000208,1000208,1000157,1001302,1.839858142,1.837754244
7,1837021,1000000,1000000,1000000,1001198,1.837021000,1.834822882
7,1838646,1000417,1000417,1000416,1001510,1.837881441,1.835873831
7,1830979,1000573,1000573,989166,1002084,1.851033093,1.827171175
7,1841598,1000260,1000260,1000261,1001407,1.841117468,1.839010512
7,1840374,999948,999948,999948,1001093,1.840469704,1.838364667
7,1839529,1000000,1000000,999948,1001407,1.839624660,1.836944419
7,1814120,1000573,1000573,955989,1002083,1.897636897,1.810349043
7,1841935,1000365,1000365,1000312,1001510,1.841360496,1.839157872
7,1840388,1000104,1000104,1000104,1001198,1.840196620,1.838185853
7,1843655,1000260,1000260,1000209,1001407,1.843269757,1.841064622
7,1831925,1000104,1000104,994947,1001406,1.841228729,1.829352930
7,1841814,1000521,1000521,1000468,1001614,1.840952434,1.838846102
7,1840768,1000313,1000313,1000312,1001459,1.840193860,1.838086232
7,1841231,1000104,1000104,1000156,1001250,1.840943813,1.838932335
7,1826642,1000208,1000208,981198,1001771,1.861644643,1.823412736
7,1840315,1000208,1000208,1000208,1001406,1.839932294,1.837731150
7,1839689,1000104,1000104,1000104,1001511,1.839497692,1.836913424
7,1842424,1000468,1000468,1000417,1001563,1.841656029,1.839548785
7,1829911,1000313,1000313,992552,1001562,1.843642449,1.827057137
7,1841701,1000156,1000156,1000156,1001250,1.841413739,1.839401748
7,1840345,1000000,1000000,1000000,1001146,1.840345000,1.838238379
7,1843091,1000469,1000469,1000469,1001823,1.842226996,1.839737159
7,1826500,1000365,1000365,969322,1001979,1.884306763,1.822892496
7,1837898,999948,999948,999947,1001198,1.837995414,1.835698833
7,1840740,1000573,1000573,1000573,1001666,1.839685860,1.837678428
7,1839877,999948,999948,999948,1001094,1.839972679,1.837866374
7,1833522,1000417,1000417,990937,1001927,1.850291189,1.829995598
7,1840085,1000156,1000156,1000156,1001250,1.839797992,1.837787765
7,1840292,1000052,1000052,1000052,1001146,1.840196310,1.838185439
7,1840932,1000313,1000313,1000260,1001406,1.840453482,1.838347284
7,1825744,1000469,1000469,984375,1001719,1.854724063,1.822610932
7,1841000,1000052,1000052,1000000,1001250,1.841000000,1.838701623
7,1842183,1000521,1000521,1000469,1001615,1.841319421,1.839212672
7,1835251,1000104,1000104,995677,1001250,1.843219237,1.832959800
7,1843267,1000052,1000052,1000000,1001146,1.843267000,1.841157034
7,1841120,1000104,1000104,1000104,1001198,1.840928543,1.838916977
7,1841091,1000052,1000052,1000000,1001458,1.841091000,1.838410597
7,1847211,1010365,1010365,987812,1011510,1.870002592,1.826191535
7,1804303,1000573,1000573,972500,1002031,1.855324422,1.800645888
7,1840300,1000521,1000521,1000521,1001666,1.839341703,1.837239160
7,1841841,1000521,1000521,1000469,1001615,1.840977582,1.838871223
7,1834980,1000625,1000625,990000,1001875,1.853515152,1.831545852
7,1839222,1000209,1000209,1000208,1001563,1.838839521,1.836351782
7,1840371,1000521,1000521,1000521,1001979,1.839412666,1.836736099
7,1839389,1000052,1000052,1000104,1001198,1.839197723,1.837188049
7,1832762,1000156,1000156,990729,1001354,1.849912539,1.830283796
7,1777759,1000208,1000208,953542,1001667,1.864374092,1.774800408
7,1843794,1000208,1000208,1000209,1001667,1.843408728,1.840725511
7,1839693,1000000,1000000,1000000,1001146,1.839693000,1.837587125
7,1833979,1000000,1000000,994896,1001302,1.843387651,1.831594264
7,1841986,1000208,1000208,1000209,1001302,1.841601105,1.839590853
7,1842483,1000521,1000521,1000521,1001615,1.841523566,1.839512188
7,1841434,1000313,1000313,1000364,1001510,1.840763962,1.838657627
7,1825321,1000260,1000260,967240,1001511,1.887143832,1.822567101
7,1831040,1000261,1000261,992135,1001510,1.845555292,1.828279298
7,1840137,1000678,1000678,1000833,1002032,1.838605442,1.836405424
7,1841362,1000469,1000469,1000521,1001615,1.840403150,1.838392995
7,1832035,1000417,1000417,993281,1001615,1.844427710,1.829081034
7,1835660,1000781,1000781,1000937,1002396,1.833941597,1.831272272
7,1840918,1000521,1000521,1000521,1001823,1.839959381,1.837568113
7,1840872,1000052,1000052,1000104,1001250,1.840680569,1.838573783
7,1835729,1000157,1000157,989999,1001458,1.854273590,1.833056404
7,1839249,997865,997865,997812,1001666,1.843282101,1.836189908
7,1843847,1000312,1000312,1000365,1001302,1.843174241,1.841449433
7,1843690,1000261,1000261,1000260,1001250,1.843210765,1.841388265
7,1838295,1000677,1000677,988646,1001719,1.859406704,1.835140394
7,1843446,1000156,1000156,1000208,1001458,1.843062643,1.840762169
7,1844088,1000468,1000468,1000521,1001667,1.843127730,1.841019021
7,1844050,1000469,1000469,1000520,1001510,1.843091592,1.841269683
7,1824996,1000469,1000469,971822,1001771,1.877911799,1.821769646
7,2088009,1000312,1000312,1000365,1001354,2.087247155,2.085185659
7,2093916,1000521,1000521,1000573,1001511,2.092716873,2.090756866
7,2093182,1000157,1000157,1000156,1001042,2.092855515,2.091003175
7,2089355,1000469,1000469,997501,1001459,2.094589379,2.086311072
7,2092921,1000052,1000052,1000052,1000886,2.092812174,2.091068313
7,2093020,1000105,1000105,1000052,1000938,2.092911169,2.091058587
7,1959392,1000416,1000416,1000417,1001302,1.958575274,1.956844189
7,1829803,1000208,1000208,985313,1001198,1.857077903,1.827613519
7,1842985,999896,999896,999844,1000885,1.843272551,1.841355400
7,1842550,1000000,1000000,999947,1000937,1.842647660,1.840825147
7,1843615,1000209,1000209,1000208,1001094,1.843231608,1.841600289
7,1839911,1000469,1000469,997813,1001458,1.843943705,1.837232315
7,1843663,1000209,1000209,1000260,1001250,1.843183772,1.841361298
7,1843281,1000000,1000000,1000052,1000990,1.843185154,1.841457957
7,1843275,1000053,1000053,1000052,1000938,1.843179155,1.841547628
7,1825775,1000364,1000364,966667,1001354,1.888732107,1.823306243
7,1843783,1000312,1000312,1000261,1001302,1.843301898,1.841385516
7,1843922,1000417,1000417,1000416,1001406,1.843155247,1.841333086
7,1843616,1000209,1000209,1000312,1001354,1.843040971,1.841123119
7,1826508,1000209,1000209,997134,1001302,1.831757818,1.824132979
7,1843410,1000157,1000157,1000104,1001042,1.843218305,1.841491166
7,1843849,1000364,1000364,1000365,1001250,1.843176241,1.841547066
7,1843586,1000209,1000209,1000208,1001146,1.843202614,1.841475669
7,1830415,1000261,1000261,981926,1001354,1.864106868,1.827939969
7,1843898,1000365,1000365,1000364,1001458,1.843227065,1.841213511
7,1844082,1000469,1000469,1000417,1001406,1.843313338,1.841492861
7,1844079,1000469,1000469,1000468,1001510,1.843216375,1.841298639
7,1839060,1000521,1000521,997187,1001771,1.844247869,1.835808783
7,1843862,1000365,1000365,1000417,1001510,1.843093430,1.841081966
7,1843752,1000313,1000313,1000312,1001198,1.843176929,1.841545828
7,1843392,1000104,1000104,1000156,1001042,1.843104476,1.841473185
7,1834699,1000416,1000416,953021,1001719,1.925140160,1.831550565
7,2089353,1000000,1000000,1000052,1001042,2.089244359,2.087178160
7,2093174,1000156,1000156,1000156,1001198,2.092847516,2.090669378
7,2093218,1000209,1000209,1000156,1001042,2.092891509,2.091039137
7,2085694,1000364,1000364,990677,1001303,2.105321916,2.082979877
7,2092904,1000365,1000365,1000364,1001302,2.092142460,2.090182582
7,2093477,1000365,1000365,1000312,1001094,2.092824039,2.091189239
7,2093382,1000312,1000312,1000313,1001093,2.092726976,2.091096432
7,2074017,1000573,1000573,983125,1001458,2.109616783,2.070997486
7,2093618,1000416,1000416,1000417,1001407,2.092745325,2.090676418
7,2094110,1000677,1000677,1000677,1001562,2.092693247,2.090844102
7,2093082,1000104,1000104,1000105,1000937,2.092862249,2.091122618
7,2087323,1000260,1000260,997031,1001250,2.093538716,2.084717104
7,1847997,1000052,1000052,1000104,1000885,1.847804828,1.846362969
7,1843639,1000261,1000261,1000313,1001250,1.843062122,1.841337328
7,1843625,1000209,1000209,1000208,1001198,1.843241606,1.841418980
7,1826278,1000156,1000156,970834,1001198,1.881143429,1.824092737
7,1844253,1000469,1000469,1000468,1001510,1.843390293,1.841472377
7,1843753,1000312,1000312,1000313,1001406,1.843176086,1.841164323
7,1843451,1000156,1000156,1000105,1001407,1.843257458,1.840860909
7,1837201,1000208,1000208,993489,1001355,1.849241411,1.834714961
7,1843564,1000209,1000209,1000156,1001562,1.843276449,1.840688844
7,1843667,1000260,1000260,1000261,1001354,1.843185928,1.841174050
7,1843336,1000104,1000104,1000104,1001458,1.843144313,1.840652329
7,1804949,1000677,1000677,960573,1001927,1.879033660,1.801477553
7,1843363,1000105,1000105,1000052,1001354,1.843267150,1.840870461
7,1843892,1000365,1000365,1000365,1001666,1.843219225,1.840825185
7,1843997,1000417,1000417,1000417,1001823,1.843228374,1.840641511
7,1821223,1000364,1000364,989168,1001823,1.841166516,1.817908952
7,1839595,1000156,1000156,1000156,1001250,1.839308068,1.837298377
7,1843330,1000052,1000052,1000053,1001459,1.843232309,1.840644500
7,1843218,1000000,1000000,1000000,1001302,1.843218000,1.840821251
7,1793180,1000261,1000261,933645,1001406,1.920622935,1.790662329
7,1842277,999480,999480,999479,1001719,1.843237327,1.839115560
7,1843591,1000208,1000208,1000208,1001354,1.843207613,1.841098153
7,1841757,1000104,1000104,1000104,1001198,1.841565477,1.839553215
7,1838037,1000313,1000313,996824,1001666,1.843893205,1.834979923
7,1844047,1000469,1000469,1000416,1001667,1.843280195,1.840978090
7,1843691,1000261,1000261,1000260,1001302,1.843211765,1.841293636
7,1844036,1000417,1000417,1000469,1001562,1.843171553,1.841160108
7,1828474,1000416,1000416,980366,1001563,1.865093241,1.825620555
7,1843653,1000260,1000260,1000261,1001145,1.843171932,1.841544432
7,1843719,1000260,1000260,1000313,1001146,1.843142097,1.841608517
7,1843462,1000104,1000104,1000104,1001042,1.843270300,1.841543112
7,1839042,1000261,1000261,994791,1001250,1.848671731,1.836746067
7,1843607,1000261,1000261,1000208,1001146,1.843223609,1.841496645
7,1844337,1000625,1000625,1000730,1001614,1.842991616,1.841365037
7,1829631,1000365,1000365,1000417,1001354,1.828868362,1.827157029
7,1831408,1000469,1000469,973854,1001615,1.880577581,1.828455045
7,1843192,999948,999948,999948,1001041,1.843287851,1.841275232
7,1843425,1000156,1000156,1000105,1001094,1.843231461,1.841410497
7,1844233,1000573,1000573,1000573,1001458,1.843176860,1.841548023
7,1840028,1000625,1000625,998125,1001667,1.843484534,1.836965778
7,1843780,1000313,1000313,1000365,1001250,1.843107266,1.841478152
7,1844081,1000469,1000469,1000469,1001458,1.843216531,1.841396244
7,1843415,1000157,1000157,1000104,1001042,1.843223305,1.841496161
7,1832105,1000312,1000312,986354,1001459,1.857451787,1.829435853
7,1843792,1000313,1000313,1000260,1001302,1.843312739,1.841394504
7,1843844,1000313,1000313,1000312,1001302,1.843268900,1.841446437
7,1843544,1000209,1000209,1000208,1001094,1.843160623,1.841529367
7,1837891,1000416,1000416,997604,1001459,1.842305163,1.835213424
7,1843530,1000208,1000208,1000156,1001093,1.843242454,1.841517222
7,1843664,1000260,1000260,1000209,1001146,1.843278755,1.841553580
7,1844171,1000521,1000521,1000521,1001406,1.843210687,1.841581736
7,1824407,1000677,1000677,969842,1002083,1.881138371,1.820614660
7,1844106,1000521,1000521,1000469,1001667,1.843241520,1.841036991
7,1844269,1000625,1000625,1000573,1001667,1.843212839,1.841199720
7,1841524,1000052,1000052,1000052,1001354,1.841428246,1.839033948
7,1835163,1000469,1000469,986093,1001771,1.861044547,1.831918672
7,1843322,1000104,1000104,1000052,1001354,1.843226152,1.840829517
7,1843981,1000417,1000417,1000417,1001823,1.843212380,1.840625540
7,1843929,1000365,1000365,1000364,1001510,1.843258054,1.841148865
7,1826309,1000364,1000364,979739,1001927,1.864077065,1.822796471
7,1843427,1000104,1000104,1000104,1001302,1.843235304,1.841029979
7,1843894,1000365,1000365,1000364,1001511,1.843223067,1.841112080
7,1843770,1000261,1000261,1000312,1001406,1.843194923,1.841181299
7,1834285,1000209,1000209,986718,1001458,1.858975918,1.831614506
7,1843900,1000364,1000364,1000365,1001771,1.843227222,1.840640226
7,1843414,1000104,1000104,1000156,1001250,1.843126472,1.841112609
7,1843845,1000364,1000364,1000313,1001458,1.843268057,1.841160588
7,1830931,1000521,1000521,968386,1001927,1.890703707,1.827409582
7,1843724,1000260,1000260,1000261,1001510,1.843242914,1.840944174
7,1843638,1000156,1000156,1000157,1001354,1.843348594,1.841145090
7,1844114,1000469,1000469,1000520,1001667,1.843155559,1.841044978
7,1835293,999947,999947,989792,1001562,1.854220887,1.832430743
7,1843596,1000208,1000208,1000208,1001615,1.843212612,1.840623393
7,1843602,1000261,1000261,1000208,1001250,1.843218611,1.841300375
7,1843877,1000365,1000365,1000365,1001458,1.843204230,1.841192541
7,1824911,1000260,1000260,981198,1001771,1.859880473,1.821684796
7,1843889,1000365,1000365,1000365,1001615,1.843216226,1.840915921
7,1843198,1000000,1000000,1000000,1001146,1.843198000,1.841088113
7,1843227,1000000,1000000,1000000,1001198,1.843227000,1.841021456
7,1837247,1000416,1000416,995937,1001615,1.844742188,1.834284630
7,1843851,1000364,1000364,1000313,1001458,1.843274055,1.841166579
7,1843875,1000364,1000364,1000417,1001511,1.843106425,1.841093108
7,1843771,1000313,1000313,1000312,1001407,1.843195923,1.841180459
7,1824624,1000469,1000469,971512,1001770,1.878128114,1.821400122
7,1843059,999895,999895,999896,1001093,1.843250698,1.841046736
7,1843548,1000157,1000157,1000156,1001303,1.843260451,1.841148983
7,1843122,999948,999948,999948,1001094,1.843217847,1.841107828
7,1834281,1000156,1000156,992656,1001406,1.847851622,1.831705622
7,1843941,1000417,1000417,1000416,1001511,1.843174240,1.841159009
7,1843621,1000260,1000260,1000209,1001354,1.843235764,1.841128113
7,1843392,1000104,1000104,1000104,1001354,1.843200307,1.840899422
7,1830160,1000521,1000521,978906,1001875,1.869597285,1.826734872
7,1843906,1000365,1000365,1000365,1001458,1.843233220,1.841221499
7,1843386,1000104,1000104,1000104,1001146,1.843194308,1.841275898
7,1843607,1000208,1000208,1000261,1001250,1.843125944,1.841305368
7,1837813,1000468,1000468,991667,1001771,1.853256184,1.834563987
7,1844093,1000468,1000468,1000521,1001562,1.843132728,1.841217019
7,1844048,1000417,1000417,1000469,1001510,1.843183547,1.841267686
7,1843197,1000000,1000000,1000000,1000990,1.843197000,1.841374040
7,1827132,1000260,1000260,973125,1001666,1.877592293,1.824093061
7,1843099,999947,999947,999896,1000937,1.843290702,1.841373633
7,1843357,1000104,1000104,1000052,1000990,1.843261150,1.841533881
7,1843521,1000156,1000156,1000208,1001093,1.843137627,1.841508232
7,1836470,1000052,1000052,996823,1001094,1.842323060,1.834463097
7,1844074,1000469,1000469,1000469,1001354,1.843209535,1.841580500
7,1843454,1000104,1000104,1000104,1001042,1.843262301,1.841535120
7,1843342,1000052,1000052,1000052,1001042,1.843246151,1.841423237
7,1814486,1000730,1000730,975885,1001927,1.859323588,1.810996210
7,1843836,1000312,1000312,1000365,1001354,1.843163245,1.841342822
7,1843404,1000156,1000156,1000105,1001146,1.843210463,1.841293877
7,1843187,1000000,1000000,1000000,1001250,1.843187000,1.840885893
7,1837162,1000469,1000469,991719,1001822,1.852502574,1.833820779
7,1844154,1000469,1000469,1000468,1001615,1.843291340,1.841180494
7,1843667,1000208,1000208,1000261,1001302,1.843185928,1.841269667
7,1843291,1000052,1000052,1000052,1001094,1.843195154,1.841276643
7,1828512,1000781,1000781,970521,1002188,1.884051968,1.824519950
7,1843822,1000364,1000364,1000313,1001510,1.843245064,1.841042027
7,1843632,1000260,1000260,1000261,1001354,1.843150938,1.841139098
7,1843448,1000104,1000104,1000105,1001250,1.843254458,1.841146567
7,1837789,1000573,1000573,996927,1001771,1.843453934,1.834540030
7,1843874,1000364,1000364,1000365,1001719,1.843201232,1.840709820
7,1844263,1000573,1000573,1000573,1001927,1.843206842,1.840715940
7,1843554,1000208,1000208,1000208,1001302,1.843170621,1.841156814
7,1791842,1000468,1000468,947448,1001718,1.891229914,1.788768895
7,1843879,1000365,1000365,1000365,1001875,1.843206230,1.840428197
7,1844109,1000520,1000520,1000469,1001875,1.843244518,1.840657767
7,1844064,1000468,1000468,1000469,1001562,1.843199539,1.841188064
7,1834058,1000313,1000313,993020,1001511,1.846949709,1.831290919
7,1843885,1000364,1000364,1000365,1001510,1.843212228,1.841104932
7,1843697,1000312,1000312,1000313,1001406,1.843120103,1.841108402
7,1843553,1000208,1000208,1000208,1001511,1.843169621,1.840771594
7,1828093,1000313,1000313,969636,1001875,1.885339447,1.824671740
7,1843642,1000208,1000208,1000261,1001459,1.843160935,1.840956045
7,1843116,999948,999948,999843,1001094,1.843405415,1.841101835
7,1844099,1000520,1000520,1000521,1001614,1.843138725,1.841127420
7,1833901,1000417,1000417,990209,1001927,1.852034268,1.830373870
7,1843694,1000261,1000261,1000260,1001666,1.843214764,1.840627515
7,1843963,1000417,1000417,1000417,1001615,1.843194388,1.840989801
7,1844190,1000520,1000520,1000573,1001666,1.843133884,1.841122690
7,1826835,1000677,1000677,983438,1001927,1.857600581,1.823321460
7,1843588,1000208,1000208,1000208,1001719,1.843204613,1.840424311
7,1843184,1000000,1000000,1000000,1001146,1.843184000,1.841074129
7,1843631,1000208,1000208,1000208,1001354,1.843247604,1.841138099
7,1835887,1000156,1000156,995208,1001354,1.844726931,1.833404570
7,1843359,1000104,1000104,1000052,1001198,1.843263150,1.841153298
7,1843241,1000000,1000000,1000052,1001146,1.843145156,1.841131064
7,1843542,1000208,1000208,1000208,1001302,1.843158623,1.841144829
7,1827698,1000729,1000729,970729,1002239,1.882809723,1.823614926
7,1843932,1000417,1000417,1000416,1001563,1.843165243,1.841054432
7,1843749,1000313,1000313,1000312,1001458,1.843173930,1.841064728
7,1844051,1000469,1000469,1000469,1001719,1.843186546,1.840886516
7,1837545,1000260,1000260,988593,1001510,1.858747735,1.834774491
7,1843400,1000104,1000104,1000052,1001198,1.843304148,1.841194249
7,1844102,1000468,1000468,1000469,1001562,1.843237522,1.841226005
7,1843182,1000000,1000000,1000000,1001094,1.843182000,1.841167762
7,1827648,1000572,1000572,980521,1002031,1.863955999,1.823943571
7,1843279,1000052,1000052,1000000,1001146,1.843279000,1.841169020
7,1843120,999948,999948,999896,1001094,1.843311704,1.841105830
7,1843573,1000208,1000208,1000156,1001354,1.843285447,1.841080177
7,1837385,1000104,1000104,995365,1001302,1.845940936,1.834995835
7,1843160,1000000,1000000,999948,1001094,1.843255849,1.841145787
7,1843460,1000156,1000156,1000156,1001562,1.843172465,1.840585006
7,1843492,1000156,1000156,1000104,1001562,1.843300297,1.840616956
7,1826270,1000313,1000313,970782,1001615,1.881235952,1.823325330
7,1843740,1000312,1000312,1000313,1001510,1.843163090,1.840960150
7,1843427,1000104,1000104,1000104,1001250,1.843235304,1.841125593
7,1843723,1000312,1000312,1000260,1001667,1.843243757,1.840654629
7,1836367,1000312,1000312,995938,1001563,1.843856746,1.833501238
7,1843240,1000000,1000000,1000000,1001146,1.843240000,1.841130065
7,1843555,1000208,1000208,1000156,1001302,1.843267450,1.841157813
7,1843883,1000417,1000417,1000364,1001458,1.843212071,1.841198533
7,1831671,1000365,1000365,989167,1001563,1.851730800,1.828812566
7,1843947,1000417,1000417,1000364,1001510,1.843276048,1.841166838
7,1844148,1000521,1000521,1000469,1001615,1.843283500,1.841174503
7,1843645,1000208,1000208,1000208,1001615,1.843261602,1.840672314
7,1835265,1000209,1000209,991511,1001719,1.850977952,1.832115593
7,1843421,1000104,1000104,1000104,1001615,1.843229304,1.840448675
7,1843675,1000261,1000261,1000260,1001354,1.843195769,1.841182040
7,1843444,1000156,1000156,1000104,1001250,1.843252302,1.841142572
7,1826360,1000677,1000677,967343,1001979,1.888016970,1.822752772
7,1843661,1000260,1000260,1000260,1001354,1.843181773,1.841168058
7,1843842,1000364,1000364,1000313,1001406,1.843265058,1.841253198
7,1843810,1000312,1000312,1000313,1001510,1.843233068,1.841030045
7,1836787,1000261,1000261,996562,1001354,1.843123659,1.834303353
7,1843643,1000261,1000261,1000208,1001407,1.843259602,1.841052639
7,1844073,1000469,1000469,1000417,1001459,1.843304342,1.841386417
7,1843792,1000312,1000312,1000313,1001354,1.843215074,1.841298881
7,1827008,1000000,1000000,983541,1001198,1.857581941,1.824821863
7,1843635,1000209,1000209,1000208,1001145,1.843251604,1.841526452
7,1843911,1000417,1000417,1000417,1001302,1.843142410,1.841513350
7,1843676,1000261,1000261,1000260,1001093,1.843196769,1.841663062
7,1825038,1001094,1001094,993072,1002344,1.837770071,1.820770115
7,1844664,1000781,1000781,1000834,1001979,1.843126832,1.841020620
7,1844030,1000469,1000469,1000573,1001563,1.842973976,1.841152279
7,1842265,1000260,1000260,1000261,1001302,1.841784294,1.839869490
7,1830407,1000730,1000730,968021,1001770,1.890875301,1.827172904
7,1843752,1000312,1000312,1000261,1001511,1.843270906,1.840970294
7,1843496,1000156,1000156,1000156,1001094,1.843208459,1.841481419
7,1843353,1000052,1000052,1000105,1001198,1.843159468,1.841147306
7,1837095,1000468,1000468,993750,1001614,1.848649057,1.834134707
7,1843956,1000416,1000416,1000521,1001614,1.842995799,1.840984651
7,1843822,1000365,1000365,1000417,1001563,1.843053447,1.840944604
7,1843821,1000313,1000313,1000468,1001667,1.842958495,1.840752466
7,1831883,1000625,1000625,984376,1001875,1.860958617,1.828454648
7,1843721,1000261,1000261,1000260,1001250,1.843241757,1.841419226
7,1844191,1000520,1000520,1000573,1001510,1.843134884,1.841410470
7,1843346,1000104,1000104,1000052,1000990,1.843250151,1.841522892
7,1839670,1000417,1000417,996041,1001459,1.846982203,1.836989832
7,1843583,1000208,1000208,1000209,1001198,1.843197772,1.841377030
7,1843782,1000313,1000313,1000365,1001198,1.843109265,1.841575792
7,1844034,1000469,1000469,1000625,1001615,1.842882199,1.841060687
7,2005569,1000260,1000260,974949,1001250,2.057101448,2.003065169
7,2094068,1000573,1000573,1000677,1001770,2.092651275,2.090368049
7,2093002,1000104,1000104,1000104,1001042,2.092784350,2.090823362
7,2093049,1000105,1000105,1000104,1000938,2.092831346,2.091087560
7,2089177,1000677,1000677,997968,1001667,2.093430851,2.085700138
7,2093804,1000469,1000469,1000469,1001406,2.092822466,2.090864245
7,2093448,1000312,1000312,1000313,1001146,2.092792956,2.091051655
7,2092684,999948,999948,999948,1000781,2.092792825,2.091050889
7,1863636,1000573,1000573,980938,1001615,1.899850959,1.860631081
7,1843659,1000260,1000260,1000261,1001146,1.843177931,1.841548585
7,1843474,1000157,1000157,1000156,1000989,1.843186463,1.841652606
7,1843202,1000000,1000000,1000000,1000885,1.843202000,1.841572209
7,1840131,1000469,1000469,998020,1001406,1.843781688,1.837547408
7,1838345,1000000,1000000,999011,1001042,1.840164923,1.836431438
7,1843764,1000312,1000312,1000313,1001198,1.843187082,1.841557814
7,1843247,1000000,1000000,1000052,1000937,1.843151156,1.841521494
7,1829789,1000417,1000417,974634,1001458,1.877411418,1.827125052
7,1843850,1000365,1000365,1000365,1001511,1.843177240,1.841068146
7,1843224,1000000,1000000,1000000,1000989,1.843224000,1.841402853
7,1842503,1000365,1000365,1000312,1001406,1.841928318,1.839916078
7,1835409,1000521,1000521,992083,1001771,1.850055893,1.832164237
7,1843969,1000417,1000417,1000416,1001458,1.843202228,1.841284407
7,1843449,1000156,1000156,1000104,1001146,1.843257301,1.841338826
7,1844145,1000521,1000521,1000521,1001615,1.843184701,1.841171508
7,1831790,1000365,1000365,987814,1001614,1.854387567,1.828838255
7,1843715,1000261,1000261,1000312,1001250,1.843139940,1.841413233
7,1842999,1000261,1000261,1000208,1001146,1.842615736,1.840889341
7,1843981,1000417,1000417,1000469,1001406,1.843116578,1.841392003
7,1829593,1000833,1000833,994948,1001979,1.838883037,1.825979387
7,1840232,1000469,1000469,1000521,1001511,1.839273738,1.837455605
7,1843577,1000208,1000208,1000260,1001094,1.843097795,1.841562331
7,1842620,1000365,1000365,1000416,1001354,1.841853789,1.840128466
7,1829099,1000417,1000417,970366,1001511,1.884957841,1.826339401
7,1844083,1000520,1000520,1000469,1001563,1.843218531,1.841205196
7,1843583,1000208,1000208,1000209,1001198,1.843197772,1.841377030
7,1842913,1002188,1002188,998229,1003177,1.846182589,1.837076608
7,1844268,1000520,1000520,1000625,1001666,1.843116052,1.841200560
7,1844330,1000625,1000625,1000677,1001667,1.843082233,1.841260619
7,1844039,1000468,1000468,1000417,1001406,1.843270356,1.841449921
7,1838591,1000573,1000573,991719,1001614,1.853943506,1.835628296
7,1837597,1000052,1000052,993906,1001094,1.848863977,1.835588866
7,1843913,1000417,1000417,1000417,1001250,1.843144409,1.841610986
7,1843267,1000052,1000052,1000052,1000938,1.843171155,1.841539636
7,1839376,1000260,1000260,997605,1001198,1.843791882,1.837175064
7,1843912,1000364,1000364,1000469,1001459,1.843047611,1.841225652
7,1844097,1000469,1000469,1000573,1001562,1.843040938,1.841221013
7,1843620,1000209,1000209,1000260,1001250,1.843140783,1.841318352
7,1833788,1000261,1000261,971510,1001302,1.887564719,1.831403513
7,2047389,1000469,1000469,993542,1001458,2.060696981,2.044408253
7,2093794,1000469,1000469,1000468,1001406,2.092814563,2.090854259
7,2092650,1000209,1000209,1000260,1001094,2.092106052,2.090363143
7,2088625,1000312,1000312,995990,1001250,2.097034107,2.086017478
7,2093410,1000313,1000313,1000312,1001198,2.092757060,2.090905096
7,2093523,1000365,1000365,1000365,1001250,2.092759143,2.090909363
7,2093593,1000364,1000364,1000365,1001198,2.092829117,2.091087877
7,2083811,1000261,1000261,993333,1001146,2.097797013,2.081425686
7,2084831,1000000,1000000,994583,1000990,2.096186040,2.082769059
7,2093539,1000364,1000364,1000365,1001093,2.092775137,2.091253260
7,2093227,1000209,1000209,1000208,1000990,2.092791699,2.091156755
7,2089331,1000678,1000678,991823,1001563,2.106556311,2.086070472
7,1922339,1000209,1000209,1000208,1001198,1.921939237,1.920038794
7,1843306,1000052,1000052,1000052,1000938,1.843210153,1.841578599
7,1840436,1000261,1000261,1000260,1001094,1.839957611,1.838424763
7,1833210,1000469,1000469,987864,1001563,1.855731153,1.830349164
7,1838317,1000521,1000521,994740,1001927,1.848037678,1.834781376
7,1843928,1000417,1000417,1000365,1001510,1.843255212,1.841147867
7,1843147,999948,999948,999948,1001094,1.843242849,1.841132801
7,1835219,1000156,1000156,991822,1001406,1.850351172,1.832642305
7,1843752,1000312,1000312,1000313,1001511,1.843175086,1.840970294
7,1843818,1000313,1000313,1000312,1001719,1.843242908,1.840653916
7,1843214,1000000,1000000,1000000,1001145,1.843214000,1.841105934
7,1851494,1012448,1012448,988593,1013646,1.872857688,1.826568644
7,1843795,1000312,1000312,1000260,1001719,1.843315738,1.840630955
7,1843628,1000260,1000260,1000209,1001615,1.843242762,1.840655342
7,1843425,1000104,1000104,1000104,1001302,1.843233304,1.841027982
7,1834943,1000521,1000521,987865,1001718,1.857483563,1.831795975
7,1844212,1000573,1000573,1000573,1001927,1.843155872,1.840665038
7,1843621,1000208,1000208,1000208,1001302,1.843237607,1.841223727
7,1843222,1000000,1000000,1000000,1001093,1.843222000,1.841209558
7,1822877,1000364,1000364,962657,1001667,1.893589305,1.819843321
7,1843176,999948,999948,1000000,1001458,1.843176000,1.840492562
7,1843818,1000313,1000313,1000364,1001458,1.843147094,1.841133627
7,1843895,1000364,1000364,1000365,1001458,1.843222224,1.841210515
7,1833862,1000573,1000573,985936,1001719,1.860021340,1.830715001
7,1843545,1000208,1000208,1000208,1001355,1.843161622,1.841050377
7,1843575,1000208,1000208,1000208,1001355,1.843191616,1.841080336
7,1843193,1000000,1000000,1000000,1001146,1.843193000,1.841083119
7,1821775,1000208,1000208,984584,1001459,1.850299213,1.819120903
7,1844192,1000521,1000521,1000521,1001927,1.843231676,1.840645077
7,1843174,1000000,1000000,999948,1001094,1.843269850,1.841159771
7,1844062,1000469,1000469,1000521,1001511,1.843101744,1.841279826
7,1837756,1000469,1000469,996510,1001614,1.844192231,1.834794641
7,1843865,1000364,1000364,1000365,1001615,1.843192235,1.840891959
7,1843258,1000000,1000000,1000052,1001093,1.843162156,1.841245519
7,1843303,1000104,1000104,1000052,1001302,1.843207153,1.840906140
7,1814857,1000261,1000261,955209,1001510,1.899958020,1.812120698
7,1841867,999323,999323,999323,1001459,1.843114789,1.839183631
7,1843843,1000364,1000364,1000313,1001354,1.843266058,1.841349812
7,1843335,1000052,1000052,1000104,1001146,1.843143313,1.841224956
7,1836325,1000313,1000313,990728,1001406,1.853510752,1.833746752
7,1843799,1000312,1000312,1000365,1001406,1.843126259,1.841210258
7,1843294,1000052,1000052,1000000,1000990,1.843294000,1.841470944
7,1843892,1000365,1000365,1000416,1001354,1.843125260,1.841398746
7,1831761,1000521,1000521,982865,1001823,1.863695421,1.828427776
7,1842410,999583,999583,999532,1001666,1.843272652,1.839345650
7,1843758,1000313,1000313,1000312,1001407,1.843182927,1.841167477
7,1843963,1000417,1000417,1000416,1001510,1.843196230,1.841182814
7,1835922,1000209,1000209,995885,1001406,1.843508036,1.833344318
7,1843568,1000208,1000208,1000209,1001302,1.843182775,1.841170796
7,1843385,1000104,1000104,1000105,1001146,1.843191465,1.841274899
7,1844203,1000521,1000521,1000521,1001562,1.843242671,1.841326847
7,1811835,1000625,1000625,960000,1001927,1.887328125,1.808350309
7,1843677,1000260,1000260,1000208,1001459,1.843293595,1.840990994
7,1843888,1000417,1000417,1000416,1001407,1.843121262,1.841297295
7,1843331,1000052,1000052,1000104,1001198,1.843139314,1.841125332
7,1837332,1000312,1000312,996666,1001355,1.843478156,1.834845784
7,1843949,1000416,1000416,1000417,1001406,1.843180394,1.841360048
7,1843900,1000416,1000416,1000365,1001354,1.843227222,1.841406735
7,1843588,1000208,1000208,1000209,1001198,1.843202771,1.841382024
7,1830975,1000468,1000468,986771,1001771,1.855521697,1.827738076
7,1843045,999948,999948,999896,1001041,1.843236697,1.841128385
7,1844008,1000417,1000417,1000469,1001563,1.843143566,1.841130313
7,1844034,1000417,1000417,1000468,1001458,1.843171396,1.841349313
7,1836906,1000313,1000313,992500,1001458,1.850786902,1.834231690
7,1844015,1000469,1000469,1000417,1001615,1.843246366,1.841041718
7,1843367,1000052,1000052,1000104,1001145,1.843175310,1.841258759
7,1843722,1000260,1000260,1000261,1001354,1.843240914,1.841228976
7,1744863,1000677,1000677,913803,1001875,1.909452037,1.741597505
7,1844027,1000469,1000469,1000416,1001979,1.843260204,1.840384878
7,1843300,1000053,1000053,1000052,1001198,1.843204153,1.841094369
7,1843919,1000365,1000365,1000417,1001562,1.843150406,1.841043290
7,1836674,1000468,1000468,995417,1001667,1.845130232,1.833617360
7,1843206,1000000,1000000,1000000,1001093,1.843206000,1.841193575
7,1843231,1000000,1000000,1000000,1001094,1.843231000,1.841216709
7,1843473,1000156,1000156,1000157,1001250,1.843183620,1.841171536
7,1828137,1000416,1000416,979635,1001927,1.866140961,1.824620955
7,1843955,1000417,1000417,1000468,1001563,1.843092433,1.841077396
7,1843445,1000157,1000157,1000156,1001250,1.843157467,1.841143571
7,1843113,999948,999948,999948,1001093,1.843208847,1.841100677
7,1835989,1000677,1000677,990209,1002188,1.854142913,1.831980626
7,1843326,1000052,1000052,1000104,1001302,1.843134314,1.840929110
7,1844221,1000573,1000573,1000573,1001666,1.843164867,1.841153638
7,1843584,1000209,1000209,1000208,1001355,1.843200614,1.841089324
7,1822826,1000261,1000261,961978,1001511,1.894872856,1.820075865
7,1843319,1000052,1000052,1000052,1001354,1.843223152,1.840826521
7,1843705,1000261,1000261,1000312,1001407,1.843129943,1.841114552
7,1843326,1000052,1000052,1000052,1001145,1.843230152,1.841217806
7,1835833,1000052,1000052,996458,1001250,1.842358634,1.833541074
7,1844072,1000469,1000469,1000468,1001875,1.843209378,1.840620836
7,1844037,1000469,1000469,1000468,1001563,1.843174394,1.841159268
7,1844159,1000521,1000521,1000521,1001614,1.843198693,1.841187324
7,1828652,1000573,1000573,984948,1001823,1.856597506,1.825324434
7,1843260,1000052,1000052,1000052,1001198,1.843164155,1.841054417
7,1843626,1000260,1000260,1000209,1001354,1.843240763,1.841133106
7,1844008,1000469,1000469,1000417,1001510,1.843239369,1.841227746
7,1835406,1000052,1000052,996198,1001563,1.842410846,1.832541737
7,1843141,1000000,1000000,999948,1001093,1.843236848,1.841128646
7,1843351,1000104,1000104,1000104,1001198,1.843159311,1.841145308
7,1843953,1000417,1000417,1000416,1001511,1.843186235,1.841170991
7,1803744,1001511,1001511,955415,1002917,1.887916769,1.798497782
7,1843454,1000104,1000104,1000104,1001406,1.843262301,1.840865743
7,1843584,1000209,1000209,1000208,1001250,1.843200614,1.841282397
7,1843697,1000261,1000261,1000260,1001355,1.843217763,1.841202171
7,1837792,1000365,1000365,996510,1001511,1.844228357,1.835019286
7,1843512,1000209,1000209,1000156,1001198,1.843224457,1.841306115
7,1843692,1000261,1000261,1000260,1001511,1.843212765,1.840910384
7,1843751,1000313,1000313,1000260,1001510,1.843271749,1.840971134
7,1830990,1000469,1000469,985417,1001719,1.858086475,1.827847929
7,1844051,1000469,1000469,1000416,1001511,1.843284194,1.841268843
7,1843870,1000364,1000364,1000365,1001406,1.843197233,1.841281159
7,1843640,1000260,1000260,1000261,1001302,1.843158936,1.841242702
7,1836680,1000312,1000312,994636,1001406,1.846585082,1.834101254
7,1843957,1000417,1000417,1000416,1001511,1.843190233,1.841174985
7,1843559,1000209,1000209,1000208,1001250,1.843175619,1.841257428
7,1843645,1000260,1000260,1000208,1001250,1.843261602,1.841343321
7,1824844,1000521,1000521,966146,1001823,1.888786995,1.821523363
7,1844192,1000521,1000521,1000573,1002031,1.843135883,1.840454038
7,1843150,1000000,1000000,1000000,1001146,1.843150000,1.841040168
7,1843483,1000157,1000157,1000156,1001302,1.843195462,1.841085906
7,1834162,1000208,1000208,986823,1001771,1.858653477,1.830919442
7,1844008,1000469,1000469,1000416,1001615,1.843241212,1.841034729
7,1843806,1000312,1000312,1000313,1001458,1.843229069,1.841121645
7,1843708,1000260,1000260,1000261,1001406,1.843226918,1.841119386
7,1825681,1000417,1000417,983281,1001719,1.856723561,1.822548040
7,1844143,1000520,1000520,1000469,1001614,1.843278502,1.841171349
7,1843735,1000313,1000313,1000313,1001406,1.843158092,1.841146348
7,1843455,1000156,1000156,1000157,1001406,1.843165623,1.840866741
7,1837330,1000156,1000156,996511,1001406,1.843762889,1.834750341
7,1843374,1000104,1000104,1000052,1001198,1.843278150,1.841168280
7,1843850,1000313,1000313,1000312,1001406,1.843274898,1.841261187
7,1843730,1000313,1000313,1000312,1001407,1.843154936,1.841139517
7,1816168,1000625,1000625,965469,1001979,1.881125132,1.812580902
7,1843494,1000157,1000157,1000156,1001354,1.843206460,1.841001284
7,1843628,1000260,1000260,1000260,1001406,1.843148781,1.841039498
7,1843246,1000000,1000000,1000000,1001146,1.843246000,1.841136058
7,1835676,1000208,1000208,997083,1001459,1.841046332,1.833001651
7,1843837,1000364,1000364,1000365,1001458,1.843164245,1.841152600
7,1843333,1000052,1000052,1000053,1001146,1.843235309,1.841222958
7,1843790,1000312,1000312,1000313,1001406,1.843213074,1.841201271
7,1817905,1000208,1000208,978177,1001458,1.858462221,1.815258353
7,1843711,1000313,1000313,1000260,1001459,1.843231760,1.841024945
7,1832269,1000104,1000104,1000105,1001250,1.832076632,1.829981523
7,1844042,1000469,1000469,1000625,1002031,1.842890194,1.840304342
7,1837570,1000104,1000104,995885,1001354,1.845162845,1.835085295
7,1843377,1000469,1000469,1000416,1001563,1.842610474,1.840500298
7,1843590,1000416,1000416,1000417,1001562,1.842821543,1.840714803
7,1843444,1000260,1000260,1000260,1001354,1.842964829,1.840951352
7,1790826,1000365,1000365,941875,1001719,1.901341473,1.787752853
7,1843119,1000052,1000052,1000052,1001093,1.843023163,1.841106670
7,1843859,1000364,1000364,1000313,1001458,1.843282053,1.841174567
7,1844066,1000469,1000469,1000468,1001719,1.843203381,1.840901490
7,1834853,1000468,1000468,992031,1001770,1.849592402,1.831611048
7,1843982,1000417,1000417,1000417,1001459,1.843213380,1.841295550
7,1843851,1000468,1000468,1000469,1001458,1.842986639,1.841166579
7,1843946,1000364,1000364,1000417,1001406,1.843177395,1.841357052
7,1828814,1000156,1000156,981979,1001458,1.862375876,1.826151471
7,1843942,1000364,1000364,1000365,1001510,1.843269207,1.841161846
7,1843096,999948,999948,999896,1000937,1.843287702,1.841370636
7,1843360,1000104,1000104,1000052,1001042,1.843264150,1.841441218
7,1836567,1000365,1000365,990208,1001458,1.854728501,1.833893184
7,1843563,1000260,1000260,1000313,1001198,1.842986145,1.841357054
7,1843024,1000000,1000000,1000000,1000937,1.843024000,1.841298703
7,1844163,1000521,1000521,1000521,1001458,1.843202691,1.841478125
7,1828641,1000781,1000781,972188,1002136,1.880954095,1.824743348
7,1844057,1000468,1000468,1000417,1001614,1.843288349,1.841085488
7,1844183,1000521,1000521,1000521,1001615,1.843222681,1.841209447
7,1843208,1000000,1000000,1000000,1001094,1.843208000,1.841193734
7,1835982,1000208,1000208,992605,1001614,1.849660237,1.833023500
7,1843246,1000053,1000053,1000052,1001146,1.843150156,1.841136058
7,1843884,1000365,1000365,1000364,1001459,1.843213070,1.841197693
7,1843972,1000417,1000417,1000417,1001511,1.843203384,1.841189962
7,1826031,1000521,1000521,979062,1002083,1.865082089,1.822235284
7,1844096,1000417,1000417,1000365,1001563,1.843423151,1.841218176
7,1843170,999948,999948,999948,1001354,1.843265850,1.840677722
7,1843458,1000156,1000156,1000157,1001250,1.843168623,1.841156554
7,1836649,1000156,1000156,996042,1001354,1.843947344,1.834165540
