cpu,cycles,enabled_ns,running_ns,thread_ns,wall_ns,cycles_per_thread_ns,cycles_per_wall_ns
7,1840878,998698,998698,996094,1001928,1.848096666,1.837335617
7,1824101,1000156,1000156,976823,1001615,1.867381296,1.821159827
7,1843542,1000104,1000104,1000157,1001198,1.843252609,1.841336079
7,1843626,1000208,1000208,1000209,1001250,1.843240763,1.841324345
7,1843324,1000052,1000052,1000052,1000990,1.843228152,1.841500914
7,1834251,1000573,1000573,990522,1001562,1.851802383,1.831390368
7,1843992,1000416,1000416,1000417,1001302,1.843223376,1.841594244
7,1842940,1000052,1000052,1000052,1001042,1.842844172,1.841021655
7,1843230,1000208,1000208,1000209,1001041,1.842844845,1.841313193
7,1832758,1000886,1000886,973021,1002083,1.883574969,1.828948301
7,1843039,1000209,1000209,1000208,1001406,1.842655728,1.840451325
7,1843998,1000416,1000416,1000417,1001562,1.843229373,1.841122167
7,1843317,1000364,1000364,1000313,1001458,1.842740222,1.840633357
7,1838349,1000104,1000104,995520,1001303,1.846621866,1.835956748
7,1843178,1000157,1000157,1000156,1001562,1.842890509,1.840303446
7,1843376,1000208,1000208,1000209,1001302,1.842990815,1.840979045
7,1844017,1000416,1000416,1000365,1001510,1.843344179,1.841236733
7,1830028,1000365,1000365,981092,1001875,1.865297036,1.826603119
7,1843445,1000209,1000209,1000208,1001406,1.843061643,1.840856755
7,1843852,1000364,1000364,1000313,1001458,1.843275055,1.841167578
7,1843940,1000416,1000416,1000417,1001510,1.843171398,1.841159849
7,1837145,1000625,1000625,992395,1001927,1.851223555,1.833611630
7,1843358,1000104,1000104,1000052,1001197,1.843262150,1.841154138
7,1842919,1000157,1000157,1000156,1001250,1.842631549,1.840618227
7,1843959,1000417,1000417,1000364,1001823,1.843288043,1.840603580
7,1828674,1000625,1000625,969322,1002188,1.886549568,1.824681597
7,1842731,1000157,1000157,1000104,1001303,1.842539376,1.840333046
7,1843136,1000365,1000365,1000365,1001510,1.842463501,1.840357061
7,1843564,1000208,1000208,1000209,1001302,1.843178776,1.841166801
7,1836268,1000468,1000468,997083,1001927,1.841640064,1.832736317
7,1843251,1000000,1000000,1000052,1001094,1.843155156,1.841236687
7,1843166,1000104,1000104,1000052,1001198,1.843070160,1.840960529
7,1843914,1000521,1000521,1000469,1001614,1.843049610,1.840942718
7,1828781,1000729,1000729,977032,1002188,1.871771856,1.824788363
7,1843535,1000156,1000156,1000157,1001562,1.843245610,1.840659889
7,1843573,1000209,1000209,1000260,1001354,1.843093796,1.841080177
7,1843621,1000417,1000417,1000417,1001510,1.842852530,1.840841330
7,1834328,1000156,1000156,989272,1001667,1.854220073,1.831275264
7,1843364,1000156,1000156,1000157,1001354,1.843074637,1.840871460
7,1843943,1000469,1000469,1000469,1001562,1.843078596,1.841067253
7,1844144,1000521,1000521,1000521,1001563,1.843183701,1.841266101
7,1827911,1000677,1000677,967915,1002187,1.888503639,1.823922082
7,1843601,1000313,1000313,1000313,1001511,1.843024133,1.840819522
7,1844153,1000521,1000521,1000521,1001719,1.843192697,1.840988341
7,1842839,1000105,1000105,1000104,1001407,1.842647365,1.840249769
7,1837584,1000416,1000416,993489,1001979,1.849626921,1.833954604
7,1843957,1000416,1000416,1000417,1001510,1.843188390,1.841176823
7,1844222,1000573,1000573,1000573,1001667,1.843165866,1.841152798
7,1843848,1000468,1000468,1000469,1001562,1.842983641,1.840972401
7,1829861,1000417,1000417,979009,1001771,1.869095177,1.826626045
7,1843426,1000312,1000312,1000261,1001250,1.842944991,1.841124594
7,1843312,1000052,1000052,1000052,1000938,1.843216153,1.841584594
7,1844067,1000469,1000469,1000468,1001303,1.843204380,1.841667307
7,1838912,1000208,1000208,994741,1001094,1.848633966,1.836902429
7,1843218,1000312,1000312,1000313,1001198,1.842641253,1.841012467
7,1843475,1000261,1000261,1000260,1001094,1.842995821,1.841460442
7,1843725,1000364,1000364,1000365,1001250,1.843052286,1.841423221
7,1827286,1000781,1000781,976094,1002135,1.872038963,1.823393056
7,1843730,1000260,1000260,1000261,1001458,1.843248912,1.841045755
7,1843566,1000208,1000208,1000208,1001354,1.843182618,1.841073187
7,1843642,1000312,1000312,1000312,1001406,1.843066963,1.841053479
7,1835431,1000208,1000208,996251,1001875,1.842337925,1.831996007
7,1843960,1000521,1000521,1000521,1001614,1.842999797,1.840988644
7,1842461,1000000,1000000,1000000,1001093,1.842461000,1.840449389
7,1843402,1000209,1000209,1000156,1001355,1.843114474,1.840907570
7,1824995,1000417,1000417,978021,1001771,1.866007990,1.821768648
7,1843673,1000260,1000260,1000260,1001146,1.843193770,1.841562569
7,1844114,1000469,1000469,1000521,1001354,1.843153717,1.841620446
7,1843681,1000364,1000364,1000365,1001198,1.843008302,1.841474913
7,1839451,1000209,1000209,996667,1001198,1.845602393,1.837249975
7,1843297,1000052,1000052,1000052,1000937,1.843201154,1.841571448
7,1843579,1000416,1000416,1000365,1001354,1.842906339,1.841086169
7,1844151,1000521,1000521,1000521,1001354,1.843190698,1.841657396
7,1831332,1000782,1000782,977187,1001927,1.874085513,1.827809810
7,1843550,1000313,1000313,1000260,1001771,1.843070802,1.840290845
7,1843698,1000364,1000364,1000312,1001614,1.843122946,1.840727067
7,1843913,1000365,1000365,1000365,1001511,1.843240217,1.841131051
7,1834141,1000260,1000260,989532,1001771,1.853543898,1.830898479
7,1843217,1000208,1000208,1000209,1001354,1.842831848,1.840724659
7,1843726,1000260,1000260,1000261,1001354,1.843244913,1.841232971
7,1843439,1000156,1000156,1000104,1001250,1.843247302,1.841137578
7,1831607,1000521,1000521,980208,1001979,1.868590136,1.827989409
7,1843609,1000209,1000209,1000208,1001354,1.843225609,1.841116129
7,1842964,999948,999948,1000000,1001146,1.842964000,1.840854381
7,1843210,1000000,1000000,1000000,1001094,1.843210000,1.841195732
7,1836293,1000156,1000156,996980,1001927,1.841855403,1.832761269
7,1843439,1000209,1000209,1000208,1001355,1.843055644,1.840944520
7,1843662,1000261,1000261,1000260,1001354,1.843182772,1.841169057
7,1844135,1000520,1000520,1000469,1001666,1.843270506,1.841067781
7,1828000,1000677,1000677,973438,1002084,1.877880255,1.824198371
7,1843566,1000156,1000156,1000157,1001406,1.843276606,1.840977586
7,1843748,1000312,1000312,1000261,1001406,1.843266907,1.841159330
7,1843647,1000208,1000208,1000208,1001354,1.843263601,1.841154077
7,1835148,1000469,1000469,994375,1001927,1.845529101,1.831618471
7,1843702,1000313,1000313,1000260,1001459,1.843222762,1.841015958
7,1843783,1000313,1000313,1000313,1001719,1.843206076,1.840618976
7,1843524,1000156,1000156,1000156,1001302,1.843236455,1.841126853
7,1827330,1000156,1000156,979479,1001771,1.865614270,1.824099520
7,1843864,1000469,1000469,1000469,1001615,1.842999633,1.840890961
7,1843746,1000417,1000417,1000364,1001614,1.843075121,1.840774989
7,1843609,1000209,1000209,1000260,1001355,1.843129786,1.841114290
7,1838998,1000469,1000469,995886,1001615,1.846594891,1.836032807
7,1843657,1000365,1000365,1000364,1001458,1.842986153,1.840972862
7,1844122,1000521,1000521,1000521,1001615,1.843161713,1.841148545
7,1843112,1000000,1000000,1000052,1001146,1.843016163,1.841002211
7,1825936,1000521,1000521,970261,1001823,1.881901880,1.822613376
7,1843430,1000208,1000208,1000209,1001666,1.843044804,1.840363954
7,1843207,1000000,1000000,1000000,1001146,1.843207000,1.841097103
7,1843844,1000365,1000365,1000364,1001459,1.843173085,1.841157751
7,1838937,1000313,1000313,995626,1001511,1.847015847,1.836162558
7,1844042,1000469,1000469,1000416,1001562,1.843275198,1.841166099
7,1843987,1000416,1000416,1000469,1001510,1.843122576,1.841206778
7,1843627,1000208,1000208,1000208,1001302,1.843243605,1.841229719
7,1803020,1000365,1000365,962656,1001927,1.872963966,1.799552263
7,1843974,1000416,1000416,1000417,1001615,1.843205383,1.841000784
7,1843996,1000469,1000469,1000416,1001614,1.843229217,1.841024586
7,1843247,1000052,1000052,1000052,1001459,1.843151156,1.840561621
7,1834765,1000156,1000156,990208,1001614,1.852908682,1.831808461
7,1843955,1000417,1000417,1000416,1001511,1.843188234,1.841172988
7,1843615,1000261,1000261,1000208,1001355,1.843231608,1.841120282
7,1843353,1000312,1000312,1000261,1001406,1.842872010,1.840764885
7,1771353,1000416,1000416,927032,1001718,1.910778700,1.768315035
7,1843601,1000208,1000208,1000208,1001406,1.843217611,1.841012536
7,1843640,1000261,1000261,1000260,1001406,1.843160778,1.841051482
7,1843678,1000261,1000261,1000208,1001406,1.843294595,1.841089428
7,1834327,1000105,1000105,996927,1001302,1.839981262,1.831941812
7,1843383,1000208,1000208,1000157,1001302,1.843093634,1.840986036
7,1843539,1000208,1000208,1000105,1001250,1.843345449,1.841237453
7,1841677,1000104,1000104,1000052,1001093,1.841581238,1.839666245
7,1837597,1000000,1000000,990573,1001355,1.855084885,1.835110425
7,1844135,1000520,1000520,1000469,1001510,1.843270506,1.841354555
7,1843917,1000364,1000364,1000365,1001406,1.843244216,1.841328093
7,1836963,1000521,1000521,995261,1001562,1.845709819,1.834098139
7,1843895,1000365,1000365,1000365,1001355,1.843222224,1.841399903
7,1843519,1000417,1000417,1000365,1001355,1.842846361,1.841024412
7,1843819,1000365,1000365,1000312,1001355,1.843243908,1.841324006
7,1873179,1048073,1048073,973281,1049167,1.924602453,1.785396414
7,1835149,1000521,1000521,989843,1001667,1.853979874,1.832094898
7,1843270,1000052,1000052,1000052,1001041,1.843174155,1.841353151
7,1843457,1000156,1000156,1000052,1001094,1.843361145,1.841442462
7,1837048,1000416,1000416,997292,1001458,1.842036234,1.834373483
7,1843739,1000260,1000260,1000208,1001250,1.843355582,1.841437203
7,1843645,1000312,1000312,1000365,1001250,1.842972315,1.841343321
7,1843397,1000104,1000104,1000104,1001041,1.843205307,1.841480019
7,1836905,1000469,1000469,992605,1001510,1.850590114,1.834135455
7,1836122,1000156,1000156,994791,1001302,1.845736441,1.833734478
7,1843276,1000000,1000000,1000000,1000938,1.843276000,1.841548627
7,1843290,1000156,1000156,1000104,1001146,1.843098318,1.841180008
7,1838691,1000105,1000105,997395,1001042,1.843493300,1.836777078
7,1843343,1000104,1000104,1000104,1000990,1.843151312,1.841519895
7,1843759,1000364,1000364,1000417,1001302,1.842990473,1.841361547
7,1843273,1000157,1000157,1000104,1001042,1.843081320,1.841354309
7,1812655,1000260,1000260,969739,1001354,1.869219450,1.810203984
7,1844229,1000417,1000417,1000469,1001875,1.843364462,1.840777542
7,1843172,1000000,1000000,1000000,1001094,1.843172000,1.841157773
7,1843502,1000156,1000156,1000156,1001250,1.843214459,1.841200499
7,1835854,1000365,1000365,995885,1001510,1.843439755,1.833086040
7,1844168,1000520,1000520,1000521,1001875,1.843207689,1.840716656
7,1843161,1000000,1000000,999948,1001094,1.843256849,1.841146785
7,1843499,1000156,1000156,1000156,1001302,1.843211459,1.841101885
7,1827247,1000365,1000365,982447,1001562,1.859893714,1.824397291
7,1843669,1000260,1000260,1000261,1001667,1.843187928,1.840600719
7,1843617,1000209,1000209,1000208,1001302,1.843233607,1.841219732
7,1843430,1000156,1000156,1000104,1001250,1.843238303,1.841128589
7,1835638,1000521,1000521,992655,1001771,1.849220525,1.832392832
7,1843653,1000260,1000260,1000209,1001354,1.843267757,1.841160069
7,1843563,1000208,1000208,1000209,1001302,1.843177776,1.841165802
7,1843103,1000156,1000156,1000157,1001510,1.842813678,1.840324111
7,1819424,1000365,1000365,960000,1001562,1.895233333,1.816586492
7,1843733,1000260,1000260,1000312,1001770,1.843157935,1.840475359
7,1844051,1000469,1000469,1000469,1001562,1.843186546,1.841175085
7,1843402,1000105,1000105,1000104,1001198,1.843210306,1.841196247
7,1837478,1000313,1000313,996927,1001458,1.843141975,1.834802857
7,1844000,1000416,1000416,1000417,1001511,1.843231373,1.841217920
7,1843558,1000313,1000313,1000260,1001406,1.843078800,1.840969597
7,1843893,1000417,1000417,1000364,1001458,1.843222067,1.841208518
7,1805918,1000469,1000469,969688,1001667,1.862370164,1.802912545
7,1843724,1000417,1000417,1000417,1001667,1.842955488,1.840655627
7,1843887,1000573,1000573,1000520,1001927,1.842928677,1.840340664
7,1843546,1000208,1000208,1000156,1001250,1.843258452,1.841244444
7,1836361,1000521,1000521,996249,1001666,1.843275125,1.833306711
7,1843410,1000208,1000208,1000209,1001302,1.843024808,1.841013001
7,1843882,1000416,1000416,1000469,1001511,1.843017625,1.841100098
7,1843957,1000521,1000521,1000469,1001614,1.843092590,1.840985649
7,1808367,1000625,1000625,949375,1001875,1.904797367,1.804982658
7,1843344,1000156,1000156,1000208,1001562,1.842960664,1.840469187
7,1843898,1000365,1000365,1000364,1001615,1.843227065,1.840924906
7,1843867,1000364,1000364,1000365,1001407,1.843194234,1.841276324
7,1836463,1000104,1000104,996042,1001406,1.843760604,1.833884558
7,1843334,1000104,1000104,1000052,1001094,1.843238152,1.841319596
7,1844023,1000573,1000573,1000521,1001563,1.843062764,1.841145290
7,1843555,1000156,1000156,1000208,1001250,1.843171620,1.841253433
7,1828279,1000260,1000260,977814,1001459,1.869761529,1.825615427
7,1843122,1000052,1000052,1000000,1001146,1.843122000,1.841012200
7,1843518,1000208,1000208,1000156,1001146,1.843230456,1.841407747
7,1843728,1000260,1000260,1000261,1001250,1.843246913,1.841426217
7,1839773,1000520,1000520,996876,1001615,1.845538462,1.836806557
7,1843960,1000521,1000521,1000469,1001458,1.843095588,1.841275420
7,1843818,1000417,1000417,1000417,1001615,1.843049448,1.840845035
7,1843050,1000000,1000000,1000052,1000990,1.842954166,1.841227185
7,1823665,1000469,1000469,967292,1001614,1.885330386,1.820726348
7,1844138,1000521,1000521,1000520,1001875,1.843179547,1.840686712
7,1843263,1000052,1000052,1000052,1001145,1.843167155,1.841154878
7,1844150,1000521,1000521,1000521,1001615,1.843189698,1.841176500
7,1836147,1000313,1000313,993073,1001458,1.848954709,1.833473795
7,1844233,1000521,1000521,1000521,1001615,1.843272655,1.841259366
7,1843736,1000313,1000313,1000260,1001562,1.843256753,1.840860576
7,1843683,1000260,1000260,1000261,1001406,1.843201924,1.841094421
7,1813443,1000468,1000468,973437,1001719,1.862927955,1.810331041
7,1842965,1000104,1000104,1000052,1001250,1.842869171,1.840664170
7,1843548,1000313,1000313,1000312,1001719,1.842972992,1.840384379
7,1843934,1000365,1000365,1000364,1001458,1.843263052,1.841249458
7,1836759,1000417,1000417,995834,1001615,1.844442949,1.833797417
7,1843493,1000208,1000208,1000156,1001302,1.843205460,1.841095893
7,1843774,1000417,1000417,1000416,1001563,1.843007309,1.840896678
7,1843824,1000365,1000365,1000312,1001458,1.843248906,1.841139618
7,1816086,1000261,1000261,961458,1001510,1.888887502,1.813347845
7,1843691,1000261,1000261,1000260,1001718,1.843211765,1.840528971
7,1843559,1000312,1000312,1000313,1001667,1.842982147,1.840490902
7,1843863,1000312,1000312,1000365,1001510,1.843190236,1.841082965
7,1834921,1000364,1000364,996772,1001667,1.840863307,1.831867277
7,1843354,1000209,1000209,1000156,1001302,1.843066482,1.840957074
7,1843664,1000261,1000261,1000260,1001354,1.843184772,1.841171054
7,1843730,1000261,1000261,1000260,1001406,1.843250755,1.841141355
7,1806344,1000572,1000572,960260,1002083,1.881098869,1.802589207
7,1843082,1000000,1000000,1000052,1001250,1.842986165,1.840781024
7,1844115,1000469,1000469,1000521,1001667,1.843154716,1.841045976
7,1843315,1000157,1000157,1000156,1001510,1.843027488,1.840535791
7,1838084,1000468,1000468,994896,1001667,1.847513710,1.835025013
7,1843461,1000157,1000157,1000156,1001562,1.843173465,1.840586005
7,1843805,1000364,1000364,1000365,1001407,1.843132257,1.841214411
7,1843423,1000104,1000104,1000104,1001354,1.843231304,1.840930380
7,1821457,1000677,1000677,961876,1002083,1.893650533,1.817670792
7,1843220,1000156,1000156,1000105,1001563,1.843026482,1.840343543
7,1843734,1000469,1000469,1000469,1001614,1.842869694,1.840763009
7,1843416,1000208,1000208,1000209,1001354,1.843030807,1.840923390
7,1834979,1000156,1000156,987396,1001407,1.858402303,1.832400812
7,1843130,1000053,1000053,1000052,1001458,1.843034162,1.840446629
7,1843347,1000209,1000209,1000156,1001198,1.843059483,1.841141313
7,1843193,1000104,1000104,1000104,1001355,1.843001328,1.840698853
7,1826495,1000573,1000573,980209,1001927,1.863373015,1.822982113
7,1844029,1000417,1000417,1000469,1001458,1.843164556,1.841344320
7,1843131,1000260,1000260,1000261,1001302,1.842650068,1.840734364
7,1844119,1000521,1000521,1000469,1001510,1.843254514,1.841338579
7,1837208,1000156,1000156,996407,1001250,1.843832892,1.834914357
7,1843196,1000000,1000000,999948,1001042,1.843291851,1.841277389
7,1843430,1000469,1000469,1000416,1001458,1.842663452,1.840746192
7,1844178,1000521,1000521,1000469,1001562,1.843313486,1.841301886
7,1828484,1000417,1000417,971926,1001875,1.881299605,1.825062009
7,1844170,1000521,1000521,1000521,1001927,1.843209688,1.840623119
7,1843251,1000261,1000261,1000208,1001354,1.842867684,1.840758613
7,1843285,1000260,1000260,1000209,1001354,1.842899834,1.840792567
7,1834410,1000312,1000312,996980,1001771,1.839966699,1.831167003
7,1843701,1000260,1000260,1000261,1001354,1.843219920,1.841208004
7,1843939,1000416,1000416,1000365,1001511,1.843266208,1.841157012
7,1843079,1000052,1000052,1000000,1001146,1.843079000,1.840969249
7,1826960,1000364,1000364,982344,1001875,1.859796568,1.823540861
7,1843355,1000260,1000260,1000313,1001354,1.842778210,1.840862472
7,1844080,1000469,1000469,1000521,1001562,1.843119735,1.841204039
7,1843625,1000208,1000208,1000208,1001615,1.843241606,1.840652346
7,1836818,1000417,1000417,995936,1001667,1.844313289,1.833761120
7,1843729,1000416,1000416,1000365,1001510,1.843056284,1.840949167
7,1843818,1000312,1000312,1000312,1001407,1.843242908,1.841227393
7,1843540,1000156,1000156,1000156,1001302,1.843252453,1.841142832
7,1796454,1000208,1000208,945156,1001823,1.900695758,1.793185024
7,1843177,1000000,1000000,1000000,1001198,1.843177000,1.840971516
7,1843846,1000365,1000365,1000364,1001458,1.843175084,1.841161586
7,1843996,1000469,1000469,1000417,1001562,1.843227374,1.841120170
7,1837583,1000416,1000416,995313,1001615,1.846236310,1.834620089
7,1843601,1000209,1000209,1000208,1001614,1.843217611,1.840630223
7,1843647,1000260,1000260,1000260,1001302,1.843167776,1.841249693
7,1843474,1000156,1000156,1000156,1001250,1.843186463,1.841172534
7,1804092,1000573,1000573,963229,1002084,1.872962712,1.800340091
7,1843086,999948,999948,999896,1001146,1.843277701,1.840976241
7,1843638,1000261,1000261,1000260,1001354,1.843158779,1.841145090
7,1842920,999948,999948,999948,1001094,1.843015837,1.840906049
7,1836099,1000052,1000052,992656,1001250,1.849683072,1.833806742
7,1843254,1000104,1000104,1000104,1001198,1.843062322,1.841048424
7,1843149,1000000,1000000,999948,1001145,1.843244849,1.841041008
7,1843721,1000312,1000312,1000313,1001407,1.843144096,1.841130529
7,1826896,1000573,1000573,969323,1002136,1.884713351,1.823002068
7,1843751,1000313,1000313,1000260,1001511,1.843271749,1.840969295
7,1843216,1000000,1000000,1000052,1001145,1.843120158,1.841107931
7,1843918,1000417,1000417,1000364,1001511,1.843247058,1.841136043
7,1835738,1000469,1000469,996823,1001927,1.841588727,1.832207336
7,1843458,1000156,1000156,1000156,1001250,1.843170465,1.841156554
7,1843273,1000053,1000053,1000052,1001146,1.843177155,1.841163027
7,1843925,1000417,1000417,1000364,1001510,1.843254056,1.841144871
7,1827050,1000572,1000572,982031,1002135,1.860480983,1.823157559
7,1843373,1000104,1000104,1000104,1001250,1.843181309,1.841071660
7,1843795,1000417,1000417,1000468,1001823,1.842932508,1.840439878
7,1844161,1000521,1000521,1000520,1001615,1.843202535,1.841187482
7,1836654,1000417,1000417,995782,1001614,1.844433822,1.833694417
7,1843700,1000261,1000261,1000260,1001406,1.843220763,1.841111397
7,1844074,1000521,1000521,1000417,1001614,1.843305342,1.841102461
7,1843843,1000469,1000469,1000416,1001563,1.843076280,1.840965571
7,1827869,1000417,1000417,970989,1001927,1.882481676,1.824353471
7,1843406,1000416,1000416,1000365,1001562,1.842733402,1.840531090
7,1843902,1000365,1000365,1000364,1001511,1.843231064,1.841120068
7,1843324,1000052,1000052,1000104,1001458,1.843132314,1.840640346
7,1836633,1000469,1000469,996772,1001927,1.842580851,1.833100615
7,1843780,1000312,1000312,1000313,1001406,1.843203077,1.841191285
7,1844035,1000521,1000521,1000521,1001771,1.843074758,1.840774987
7,1843805,1000312,1000312,1000365,1001406,1.843132257,1.841216250
7,1779809,1000312,1000312,945885,1001823,1.881633602,1.776570312
7,1843563,1000208,1000208,1000156,1001667,1.843275449,1.840494895
7,1844139,1000521,1000521,1000521,1001614,1.843178704,1.841167356
7,1843263,1000052,1000052,1000000,1001198,1.843263000,1.841057413
7,1836279,1000104,1000104,995781,1001302,1.844059085,1.833891274
7,1843493,1000157,1000157,1000156,1001250,1.843205460,1.841191511
7,1843258,1000105,1000105,1000104,1001562,1.843066321,1.840383321
7,1843667,1000261,1000261,1000260,1001354,1.843187771,1.841174050
7,1778538,1000833,1000833,928177,1002448,1.916162542,1.774194771
7,1843452,1000156,1000156,1000104,1001354,1.843260301,1.840959341
7,1843288,1000052,1000052,1000052,1001198,1.843192154,1.841082383
7,1844150,1000521,1000521,1000469,1001615,1.843285499,1.841176500
7,1836479,1000313,1000313,996614,1001770,1.842718445,1.833234176
7,1843537,1000209,1000209,1000156,1001302,1.843249453,1.841139836
7,1844044,1000469,1000469,1000469,1001614,1.843179549,1.841072509
7,1843777,1000312,1000312,1000313,1001406,1.843200078,1.841188289
7,1829504,1000364,1000364,981772,1001771,1.863471356,1.826269676
7,1842954,999948,999948,999896,1001563,1.843145687,1.840077958
7,1843798,1000313,1000313,1000312,1001406,1.843222914,1.841209260
7,1844060,1000469,1000469,1000521,1001562,1.843099745,1.841184070
7,1836325,1000260,1000260,995937,1001459,1.843816426,1.833649705
7,1843996,1000417,1000417,1000469,1001563,1.843131571,1.841118332
7,1843962,1000416,1000416,1000417,1001510,1.843193388,1.841181815
7,1843287,1000052,1000052,1000052,1001198,1.843191154,1.841081385
7,1826438,1000677,1000677,971876,1002240,1.879291185,1.822355923
7,1843514,1000156,1000156,1000157,1001406,1.843224614,1.840925659
7,1843659,1000260,1000260,1000209,1001354,1.843273756,1.841166061
7,1843180,1000000,1000000,1000000,1001406,1.843180000,1.840592127
7,1837076,1000573,1000573,995365,1001771,1.845630497,1.833828290
7,1842465,1000000,1000000,1000000,1001094,1.842465000,1.840451546
7,1843582,1000468,1000468,1000521,1001667,1.842621994,1.840513863
7,1843502,1000156,1000156,1000156,1001250,1.843214459,1.841200499
7,1828028,1000469,1000469,982499,1001927,1.860590189,1.824512165
7,1843252,1000000,1000000,1000000,1001250,1.843252000,1.840950811
7,1843528,1000157,1000157,1000208,1001354,1.843144626,1.841035238
7,1843129,1000156,1000156,1000156,1001302,1.842841517,1.840732366
7,1836687,1000469,1000469,996042,1001666,1.843985495,1.833632169
7,1843006,1000052,1000052,1000052,1001459,1.842910169,1.840320972
7,1843025,1000000,1000000,1000000,1001094,1.843025000,1.841010934
7,1843380,1000052,1000052,1000104,1001198,1.843188308,1.841174273
7,1791080,1000312,1000312,940206,1001875,1.904986779,1.787728010
7,1843436,1000105,1000105,1000052,1001302,1.843340146,1.841038967
7,1843112,999948,999948,999948,1001094,1.843207847,1.841097839
7,1844114,1000521,1000521,1000468,1001615,1.843251358,1.841140558
7,1833789,1000052,1000052,993334,1001302,1.846095070,1.831404511
7,1842867,1000157,1000157,1000104,1001354,1.842675362,1.840375132
7,1843592,1000208,1000208,1000260,1001302,1.843112791,1.841194764
7,1842916,1000052,1000052,1000000,1001042,1.842916000,1.840997680
7,1829307,1000625,1000625,979531,1001927,1.867533544,1.825788705
7,1843341,1000156,1000156,1000156,1001250,1.843053484,1.841039700
7,1843732,1000469,1000469,1000469,1001510,1.842867695,1.840952162
7,1842989,1000000,1000000,1000000,1001042,1.842989000,1.841070604
7,1835817,1000260,1000260,996302,1001406,1.842631050,1.833239465
7,1843755,1000416,1000416,1000365,1001406,1.843082275,1.841166320
7,1843673,1000364,1000364,1000365,1001354,1.843000305,1.841180042
7,1843693,1000260,1000260,1000261,1001250,1.843211922,1.841391261
7,1816573,1000729,1000729,957656,1002135,1.896895127,1.812702879
7,1843171,1000364,1000364,1000365,1001666,1.842498488,1.840105384
7,1843599,1000261,1000261,1000208,1001667,1.843215611,1.840530835
7,1843067,1000052,1000052,1000052,1001146,1.842971165,1.840957263
7,1835886,1000052,1000052,992760,1001302,1.849274749,1.833498785
7,1843102,1000052,1000052,1000000,1001146,1.843102000,1.840992223
7,1843701,1000312,1000312,1000313,1001406,1.843124102,1.841112396
7,1843653,1000260,1000260,1000209,1001354,1.843267757,1.841160069
7,1827988,1000520,1000520,983437,1002031,1.858774888,1.824282881
7,1843882,1000365,1000365,1000312,1001562,1.843306888,1.841006348
7,1844076,1000469,1000469,1000469,1001563,1.843211534,1.841198207
7,1843476,1000156,1000156,1000209,1001250,1.843090794,1.841174532
7,1835691,1000312,1000312,995365,1001771,1.844239048,1.832445739
7,1843605,1000208,1000208,1000208,1001355,1.843221610,1.841110296
7,1843384,1000104,1000104,1000105,1001250,1.843190465,1.841082647
7,1843411,1000156,1000156,1000104,1001250,1.843219305,1.841109613
7,1825472,1000365,1000365,969115,1001980,1.883648483,1.821864708
7,1843243,1000052,1000052,1000000,1001198,1.843243000,1.841037437
7,1844013,1000573,1000573,1000573,1001667,1.842956986,1.840944146
7,1844158,1000520,1000520,1000521,1001614,1.843197694,1.841186325
7,1836192,1000313,1000313,995989,1001719,1.843586626,1.833041003
7,1843029,1000104,1000104,1000104,1001198,1.842837345,1.840823693
7,1843224,1000000,1000000,999948,1001094,1.843319853,1.841209717
7,1844038,1000520,1000520,1000521,1001979,1.843077756,1.840395857
7,1798606,1000468,1000468,959739,1001875,1.874057426,1.795239925
7,1843379,1000104,1000104,1000104,1001302,1.843187309,1.840982041
7,1843192,1000000,1000000,1000000,1001094,1.843192000,1.841177752
7,1844035,1000468,1000468,1000469,1001562,1.843170553,1.841159109
7,1836821,1000208,1000208,992708,1001458,1.850313486,1.834146814
7,1843265,1000157,1000157,1000156,1001250,1.842977496,1.840963795
7,1843885,1000469,1000469,1000469,1001563,1.843020623,1.841007505
7,1843925,1000416,1000416,1000417,1001510,1.843156404,1.841144871
7,1810038,1000469,1000469,952448,1002031,1.900406111,1.806369264
7,1843450,1000156,1000156,1000105,1001614,1.843256458,1.840479466
7,1843771,1000313,1000313,1000260,1001406,1.843291744,1.841182298
7,1843345,1000157,1000157,1000156,1001302,1.843057483,1.840948086
7,1837665,1000521,1000521,995886,1001719,1.845256385,1.834511475
7,1843807,1000365,1000365,1000312,1001458,1.843231912,1.841122643
7,1843815,1000521,1000521,1000521,1001667,1.842854873,1.840746476
7,1843299,1000052,1000052,1000053,1001146,1.843201310,1.841188997
7,1826537,1000625,1000625,983594,1002135,1.857002991,1.822645652
7,1842836,1000052,1000052,1000000,1001146,1.842836000,1.840726527
7,1843931,1000521,1000521,1000520,1001615,1.842972654,1.840957853
7,1843929,1000364,1000364,1000365,1001770,1.843256211,1.840671012
7,1838062,1000261,1000261,995728,1001407,1.845947889,1.835479480
7,1843424,1000104,1000104,1000105,1001198,1.843230461,1.841218221
7,1843442,1000104,1000104,1000104,1001250,1.843250302,1.841140574
7,1843921,1000520,1000520,1000521,1001562,1.842960817,1.841045287
7,1817982,1000625,1000625,964635,1001979,1.884632011,1.814391320
7,1843551,1000416,1000416,1000365,1001511,1.842878349,1.840769597
7,1843617,1000312,1000312,1000365,1001406,1.842944325,1.841028514
7,1843100,1000000,1000000,1000000,1001093,1.843100000,1.841087691
7,1837543,1000313,1000313,997187,1001563,1.842726590,1.834675402
7,1843415,1000208,1000208,1000208,1001458,1.843031649,1.840731214
7,1843080,1000052,1000052,1000052,1001042,1.842984165,1.841161510
7,1844039,1000468,1000468,1000469,1001458,1.843174551,1.841354305
7,1829215,1000469,1000469,984427,1001823,1.858152001,1.825886409
7,1844141,1000469,1000469,1000468,1001510,1.843278346,1.841360546
7,1843616,1000209,1000209,1000208,1001250,1.843232608,1.841314357
7,1843733,1000365,1000365,1000364,1001406,1.843062125,1.841144351
7,1837100,1000156,1000156,996250,1001302,1.844015056,1.834711206
7,1843610,1000365,1000365,1000312,1001302,1.843034973,1.841212741
7,1843737,1000365,1000365,1000416,1001458,1.842970324,1.841052745
7,1843570,1000261,1000261,1000312,1001510,1.842994986,1.840790406
7,1803853,1000261,1000261,951093,1001771,1.896610531,1.800664024
7,1843437,1000104,1000104,1000104,1001302,1.843245302,1.841039966
7,1843348,1000052,1000052,1000104,1001198,1.843156312,1.841142312
7,1842874,1000052,1000052,1000000,1001146,1.842874000,1.840764484
7,1835034,1000104,1000104,995469,1001302,1.843386384,1.832647892
7,1843156,1000104,1000104,1000104,1001198,1.842964332,1.840950541
7,1843477,1000469,1000469,1000469,1001563,1.842612815,1.840600142
7,1843521,1000156,1000156,1000156,1001250,1.843233456,1.841219476
7,1809327,1000572,1000572,966771,1002136,1.871515592,1.805470515
7,1843392,1000209,1000209,1000156,1001511,1.843104476,1.840610837
7,1843382,1000208,1000208,1000157,1001302,1.843092634,1.840985037
7,1843431,1000208,1000208,1000261,1001407,1.842949990,1.840840937
7,1837951,1000105,1000105,995261,1001250,1.846702523,1.835656429
7,1842972,1000000,1000000,999948,1001094,1.843067840,1.840957992
7,1843202,1000000,1000000,1000000,1001094,1.843202000,1.841187741
7,1843695,1000364,1000364,1000364,1001458,1.843024139,1.841010806
7,1825990,1000573,1000573,971509,1002083,1.879539973,1.822194369
7,1843742,1000312,1000312,1000313,1001459,1.843165089,1.841055899
7,1843825,1000312,1000312,1000365,1001510,1.843152249,1.841045022
7,1843711,1000365,1000365,1000364,1001510,1.843040133,1.840931194
7,1836805,1000365,1000365,996562,1001823,1.843141721,1.833462598
7,1844109,1000469,1000469,1000469,1001615,1.843244518,1.841135566
7,1843533,1000208,1000208,1000156,1001302,1.843245454,1.841135841
7,1843651,1000260,1000260,1000209,1001355,1.843265757,1.841156233
7,1828514,1000573,1000573,982760,1002084,1.860590582,1.824711302
7,1843860,1000469,1000469,1000417,1001667,1.843091431,1.840791401
7,1843719,1000364,1000364,1000365,1001510,1.843046288,1.840939182
7,1843106,1000052,1000052,1000052,1001146,1.843010163,1.840996218
7,1834634,1000052,1000052,995365,1001250,1.843177126,1.832343571
7,1844239,1000573,1000573,1000573,1001719,1.843182856,1.841074193
7,1843612,1000312,1000312,1000313,1001719,1.843035130,1.840448269
7,1843383,1000104,1000104,1000052,1001198,1.843287149,1.841177270
7,1827369,1000729,1000729,970885,1002344,1.882168331,1.823095664
7,1843889,1000469,1000469,1000469,1001667,1.843024621,1.840820352
7,1843490,1000260,1000260,1000260,1001354,1.843010817,1.840997290
7,1843602,1000417,1000417,1000416,1001510,1.842835380,1.840822358
7,1836155,1000312,1000312,992865,1001563,1.849350113,1.833289568
7,1843568,1000312,1000312,1000260,1001406,1.843088797,1.840979583
7,1842927,1000208,1000208,1000208,1001250,1.842543751,1.840626217
7,1868317,1019010,1019010,1007395,1020208,1.854602217,1.831309890
7,1837321,1000365,1000365,989220,1001719,1.857343159,1.834168065
7,1843420,1000209,1000209,1000156,1001615,1.843132471,1.840447677
7,1843673,1000260,1000260,1000208,1001354,1.843289596,1.841180042
7,1835557,1000521,1000521,995833,1001666,1.843237772,1.832504048
7,1844039,1000521,1000521,1000573,1001667,1.842982971,1.840970103
7,1844128,1000521,1000521,1000469,1001615,1.843263509,1.841154535
7,1843387,1000208,1000208,1000157,1001303,1.843097634,1.840988192
7,1831520,1000156,1000156,972501,1001459,1.883309117,1.828851705
7,1809792,1000625,1000625,975469,1002188,1.855304474,1.805840820
7,1843204,1000208,1000208,1000209,1001354,1.842818851,1.840711676
7,1844145,1000521,1000521,1000468,1001562,1.843282344,1.841268938
7,1835631,1000572,1000572,996927,1001771,1.841289282,1.832385845
7,1844037,1000468,1000468,1000417,1001719,1.843268357,1.840872540
7,1844123,1000521,1000521,1000468,1001562,1.843260354,1.841246972
7,1843596,1000313,1000313,1000312,1001354,1.843020977,1.841103146
7,1837600,1000521,1000521,992031,1001667,1.852361469,1.834541819
7,1835954,1000313,1000313,992760,1001614,1.849343245,1.832995545
7,1843102,1000000,1000000,1000052,1001094,1.843006164,1.841087850
7,1843552,1000157,1000157,1000156,1001354,1.843264451,1.841059206
7,1837591,1000417,1000417,996772,1001510,1.843541953,1.834820421
7,1843787,1000312,1000312,1000313,1001355,1.843210075,1.841292049
7,1843128,1000156,1000156,1000157,1001407,1.842838674,1.840538363
7,1843590,1000312,1000312,1000313,1001302,1.843013137,1.841192767
7,1831478,1000312,1000312,979219,1001511,1.870345653,1.828714812
7,1836418,1000209,1000209,993854,1001719,1.847774422,1.833266615
7,1843072,999948,999948,999896,1001093,1.843263699,1.841059722
7,1843741,1000260,1000260,1000261,1001407,1.843259909,1.841150501
7,1837779,1000573,1000573,995990,1001770,1.845178164,1.834531879
7,1844005,1000417,1000417,1000416,1001562,1.843238213,1.841129156
7,1843259,1000261,1000261,1000260,1001354,1.842779877,1.840766602
7,1843928,1000521,1000521,1000469,1001562,1.843063603,1.841052276
7,1843082,1008646,1008646,987448,1009896,1.866510439,1.825021586
7,1843794,1000312,1000312,1000261,1001719,1.843312895,1.840629957
7,1843184,999948,999948,1000000,1001146,1.843184000,1.841074129
7,1844170,1000521,1000521,1000521,1001615,1.843209688,1.841196468
7,1836329,1000365,1000365,989428,1001563,1.855950105,1.833463297
7,1843964,1000521,1000521,1000469,1001666,1.843099586,1.840897065
7,1844040,1000364,1000364,1000417,1001511,1.843271356,1.841257859
7,1844041,1000469,1000469,1000468,1001562,1.843178393,1.841165100
7,1821514,1000572,1000572,963646,1001771,1.890231475,1.818293802
7,1843600,1000312,1000312,1000364,1001823,1.842929174,1.840245233
7,1843387,1000104,1000104,1000053,1001459,1.843289306,1.840701417
7,1843809,1000313,1000313,1000312,1001406,1.843233911,1.841220244
7,1836860,1000104,1000104,996250,1001250,1.843774153,1.834566792
7,1843450,1000209,1000209,1000208,1001667,1.843066642,1.840382083
7,1842853,1000052,1000052,1000000,1001145,1.842853000,1.840745347
7,1843146,1000000,1000000,1000000,1001094,1.843146000,1.841131802
7,1801859,1000261,1000261,962970,1001667,1.871147595,1.798860300
7,1843722,1000365,1000365,1000364,1001875,1.843051129,1.840271491
7,1843961,1000521,1000521,1000468,1001614,1.843098430,1.840989643
7,1843486,1000156,1000156,1000156,1001250,1.843198461,1.841184519
7,1835385,1000052,1000052,996614,1001354,1.841620728,1.832903249
7,1843267,1000052,1000052,1000052,1001145,1.843171155,1.841158873
7,1843211,1000104,1000104,1000053,1001198,1.843113315,1.841005475
7,1843446,1000104,1000104,1000104,1001198,1.843254302,1.841240194
7,1828784,1000208,1000208,969012,1001458,1.887266618,1.826121515
7,1843701,1000261,1000261,1000208,1001771,1.843317590,1.840441578
7,1843769,1000312,1000312,1000312,1001459,1.843193923,1.841082860
7,1843216,1000052,1000052,1000052,1001094,1.843120158,1.841201725
7,1834842,1000104,1000104,995417,1001303,1.843289797,1.832454312
7,1843317,1000052,1000052,1000052,1001198,1.843221153,1.841111349
7,1844092,1000469,1000469,1000468,1001614,1.843229369,1.841120432
7,1844225,1000573,1000573,1000573,1001927,1.843168864,1.840678013
7,1828163,1000364,1000364,988698,1001563,1.849061088,1.825310040
7,1844195,1000573,1000573,1000521,1001666,1.843234675,1.841127681
7,1843889,1000364,1000364,1000365,1001511,1.843216226,1.841107087
7,1843114,1000156,1000156,1000156,1001250,1.842826519,1.840812984
7,1834507,1000000,1000000,993177,1001302,1.847109830,1.832121578
7,1843739,1000365,1000365,1000364,1001511,1.843068123,1.840957313
7,1843178,1000000,1000000,1000000,1001145,1.843178000,1.841069975
7,1843746,1000260,1000260,1000260,1001407,1.843266751,1.841155494
7,1790036,1000469,1000469,944844,1001718,1.894530737,1.786965992
7,1843329,1000052,1000052,1000104,1001458,1.843137314,1.840645339
7,1844206,1000573,1000573,1000573,1001614,1.843149875,1.841234248
7,1843703,1000260,1000260,1000260,1001407,1.843223762,1.841112555
7,1837031,1000365,1000365,996353,1001563,1.843755175,1.834164201
7,1843874,1000468,1000468,1000417,1001563,1.843105425,1.840996522
7,1843350,1000208,1000208,1000208,1001302,1.842966663,1.840953079
7,1843875,1000469,1000469,1000468,1001562,1.843012470,1.840999359
7,1789244,1000625,1000625,957552,1001875,1.868560663,1.785895446
7,1843186,1000000,1000000,999948,1001094,1.843281851,1.841171758
7,1843265,1000052,1000052,1000052,1001146,1.843169155,1.841155036
7,1843197,1000000,1000000,999948,1001093,1.843292851,1.841184585
7,1838050,1000573,1000573,996979,1001875,1.843619575,1.834610106
7,1843277,1000260,1000260,1000208,1001354,1.842893678,1.840784578
7,1843688,1000365,1000365,1000364,1001458,1.843017142,1.841003816
7,1844161,1000521,1000521,1000469,1001614,1.843296494,1.841189320
7,1826391,1000729,1000729,969792,1002344,1.883281157,1.822119951
7,1843533,1000209,1000209,1000208,1001354,1.843149625,1.841040232
7,1843540,1000157,1000157,1000156,1001302,1.843252453,1.841142832
7,1843413,1000105,1000105,1000104,1001302,1.843221305,1.841015997
7,1835288,1000521,1000521,994896,1001770,1.844703366,1.832045280
7,1843200,1000104,1000104,1000104,1001197,1.843008327,1.840996327
7,1843912,1000521,1000521,1000468,1001928,1.843049453,1.840363779
7,1843196,1000000,1000000,1000000,1001146,1.843196000,1.841086115
7,1828092,1000469,1000469,982656,1002084,1.860358050,1.824290179
7,1843475,1000156,1000156,1000156,1001354,1.843187463,1.840982310
7,1844165,1000521,1000521,1000469,1001614,1.843300492,1.841193314
7,1843276,1000104,1000104,1000157,1001250,1.842986651,1.840974782
7,1836026,1000156,1000156,991511,1001354,1.851745467,1.833543382
7,1843700,1000260,1000260,1000260,1001407,1.843220763,1.841109559
7,1843205,1000104,1000104,1000104,1001197,1.843013327,1.841001321
7,1843548,1000156,1000156,1000156,1001302,1.843260451,1.841150822
7,1822019,1000521,1000521,965731,1002084,1.886673411,1.818229809
7,1844056,1000469,1000469,1000469,1001667,1.843191543,1.840987075
7,1843318,1000052,1000052,1000052,1001146,1.843222152,1.841207976
7,1843462,1000104,1000104,1000156,1001303,1.843174465,1.841063095
7,1837708,1000313,1000313,996718,1001771,1.843759218,1.834459173
7,1843839,1000469,1000469,1000468,1001563,1.842976487,1.840961577
7,1843094,1000052,1000052,1000000,1001146,1.843094000,1.840984232
7,1843186,1000104,1000104,1000052,1001198,1.843090159,1.840980505
7,1828844,1000521,1000521,981874,1002032,1.862605589,1.825135325
7,1843578,1000417,1000417,1000417,1001510,1.842809548,1.840798394
7,1843928,1000416,1000416,1000417,1001771,1.843159403,1.840668177
7,1843878,1000469,1000469,1000417,1001562,1.843109423,1.841002354
7,1838158,1000052,1000052,995625,1001354,1.846235279,1.835672499
7,1844016,1000469,1000469,1000416,1001510,1.843249208,1.841235734
7,1844011,1000416,1000416,1000417,1001562,1.843242368,1.841135147
7,1843934,1000521,1000521,1000520,1001615,1.842975653,1.840960848
7,1797127,1000730,1000730,948229,1002239,1.895245769,1.793112222
7,1843868,1000365,1000365,1000313,1001563,1.843291050,1.840990532
7,1843213,1000000,1000000,1000052,1001406,1.843117158,1.840625081
7,1842938,999948,999948,999947,1001094,1.843035681,1.840924029
7,1834870,1000625,1000625,996927,1001771,1.840525936,1.831626190
7,1843883,1000417,1000417,1000365,1001718,1.843210228,1.840720642
7,1843607,1000208,1000208,1000208,1001302,1.843223609,1.841209745
7,1843480,1000156,1000156,1000156,1001250,1.843192462,1.841178527
7,1786860,1000781,1000781,952083,1002292,1.876790154,1.782773882
7,1843279,1000156,1000156,1000104,1001354,1.843087319,1.840786575
7,1843542,1000260,1000260,1000312,1001354,1.842966994,1.841049219
7,1844069,1000469,1000469,1000468,1001563,1.843206379,1.841191218
7,1838202,1000156,1000156,995053,1001354,1.847340795,1.835716440
7,1844080,1000469,1000469,1000468,1001615,1.843217374,1.841106613
7,1843748,1000417,1000417,1000417,1001562,1.842979478,1.840872557
7,1843841,1000468,1000468,1000469,1001875,1.842976644,1.840390268
7,1819701,1000469,1000469,962188,1001979,1.891211489,1.816106924
7,1842885,999948,999948,999896,1001094,1.843076680,1.840871087
7,1843608,1000260,1000260,1000209,1001302,1.843222766,1.841210744
7,1844070,1000469,1000469,1000469,1001563,1.843205537,1.841192217
7,1834354,1000573,1000573,993958,1002031,1.845504538,1.830635978
7,1843911,1000416,1000416,1000365,1001458,1.843238218,1.841226492
7,1843388,1000104,1000104,1000105,1001198,1.843194465,1.841182264
7,1843476,1000208,1000208,1000261,1001302,1.842994978,1.841078915
7,1828484,1000209,1000209,981041,1001823,1.863820167,1.825156739
7,1843771,1000313,1000313,1000260,1001771,1.843291744,1.840511454
7,1843170,1000104,1000104,1000052,1001198,1.843074160,1.840964524
7,1843508,1000156,1000156,1000157,1001250,1.843218615,1.841206492
7,1837853,1000625,1000625,996093,1001823,1.845061656,1.834508691
7,1843690,1000364,1000364,1000365,1001458,1.843017299,1.841005814
7,1843762,1000313,1000313,1000260,1001406,1.843282746,1.841173310
7,1843421,1000156,1000156,1000156,1001250,1.843133471,1.841119600
7,1828760,1000677,1000677,970938,1002136,1.883498225,1.824862095
7,1842903,1000052,1000052,1000052,1001198,1.842807174,1.840697844
7,1843286,1000052,1000052,1000052,1001146,1.843190154,1.841176012
7,1843461,1000157,1000157,1000156,1001562,1.843173465,1.840586005
7,1835865,1000416,1000416,995521,1001615,1.844124835,1.832904859
7,1843693,1000364,1000364,1000365,1001458,1.843020298,1.841008809
7,1843070,1000000,1000000,1000000,1001094,1.843070000,1.841055885
7,1843549,1000312,1000312,1000261,1001406,1.843067959,1.840960609
7,1829321,1000469,1000469,982239,1001979,1.862399070,1.825707924
7,1843889,1000417,1000417,1000364,1001771,1.843218069,1.840629246
7,1843195,1000208,1000208,1000208,1001615,1.842811695,1.840223040
7,1843210,1000209,1000209,1000208,1001302,1.842826692,1.840813261
7,1835699,1000417,1000417,995937,1001614,1.843187872,1.832740956
7,1843291,1000052,1000052,1000052,1001146,1.843195154,1.841181007
7,1843831,1000417,1000417,1000417,1001875,1.843062443,1.840380287
7,1843829,1000312,1000312,1000313,1001510,1.843252062,1.841049016
7,1789103,1000260,1000260,941927,1001823,1.899407279,1.785847400
7,1843236,1000156,1000156,1000104,1001563,1.843044323,1.840359518
7,1843589,1000209,1000209,1000260,1001354,1.843109791,1.841096156
7,1843998,1000521,1000521,1000521,1001614,1.843037777,1.841026583
7,1835218,1000625,1000625,997031,1002083,1.840682988,1.831403187
7,1843629,1000469,1000469,1000469,1001511,1.842764743,1.840847479
7,1844060,1000468,1000468,1000417,1001614,1.843291348,1.841088483
7,1843188,999948,999948,999948,1001146,1.843283851,1.841078124
7,1829276,1000312,1000312,982500,1001823,1.861858524,1.825947298
7,1843790,1000312,1000312,1000312,1001406,1.843214917,1.841201271
7,1843307,1000052,1000052,1000052,1001146,1.843211153,1.841196988
7,1842994,1000000,1000000,999948,1001094,1.843089841,1.840979968
7,1834319,1000364,1000364,992813,1001562,1.847597685,1.831458262
7,1843649,1000261,1000261,1000208,1001407,1.843265601,1.841058631
7,1843942,1000417,1000417,1000365,1001511,1.843269207,1.841160007
7,1843724,1000416,1000416,1000365,1001510,1.843051286,1.840944174
7,1825967,1000521,1000521,969948,1002083,1.882541126,1.822171417
7,1843618,1000364,1000364,1000365,1001614,1.842945325,1.840647195
7,1843606,1000208,1000208,1000208,1001667,1.843222610,1.840537823
7,1843268,1000052,1000052,1000052,1001198,1.843172155,1.841062407
7,1836566,1000313,1000313,995625,1001459,1.844636284,1.833890354
7,1843776,1000312,1000312,1000313,1001406,1.843199079,1.841187291
7,1844059,1000469,1000469,1000468,1001510,1.843196384,1.841278669
7,1843665,1000365,1000365,1000417,1001459,1.842896512,1.840979012
7,1827296,1000417,1000417,983594,1001823,1.857774651,1.823970901
7,1843802,1000312,1000312,1000313,1001458,1.843225071,1.841117650
7,1843131,1000052,1000052,1000052,1001146,1.843035162,1.841021190
7,1844029,1000469,1000469,1000469,1001562,1.843164556,1.841153119
7,1839385,1000521,1000521,995104,1001979,1.848434937,1.835752047
7,1843463,1000364,1000364,1000313,1001406,1.842886177,1.840874730
7,1843830,1000364,1000364,1000365,1001406,1.843157248,1.841241215
7,1843484,1000156,1000156,1000156,1001302,1.843196461,1.841086905
7,1827310,1000208,1000208,962708,1001719,1.898093711,1.824174244
7,1843950,1000417,1000417,1000364,1001927,1.843279046,1.840403542
7,1843850,1000365,1000365,1000312,1001459,1.843274898,1.841163742
7,1843725,1000416,1000416,1000365,1001458,1.843052286,1.841040763
7,1836941,1000000,1000000,996251,1001458,1.843853607,1.834266639
7,1843491,1000157,1000157,1000156,1001250,1.843203460,1.841189513
7,1843206,1000000,1000000,1000000,1001406,1.843206000,1.840618091
7,1843285,1000157,1000157,1000156,1001250,1.842997492,1.840983770
7,1790225,1000625,1000625,954271,1002188,1.876013208,1.786316539
7,1843544,1000209,1000209,1000156,1001354,1.843256452,1.841051217
7,1843943,1000417,1000417,1000417,1001511,1.843174396,1.841161006
7,1844131,1000468,1000468,1000469,1001614,1.843266508,1.841159369
7,1835442,1000156,1000156,995625,1001302,1.843507345,1.833055362
7,1843912,1000417,1000417,1000365,1001511,1.843239218,1.841130052
7,1843882,1000468,1000468,1000469,1001562,1.843017625,1.841006348
7,1843390,1000104,1000104,1000156,1001198,1.843102476,1.841184261
7,1822468,1000625,1000625,967241,1002083,1.884192254,1.818679690
7,1843882,1000468,1000468,1000469,1001927,1.843017625,1.840335673
7,1843110,1000052,1000052,1000000,1001145,1.843110000,1.841002053
7,1843923,1000417,1000417,1000364,1001510,1.843252056,1.841142874
7,1833559,1000104,1000104,995312,1001250,1.842195211,1.831269913
7,1843589,1000209,1000209,1000156,1001354,1.843301445,1.841096156
7,1843697,1000261,1000261,1000260,1001406,1.843217763,1.841108402
7,1843971,1000417,1000417,1000417,1001563,1.843202385,1.841093371
7,1829235,1000260,1000260,982553,1001771,1.861716365,1.826001152
7,1843950,1000417,1000417,1000364,1001563,1.843279046,1.841072404
7,1843696,1000312,1000312,1000261,1001406,1.843214921,1.841107403
7,1843255,1000000,1000000,1000000,1001458,1.843255000,1.840571447
7,1835190,1000261,1000261,996249,1001406,1.842099716,1.832613346
7,1843023,1000001,1000001,1000000,1001094,1.843023000,1.841008936
7,1843494,1000365,1000365,1000365,1001459,1.842821370,1.840808261
7,1843366,1000208,1000208,1000209,1001302,1.842980817,1.840969058
7,1827080,1000520,1000520,967344,1002031,1.888759325,1.823376722
7,1843259,1000156,1000156,1000104,1001302,1.843067321,1.840862197
7,1843794,1000313,1000313,1000260,1001458,1.843314738,1.841109662
7,1843411,1000209,1000209,1000208,1001615,1.843027650,1.840438692
7,1836633,1000416,1000416,996407,1001875,1.843255818,1.833195758
7,1844142,1000521,1000521,1000520,1001927,1.843183545,1.840595173
7,1843874,1000365,1000365,1000364,1001458,1.843203074,1.841189546
7,1843378,1000209,1000209,1000208,1001354,1.842994657,1.840885441
7,1786406,1000573,1000573,951042,1001979,1.878367096,1.782877685
7,1843629,1000364,1000364,1000313,1001510,1.843052125,1.840849318
7,1843098,1000052,1000052,1000052,1001146,1.843002164,1.840988227
7,1843564,1000312,1000312,1000313,1001406,1.842987145,1.840975588
7,1835378,1000469,1000469,995259,1001614,1.844120978,1.832420473
7,1843638,1000208,1000208,1000157,1001302,1.843348594,1.841240705
7,1843996,1000417,1000417,1000417,1001562,1.843227374,1.841120170
7,1844048,1000469,1000469,1000469,1001823,1.843183547,1.840692418
7,1825953,1000729,1000729,967291,1002344,1.887697704,1.821682975
7,1843437,1000208,1000208,1000208,1001719,1.843053645,1.840273570
7,1843631,1000364,1000364,1000313,1001614,1.843054124,1.840660174
7,1843875,1000365,1000365,1000312,1001458,1.843299890,1.841190544
7,1835588,1000521,1000521,993073,1001771,1.848391810,1.832342921
7,1843468,1000261,1000261,1000208,1001354,1.843084638,1.840975319
7,1842826,1000157,1000157,1000208,1001302,1.842442772,1.840429760
7,1843505,1000157,1000157,1000156,1001302,1.843217458,1.841107878
7,1827697,1000417,1000417,984011,1001927,1.857394887,1.824181802
7,1843872,1000468,1000468,1000417,1001615,1.843103426,1.840898948
7,1843046,1000157,1000157,1000156,1001511,1.842758530,1.840265359
7,1843947,1000416,1000416,1000365,1001510,1.843274205,1.841166838
7,1836596,1000573,1000573,996041,1001771,1.843895984,1.833349139
7,1843268,1000156,1000156,1000105,1001250,1.843074477,1.840966792
7,1843400,1000104,1000104,1000104,1001197,1.843208306,1.841196088
7,1843451,1000156,1000156,1000156,1001250,1.843163466,1.841149563
7,1827680,1000678,1000678,971614,1002240,1.881076230,1.823595147
7,1843938,1000417,1000417,1000417,1001615,1.843169398,1.840964842
7,1843860,1000365,1000365,1000364,1001510,1.843189079,1.841079969
7,1844000,1000417,1000417,1000417,1001563,1.843231373,1.841122326
7,1837500,1000521,1000521,997239,1001979,1.842587384,1.833870770
7,1843035,1000104,1000104,1000104,1001198,1.842843344,1.840829686
7,1843353,1000052,1000052,1000052,1001146,1.843257151,1.841242936
7,1843941,1000521,1000521,1000469,1001614,1.843076597,1.840969675
7,1827294,1000521,1000521,982813,1002031,1.859248911,1.823590288
7,1843089,1000052,1000052,1000053,1001198,1.842991321,1.840883621
7,1842972,1000000,1000000,999948,1001093,1.843067840,1.840959831
7,1843495,1000261,1000261,1000260,1001354,1.843015816,1.841002283
7,1839470,1000573,1000573,995469,1001771,1.847842575,1.836218058
7,1843519,1000260,1000260,1000209,1001459,1.843133785,1.840833224
7,1843591,1000208,1000208,1000209,1001615,1.843205770,1.840618401
7,1844159,1000521,1000521,1000573,1001614,1.843102902,1.841187324
7,1794349,1000520,1000520,947656,1002084,1.893460285,1.790617353
7,1843367,1000052,1000052,1000104,1001250,1.843175310,1.841065668
7,1843606,1000417,1000417,1000468,1001562,1.842743596,1.840730779
7,1843770,1000313,1000313,1000312,1001354,1.843194923,1.841276911
7,1836150,1000052,1000052,994948,1001250,1.845473331,1.833857678
7,1844011,1000416,1000416,1000417,1001667,1.843242368,1.840942149
7,1843215,1000000,1000000,1000000,1001094,1.843215000,1.841200726
7,1843218,1000104,1000104,1000104,1001302,1.843026325,1.840821251
7,1831083,1000729,1000729,979270,1002083,1.869844884,1.827276782
7,1843412,1000104,1000104,1000104,1001615,1.843220305,1.840439690
7,1844223,1000573,1000573,1000573,1001666,1.843166865,1.841155635
7,1843499,1000260,1000260,1000261,1001355,1.843017972,1.841004439
7,1837094,1000468,1000468,996251,1001667,1.844007183,1.834036661
7,1843525,1000313,1000313,1000261,1001406,1.843043966,1.840936643
7,1843113,999948,999948,999948,1001094,1.843208847,1.841098838
7,1843921,1000417,1000417,1000365,1001510,1.843248214,1.841140877
7,1826665,1000416,1000416,971614,1001980,1.880031576,1.823055350
7,1843386,1000208,1000208,1000260,1001354,1.842906844,1.840893430
7,1843351,1000052,1000052,1000052,1001146,1.843255151,1.841240938
7,1843995,1000417,1000417,1000416,1001875,1.843228217,1.840543980
7,1836463,1000417,1000417,993592,1001875,1.848306951,1.833026076
7,1843173,999948,999948,999948,1001094,1.843268850,1.841158772
7,1843340,1000156,1000156,1000157,1001250,1.843050641,1.841038702
7,1843424,1000104,1000104,1000104,1001250,1.843232304,1.841122597
7,1826590,1000520,1000520,981719,1001979,1.860603696,1.822982318
7,1843554,1000208,1000208,1000208,1001354,1.843170621,1.841061203
7,1843462,1000313,1000313,1000312,1001406,1.842887019,1.840873732
7,1843558,1000313,1000313,1000260,1001406,1.843078800,1.840969597
7,1836194,1000364,1000364,995418,1001511,1.844646169,1.833423697
7,1843024,1000052,1000052,1000000,1001406,1.843024000,1.840436346
7,1844025,1000469,1000469,1000468,1001562,1.843162400,1.841149125
7,1843302,1000156,1000156,1000157,1001250,1.843012647,1.841000749
7,1825788,1000364,1000364,969897,1001927,1.882455560,1.822276473
7,1842936,999948,999948,999948,1001145,1.843031838,1.840828252
7,1844040,1000469,1000469,1000469,1001563,1.843175551,1.841162263
7,1843399,1000104,1000104,1000104,1001198,1.843207306,1.841193250
7,1836382,1000156,1000156,995469,1001354,1.844740519,1.833898901
7,1842955,1000104,1000104,1000052,1001198,1.842859171,1.840749782
7,1843411,1000104,1000104,1000104,1001198,1.843219305,1.841205236
7,1843374,1000104,1000104,1000104,1001615,1.843182309,1.840401751
7,1805722,1000781,1000781,963855,1002344,1.873437395,1.801499286
7,1843822,1000313,1000313,1000364,1001510,1.843151093,1.841042027
7,1843400,1000105,1000105,1000104,1001198,1.843208306,1.841194249
7,1843468,1000157,1000157,1000104,1001250,1.843276299,1.841166542
7,1833716,1000105,1000105,992240,1001302,1.848056922,1.831331606
7,1843771,1000312,1000312,1000313,1001407,1.843194080,1.841180459
7,1844166,1000521,1000521,1000520,1001614,1.843207532,1.841194312
7,1844123,1000521,1000521,1000469,1001719,1.843258512,1.840958393
7,1770860,1000573,1000573,917395,1002135,1.930313551,1.767087269
7,1844318,1000729,1000729,1000678,1002188,1.843068400,1.840291442
7,1842632,1000209,1000209,1000156,1001302,1.842344594,1.840236013
7,1844110,1000469,1000469,1000469,1001562,1.843245518,1.841233993
7,1808639,987969,987969,951927,1001979,1.899976574,1.805066773
7,1843813,1000469,1000469,1000416,1001875,1.843046293,1.840362321
7,1843064,1000104,1000104,1000104,1001198,1.842872341,1.840858651
7,1855097,1011614,1011614,1001718,1012760,1.851915409,1.831724199
7,1836028,1000417,1000417,990469,1001667,1.853695573,1.832972435
7,1843288,1000052,1000052,1000000,1000937,1.843288000,1.841562456
7,1843525,1000365,1000365,1000364,1001198,1.842854201,1.841319100
7,1839781,1000469,1000469,997811,1001406,1.843817116,1.837197900
7,1843284,1000365,1000365,1000364,1001354,1.842613289,1.840791568
7,1843204,1000000,1000000,1000000,1000938,1.843204000,1.841476695
7,1843298,1000052,1000052,1000052,1000937,1.843202153,1.841572447
7,1834443,1000052,1000052,982187,1001094,1.867712564,1.832438312
7,1837400,1000781,1000781,995418,1002083,1.845857720,1.833580652
7,1844033,1000573,1000573,1000573,1001667,1.842976974,1.840964113
7,1843701,1000261,1000261,1000260,1001458,1.843221762,1.841016798
7,1836502,1000260,1000260,995678,1001458,1.844473816,1.833828278
7,1843858,1000365,1000365,1000364,1001459,1.843187080,1.841171730
7,1843865,1000469,1000469,1000469,1001562,1.843000633,1.840989375
7,1844134,1000521,1000521,1000469,1001927,1.843269507,1.840587188
7,1834706,1000364,1000364,990261,1001511,1.852749932,1.831937942
7,1835871,1000469,1000469,991771,1001875,1.851103733,1.832435184
7,1843431,1000157,1000157,1000104,1001250,1.843239303,1.841129588
7,1843405,1000104,1000104,1000104,1001250,1.843213306,1.841103620
7,1836052,1000209,1000209,995885,1001458,1.843638573,1.833378934
7,1844159,1000520,1000520,1000521,1001615,1.843198693,1.841185485
7,1843278,1000052,1000052,1000000,1001146,1.843278000,1.841168021
7,1843697,1000260,1000260,1000260,1001407,1.843217763,1.841106563
7,1826803,1000260,1000260,967864,1001458,1.887458362,1.824143399
7,1819044,1000312,1000312,980886,1001875,1.854490736,1.815639676
7,1843769,1000312,1000312,1000261,1001406,1.843287902,1.841180300
7,1843782,1000416,1000416,1000417,1001563,1.843013463,1.840904666
7,1836669,1000052,1000052,996406,1001407,1.843293798,1.834088438
7,1843300,1000052,1000052,1000052,1001458,1.843204153,1.840616381
7,1843207,1000000,1000000,1000000,1001094,1.843207000,1.841192735
7,1843219,1000052,1000052,1000000,1001146,1.843219000,1.841109089
7,1852033,1026302,1026302,988125,1027604,1.874290196,1.802282786
7,1842668,1000000,1000000,1000000,1001146,1.842668000,1.840558720
7,1843331,1000157,1000157,1000156,1001302,1.843043485,1.840934104
7,1843182,1000000,1000000,1000000,1001250,1.843182000,1.840880899
7,1835895,1000521,1000521,995781,1001718,1.843673458,1.832746342
7,1843567,1000313,1000313,1000260,1001406,1.843087797,1.840978584
7,1843868,1000573,1000573,1000573,1001614,1.842812069,1.840896793
7,1843822,1000364,1000364,1000313,1001458,1.843245064,1.841137621
7,1826397,1000625,1000625,972709,1001927,1.877639664,1.822884302
7,1843907,1000469,1000469,1000469,1001823,1.843042613,1.840551674
7,1843382,1000104,1000104,1000052,1001302,1.843286149,1.840985037
7,1843150,999948,999948,999948,1001094,1.843245849,1.841135797
7,1837043,1000312,1000312,995365,1001459,1.845597344,1.834366659
7,1843751,1000313,1000313,1000312,1001354,1.843175929,1.841257937
7,1843801,1000521,1000521,1000573,1001927,1.842745107,1.840254829
7,1843744,1000365,1000365,1000417,1001510,1.842975479,1.840964144
7,1828292,1000729,1000729,981406,1001927,1.862931345,1.824775657
7,1843014,1000000,1000000,1000000,1001459,1.843014000,1.840328960
7,1843919,1000365,1000365,1000417,1001510,1.843150406,1.841138880
7,1843663,1000364,1000364,1000365,1001510,1.842990309,1.840883266
7,1835758,1000104,1000104,995730,1001302,1.843630301,1.833370951
7,1843362,1000156,1000156,1000156,1001303,1.843074480,1.840963225
7,1843554,1000208,1000208,1000208,1001303,1.843170621,1.841154975
7,1842968,1000052,1000052,1000104,1001197,1.842776351,1.840764605
7,1824840,1000469,1000469,971355,1001823,1.878654045,1.821519370
7,1843378,1000313,1000313,1000260,1001770,1.842898846,1.840120986
7,1843856,1000469,1000469,1000416,1001563,1.843089275,1.840978551
7,1843031,1000000,1000000,1000000,1001146,1.843031000,1.840921304
7,1833159,1000104,1000104,993437,1001302,1.845269504,1.830775331
7,1844215,1000520,1000520,1000521,1001927,1.843254664,1.840668033
7,1843283,1000000,1000000,1000052,1001146,1.843187154,1.841173016
7,1843666,1000365,1000365,1000417,1001458,1.842897512,1.840981848
7,1809259,1000520,1000520,962447,1001875,1.879853124,1.805872988
7,1843187,1000208,1000208,1000157,1001354,1.842897665,1.840694699
7,1843567,1000156,1000156,1000157,1001615,1.843277605,1.840594440
7,1843800,1000313,1000313,1000260,1001406,1.843320737,1.841211257
7,1835781,1000105,1000105,995104,1001354,1.844813205,1.833298714
7,1843909,1000364,1000364,1000313,1001510,1.843332037,1.841128895
7,1843495,1000156,1000156,1000156,1001250,1.843207460,1.841193508
7,1843790,1000521,1000521,1000520,1001615,1.842831728,1.840817080
7,1797980,1000573,1000573,948229,1002031,1.896145340,1.794335704
7,1843177,1000000,1000000,999947,1001146,1.843274694,1.841067137
7,1843928,1000364,1000364,1000365,1001510,1.843255212,1.841147867
7,1844099,1000521,1000521,1000469,1001667,1.843234523,1.841030003
7,1836481,1000312,1000312,996719,1001771,1.842526329,1.833234342
7,1843837,1000416,1000416,1000417,1001562,1.843068440,1.840961418
7,1843340,1000104,1000104,1000104,1001198,1.843148313,1.841134321
7,1844125,1000521,1000521,1000521,1001615,1.843164711,1.841151540
7,1825366,1000521,1000521,981719,1001875,1.859356904,1.821949844
7,1843728,1000260,1000260,1000261,1001458,1.843246913,1.841043758
7,1843789,1000312,1000312,1000313,1001406,1.843212075,1.841200272
7,1843490,1000365,1000365,1000364,1001459,1.842819214,1.840804267
7,1837581,1000573,1000573,995885,1001771,1.845173891,1.834332397
7,1843297,1000052,1000052,1000052,1001198,1.843201154,1.841091373
7,1843914,1000364,1000364,1000365,1001458,1.843241217,1.841229487
7,1843454,1000156,1000156,1000104,1001563,1.843262301,1.840577178
7,1825337,1000573,1000573,970106,1002031,1.881585105,1.821637255
7,1843539,1000156,1000156,1000208,1001354,1.843155624,1.841046223
7,1843982,1000417,1000417,1000364,1001511,1.843311035,1.841199947
7,1843732,1000312,1000312,1000313,1001354,1.843155092,1.841238962
7,1837514,1000052,1000052,996510,1001510,1.843949383,1.834743537
7,1843654,1000209,1000209,1000208,1001354,1.843270600,1.841161068
7,1843306,1000052,1000052,1000052,1001145,1.843210153,1.841197828
7,1844073,1000469,1000469,1000468,1001563,1.843210378,1.841195212
7,1826864,1000208,1000208,981927,1001719,1.860488611,1.823729010
7,1843009,1000104,1000104,1000105,1001614,1.842815504,1.840039177
7,1844044,1000469,1000469,1000417,1001562,1.843275354,1.841168095
7,1844001,1000417,1000417,1000417,1001563,1.843232372,1.841123324
7,1833956,1000365,1000365,992551,1001563,1.847719664,1.831094000
7,1842765,1000000,1000000,1000000,1001146,1.842765000,1.840655609
7,1843591,1000209,1000209,1000208,1001250,1.843207613,1.841289388
7,1844578,1000833,1000833,1000989,1002240,1.842755515,1.840455380
7,1818450,1001302,1001302,946302,1002656,1.921638124,1.813632991
7,1843701,1000312,1000312,1000260,1001771,1.843221762,1.840441578
7,1843401,1000312,1000312,1000365,1001562,1.842728404,1.840526098
7,1831079,1000365,1000365,1000469,1001875,1.830220627,1.827652152
7,1835991,1000573,1000573,993020,1001771,1.848896296,1.832745208
7,1844015,1000469,1000469,1000416,1001875,1.843248209,1.840563943
7,1843375,1000104,1000104,1000157,1001458,1.843085636,1.840691272
7,1843111,999948,999948,999948,1001094,1.843206847,1.841096840
7,1828421,1000364,1000364,978385,1001614,1.868815446,1.825474684
7,1843086,999947,999947,999948,1001250,1.843181845,1.840785019
7,1843354,1000052,1000052,1000104,1001041,1.843162311,1.841437064
7,1843582,1000208,1000208,1000209,1001198,1.843196772,1.841376032
7,1839575,1000417,1000417,995573,1001562,1.847755011,1.836706065
7,1843654,1000260,1000260,1000312,1001354,1.843078959,1.841161068
7,1843255,1000052,1000052,1000000,1000938,1.843255000,1.841527647
7,1843390,1000104,1000104,1000104,1000989,1.843198307,1.841568689
7,1852352,1000260,1000260,955834,1001250,1.937943199,1.850039451
7,2089370,1000365,1000365,1000365,1001198,2.088607658,2.086869930
7,2093766,1000468,1000468,1000469,1001302,2.092784484,2.091043461
7,2093168,1000157,1000157,1000156,1000989,2.092841517,2.091099902
7,2086846,1000416,1000416,991771,1001406,2.104161142,2.083916014
7,1976040,1000520,1000520,1000573,1001458,1.974908377,1.973163128
7,1841083,1000260,1000260,1000261,1001354,1.840602603,1.838593544
7,1843416,1000104,1000104,1000156,1001094,1.843128472,1.841401507
7,1831485,1000261,1000261,988541,1001302,1.852715264,1.829103507
7,1844090,1000469,1000469,1000521,1001510,1.843129729,1.841309622
7,1844057,1000469,1000469,1000469,1001406,1.843192543,1.841467896
7,1843374,1000104,1000104,1000052,1001094,1.843278150,1.841359553
7,1838176,1000208,1000208,995418,1001250,1.846637292,1.835881149
7,1843559,1000156,1000156,1000209,1001042,1.843173777,1.841640011
7,1843227,1000053,1000053,1000052,1000937,1.843131157,1.841501513
7,1843718,1000260,1000260,1000313,1001094,1.843141097,1.841703177
7,1821789,1000365,1000365,977240,1001510,1.864218616,1.819042246
7,1840864,1000104,1000104,1000052,1001042,1.840768280,1.838947816
7,1843728,1000312,1000312,1000261,1001198,1.843246913,1.841521857
7,1843935,1000365,1000365,1000365,1001250,1.843262209,1.841632959
7,1840022,1000573,1000573,996511,1001510,1.846464314,1.837247756
7,1843825,1000364,1000364,1000365,1001563,1.843152249,1.840947599
7,1843199,1000000,1000000,1000000,1001198,1.843199000,1.840993490
7,1843619,1000209,1000209,1000208,1001667,1.843235607,1.840550802
7,1824077,1000364,1000364,976200,1001562,1.868548453,1.821232235
7,1843592,1000208,1000208,1000209,1001562,1.843206770,1.840716800
7,1843780,1000313,1000313,1000312,1001719,1.843204920,1.840615981
7,1844040,1000468,1000468,1000469,1001562,1.843175551,1.841164102
7,1833072,1000521,1000521,987707,1001823,1.855886412,1.829736391
7,1843884,1000417,1000417,1000364,1001771,1.843213070,1.840624254
7,1844065,1000469,1000469,1000468,1001615,1.843202381,1.841091637
7,1843689,1000261,1000261,1000260,1001354,1.843209765,1.841196021
7,1818775,1000365,1000365,964479,1001875,1.885759047,1.815371179
7,1843906,1000364,1000364,1000417,1001458,1.843137412,1.841221499
7,1844051,1000469,1000469,1000417,1001667,1.843282351,1.840982083
7,1843721,1000313,1000313,1000312,1001302,1.843145938,1.841323597
7,1838217,1000261,1000261,994271,1001511,1.848808826,1.835443645
7,1843887,1000364,1000364,1000417,1001406,1.843118420,1.841298135
7,1843792,1000312,1000312,1000261,1001302,1.843310896,1.841394504
7,1843893,1000364,1000364,1000365,1001406,1.843220225,1.841304126
7,1804763,1000260,1000260,960209,1001458,1.879552264,1.802135486
7,1843919,1000365,1000365,1000416,1001303,1.843152249,1.841519500
7,1843452,1000104,1000104,1000104,1001146,1.843260301,1.841341822
7,1843945,1000417,1000417,1000416,1001407,1.843178238,1.841354215
7,1839386,1000260,1000260,995053,1001302,1.848530681,1.836994234
7,1843790,1000313,1000313,1000417,1001458,1.843021460,1.841105668
7,1837448,1000469,1000469,1000521,1001562,1.836491188,1.834582382
7,1839491,1000468,1000468,1000521,1001562,1.838533124,1.836622196
7,1823189,1000417,1000417,962135,1001615,1.894940939,1.820249297
7,1843547,1000208,1000208,1000156,1001198,1.843259452,1.841341073
7,1843193,1000000,1000000,999948,1000989,1.843288851,1.841371883
7,1843289,1000104,1000104,1000104,1000990,1.843097318,1.841465949
7,1837944,1000208,1000208,995417,1001302,1.846406079,1.835554109
7,1843806,1000312,1000312,1000365,1001354,1.843133256,1.841312862
7,1844061,1000468,1000468,1000521,1001614,1.843100745,1.841089482
7,1843533,1000208,1000208,1000260,1001302,1.843053806,1.841135841
7,1833437,1000469,1000469,985936,1001563,1.859590278,1.830575810
7,1843782,1000312,1000312,1000313,1001302,1.843205077,1.841384517
7,1843494,1000156,1000156,1000156,1001146,1.843206460,1.841383774
7,1843955,1000417,1000417,1000364,1001407,1.843284045,1.841364201
7,1840086,1000521,1000521,996198,1001510,1.847108707,1.837311659
7,1843263,1000000,1000000,1000052,1001042,1.843167155,1.841344319
7,1843548,1000157,1000157,1000156,1001198,1.843260451,1.841342072
7,1844427,1000625,1000625,1000781,1001823,1.842987627,1.841070728
7,1913199,1000364,1000364,966095,1001510,1.980342513,1.910314425
7,2092590,1000469,1000469,1000520,1001407,2.091502419,2.089649863
7,2093928,1000521,1000521,1000521,1001511,2.092837632,2.090768848
7,2093748,1000469,1000469,1000469,1001302,2.092766493,2.091025485
7,2087735,1000208,1000208,995313,1001354,2.097566293,2.084912029
7,2093749,1000468,1000468,1000469,1001302,2.092767492,2.091026484
7,2094094,1000625,1000625,1000677,1001615,2.092677257,2.090717491
7,2093269,1000209,1000209,1000208,1001041,2.092833691,2.091092173
7,2082639,1000833,1000833,985782,1001927,2.112677042,2.078633473
7,2092077,1000000,1000000,1000000,1000937,2.092077000,2.090118559
7,2092782,1000000,1000000,1000052,1000886,2.092673181,2.090929437
7,2093998,1000573,1000573,1000625,1001458,2.092690069,2.090949396
7,2089245,1000417,1000417,996042,1001406,2.097547091,2.086311646
7,2093463,1000312,1000312,1000313,1001198,2.092807951,2.090958032
7,2092766,999948,999948,999948,1000781,2.092874829,2.091132825
7,1865472,1000573,1000573,1000521,1001354,1.864500595,1.862949566
7,1828875,1000364,1000364,967709,1001354,1.889901820,1.826402052
7,1843576,1000209,1000209,1000208,1001406,1.843192616,1.840987571
7,1843203,1000000,1000000,1000000,1001094,1.843203000,1.841188740
7,1844006,1000417,1000417,1000416,1001875,1.843239212,1.840554959
7,1838013,1000469,1000469,993436,1001927,1.850157433,1.834477961
7,1843897,1000417,1000417,1000364,1001510,1.843226066,1.841116913
7,1843638,1000209,1000209,1000208,1001407,1.843254603,1.841047646
7,1843629,1000208,1000208,1000208,1001615,1.843245605,1.840656340
7,1824371,1000677,1000677,976614,1001927,1.868057390,1.820862199
7,1843881,1000365,1000365,1000417,1001823,1.843112422,1.840525722
7,1843980,1000417,1000417,1000416,1001615,1.843213223,1.841006774
7,1843640,1000208,1000208,1000209,1001355,1.843254760,1.841145248
7,1837052,1000364,1000364,993908,1001770,1.848311916,1.833806163
7,1844240,1000573,1000573,1000573,1001980,1.843183856,1.840595621
7,1843489,1000156,1000156,1000157,1001355,1.843199618,1.840994453
7,1843993,1000416,1000416,1000469,1001562,1.843128573,1.841117175
7,1800854,1000625,1000625,944948,1001979,1.905770476,1.797297149
7,1843255,1000052,1000052,1000000,1001355,1.843255000,1.840760769
7,1843201,1000000,1000000,1000000,1001042,1.843201000,1.841282384
7,1843885,1000364,1000364,1000417,1001406,1.843116420,1.841296138
7,1835335,1000208,1000208,994532,1001458,1.845425788,1.832662977
7,1843886,1000365,1000365,1000417,1001406,1.843117420,1.841297136
7,1844049,1000469,1000469,1000469,1001563,1.843184546,1.841171249
7,1843962,1000417,1000417,1000365,1001510,1.843289199,1.841181815
7,1829517,999948,999948,978750,1001198,1.869238314,1.827327861
7,1843889,1000365,1000365,1000364,1001354,1.843218069,1.841395750
7,1843482,1000104,1000104,1000157,1001042,1.843192619,1.841563091
7,1843867,1000364,1000364,1000365,1001303,1.843194234,1.841467568
7,1839170,1000261,1000261,997603,1001302,1.843589083,1.836778514
7,1843863,1000365,1000365,1000417,1001355,1.843094430,1.841367946
7,1831182,1000157,1000157,1000208,1001198,1.830801193,1.828990869
7,1843709,1000261,1000261,1000312,1001302,1.843133942,1.841311612
7,1824261,1000209,1000209,964063,1001354,1.892263265,1.821794291
7,1843152,1000312,1000312,1000313,1001406,1.842575274,1.840564167
7,1843426,1000104,1000104,1000104,1000989,1.843234304,1.841604653
7,1844308,1000573,1000573,1000625,1001458,1.843156027,1.841622914
7,1839593,1000313,1000313,997345,1001407,1.844490121,1.837008329
7,1843738,1000312,1000312,1000417,1001458,1.842969482,1.841053744
7,1843081,999948,999948,999948,1000937,1.843176845,1.841355650
7,1843784,1000365,1000365,1000312,1001250,1.843208919,1.841482147
7,1833619,1000625,1000625,985625,1001667,1.860361699,1.830567444
7,1843202,1000000,1000000,1000000,1000885,1.843202000,1.841572209
7,1844009,1000417,1000417,1000416,1001302,1.843242211,1.841611222
7,1843392,1000104,1000104,1000104,1001146,1.843200307,1.841281891
7,1838288,1000260,1000260,995834,1001302,1.845978346,1.835897661
7,1843435,1000104,1000104,1000104,1000989,1.843243303,1.841613644
7,1843260,1000052,1000052,1000000,1000938,1.843260000,1.841532642
7,1843283,1000052,1000052,1000000,1000937,1.843283000,1.841557461
7,1824146,1000312,1000312,965314,1001406,1.889691852,1.821584852
7,1844008,1000468,1000468,1000417,1001563,1.843239369,1.841130313
7,1843879,1000364,1000364,1000365,1001302,1.843206230,1.841481391
7,1843216,1000000,1000000,1000000,1000885,1.843216000,1.841586196
7,1839606,1000521,1000521,997239,1001615,1.844699215,1.836639827
7,1844082,1000468,1000468,1000469,1001511,1.843217531,1.841299796
7,1843577,1000156,1000156,1000157,1001093,1.843287604,1.841564170
7,1843464,1000157,1000157,1000156,1001042,1.843176464,1.841545110
7,1808389,1000364,1000364,968906,1001614,1.866423575,1.805474963
7,1843285,1000104,1000104,1000052,1001250,1.843189154,1.840983770
7,1844065,1000469,1000469,1000469,1001562,1.843200539,1.841189063
7,1843649,1000209,1000209,1000208,1001302,1.843265601,1.841251690
7,1837469,1000417,1000417,994428,1001823,1.847764745,1.834125389
7,1844273,1000572,1000572,1000573,1001719,1.843216837,1.841108135
7,1843470,1000157,1000157,1000104,1001250,1.843278299,1.841168539
7,1843911,1000365,1000365,1000417,1001510,1.843142410,1.841130892
7,1815963,1000260,1000260,954219,1001667,1.903088285,1.812940828
7,1843302,1000052,1000052,1000053,1001615,1.843204310,1.840329867
7,1843954,1000417,1000417,1000416,1001562,1.843187234,1.841078236
7,1843716,1000260,1000260,1000261,1001354,1.843234916,1.841222984
7,1836093,1000416,1000416,995522,1001563,1.844352008,1.833227665
7,1843143,999948,999948,999948,1001094,1.843238848,1.841128805
7,1844131,1000521,1000521,1000521,1001614,1.843170708,1.841159369
7,1843974,1000416,1000416,1000365,1001511,1.843301195,1.841191959
7,1827158,1000521,1000521,983646,1002031,1.857536146,1.823454564
7,1843373,1000052,1000052,1000052,1001250,1.843277150,1.841071660
7,1843626,1000208,1000208,1000208,1001511,1.843242606,1.840844484
7,1843747,1000312,1000312,1000261,1001407,1.843265908,1.841156493
7,1837624,1000052,1000052,996771,1001406,1.843576910,1.835043928
7,1843575,1000261,1000261,1000260,1001302,1.843095795,1.841177787
7,1843543,1000209,1000209,1000208,1001250,1.843159623,1.841241448
7,1843488,1000156,1000156,1000156,1001250,1.843200461,1.841186517
7,1824308,1000729,1000729,965988,1002135,1.888541058,1.820421400
7,1843535,1000156,1000156,1000209,1001406,1.843149782,1.840946629
7,1844216,1000521,1000521,1000573,1001667,1.843159869,1.841146808
7,1844061,1000469,1000469,1000469,1001562,1.843196541,1.841185069
7,1837186,1000260,1000260,997240,1001459,1.842270667,1.834509451
7,1843871,1000365,1000365,1000364,1001770,1.843200075,1.840613115
7,1843265,1000052,1000052,1000000,1001146,1.843265000,1.841155036
7,1844187,1000521,1000521,1000573,1001615,1.843130886,1.841213440
7,1814809,1000521,1000521,975729,1002031,1.859951892,1.811130594
7,1843397,1000105,1000105,1000052,1001302,1.843301148,1.841000018
7,1844230,1000573,1000573,1000573,1001667,1.843173861,1.841160785
7,1843554,1000156,1000156,1000156,1001355,1.843266450,1.841059365
7,1838714,1000521,1000521,996093,1001719,1.845926033,1.835558675
7,1843611,1000260,1000260,1000209,1001302,1.843225766,1.841213740
7,1843769,1000312,1000312,1000313,1001563,1.843192081,1.840891686
7,1843487,1000157,1000157,1000156,1001562,1.843199461,1.840611964
7,1824873,1000521,1000521,969323,1001979,1.882626328,1.821268709
7,1843941,1000417,1000417,1000364,1001510,1.843270050,1.841160847
7,1843615,1000208,1000208,1000261,1001406,1.843133942,1.841026517
7,1843491,1000208,1000208,1000157,1001250,1.843201617,1.841189513
7,1838442,1000468,1000468,997032,1001927,1.843914739,1.834906136
7,1844111,1000521,1000521,1000521,1001563,1.843150718,1.841233153
7,1843991,1000417,1000417,1000364,1001510,1.843320032,1.841210772
7,1843626,1000260,1000260,1000261,1001354,1.843144939,1.841133106
7,1824978,1000208,1000208,981250,1001667,1.859850191,1.821940825
7,1843246,1000052,1000052,1000052,1001354,1.843150156,1.840753620
7,1844129,1000469,1000469,1000521,1001614,1.843168709,1.841157372
7,1843234,1000052,1000052,1000000,1001094,1.843234000,1.841219706
7,1838167,1000052,1000052,996459,1001198,1.844699079,1.835967511
7,1844059,1000468,1000468,1000469,1001563,1.843194542,1.841181234
7,1843270,1000000,1000000,1000000,1001093,1.843270000,1.841257506
7,1844132,1000469,1000469,1000469,1001563,1.843267508,1.841254120
7,1825480,1000209,1000209,969322,1001614,1.883254481,1.822538423
7,1843858,1000313,1000313,1000312,1001406,1.843282896,1.841269176
7,1843936,1000417,1000417,1000417,1001406,1.843167399,1.841347066
7,1844087,1000469,1000469,1000469,1001614,1.843222529,1.841115440
7,1837643,1000364,1000364,994948,1001615,1.846973912,1.834679992
7,1843924,1000417,1000417,1000365,1001354,1.843251213,1.841430703
7,1843298,1000052,1000052,1000052,1000990,1.843202153,1.841474940
7,1843449,1000104,1000104,1000157,1001146,1.843159624,1.841338826
7,1829498,1000677,1000677,986198,1001979,1.855102119,1.825884574
7,1843605,1000208,1000208,1000209,1001250,1.843219767,1.841303371
7,1843984,1000468,1000468,1000469,1001459,1.843119577,1.841297547
7,1843898,1000417,1000417,1000364,1001354,1.843227065,1.841404738
7,1836961,1000417,1000417,996614,1001458,1.843202082,1.834286610
7,1844024,1000469,1000469,1000417,1001719,1.843255363,1.840859562
7,1843501,1000156,1000156,1000157,1001198,1.843211616,1.841295128
7,1843335,1000104,1000104,1000052,1001094,1.843239152,1.841320595
7,1824772,1000260,1000260,964114,1001614,1.892693188,1.821831564
7,1843292,1000052,1000052,1000052,1001563,1.843196154,1.840415431
7,1843198,1000000,1000000,1000000,1001094,1.843198000,1.841183745
7,1843497,1000156,1000156,1000156,1001302,1.843209459,1.841099888
7,1836675,1000156,1000156,995260,1001355,1.845422302,1.834189673
7,1844094,1000521,1000521,1000521,1001562,1.843133727,1.841218017
7,1844111,1000521,1000521,1000521,1001615,1.843150718,1.841137563
7,1843244,1000052,1000052,1000052,1001146,1.843148156,1.841134060
7,1830723,1000104,1000104,985677,1001355,1.857325473,1.828245727
7,1843693,1000260,1000260,1000261,1001145,1.843211922,1.841584386
7,1843622,1000261,1000261,1000156,1001094,1.843334440,1.841607282
7,1843958,1000417,1000417,1000416,1001302,1.843191232,1.841560289
7,1837369,1000260,1000260,997240,1001145,1.842454174,1.835267619
7,1843685,1000260,1000260,1000261,1001094,1.843203924,1.841670213
7,1844033,1000469,1000469,1000469,1001302,1.843168554,1.841635191
7,1843651,1000209,1000209,1000260,1001042,1.843171775,1.841731915
7,1826854,1000885,1000885,975365,1002292,1.872995238,1.822676426
7,1843377,1000104,1000104,1000105,1001250,1.843183466,1.841075655
7,1844126,1000520,1000520,1000469,1001927,1.843261510,1.840579204
7,1840193,1001458,1001458,996615,1002604,1.846443210,1.835413583
7,1843745,1000260,1000260,1000261,1001667,1.843263908,1.840676592
7,1843751,1000313,1000313,1000313,1001406,1.843174087,1.841162326
7,1843388,1000104,1000104,1000104,1001250,1.843196308,1.841086642
7,1834430,1000157,1000157,987344,1001302,1.857944141,1.832044678
7,1835835,1000520,1000520,992917,1002031,1.848930978,1.832113977
7,1844059,1000469,1000469,1000468,1001563,1.843196384,1.841181234
7,1843306,1000052,1000052,1000052,1001146,1.843210153,1.841195989
7,1837096,1000052,1000052,995885,1001198,1.844686887,1.834897792
7,1843379,1000104,1000104,1000052,1001198,1.843283149,1.841173274
7,1844117,1000521,1000521,1000521,1001927,1.843156715,1.840570221
7,1843744,1000312,1000312,1000313,1001406,1.843167089,1.841155336
7,1835304,1000208,1000208,977605,1001406,1.877347190,1.832727186
7,1835146,1000261,1000261,993332,1001718,1.847464896,1.831998626
7,1843984,1000469,1000469,1000417,1001562,1.843215379,1.841108189
7,1843768,1000312,1000312,1000313,1001458,1.843191081,1.841083700
7,1828022,1000104,1000104,989635,1001302,1.847167895,1.825645010
7,1844072,1000469,1000469,1000417,1001614,1.843303343,1.841100464
7,1843891,1000364,1000364,1000365,1001458,1.843218225,1.841206521
7,1844168,1000521,1000521,1000520,1001615,1.843209531,1.841194471
7,1834732,1000105,1000105,984531,1001250,1.863559400,1.832441448
7,1803507,1000573,1000573,970730,1002031,1.857887363,1.799851502
7,1844076,1000469,1000469,1000417,1001614,1.843307341,1.841104457
7,1843712,1000260,1000260,1000209,1001354,1.843326745,1.841218989
7,1838187,1000625,1000625,995573,1001771,1.846360839,1.834937326
7,1843185,1000000,1000000,999948,1001094,1.843280851,1.841170759
7,1843699,1000261,1000261,1000208,1001354,1.843315590,1.841206007
7,1843456,1000156,1000156,1000156,1001198,1.843168466,1.841250182
7,1836830,1000313,1000313,979896,1001562,1.874515255,1.833965346
7,1837008,1000417,1000417,992343,1002032,1.851182504,1.833282769
7,1843363,1000104,1000104,1000104,1001198,1.843171310,1.841157294
7,1843537,1000209,1000209,1000156,1001302,1.843249453,1.841139836
7,1836560,1000469,1000469,996875,1001614,1.842317241,1.833600569
7,1843445,1000104,1000104,1000156,1001511,1.843157467,1.840663757
7,1843452,1000157,1000157,1000156,1001250,1.843164466,1.841150562
7,1843887,1000365,1000365,1000365,1001510,1.843214227,1.841106929
7,1836013,1000468,1000468,987709,1024792,1.858860251,1.791595758
7,1843247,999948,999948,999948,1001458,1.843342854,1.840563458
7,1843345,1000052,1000052,1000104,1001198,1.843153312,1.841139315
7,1843742,1000313,1000313,1000261,1001406,1.843260909,1.841153338
7,1827054,1000156,1000156,992084,1001354,1.841632362,1.824583514
7,1842525,1000677,1000677,1000937,1002240,1.840800170,1.838406968
7,1843398,1000104,1000104,1000104,1001250,1.843206307,1.841096629
7,1843226,1000052,1000052,1000052,1001198,1.843130157,1.841020457
7,1816983,1000730,1000730,960937,1001927,1.890845081,1.813488408
7,1843238,1000000,1000000,1000000,1001146,1.843238000,1.841128067
7,1843441,1000156,1000156,1000156,1001250,1.843153468,1.841139576
7,1843391,1000104,1000104,1000052,1001197,1.843295149,1.841187099
7,1838532,1000469,1000469,994741,1001719,1.848251957,1.835376987
7,1843856,1000312,1000312,1000468,1001927,1.842993479,1.840309723
7,1844226,1000573,1000573,1000573,1001875,1.843169864,1.840774548
7,1843597,1000208,1000208,1000209,1001354,1.843211769,1.841104145
7,1810841,1000573,1000573,958854,1001823,1.888547162,1.807545844
7,1841295,1000000,1000000,999947,1000990,1.841392594,1.839473921
7,1843869,1000365,1000365,1000365,1001562,1.843196233,1.840993368
7,1843939,1000416,1000416,1000469,1001354,1.843074598,1.841445683
7,1837641,1000260,1000260,994428,1001354,1.847937709,1.835156199
7,1844167,1000521,1000521,1000625,1001667,1.843015116,1.841097890
7,1843913,1000417,1000417,1000573,1001719,1.842857043,1.840748753
7,1844093,1000469,1000469,1000468,1001459,1.843230368,1.841406388
7,1834281,1000208,1000208,970676,1001250,1.889694399,1.831991011
7,2088359,1000156,1000156,1000209,1001094,2.087922624,2.086076832
7,2093373,1000313,1000313,1000312,1001302,2.092720071,2.090650972
7,2093529,1000364,1000364,1000365,1001250,2.092765141,2.090915356
7,2087329,1000052,1000052,997344,1001042,2.092887710,2.085156267
7,2093397,1000312,1000312,1000312,1001303,2.092744064,2.090672853
7,2093238,1000208,1000208,1000209,1001042,2.092800605,2.091059116
7,1913239,1000417,1000417,1000468,1001459,1.912344023,1.910451651
7,1833797,1000469,1000469,989115,1001510,1.853977546,1.831032141
7,1843153,1000208,1000208,1000261,1001406,1.842672063,1.840565165
7,1843908,1000365,1000365,1000312,1001406,1.843332880,1.841319105
7,1843581,1000209,1000209,1000208,1001250,1.843197615,1.841279401
7,1837818,1000417,1000417,996874,1001771,1.843581034,1.834568978
7,1843434,1000104,1000104,1000104,1001198,1.843242303,1.841228209
7,1844003,1000416,1000416,1000417,1001667,1.843234371,1.840934163
7,1843142,1000000,1000000,999948,1001042,1.843237848,1.841223445
7,1815151,1000156,1000156,966875,1001302,1.877337815,1.812790746
7,1838813,1000052,1000052,1000052,1001355,1.838717387,1.836324780
7,1843378,1000104,1000104,1000104,1001094,1.843186309,1.841363548
7,1843302,1000052,1000052,1000052,1001042,1.843206153,1.841383279
7,1837267,1000521,1000521,997136,1001615,1.842544046,1.834304598
7,1843016,1000417,1000417,1000417,1001563,1.842247783,1.840139861
7,1843533,1000417,1000417,1000364,1001355,1.842862198,1.841038393
7,1844041,1000521,1000521,1000573,1001615,1.842984970,1.841067676
7,1830803,1000312,1000312,983281,1001562,1.861932652,1.827947746
7,1843747,1000313,1000313,1000312,1001250,1.843171930,1.841445194
7,1843793,1000313,1000313,1000364,1001302,1.843122104,1.841395503
7,1843016,1000000,1000000,1000000,1000937,1.843016000,1.841290711
7,1837108,1000105,1000105,997344,1001042,1.842000353,1.835195726
7,1843238,1000156,1000156,1000104,1001041,1.843046323,1.841321185
7,1843820,1000625,1000625,1000678,1001615,1.842570737,1.840847032
7,1830869,1000313,1000313,1000417,1001406,1.830105846,1.828298412
7,1830641,1000365,1000365,969791,1001562,1.887665487,1.827785998
7,1844145,1000521,1000521,1000521,1001615,1.843184701,1.841171508
7,1843658,1000261,1000261,1000260,1001197,1.843178774,1.841453780
7,1843477,1000156,1000156,1000156,1001094,1.843189462,1.841462440
7,1839122,1000364,1000364,997657,1001406,1.843441183,1.836539825
7,1843643,1000260,1000260,1000260,1001146,1.843163777,1.841532604
7,1844311,1000573,1000573,1000677,1001667,1.843063246,1.841241650
7,1844116,1000469,1000469,1000573,1001667,1.843059927,1.841046975
7,1833697,1000312,1000312,985365,1001406,1.860931736,1.831122442
7,1843413,1000104,1000104,1000104,1001093,1.843221305,1.841400349
7,1844026,1000469,1000469,1000416,1001355,1.843259204,1.841530726
7,1843802,1000313,1000313,1000312,1001250,1.843226913,1.841500125
7,1839852,1000469,1000469,997603,1001511,1.844272722,1.837076178
7,1843411,1000104,1000104,1000104,1001094,1.843219305,1.841396512
7,1843618,1000261,1000261,1000260,1001250,1.843138784,1.841316355
7,1843882,1000365,1000365,1000416,1001459,1.843115264,1.841195695
7,1841996,1000469,1000469,954842,1001459,1.929110785,1.839312443
7,2091024,1000521,1000521,1000521,1001406,2.089935144,2.088088148
7,2093369,1000261,1000261,1000260,1001197,2.092824866,2.090866233
7,2092568,1000260,1000260,1000157,1001094,2.092239518,2.090281232
7,2086799,1000208,1000208,995780,1001198,2.095642612,2.084302006
7,2093535,1000364,1000364,1000365,1001250,2.092771139,2.090921348
7,2093594,1000365,1000365,1000469,1001406,2.092612565,2.090654540
7,2093238,1000209,1000209,1000260,1001041,2.092693900,2.091061205
7,2080624,1000677,1000677,987240,1001667,2.107515903,2.077161372
7,2093222,1000157,1000157,1000208,1001198,2.092786700,2.090717321
7,2092893,1000052,1000052,1000052,1000834,2.092784175,2.091148982
7,2093933,1000573,1000573,1000625,1001406,2.092625109,2.090993064
7,2087141,1000260,1000260,992397,1001198,2.103131106,2.084643597
7,2093669,1000416,1000416,1000365,1001302,2.092905090,2.090946588
7,2076828,1000365,1000365,1000417,1001250,2.075962324,2.074235206
7,1828636,1000365,1000365,1000416,1001250,1.827875604,1.826353059
7,1829385,1000573,1000573,975573,1001615,1.875190273,1.826435307
7,1843403,1000052,1000052,1000104,1001094,1.843211306,1.841388521
7,1843819,1000312,1000312,1000365,1001459,1.843146252,1.841132787
7,1843838,1000312,1000312,1000365,1001458,1.843165245,1.841153598
7,1834774,1000312,1000312,993802,1001510,1.846216852,1.832007668
7,1844002,1000469,1000469,1000365,1001875,1.843329185,1.840550967
7,1843717,1000313,1000313,1000260,1001354,1.843237758,1.841223983
7,1843976,1000417,1000417,1000417,1001511,1.843207383,1.841193956
7,1795137,1000416,1000416,956458,1001770,1.876859203,1.791965222
7,1842897,1000156,1000156,1000209,1001302,1.842511915,1.840500668
7,1843534,1000520,1000520,1000469,1001614,1.842669788,1.840563331
7,1843391,1000104,1000104,1000104,1001250,1.843199307,1.841089638
7,1837054,1000104,1000104,993697,1001302,1.848706396,1.834665266
7,1843627,1000469,1000469,1000468,1001562,1.842764586,1.840751746
7,1843371,1000105,1000105,1000104,1001511,1.843179309,1.840589869
7,1844105,1000469,1000469,1000469,1001927,1.843240520,1.840558244
7,1801294,1000521,1000521,942135,1001979,1.911927696,1.797736280
7,1843179,1000000,1000000,1000000,1001093,1.843179000,1.841166605
7,1843784,1000365,1000365,1000417,1001615,1.843015463,1.840811090
7,1843470,1000260,1000260,1000260,1001250,1.842990822,1.841168539
7,1837621,1000417,1000417,996979,1001719,1.843189275,1.834467550
7,1844053,1000469,1000469,1000417,1001510,1.843284350,1.841272678
7,1842838,1000261,1000261,1000208,1001302,1.842454769,1.840441745
7,1843453,1000312,1000312,1000312,1001406,1.842878022,1.840864744
7,1828646,1000156,1000156,981771,1001354,1.862599323,1.826173361
7,1844008,1000417,1000417,1000416,1001354,1.843241212,1.841514589
7,1843262,1000261,1000261,1000208,1001146,1.842878681,1.841152040
7,1844083,1000469,1000469,1000469,1001406,1.843218531,1.841493860
7,1836695,1000208,1000208,996302,1001302,1.843512309,1.834306733
7,1843224,1000208,1000208,1000261,1001042,1.842743044,1.841305360
7,1843499,1000313,1000313,1000260,1001197,1.843019815,1.841294970
7,1843920,1000365,1000365,1000364,1001250,1.843249057,1.841617978
7,1829600,1000729,1000729,969377,1001823,1.887397782,1.826270708
7,1843937,1000313,1000313,1000365,1001354,1.843264209,1.841443685
7,1843746,1000417,1000417,1000365,1001303,1.843073278,1.841346725
7,1843829,1000469,1000469,1000417,1001459,1.843060444,1.841142773
7,1839178,1000261,1000261,997239,1001303,1.844270030,1.836784670
7,1843718,1000312,1000312,1000261,1001354,1.843236915,1.841224981
7,1843311,1000052,1000052,1000052,1000937,1.843215153,1.841585434
7,1843575,1000208,1000208,1000208,1001094,1.843191616,1.841560333
7,1818888,1000729,1000729,974114,1001875,1.867222933,1.815483968
7,1843196,1000052,1000052,1000053,1001093,1.843098316,1.841183586
7,1843700,1000261,1000261,1000260,1001250,1.843220763,1.841398252
7,1843570,1000209,1000209,1000156,1001250,1.843282448,1.841268414
7,1835314,1000313,1000313,990207,1001667,1.853464983,1.832259623
7,1843771,1000521,1000521,1000469,1001718,1.842906677,1.840608834
7,1842686,1000157,1000157,1000104,1001198,1.842494381,1.840481104
7,1843399,1000156,1000156,1000104,1001146,1.843207306,1.841288883
7,1819382,1000833,1000833,948177,1002187,1.918821064,1.815411695
7,1843141,1000052,1000052,1000104,1001562,1.842949333,1.840266504
7,1843565,1000157,1000157,1000104,1001250,1.843373289,1.841263421
7,1843328,1000157,1000157,1000156,1001302,1.843040486,1.840931108
7,1834252,1000365,1000365,995626,1001563,1.842310265,1.831389538
7,1843153,1000000,1000000,999948,1001198,1.843248849,1.840947545
7,1842902,1000052,1000052,1000053,1001145,1.842804331,1.840794291
7,1844187,1000520,1000520,1000521,1001823,1.843226679,1.840831165
7,1826725,1000157,1000157,981353,1001719,1.861435182,1.823590248
7,1844073,1000521,1000521,1000469,1001667,1.843208535,1.841004046
7,1842897,1000000,1000000,1000000,1001145,1.842897000,1.840789296
7,1843813,1000520,1000520,1000521,1001615,1.842852874,1.840840043
7,1836867,1000313,1000313,995780,1001458,1.844651429,1.834192747
7,1843142,1000053,1000053,1000052,1001198,1.843046162,1.840936558
7,1843631,1000209,1000209,1000208,1001302,1.843247604,1.841233714
7,1844119,1000521,1000521,1000521,1001615,1.843158714,1.841145550
7,1825874,1000468,1000468,971406,1002084,1.879619850,1.822076792
7,1843963,1000521,1000521,1000469,1001667,1.843098587,1.840894229
7,1842980,1000260,1000260,1000260,1001406,1.842500950,1.840392408
7,1843678,1000261,1000261,1000260,1001406,1.843198768,1.841089428
7,1838011,1000208,1000208,995416,1001354,1.846475243,1.835525698
7,1843505,1000364,1000364,1000313,1001719,1.842928163,1.840341453
7,1843526,1000365,1000365,1000417,1001458,1.842757570,1.840842052
7,1843948,1000521,1000521,1000521,1001615,1.842987803,1.840974826
7,1827201,1000313,1000313,978488,1001823,1.867371904,1.823876074
7,1843033,1000104,1000104,1000156,1001563,1.842745532,1.840156835
7,1844145,1000469,1000469,1000468,1001614,1.843282344,1.841173346
7,1843846,1000364,1000364,1000365,1001459,1.843173242,1.841159748
7,1837698,1000156,1000156,996562,1001302,1.844037802,1.835308428
7,1843100,1000104,1000104,1000156,1001146,1.842812521,1.840990225
7,1843832,1000468,1000468,1000417,1001667,1.843063443,1.840763447
7,1843501,1000365,1000365,1000364,1001354,1.842830210,1.841008275
7,1829418,1000469,1000469,974219,1001823,1.877830344,1.826089040
7,1843794,1000417,1000417,1000416,1001510,1.843027301,1.841014069
7,1843502,1000261,1000261,1000260,1001302,1.843022814,1.841104881
7,1843925,1000469,1000469,1000469,1001719,1.843060605,1.840760732
7,1835418,1000416,1000416,991615,1001666,1.850938116,1.832365279
7,1843646,1000364,1000364,1000313,1001615,1.843069119,1.840673313
7,1843290,1000156,1000156,1000157,1001250,1.843000649,1.840988764
7,1843746,1000416,1000416,1000365,1001459,1.843073278,1.841059894
7,1826877,1000573,1000573,983490,1001822,1.857545069,1.823554484
7,1843977,1000416,1000416,1000417,1001511,1.843208382,1.841194954
7,1843927,1000417,1000417,1000364,1001406,1.843256055,1.841338079
7,1844040,1000469,1000469,1000416,1001458,1.843273198,1.841355304
7,1838229,1000209,1000209,993750,1001302,1.849790189,1.835838738
7,1842271,1000052,1000052,1000052,1001094,1.842175207,1.840257758
7,1843347,1000052,1000052,1000104,1001094,1.843155312,1.841332582
7,1843441,1000105,1000105,1000156,1001146,1.843153468,1.841330835
7,1827378,1000677,1000677,972969,1002187,1.878146169,1.823390246
7,1844048,1000469,1000469,1000468,1001927,1.843185389,1.840501354
7,1843232,1000000,1000000,1000052,1001145,1.843136157,1.841123913
7,1843731,1000312,1000312,1000313,1001407,1.843154093,1.841140515
7,1833120,1000000,1000000,993281,1001303,1.845520049,1.830734553
7,1843839,1000364,1000364,1000312,1001458,1.843263902,1.841154597
7,1843871,1000365,1000365,1000364,1001510,1.843200075,1.841090953
7,1843847,1000365,1000365,1000365,1001562,1.843174241,1.840971403
7,1827065,1000208,1000208,980470,1001719,1.863458341,1.823929665
7,1843983,1000416,1000416,1000417,1001511,1.843214380,1.841200945
7,1843977,1000417,1000417,1000364,1001511,1.843306037,1.841194954
7,1843903,1000365,1000365,1000364,1001771,1.843232064,1.840643221
7,1838054,1000260,1000260,995676,1001407,1.846036261,1.835471492
7,1843658,1000261,1000261,1000260,1001354,1.843178774,1.841165063
7,1843569,1000209,1000209,1000156,1001302,1.843281448,1.841171794
7,1843445,1000157,1000157,1000104,1001250,1.843253302,1.841143571
7,1797557,1000469,1000469,947709,1001979,1.896739400,1.794006661
7,1843573,1000208,1000208,1000208,1001407,1.843189617,1.840982737
7,1843671,1000261,1000261,1000208,1001354,1.843287596,1.841178045
7,1844010,1000469,1000469,1000469,1001614,1.843145565,1.841038564
7,1836417,1000260,1000260,994949,1001511,1.845739832,1.833646360
7,1843907,1000365,1000365,1000364,1001771,1.843236062,1.840647214
7,1843657,1000260,1000260,1000208,1001302,1.843273599,1.841259680
7,1843971,1000417,1000417,1000416,1001510,1.843204227,1.841190802
7,1827879,1000625,1000625,985989,1001823,1.853853339,1.824552840
7,1843509,1000156,1000156,1000156,1001354,1.843221457,1.841016264
7,1844226,1000572,1000572,1000573,1001667,1.843169864,1.841156792
7,1843971,1000417,1000417,1000364,1001614,1.843300039,1.840999627
7,1836826,1000104,1000104,989531,1001302,1.856259177,1.834437562
7,1843697,1000260,1000260,1000261,1001354,1.843215921,1.841204010
7,1844094,1000521,1000521,1000521,1001615,1.843133727,1.841120590
7,1843186,1000000,1000000,999948,1001093,1.843281851,1.841173597
7,1771671,1000625,1000625,930469,1001927,1.904062360,1.768263556
7,1843802,1000313,1000313,1000312,1001510,1.843226913,1.841022057
7,1844059,1000469,1000469,1000469,1001615,1.843194542,1.841085647
7,1844191,1000573,1000573,1000520,1001614,1.843232519,1.841219272
7,1837351,1000104,1000104,996979,1001302,1.842918457,1.834961880
7,1843677,1000260,1000260,1000261,1001354,1.843195926,1.841184037
7,1843330,1000052,1000052,1000052,1001198,1.843234152,1.841124333
7,1843204,1000000,1000000,1000000,1001094,1.843204000,1.841189738
7,1820669,1000365,1000365,979426,1001562,1.858914303,1.817829550
7,1843672,1000260,1000260,1000208,1001198,1.843288596,1.841465924
7,1843872,1000365,1000365,1000364,1001250,1.843201075,1.841570037
7,1843730,1000312,1000312,1000260,1001094,1.843250755,1.841715164
7,1837596,1000104,1000104,996302,1001094,1.844416653,1.835587867
7,1843788,1000313,1000313,1000312,1001146,1.843212918,1.841677438
7,1843960,1000365,1000365,1000416,1001406,1.843193232,1.841371032
7,1843543,1000156,1000156,1000156,1000989,1.843255452,1.841721537
7,1830339,1000730,1000730,978228,1001927,1.871076068,1.826818720
7,1843465,1000104,1000104,1000157,1001198,1.843175621,1.841259172
7,1844024,1000468,1000468,1000417,1001563,1.843255363,1.841146288
7,1843463,1000156,1000156,1000105,1001146,1.843269457,1.841352810
7,1835128,1000365,1000365,996980,1001615,1.840686874,1.832169047
7,1843470,1000156,1000156,1000104,1001146,1.843278299,1.841359802
7,1843609,1000260,1000260,1000209,1001198,1.843223766,1.841402999
7,1843463,1000157,1000157,1000156,1001146,1.843175465,1.841352810
7,1825316,1000469,1000469,979687,1001823,1.863162418,1.821994504
7,1843949,1000417,1000417,1000417,1001510,1.843180394,1.841168835
7,1843593,1000208,1000208,1000261,1001250,1.843111948,1.841291386
7,1843748,1000313,1000313,1000312,1001302,1.843172930,1.841350562
7,1837543,1000365,1000365,996822,1001458,1.843401329,1.834867763
7,1844060,1000468,1000468,1000469,1001459,1.843195541,1.841373436
7,1843823,1000364,1000364,1000313,1001563,1.843246064,1.840945602
7,1843210,1000000,1000000,1000000,1001094,1.843210000,1.841195732
7,1825562,1000156,1000156,971252,1001458,1.879596644,1.822904206
7,1843150,1000000,1000000,999948,1000938,1.843245849,1.841422745
7,1843315,1000000,1000000,1000052,1000937,1.843219153,1.841589431
7,1844028,1000416,1000416,1000417,1001302,1.843259361,1.841630197
7,1836274,1000260,1000260,994480,1001406,1.846466495,1.833695824
7,1843676,1000260,1000260,1000261,1001146,1.843194926,1.841565566
7,1843848,1000365,1000365,1000365,1001198,1.843175241,1.841641713
7,1843749,1000261,1000261,1000260,1001146,1.843269750,1.841638482
7,1831748,1000625,1000625,987292,1001823,1.855325476,1.828414800
7,1844034,1000469,1000469,1000468,1001511,1.843171396,1.841251868
7,1843905,1000365,1000365,1000416,1001406,1.843138254,1.841316110
7,1843698,1000313,1000313,1000260,1001302,1.843218763,1.841300627
7,1836879,1000365,1000365,996770,1001458,1.842831345,1.834204730
7,1843651,1000261,1000261,1000260,1001250,1.843171775,1.841349313
7,1843271,1000052,1000052,1000000,1001042,1.843271000,1.841352311
7,1843831,1000312,1000312,1000312,1001355,1.843255904,1.841335990
7,1826420,1000625,1000625,970052,1002188,1.882806283,1.822432518
7,1843230,1000000,1000000,1000000,1001198,1.843230000,1.841024453
7,1843747,1000312,1000312,1000261,1001563,1.843265908,1.840869721
7,1843653,1000209,1000209,1000364,1001562,1.842982154,1.840777705
7,1833910,1000104,1000104,996146,1001406,1.841005234,1.831335143
7,1844250,1000521,1000521,1000572,1001667,1.843195692,1.841180752
7,1836645,1000781,1000781,1000990,1002292,1.834828520,1.832445036
7,1839876,1000313,1000313,1000313,1001823,1.839300299,1.836528009
7,1821873,1000729,1000729,971041,1002344,1.876206051,1.817612516
7,1843440,1000104,1000104,1000156,1001511,1.843152468,1.840658765
7,1843712,1000261,1000261,1000313,1001510,1.843135099,1.840932192
7,1843144,1000000,1000000,999947,1001146,1.843241692,1.841034175
7,1836123,1000104,1000104,993542,1001614,1.848057757,1.833164273
7,1844152,1000521,1000521,1000521,1001979,1.843191697,1.840509631
7,1844190,1000521,1000521,1000469,1001718,1.843325480,1.841027115
7,1843553,1000208,1000208,1000156,1001406,1.843265451,1.840964604
7,1995173,1000052,1000052,960207,1001407,2.077857170,1.992369736
7,2094064,1000625,1000625,1000625,1001666,2.092756027,2.090581092
7,2092811,1000313,1000313,1000312,1001198,2.092158247,2.090306812
7,2093305,1000208,1000208,1000365,1001355,2.092541222,2.090472410
7,2087606,1000364,1000364,992552,1001354,2.103271164,2.084783204
7,2092899,1000052,1000052,1000000,1001042,2.092899000,2.090720469
7,2093504,1000312,1000312,1000313,1001146,2.092848938,2.091107591
7,2093299,1000261,1000261,1000260,1001250,2.092754884,2.090685643
7,2060717,1000521,1000521,974582,1001563,2.114462405,2.057501126
7,2039291,1000157,1000157,1000156,1001042,2.038972920,2.037168271
7,1838437,1000260,1000260,1000261,1001094,1.837957293,1.836427948
7,1843454,1000156,1000156,1000104,1000990,1.843262301,1.841630786
7,1835719,1000625,1000625,994010,1001562,1.846781220,1.832856079
7,1843732,1000260,1000260,1000261,1001302,1.843250912,1.841334582
7,1843767,1000312,1000312,1000313,1001146,1.843190082,1.841656462
7,1844130,1000469,1000469,1000469,1001354,1.843265508,1.841636424
7,1831157,1000834,1000834,974531,1002083,1.879013597,1.827350629
7,1843943,1000365,1000365,1000364,1001823,1.843272049,1.840587609
7,1843739,1000313,1000313,1000260,1001407,1.843259752,1.841148504
7,1843955,1000417,1000417,1000364,1001511,1.843284045,1.841172988
7,1834634,1000104,1000104,994218,1001562,1.845303545,1.831772771
7,1843921,1000365,1000365,1000417,1001511,1.843152405,1.841139039
7,1843480,1000156,1000156,1000156,1001302,1.843192462,1.841082910
7,1843988,1000469,1000469,1000417,1001562,1.843219378,1.841112183
7,1811783,1000364,1000364,967708,1001615,1.872241420,1.808861688
7,1843930,1000364,1000364,1000365,1001823,1.843257211,1.840574632
7,1843936,1000364,1000364,1000417,1001562,1.843167399,1.841060264
7,1844061,1000469,1000469,1000416,1001927,1.843294190,1.840514329
7,1834576,1000469,1000469,992604,1001979,1.848245625,1.830952545
7,1843623,1000261,1000261,1000208,1001615,1.843239606,1.840650350
7,1843478,1000156,1000156,1000156,1001406,1.843190462,1.840889709
7,1844179,1000521,1000521,1000521,1001771,1.843218683,1.840918733
7,1799335,1000678,1000678,942082,1002083,1.909955821,1.795594776
7,1843930,1000365,1000365,1000364,1001511,1.843259054,1.841148025
7,1843375,1000052,1000052,1000052,1001093,1.843279149,1.841362391
7,1850748,1007813,1007813,1001719,1008906,1.847572024,1.834410738
7,1843167,1000000,1000000,999948,1001198,1.843262850,1.840961528
7,1844241,1000573,1000573,1000625,1001822,1.843089069,1.840886904
7,1843885,1000365,1000365,1000364,1001459,1.843214070,1.841198691
7,1835611,1000469,1000469,989167,1001563,1.855713949,1.832746417
7,1831670,1000521,1000521,987343,1001719,1.855150642,1.828526762
7,1842963,999844,999844,999896,1000885,1.843154688,1.841333420
7,1843476,1000156,1000156,1000156,1001094,1.843188463,1.841461441
7,1839661,1000209,1000209,997447,1001198,1.844369676,1.837459723
7,1844712,1000833,1000833,1000885,1001822,1.843080873,1.841357047
7,1831341,1000625,1000625,1000678,1001771,1.830100192,1.828103429
7,1844204,1000521,1000521,1000521,1001458,1.843243670,1.841519065
7,1829764,1000157,1000157,967707,1001146,1.890824392,1.827669491
7,1836576,1000573,1000573,992136,1001562,1.851133312,1.833711742
7,1843274,1000000,1000000,1000000,1000886,1.843274000,1.841642305
7,1844067,1000469,1000469,1000469,1001406,1.843202538,1.841477882
7,1839334,1000312,1000312,997292,1001406,1.844328441,1.836751527
7,1843690,1000260,1000260,1000313,1001302,1.843113106,1.841292637
7,1844092,1000469,1000469,1000625,1001615,1.842940162,1.841118593
7,1844113,1000521,1000521,1000573,1001667,1.843056928,1.841043980
7,1837730,1000312,1000312,989948,1001354,1.856390437,1.835245078
7,1839590,1000416,1000416,995730,1001458,1.847478734,1.836911783
7,1843448,1000156,1000156,1000104,1001042,1.843256301,1.841529127
7,1843556,1000208,1000208,1000209,1001146,1.843170777,1.841445703
7,1838406,1000105,1000105,997291,1001146,1.843399770,1.836301598
7,1843680,1000261,1000261,1000260,1001198,1.843200768,1.841473914
7,1844065,1000469,1000469,1000677,1001667,1.842817413,1.840996060
7,1844004,1000468,1000468,1000521,1001458,1.843043774,1.841319356
7,1815791,1001198,1001198,969843,1002188,1.872252519,1.811826723
7,2059742,999844,999844,983803,1001197,2.093652896,2.057279437
7,2093185,1000208,1000208,1000156,1001042,2.092858514,2.091006172
7,2093178,1000469,1000469,1000468,1001355,2.092198851,2.090345582
7,2088482,1000365,1000365,997917,1001250,2.092841389,2.085874657
7,2094110,1000625,1000625,1000729,1001667,2.092584506,2.090624928
7,2093017,1000052,1000052,1000105,1000990,2.092797256,2.090946963
7,2093515,1000365,1000365,1000416,1001354,2.092644460,2.090684214
7,2084108,1000052,1000052,991145,1000990,2.102727653,2.082046774
7,2078328,1000573,1000573,989427,1001562,2.100536977,2.075086715
7,2093235,1000208,1000208,1000157,1001146,2.092906414,2.090838899
7,2093298,1000208,1000208,1000260,1001094,2.092753884,2.091010435
7,2088061,1000053,1000053,996093,1000937,2.096251053,2.086106318
7,2092951,1000104,1000104,1000052,1000938,2.092842172,2.090989652
7,1994262,1000000,1000000,1000052,1000833,1.994158304,1.992602162
7,1839550,1000156,1000156,1000104,1001042,1.839358707,1.837635184
7,1820989,1000416,1000416,962605,1001354,1.891730253,1.818526715
7,1843400,1000104,1000104,1000104,1001042,1.843208306,1.841481177
7,1843465,1000157,1000157,1000156,1001198,1.843177464,1.841259172
7,1843232,1000000,1000000,1000052,1000938,1.843136157,1.841504669
7,1838874,1000625,1000625,997292,1001614,1.843867192,1.835910840
7,1841761,1000052,1000052,1000052,1001198,1.841665233,1.839557210
7,1844173,1000521,1000521,1000520,1001667,1.843214528,1.841103880
7,1843918,1000417,1000417,1000365,1001302,1.843245215,1.841520341
7,1833112,1000573,1000573,985832,1001614,1.859456784,1.830158125
7,1843702,1000261,1000261,1000260,1001354,1.843222762,1.841209003
7,1843692,1000261,1000261,1000260,1001459,1.843212765,1.841005972
7,1844031,1000468,1000468,1000469,1001510,1.843166555,1.841250711
7,1836173,1000573,1000573,991666,1001771,1.851604270,1.832926886
7,1843926,1000364,1000364,1000365,1001718,1.843253213,1.840763568
7,1843848,1000365,1000365,1000312,1001407,1.843272899,1.841257351
7,1843967,1000417,1000417,1000417,1001459,1.843198386,1.841280572
7,1817877,1000625,1000625,961823,1001771,1.890032781,1.814663231
7,1843407,1000104,1000104,1000104,1001354,1.843215306,1.840914402
7,1843884,1000313,1000313,1000312,1001303,1.843308888,1.841484546
7,1844159,1000521,1000521,1000521,1001667,1.843198693,1.841089903
7,1837713,1000156,1000156,994271,1001458,1.848301922,1.835037515
7,1844161,1000521,1000521,1000521,1001615,1.843200692,1.841187482
7,1843490,1000156,1000156,1000105,1001198,1.843296454,1.841284142
7,1844165,1000520,1000520,1000521,1001614,1.843204690,1.841193314
7,1814062,1000313,1000313,970052,1001406,1.870066759,1.811515010
7,1843034,999896,999896,999896,1000990,1.843225695,1.841211201
7,1844018,1000416,1000416,1000417,1001354,1.843249365,1.841524576
7,1843351,1000104,1000104,1000052,1000937,1.843255151,1.841625397
7,1840004,1000365,1000365,997709,1001406,1.844229129,1.837420587
7,1844090,1000521,1000521,1000468,1001407,1.843227370,1.841499011
7,1843151,1000000,1000000,999948,1000886,1.843246849,1.841519414
7,1843616,1000209,1000209,1000260,1001093,1.843136784,1.841603128
7,1821783,1000833,1000833,963437,1003646,1.890920735,1.815164909
7,1840659,998646,998646,998593,1001303,1.843252456,1.838263742
7,1843432,1000157,1000157,1000104,1001146,1.843240303,1.841321845
7,1844088,1000469,1000469,1000520,1001510,1.843129573,1.841307625
7,1835136,1000469,1000469,994323,1001771,1.845613548,1.831891720
7,1843541,1000157,1000157,1000156,1001250,1.843253452,1.841239451
7,1844030,1000417,1000417,1000469,1001458,1.843165555,1.841345319
7,1843446,1000104,1000104,1000156,1001146,1.843158467,1.841335829
7,1824203,1000781,1000781,968022,1002031,1.884464403,1.820505553
7,1843193,1000000,1000000,999948,1001250,1.843288851,1.840891885
7,1844121,1000521,1000521,1000469,1001459,1.843256513,1.841434347
7,1843997,1000468,1000468,1000417,1001614,1.843228374,1.841025585
7,1836681,1000625,1000625,990104,1001979,1.855038461,1.833053387
7,1844022,1000469,1000469,1000417,1001511,1.843253363,1.841239887
7,1844041,1000416,1000416,1000469,1001459,1.843176550,1.841354464
7,1843989,1000468,1000468,1000417,1001458,1.843220377,1.841304378
7,1815970,1000260,1000260,955730,1001458,1.900086845,1.813326170
7,1844119,1000520,1000520,1000573,1001667,1.843062925,1.841049970
7,1844137,1000469,1000469,1000521,1001615,1.843176705,1.841163521
7,1844092,1000469,1000469,1000469,1001562,1.843227526,1.841216021
7,1837946,1000573,1000573,997031,1001823,1.843419111,1.834601521
7,1843812,1000312,1000312,1000261,1001354,1.843330891,1.841318854
7,1843365,1000104,1000104,1000105,1001146,1.843171467,1.841254922
7,1843800,1000364,1000364,1000313,1001303,1.843223071,1.841400655
7,1826889,1000313,1000313,982448,1001511,1.859527425,1.824132735
7,1843686,1000260,1000260,1000261,1001250,1.843204924,1.841384270
7,1844117,1000520,1000520,1000469,1001406,1.843252515,1.841527812
7,1843534,1000208,1000208,1000209,1001093,1.843148782,1.841521217
7,1838683,1000104,1000104,997240,1001094,1.843771810,1.836673679
7,1843579,1000208,1000208,1000208,1001250,1.843195615,1.841277403
7,1843658,1000260,1000260,1000261,1001146,1.843176931,1.841547586
7,1843988,1000469,1000469,1000417,1001302,1.843219378,1.841590249
7,1830231,1000313,1000313,976666,1001407,1.873957934,1.827659483
7,1843714,1000260,1000260,1000261,1001198,1.843232916,1.841507874
7,1843927,1000416,1000416,1000417,1001302,1.843158403,1.841529329
7,1843662,1000260,1000260,1000261,1001354,1.843180930,1.841169057
7,1834307,1000000,1000000,996823,1001041,1.840153167,1.832399472
7,1843799,1000365,1000365,1000260,1001198,1.843319737,1.841592772
7,1843653,1000208,1000208,1000260,1001198,1.843173775,1.841446947
7,1843501,1000156,1000156,1000209,1001146,1.843115789,1.841390766
7,1825174,1000730,1000730,985521,1001771,1.851988948,1.821947331
7,1843181,999948,999948,999948,1000990,1.843276850,1.841358056
7,1843267,1000000,1000000,1000053,1000989,1.843169312,1.841445810
7,1843764,1000313,1000313,1000312,1001250,1.843188925,1.841462172
7,1838399,1000469,1000469,997291,1001510,1.843392751,1.835627203
7,1843423,1000105,1000105,1000156,1001094,1.843135471,1.841408499
7,1843896,1000417,1000417,1000365,1001354,1.843223224,1.841402741
7,1843223,1000000,1000000,1000000,1000937,1.843223000,1.841497517
7,1816373,1000782,1000782,960364,1002136,1.891338076,1.812501497
7,1843596,1000208,1000208,1000157,1001667,1.843306601,1.840527840
7,1843678,1000261,1000261,1000260,1001667,1.843198768,1.840609704
7,1844234,1000521,1000521,1000573,1001666,1.843177859,1.841166616
7,1834338,1000469,1000469,987917,1001927,1.856773393,1.830810029
7,1843903,1000364,1000364,1000365,1001771,1.843230221,1.840643221
7,1843883,1000365,1000365,1000313,1001459,1.843306045,1.841196694
7,1843200,1000000,1000000,999948,1001094,1.843295851,1.841185743
7,1825703,1000521,1000521,982083,1002031,1.859010898,1.822002513
7,1843700,1000260,1000260,1000260,1001510,1.843220763,1.840920210
7,1843904,1000365,1000365,1000365,1001458,1.843231221,1.841219502
7,1843717,1000312,1000312,1000261,1001667,1.843235915,1.840648639
7,1838612,1000417,1000417,996041,1001614,1.845919997,1.835649262
7,1842336,1000469,1000469,1000469,1001822,1.841472349,1.838985369
7,1843593,1000208,1000208,1000157,1001302,1.843303601,1.841195763
7,1843848,1000364,1000364,1000365,1001459,1.843175241,1.841161745
7,1825466,1000625,1000625,968125,1002239,1.885568496,1.821387912
7,1843115,999948,999948,999948,1001094,1.843210847,1.841100836
7,1843380,1000105,1000105,1000052,1001250,1.843284149,1.841078652
7,1843123,999948,999948,999948,1001094,1.843218847,1.841108827
7,1836691,1000156,1000156,995520,1001406,1.844956405,1.834112238
7,1843280,1000052,1000052,1000052,1001458,1.843184154,1.840596410
7,1843546,1000209,1000209,1000156,1001302,1.843258452,1.841148824
7,1843446,1000157,1000157,1000156,1001198,1.843158467,1.841240194
7,1827010,1000365,1000365,981718,1001823,1.861033413,1.823685421
7,1843930,1000364,1000364,1000417,1001511,1.843161402,1.841148025
7,1843289,1000052,1000052,1000052,1001146,1.843193154,1.841179009
7,1843823,1000312,1000312,1000313,1001459,1.843246064,1.841136781
7,1838185,1000417,1000417,996405,1001614,1.844817118,1.835222950
7,1843727,1000312,1000312,1000261,1001667,1.843245913,1.840658622
7,1843165,1000000,1000000,999948,1001094,1.843260850,1.841150781
7,1843249,1000000,1000000,1000053,1001145,1.843151313,1.841140894
7,1814002,1000416,1000416,969375,1001667,1.871310896,1.810983091
7,1843176,1000000,1000000,1000000,1001146,1.843176000,1.841066138
7,1843888,1000417,1000417,1000365,1001510,1.843215226,1.841107927
7,1843355,1000052,1000052,1000052,1001094,1.843259151,1.841340573
7,1836661,1000469,1000469,997186,1001771,1.841843949,1.833414024
7,1843405,1000156,1000156,1000105,1001145,1.843211463,1.841296715
7,1843923,1000416,1000416,1000365,1001459,1.843250214,1.841236636
7,1843714,1000260,1000260,1000261,1001354,1.843232916,1.841220987
7,1804400,1000365,1000365,959064,1001459,1.881417716,1.801771216
7,1843687,1000260,1000260,1000261,1001197,1.843205923,1.841482745
7,1843236,1000053,1000053,1000000,1000990,1.843236000,1.841413001
7,1843410,1000156,1000156,1000104,1001042,1.843218305,1.841491166
7,1839067,1000104,1000104,997188,1001094,1.844253040,1.837057259
7,1843641,1000261,1000261,1000260,1001146,1.843161778,1.841530606
7,1843161,999948,999948,1000000,1000885,1.843161000,1.841531245
7,1844085,1000469,1000469,1000469,1001354,1.843220530,1.841591485
7,1830128,1000365,1000365,976720,1001563,1.873748874,1.827271974
7,1843272,1000052,1000052,1000000,1001094,1.843272000,1.841257664
7,1843202,1000000,1000000,1000000,1001093,1.843202000,1.841189580
7,1843904,1000364,1000364,1000365,1001458,1.843231221,1.841219502
7,1836213,1000208,1000208,992657,1001511,1.849796052,1.833442668
7,1843223,1000000,1000000,1000000,1001041,1.843223000,1.841306200
7,1843772,1000312,1000312,1000313,1001354,1.843195080,1.841278908
7,1844078,1000468,1000468,1000469,1001459,1.843213533,1.841391410
7,1829728,1000573,1000573,984792,1001980,1.857984224,1.826112298
7,1843498,1000157,1000157,1000156,1001250,1.843210459,1.841196504
7,1843481,1000156,1000156,1000156,1001198,1.843193462,1.841275152
7,1844136,1000521,1000521,1000469,1001563,1.843271506,1.841258114
7,1838489,1000208,1000208,996562,1001354,1.844831531,1.836003052
7,1843557,1000208,1000208,1000156,1001198,1.843269450,1.841351061
7,1843920,1000417,1000417,1000365,1001615,1.843247215,1.840946871
7,1843964,1000417,1000417,1000364,1001458,1.843293041,1.841279415
7,1827601,1000208,1000208,972030,1001718,1.880189912,1.824466566
7,1844007,1000469,1000469,1000417,1001614,1.843238370,1.841035569
7,1844160,1000521,1000521,1000469,1001615,1.843295494,1.841186484
7,1843188,1000000,1000000,999948,1001094,1.843283851,1.841173756
7,1837985,1000521,1000521,995938,1001719,1.845481345,1.834830926
7,1843555,1000208,1000208,1000156,1001615,1.843267450,1.840582459
7,1844160,1000521,1000521,1000521,1001614,1.843199693,1.841188322
7,1843965,1000417,1000417,1000364,1001511,1.843294041,1.841182973
7,1818927,1000209,1000209,977082,1001458,1.861590941,1.816278865
7,1843248,1000052,1000052,1000052,1001146,1.843152156,1.841138056
7,1844094,1000469,1000469,1000521,1001875,1.843133727,1.840642795
7,1843462,1000157,1000157,1000156,1001198,1.843174465,1.841256175
7,1836874,1000573,1000573,995990,1001666,1.844269521,1.833818858
7,1844130,1000468,1000468,1000469,1001459,1.843265508,1.841443334
7,1843417,1000104,1000104,1000053,1001146,1.843319304,1.841306862
7,1843159,1000000,1000000,1000000,1001042,1.843159000,1.841240427
7,1828723,1000625,1000625,975574,1001718,1.874509776,1.825586642
7,1843123,999948,999948,999948,1001145,1.843218847,1.841015038
7,1843401,1000156,1000156,1000052,1001042,1.843305148,1.841482176
7,1843890,1000417,1000417,1000313,1001302,1.843313043,1.841492377
7,1839295,1000521,1000521,997188,1001667,1.844481682,1.836233998
7,1844048,1000469,1000469,1000520,1001562,1.843089593,1.841172089
7,1843688,1000261,1000261,1000208,1001146,1.843304593,1.841577552
7,1843534,1000208,1000208,1000208,1001198,1.843150625,1.841328089
7,1829939,1000521,1000521,983594,1001875,1.860461735,1.826514286
7,1843675,1000261,1000261,1000208,1001302,1.843291595,1.841277656
7,1844201,1000521,1000521,1000573,1001510,1.843144878,1.841420455
7,1843351,1000105,1000105,1000104,1001198,1.843159311,1.841145308
7,1836041,1000313,1000313,992655,1001562,1.849626507,1.833177577
7,1843968,1000416,1000416,1000365,1001406,1.843295197,1.841379021
7,1843326,1000052,1000052,1000052,1001042,1.843230152,1.841407254
7,1843761,1000313,1000313,1000364,1001562,1.843090115,1.840885537
7,1717675,990052,990052,901718,1004063,1.904891551,1.710724327
7,1844110,1000521,1000521,1000469,1001667,1.843245518,1.841040985
7,1843799,1000365,1000365,1000312,1001458,1.843223914,1.841114655
7,1844069,1000468,1000468,1000625,1002135,1.842917177,1.840140300
7,1822449,1000365,1000365,992916,1001875,1.835451337,1.819038303
7,1844391,1000625,1000625,1000729,1001980,1.843047418,1.840746322
7,1843752,1000313,1000313,1000260,1001614,1.843272749,1.840780979
7,1844113,1000521,1000521,1000521,1001927,1.843152717,1.840566229
7,1826548,1000000,1000000,978334,1001354,1.866998387,1.824078198
7,1844198,1000521,1000521,1000625,1001719,1.843046096,1.841033264
7,1844108,1000520,1000520,1000573,1001563,1.843051931,1.841230157
7,1843270,1000000,1000000,1000001,1001198,1.843268157,1.841064405
7,1838758,1000208,1000208,995417,1001250,1.847223827,1.836462422
7,1843848,1000364,1000364,1000417,1001511,1.843079436,1.841066149
7,1844330,1000625,1000625,1000573,1001563,1.843273804,1.841451811
7,1843440,1000469,1000469,1000469,1001354,1.842575832,1.840947357
7,1933140,1000417,1000417,963959,1001510,2.005417243,1.930225360
7,2092859,1000052,1000052,1000052,1000886,2.092750177,2.091006368
7,2090519,1000208,1000208,1000208,1001042,2.090084262,2.088342947
7,2092797,1000000,1000000,999948,1000781,2.092905831,2.091163801
7,2087863,1000156,1000156,997657,1001094,2.092766352,2.085581374
7,2094146,1000677,1000677,1000729,1001562,2.092620480,2.090880045
7,1835594,1000417,1000417,1000417,1001510,1.834828876,1.832826432
7,1843639,1000208,1000208,1000209,1001146,1.843253760,1.841528608
7,1832499,1000572,1000572,988437,1001615,1.853936063,1.829544286
7,1843166,1000000,1000000,999948,1000937,1.843261850,1.841440570
7,1842215,1000365,1000365,1000313,1001198,1.841638567,1.840010667
7,1843753,1000365,1000365,1000416,1001718,1.842986318,1.840590865
7,1836928,1000104,1000104,993489,1001407,1.848966622,1.834347074
7,1843537,1000364,1000364,1000313,1001823,1.842960153,1.840182348
7,1842683,999947,999947,999896,1001094,1.842874659,1.840669308
7,1843421,1000104,1000104,1000104,1001562,1.843229304,1.840546067
7,1826632,1000260,1000260,966512,1001510,1.889921698,1.823877944
7,1843898,1000417,1000417,1000417,1001718,1.843129415,1.840735616
7,1843412,1000104,1000104,1000157,1001198,1.843122630,1.841206235
7,1843513,1000260,1000260,1000261,1001510,1.843031969,1.840733492
7,1835312,1000156,1000156,993228,1001407,1.847825474,1.832733344
7,1843548,1000209,1000209,1000156,1001198,1.843260451,1.841342072
7,1843169,1000052,1000052,1000052,1001146,1.843073160,1.841059146
7,1843794,1000364,1000364,1000313,1001354,1.843217073,1.841300879
7,1827274,1000520,1000520,980573,1001771,1.863475743,1.824043619
7,1843766,1000416,1000416,1000365,1001406,1.843093271,1.841177305
7,1842601,1000104,1000104,1000104,1001094,1.842409389,1.840587397
7,1843878,1000365,1000365,1000364,1001302,1.843207073,1.841480393
7,1838302,1000417,1000417,994739,1001511,1.848024457,1.835528516
7,1843352,1000156,1000156,1000156,1001146,1.843064482,1.841241937
7,1843338,1000260,1000260,1000260,1001197,1.842858857,1.841134162
7,1844024,1000469,1000469,1000417,1001459,1.843255363,1.841337489
7,1914832,1000521,1000521,962708,1001771,1.989006012,1.911446828
7,2091354,1000312,1000312,1000261,1001302,2.090808299,2.088634598
7,2093054,1000156,1000156,1000156,1000886,2.092727535,2.091201196
7,2093719,1000416,1000416,1000677,1001563,2.092302511,2.090451624
7,2087723,1000208,1000208,994844,1001146,2.098543088,2.085333208
7,2092859,1000000,1000000,1000000,1000781,2.092859000,2.091225753
7,2093365,1000261,1000261,1000260,1001198,2.092820867,2.090860150
7,2093706,1000417,1000417,1000417,1001407,2.092833289,2.090764295
7,2081164,1000521,1000521,983490,1001459,2.116100825,2.078132005
7,1952400,1000208,1000208,1000208,1001250,1.951993985,1.949962547
7,1842949,1000625,1000625,1000625,1001562,1.841797876,1.840074803
7,1843235,1000000,1000000,1000052,1000937,1.843139157,1.841509506
7,1840019,1000468,1000468,997605,1001511,1.844436425,1.837242926
7,1842992,999896,999896,999844,1000989,1.843279552,1.841171082
7,1843853,1000365,1000365,1000313,1001146,1.843276055,1.841742363
7,1843222,1000000,1000000,1000000,1000885,1.843222000,1.841592191
7,1828201,1000782,1000782,971562,1001823,1.881713159,1.824874254
7,1844360,1000626,1000626,1000625,1001875,1.843207995,1.840908297
7,1843581,1000208,1000208,1000261,1001354,1.843099951,1.841088167
7,1843589,1000208,1000208,1000208,1001302,1.843205613,1.841191768
7,1835063,1000052,1000052,996042,1001771,1.842355041,1.831818849
7,1843260,1000000,1000000,1000053,1001146,1.843162312,1.841150042
7,1844033,1000468,1000468,1000417,1001562,1.843264359,1.841157113
7,1844061,1000469,1000469,1000468,1001875,1.843198383,1.840609857
7,1824815,1000521,1000521,979791,1001719,1.862453319,1.821683526
7,1843933,1000365,1000365,1000416,1001719,1.843166243,1.840768719
7,1844038,1000469,1000469,1000469,1001615,1.843173552,1.841064681
7,1843768,1000261,1000261,1000260,1001407,1.843288745,1.841177463
7,1838169,1000417,1000417,994166,1001562,1.848955808,1.835302258
7,1844347,1000625,1000625,1000573,1001771,1.843290794,1.841086436
7,1843362,1000104,1000104,1000104,1001302,1.843170310,1.840965063
7,1844167,1000521,1000521,1000521,1001667,1.843206689,1.841097890
7,1806208,1000521,1000521,953490,1001771,1.894312473,1.803014861
7,1843970,1000416,1000416,1000417,1001562,1.843201385,1.841094211
7,1843835,1000312,1000312,1000365,1001510,1.843162246,1.841055007
7,1844143,1000521,1000521,1000520,1001563,1.843184544,1.841265103
7,1834549,1000469,1000469,997239,1001614,1.839628213,1.831592809
7,1843804,1000365,1000365,1000260,1001354,1.843324736,1.841310865
7,1844170,1000521,1000521,1000468,1001563,1.843307332,1.841292061
7,1844039,1000469,1000469,1000469,1001458,1.843174551,1.841354305
7,1817343,1000156,1000156,980731,1001354,1.853049409,1.814885645
7,1843995,1000417,1000417,1000416,1001458,1.843228217,1.841310369
7,1843212,1000000,1000000,1000052,1000990,1.843116158,1.841389025
7,1843031,1000625,1000625,1000625,1001458,1.841879825,1.840347773
7,1839735,1000417,1000417,997760,1001354,1.843865258,1.837247367
7,1843328,1000052,1000052,1000104,1001094,1.843136314,1.841313603
7,1844091,1000521,1000521,1000521,1001511,1.843130729,1.841308782
7,1843760,1000313,1000313,1000364,1001355,1.843089116,1.841265086
7,1816308,1000886,1000886,965051,1002032,1.882084988,1.812624747
7,1843805,1000312,1000312,1000365,1001354,1.843132257,1.841311864
7,1844156,1000521,1000521,1000469,1001510,1.843291496,1.841375523
7,1843279,1000052,1000052,1000052,1000937,1.843183154,1.841553464
7,1839042,1000156,1000156,997552,1001094,1.843555023,1.837032287
7,1843720,1000312,1000312,1000313,1001250,1.843143096,1.841418227
7,1844130,1000468,1000468,1000521,1001458,1.843169709,1.841445173
7,1844238,1000573,1000573,1000625,1001614,1.843086071,1.841266196
7,1832970,1000885,1000885,986198,1002084,1.858622711,1.829158035
7,1844017,1000469,1000469,1000521,1001510,1.843056767,1.841236733
7,1843994,1000468,1000468,1000417,1001406,1.843225375,1.841404985
7,1843270,1000052,1000052,1000052,1000990,1.843174155,1.841446968
7,1839680,1000312,1000312,997188,1001406,1.844867768,1.837097042
7,1843521,1000156,1000156,1000208,1001094,1.843137627,1.841506392
7,1843775,1000312,1000312,1000365,1001198,1.843102268,1.841568801
7,1844475,1000677,1000677,1000729,1001666,1.843131357,1.841407216
7,2016250,1000417,1000417,986406,1001459,2.044036634,2.013312577
7,2094024,1000625,1000625,1000677,1001563,2.092607305,2.090756148
7,2093047,1000104,1000104,1000052,1001041,2.092938167,2.090870404
7,2093275,1000208,1000208,1000208,1001042,2.092839689,2.091096078
7,2088885,1000417,1000417,998281,1001406,2.092481977,2.085952151
7,2093795,1000469,1000469,1000469,1001302,2.092813470,2.091072424
7,2093468,1000312,1000312,1000313,1001146,2.092812950,2.091071632
7,2093367,1000260,1000260,1000260,1001094,2.092822866,2.091079359
7,2015338,1000625,1000625,989583,1001562,2.036552770,2.012194951
7,1842105,1000104,1000104,1000053,1000990,1.842007374,1.840283120
7,1843371,1000469,1000469,1000469,1001302,1.842506864,1.840974052
7,1841840,1000313,1000313,1000312,1001198,1.841265525,1.839636116
7,1838048,1000052,1000052,996459,1001146,1.844579657,1.835944008
7,1843681,1000260,1000260,1000261,1001198,1.843199925,1.841474913
7,1843927,1000417,1000417,1000417,1001302,1.843158403,1.841529329
7,1843383,1000104,1000104,1000104,1000989,1.843191308,1.841561695
7,1776800,1000468,1000468,923697,1001614,1.923574505,1.773936866
7,1844130,1000417,1000417,1000625,1001615,1.842978139,1.841156532
7,1843083,999896,999896,999896,1000833,1.843274701,1.841548990
7,1843574,1000156,1000156,1000156,1001094,1.843286447,1.841559334
7,1839104,1000573,1000573,994688,1001562,1.848925492,1.836235800
7,1843437,1000104,1000104,1000156,1001042,1.843149469,1.841518138
7,1843739,1000313,1000313,1000313,1001198,1.843162090,1.841532844
7,1843167,1000000,1000000,1000000,1000833,1.843167000,1.841632920
7,1833874,1000469,1000469,986146,1001510,1.859637417,1.831109025
7,1843969,1000417,1000417,1000364,1001302,1.843298040,1.841571274
7,1843218,1000000,1000000,1000000,1000834,1.843218000,1.841682037
7,1843554,1000156,1000156,1000156,1001094,1.843266450,1.841539356
7,1839022,1000312,1000312,997865,1001250,1.842956713,1.836726092
7,1843122,1000000,1000000,999896,1000885,1.843313705,1.841492279
7,1843513,1000156,1000156,1000156,1001094,1.843225457,1.841498401
7,1843518,1000156,1000156,1000208,1001094,1.843134628,1.841503395
7,1830556,1000417,1000417,968385,1001459,1.890318417,1.827889110
7,1843426,1000104,1000104,1000053,1001042,1.843328304,1.841507150
7,1843269,1000052,1000052,1000000,1000938,1.843269000,1.841541634
7,1843933,1000416,1000416,1000417,1001354,1.843164400,1.841439691
7,1843231,1000000,1000000,1000000,1000990,1.843231000,1.841408006
7,1843577,1000208,1000208,1000208,1001093,1.843193616,1.841564170
7,1843242,1000052,1000052,1000052,1000938,1.843146156,1.841514659
7,1838572,1000365,1000365,993958,1001302,1.849748178,1.836181292
7,1839571,1000468,1000468,995677,1001510,1.847557993,1.836797436
7,1843343,1000052,1000052,1000104,1000938,1.843151312,1.841615565
7,1844360,1000625,1000625,1000625,1001562,1.843207995,1.841483603
7,1838693,1000260,1000260,997864,1001198,1.842628855,1.836492882
7,1843995,1000417,1000417,1000469,1001354,1.843130572,1.841501607
7,1843940,1000417,1000417,1000364,1001302,1.843269050,1.841542312
7,1843748,1000312,1000312,1000313,1001198,1.843171087,1.841541833
7,1832436,1000364,1000364,973126,1001354,1.883040840,1.829958237
7,1827502,1000520,1000520,995937,1001510,1.834957432,1.824746633
7,1843926,1000365,1000365,1000364,1001407,1.843255055,1.841335241
7,1844026,1000469,1000469,1000468,1001354,1.843163400,1.841532565
7,1837078,1000104,1000104,996302,1001094,1.843896730,1.835070433
7,1844160,1000521,1000521,1000521,1001563,1.843199693,1.841282076
7,1843107,1000313,1000313,1000260,1001250,1.842627917,1.840805993
7,1843219,1000156,1000156,1000104,1000990,1.843027325,1.841396018
7,1838101,1000208,1000208,993646,1001250,1.849854979,1.835806242
7,1836415,1000209,1000209,991041,1001198,1.853016172,1.834217607
7,1843119,1000000,1000000,999948,1000886,1.843214847,1.841487442
7,1843617,1000209,1000209,1000260,1001041,1.843137784,1.841699791
7,1839632,1000625,1000625,995521,1001615,1.847908783,1.836665785
7,1843729,1000312,1000312,1000209,1001093,1.843343741,1.841716004
7,1843108,999948,999948,999948,1000834,1.843203847,1.841572129
7,1843113,1000053,1000053,1000052,1000885,1.843017163,1.841483287
7,1833767,1000469,1000469,969687,1001458,1.891091662,1.831097260
7,1837784,1000105,1000105,993594,1001302,1.849632747,1.835394317
7,1843836,1000365,1000365,1000365,1001198,1.843163245,1.841629728
7,1842853,1000000,1000000,1000000,1000834,1.842853000,1.841317341
7,1839066,1000261,1000261,994323,1001250,1.849565986,1.836770037
7,1830519,999480,999480,999219,1000989,1.831949753,1.828710405
7,1843410,1000104,1000104,1000105,1000990,1.843216462,1.841586829
7,1842580,1000052,1000052,1000000,1000886,1.842580000,1.840948919
7,1837964,1000104,1000104,992083,1001145,1.852631282,1.835861938
7,1837830,1000157,1000157,995104,1001250,1.846872287,1.835535581
7,1843217,1000000,1000000,999948,1000937,1.843312852,1.841491522
7,1843981,1000417,1000417,1000417,1001250,1.843212380,1.841678901
7,1839164,1000208,1000208,998178,1001250,1.842521073,1.836867915
7,1843590,1000208,1000208,1000209,1001198,1.843204770,1.841384022
7,1843262,1000000,1000000,1000052,1000937,1.843166155,1.841536480
7,1843239,1000052,1000052,1000000,1000885,1.843239000,1.841609176
7,1829388,1000417,1000417,972186,1001354,1.881726336,1.826914358
7,1843308,1000000,1000000,1000052,1000989,1.843212153,1.841486770
7,1843361,1000104,1000104,1000052,1000938,1.843265150,1.841633548
7,1843870,1000364,1000364,1000365,1001302,1.843197233,1.841472403
7,1839058,1000156,1000156,997760,1001197,1.843186738,1.836859279
7,1843300,1000052,1000052,1000052,1000938,1.843204153,1.841572605
7,1843366,1000104,1000104,1000104,1000989,1.843174310,1.841544712
7,1843929,1000417,1000417,1000364,1001250,1.843258054,1.841626966
7,1834208,1000364,1000364,989322,1001250,1.854005066,1.831918102
7,1843698,1000260,1000260,1000261,1001146,1.843216920,1.841587541
7,1843999,1000416,1000416,1000365,1001302,1.843326186,1.841601235
7,1843443,1000105,1000105,1000104,1001042,1.843251302,1.841524132
7,1839787,1000312,1000312,997604,1001250,1.844205717,1.837490137
7,1843491,1000156,1000156,1000157,1001041,1.843201617,1.841573922
7,1843146,999948,999948,999948,1000886,1.843241849,1.841514418
7,1843498,1000156,1000156,1000104,1001041,1.843306296,1.841580914
7,1825820,1000208,1000208,971041,1001250,1.880270761,1.823540574
7,1843587,1000209,1000209,1000260,1001146,1.843107792,1.841476668
7,1843331,1000104,1000104,1000052,1000989,1.843235152,1.841509747
7,1843498,1000157,1000157,1000156,1001042,1.843210459,1.841579075
7,1838113,1000260,1000260,992135,1001354,1.852684363,1.835627560
7,1844092,1000469,1000469,1000520,1001354,1.843133571,1.841598476
7,1843959,1000417,1000417,1000416,1001250,1.843192232,1.841656929
7,1843526,1000208,1000208,1000157,1001094,1.843236612,1.841511387
7,1832939,1000313,1000313,984167,1001303,1.862426804,1.830553788
7,1843643,1000260,1000260,1000209,1001093,1.843257759,1.841630098
7,1843444,1000469,1000469,1000468,1001406,1.842581672,1.840855757
7,1844023,1000417,1000417,1000416,1001406,1.843256205,1.841433944
7,1839892,1000521,1000521,997761,1001563,1.844020762,1.837020737
7,1843968,1000416,1000416,1000365,1001250,1.843295197,1.841665918
7,1844078,1000468,1000468,1000469,1001354,1.843213533,1.841584495
7,1844002,1000416,1000416,1000365,1001303,1.843329185,1.841602392
7,1829823,1000625,1000625,969842,1001615,1.886722786,1.826872601
7,1843141,1000209,1000209,1000208,1001146,1.842757706,1.841031178
7,1843957,1000417,1000417,1000416,1001250,1.843190233,1.841654931
7,1843234,1000104,1000104,1000105,1000937,1.843040481,1.841508507
7,1838589,1000313,1000313,997656,1001302,1.842908778,1.836198270
7,1843092,1000052,1000052,1000052,1000886,1.842996164,1.841460466
7,1843552,1000208,1000208,1000157,1001041,1.843262608,1.841634858
7,1843464,1000209,1000209,1000260,1001094,1.842984824,1.841449454
7,1823739,1000468,1000468,987605,1001614,1.846627953,1.820800228
7,1839322,1000365,1000365,1000625,1001823,1.838173142,1.835975018
7,1843349,1000104,1000104,1000104,1001146,1.843157312,1.841238940
7,1843379,1000104,1000104,1000052,1001146,1.843283149,1.841268906
7,1837085,1000208,1000208,993750,1001407,1.848638994,1.834503853
7,1843579,1000208,1000208,1000208,1001458,1.843195615,1.840894975
7,1843743,1000313,1000313,1000312,1001302,1.843167932,1.841345568
7,1844148,1000521,1000521,1000521,1001771,1.843187699,1.840887788
7,1826442,1000573,1000573,966042,1002084,1.890644506,1.822643611
7,1843677,1000261,1000261,1000260,1001250,1.843197769,1.841375281
7,1843320,1000104,1000104,1000104,1001042,1.843128315,1.841401260
7,1843392,1000104,1000104,1000104,1001042,1.843200307,1.841473185
7,1840309,1000625,1000625,995781,1001562,1.848106160,1.837438920
7,1844185,1000520,1000520,1000521,1001355,1.843224680,1.841689511
7,1844244,1000573,1000573,1000521,1001510,1.843283649,1.841463390
7,1843344,1000052,1000052,1000104,1000937,1.843152312,1.841618404
7,1823618,1000364,1000364,987189,1001511,1.847283550,1.820866670
7,1841486,1000417,1000417,1000416,1001406,1.840720260,1.838900506
7,1843449,1000104,1000104,1000156,1001094,1.843161467,1.841434471
7,1843483,1000469,1000469,1000521,1001510,1.842523045,1.840703538
7,1837796,1000208,1000208,997552,1001198,1.842305965,1.835596955
7,1843676,1000260,1000260,1000261,1001094,1.843194926,1.841661223
7,1844368,1000625,1000625,1000625,1001563,1.843215990,1.841489752
7,1843476,1000104,1000104,1000156,1001094,1.843188463,1.841461441
7,1822009,1000572,1000572,959949,1001667,1.898026874,1.818976766
7,1840922,1000104,1000104,1000052,1001042,1.840826277,1.839005756
7,1844064,1000469,1000469,1000468,1001406,1.843201382,1.841474886
7,1839571,999948,999948,999792,1000989,1.839953710,1.837753462
7,1836072,1000104,1000104,995885,1001198,1.843658655,1.833875018
7,1841618,1000313,1000313,1000313,1001302,1.841041754,1.839223331
7,1839855,1000261,1000261,1000260,1001198,1.839376762,1.837653491
7,1838389,1000104,1000104,1000156,1001042,1.838102256,1.836475393
7,1827939,1000416,1000416,990313,1001407,1.845819453,1.825370703
7,1840190,1000364,1000364,1000365,1001198,1.839518576,1.837988090
7,1839494,1000104,1000104,1000052,1000990,1.839398351,1.837674702
7,1839816,1000104,1000104,1000104,1000989,1.839624679,1.837998220
7,1835818,1000157,1000157,995781,1001146,1.843596132,1.833716561
7,1841436,1000313,1000313,1000260,1001198,1.840957351,1.839232599
7,1843899,1000365,1000365,1000364,1001198,1.843228065,1.841692652
7,1839000,1000156,1000156,1000157,1000989,1.838711322,1.837183026
7,1818976,1000157,1000157,960834,1001198,1.893122017,1.816799474
7,1840443,1000469,1000469,1000417,1001354,1.839675855,1.837954410
7,1840384,1000469,1000469,1000469,1001302,1.839521265,1.837990936
7,1842055,1000313,1000313,1000313,1001146,1.841478617,1.839946421
7,1833195,1000417,1000417,994167,1001458,1.843950765,1.830526093
7,1842429,1000416,1000416,1000417,1001354,1.841661027,1.839937724
7,1838895,1000104,1000104,1000104,1000938,1.838703775,1.837171733
7,1832446,1000312,1000312,1000365,1001198,1.831777401,1.830253356
7,1830118,1000313,1000313,987344,1001354,1.853576869,1.827643371
7,1843792,1000312,1000312,1000417,1001302,1.843023459,1.841394504
7,1843802,1000364,1000364,1000365,1001355,1.843129258,1.841307029
7,1843974,1000416,1000416,1000417,1001355,1.843205383,1.841478796
7,1837713,1000468,1000468,996354,1001719,1.844437820,1.834559392
7,1842173,1000209,1000209,1000156,1001042,1.841885666,1.840255454
7,1844162,1000521,1000521,1000520,1001406,1.843203534,1.841572749
7,1843398,1000104,1000104,1000104,1000989,1.843206307,1.841576681
7,1869056,1000625,1000625,961406,1001563,1.944086057,1.866139224
7,2092124,1000365,1000365,1000468,1001406,2.091145344,2.089186604
7,2092996,1000417,1000417,1000469,1001406,2.092014845,2.090057379
7,2093084,1000104,1000104,1000157,1001093,2.092755437,2.090798757
7,2089004,1000209,1000209,997656,1001198,2.093912130,2.086504368
7,2093605,1000365,1000365,1000365,1001146,2.092841113,2.091208475
7,2093516,1000365,1000365,1000365,1001198,2.092752145,2.091010969
7,2092188,1000052,1000052,1000000,1000781,2.092188000,2.090555276
7,2082552,1000208,1000208,989219,1001145,2.105248686,2.080170205
7,2093487,1000365,1000365,1000365,1001198,2.092723156,2.090982004
7,1938943,1000052,1000052,1000052,1000885,1.938842180,1.937228553
7,1842030,1000052,1000052,1000052,1000938,1.841934219,1.840303795
7,1839103,1000260,1000260,997970,1001250,1.842843973,1.836806991
7,1843755,1000312,1000312,1000313,1001146,1.843178085,1.841644475
7,1843381,1000104,1000104,1000052,1000990,1.843285149,1.841557858
7,1843614,1000208,1000208,1000209,1001146,1.843228765,1.841503637
7,1829824,1000261,1000261,964063,1001354,1.898033635,1.827349768
7,1843285,1000052,1000052,1000052,1001094,1.843189154,1.841270650
7,1844247,1000573,1000573,1000573,1001562,1.843190852,1.841370779
7,1843377,1000105,1000105,1000104,1000990,1.843185309,1.841553862
7,1839008,1000000,1000000,997500,1001041,1.843617043,1.837095583
7,1843581,1000208,1000208,1000313,1001197,1.843004140,1.841376872
7,1831774,1000521,1000521,1000573,1001667,1.830724995,1.828725515
7,1842896,1000209,1000209,1000260,1001302,1.842416972,1.840499669
7,1834369,1000625,1000625,988801,1001666,1.855144766,1.831318024
7,1843821,1000364,1000364,1000313,1001302,1.843244065,1.841423467
7,1843402,1000156,1000156,1000104,1001042,1.843210306,1.841483175
7,1843430,1000104,1000104,1000104,1001041,1.843238303,1.841512985
7,1839759,1000625,1000625,998385,1001615,1.842735017,1.836792580
7,1843540,1000209,1000209,1000156,1001198,1.843252453,1.841334082
7,1843539,1000208,1000208,1000261,1001302,1.843057962,1.841141833
7,1843980,1000416,1000416,1000521,1001511,1.843019787,1.841197950
7,1878519,1000417,1000417,964269,1001458,1.948127545,1.875784107
7,2090184,1000052,1000052,1000052,1000937,2.090075316,2.088227331
7,2093187,1000156,1000156,1000156,1001042,2.092860514,2.091008169
7,2093778,1000469,1000469,1000469,1001303,2.092796478,2.091053357
7,2087485,1000157,1000157,995156,1001146,2.097645997,2.085095481
7,2093292,1000521,1000521,1000677,1001614,2.091875800,2.089918871
7,2093291,1000209,1000209,1000260,1001146,2.092746886,2.090894835
7,2093272,1000260,1000260,1000261,1001146,2.092725799,2.090875856
7,2081940,1000209,1000209,987969,1001094,2.107292840,2.079664847
7,2093254,1000209,1000209,1000156,1001094,2.092927503,2.090966483
7,2093394,1000312,1000312,1000261,1001146,2.092847767,2.090997717
7,2093583,1000417,1000417,1000364,1001198,2.092821213,2.091077889
7,2088445,999948,999948,997865,1000886,2.092913370,2.086596276
7,2093103,1000156,1000156,1000105,1000937,2.092883247,2.091143598
7,1826338,1000469,1000469,1000468,1001250,1.825483674,1.824057928
7,1844153,1000521,1000521,1000520,1001354,1.843194539,1.841659393
7,1819062,1000417,1000417,967291,1001927,1.880573685,1.815563409
7,1841831,1000261,1000261,1000364,1001250,1.841160817,1.839531586
7,1843848,1000365,1000365,1000365,1001354,1.843175241,1.841354806
7,1843610,1000208,1000208,1000208,1001146,1.843226609,1.841499641
7,1838913,1000105,1000105,997604,1001198,1.843329618,1.836712618
7,1843322,1000104,1000104,1000104,1000989,1.843130314,1.841500756
7,1844196,1000520,1000520,1000521,1001458,1.843235674,1.841511077
7,1843611,1000260,1000260,1000313,1001302,1.843034130,1.841213740
7,1834670,1000677,1000677,986823,1001875,1.859168260,1.831236432
7,1844118,1000469,1000469,1000521,1001614,1.843157715,1.841146390
7,1843456,1000156,1000156,1000104,1001042,1.843264301,1.841537118
7,1844078,1000521,1000521,1000468,1001406,1.843215375,1.841488867
7,1839466,1000157,1000157,997239,1001146,1.844558827,1.837360385
7,1843394,1000104,1000104,1000104,1000989,1.843202307,1.841572685
7,1843626,1000260,1000260,1000209,1001146,1.843240763,1.841515623
7,1843892,1000365,1000365,1000469,1001406,1.843027620,1.841303128
7,1829265,1000417,1000417,968906,1001562,1.887969524,1.826412144
7,1843546,1000208,1000208,1000156,1001093,1.843258452,1.841533204
7,1843571,1000208,1000208,1000209,1001042,1.843185774,1.841651999
7,1843907,1000365,1000365,1000364,1001250,1.843236062,1.841604994
7,1839154,1000417,1000417,996718,1001458,1.845209979,1.836476417
7,1843377,1000104,1000104,1000104,1000989,1.843185309,1.841555701
7,1843962,1000416,1000416,1000417,1001302,1.843193388,1.841564283
7,1843351,1000052,1000052,1000104,1000938,1.843159311,1.841623557
7,1834193,1000625,1000625,989844,1001614,1.853012192,1.831237383
7,1843906,1000416,1000416,1000365,1001354,1.843233220,1.841412727
7,1844132,1000520,1000520,1000469,1001354,1.843267508,1.841638422
7,1844017,1000468,1000468,1000417,1001302,1.843248365,1.841619212
7,1835022,1000208,1000208,994687,1001198,1.844823548,1.832826274
7,1844045,1000469,1000469,1000417,1001302,1.843276354,1.841647175
7,1843607,1000261,1000261,1000208,1001094,1.843223609,1.841592298
7,1843901,1000365,1000365,1000364,1001303,1.843230064,1.841501524
7,1828872,1000521,1000521,962656,1001667,1.899818835,1.825828344
7,1843625,1000208,1000208,1000209,1001146,1.843239763,1.841514624
7,1843990,1000417,1000417,1000417,1001354,1.843221377,1.841496614
7,1843209,1000052,1000052,1000000,1000833,1.843209000,1.841674885
7,1838784,1000520,1000520,997657,1001458,1.843102389,1.836106956
7,1843243,1000000,1000000,1000000,1000834,1.843243000,1.841707016
7,1843722,1000261,1000261,1000260,1001093,1.843242757,1.841709012
7,1843589,1000208,1000208,1000157,1001042,1.843299602,1.841669980
7,1833594,1000417,1000417,988647,1001406,1.854649840,1.831019586
7,1843173,999948,999948,999947,1000990,1.843270693,1.841350063
7,1843846,1000313,1000313,1000364,1001198,1.843175084,1.841639716
7,1843988,1000417,1000417,1000417,1001250,1.843219378,1.841685893
7,1839155,1000104,1000104,997708,1001094,1.843380027,1.837145163
7,1843874,1000365,1000365,1000313,1001198,1.843297048,1.841667682
7,1843640,1000261,1000261,1000208,1001093,1.843256603,1.841627102
7,1843447,1000156,1000156,1000157,1000990,1.843157624,1.841623792
7,1828600,1000677,1000677,973906,1001718,1.877593936,1.825463853
7,1843631,1000261,1000261,1000208,1001250,1.843247604,1.841329338
7,1843363,1000052,1000052,1000105,1000938,1.843169467,1.841635546
7,1843913,1000417,1000417,1000416,1001302,1.843146251,1.841515347
7,1828265,1000052,1000052,997603,1001094,1.832657881,1.826267064
7,1842256,1000156,1000156,1000209,1001094,1.841871049,1.840242774
7,1843240,1000000,1000000,1000000,1000885,1.843240000,1.841610175
7,1842802,1000156,1000156,1000104,1000990,1.842610369,1.840979430
7,1833167,1000625,1000625,987448,1001667,1.856469404,1.830116196
7,1843325,1000260,1000260,1000313,1001198,1.842748220,1.841119339
7,1844046,1000468,1000468,1000417,1001406,1.843277353,1.841456912
7,1843624,1000312,1000312,1000313,1001146,1.843047126,1.841513625
7,1838991,1000052,1000052,997500,1001042,1.843600000,1.837076766
7,1843522,1000312,1000312,1000261,1001198,1.843040966,1.841316103
7,1842983,1000104,1000104,1000052,1000937,1.842887170,1.841257741
7,1843598,1000208,1000208,1000209,1001042,1.843212769,1.841678971
7,1823547,1000209,1000209,966771,1001198,1.886224349,1.821365005
7,1843735,1000312,1000312,1000261,1001198,1.843253911,1.841528848
7,1843353,1000104,1000104,1000052,1000990,1.843257151,1.841529885
7,1843201,1000000,1000000,1000000,1000886,1.843201000,1.841569370
7,1839135,1000417,1000417,995730,1001406,1.847021783,1.836552807
7,1843683,1000260,1000260,1000208,1001094,1.843299594,1.841668215
7,1843739,1000416,1000416,1000417,1001250,1.842970481,1.841437203
7,1843739,1000417,1000417,1000365,1001302,1.843066281,1.841341573
7,1833601,1000677,1000677,989374,1001823,1.853294103,1.830264428
7,1843385,1000104,1000104,1000104,1001198,1.843193308,1.841179267
7,1844180,1000573,1000573,1000469,1001511,1.843315485,1.841397648
7,1843328,1000053,1000053,1000052,1001094,1.843232152,1.841313603
7,1837484,1000313,1000313,991823,1001615,1.852632980,1.834521248
7,1843389,1000417,1000417,1000417,1001406,1.842620627,1.840800834
7,1844098,1000468,1000468,1000469,1001510,1.843233523,1.841317610
7,1843746,1000468,1000468,1000521,1001510,1.842785909,1.840966141
7,1818547,1000365,1000365,956354,1001979,1.901541689,1.814955204
7,1843546,1000417,1000417,1000365,1001615,1.842873351,1.840573474
7,1843229,1000417,1000417,1000416,1001510,1.842462536,1.840449921
7,1843468,1000261,1000261,1000260,1001250,1.842988823,1.841166542
7,1837278,1000052,1000052,996979,1001302,1.842845235,1.834888975
7,1843119,1000000,1000000,999948,1001042,1.843214847,1.841200469
7,1842731,1000156,1000156,1000157,1001354,1.842441737,1.840239316
7,1841858,1000104,1000104,1000105,1001146,1.841664625,1.839749647
7,1829196,1000520,1000520,982135,1001719,1.862469009,1.826057008
7,1843914,1000521,1000521,1000469,1001407,1.843049610,1.841323258
7,1843839,1000417,1000417,1000416,1001355,1.843072282,1.841343979
7,1843472,1000261,1000261,1000260,1001094,1.842992822,1.841457446
7,1826773,1000573,1000573,996771,1001563,1.832690758,1.823922210
7,1842584,1000052,1000052,1000000,1000886,1.842584000,1.840952916
7,1843271,1000053,1000053,1000000,1000885,1.843271000,1.841641148
7,1843345,1000104,1000104,1000052,1000937,1.843249151,1.841619403
7,1830456,1000469,1000469,970990,1001667,1.885144028,1.827409708
7,1843360,1000104,1000104,1000052,1001042,1.843264150,1.841441218
7,1842714,1000052,1000052,1000052,1000937,1.842618184,1.840988993
7,1834279,1000156,1000156,1000157,1000990,1.833991063,1.832464860
7,1830030,1000209,1000209,995990,1001145,1.837397966,1.827937012
7,1836702,1000260,1000260,1000208,1001093,1.836320045,1.834696677
7,1836158,999792,999792,999740,1000834,1.836635525,1.834627920
7,1837110,1000104,1000104,1000052,1000990,1.837014475,1.835293060
7,1820919,1000417,1000417,989167,1001458,1.840861048,1.818267965
7,1843273,1000052,1000052,1000000,1000990,1.843273000,1.841449965
7,1843200,1000000,1000000,1000000,1000886,1.843200000,1.841568370
7,1844023,1000468,1000468,1000417,1001302,1.843254363,1.841625204
7,1839857,1000364,1000364,995781,1001354,1.847652245,1.837369202
7,1843181,1000000,1000000,999948,1000833,1.843276850,1.841646908
7,1843752,1000312,1000312,1000313,1001146,1.843175086,1.841641479
7,1844120,1000468,1000468,1000521,1001354,1.843159714,1.841626438
7,1826606,1000416,1000416,970521,1001510,1.882088074,1.823851984
7,1843236,1000052,1000052,1000052,1000938,1.843140157,1.841508665
7,1843907,1000416,1000416,1000313,1001250,1.843330038,1.841604994
7,1843356,1000104,1000104,1000052,1000989,1.843260150,1.841534722
7,1839455,1000364,1000364,997604,1001302,1.843872920,1.837063144
7,1844195,1000521,1000521,1000521,1001354,1.843234675,1.841701336
7,1843993,1000416,1000416,1000417,1001250,1.843224375,1.841690886
7,1844065,1000468,1000468,1000469,1001406,1.843200539,1.841475885
7,1833994,1000520,1000520,988854,1001562,1.854666108,1.831133769
7,1843701,1000313,1000313,1000260,1001198,1.843221762,1.841494889
7,1843505,1000156,1000156,1000157,1001094,1.843215615,1.841490409
7,1844097,1000521,1000521,1000521,1001354,1.843136726,1.841603469
7,1839302,1000209,1000209,997916,1001197,1.843143110,1.837102988
7,1843207,1000000,1000000,1000000,1000886,1.843207000,1.841575364
7,1843342,1000104,1000104,1000052,1000937,1.843246151,1.841616405
7,1843275,1000052,1000052,1000105,1000885,1.843081476,1.841645144
7,1817417,1000469,1000469,967655,1001511,1.878166289,1.814675026
7,1843375,1000104,1000104,1000052,1001042,1.843279149,1.841456203
7,1843810,1000364,1000364,1000313,1001198,1.843233068,1.841603759
7,1843459,1000156,1000156,1000105,1001042,1.843265457,1.841540115
7,1839887,1000469,1000469,997760,1001510,1.844017599,1.837112959
7,1843281,1000052,1000052,1000000,1000885,1.843281000,1.841651139
7,1843763,1000313,1000313,1000312,1001198,1.843187925,1.841556815
7,1843933,1000417,1000417,1000364,1001250,1.843262053,1.841630961
7,1833150,1000573,1000573,988386,1001563,1.854690374,1.830289258
7,1842964,1000208,1000208,1000208,1001145,1.842580743,1.840856220
7,1842801,999948,999948,999948,1000834,1.842896831,1.841265385
7,1843087,1000208,1000208,1000209,1001041,1.842701875,1.841170342
7,1839588,1000469,1000469,997969,1001459,1.843331807,1.836907951
7,1843712,1000313,1000313,1000260,1001146,1.843232759,1.841601525
7,1843235,1000104,1000104,1000104,1001042,1.843043323,1.841316348
7,1843307,1000156,1000156,1000156,1001041,1.843019489,1.841390113
7,1829529,1000312,1000312,972552,1001406,1.881163167,1.826960294
7,1843579,1000416,1000416,1000417,1001354,1.842810548,1.841086169
7,1843772,1000312,1000312,1000313,1001198,1.843195080,1.841565804
7,1843070,1000052,1000052,1000000,1000834,1.843070000,1.841534161
7,1839608,1000364,1000364,997709,1001354,1.843832220,1.837120539
7,1842160,1000052,1000052,1000052,1000937,1.842064213,1.840435512
7,1843393,1000313,1000313,1000312,1001146,1.842818041,1.841282890
7,1843685,1000364,1000364,1000365,1001250,1.843012301,1.841383271
7,1833955,1000573,1000573,987447,1001615,1.857269302,1.830997938
7,1843123,999948,999948,999947,1000833,1.843220691,1.841588956
7,1843583,1000208,1000208,1000208,1001094,1.843199614,1.841568324
7,1843797,1000364,1000364,1000261,1001250,1.843315895,1.841495131
7,1826545,1000365,1000365,995365,1001511,1.835050459,1.823789254
7,1843892,1000364,1000364,1000365,1001250,1.843219225,1.841590012
7,1841654,1000260,1000260,1000209,1001145,1.841269175,1.839547718
7,1843613,1000261,1000261,1000208,1001198,1.843229608,1.841406994
7,1828598,1000677,1000677,971875,1001823,1.881515627,1.825270532
7,1843365,1000052,1000052,1000105,1001042,1.843171467,1.841446213
7,1843487,1000156,1000156,1000156,1001145,1.843199461,1.841378621
7,1843326,1000052,1000052,1000052,1000886,1.843230152,1.841694259
7,1834377,1000417,1000417,995312,1001458,1.843017064,1.831706372
7,1844319,1000573,1000573,1000677,1001614,1.843071241,1.841347066
7,1843265,1000052,1000052,1000052,1001042,1.843169155,1.841346317
7,1843126,1000781,1000781,1000938,1001875,1.841398768,1.839676606
7,1832671,1000625,1000625,989532,1001666,1.852058347,1.829622848
7,1843204,1000000,1000000,1000000,1000938,1.843204000,1.841476695
7,1843305,1000052,1000052,1000053,1000989,1.843207310,1.841483773
7,1844056,1000469,1000469,1000469,1001354,1.843191543,1.841562524
7,1839435,1000417,1000417,997761,1001406,1.843562737,1.836852386
7,1843530,1000156,1000156,1000157,1001198,1.843240611,1.841324094
7,1843915,1000365,1000365,1000416,1001354,1.843148250,1.841421715
7,1843720,1000313,1000313,1000469,1001458,1.842855701,1.841035770
7,2005667,1000261,1000261,962710,1001407,2.083355320,2.002848991
7,2094243,1000729,1000729,1000781,1001667,2.092608673,2.090757707
7,2093144,1000156,1000156,1000104,1001041,2.092926336,2.090967303
7,2092896,1000000,1000000,1000000,1000833,2.092896000,2.091154069
7,2088636,1000156,1000156,997865,1001042,2.093104779,2.086461907
7,2093152,1000157,1000157,1000156,1000990,2.092825519,2.091081829
7,2093578,1000364,1000364,1000365,1001145,2.092814123,2.091183595
7,2093375,1000313,1000313,1000260,1001042,2.092830864,2.091195974
7,1830604,1000261,1000261,987656,1001198,1.853483399,1.828413561
7,1843606,1000209,1000209,1000208,1001094,1.843222610,1.841591299
7,1843564,1000156,1000156,1000208,1001042,1.843180618,1.841645006
7,1844002,1000416,1000416,1000469,1001302,1.843137568,1.841604231
7,1839817,1000520,1000520,997968,1001511,1.843563120,1.837041231
7,1843929,1000364,1000364,1000417,1001302,1.843160402,1.841531326
7,1843584,1000208,1000208,1000209,1001146,1.843198771,1.841473671
7,1843236,1000052,1000052,1000000,1000938,1.843236000,1.841508665
7,1810823,1000312,1000312,958593,1001354,1.889042586,1.808374461
7,1843942,1000313,1000313,1000364,1001406,1.843271049,1.841353058
7,1843976,1000417,1000417,1000468,1001458,1.843113423,1.841291397
7,1843845,1000313,1000313,1000469,1001458,1.842980642,1.841160588
7,1840114,1000730,1000730,998073,1001823,1.843666746,1.836765576
7,1843865,1000365,1000365,1000313,1001354,1.843288051,1.841371783
7,1843722,1000261,1000261,1000312,1001198,1.843146938,1.841515864
7,1843571,1000209,1000209,1000208,1001094,1.843187617,1.841556337
7,1831324,1000625,1000625,987499,1001666,1.854507194,1.828278089
7,1842995,1000209,1000209,1000260,1001146,1.842515946,1.840885345
7,1843657,1000260,1000260,1000260,1001146,1.843177774,1.841546588
7,1843850,1000364,1000364,1000365,1001250,1.843177240,1.841548065
7,1838677,1000209,1000209,997551,1001146,1.843190975,1.836572288
7,1843829,1000365,1000365,1000312,1001198,1.843253905,1.841622736
7,1843670,1000260,1000260,1000260,1001146,1.843190770,1.841559573
7,1906477,1041302,1041302,1004323,1042240,1.898270775,1.829211122
7,1838952,1000261,1000261,990992,1001406,1.855667856,1.836370064
7,1843418,1000104,1000104,1000104,1001094,1.843226304,1.841403505
7,1843941,1000417,1000417,1000417,1001458,1.843172397,1.841256448
7,1840041,1000468,1000468,997969,1001511,1.843785729,1.837264893
7,1843258,1000052,1000052,1000000,1000989,1.843258000,1.841436819
7,1844311,1000573,1000573,1000625,1001511,1.843159026,1.841528451
7,1844500,1000729,1000729,1000781,1001771,1.843060570,1.841239165
7,1836694,1000261,1000261,993541,1001302,1.848634329,1.834305734
7,1837550,1000313,1000313,995156,1001354,1.846494419,1.835065322
7,1843564,1000208,1000208,1000208,1001146,1.843180618,1.841453694
7,1843476,1000104,1000104,1000156,1001094,1.843188463,1.841461441
7,1839836,1000364,1000364,996198,1001354,1.846857753,1.837348230
7,1844231,1000573,1000573,1000573,1001458,1.843174861,1.841546026
7,1843793,1000312,1000312,1000313,1001198,1.843216073,1.841586779
7,1844205,1000521,1000521,1000677,1001666,1.842957318,1.841137665
7,1821317,1001146,1001146,992396,1002136,1.835272411,1.817434959
7,2078040,1000521,1000521,996615,1001459,2.085098057,2.075012557
7,2092938,1000104,1000104,1000104,1000938,2.092720357,2.090976664
7,2093693,1000417,1000417,1000417,1001354,2.092820294,2.090861973
7,2088594,1000052,1000052,997500,1000938,2.093828571,2.086636735
7,2092987,1000104,1000104,1000104,1000989,2.092769352,2.090919081
7,2093617,1000417,1000417,1000625,1001510,2.092309307,2.090460405
7,2093029,1000417,1000417,1000572,1001510,2.091832472,2.089873291
7,2094133,1006094,1006094,994428,1006979,2.105866890,2.079619337
7,2093751,1000417,1000417,1000469,1001302,2.092769491,2.091028481
7,2093176,1000208,1000208,1000156,1001041,2.092849515,2.090999270
7,2093329,1000261,1000261,1000260,1001094,2.092784876,2.091041401
7,2088113,1000416,1000416,996667,1001510,2.095095955,2.084964703
7,2093725,1000469,1000469,1000469,1001198,2.092743503,2.091219719
7,2093146,1000156,1000156,1000156,1000990,2.092819520,2.091075835
7,1981622,1000000,1000000,1000000,1000885,1.981622000,1.979869815
7,1825250,1000521,1000521,966928,1001562,1.887679331,1.822403406
7,1842844,1000104,1000104,1000157,1001041,1.842554719,1.840927594
7,1843700,1000313,1000313,1000312,1001146,1.843124945,1.841589538
7,1844117,1000521,1000521,1000468,1001354,1.843254357,1.841623442
7,1839328,1000417,1000417,998177,1001406,1.842687219,1.836745536
7,1843628,1000209,1000209,1000208,1001094,1.843244605,1.841613275
7,1844028,1000469,1000469,1000468,1001354,1.843165399,1.841534562
7,1842548,1000417,1000417,1000468,1001354,1.841686091,1.840056563
7,1833817,1000417,1000417,990260,1001406,1.851854059,1.831242273
7,1843805,1000313,1000313,1000365,1001302,1.843132257,1.841407487
7,1843847,1000364,1000364,1000365,1001354,1.843174241,1.841353807
7,1842716,999948,999948,999844,1000833,1.843003509,1.841182295
7,1839344,1000104,1000104,997865,1001094,1.843279402,1.837333957
7,1843217,1000261,1000261,1000208,1001146,1.842833691,1.841107091
7,1843410,1000208,1000208,1000208,1001146,1.843026650,1.841299870
7,1843581,1000208,1000208,1000209,1001093,1.843195772,1.841568166
7,1824794,1000312,1000312,962395,1001459,1.896096717,1.822135504
7,1843652,1000313,1000313,1000313,1001406,1.843075117,1.841063465
7,1843433,1000105,1000105,1000104,1001042,1.843241303,1.841514142
7,1843329,1000052,1000052,1000104,1000989,1.843137314,1.841507749
7,1826299,1000573,1000573,994634,1001563,1.836151791,1.823448949
7,1839644,1000573,1000573,1000678,1001614,1.838397566,1.836679599
7,1843757,1000313,1000313,1000312,1001198,1.843181927,1.841550822
7,1843285,1000052,1000052,1000052,1000989,1.843189154,1.841463792
7,1833784,1000209,1000209,987917,1001302,1.856212617,1.831399518
7,1843953,1000416,1000416,1000469,1001302,1.843088591,1.841555295
7,1844039,1000469,1000469,1000417,1001354,1.843270356,1.841545547
7,1844006,1000469,1000469,1000417,1001302,1.843237370,1.841608226
7,1839171,1000000,1000000,997448,1001042,1.843876573,1.837256579
7,1843668,1000260,1000260,1000260,1001198,1.843188771,1.841461929
7,1843588,1000208,1000208,1000261,1001094,1.843106949,1.841573319
7,1843537,1000209,1000209,1000156,1001094,1.843249453,1.841522375
7,1826715,1000573,1000573,968073,1001511,1.886959971,1.823958998
7,1842176,1000157,1000157,1000208,1001146,1.841792907,1.840067283
7,1843274,1000000,1000000,1000052,1001041,1.843178155,1.841357147
7,1843977,1000469,1000469,1000417,1001302,1.843208382,1.841579264
7,1837722,1000105,1000105,997760,1001094,1.841847739,1.835713729
7,1843961,1000417,1000417,1000416,1001302,1.843194231,1.841563285
7,1844201,1000521,1000521,1000521,1001562,1.843240672,1.841324851
7,1843417,1000104,1000104,1000104,1001042,1.843225305,1.841498159
7,1830459,1000313,1000313,987603,1001406,1.853436047,1.827888988
7,1842331,1000312,1000312,1000365,1001354,1.841658795,1.839839857
7,1842787,1000104,1000104,1000104,1001042,1.842595370,1.840868815
7,1843304,1000052,1000052,1000052,1000938,1.843208153,1.841576601
7,1840168,1000573,1000573,998021,1001666,1.843816914,1.837107379
7,1844133,1000469,1000469,1000520,1001459,1.843174549,1.841446330
7,1844181,1000521,1000521,1000520,1001406,1.843222524,1.841591722
7,1843846,1000365,1000365,1000312,1001250,1.843270899,1.841544070
7,1830785,1000521,1000521,971979,1001562,1.883564357,1.827929774
7,1844236,1000625,1000625,1000573,1001563,1.843179858,1.841357958
7,1843683,1000261,1000261,1000260,1001198,1.843203767,1.841476911
7,1843444,1000260,1000260,1000209,1001146,1.843058801,1.841333831
7,1839596,1000365,1000365,997865,1001406,1.843531941,1.837013159
7,1843897,1000364,1000364,1000365,1001250,1.843224223,1.841595006
7,1843326,1000053,1000053,1000104,1000990,1.843134314,1.841502912
7,1843481,1000208,1000208,1000261,1001198,1.842999977,1.841275152
7,1832100,1000208,1000208,988855,1001302,1.852748886,1.829717708
7,1843077,1000052,1000052,1000052,1001042,1.842981165,1.841158513
7,1843237,1000104,1000104,1000104,1001041,1.843045323,1.841320186
7,1843816,1000312,1000312,1000313,1001250,1.843239066,1.841514107
7,1839714,1000521,1000521,998334,1001511,1.842784078,1.836938386
7,1843299,1000052,1000052,1000052,1000989,1.843203153,1.841477778
7,1843928,1000364,1000364,1000365,1001302,1.843255212,1.841530328
7,1843310,1000260,1000260,1000261,1001198,1.842829022,1.841104357
7,1829977,1000261,1000261,983489,1001354,1.860699001,1.827502562
7,1843789,1000416,1000416,1000417,1001354,1.843020460,1.841295885
7,1844263,1000573,1000573,1000573,1001563,1.843206842,1.841384915
7,1843504,1000156,1000156,1000156,1001094,1.843216458,1.841489411
7,1838781,1000468,1000468,994687,1001458,1.848602626,1.836103960
7,1844095,1000469,1000469,1000468,1001459,1.843232367,1.841408385
7,1843889,1000365,1000365,1000364,1001303,1.843218069,1.841489539
7,1843196,1000104,1000104,1000104,1000990,1.843004328,1.841373041
7,1823676,1000573,1000573,989270,1001667,1.843456286,1.820640991
7,1841203,1000312,1000312,1000469,1001458,1.840339881,1.838522434
7,1843927,1000416,1000416,1000365,1001406,1.843254212,1.841338079
7,1842745,1000468,1000468,1000469,1001406,1.841881158,1.840157738
7,1838157,1000260,1000260,993073,1001302,1.850978730,1.835766832
7,1843412,1000104,1000104,1000157,1001094,1.843122630,1.841397511
7,1843493,1000156,1000156,1000156,1001094,1.843205460,1.841478423
7,1843530,1000157,1000157,1000156,1001042,1.843242454,1.841611041
7,1820572,1000521,1000521,957552,1001615,1.901277424,1.817636517
7,1843577,1000208,1000208,1000209,1001198,1.843191773,1.841371037
7,1843684,1000261,1000261,1000208,1001146,1.843300593,1.841573557
7,1843872,1000469,1000469,1000469,1001302,1.843007629,1.841474400
7,1840156,1000573,1000573,996407,1001563,1.846791522,1.837284325
7,1843816,1000313,1000313,1000312,1001198,1.843240909,1.841609752
7,1843737,1000261,1000261,1000312,1001145,1.843161933,1.841628336
7,1843958,1000521,1000521,1000469,1001354,1.843093589,1.841464657
7,1829511,1000312,1000312,981406,1001406,1.864173441,1.826942319
7,1843908,1000364,1000364,1000365,1001406,1.843235219,1.841319105
7,1843355,1000104,1000104,1000104,1001094,1.843163311,1.841340573
7,1843352,1000104,1000104,1000052,1001042,1.843256151,1.841433227
7,1837014,1000156,1000156,995209,1001354,1.845857503,1.834530046
7,1843405,1000260,1000260,1000260,1001198,1.842925839,1.841199243
7,1844139,1000468,1000468,1000521,1001614,1.843178704,1.841167356
7,1843152,999948,999948,1000000,1000938,1.843152000,1.841424744
7,1802362,1000312,1000312,948282,1001354,1.900660352,1.799924902
7,1842040,1000416,1000416,1000417,1001667,1.841272189,1.838974430
7,1843722,1000416,1000416,1000417,1001562,1.842953488,1.840846598
7,1843585,1000208,1000208,1000156,1001354,1.843297446,1.841092161
7,1836078,1000625,1000625,992760,1002084,1.849468149,1.832259571
7,1843530,1000156,1000156,1000156,1001250,1.843242454,1.841228464
7,1843174,1000105,1000105,1000052,1001197,1.843078160,1.840970358
7,1843341,1000052,1000052,1000052,1001146,1.843245151,1.841230949
7,1826207,1000521,1000521,979322,1001979,1.864766645,1.822600074
7,1843853,1000312,1000312,1000365,1001771,1.843180239,1.840593309
7,1844144,1000521,1000521,1000469,1001614,1.843279502,1.841172348
7,1843998,1000417,1000417,1000416,1001563,1.843231216,1.841120329
7,1837112,1000521,1000521,996146,1001667,1.844219622,1.834054631
7,1843663,1000365,1000365,1000312,1001458,1.843087957,1.840978853
7,1843539,1000156,1000156,1000156,1001302,1.843251453,1.841141833
7,1843263,1000052,1000052,1000052,1001094,1.843167155,1.841248674
7,1827618,1000312,1000312,970937,1001875,1.882323982,1.824197629
7,1843416,1000104,1000104,1000052,1001302,1.843320147,1.841018993
7,1843173,1000208,1000208,1000208,1001302,1.842789700,1.840776309
7,1843103,1000156,1000156,1000156,1001511,1.842815521,1.840322273
7,1835712,1000313,1000313,995626,1001510,1.843776679,1.832944254
7,1843508,1000208,1000208,1000157,1001302,1.843218615,1.841110874
7,1843967,1000417,1000417,1000469,1001562,1.843102585,1.841091216
7,1843309,1000052,1000052,1000052,1001146,1.843213153,1.841198986
7,1830805,1000573,1000573,984739,1002031,1.859177914,1.827094172
7,1843695,1000313,1000313,1000260,1001407,1.843215764,1.841104566
7,1844165,1000520,1000520,1000521,1001666,1.843204690,1.841097731
7,1843459,1000261,1000261,1000260,1001354,1.842979825,1.840966332
7,1828374,1000209,1000209,995729,1001407,1.836216481,1.825805092
7,1842973,1000260,1000260,1000573,1001770,1.841917581,1.839716701
7,1841176,999948,999948,999948,1001042,1.841271746,1.839259492
7,1843701,1000312,1000312,1000261,1001302,1.843219920,1.841303623
7,1819396,1000677,1000677,967448,1001979,1.880613738,1.815802527
7,1843227,1000052,1000052,1000000,1001302,1.843227000,1.840830239
7,1843573,1000208,1000208,1000208,1001250,1.843189617,1.841271411
7,1843167,1000000,1000000,999947,1000990,1.843264693,1.841344069
7,1837394,1000261,1000261,997031,1001302,1.842865468,1.835004824
7,1844047,1000468,1000468,1000469,1001718,1.843182547,1.840884361
7,1843805,1000313,1000313,1000312,1001354,1.843229912,1.841311864
7,1843669,1000261,1000261,1000260,1001302,1.843189771,1.841271664
7,1827513,1000365,1000365,977291,1001615,1.869978338,1.824566325
7,1842498,999636,999636,999635,1001041,1.843170757,1.840581954
7,1843345,1000052,1000052,1000105,1001198,1.843151469,1.841139315
7,1844140,1000520,1000520,1000521,1001458,1.843179703,1.841455158
7,1836270,1000104,1000104,994688,1001198,1.846076358,1.834072781
7,1843652,1000260,1000260,1000209,1001146,1.843266757,1.841541593
7,1843844,1000365,1000365,1000312,1001302,1.843268900,1.841446437
7,1843289,1000052,1000052,1000052,1000990,1.843193154,1.841465949
7,1829572,1000730,1000730,976458,1002031,1.873682227,1.825863671
7,1843349,1000104,1000104,1000105,1001094,1.843155469,1.841334580
7,1843558,1000209,1000209,1000156,1001302,1.843270450,1.841160809
7,1843648,1000261,1000261,1000208,1001198,1.843264601,1.841441953
7,1838649,1000521,1000521,997083,1001667,1.844028030,1.835589073
7,1843934,1000417,1000417,1000417,1001354,1.843165400,1.841440689
7,1843580,1000208,1000208,1000156,1001145,1.843292446,1.841471515
7,1843605,1000209,1000209,1000208,1001146,1.843221610,1.841494647
7,1829533,1000469,1000469,986353,1001667,1.854846085,1.826488244
7,1843968,1000416,1000416,1000365,1001406,1.843295197,1.841379021
7,1843446,1000156,1000156,1000105,1001094,1.843252458,1.841431474
7,1844017,1000469,1000469,1000417,1001406,1.843248365,1.841427952
7,1837209,1000416,1000416,997031,1001510,1.842679917,1.834438997
7,1844123,1000521,1000521,1000469,1001510,1.843258512,1.841342573
7,1843269,1000000,1000000,1000052,1001146,1.843173155,1.841159032
7,1844636,1000781,1000781,1000834,1001875,1.843098856,1.841183780
7,1825351,1000520,1000520,957708,1001979,1.905957766,1.821745765
7,1843319,1000053,1000053,1000052,1001198,1.843223152,1.841113346
7,1843750,1000261,1000261,1000260,1001355,1.843270750,1.841255099
7,1844069,1000468,1000468,1000573,1001823,1.843012954,1.840713380
7,1826501,1000209,1000209,993751,1001511,1.837986578,1.823745321
7,1843573,1000208,1000208,1000261,1001406,1.843091953,1.840984576
7,1844122,1000469,1000469,1000468,1001562,1.843259355,1.841245974
7,1843570,1000209,1000209,1000208,1001563,1.843186617,1.840692997
7,1824999,1000104,1000104,975729,1001458,1.870395366,1.822342025
7,1842323,1000469,1000469,1000469,1001459,1.841459356,1.839638967
7,1843697,1000260,1000260,1000261,1001198,1.843215921,1.841490894
7,1844024,1000468,1000468,1000417,1001406,1.843255363,1.841434942
7,1839524,1000469,1000469,995573,1001719,1.847703785,1.836367285
7,1843522,1000157,1000157,1000260,1001303,1.843042809,1.841123017
7,1843211,1000000,1000000,1000052,1001146,1.843115158,1.841101098
7,1843071,1000261,1000261,1000312,1001406,1.842496141,1.840483281
7,1919212,1000573,1000573,960418,1001927,1.998309070,1.915520791
7,2092579,1000208,1000208,1000208,1001146,2.092143834,2.090183650
7,2093558,1000365,1000365,1000365,1001197,2.092794130,2.091055007
7,2093404,1000312,1000312,1000313,1001250,2.092748970,2.090790512
7,2086398,1000104,1000104,994739,1001041,2.097432593,2.084228318
7,2093205,1000208,1000208,1000208,1001198,2.092769704,2.090700341
7,2093743,1000416,1000416,1000521,1001562,2.092652728,2.090477674
7,2093281,1000260,1000260,1000260,1001250,2.092736888,2.090667665
7,2080893,1000365,1000365,985936,1001563,2.110576143,2.077645640
7,2092847,1000312,1000312,1000365,1001198,2.092083390,2.090342769
7,2093767,1000469,1000469,1000469,1001302,2.092785484,2.091044460
7,2093401,1000312,1000312,1000365,1001250,2.092637187,2.090787516
7,2087010,1000105,1000105,997240,1000937,2.092786090,2.085056302
7,2093197,1000208,1000208,1000157,1000990,2.092868420,2.091126784
7,2092905,1000052,1000052,1000000,1000834,2.092905000,2.091160972
7,1828004,1000469,1000469,1000521,1001302,1.827052106,1.825627034
7,1832025,1000365,1000365,978593,1001407,1.872101068,1.829450962
7,1843518,1000156,1000156,1000157,1001302,1.843228613,1.841120861
7,1843890,1000364,1000364,1000417,1001354,1.843121418,1.841396749
7,1843656,1000260,1000260,1000261,1001303,1.843174931,1.841256842
7,1837761,1000209,1000209,996979,1001355,1.843329699,1.835274203
7,1843655,1000260,1000260,1000261,1001197,1.843173932,1.841450783
7,1844067,1000469,1000469,1000469,1001459,1.843202538,1.841380426
7,1843157,1000000,1000000,999948,1001042,1.843252849,1.841238430
7,1829674,1000104,1000104,983229,1001198,1.860882867,1.827484673
7,1844123,1000521,1000521,1000469,1001406,1.843258512,1.841533803
7,1843579,1000208,1000208,1000209,1001094,1.843193773,1.841564329
7,1843573,1000208,1000208,1000208,1001250,1.843189617,1.841271411
7,1838129,1000469,1000469,997811,1001510,1.842161492,1.835357610
7,1843988,1000417,1000417,1000417,1001407,1.843219378,1.841397154
7,1844217,1000468,1000468,1000521,1001406,1.843256663,1.841627671
7,1844165,1000521,1000521,1000521,1001458,1.843204690,1.841480122
7,1833021,1000521,1000521,988177,1001719,1.854952099,1.829875444
7,1844103,1000469,1000469,1000521,1001562,1.843142723,1.841227003
7,1833213,1000625,1000625,1000781,1001771,1.831782378,1.829972119
7,1844310,1000573,1000573,1000625,1001666,1.843158026,1.841242490
7,1838975,1000417,1000417,993960,1001511,1.850149905,1.836200501
7,1843043,999896,999896,999948,1000937,1.843138843,1.841317685
7,1843499,1000156,1000156,1000156,1001094,1.843211459,1.841484416
7,1843843,1000364,1000364,1000365,1001250,1.843170243,1.841541074
7,1833184,1000312,1000312,987969,1001407,1.855507612,1.830608334
7,1843936,1000364,1000364,1000469,1001406,1.843071599,1.841347066
7,1843650,1000260,1000260,1000469,1001562,1.842785733,1.840774710
7,1843674,1000261,1000261,1000312,1001354,1.843098953,1.841181041
7,1839278,1000104,1000104,995574,1001198,1.847454835,1.837077182
7,1843831,1000365,1000365,1000312,1001250,1.843255904,1.841529089
7,1843950,1000417,1000417,1000365,1001354,1.843277204,1.841456668
7,1843609,1000260,1000260,1000209,1001198,1.843223766,1.841402999
7,1954015,1000468,1000468,962813,1001667,2.029485476,1.950763078
7,2093502,1000312,1000312,1000365,1001250,2.092738151,2.090888390
7,2092621,1000573,1000573,1000729,1001666,2.091096591,2.089140492
7,2093155,1000156,1000156,1000156,1001042,2.092828519,2.090976203
7,2088352,1000469,1000469,996146,1001407,2.096431648,2.085417817
7,2094061,1000625,1000625,1000729,1001615,2.092535542,2.090684544
7,2093025,1000156,1000156,1000104,1001093,2.092807348,2.090739821
7,2093224,1000208,1000208,1000208,1001042,2.092788700,2.091045131
7,2081982,1000625,1000625,987343,1001563,2.108671455,2.078732940
7,2092713,1000000,1000000,1000000,1000885,2.092713000,2.090862587
7,2080661,1000260,1000260,1000261,1001146,2.080118089,2.078279292
7,1827118,1000209,1000209,1000260,1001146,1.826643073,1.825026520
7,1837479,1000312,1000312,992554,1001250,1.851263508,1.835185019
7,1843089,1000260,1000260,1000260,1001354,1.842609921,1.840596832
7,1843783,1000312,1000312,1000261,1001198,1.843301898,1.841576791
7,1844031,1000469,1000469,1000417,1001303,1.843262360,1.841631354
7,1806698,1000782,1000782,954791,1002240,1.892244481,1.802660042
7,1843961,1000416,1000416,1000417,1001563,1.843192389,1.841083387
7,1843500,1000157,1000157,1000156,1001406,1.843212459,1.840911678
7,1843640,1000261,1000261,1000260,1001302,1.843160778,1.841242702
7,1833795,1000156,1000156,992656,1001354,1.847362027,1.831315399
7,1843980,1000416,1000416,1000365,1001875,1.843307193,1.840529008
7,1843223,1000000,1000000,1000000,1001094,1.843223000,1.841208718
7,1843712,1000260,1000260,1000313,1001510,1.843135099,1.840932192
7,1830338,1002448,1002448,979167,1003594,1.869280725,1.823783323
7,1843764,1000312,1000312,1000260,1001771,1.843284746,1.840504467
7,1843605,1000209,1000209,1000208,1001354,1.843221610,1.841112134
7,1844270,1000573,1000573,1000573,1001667,1.843213838,1.841200718
7,1837289,1000104,1000104,993697,1001510,1.848942887,1.834518876
7,1843248,1000052,1000052,1000000,1001146,1.843248000,1.841138056
7,1843899,1000365,1000365,1000365,1001719,1.843226222,1.840734777
7,1843659,1000261,1000261,1000208,1001354,1.843275599,1.841166061
7,1813410,1000261,1000261,957709,1001510,1.893487479,1.810675879
7,1843194,1000000,1000000,1000000,1001094,1.843194000,1.841179749
7,1843419,1000157,1000157,1000156,1001094,1.843131471,1.841404503
7,1843104,999948,999948,999895,1000989,1.843297546,1.841282971
7,1836889,1000209,1000209,996718,1001458,1.842937521,1.834214715
7,1843272,1000052,1000052,1000000,1001198,1.843272000,1.841066402
7,1844293,1000625,1000625,1000573,1001615,1.843236825,1.841319269
7,1844152,1000469,1000469,1000521,1001563,1.843191697,1.841274089
7,1830894,1000261,1000261,987760,1001458,1.853581842,1.828228443
7,1844110,1000469,1000469,1000469,1001406,1.843245518,1.841520822
7,1843658,1000260,1000260,1000261,1001250,1.843176931,1.841356305
7,1843788,1000312,1000312,1000313,1001198,1.843211075,1.841581785
7,1838524,1000521,1000521,995730,1001459,1.846408163,1.835845501
7,1843799,1000364,1000364,1000313,1001197,1.843222071,1.841594611
7,1844002,1000416,1000416,1000365,1001302,1.843329185,1.841604231
7,1843753,1000313,1000313,1000260,1001146,1.843273749,1.841642478
7,1832684,1000469,1000469,977186,1001510,1.875470995,1.829920820
7,1843616,1000260,1000260,1000209,1001198,1.843230765,1.841409991
7,1843625,1000209,1000209,1000208,1001198,1.843241606,1.841418980
7,1843463,1000104,1000104,1000104,1001094,1.843271300,1.841448455
7,1836580,1000573,1000573,987812,1001718,1.859240422,1.833430167
7,1843372,1000052,1000052,1000104,1001094,1.843180309,1.841357555
7,1844001,1000417,1000417,1000416,1001302,1.843234215,1.841603233
7,1843997,1000469,1000469,1000416,1001302,1.843230216,1.841599238
7,1828404,1000625,1000625,984531,1001718,1.857131975,1.825268189
7,1843578,1000208,1000208,1000209,1001146,1.843192773,1.841467678
7,1843168,1000000,1000000,1000000,1000938,1.843168000,1.841440729
7,1843269,1000052,1000052,1000052,1000937,1.843173155,1.841543474
7,1836272,1000209,1000209,993906,1001250,1.847530853,1.833979526
7,1843536,1000156,1000156,1000156,1001146,1.843248453,1.841425726
7,1843455,1000156,1000156,1000105,1001041,1.843261458,1.841537959
7,1843396,1000105,1000105,1000104,1001042,1.843204307,1.841477181
7,1828474,1000573,1000573,972761,1001771,1.879674452,1.825241497
7,1843281,1000052,1000052,1000000,1001146,1.843281000,1.841171018
7,1843356,1000105,1000105,1000052,1001354,1.843260150,1.840863471
7,1843850,1000365,1000365,1000365,1001614,1.843177240,1.840878822
7,1836262,1000156,1000156,996876,1001407,1.842016459,1.833682009
7,1843479,1000156,1000156,1000104,1001198,1.843287298,1.841273155
7,1843308,1000052,1000052,1000000,1001302,1.843308000,1.840911134
7,1844017,1000468,1000468,1000417,1001459,1.843248365,1.841330499
7,1827686,1000573,1000573,982760,1001823,1.859748056,1.824360191
7,1843971,1000416,1000416,1000417,1001459,1.843202385,1.841284566
7,1843426,1000156,1000156,1000052,1001146,1.843330147,1.841315852
7,1843207,1000052,1000052,1000000,1000990,1.843207000,1.841384030
7,1837422,1000260,1000260,996406,1001302,1.844049514,1.835032787
7,1843551,1000209,1000209,1000156,1001250,1.843263451,1.841249438
7,1843616,1000208,1000208,1000208,1001250,1.843232608,1.841314357
7,1843686,1000260,1000260,1000261,1001250,1.843204924,1.841384270
7,1828720,1000572,1000572,968281,1001771,1.888625306,1.825487062
7,1843989,1000416,1000416,1000365,1001615,1.843316190,1.841015760
7,1844101,1000521,1000521,1000468,1001563,1.843238364,1.841223168
7,1844021,1000469,1000469,1000417,1001562,1.843252364,1.841145131
7,1836588,1000312,1000312,996302,1001563,1.843404911,1.833721893
7,1843627,1000208,1000208,1000208,1001302,1.843243605,1.841229719
7,1843231,1000000,1000000,1000000,1001146,1.843231000,1.841121075
7,1843472,1000157,1000157,1000156,1001250,1.843184463,1.841170537
7,1829640,1000261,1000261,984842,1001511,1.857800541,1.826879585
7,1843582,1000208,1000208,1000209,1001406,1.843196772,1.840993563
7,1843385,1000104,1000104,1000105,1001146,1.843191465,1.841274899
7,1843913,1000364,1000364,1000365,1001510,1.843240217,1.841132889
7,1832713,1000260,1000260,990938,1001458,1.849472924,1.830044795
7,1843924,1000417,1000417,1000417,1001510,1.843155404,1.841143873
7,1843500,1000156,1000156,1000105,1001250,1.843306453,1.841198502
7,1843869,1000364,1000364,1000313,1001458,1.843292050,1.841184553
7,1824474,1000208,1000208,964116,1001511,1.892380170,1.821721379
7,1843699,1000260,1000260,1000260,1001146,1.843219763,1.841588540
7,1844176,1000521,1000521,1000521,1001355,1.843215685,1.841680523
7,1844152,1000521,1000521,1000521,1001354,1.843191697,1.841658395
7,1836902,1000312,1000312,997344,1001197,1.841793804,1.834705857
7,1844130,1000521,1000521,1000521,1001459,1.843169709,1.841443334
7,1844001,1000417,1000417,1000417,1001303,1.843232372,1.841601393
7,1843464,1000156,1000156,1000104,1000990,1.843272300,1.841640776
7,1831311,1000313,1000313,985624,1001406,1.858021923,1.828739792
7,1843703,1000312,1000312,1000312,1001303,1.843127944,1.841303781
7,1844032,1000469,1000469,1000416,1001459,1.843265202,1.841345477
7,1838372,1000365,1000365,997135,1001458,1.843654069,1.835695556
7,1843321,1000052,1000052,1000052,1001146,1.843225152,1.841210972
7,1843500,1000521,1000521,1000520,1001563,1.842541878,1.840623106
7,1843723,1000261,1000261,1000312,1001250,1.843147938,1.841421223
7,1860442,1016198,1016198,994480,1017292,1.870768643,1.828818078
7,1838607,1000521,1000521,992187,1001667,1.853085154,1.835547143
7,1843316,1000052,1000052,1000052,1000990,1.843220153,1.841492922
7,1843380,1000104,1000104,1000052,1001042,1.843284149,1.841461197
7,1837600,1000417,1000417,997344,1001458,1.842493663,1.834924680
7,1843860,1000364,1000364,1000365,1001354,1.843187237,1.841366789
7,1843900,1000364,1000364,1000417,1001354,1.843131414,1.841406735
7,1844097,1000469,1000469,1000469,1001406,1.843232524,1.841507840
7,1836239,1000573,1000573,993646,1001614,1.847981072,1.833280086
7,1836325,1000260,1000260,993906,1001459,1.847584178,1.833649705
7,1843743,1000261,1000261,1000312,1001510,1.843167932,1.840963146
7,1844115,1000468,1000468,1000521,1001562,1.843154716,1.841238985
7,1838538,1000052,1000052,996614,1001146,1.844784440,1.836433447
7,1843212,1000053,1000053,1000000,1001041,1.843212000,1.841295212
7,1844185,1000573,1000573,1000520,1001511,1.843226522,1.841402641
7,1843150,999948,999948,999948,1000989,1.843245849,1.841328926
7,1836205,1001041,1001041,981459,1002240,1.870893231,1.832101094
7,1828669,996614,996614,988698,1002031,1.849572873,1.824962501
7,1843847,1000365,1000365,1000364,1001407,1.843176084,1.841256352
7,1843382,1000104,1000104,1000052,1001198,1.843286149,1.841176271
7,1835148,1000052,1000052,989896,1001302,1.853879599,1.832761744
7,1843686,1000261,1000261,1000260,1001667,1.843206766,1.840617690
7,1843954,1000416,1000416,1000417,1001510,1.843185392,1.841173828
7,1843910,1000365,1000365,1000364,1001459,1.843239061,1.841223655
7,1836869,1000365,1000365,989012,1001510,1.857276757,1.834099510
7,1832131,1000469,1000469,991510,1001927,1.847818983,1.828607274
7,1844191,1000573,1000573,1000521,1001667,1.843230677,1.841121850
7,1843443,1000104,1000104,1000157,1001198,1.843153625,1.841237198
7,1835403,1000208,1000208,986198,1001458,1.861089761,1.832730878
7,1843430,1000156,1000156,1000104,1001563,1.843238303,1.840553215
7,1843399,1000105,1000105,1000104,1001354,1.843207306,1.840906413
7,1843135,1000000,1000000,999948,1001093,1.843230848,1.841122653
7,1827167,1000365,1000365,969219,1001511,1.885195193,1.824410316
7,1844270,1000521,1000521,1000521,1001771,1.843309636,1.841009572
7,1843904,1000365,1000365,1000365,1001458,1.843231221,1.841219502
7,1843478,1000157,1000157,1000156,1001146,1.843190462,1.841367793
7,1835507,1000104,1000104,996510,1001302,1.841935354,1.833120277
7,1843569,1000208,1000208,1000208,1001250,1.843185617,1.841267416
7,1843645,1000260,1000260,1000209,1001198,1.843259759,1.841438956
7,1843904,1000364,1000364,1000365,1001406,1.843231221,1.841315111
7,1826847,1000416,1000416,979479,1001614,1.865121151,1.823903220
7,1843233,1000052,1000052,999948,1001094,1.843328853,1.841218707
7,1844008,1000468,1000468,1000417,1001458,1.843239369,1.841323351
7,1844238,1000573,1000573,1000573,1001458,1.843181857,1.841553016
7,1838650,1000312,1000312,996980,1001302,1.844219543,1.836259191
7,1843505,1000156,1000156,1000157,1001042,1.843215615,1.841586067
7,1844136,1000521,1000521,1000469,1001406,1.843271506,1.841546785
7,1843284,1000052,1000052,1000000,1000937,1.843284000,1.841558460
7,1815006,1000417,1000417,965782,1001510,1.879312309,1.812269473
7,1843575,1000156,1000156,1000208,1001354,1.843191616,1.841082175
7,1843243,1000053,1000053,1000000,1001041,1.843243000,1.841326179
7,1844057,1000469,1000469,1000468,1001459,1.843194385,1.841370441
7,1836409,1000365,1000365,997031,1001563,1.841877534,1.833543172
7,1843579,1000208,1000208,1000208,1001406,1.843195615,1.840990567
7,1843821,1000312,1000312,1000313,1001354,1.843244065,1.841327842
7,1843866,1000364,1000364,1000365,1001406,1.843193234,1.841277164
7,1826026,1000417,1000417,980520,1001615,1.862303676,1.823081723
7,1843742,1000260,1000260,1000261,1001510,1.843260909,1.840962147
7,1843260,1000000,1000000,1000000,1001042,1.843260000,1.841341322
7,1843723,1000260,1000260,1000261,1001354,1.843241914,1.841229975
7,1835441,1000468,1000468,991406,1001718,1.851351515,1.832293120
7,1843974,1000417,1000417,1000417,1001666,1.843205383,1.840907049
7,1843311,1000052,1000052,1000053,1001042,1.843213310,1.841392269
7,1843644,1000261,1000261,1000260,1001250,1.843164777,1.841342322
7,1826842,1000417,1000417,973178,1001667,1.877192045,1.823801723
7,1843943,1000417,1000417,1000416,1001563,1.843176239,1.841065415
7,1843552,1000209,1000209,1000208,1001355,1.843168621,1.841057367
7,1843991,1000417,1000417,1000417,1001458,1.843222376,1.841306375
7,1836787,1000416,1000416,996875,1001510,1.842544953,1.834017633
7,1843192,1000000,1000000,1000000,1001042,1.843192000,1.841273393
7,1843621,1000209,1000209,1000208,1001250,1.843237607,1.841319351
7,1843962,1000417,1000417,1000417,1001719,1.843193388,1.840797669
7,1829230,1000364,1000364,979531,1001562,1.867454935,1.826377199
7,1843190,1000000,1000000,999948,1000989,1.843285851,1.841368886
7,1843359,1000104,1000104,1000104,1000990,1.843167311,1.841535879
7,1843271,1000052,1000052,1000052,1000885,1.843175155,1.841641148
7,1838481,1000468,1000468,995625,1001510,1.846559699,1.835709079
7,1843730,1000312,1000312,1000260,1001146,1.843250755,1.841619504
7,1843705,1000260,1000260,1000209,1001198,1.843319746,1.841498884
7,1843602,1000209,1000209,1000208,1001093,1.843218611,1.841589143
7,1815528,994791,994791,963231,1001979,1.884831364,1.811942166
7,1843784,1000313,1000313,1000312,1001407,1.843208919,1.841193441
7,1843929,1000417,1000417,1000573,1001666,1.842873034,1.840862124
7,1844241,1000573,1000573,1000677,1002031,1.842993294,1.840502939
7,1826887,1000313,1000313,996042,1001615,1.834146552,1.823941335
7,1842322,1000417,1000417,1000468,1001667,1.841460197,1.839255960
7,1842558,1000312,1000312,1000365,1001614,1.841885712,1.839588904
7,1843558,1000156,1000156,1000156,1001406,1.843270450,1.840969597
7,1827900,1000052,1000052,978334,1001354,1.868380328,1.825428370
7,1843667,1000260,1000260,1000208,1001198,1.843283597,1.841460930
7,1843607,1000208,1000208,1000209,1001198,1.843221767,1.841401002
7,1843622,1000260,1000260,1000261,1001250,1.843140940,1.841320350
7,1838553,1000572,1000572,994322,1001875,1.849051917,1.835112165
7,1843846,1000313,1000313,1000313,1001250,1.843269057,1.841544070
7,1844216,1000521,1000521,1000625,1001615,1.843064085,1.841242394
7,1843650,1000260,1000260,1000261,1001250,1.843168933,1.841348315
7,1846864,1000052,1000052,960313,1001146,1.923189627,1.844749917
7,2089899,1000313,1000313,1000312,1001145,2.089247155,2.087508802
7,2093751,1000468,1000468,1000521,1001302,2.092660724,2.091028481
7,2092952,1000053,1000053,1000052,1001041,2.092843172,2.090775503
7,2087503,1000677,1000677,994167,1001719,2.099750847,2.083920740
7,2093212,1000521,1000521,1000625,1001615,2.091904560,2.089836913
7,2093536,1000365,1000365,1000365,1001354,2.092772138,2.090705185
7,2092940,1000104,1000104,1000104,1001042,2.092722357,2.090761427
7,2080918,1000156,1000156,988073,1001146,2.106036700,2.078535998
7,2093236,1000208,1000208,1000156,1000990,2.092909506,2.091165746
7,2093382,1000261,1000261,1000312,1001093,2.092729069,2.091096432
7,2093753,1000469,1000469,1000521,1001406,2.092662723,2.090813316
7,2089721,1000625,1000625,997968,1001510,2.093975959,2.086570279
7,2093865,1000521,1000521,1000573,1001406,2.092665902,2.090925159
7,2093142,1000156,1000156,1000157,1001042,2.092813428,2.090963216
7,2093354,1000261,1000261,1000260,1001094,2.092809869,2.091066373
7,1980386,1000209,1000209,969687,1001250,2.042294060,1.977913608
7,1839759,1000208,1000208,1000261,1001198,1.839278948,1.837557606
7,1843888,1000365,1000365,1000365,1001302,1.843215226,1.841490380
7,1843092,999896,999896,999896,1000833,1.843283702,1.841557982
7,1820528,1000208,1000208,996146,1001146,1.827571460,1.818444063
7,1842818,1000157,1000157,1000156,1001093,1.842530565,1.840805999
7,1843909,1000365,1000365,1000312,1001354,1.843333880,1.841415723
7,1843667,1000261,1000261,1000260,1001198,1.843187771,1.841460930
7,1831259,1000417,1000417,986251,1001510,1.856787978,1.828497968
7,1843662,1000261,1000261,1000260,1001198,1.843182772,1.841455936
7,1843982,1000417,1000417,1000468,1001354,1.843119420,1.841488624
7,1843753,1000261,1000261,1000312,1001302,1.843177928,1.841355555
7,1837586,1000365,1000365,992915,1001458,1.850698197,1.834910700
7,1843629,1000260,1000260,1000261,1001146,1.843147938,1.841518620
7,1843922,1000365,1000365,1000365,1001354,1.843249214,1.841428706
7,1843338,1000053,1000053,1000052,1001041,1.843242151,1.841421081
7,1825756,1000208,1000208,961927,1001406,1.898019288,1.823192591
7,1843622,1000209,1000209,1000208,1001198,1.843238606,1.841415984
7,1844095,1000469,1000469,1000468,1001563,1.843232367,1.841217178
7,1844048,1000469,1000469,1000521,1001563,1.843087751,1.841170251
7,1830292,1000625,1000625,995573,1001666,1.838430733,1.827247805
7,1841472,1000521,1000521,1000521,1001510,1.840513093,1.838695570
7,1843658,1000260,1000260,1000209,1001198,1.843272756,1.841451941
7,1844259,1000573,1000573,1000573,1001511,1.843202845,1.841476529
7,1832575,1000573,1000573,985989,1001666,1.858616070,1.829527008
7,1844096,1000469,1000469,1000469,1001407,1.843231524,1.841505002
7,1844073,1000468,1000468,1000469,1001458,1.843208535,1.841388256
7,1843662,1000260,1000260,1000261,1001302,1.843180930,1.841264673
7,1838400,1000364,1000364,992969,1001562,1.851417315,1.835532898
7,1844394,1000625,1000625,1000677,1001875,1.843146190,1.840942233
7,1843331,1000104,1000104,1000053,1001041,1.843233309,1.841414088
7,1843945,1000365,1000365,1000365,1001459,1.843272206,1.841258604
7,1884830,1000208,1000208,966459,1001303,1.950243104,1.882377262
7,2091732,1000156,1000156,1000156,1000990,2.091405741,2.089663233
7,2092707,1000260,1000260,1000313,1001145,2.092052188,2.090313591
7,2093778,1000469,1000469,1000468,1001406,2.092798570,2.090838281
7,2087335,1000208,1000208,996095,1001146,2.095517998,2.084945652
7,2093056,1000156,1000156,1000104,1001041,2.092838345,2.090879395
7,2093652,1000417,1000417,1000417,1001198,2.092779311,2.091146806
7,2093572,1000365,1000365,1000365,1001198,2.092808125,2.091066902
7,2075238,1000364,1000364,984635,1001250,2.107621606,2.072647191
7,2092842,1000000,1000000,1000052,1000885,2.092733178,2.090991473
7,2092733,999948,999948,999948,1000781,2.092841828,2.091099851
7,2092894,1000052,1000052,1000000,1000833,2.092894000,2.091152070
7,2086925,1000261,1000261,993593,1001093,2.100382148,2.084646481
7,1982995,1000469,1000469,1000520,1001302,1.981964379,1.980416498
7,1840370,1000208,1000208,1000208,1001146,1.839987283,1.838263350
7,1843764,1000312,1000312,1000313,1001146,1.843187082,1.841653465
7,1826011,1000521,1000521,973386,1001771,1.875937192,1.822782852
7,1842211,1000468,1000468,1000469,1001563,1.841347408,1.839336118
7,1843548,1000209,1000209,1000208,1001458,1.843164622,1.840864020
7,1843728,1000312,1000312,1000313,1001563,1.843151094,1.840850750
7,1834731,1000521,1000521,987292,1001823,1.858346872,1.831392372
7,1844024,1000469,1000469,1000416,1001510,1.843257205,1.841243722
7,1843954,1000365,1000365,1000365,1001823,1.843281202,1.840598589
7,1843426,1000104,1000104,1000104,1001198,1.843234304,1.841220218
7,1824475,1000313,1000313,979530,1001823,1.862602473,1.821155034
7,1843575,1000209,1000209,1000156,1001354,1.843287447,1.841082175
7,1843554,1000209,1000209,1000156,1001302,1.843266450,1.841156814
7,1843451,1000157,1000157,1000156,1001250,1.843163466,1.841149563
7,1833849,1000261,1000261,987448,1001510,1.857160073,1.831084063
7,1843394,1000104,1000104,1000104,1001354,1.843202307,1.840901419
7,1844131,1000521,1000521,1000521,1001928,1.843170708,1.840582357
7,1843454,1000104,1000104,1000157,1001302,1.843164623,1.841056944
7,1828388,1000781,1000781,971146,1002188,1.882711765,1.824396221
7,1844124,1000417,1000417,1000469,1001719,1.843259511,1.840959391
7,1843240,1000052,1000052,1000052,1001146,1.843144157,1.841130065
7,1843221,1000000,1000000,1000000,1001146,1.843221000,1.841111087
7,1834545,1000104,1000104,988645,1001354,1.855615514,1.832064385
7,1843627,1000209,1000209,1000260,1001666,1.843147782,1.840560626
7,1843849,1000364,1000364,1000313,1001459,1.843272056,1.841162744
7,1843213,1000000,1000000,1000000,1001146,1.843213000,1.841103096
7,1820653,1000417,1000417,976353,1001927,1.864748713,1.817151349
7,1843373,1000104,1000104,1000104,1001302,1.843181309,1.840976049
7,1843544,1000208,1000208,1000156,1001302,1.843256452,1.841146827
7,1843426,1000104,1000104,1000104,1001250,1.843234304,1.841124594
7,1834237,1000365,1000365,987969,1001875,1.856573435,1.830804242
7,1843232,1000052,1000052,1000000,1001145,1.843232000,1.841123913
7,1843365,1000104,1000104,1000104,1001198,1.843173310,1.841159291
7,1843249,1000053,1000053,1000052,1001198,1.843153156,1.841043430
7,1825776,1000209,1000209,969064,1001823,1.884061321,1.822453667
7,1843123,999948,999948,1000000,1001146,1.843123000,1.841013199
7,1843179,1000000,1000000,1000000,1001354,1.843179000,1.840686710
7,1843780,1000312,1000312,1000313,1001407,1.843203077,1.841189446
7,1837506,1000260,1000260,995624,1001458,1.845582268,1.834830817
7,1843261,1000053,1000053,1000000,1001146,1.843261000,1.841151041
7,1843355,1000104,1000104,1000104,1001146,1.843163311,1.841244933
7,1843824,1000365,1000365,1000364,1001458,1.843153092,1.841139618
7,1826230,1000261,1000261,981719,1001771,1.860236992,1.823001464
7,1844052,1000469,1000469,1000469,1001666,1.843187545,1.840984919
7,1843353,1000052,1000052,1000052,1001198,1.843257151,1.841147306
7,1843798,1000364,1000364,1000313,1001458,1.843221072,1.841113656
7,1835699,1000416,1000416,991927,1001615,1.850639210,1.832739126
7,1843366,1000105,1000105,1000052,1001510,1.843270150,1.840586714
7,1843661,1000260,1000260,1000209,1001355,1.843275755,1.841166220
7,1843904,1000365,1000365,1000364,1001458,1.843233063,1.841219502
7,1828600,1000521,1000521,969793,1001979,1.885557021,1.824988348
7,1843381,1000052,1000052,1000052,1001250,1.843285149,1.841079650
7,1843224,1000000,1000000,1000000,1001146,1.843224000,1.841114083
7,1844051,1000469,1000469,1000469,1001667,1.843186546,1.840982083
7,1836255,1000052,1000052,997187,1001198,1.841434957,1.834057799
7,1843939,1000364,1000364,1000417,1001459,1.843170398,1.841252612
7,1843682,1000260,1000260,1000260,1001250,1.843202767,1.841380275
7,1843249,1000052,1000052,1000000,1001197,1.843249000,1.841045269
7,1828062,1000677,1000677,985938,1001823,1.854134844,1.824735507
7,1844064,1000469,1000469,1000469,1001667,1.843199539,1.840995061
7,1843662,1000261,1000261,1000261,1001250,1.843180930,1.841360300
7,1843336,1000105,1000105,1000052,1001198,1.843240152,1.841130326
7,1837126,1000469,1000469,992240,1001771,1.851493590,1.833878202
7,1843764,1000313,1000313,1000260,1001354,1.843284746,1.841270919
7,1843461,1000104,1000104,1000156,1001093,1.843173465,1.841448297
7,1843878,1000364,1000364,1000365,1001511,1.843205230,1.841096104
7,1828585,1000677,1000677,973907,1002031,1.877576606,1.824878671
7,1843237,1000053,1000053,1000000,1001146,1.843237000,1.841127068
7,1843204,1000000,1000000,1000000,1000989,1.843204000,1.841382872
7,1843532,1000209,1000209,1000208,1001198,1.843148625,1.841326091
7,1837187,1000365,1000365,996927,1001354,1.842850078,1.834702812
7,1843715,1000313,1000313,1000260,1001250,1.843235759,1.841413233
7,1843963,1000417,1000417,1000416,1001510,1.843196230,1.841182814
7,1843703,1000260,1000260,1000313,1001302,1.843126102,1.841305620
7,1830411,1000417,1000417,979531,1001667,1.868660614,1.827364783
7,1843783,1000313,1000313,1000312,1001302,1.843207919,1.841385516
7,1842540,1000000,1000000,1000000,1001041,1.842540000,1.840623911
7,1844000,1000417,1000417,1000417,1001459,1.843231373,1.841313524
7,1836832,1000625,1000625,995572,1001563,1.845001667,1.833965512
7,1844072,1000469,1000469,1000468,1001354,1.843209378,1.841578503
7,1843415,1000104,1000104,1000104,1001041,1.843223305,1.841498001
7,1843775,1000312,1000312,1000313,1001250,1.843198079,1.841473159
7,1831843,1000938,1000938,978594,1002240,1.871913173,1.827748843
7,1843844,1000313,1000313,1000365,1001562,1.843171242,1.840968407
7,1843649,1000260,1000260,1000209,1001354,1.843263758,1.841156075
7,1843345,1000104,1000104,1000104,1001250,1.843153312,1.841043695
7,1837199,1000261,1000261,991562,1001666,1.852833207,1.834143317
7,1843194,1000000,1000000,999948,1001459,1.843289851,1.840508698
7,1844045,1000469,1000469,1000469,1001614,1.843180548,1.841073507
7,1843870,1000364,1000364,1000365,1001511,1.843197233,1.841088116
7,1829692,1000573,1000573,983229,1002032,1.860901174,1.825981605
7,1844053,1000416,1000416,1000469,1001614,1.843188545,1.841081494
7,1843750,1000312,1000312,1000312,1001355,1.843174929,1.841255099
7,1843319,1000104,1000104,1000104,1001146,1.843127315,1.841208975
7,1838704,1000260,1000260,995834,1001511,1.846396086,1.835929910
7,1843657,1000261,1000261,1000260,1001354,1.843177774,1.841164064
7,1844111,1000469,1000469,1000469,1001666,1.843246517,1.841043821
7,1843610,1000208,1000208,1000209,1001563,1.843224766,1.840732934
7,1823618,1000208,1000208,969478,1001718,1.881030823,1.820490397
7,1844177,1000521,1000521,1000521,1001666,1.843216684,1.841109711
7,1843686,1000260,1000260,1000260,1001407,1.843206766,1.841095579
7,1843786,1000313,1000313,1000312,1001354,1.843210918,1.841292889
7,1834571,1000313,1000313,990103,1001770,1.852909243,1.831329547
7,1843736,1000261,1000261,1000260,1001354,1.843256753,1.841242957
7,1844255,1000573,1000573,1000573,1001666,1.843198847,1.841187581
7,1843202,1000000,1000000,999948,1001094,1.843297851,1.841187741
7,1830330,1000677,1000677,982136,1002136,1.863621739,1.826428748
7,1843120,999948,999948,999948,1001146,1.843215847,1.841010202
7,1843697,1000313,1000313,1000260,1001354,1.843217763,1.841204010
7,1843548,1000208,1000208,1000208,1001198,1.843164622,1.841342072
7,1837329,1000208,1000208,997135,1001355,1.842608072,1.834842788
7,1843870,1000365,1000365,1000364,1001406,1.843199076,1.841281159
7,1843764,1000313,1000313,1000312,1001354,1.843188925,1.841270919
7,1843197,1000000,1000000,999948,1001041,1.843292851,1.841280227
7,1825324,1000104,1000104,972343,1001406,1.877242907,1.822761198
7,1843408,1000156,1000156,1000105,1001042,1.843214462,1.841489168
7,1843530,1000157,1000157,1000156,1001250,1.843242454,1.841228464
7,1843702,1000261,1000261,1000260,1001146,1.843222762,1.841591536
7,1837238,1000364,1000364,997448,1001459,1.841938627,1.834561375
7,1843796,1000313,1000313,1000312,1001250,1.843220915,1.841494132
7,1843544,1000209,1000209,1000208,1001094,1.843160623,1.841529367
7,1843601,1000208,1000208,1000209,1001146,1.843215768,1.841490652
7,1831642,1000678,1000678,985989,1001927,1.857669812,1.828119214
7,1843334,1000104,1000104,1000052,1001094,1.843238152,1.841319596
7,1843937,1000417,1000417,1000364,1001458,1.843266051,1.841252454
7,1843887,1000365,1000365,1000365,1001458,1.843214227,1.841202527
7,1836908,1000573,1000573,992136,1001875,1.851467944,1.833470243
7,1843834,1000313,1000313,1000365,1001354,1.843161246,1.841340825
7,1843599,1000209,1000209,1000260,1001458,1.843119789,1.840914946
7,1843690,1000260,1000260,1000261,1001250,1.843208922,1.841388265
7,1826465,1000468,1000468,970938,1001979,1.881134532,1.822857565
7,1843627,1000208,1000208,1000209,1001354,1.843241762,1.841134104
7,1843137,1000000,1000000,999947,1001094,1.843234691,1.841122812
7,1843705,1000260,1000260,1000261,1001406,1.843223919,1.841116390
7,1837604,1000312,1000312,996094,1001510,1.844809827,1.834833402
7,1843691,1000261,1000261,1000260,1001406,1.843211765,1.841102410
7,1843340,1000053,1000053,1000052,1001198,1.843244151,1.841134321
7,1843879,1000365,1000365,1000312,1001458,1.843303889,1.841194538
7,1828261,1000208,1000208,983073,1001562,1.859740833,1.825409710
7,1834039,1000052,1000052,1000052,1001197,1.833943635,1.831846280
7,1843003,1000573,1000573,1001093,1002344,1.840990797,1.838693103
7,1842147,1000156,1000156,1000105,1001250,1.841953595,1.839847191
7,1836161,1000469,1000469,991250,1001719,1.852369231,1.833010056
7,1844302,1000625,1000625,1000834,1002240,1.842765134,1.840179997
7,1843449,1000105,1000105,1000208,1001718,1.843065642,1.840287386
7,1844198,1000521,1000521,1000520,1001875,1.843239515,1.840746600
7,1825420,1000312,1000312,976562,1001927,1.869231037,1.821909181
7,1843976,1000417,1000417,1000416,1001979,1.843209225,1.840333979
7,1843853,1000416,1000416,1000364,1001823,1.843182082,1.840497773
7,1844104,1000469,1000469,1000469,1001667,1.843239521,1.841034995
7,1835760,1000572,1000572,990418,1002500,1.853520433,1.831182045
7,1842971,1000104,1000104,1000105,1001406,1.842777508,1.840383421
7,1843464,1000260,1000260,1000260,1001406,1.842984824,1.840875729
7,1842933,1000104,1000104,1000156,1001459,1.842645547,1.840248078
7,1805872,1000677,1000677,961406,1002032,1.878365644,1.802209909
7,1843777,1000625,1000625,1000677,1001770,1.842529607,1.840519281
7,1844547,1000729,1000729,1000834,1001719,1.843009930,1.841381665
7,1843843,1000364,1000364,1000313,1001354,1.843266058,1.841349812
7,1839301,1000520,1000520,995833,1001615,1.846997438,1.836335318
7,1843248,1000104,1000104,1000104,1001146,1.843056322,1.841138056
7,1843474,1000156,1000156,1000156,1001042,1.843186463,1.841555100
7,1843579,1000209,1000209,1000208,1001198,1.843195615,1.841373035
7,2006540,1000365,1000365,969427,1001407,2.069820626,2.003720765
7,2093012,1000104,1000104,1000364,1001407,2.092250421,2.090071270
7,2093220,1000521,1000521,1000573,1001459,2.092021272,2.090170441
7,2093416,1000312,1000312,1000313,1001250,2.092760966,2.090802497
7,2088328,1000417,1000417,996043,1001406,2.096624343,2.085395933
7,2093423,1000313,1000313,1000312,1001146,2.092770056,2.091026683
7,2093064,1000104,1000104,1000105,1001042,2.092844251,2.090885298
7,2093542,1000365,1000365,1000364,1001250,2.092780228,2.090928340
7,2076698,1000208,1000208,987658,1001198,2.102648893,2.074213093
7,2048132,1000156,1000156,1000156,1001042,2.047812541,2.046000068
7,1838650,1000000,1000000,1000000,1000885,1.838650000,1.837024234
7,1844043,1000469,1000469,1000469,1001302,1.843178549,1.841645178
7,1840332,1000625,1000625,995886,1001562,1.847934402,1.837461885
7,1843792,1000312,1000312,1000313,1001198,1.843215074,1.841585780
7,1843472,1000156,1000156,1000157,1001146,1.843182620,1.841361799
7,1843580,1000209,1000209,1000156,1001094,1.843292446,1.841565328
7,1828116,1000417,1000417,966459,1001511,1.891560842,1.825357884
7,1843437,1000156,1000156,1000156,1001094,1.843149469,1.841422484
7,1843855,1000365,1000365,1000364,1001303,1.843184081,1.841455583
7,1843865,1000365,1000365,1000364,1001355,1.843194077,1.841369944
7,1833824,1000521,1000521,991511,1001615,1.849524614,1.830867150
7,1833069,1000625,1000625,1000677,1001719,1.831828852,1.829923362
7,1843864,1000365,1000365,1000417,1001458,1.843095429,1.841179560
7,1843180,999947,999947,1000000,1001041,1.843180000,1.841263245
7,1827902,1000417,1000417,974114,1001563,1.876476470,1.825049448
7,1844086,1000469,1000469,1000469,1001354,1.843221529,1.841592484
7,1844260,1000573,1000573,1000573,1001511,1.843203844,1.841477527
7,1843666,1000261,1000261,1000260,1001303,1.843186771,1.841266829
7,1839087,1000521,1000521,995624,1001667,1.847170217,1.836026344
7,1843709,1000260,1000260,1000417,1001406,1.842940494,1.841120385
7,1844508,1000729,1000729,1000834,1001823,1.842970962,1.841151581
7,1843592,1000209,1000209,1000260,1001250,1.843112791,1.841290387
7,2022812,1000157,1000157,961303,1001197,2.104239766,2.020393589
7,2092880,1000000,1000000,1000000,1001042,2.092880000,2.090701489
7,2093048,1000104,1000104,1000105,1000938,2.092828253,2.091086561
7,2093771,1000469,1000469,1000469,1001354,2.092789482,2.090939867
7,2081292,994479,994479,994115,1001719,2.093612912,2.077720399
7,2092802,1000364,1000364,1000313,1001302,2.092147158,2.090080715
7,2093298,1000261,1000261,1000312,1001302,2.092645095,2.090576070
7,2092089,1002500,1002500,995625,1003386,2.101282109,2.085029091
7,2083531,1000365,1000365,992551,1001198,2.099167700,2.081037917
7,2093178,1000208,1000208,1000261,1001146,2.092631823,2.090781964
7,2093254,1000208,1000208,1000260,1001041,2.092709895,2.091077189
7,2089103,1000364,1000364,997657,1001250,2.094009264,2.086494881
7,2093248,1000209,1000209,1000208,1001093,2.092812695,2.090962578
7,1966031,1000625,1000625,1000677,1001511,1.964700897,1.963064809
7,1840976,1000208,1000208,1000208,1001094,1.840593157,1.838964173
7,1837289,1000260,1000260,981146,1001146,1.872594904,1.835185877
7,1826649,1000365,1000365,986146,1001458,1.852310915,1.823989623
7,1843463,1000156,1000156,1000157,1001250,1.843173622,1.841161548
7,1843336,1000104,1000104,1000052,1001042,1.843240152,1.841417243
7,1839263,1000365,1000365,997291,1001355,1.844259098,1.836774171
7,1842229,1000313,1000313,1000312,1001459,1.841654404,1.839545104
7,1843663,1000261,1000261,1000260,1001198,1.843183772,1.841456935
7,1844002,1000469,1000469,1000416,1001407,1.843235214,1.841411135
7,1837210,1000521,1000521,991042,1001563,1.853816488,1.834342922
7,1837903,1000364,1000364,993334,1001510,1.850236678,1.835131951
7,1843348,1000104,1000104,1000104,1001250,1.843156312,1.841046692
7,1843754,1000261,1000261,1000312,1001407,1.843178928,1.841163483
7,1835510,1000521,1000521,988594,1001667,1.856687376,1.832455297
7,1830179,1000313,1000313,1000312,1001458,1.829608162,1.827514484
7,1843893,1000365,1000365,1000313,1001407,1.843316042,1.841302288
7,1843213,1000052,1000052,1000000,1001041,1.843213000,1.841296211
7,1833897,1000521,1000521,971043,1001719,1.888584749,1.830749941
7,1832445,1000156,1000156,991198,1001563,1.848717411,1.829585358
7,1843238,1000000,1000000,1000052,1001041,1.843142157,1.841321185
7,1843856,1000365,1000365,1000364,1001354,1.843185081,1.841362795
7,1836815,1000209,1000209,997031,1001354,1.842284743,1.834331315
7,1844243,1000573,1000573,1000573,1001719,1.843186854,1.841078187
7,1843839,1000365,1000365,1000364,1001563,1.843168087,1.840961577
7,1843369,1000105,1000105,1000052,1001146,1.843273150,1.841258917
7,1837055,1000313,1000313,990260,1001458,1.855123907,1.834380473
7,1836848,1000521,1000521,994062,1001667,1.847820357,1.833791070
7,1843596,1000208,1000208,1000156,1001146,1.843308444,1.841485657
7,1844103,1000469,1000469,1000521,1001458,1.843142723,1.841418212
7,1839917,1000312,1000312,997449,1001302,1.844622632,1.837524543
7,1844045,1000469,1000469,1000416,1001302,1.843278196,1.841647175
7,1844038,1000417,1000417,1000469,1001302,1.843173552,1.841640184
7,1843763,1000312,1000312,1000313,1001198,1.843186083,1.841556815
7,1829228,1000625,1000625,974375,1001562,1.877334702,1.826375202
7,1843485,1000157,1000157,1000156,1001197,1.843197461,1.841280987
7,1843344,1000104,1000104,1000052,1000990,1.843248151,1.841520894
7,1843529,1000208,1000208,1000209,1001094,1.843143783,1.841514383
7,1835769,1000156,1000156,994687,1001146,1.845574538,1.833667617
7,1844004,1000469,1000469,1000416,1001458,1.843237213,1.841319356
7,1844196,1000521,1000521,1000572,1001406,1.843141723,1.841606701
7,1843832,1000365,1000365,1000312,1001198,1.843256904,1.841625732
7,1830944,1000417,1000417,987866,1001354,1.853433563,1.828468254
7,1843927,1000365,1000365,1000416,1001563,1.843160245,1.841049440
7,1843311,1000052,1000052,1000053,1001302,1.843213310,1.840914130
7,1843512,1000208,1000208,1000209,1001198,1.843126787,1.841306115
7,1835335,1000520,1000520,990677,1001719,1.852606854,1.832185473
7,1844022,1000417,1000417,1000469,1001667,1.843157559,1.840953131
7,1844112,1000469,1000469,1000521,1001510,1.843151718,1.841331589
7,1844043,1000417,1000417,1000468,1001458,1.843180392,1.841358300
7,1821741,1000365,1000365,963125,1001510,1.891489682,1.818994319
7,1843687,1000260,1000260,1000208,1001458,1.843303593,1.841002818
7,1843203,1000000,1000000,1000000,1000885,1.843203000,1.841573208
7,1844001,1000469,1000469,1000417,1001354,1.843232372,1.841507599
7,1837588,1000625,1000625,990677,1001667,1.854881056,1.834529839
7,1843389,1000104,1000104,1000104,1001146,1.843197307,1.841278894
7,1843656,1000260,1000260,1000261,1001146,1.843174931,1.841545589
7,1843162,1000000,1000000,999948,1000886,1.843257849,1.841530404
7,1829829,1000416,1000416,984897,1001458,1.857888693,1.827164993
7,1840401,998489,998489,998490,1001250,1.843184208,1.838103371
7,1841774,1000156,1000156,1000156,1001458,1.841486728,1.839092603
7,1843946,1000417,1000417,1000416,1001458,1.843179237,1.841261441
7,1837083,1000365,1000365,996614,1001406,1.843324497,1.834503688
7,1843273,1000052,1000052,1000000,1001042,1.843273000,1.841354309
7,1843936,1000365,1000365,1000417,1001614,1.843167399,1.840964683
7,1844021,1000417,1000417,1000417,1001510,1.843252364,1.841240727
7,1824095,1000209,1000209,966042,1001458,1.888215005,1.821439341
7,1843513,1000208,1000208,1000156,1001614,1.843225457,1.840542365
7,1843529,1000209,1000209,1000208,1001250,1.843145626,1.841227466
7,1843523,1000157,1000157,1000156,1001302,1.843235455,1.841125854
7,1837216,1000573,1000573,996250,1001771,1.844131493,1.833968043
7,1843774,1000313,1000313,1000625,1002031,1.842622361,1.840036885
7,1843466,1000157,1000157,1000156,1001250,1.843178464,1.841164544
7,1843546,1000209,1000209,1000208,1001354,1.843162622,1.841053214
7,1829572,1000677,1000677,983542,1001875,1.860186957,1.826147973
7,1843834,1000313,1000313,1000312,1001719,1.843258903,1.840669888
7,1843929,1000417,1000417,1000364,1001510,1.843258054,1.841148865
7,1843461,1000157,1000157,1000104,1001250,1.843269300,1.841159551
7,1838602,1000105,1000105,995469,1001354,1.846970624,1.836115899
7,1843700,1000260,1000260,1000261,1001406,1.843218920,1.841111397
7,1844136,1000468,1000468,1000469,1001615,1.843271506,1.841162523
7,1843216,1000000,1000000,1000000,1001094,1.843216000,1.841201725
7,1830091,1000364,1000364,972554,1001770,1.881737158,1.826857462
7,1843282,1000052,1000052,1000052,1001250,1.843186154,1.840980774
7,1843397,1000104,1000104,1000052,1001198,1.843301148,1.841191253
7,1843510,1000156,1000156,1000156,1001250,1.843222457,1.841208489
7,1832296,1000104,1000104,993959,1001302,1.843432174,1.829913453
7,1843758,1000312,1000312,1000261,1001510,1.843276905,1.840978123
7,1843253,1000052,1000052,1000052,1001094,1.843157156,1.841238685
7,1843958,1000416,1000416,1000365,1001459,1.843285201,1.841271585
7,1825916,1000208,1000208,980209,1001563,1.862782325,1.823066547
7,1843424,1000157,1000157,1000156,1001198,1.843136471,1.841218221
7,1844120,1000521,1000521,1000469,1001354,1.843255513,1.841626438
7,1843320,1000052,1000052,1000104,1000937,1.843128315,1.841594426
7,1837920,1000573,1000573,995313,1001615,1.846574897,1.834956545
7,1843970,1000417,1000417,1000365,1001302,1.843297197,1.841572273
7,1843901,1000364,1000364,1000417,1001250,1.843132414,1.841599001
7,1843365,1000052,1000052,1000104,1001041,1.843173310,1.841448053
7,1829033,1000313,1000313,976665,1001198,1.872733230,1.826844440
7,1844295,1000573,1000573,1000625,1001771,1.843143036,1.841034528
7,1844073,1000469,1000469,1000469,1001615,1.843208535,1.841099624
7,1844111,1000521,1000521,1000521,1001562,1.843150718,1.841234991
7,1836504,1000105,1000105,996301,1001563,1.843322450,1.833638024
7,1843268,1000052,1000052,1000000,1001197,1.843268000,1.841064246
7,1844015,1000416,1000416,1000417,1001511,1.843246366,1.841232897
7,1843600,1000208,1000208,1000208,1001354,1.843216611,1.841107141
7,1830834,1000625,1000625,983802,1002083,1.860978124,1.827028300
7,1843859,1000364,1000364,1000365,1001719,1.843186237,1.840694846
7,1843368,1000052,1000052,1000104,1001198,1.843176310,1.841162288
7,1843640,1000208,1000208,1000156,1001354,1.843352437,1.841147087
7,1837801,1000104,1000104,996249,1001354,1.844720547,1.835315982
7,1843682,1000261,1000261,1000208,1001354,1.843298594,1.841189030
7,1844235,1000572,1000572,1000521,1001667,1.843274654,1.841165777
7,1843254,1000052,1000052,1000000,1001146,1.843254000,1.841144049
7,1828278,1000469,1000469,973386,1002031,1.878266176,1.824572294
7,1843603,1000208,1000208,1000209,1001354,1.843217767,1.841110137
7,1843658,1000208,1000208,1000209,1001407,1.843272756,1.841067618
7,1843087,1000312,1000312,1000313,1001719,1.842510294,1.839924170
7,1834117,1000260,1000260,995522,1001511,1.842367120,1.831349830
7,1843466,1000156,1000156,1000156,1001198,1.843178464,1.841260170
7,1844172,1000521,1000521,1000520,1001666,1.843213529,1.841104720
7,1843626,1000208,1000208,1000208,1001302,1.843242606,1.841228720
7,1828893,1000260,1000260,984012,1001719,1.858608432,1.825754528
7,1843597,1000260,1000260,1000209,1001406,1.843211769,1.841008542
7,1843757,1000312,1000312,1000261,1001407,1.843275905,1.841166479
7,1844014,1000417,1000417,1000416,1001510,1.843247209,1.841233737
7,1834902,1000261,1000261,992553,1001458,1.848669038,1.832230608
7,1843744,1000312,1000312,1000261,1001355,1.843262908,1.841249107
7,1843423,1000104,1000104,1000104,1001354,1.843231304,1.840930380
7,1843582,1000209,1000209,1000208,1001354,1.843198615,1.841089165
7,1829910,1000573,1000573,975053,1001667,1.876728752,1.826864617
7,1844134,1000469,1000469,1000468,1001771,1.843271349,1.840873812
7,1843218,1000000,1000000,1000052,1001042,1.843122158,1.841299366
7,1843653,1000261,1000261,1000312,1001302,1.843077960,1.841255685
7,1835584,1000625,1000625,991770,1001927,1.850816217,1.832053633
7,1843795,1000313,1000313,1000364,1001354,1.843124103,1.841301877
7,1844106,1000469,1000469,1000468,1001510,1.843243362,1.841325598
7,1843275,1000052,1000052,1000052,1001042,1.843179155,1.841356307
7,1825129,1000156,1000156,978543,1001302,1.865149513,1.822755772
7,1843882,1000364,1000364,1000365,1001302,1.843209229,1.841484387
7,1843228,1000000,1000000,1000000,1000990,1.843228000,1.841405009
7,1843535,1000208,1000208,1000156,1001094,1.843247453,1.841520377
7,1839116,1000625,1000625,997448,1001563,1.843821432,1.836245948
7,1843100,999948,999948,999948,1000938,1.843195846,1.841372792
7,1843227,1000052,1000052,1000000,1000886,1.843227000,1.841595347
7,1844089,1000469,1000469,1000521,1001406,1.843128730,1.841499851
7,1831838,1000729,1000729,977188,1001927,1.874601407,1.828314837
7,1843795,1000313,1000313,1000312,1001406,1.843219915,1.841206264
7,1843860,1000365,1000365,1000364,1001614,1.843189079,1.840888805
7,1843406,1000104,1000104,1000104,1001146,1.843214306,1.841295875
7,1835587,1000417,1000417,997291,1001719,1.840573113,1.832437041
7,1843865,1000313,1000313,1000312,1001354,1.843289894,1.841371783
7,1843754,1000313,1000313,1000312,1001302,1.843178928,1.841356554
7,1843429,1000156,1000156,1000104,1001145,1.843237303,1.841320688
7,1830465,1000521,1000521,985677,1001823,1.857063724,1.827134134
7,1843203,1000000,1000000,1000000,1001042,1.843203000,1.841284382
7,1843776,1000313,1000313,1000312,1001354,1.843200921,1.841282903
7,1843635,1000261,1000261,1000208,1001302,1.843251604,1.841237709
7,1838091,1000365,1000365,996406,1001719,1.844720927,1.834936744
7,1843633,1000260,1000260,1000208,1001303,1.843249604,1.841233872
7,1843766,1000312,1000312,1000261,1001354,1.843284903,1.841272916
7,1843549,1000208,1000208,1000157,1001198,1.843259608,1.841343071
7,1787727,1000105,1000105,951822,1001406,1.878215675,1.785216985
7,1843892,1000416,1000416,1000417,1001667,1.843123418,1.840823347
7,1843548,1000209,1000209,1000156,1001198,1.843260451,1.841342072
7,1843201,1000000,1000000,999948,1001041,1.843296851,1.841284223
7,1836028,1000365,1000365,993126,1001667,1.848736213,1.832972435
7,1843446,1000156,1000156,1000104,1001198,1.843254302,1.841240194
7,1843839,1000312,1000312,1000313,1001511,1.843262059,1.841057163
7,1844022,1000417,1000417,1000416,1001563,1.843255206,1.841144291
7,1828302,1000156,1000156,983490,1001302,1.858993991,1.825924646
7,1843928,1000365,1000365,1000312,1001354,1.843352874,1.841434697
7,1843959,1000417,1000417,1000416,1001406,1.843192232,1.841370034
7,1843317,1000052,1000052,1000104,1000989,1.843125315,1.841495761
7,1836980,1000104,1000104,992864,1001198,1.850182905,1.834781931
7,1843252,1000052,1000052,1000052,1001042,1.843156156,1.841333331
7,1843842,1000312,1000312,1000312,1001198,1.843266901,1.841635720
7,1843275,1000052,1000052,1000052,1000938,1.843179155,1.841547628
7,1822144,1000417,1000417,970521,1001718,1.877490544,1.819018925
7,1843309,1000052,1000052,1000104,1001355,1.843117316,1.840814696
7,1836441,1000209,1000209,1000625,1001927,1.835293941,1.832908984
7,1840204,1000469,1000469,1000521,1001770,1.839245753,1.836952594
7,1838161,1000521,1000521,993749,1001875,1.849723622,1.834720898
7,1841175,1000052,1000052,1000104,1001302,1.840983538,1.838780907
7,1843363,1000104,1000104,1000105,1001146,1.843169467,1.841252924
7,1843678,1000209,1000209,1000260,1001354,1.843198768,1.841185035
7,1831475,1000157,1000157,983230,1001406,1.862712692,1.828903562
7,1843313,1000104,1000104,1000104,1001250,1.843121315,1.841011735
7,1844049,1000417,1000417,1000468,1001458,1.843186389,1.841364291
7,1843695,1000261,1000261,1000365,1001406,1.843022297,1.841106404
7,1838476,1000313,1000313,994843,1001354,1.848006168,1.835990069
7,1843445,1000521,1000521,1000573,1001563,1.842389311,1.840568192
7,1843830,1000260,1000260,1000365,1001355,1.843157248,1.841334991
7,1843609,1000260,1000260,1000157,1001198,1.843319599,1.841402999
7,1913746,1000209,1000209,963959,1001198,1.985298130,1.911456076
7,2090456,1000156,1000156,1000156,1001146,2.090129940,2.088063080
7,2093469,1000313,1000313,1000312,1001146,2.092816041,2.091072631
7,2093137,1000156,1000156,1000156,1000990,2.092810522,2.091066844
7,2088992,1000521,1000521,997916,1001614,2.093354551,2.085625800
7,2092779,1000000,1000000,1000000,1000937,2.092779000,2.090819902
7,2093311,1000261,1000261,1000312,1001250,2.092658091,2.090697628
7,2093055,1000104,1000104,1000157,1000937,2.092726442,2.091095643
7,2081459,1000677,1000677,985261,1001770,2.112596561,2.077781327
7,2092860,1000000,1000000,1000000,1000938,2.092860000,2.090898737
7,2092974,1000104,1000104,1000052,1000989,2.092865171,2.090906094
7,2092895,1000052,1000052,1000000,1000833,2.092895000,2.091153069
7,2088976,1000365,1000365,997917,1001302,2.093336420,2.086259690
7,1923200,1000416,1000416,1000417,1001198,1.922398360,1.920898763
7,1841743,1000260,1000260,1000313,1001198,1.841166715,1.839539232
7,1844025,1000469,1000469,1000417,1001302,1.843256362,1.841627201
7,1833570,1000313,1000313,989167,1001354,1.853650597,1.831090703
7,1843697,1000312,1000312,1000313,1001250,1.843120103,1.841395256
7,1843401,1000105,1000105,1000104,1000990,1.843209306,1.841577838
7,1843976,1000417,1000417,1000417,1001303,1.843207383,1.841576426
7,1838910,1000625,1000625,994844,1001667,1.848440560,1.835849639
7,1843631,1000208,1000208,1000208,1001042,1.843247604,1.841711936
7,1844117,1000521,1000521,1000416,1001354,1.843350166,1.841623442
7,1843290,1000052,1000052,1000052,1000885,1.843194154,1.841660131
7,1834282,1000261,1000261,989479,1001198,1.853785679,1.832087160
7,1843508,1000156,1000156,1000104,1001197,1.843316295,1.841303959
7,1844104,1000469,1000469,1000521,1001407,1.843143722,1.841512991
7,1843460,1000156,1000156,1000156,1001250,1.843172465,1.841158552
7,1836795,1000573,1000573,992032,1001771,1.851548136,1.833547787
7,1843843,1000364,1000364,1000313,1001354,1.843266058,1.841349812
7,1843336,1000104,1000104,1000000,1001042,1.843336000,1.841417243
7,1843581,1000209,1000209,1000260,1001145,1.843101794,1.841472514
7,1825449,1000677,1000677,968387,1001927,1.885040795,1.821938125
7,1844092,1000521,1000521,1000468,1001667,1.843229369,1.841023015
7,1843774,1000312,1000312,1000313,1001354,1.843197079,1.841280906
7,1843867,1000364,1000364,1000365,1001406,1.843194234,1.841278163
7,1838104,1000104,1000104,994843,1001250,1.847632239,1.835809238
7,1842860,1000625,1000625,1000625,1001719,1.841708932,1.839697560
7,1844008,1000417,1000417,1000469,1001510,1.843143566,1.841227746
7,1844123,1000520,1000520,1000625,1001667,1.842971143,1.841053963
7,1831910,1000417,1000417,982967,1001615,1.863653612,1.828956236
7,1830414,1000781,1000781,1000886,1001927,1.828793689,1.826893576
7,1843751,1000312,1000312,1000261,1001302,1.843269907,1.841353558
7,1843419,1000104,1000104,1000104,1001042,1.843227304,1.841500157
7,1838262,1000104,1000104,994115,1001145,1.849144214,1.836159597
7,1844102,1000521,1000521,1000521,1001407,1.843141723,1.841510994
7,1843255,1000052,1000052,1000000,1001042,1.843255000,1.841336328
7,1843574,1000209,1000209,1000208,1001198,1.843190616,1.841368041
7,1947002,1000208,1000208,969791,1001355,2.007651133,1.944367382
7,2093217,1000209,1000209,1000573,1001667,2.092018274,2.089733414
7,2091620,1000416,1000416,1000521,1001823,2.090530833,2.087813915
7,2092685,999948,999948,999947,1000990,2.092795918,2.090615291
7,2087510,1000365,1000365,995311,1001563,2.097344448,2.084252314
7,2093589,1000417,1000417,1000365,1001406,2.092825119,2.090649547
7,2093448,1000313,1000313,1000312,1001355,2.092795048,2.090615216
7,2093490,1000312,1000312,1000313,1001250,2.092834943,2.090876404
7,2079931,1000312,1000312,983958,1001354,2.113841241,2.077118581
7,2042414,1000469,1000469,1000521,1001354,2.041350456,2.039652311
7,1838527,1000260,1000260,1000261,1001146,1.838047270,1.836422460
7,1843618,1000208,1000208,1000209,1001198,1.843232764,1.841411988
7,1838462,1000521,1000521,994062,1001614,1.849443998,1.835499504
7,1843755,1000312,1000312,1000261,1001198,1.843273906,1.841548825
7,1843271,1000000,1000000,1000052,1000885,1.843175155,1.841641148
7,1844111,1000521,1000521,1000469,1001302,1.843246517,1.841713090
7,1831788,1000729,1000729,974063,1001823,1.880564193,1.828454727
7,1841831,1000156,1000156,1000052,1001146,1.841735230,1.839722678
7,1844298,1000625,1000625,1000625,1001511,1.843146034,1.841515470
7,1843647,1000260,1000260,1000260,1001250,1.843167776,1.841345318
7,1839279,1000104,1000104,996095,1001146,1.846489542,1.837173599
7,1843683,1000260,1000260,1000261,1001302,1.843201924,1.841285646
7,1844074,1000469,1000469,1000469,1001406,1.843209535,1.841484872
7,1843577,1000208,1000208,1000209,1001146,1.843191773,1.841466679
7,1834074,1000885,1000885,986823,1002031,1.858564302,1.830356546
7,1834990,1000833,1000833,1000938,1001927,1.833270392,1.831460775
7,1839645,1000521,1000521,1000625,1001615,1.838495940,1.836678764
7,1843257,1000000,1000000,1000052,1000938,1.843161156,1.841529645
7,1840137,1000521,1000521,997864,1001562,1.844075946,1.837267189
7,1843126,1000000,1000000,999895,1000886,1.843319549,1.841494436
7,1843721,1000313,1000313,1000260,1001198,1.843241757,1.841514865
7,1844236,1000573,1000573,1000520,1001459,1.843277496,1.841549180
7,1963091,1000781,1000781,965052,1001927,2.034181578,1.959315399
7,2092027,1000313,1000313,1000312,1001197,2.091374491,2.089525838
7,2093376,1000260,1000260,1000261,1001094,2.092829771,2.091088349
7,2093446,1000312,1000312,1000313,1001094,2.092790956,2.091158273
7,2086802,1000365,1000365,995208,1001354,2.096850106,2.083980291
7,2092898,1000000,1000000,1000052,1000885,2.092789175,2.091047423
7,2093702,1000417,1000417,1000416,1001250,2.092831382,2.091088140
7,2092758,1000000,1000000,999948,1000833,2.092866829,2.091016184
7,2077492,1000521,1000521,983334,1001563,2.112702296,2.074249947
7,1996238,1000417,1000417,1000469,1001406,1.995302203,1.993435230
7,1840875,1000156,1000156,1000105,1000990,1.840681728,1.839054336
7,1843341,1000104,1000104,1000052,1000885,1.843245151,1.841711086
7,1838219,1000365,1000365,997501,1001354,1.842824218,1.835733417
7,1842173,1000156,1000156,1000104,1001042,1.841981434,1.840255454
7,1843999,1000417,1000417,1000416,1001302,1.843232215,1.841601235
7,1843788,1000313,1000313,1000312,1001198,1.843212918,1.841581785
7,1831457,1000729,1000729,974220,1001771,1.879921373,1.828219224
7,1843158,1000000,1000000,999948,1001198,1.843253849,1.840952539
7,1843890,1000365,1000365,1000312,1001771,1.843314886,1.840630244
7,1844126,1000521,1000521,1000520,1001562,1.843167553,1.841249968
7,1834686,1000365,1000365,989271,1001719,1.854583830,1.831537587
7,1843800,1000365,1000365,1000312,1001511,1.843224914,1.841018221
7,1843487,1000156,1000156,1000156,1001250,1.843199461,1.841185518
7,1843681,1000261,1000261,1000208,1001355,1.843297594,1.841186193
7,1824661,1000520,1000520,976406,1001822,1.868752343,1.821342514
7,1843408,1000104,1000104,1000157,1001354,1.843118630,1.840915401
7,1844065,1000469,1000469,1000416,1001563,1.843298188,1.841187224
7,1844177,1000468,1000468,1000469,1001562,1.843312486,1.841300888
7,1838485,1000364,1000364,991771,1001510,1.853739422,1.835713073
7,1843343,1000105,1000105,1000052,1001198,1.843247151,1.841137317
7,1843766,1000313,1000313,1000260,1001406,1.843286745,1.841177305
7,1843437,1000105,1000105,1000104,1001250,1.843245302,1.841135581
7,1814681,1000261,1000261,954582,1001407,1.901021599,1.812131331
7,1844008,1000417,1000417,1000416,1001667,1.843241212,1.840939154
7,1843573,1000156,1000156,1000208,1001458,1.843189617,1.840888984
7,1843969,1000416,1000416,1000417,1001666,1.843200385,1.840902057
7,1837676,1000261,1000261,993958,1001459,1.848846732,1.834998737
7,1843713,1000260,1000260,1000261,1001510,1.843231916,1.840933191
7,1843810,1000312,1000312,1000365,1001458,1.843137255,1.841125639
7,1843482,1000156,1000156,1000104,1001198,1.843290298,1.841276151
7,1825799,1000469,1000469,980989,1001667,1.861181930,1.822760458
7,1843846,1000365,1000365,1000364,1001407,1.843175084,1.841255354
7,1843251,1000053,1000053,1000000,1000989,1.843251000,1.841429826
7,1844203,1000521,1000521,1000520,1001563,1.843244513,1.841325009
7,1838630,1000365,1000365,997239,1001303,1.843720512,1.836237383
7,1843726,1000313,1000313,1000260,1001145,1.843246756,1.841617348
7,1843555,1000208,1000208,1000208,1001094,1.843171620,1.841540355
7,1843376,1000052,1000052,1000104,1001041,1.843184309,1.841459041
7,1828709,1000469,1000469,975366,1001719,1.874895168,1.825570844
7,1843164,1000000,1000000,999948,1001302,1.843259850,1.840767321
7,1843535,1000156,1000156,1000156,1001198,1.843247453,1.841329088
7,1844065,1000469,1000469,1000469,1001562,1.843200539,1.841189063
7,1833710,1000156,1000156,992395,1001406,1.847762232,1.831135424
7,1843943,1000365,1000365,1000365,1001615,1.843270206,1.840969834
7,1843728,1000260,1000260,1000261,1001302,1.843246913,1.841330588
7,1843437,1000156,1000156,1000104,1001145,1.843245302,1.841328679
7,1828213,1000417,1000417,982969,1001667,1.859888766,1.825170441
7,1843748,1000313,1000313,1000312,1001354,1.843172930,1.841254941
7,1843181,999948,999948,1000000,1000990,1.843181000,1.841358056
7,1843955,1000417,1000417,1000417,1001666,1.843186391,1.840888080
7,1833613,1000365,1000365,991718,1001667,1.848925804,1.830561454
7,1843805,1000313,1000313,1000312,1001354,1.843229912,1.841311864
7,1844045,1000469,1000469,1000416,1001510,1.843278196,1.841264690
7,1843519,1000208,1000208,1000156,1001146,1.843231456,1.841408746
7,1824943,1000521,1000521,972187,1001927,1.877152235,1.821433098
7,1843937,1000417,1000417,1000365,1001563,1.843264209,1.841059424
7,1843272,1000052,1000052,1000052,1001145,1.843176155,1.841163867
7,1843810,1000365,1000365,1000313,1001407,1.843233068,1.841219404
7,1837608,1000261,1000261,996876,1001459,1.843366678,1.834930836
7,1844033,1000417,1000417,1000469,1001719,1.843168554,1.840868547
7,1843379,1000104,1000104,1000104,1001197,1.843187309,1.841175113
7,1843471,1000156,1000156,1000104,1001250,1.843279299,1.841169538
7,1827817,1000157,1000157,982083,1001354,1.861163466,1.825345482
7,1843894,1000365,1000365,1000365,1001302,1.843221224,1.841496372
7,1843616,1000209,1000209,1000208,1001041,1.843232608,1.841698792
7,1844084,1000469,1000469,1000469,1001302,1.843219530,1.841686125
7,1837784,1000104,1000104,995886,1001094,1.845375876,1.835775661
7,1843806,1000312,1000312,1000313,1001146,1.843229069,1.841695417
7,1843799,1000313,1000313,1000312,1001198,1.843223914,1.841592772
7,1843267,1000052,1000052,1000000,1000886,1.843267000,1.841635311
7,1808464,1000573,1000573,970260,1001875,1.863896275,1.805079476
7,1844142,1000521,1000521,1000469,1001614,1.843277503,1.841170351
7,1844032,1000469,1000469,1000417,1001563,1.843263359,1.841154276
7,1844019,1000416,1000416,1000417,1001510,1.843250365,1.841238730
7,1836605,1000104,1000104,996406,1001562,1.843229567,1.833740697
7,1843210,1000000,1000000,1000052,1001094,1.843114158,1.841195732
7,1843884,1000365,1000365,1000312,1001511,1.843308888,1.841102095
7,1843768,1000312,1000312,1000313,1001407,1.843191081,1.841177463
7,1829598,1000156,1000156,982188,1001666,1.862777798,1.826554959
7,1843417,1000104,1000104,1000104,1001250,1.843225305,1.841115605
7,1843980,1000416,1000416,1000417,1001615,1.843211381,1.841006774
7,1843967,1000417,1000417,1000416,1001562,1.843200229,1.841091216
7,1837391,1000625,1000625,988438,1001979,1.858883410,1.833761985
7,1843335,1000104,1000104,1000053,1001510,1.843237308,1.840555761
7,1843964,1000417,1000417,1000416,1001510,1.843197230,1.841183812
7,1876534,1022448,1022448,997864,1023646,1.880550857,1.833186473
7,1834909,1000521,1000521,992500,1002031,1.848774811,1.831189853
7,1843649,1000260,1000260,1000209,1001355,1.843263758,1.841154236
7,1843697,1000312,1000312,1000260,1001406,1.843217763,1.841108402
7,1835190,1000208,1000208,990416,1001354,1.852948660,1.832708513
7,1843516,1000157,1000157,1000156,1001458,1.843228456,1.840832067
7,1844159,1000520,1000520,1000521,1001563,1.843198693,1.841281078
7,1844129,1000469,1000469,1000468,1001614,1.843266351,1.841157372
7,1834960,1000313,1000313,990520,1001562,1.852521908,1.832098263
7,1835942,1000573,1000573,992604,1002031,1.849621803,1.832220760
7,1843436,1000156,1000156,1000156,1001302,1.843148469,1.841038967
7,1843736,1000313,1000313,1000260,1001406,1.843256753,1.841147347
7,1838554,1000417,1000417,995782,1001563,1.846341870,1.835684825
7,1843361,1000052,1000052,1000104,1001146,1.843169310,1.841250926
7,1843917,1000416,1000416,1000365,1001510,1.843244216,1.841136883
7,1843522,1000208,1000208,1000156,1001302,1.843234455,1.841124855
7,1832512,1000625,1000625,976510,1001979,1.876593174,1.828892622
7,1835998,1000521,1000521,993073,1001927,1.848804670,1.832466836
7,1843511,1000157,1000157,1000156,1001354,1.843223457,1.841018261
7,1843488,1000157,1000157,1000208,1001250,1.843104634,1.841186517
7,1834304,1000209,1000209,996510,1001406,1.840728141,1.831728590
7,1843651,1000208,1000208,1000209,1001355,1.843265757,1.841156233
7,1843437,1000156,1000156,1000157,1001250,1.843147626,1.841135581
7,1843513,1000156,1000156,1000157,1001562,1.843223614,1.840637924
7,1835262,1000521,1000521,991875,1001719,1.850295652,1.832112598
7,1843641,1000208,1000208,1000260,1001770,1.843161778,1.840383521
7,1843207,1000000,1000000,1000000,1001354,1.843207000,1.840714672
7,1844131,1000468,1000468,1000469,1001615,1.843266508,1.841157531
7,1838186,1000521,1000521,996510,1001666,1.844623737,1.835128676
7,1844022,1000469,1000469,1000469,1001511,1.843157559,1.841239887
7,1843581,1000209,1000209,1000208,1001354,1.843197615,1.841088167
7,1843700,1000261,1000261,1000260,1001354,1.843220763,1.841207006
7,1786432,1000573,1000573,944740,1001771,1.890924487,1.783273822
7,1844015,1000365,1000365,1000313,1001823,1.843438004,1.840659478
7,1843547,1000209,1000209,1000156,1001302,1.843259452,1.841149823
7,1843434,1000156,1000156,1000156,1001302,1.843146469,1.841036970
7,1834332,1000052,1000052,990312,1001302,1.852276858,1.831946805
7,1843927,1000417,1000417,1000364,1001823,1.843256055,1.840571638
7,1843811,1000313,1000313,1000312,1001458,1.843235910,1.841126637
7,1843256,1000052,1000052,1000000,1001458,1.843256000,1.840572445
7,1825529,1000416,1000416,980365,1001667,1.862091160,1.822490908
7,1842935,999843,999843,999844,1001146,1.843222543,1.840825414
7,1843265,1000052,1000052,1000052,1000885,1.843169155,1.841635153
7,1843630,1000209,1000209,1000208,1001146,1.843246605,1.841519619
7,1839206,1000312,1000312,993802,1001510,1.850676493,1.836432986
7,1843250,1000052,1000052,999948,1000886,1.843345854,1.841618326
7,1843683,1000260,1000260,1000313,1001302,1.843106108,1.841285646
7,1844013,1000469,1000469,1000417,1001303,1.843244367,1.841613378
7,1831887,1000521,1000521,978021,1001511,1.873054873,1.829123195
7,1843401,1000104,1000104,1000104,1001406,1.843209306,1.840812817
7,1843788,1000313,1000313,1000313,1001406,1.843211075,1.841199274
7,1843229,1000000,1000000,1000000,1001146,1.843229000,1.841119078
7,1836652,1000625,1000625,995000,1001875,1.845881407,1.833214722
7,1843503,1000157,1000157,1000156,1001563,1.843215458,1.840626101
7,1843855,1000365,1000365,1000364,1001406,1.843184081,1.841266180
7,1835259,1000729,1000729,1000677,1001823,1.834017370,1.831919411
7,1827505,1000365,1000365,980520,1001822,1.863812059,1.824181342
7,1843191,1000000,1000000,1000104,1001302,1.842999328,1.840794286
7,1843050,1000261,1000261,1000260,1001354,1.842570932,1.840557885
7,1843808,1000313,1000313,1000312,1001458,1.843232911,1.841123642
7,1836226,1000417,1000417,988594,1001823,1.857411637,1.832884651
7,1843692,1000261,1000261,1000260,1001458,1.843212765,1.841007811
7,1843725,1000312,1000312,1000261,1001563,1.843243913,1.840847755
7,1843798,1000313,1000313,1000312,1001510,1.843222914,1.841018063
7,1824606,1000573,1000573,944530,1001771,1.931760770,1.821380335
7,2089177,1000261,1000261,1000208,1001354,2.088742542,2.086352079
7,2091149,1000000,1000000,1000000,1000886,2.091149000,2.089297882
7,2093147,1000156,1000156,1000313,1001250,2.092492050,2.090533833
7,1825575,1000416,1000416,995677,1001563,1.833501226,1.822726079
7,1844049,1000469,1000469,1000520,1001562,1.843090593,1.841173088
7,1842334,1000521,1000521,1000677,1001823,1.841087584,1.838981537
7,1843466,1000156,1000156,1000156,1001250,1.843178464,1.841164544
7,1832110,1000312,1000312,984741,1001562,1.860499360,1.829252707
7,1843729,1000260,1000260,1000261,1001302,1.843247912,1.841331586
7,1844049,1000416,1000416,1000417,1001459,1.843280352,1.841362452
7,1843651,1000260,1000260,1000261,1001250,1.843169933,1.841349313
7,1839781,1000468,1000468,996042,1001615,1.847091789,1.836814545
7,1843532,1000156,1000156,1000260,1001354,1.843052806,1.841039233
7,1844102,1000521,1000521,1000572,1001666,1.843047777,1.841034836
7,1844035,1000468,1000468,1000469,1001459,1.843170553,1.841348473
7,1854056,1000573,1000573,968540,1001719,1.914279224,1.850874347
7,2090165,1000365,1000365,1000364,1001354,2.089404457,2.087338743
7,2093796,1000469,1000469,1000468,1001354,2.092816562,2.090964834
7,2093430,1000312,1000312,1000313,1001198,2.092774961,2.090925072
7,2085862,1000416,1000416,995260,1001407,2.095796073,2.082931316
7,2093271,1000260,1000260,1000417,1001354,2.092398470,2.090440544
7,2093902,1000520,1000520,1000573,1001563,2.092702881,2.090634339
7,2094040,1000625,1000625,1000677,1001615,2.092623294,2.090663578
7,2074146,1000468,1000468,979792,1001511,2.116924817,2.071016694
7,2092980,1000104,1000104,1000052,1000937,2.092871171,2.091020714
7,2092985,1000052,1000052,1000053,1000885,2.092874078,2.091134346
7,2092880,1000052,1000052,1000053,1000885,2.092769083,2.091029439
7,2088587,1000417,1000417,998230,1001250,2.092290354,2.085979526
7,2085603,1000000,1000000,999948,1000834,2.085711457,2.083865057
7,1826806,1000156,1000156,1000157,1000937,1.826519236,1.825095885
7,1844091,1000469,1000469,1000520,1001302,1.843132571,1.841693116
7,1829176,1000313,1000313,967656,1001458,1.890316393,1.826512944
7,1843725,1000312,1000312,1000313,1001355,1.843148095,1.841230133
7,1843287,1000052,1000052,1000000,1000938,1.843287000,1.841559617
7,1836718,1000521,1000521,998854,1001510,1.838825294,1.833948737
7,1839047,1000209,1000209,995833,1001146,1.846742375,1.836941865
7,1843827,1000312,1000312,1000313,1001302,1.843250063,1.841429459
7,1843587,1000209,1000209,1000208,1001146,1.843203614,1.841476668
7,1843564,1000208,1000208,1000208,1001146,1.843180618,1.841453694
7,1831568,1000521,1000521,985468,1001615,1.858576839,1.828614787
7,1844144,1000417,1000417,1000469,1001354,1.843279502,1.841650405
7,1844105,1000469,1000469,1000469,1001458,1.843240520,1.841420209
7,1844080,1000468,1000468,1000417,1001458,1.843311339,1.841395246
7,1838217,1000573,1000573,994845,1001667,1.847742111,1.835157792
7,1835157,1000677,1000677,1000729,1001667,1.833820145,1.832102884
7,1841597,1000521,1000521,1000625,1001615,1.840446721,1.838627616
7,1843413,1000157,1000157,1000104,1001094,1.843221305,1.841398510
7,1826839,1000260,1000260,965937,1001458,1.891261024,1.824179347
7,1842168,1000260,1000260,1000261,1001302,1.841687320,1.839772616
7,1843285,1000052,1000052,1000052,1001042,1.843189154,1.841366296
7,1843581,1000208,1000208,1000260,1001197,1.843101794,1.841376872
7,1839905,1000573,1000573,996249,1001719,1.846832469,1.836747631
7,1844199,1000521,1000521,1000781,1001927,1.842759805,1.840652063
7,1844113,1000469,1000469,1000521,1001614,1.843152717,1.841141398
7,1843692,1000260,1000260,1000365,1001354,1.843019298,1.841199017
7,1831051,1000260,1000260,984220,1001407,1.860408242,1.828478331
7,1843611,1000260,1000260,1000156,1001093,1.843323442,1.841598133
7,1843801,1000312,1000312,1000313,1001198,1.843224071,1.841594769
7,1844084,1000521,1000521,1000521,1001458,1.843123733,1.841399240
7,1837354,1000468,1000468,991562,1001615,1.852989526,1.834391458
7,1844099,1000521,1000521,1000573,1001458,1.843042936,1.841414218
7,1843277,1000000,1000000,1000052,1000989,1.843181155,1.841455800
7,1843148,999948,999948,1000000,1000886,1.843148000,1.841516416
7,1886900,1000208,1000208,967398,1001198,1.950489871,1.884642199
7,2090204,1000000,1000000,1000000,1000990,2.090204000,2.088136745
7,2093642,1000416,1000416,1000417,1001355,2.092769315,2.090808954
7,2093460,1000312,1000312,1000313,1001146,2.092804952,2.091063641
7,2085868,1000052,1000052,995312,1001145,2.095692607,2.083482413
7,2092925,1000052,1000052,1000052,1000885,2.092816174,2.091074399
7,1972120,1000469,1000469,1000468,1001354,1.971197480,1.969453360
7,1841487,1000521,1000521,1000469,1001354,1.840623747,1.838996998
7,1829867,1000521,1000521,979634,1001614,1.867908831,1.826918354
7,1842377,1000417,1000417,1000468,1001511,1.841515171,1.839597368
7,1844186,1000520,1000520,1000521,1001927,1.843225679,1.840639088
7,1843306,1000052,1000052,1000052,1001198,1.843210153,1.841100362
7,1835056,1000313,1000313,995731,1001718,1.842923440,1.831908781
7,1838160,1000261,1000261,1000260,1001354,1.837682203,1.835674497
7,1836572,1000156,1000156,1000104,1001250,1.836381016,1.834279151
7,1839433,1000365,1000365,1000365,1001458,1.838761852,1.836755011
7,1809176,1000364,1000364,949584,1001615,1.905230080,1.806258892
7,1836890,1000052,1000052,1000000,1001458,1.836890000,1.834215713
7,1838083,1000417,1000417,1000417,1001563,1.837316839,1.835214560
7,1837469,1000469,1000469,1000469,1001563,1.836607631,1.834601518
7,1829761,1000520,1000520,994062,1002031,1.840691023,1.826052288
7,1837134,1000000,1000000,999947,1001094,1.837231373,1.835126372
7,1834763,1000208,1000208,1000261,1001406,1.834284252,1.832186945
7,1843476,1000156,1000156,1000157,1001250,1.843186620,1.841174532
7,1821405,1000520,1000520,978490,1001771,1.861444675,1.818184994
7,1837314,1000417,1000417,1000416,1001875,1.836549995,1.833875483
7,1836702,1000104,1000104,1000104,1001250,1.836511003,1.834408989
7,1837397,1000417,1000417,1000416,1001511,1.836632961,1.834624882
7,1828412,1000209,1000209,993594,1001614,1.840200323,1.825465698
7,1835209,1000000,1000000,1000000,1001094,1.835209000,1.833203475
7,1839079,1000312,1000312,1000313,1001406,1.838503548,1.836496885
7,1838438,1000156,1000156,1000156,1001615,1.838151248,1.835473710
7,1814006,1000469,1000469,962761,1002032,1.884170630,1.810327415
7,1838179,1000156,1000156,1000156,1001354,1.837892289,1.835693471
7,1837798,1000260,1000260,1000313,1001406,1.837222949,1.835217684
7,1841079,1000000,1000000,1000000,1001094,1.841079000,1.839067061
7,1830320,1000573,1000573,988125,1002084,1.852316256,1.826513546
7,1836599,1000312,1000312,1000313,1001771,1.836024324,1.833352133
7,1837537,1000208,1000208,1000209,1001354,1.837153035,1.835052339
7,1836547,1000104,1000104,1000052,1001250,1.836451505,1.834254182
7,1822147,1000417,1000417,981563,1001927,1.856372948,1.818642476
7,1835535,999947,999947,1000000,1001145,1.835535000,1.833435716
7,1836017,1000313,1000313,1000312,1001459,1.835444341,1.833342154
7,1836085,1000260,1000260,1000261,1001354,1.835605907,1.833602302
7,1832238,1000573,1000573,996198,1001823,1.839230755,1.828903908
7,1836314,1000312,1000312,1000313,1001406,1.835739414,1.833735768
7,1837563,1000312,1000312,1000312,1001406,1.836989859,1.834983014
7,1835030,1000208,1000208,1000208,1001302,1.834648393,1.832643898
7,1821436,1000729,1000729,970155,1002083,1.877469064,1.817649835
7,1837483,1000260,1000260,1000261,1001666,1.837003542,1.834426845
7,1838106,1000156,1000156,1000209,1001562,1.837721916,1.835239356
7,1837047,1000000,1000000,999948,1001354,1.837142531,1.834563002
7,1828616,1000521,1000521,996823,1001927,1.834444029,1.825099034
7,1834517,1000052,1000052,1000000,1001458,1.834517000,1.831846168
7,1835428,1000468,1000468,1000469,1001562,1.834567588,1.832565533
7,1843964,1000417,1000417,1000416,1001511,1.843197230,1.841181974
7,1827678,1000053,1000053,984792,1001198,1.855902566,1.825491062
7,1843593,1000260,1000260,1000208,1001145,1.843209612,1.841484500
7,1843938,1000416,1000416,1000417,1001250,1.843169398,1.841635955
7,1844104,1000520,1000520,1000469,1001354,1.843239521,1.841610459
7,1839551,1000468,1000468,998386,1001406,1.842524835,1.836968223
7,1843790,1000312,1000312,1000313,1001250,1.843213074,1.841488140
7,1843662,1000208,1000208,1000261,1001094,1.843180930,1.841647238
7,1843716,1000313,1000313,1000260,1001198,1.843236758,1.841509871
7,1829997,1000625,1000625,977865,1001718,1.871420902,1.826858457
7,1843699,1000261,1000261,1000260,1001302,1.843219763,1.841301625
7,1843241,1000000,1000000,1000052,1000938,1.843145156,1.841513660
7,1843686,1000260,1000260,1000261,1001250,1.843204924,1.841384270
7,1837447,1000104,1000104,992813,1001250,1.850748328,1.835153059
7,1843773,1000312,1000312,1000261,1001250,1.843291901,1.841471161
7,1843589,1000209,1000209,1000208,1001093,1.843205613,1.841576157
7,1843766,1000313,1000313,1000312,1001459,1.843190924,1.841079864
7,1830786,1000677,1000677,985834,1002084,1.857093588,1.826978577
7,1843133,999948,999948,999895,1001198,1.843326549,1.840927569
7,1843542,1000209,1000209,1000208,1001302,1.843158623,1.841144829
7,1843596,1000209,1000209,1000208,1001303,1.843212612,1.841196920
7,1836053,1000573,1000573,991094,1002032,1.852551827,1.832329706
7,1843181,1000000,1000000,999948,1001094,1.843276850,1.841166764
7,1844167,1000521,1000521,1000521,1001666,1.843206689,1.841099728
7,1844200,1000521,1000521,1000521,1001615,1.843239672,1.841226419
7,1826795,1000729,1000729,969167,1002292,1.884912507,1.822617561
7,1843764,1000312,1000312,1000261,1001458,1.843282903,1.841079706
7,1843163,1000000,1000000,999947,1001354,1.843260693,1.840670732
7,1843866,1000365,1000365,1000364,1001510,1.843195077,1.841085960
7,1836325,1000261,1000261,996927,1001667,1.841985421,1.833268941
7,1843299,1000052,1000052,1000052,1001146,1.843203153,1.841188997
7,1844064,1000469,1000469,1000469,1001614,1.843199539,1.841092477
7,1843550,1000156,1000156,1000156,1001354,1.843262451,1.841057209
7,1830149,1000469,1000469,979427,1001927,1.868591534,1.826629086
7,1844186,1000416,1000416,1000469,1001875,1.843321482,1.840734623
7,1844051,1000468,1000468,1000469,1001562,1.843186546,1.841175085
7,1843652,1000260,1000260,1000208,1001354,1.843268600,1.841159071
7,1835342,1000521,1000521,996823,1002031,1.841191465,1.831621976
7,1843504,1000156,1000156,1000156,1001250,1.843216458,1.841202497
7,1843620,1000209,1000209,1000208,1001355,1.843236607,1.841125275
7,1844110,1000469,1000469,1000469,1001615,1.843245518,1.841136564
7,1831074,1000364,1000364,971563,1001667,1.884668313,1.828026680
7,1843777,1000260,1000260,1000261,1001198,1.843295900,1.841570798
7,1844048,1000469,1000469,1000416,1001302,1.843281195,1.841650171
7,1843852,1000365,1000365,1000312,1001197,1.843276898,1.841647548
7,1839057,1000469,1000469,997656,1001407,1.843377878,1.836473082
7,1843559,1000156,1000156,1000208,1000989,1.843175619,1.841737522
7,1843374,1000104,1000104,1000052,1001094,1.843278150,1.841359553
7,1843255,1000000,1000000,1000000,1000833,1.843255000,1.841720847
7,1833265,1000782,1000782,985990,1002031,1.859313989,1.829549186
7,1843488,1000156,1000156,1000156,1001250,1.843200461,1.841186517
7,1844201,1000521,1000521,1000573,1001615,1.843144878,1.841227418
7,1844228,1000572,1000572,1000573,1001666,1.843171863,1.841160626
7,1836043,1000261,1000261,995624,1001458,1.844112838,1.833369947
7,1843281,1000052,1000052,1000000,1001145,1.843281000,1.841172857
7,1843988,1000417,1000417,1000417,1001511,1.843219378,1.841205938
7,1843426,1000104,1000104,1000104,1001198,1.843234304,1.841220218
7,1828693,1000520,1000520,970990,1001718,1.883328356,1.825556694
7,1843324,1000052,1000052,1000052,1001563,1.843228152,1.840447381
7,1843910,1000416,1000416,1000417,1001510,1.843141410,1.841129894
7,1843602,1000261,1000261,1000208,1001354,1.843218611,1.841109138
7,1840017,1002865,1002865,998386,1004115,1.842991588,1.832476360
7,1843902,1000364,1000364,1000365,1001406,1.843229221,1.841313114
7,1843779,1000312,1000312,1000260,1001510,1.843299742,1.840999091
7,1843258,1000052,1000052,1000000,1001042,1.843258000,1.841339324
7,1828299,1000573,1000573,982292,1001875,1.861258159,1.824877355
7,1843699,1000261,1000261,1000260,1001302,1.843219763,1.841301625
7,1843895,1000365,1000365,1000364,1001354,1.843224066,1.841401742
7,1843565,1000208,1000208,1000156,1001354,1.843277449,1.841072188
7,1835120,1000417,1000417,996719,1001458,1.841160849,1.832448290
7,1844163,1000521,1000521,1000521,1001511,1.843202691,1.841380674
7,1843542,1000156,1000156,1000208,1001145,1.843158623,1.841433559
7,1843604,1000208,1000208,1000208,1001354,1.843220610,1.841111136
7,1830489,1000209,1000209,967917,1001563,1.891163189,1.827632411
7,1843713,1000312,1000312,1000313,1001302,1.843136098,1.841315607
7,1843602,1000260,1000260,1000156,1001302,1.843314443,1.841204751
7,1843560,1000209,1000209,1000156,1001250,1.843272449,1.841258427
7,1839101,1000417,1000417,996718,1001458,1.845156805,1.836423495
7,1843548,1000209,1000209,1000156,1001302,1.843260451,1.841150822
7,1843429,1000104,1000104,1000104,1001042,1.843237303,1.841510146
7,1843538,1000156,1000156,1000156,1001145,1.843250453,1.841429563
7,1830878,1000261,1000261,985520,1001511,1.857778635,1.828115717
7,1843197,1000000,1000000,999948,1001041,1.843292851,1.841280227
7,1843712,1000261,1000261,1000260,1001354,1.843232759,1.841218989
7,1844042,1000469,1000469,1000417,1001719,1.843273355,1.840877532
7,1836065,1000469,1000469,994010,1001614,1.847129305,1.833106366
7,1843236,1000000,1000000,1000052,1001094,1.843140157,1.841221703
7,1843172,1000000,1000000,999948,1001042,1.843267850,1.841253414
7,1843332,1000104,1000104,1000052,1001355,1.843236152,1.840837665
7,1827403,1000417,1000417,971875,1001771,1.880286045,1.824172391
7,1844017,1000417,1000417,1000417,1001458,1.843248365,1.841332337
7,1844016,1000469,1000469,1000469,1001459,1.843151562,1.841329500
7,1833725,1000312,1000312,1000261,1001302,1.833246523,1.831340595
7,1836916,1000833,1000833,997760,1002552,1.841039929,1.832240123
7,1844074,1000469,1000469,1000468,1001562,1.843211377,1.841198049
7,1844024,1000469,1000469,1000625,1001875,1.842872205,1.840572926
7,1844489,1000729,1000729,1000781,1001927,1.843049578,1.840941506
7,1830714,1000677,1000677,983126,1001875,1.862135677,1.827287835
7,1841993,1000313,1000313,1000260,1001562,1.841514206,1.839120294
7,1843293,1000052,1000052,1000000,1001407,1.843293000,1.840703131
7,1843347,1000104,1000104,1000104,1001198,1.843155312,1.841141313
7,1835527,1000573,1000573,990677,1002240,1.852800661,1.831424609
7,1844073,1000469,1000469,1000469,1001875,1.843208535,1.840621834
7,1844048,1000417,1000417,1000417,1001615,1.843279353,1.841074664
7,1844100,1000521,1000521,1000625,1001875,1.842948157,1.840648784
7,1985771,1000364,1000364,977969,1001980,2.030505057,1.981846943
7,2093602,1000364,1000364,1000365,1001458,2.092838114,2.090553972
7,2093598,1000365,1000365,1000468,1001614,2.092618654,2.090224378
7,2093438,1000313,1000313,1000260,1001354,2.092893848,2.090607318
7,2014307,1000469,1000469,935157,1001563,2.153977354,2.011163551
7,2093615,1000416,1000416,1000417,1001667,2.092742326,2.090130752
7,2093365,1000260,1000260,1000261,1001198,2.092818774,2.090860150
7,2092762,999948,999948,1000000,1000782,2.092762000,2.091126739
7,2012763,1000469,1000469,967082,1001563,2.081274390,2.009621961
7,1838489,1000208,1000208,1000261,1001146,1.838009280,1.836384503
7,1844209,1000520,1000520,1000573,1001511,1.843152873,1.841426604
7,1843342,1000104,1000104,1000052,1000989,1.843246151,1.841520736
7,1839611,1000208,1000208,995989,1001146,1.847019395,1.837505219
7,1843374,1000052,1000052,1000053,1001042,1.843276306,1.841455204
7,1843152,999948,999948,1000000,1000834,1.843152000,1.841616092
7,1843265,1000000,1000000,1000052,1001041,1.843169155,1.841348157
7,1808564,1000469,1000469,951613,1001667,1.900524688,1.805554141
7,1843703,1000313,1000313,1000260,1001458,1.843223762,1.841018795
7,1843315,1000052,1000052,1000000,1001094,1.843315000,1.841300617
7,1843442,1000156,1000156,1000104,1001198,1.843250302,1.841236199
7,1838168,1000260,1000260,994426,1001666,1.848471379,1.835110706
7,1841786,1000052,1000052,1000104,1001459,1.841594474,1.839102749
7,1843210,1000000,1000000,999948,1001093,1.843305852,1.841197571
7,1844118,1000468,1000468,1000469,1001563,1.843253514,1.841240142
7,1825945,1000365,1000365,976978,1001718,1.868972485,1.822813407
7,1843851,1000312,1000312,1000364,1001614,1.843180082,1.840879820
7,1843465,1000157,1000157,1000104,1001198,1.843273300,1.841259172
7,1843269,1000000,1000000,1000000,1001198,1.843269000,1.841063406
7,1836344,1000209,1000209,994583,1001562,1.846345654,1.833480104
7,1844001,1000416,1000416,1000417,1001511,1.843232372,1.841218918
7,1843500,1000208,1000208,1000208,1001198,1.843116632,1.841294130
7,1843540,1000208,1000208,1000156,1001198,1.843252453,1.841334082
7,1827143,1000573,1000573,975365,1002031,1.873291537,1.823439594
7,1844003,1000416,1000416,1000417,1001563,1.843234371,1.841125321
7,1843651,1000260,1000260,1000209,1001406,1.843265757,1.841062466
7,1843501,1000156,1000156,1000157,1001354,1.843211616,1.841008275
7,1834262,1000417,1000417,989582,1001770,1.853572518,1.831021093
7,1844064,1000468,1000468,1000469,1001719,1.843199539,1.840899494
7,1843373,1000105,1000105,1000052,1001302,1.843277150,1.840976049
7,1843301,1000052,1000052,1000052,1001094,1.843205153,1.841286632
7,1827798,1000208,1000208,982240,1001510,1.860846636,1.825042186
7,1843378,1000105,1000105,1000052,1001042,1.843282149,1.841459200
7,1843534,1000156,1000156,1000208,1001198,1.843150625,1.841328089
7,1843959,1000416,1000416,1000417,1001459,1.843190390,1.841272583
7,1827830,1000573,1000573,996251,1001666,1.834708321,1.824789900
7,1843609,1000208,1000208,1000313,1001459,1.843032131,1.840923093
7,1843286,1000052,1000052,1000052,1000938,1.843190154,1.841558618
7,1891595,1033699,1033699,1002135,1040781,1.887565049,1.817476491
7,1838818,1000625,1000625,995885,1001666,1.846416002,1.835759624
7,1843347,1000105,1000105,1000052,1001042,1.843251151,1.841428232
7,1844014,1000469,1000469,1000416,1001510,1.843247209,1.841233737
7,1837399,1000000,1000000,994063,1001042,1.848372789,1.835486423
7,1843832,1000312,1000312,1000364,1001458,1.843161089,1.841147607
7,1844608,1000729,1000729,1000833,1001927,1.843072720,1.841060277
7,1843821,1000365,1000365,1000416,1001406,1.843054289,1.841232227
7,1838341,1000261,1000261,992709,1001354,1.851842786,1.835855252
7,1838284,1000261,1000261,994323,1001250,1.848779521,1.835989014
7,1843503,1000156,1000156,1000156,1001094,1.843215458,1.841488412
7,1843428,1000469,1000469,1000469,1001406,1.842563838,1.840839779
7,1839845,1000417,1000417,997397,1001406,1.844646615,1.837261810
7,1844187,1000521,1000521,1000521,1001458,1.843226679,1.841502090
7,1843967,1000417,1000417,1000573,1001511,1.842911012,1.841184970
7,1844223,1000572,1000572,1000625,1001615,1.843071081,1.841249382
7,1815829,1000312,1000312,973801,1001562,1.864681798,1.812997099
7,2064554,999947,999947,986667,1001146,2.092452671,2.062190729
7,2093114,1000156,1000156,1000157,1000989,2.092785433,2.091045956
7,2093185,1000209,1000209,1000208,1001094,2.092749708,2.090897558
7,2088335,1000364,1000364,997709,1001250,2.093130362,2.085727840
7,2093986,1000573,1000573,1000677,1001563,2.092569331,2.090718207
7,2092467,1000521,1000521,1000573,1001615,2.091268703,2.089093115
7,2092798,1000000,1000000,999948,1000989,2.092906831,2.090730268
7,2096170,1011562,1011562,992604,1012396,2.111788790,2.070504032
7,2092969,1000052,1000052,1000104,1000990,2.092751354,2.090899010
7,2093589,1000365,1000365,1000364,1001198,2.092827211,2.091083882
7,2093007,1000105,1000105,1000104,1000834,2.092789350,2.091262887
7,2088480,1000521,1000521,995208,1001406,2.098536185,2.085547720
7,2079042,1000365,1000365,1000312,1001198,2.078393541,2.076554288
7,1830547,1000365,1000365,1000365,1001198,1.829879094,1.828356629
7,1844017,1000416,1000416,1000417,1001250,1.843248365,1.841714856
7,1825720,1000417,1000417,965729,1001302,1.890509656,1.823346004
7,1843818,1000364,1000364,1000313,1001302,1.843241066,1.841420471
7,1843467,1000156,1000156,1000157,1001094,1.843177621,1.841452451
7,1843929,1000417,1000417,1000417,1001354,1.843160402,1.841435696
7,1838492,1000105,1000105,997604,1001250,1.842907607,1.836196754
7,1843908,1000469,1000469,1000469,1001458,1.843043613,1.841223496
7,1841722,1000052,1000052,1000000,1001042,1.841722000,1.839804923
7,1843915,1000365,1000365,1000312,1001406,1.843339878,1.841326096
7,1831273,1000365,1000365,983697,1001406,1.861623040,1.828701845
7,1844081,1000468,1000468,1000417,1001615,1.843312339,1.841107611
7,1843538,1000208,1000208,1000156,1001198,1.843250453,1.841332084
7,1843622,1000208,1000208,1000209,1001146,1.843236764,1.841511628
7,1836852,1000157,1000157,995051,1001146,1.845987794,1.834749377
7,1844009,1000469,1000469,1000364,1001354,1.843338025,1.841515588
7,1844111,1000521,1000521,1000468,1001614,1.843248360,1.841139401
7,1843977,1000573,1000573,1000573,1001563,1.842921006,1.841099362
7,1825909,1000417,1000417,972656,1001562,1.877240258,1.823061378
7,1843259,1000260,1000260,1000156,1001355,1.842971496,1.840764764
7,1843458,1000156,1000156,1000156,1001197,1.843170465,1.841254019
7,1844069,1000469,1000469,1000469,1001511,1.843204537,1.841286816
7,1837943,1000104,1000104,995416,1001303,1.846406929,1.835551277
7,1843680,1000260,1000260,1000260,1001250,1.843200768,1.841378277
7,1843454,1000156,1000156,1000104,1001250,1.843262301,1.841152559
7,1843346,1000104,1000104,1000052,1001042,1.843250151,1.841427233
7,1829922,1000365,1000365,984583,1001718,1.858575661,1.826783586
7,1843067,999896,999896,1000000,1001093,1.843067000,1.841054727
7,1844030,1000416,1000416,1000469,1001303,1.843165555,1.841630356
7,1843472,1000156,1000156,1000156,1001042,1.843184463,1.841553102
7,1840173,1000834,1000834,995989,1001823,1.847583658,1.836824469
7,1844097,1000469,1000469,1000469,1001406,1.843232524,1.841507840
7,1843956,1000417,1000417,1000417,1001302,1.843187391,1.841558291
7,1843617,1000209,1000209,1000208,1001094,1.843233607,1.841602287
7,1828906,1000208,1000208,973645,1001250,1.878411536,1.826622722
7,1843959,1000521,1000521,1000521,1001562,1.842998798,1.841083228
7,1843283,1000156,1000156,1000157,1001146,1.842993650,1.841173016
7,1843807,1000468,1000468,1000417,1001458,1.843038453,1.841122643
7,1835763,1000156,1000156,989376,1001302,1.855475572,1.833375945
7,1842831,1000208,1000208,1000209,1001406,1.842445929,1.840243617
7,1843635,1000312,1000312,1000313,1001354,1.843058123,1.841142094
7,1843726,1000312,1000312,1000261,1001302,1.843244913,1.841328590
7,1826772,1000208,1000208,978698,1001354,1.866532883,1.824301895
7,1843879,1000365,1000365,1000364,1001615,1.843208072,1.840905937
7,1842998,1000000,1000000,1000000,1001042,1.842998000,1.841079595
7,1843896,1000365,1000365,1000364,1001407,1.843225066,1.841305283
7,1833693,1000156,1000156,988072,1001563,1.855829332,1.830831411
7,1843798,1000416,1000416,1000469,1001458,1.842933664,1.841113656
7,1843051,1000000,1000000,1000000,1001042,1.843051000,1.841132540
7,1843644,1000261,1000261,1000208,1001458,1.843260602,1.840959880
7,1827082,1000625,1000625,971770,1002031,1.880158885,1.823378718
7,1843252,1000052,1000052,1000000,1001198,1.843252000,1.841046426
7,1843955,1000416,1000416,1000365,1001511,1.843282202,1.841172988
7,1843453,1000156,1000156,1000104,1001250,1.843261301,1.841151561
7,1835478,1000156,1000156,995885,1001354,1.843062201,1.832996123
7,1843439,1000104,1000104,1000104,1001197,1.843247302,1.841235042
7,1843328,1000104,1000104,1000052,1001198,1.843232152,1.841122335
7,1843328,1000052,1000052,1000105,1001146,1.843134471,1.841217964
7,1830086,1000312,1000312,983335,1001875,1.861101252,1.826661011
7,1843119,1000052,1000052,1000000,1001198,1.843119000,1.840913586
7,1843499,1000156,1000156,1000157,1001615,1.843209616,1.840526550
7,1843912,1000469,1000469,1000469,1001562,1.843047611,1.841036301
7,1837752,1000156,1000156,995573,1001302,1.845923905,1.835362358
7,1843859,1000573,1000573,1000625,1001667,1.842707308,1.840790402
7,1843909,1000417,1000417,1000365,1001510,1.843236219,1.841128895
7,1843396,1000104,1000104,1000104,1001146,1.843204307,1.841285886
7,1826236,1000677,1000677,971874,1002031,1.879087207,1.822534433
7,1843732,1000417,1000417,1000416,1001667,1.842965326,1.840663614
7,1843972,1000416,1000416,1000417,1001562,1.843203384,1.841096208
7,1844119,1000521,1000521,1000469,1001511,1.843254514,1.841336740
7,1835084,1000208,1000208,997083,1001511,1.840452600,1.832315371
7,1843418,1000104,1000104,1000104,1001354,1.843226304,1.840925387
7,1843117,1000052,1000052,1000104,1001093,1.842925336,1.841104673
7,1843171,1000104,1000104,1000052,1001094,1.843075160,1.841156774
7,1826588,1000105,1000105,981354,1001302,1.861293682,1.824212875
7,1843605,1000209,1000209,1000208,1001198,1.843221610,1.841399004
7,1843833,1000365,1000365,1000312,1001354,1.843257904,1.841339826
7,1843451,1000104,1000104,1000156,1001042,1.843163466,1.841532124
7,1836161,1000572,1000572,992968,1001719,1.849164324,1.833010056
7,1842708,1000000,1000000,1000052,1000937,1.842612184,1.840982999
7,1844036,1000520,1000520,1000521,1001406,1.843075758,1.841446926
7,1843646,1000260,1000260,1000209,1001198,1.843260759,1.841439955
7,1821423,1000729,1000729,966979,1001979,1.883622085,1.817825523
7,1843283,1000052,1000052,1000000,1001042,1.843283000,1.841364298
7,1843017,1000000,1000000,1000000,1000990,1.843017000,1.841194218
7,1843498,1000156,1000156,1000156,1001146,1.843210459,1.841387770
7,1835752,1000104,1000104,991355,1001458,1.851760469,1.833079370
7,1843142,1000052,1000052,1000052,1001094,1.843046162,1.841127806
7,1843464,1000208,1000208,1000261,1001250,1.842982981,1.841162547
7,1843425,1000104,1000104,1000104,1001146,1.843233304,1.841314853
7,1830844,1000313,1000313,986927,1001563,1.855095666,1.827986857
7,1843442,1000208,1000208,1000261,1001458,1.842960987,1.840758175
7,1843206,1000000,1000000,1000000,1001042,1.843206000,1.841287379
7,1844005,1000468,1000468,1000417,1001458,1.843236370,1.841320355
7,1837453,1000364,1000364,996459,1001459,1.843982542,1.834776062
7,1843974,1000417,1000417,1000416,1001406,1.843207226,1.841385013
7,1843478,1000261,1000261,1000260,1001250,1.842998820,1.841176529
7,1843167,1000104,1000104,1000052,1001145,1.843071160,1.841058987
7,1827404,1000521,1000521,972865,1002031,1.878373670,1.823700065
7,1843962,1000416,1000416,1000365,1001614,1.843289199,1.840990641
7,1843633,1000208,1000208,1000208,1001667,1.843249604,1.840564779
7,1843531,1000209,1000209,1000156,1001614,1.843243454,1.840560336
7,1836643,1000313,1000313,995521,1001511,1.844906335,1.833872019
7,1843320,1000052,1000052,1000052,1001458,1.843224152,1.840636352
7,1842930,1000052,1000052,1000052,1001146,1.842834173,1.840820420
7,1843360,1000052,1000052,1000052,1001198,1.843264150,1.841154297
7,1828334,1000209,1000209,981249,1001667,1.863272217,1.825291240
7,1843539,1000208,1000208,1000156,1001302,1.843251453,1.841141833
7,1843032,1000000,1000000,1000000,1001094,1.843032000,1.841017926
7,1843167,1000000,1000000,999948,1001146,1.843262850,1.841057149
7,1836972,1000157,1000157,997396,1001250,1.841767964,1.834678652
7,1843290,1000157,1000157,1000000,1001198,1.843290000,1.841084381
7,1843320,1000052,1000052,1000104,1001303,1.843128315,1.840921280
7,1843700,1000365,1000365,1000364,1001355,1.843029137,1.841205167
7,1778498,1000521,1000521,937759,1001980,1.896540582,1.774983533
7,1843873,1000468,1000468,1000469,1001614,1.843008629,1.840901785
7,1843922,1000521,1000521,1000521,1001563,1.842961817,1.841044448
7,1843633,1000417,1000417,1000417,1001458,1.842864525,1.840948897
7,1834273,1000521,1000521,989062,1001927,1.854558157,1.830745154
7,1843325,1000104,1000104,1000052,1001146,1.843229152,1.841214968
7,1843201,1000000,1000000,1000000,1001041,1.843201000,1.841284223
7,1843483,1000261,1000261,1000260,1001355,1.843003819,1.840988461
7,1799190,1000521,1000521,963177,1002031,1.867974422,1.795543252
7,1843788,1000312,1000312,1000260,1001458,1.843308740,1.841103671
7,1843777,1000417,1000417,1000416,1001511,1.843010308,1.840995256
7,1843332,1000053,1000053,1000052,1001145,1.843236152,1.841223799
7,1836611,1000521,1000521,990156,1002032,1.854870344,1.832886574
7,1843788,1000364,1000364,1000313,1001823,1.843211075,1.840432891
7,1843221,1000208,1000208,1000156,1001302,1.842933502,1.840824247
7,1843646,1000208,1000208,1000261,1001354,1.843164934,1.841153079
7,1823831,1000364,1000364,960313,1001875,1.899204738,1.820417717
7,1843433,1000104,1000104,1000156,1001302,1.843145469,1.841035971
7,1844219,1000573,1000573,1000520,1001875,1.843260505,1.840767561
7,1843682,1000260,1000260,1000261,1001354,1.843200925,1.841189030
7,1835349,1000104,1000104,996302,1001510,1.842161313,1.832581801
7,1843695,1000260,1000260,1000261,1001354,1.843213921,1.841202012
7,1844003,1000416,1000416,1000417,1001562,1.843234371,1.841127159
7,1843376,1000052,1000052,1000052,1001146,1.843280149,1.841265909
7,1830288,1000416,1000416,982864,1001823,1.862198636,1.826957457
7,1843255,1000052,1000052,1000052,1001146,1.843159156,1.841145048
7,1843796,1000416,1000416,1000365,1001510,1.843123260,1.841016066
7,1844016,1000417,1000417,1000416,1001563,1.843249208,1.841138301
7,1835773,1000468,1000468,997031,1001927,1.841239640,1.832242269
7,1843229,1000104,1000104,1000104,1001250,1.843037324,1.840927840
7,1843876,1000364,1000364,1000365,1001458,1.843203231,1.841191543
7,1843151,999948,999948,999948,1001094,1.843246849,1.841136796
7,1825571,1000625,1000625,970729,1002135,1.880618587,1.821681710
7,1843231,1000000,1000000,1000000,1001250,1.843231000,1.840929838
7,1843407,1000209,1000209,1000208,1001354,1.843023651,1.840914402
7,1843386,1000209,1000209,1000208,1001302,1.843002655,1.840989032
7,1837491,1000156,1000156,995260,1001354,1.846242188,1.835006401
7,1843878,1000468,1000468,1000469,1001614,1.843013627,1.840906776
7,1843938,1000365,1000365,1000364,1001458,1.843267051,1.841253452
7,1843572,1000313,1000313,1000312,1001719,1.842996985,1.840408338
7,1825258,1000417,1000417,978125,1001771,1.866078466,1.822031183
7,1843414,1000104,1000104,1000104,1001302,1.843222305,1.841016996
7,1843390,1000209,1000209,1000208,1001302,1.843006655,1.840993027
7,1843418,1000156,1000156,1000156,1001198,1.843130472,1.841212228
7,1833383,1000104,1000104,991823,1001406,1.848498170,1.830808883
7,1844037,1000521,1000521,1000521,1001927,1.843076757,1.840490375
7,1843802,1000313,1000313,1000312,1001407,1.843226913,1.841211416
7,1843315,1000052,1000052,1000052,1001145,1.843219153,1.841206818
7,1785544,1000573,1000573,942187,1002188,1.895105749,1.781645759
7,1843456,1000261,1000261,1000260,1001719,1.842976826,1.840292537
7,1843942,1000521,1000521,1000468,1001614,1.843079439,1.840970673
7,1844152,1000521,1000521,1000469,1001615,1.843287498,1.841178497
7,1836524,1000521,1000521,990781,1002031,1.853612453,1.832801580
7,1843332,1000052,1000052,1000052,1001146,1.843236152,1.841221960
7,1843402,1000104,1000104,1000104,1001250,1.843210306,1.841100624
7,1842979,1000000,1000000,999948,1001094,1.843074840,1.840964984
7,1787024,1000469,1000469,952187,1002031,1.876757402,1.783401911
7,1843285,1000052,1000052,1000052,1001250,1.843189154,1.840983770
7,1842954,1000105,1000105,1000104,1001146,1.842762353,1.840844392
7,1843928,1000417,1000417,1000416,1001667,1.843161245,1.840859288
7,1837245,1000156,1000156,996668,1001302,1.843387166,1.834856017
7,1844397,1000625,1000625,1000782,1001979,1.842955809,1.840754148
7,1843921,1000365,1000365,1000416,1001771,1.843154248,1.840661189
7,1844103,1000469,1000469,1000469,1001562,1.843238521,1.841227003
7,1802249,1000209,1000209,943490,1001615,1.910194067,1.799343061
7,1833972,1000521,1000521,1000625,1001927,1.832826483,1.830444733
7,1842557,1000313,1000313,1000468,1001615,1.841695087,1.839586068
7,1843821,1000312,1000312,1000365,1001406,1.843148251,1.841232227
7,1837985,1000312,1000312,994792,1001562,1.847607339,1.835118545
7,1841327,999948,999948,999948,1001146,1.841422754,1.839219255
7,1843318,1000052,1000052,1000052,1001302,1.843222152,1.840921121
7,1844211,1000521,1000521,1000573,1001614,1.843154872,1.841239240
7,1830607,1000365,1000365,986355,1001563,1.855931181,1.827750226
7,1843298,1000052,1000052,1000104,1001146,1.843106317,1.841187999
7,1844379,1000625,1000625,1000729,1001770,1.843035427,1.841120217
7,1843389,1000104,1000104,1000052,1001198,1.843293149,1.841183262
7,1837054,1000625,1000625,993645,1001719,1.848803144,1.833901523
7,1844049,1000468,1000468,1000417,1001354,1.843280352,1.841555534
7,1844198,1000572,1000572,1000677,1001718,1.842950323,1.841035102
7,1843961,1000417,1000417,1000417,1001459,1.843192389,1.841274580
7,1935066,1000312,1000312,960053,1001510,2.015582473,1.932148456
7,2092387,1000156,1000156,1000157,1001250,2.092058547,2.089774782
7,2092413,1000104,1000104,1000104,1001093,2.092195412,2.090128490
7,2092979,1000052,1000052,1000052,1000990,2.092870171,2.090909000
7,2086717,1000469,1000469,992709,1001563,2.102042995,2.083460551
7,2093620,1000364,1000364,1000417,1001406,2.092747324,2.090680503
7,2093103,1000104,1000104,1000156,1001198,2.092776527,2.090598463
7,2093686,1000417,1000417,1000468,1001563,2.092706613,2.090418676
7,2051954,1000469,1000469,963802,1001458,2.129020276,2.048966607
7,2093202,1000209,1000209,1000208,1001250,2.092766705,2.090588764
7,2093316,1000260,1000260,1000261,1001094,2.092769787,2.091028415
7,2092847,1000000,1000000,1000000,1000937,2.092847000,2.090887838
7,2088550,1000104,1000104,997083,1000989,2.094660124,2.086486465
7,2093126,1000156,1000156,1000157,1000938,2.092797431,2.091164488
7,2002019,1000260,1000260,1000208,1001094,2.001602667,1.999831185
7,1840696,1000416,1000416,1000365,1001302,1.840024391,1.838302530
7,1822289,1000573,1000573,961615,1001718,1.895029716,1.819163677
7,1843896,1000364,1000364,1000313,1001355,1.843319041,1.841400902
7,1842856,1000156,1000156,1000156,1001041,1.842568559,1.840939582
7,1844088,1000469,1000469,1000416,1001406,1.843321178,1.841498853
7,1838616,1000209,1000209,995468,1001354,1.846986543,1.836129880
7,1843566,1000209,1000209,1000208,1001094,1.843182618,1.841551343
7,1844020,1000417,1000417,1000416,1001406,1.843253207,1.841430948
7,1843539,1000156,1000156,1000156,1001042,1.843251453,1.841620032
7,1831894,1000365,1000365,986927,1001355,1.856159574,1.829415142
7,1843252,1000208,1000208,1000209,1001406,1.842866841,1.840664026
7,1843945,1000416,1000416,1000417,1001354,1.843176395,1.841451674
7,1843399,1000104,1000104,1000104,1001041,1.843207306,1.841482017
7,1835040,1000156,1000156,991510,1001354,1.850752892,1.832558715
7,1843667,1000417,1000417,1000468,1001354,1.842804567,1.841174050
7,1843531,1000365,1000365,1000312,1001459,1.842955998,1.840845207
7,1843557,1000312,1000312,1000313,1001250,1.842980147,1.841255431
7,1824532,1000365,1000365,966510,1001667,1.887752843,1.821495567
7,1843748,1000313,1000313,1000312,1001354,1.843172930,1.841254941
7,1843900,1000365,1000365,1000416,1001406,1.843133257,1.841311117
7,1843636,1000209,1000209,1000208,1001302,1.843252603,1.841238707
7,1836555,1000365,1000365,993386,1001615,1.848782850,1.833593746
7,1842426,1000520,1000520,1000521,1001614,1.841466596,1.839457116
7,1843721,1000313,1000313,1000312,1001250,1.843145938,1.841419226
7,1844183,1000521,1000521,1000625,1001719,1.843031106,1.841018290
7,1828527,1000468,1000468,982916,1001562,1.860308511,1.825675295
7,1831804,1000625,1000625,1000625,1001615,1.830659838,1.828850407
7,1844168,1000521,1000521,1000573,1001510,1.843111897,1.841387505
7,1842884,1000521,1000521,1000520,1001458,1.841926198,1.840200987
7,1838238,1000261,1000261,994114,1001302,1.849121932,1.835847726
7,1844208,1000520,1000520,1000521,1001458,1.843247668,1.841523059
7,1844104,1000469,1000469,1000469,1001458,1.843239521,1.841419211
7,1844225,1000521,1000521,1000573,1001510,1.843168864,1.841444419
7,1981028,1000677,1000677,974375,1001875,2.033126876,1.977320524
7,2093292,1000573,1000573,1000625,1001667,2.091984510,2.089808290
7,2093266,1000260,1000260,1000261,1001250,2.092719800,2.090652684
7,2093493,1000313,1000313,1000312,1001198,2.092840034,2.090987996
7,2088230,1000052,1000052,996771,1001041,2.094994738,2.086058413
7,2093693,1000469,1000469,1000468,1001250,2.092713610,2.091079151
7,2093533,1000312,1000312,1000313,1001146,2.092877929,2.091136558
7,2092989,1000052,1000052,1000052,1000834,2.092880170,2.091244902
7,2082627,1000417,1000417,988126,1001407,2.107653275,2.079700861
7,1932970,1000000,1000000,1000052,1000938,1.932869491,1.931158573
7,1843526,1000156,1000156,1000157,1001093,1.843236612,1.841513226
7,1842058,1000417,1000417,1000416,1001250,1.841292023,1.839758302
7,1837960,1000313,1000313,996093,1001302,1.845169076,1.835570088
7,1843545,1000208,1000208,1000156,1000990,1.843257452,1.841721696
7,1843747,1000312,1000312,1000313,1001197,1.843170088,1.841542673
7,1843989,1000469,1000469,1000417,1001250,1.843220377,1.841686891
7,1827893,1000365,1000365,967344,1001459,1.889599770,1.825229989
7,1844078,1000469,1000469,1000468,1001458,1.843215375,1.841393249
7,1843238,1000000,1000000,1000000,1000990,1.843238000,1.841414999
7,1843813,1000312,1000312,1000365,1001302,1.843140254,1.841415477
7,1839753,1000416,1000416,997500,1001563,1.844363910,1.836881954
7,1843910,1000417,1000417,1000416,1001302,1.843143252,1.841512351
7,1843878,1000365,1000365,1000364,1001406,1.843207073,1.841289147
7,1843848,1000365,1000365,1000416,1001406,1.843081278,1.841259190
7,1820150,1000521,1000521,982187,1001771,1.853160345,1.816932213
7,1844422,1000677,1000677,1000729,1001719,1.843078396,1.841256879
7,1843501,1000156,1000156,1000156,1001146,1.843213459,1.841390766
7,1843705,1000260,1000260,1000260,1001250,1.843225761,1.841403246
7,1840023,1000573,1000573,997136,1001563,1.845307962,1.837151532
7,1843626,1000260,1000260,1000209,1001145,1.843240763,1.841517463
7,1843786,1000313,1000313,1000312,1001198,1.843210918,1.841579787
7,1843634,1000208,1000208,1000208,1001198,1.843250604,1.841427969
7,1985486,1000417,1000417,958958,1001458,2.070461897,1.982595376
7,2093169,1000208,1000208,1000156,1001094,2.092842517,2.090881576
7,2092900,1000417,1000417,1000313,1001146,2.092245127,2.090504282
7,2093314,1000260,1000260,1000260,1001042,2.092769880,2.091135037
7,2085599,1000417,1000417,993178,1001354,2.099924686,2.082778917
7,2092794,1000000,1000000,999948,1000781,2.092902831,2.091160803
7,2093589,1000365,1000365,1000416,1001198,2.092718429,2.091083882
7,2093638,1000364,1000364,1000365,1001197,2.092874101,2.091134912
7,1850087,1000261,1000261,975415,1001354,1.896717807,1.847585369
7,1843919,1000417,1000417,1000417,1001250,1.843150406,1.841616979
7,1843850,1000313,1000313,1000364,1001198,1.843179083,1.841643711
7,1844078,1000469,1000469,1000468,1001406,1.843215375,1.841488867
7,1839139,1000208,1000208,997968,1001094,1.842883740,1.837129181
7,1843689,1000260,1000260,1000261,1001146,1.843207923,1.841578551
7,1843079,1000312,1000312,1000261,1001145,1.842598082,1.840971088
7,1843840,1000365,1000365,1000364,1001198,1.843169086,1.841633723
7,1821463,1000417,1000417,966719,1001562,1.884170064,1.818622312
7,1843410,1000104,1000104,1000105,1001094,1.843216462,1.841395513
7,1843808,1000313,1000313,1000313,1001198,1.843231069,1.841601761
7,1843219,1000365,1000365,1000364,1001198,1.842548312,1.841013466
7,1839048,1000313,1000313,995885,1001354,1.846646952,1.836561296
7,1842590,1000521,1000521,1000469,1001510,1.841726230,1.839811884
7,1843758,1000312,1000312,1000209,1001198,1.843372735,1.841551821
7,1843619,1000209,1000209,1000260,1001146,1.843139784,1.841508631
7,1831540,1000469,1000469,986562,1001666,1.856487479,1.828493729
7,1843173,1000000,1000000,1000000,1001042,1.843173000,1.841254413
7,1843894,1000365,1000365,1000313,1001406,1.843317042,1.841305125
7,1843301,1000053,1000053,1000000,1001042,1.843301000,1.841382280
7,1838378,1000417,1000417,992239,1001563,1.852757249,1.835509099
7,1843462,1000157,1000157,1000104,1001146,1.843270300,1.841351811
7,1843670,1000209,1000209,1000208,1001198,1.843286596,1.841463926
7,1843724,1000260,1000260,1000261,1001511,1.843242914,1.840942336
7,1823883,1000573,1000573,970780,1002083,1.878780980,1.820091749
7,1843791,1000312,1000312,1000260,1001511,1.843311739,1.841009235
7,1843960,1000417,1000417,1000416,1001562,1.843193232,1.841084226
7,1843657,1000208,1000208,1000261,1001406,1.843175931,1.841068458
7,1837304,1000364,1000364,995782,1001563,1.845086575,1.834436775
7,1843695,1000261,1000261,1000312,1001510,1.843119947,1.840915218
7,1843414,1000104,1000104,1000104,1001146,1.843222305,1.841303866
7,1843703,1000261,1000261,1000260,1001354,1.843223762,1.841210002
7,1827702,1000313,1000313,984739,1001666,1.856026825,1.824662113
7,1843965,1000417,1000417,1000365,1001667,1.843292198,1.840896226
7,1843105,999948,999948,999948,1001041,1.843200846,1.841188323
7,1844017,1000469,1000469,1000417,1001459,1.843248365,1.841330499
7,1835876,1000104,1000104,991354,1001354,1.851887419,1.833393585
7,1843374,1000104,1000104,1000052,1001145,1.843278150,1.841265751
7,1843920,1000364,1000364,1000365,1001459,1.843247215,1.841233640
7,1844081,1000521,1000521,1000468,1001511,1.843218374,1.841298798
7,1826738,1000261,1000261,966666,1001562,1.889730269,1.823889085
7,1843373,1000104,1000104,1000052,1001042,1.843277150,1.841454205
7,1843926,1000365,1000365,1000364,1001302,1.843255055,1.841528330
7,1847071,1005938,1005938,1001823,1006927,1.843709917,1.834364358
7,1843545,1000156,1000156,1000208,1001042,1.843161622,1.841626026
7,1843572,1000208,1000208,1000157,1001094,1.843282605,1.841557336
7,1844136,1000521,1000521,1000469,1001406,1.843271506,1.841546785
7,1835968,1000209,1000209,989426,1001250,1.855588998,1.833675905
7,1836168,1000677,1000677,992344,1001927,1.850334158,1.832636509
7,1843762,1000313,1000313,1000260,1001354,1.843282746,1.841268922
7,1843726,1000260,1000260,1000261,1001302,1.843244913,1.841328590
7,1837774,1000417,1000417,992292,1001458,1.852049598,1.835098426
7,1844024,1000417,1000417,1000469,1001667,1.843159558,1.840955128
7,1843375,1000105,1000105,1000052,1001146,1.843279149,1.841264910
7,1844063,1000521,1000521,1000469,1001667,1.843198540,1.840994063
7,1830264,1000365,1000365,975208,1001562,1.876793464,1.827409586
7,1836420,1000105,1000105,992344,1001666,1.850588103,1.833365613
7,1843391,1000104,1000104,1000104,1001198,1.843199307,1.841185260
7,1843327,1000104,1000104,1000052,1001198,1.843231152,1.841121337
7,1836073,1000521,1000521,996198,1001771,1.843080392,1.832827063
7,1843305,1000052,1000052,1000000,1001146,1.843305000,1.841194991
7,1843181,1000000,1000000,1000000,1001094,1.843181000,1.841166764
7,1843645,1000209,1000209,1000260,1001354,1.843165777,1.841152080
7,1838338,1000573,1000573,992761,1001823,1.851742766,1.834992808
7,1835006,1000053,1000053,991302,1001562,1.851106928,1.832144191
7,1843172,1000000,1000000,1000000,1001146,1.843172000,1.841062143
7,1843382,1000104,1000104,1000105,1001198,1.843188465,1.841176271
7,1838805,1000260,1000260,995677,1001458,1.846788667,1.836127925
7,1844026,1000417,1000417,1000416,1001511,1.843259204,1.841243880
7,1843843,1000312,1000312,1000313,1001406,1.843266058,1.841254197
7,1843645,1000260,1000260,1000261,1001406,1.843163934,1.841056475
7,1832217,1000156,1000156,978334,1001406,1.872792932,1.829644520
7,1836653,1000104,1000104,992031,1001666,1.851406861,1.833598225
7,1843265,1000000,1000000,1000052,1001250,1.843169155,1.840963795
7,1843499,1000156,1000156,1000104,1001615,1.843307296,1.840526550
7,1837530,1000520,1000520,991979,1001771,1.852388004,1.834281487
7,1843763,1000312,1000312,1000313,1001458,1.843186083,1.841078707
7,1843823,1000364,1000364,1000365,1001458,1.843150250,1.841138620
7,1844197,1000521,1000521,1000573,1001719,1.843140880,1.841032266
7,1843340,1015104,1015104,990782,1016302,1.860489997,1.813771891
7,1843903,1000365,1000365,1000364,1001823,1.843232064,1.840547682
7,1843549,1000208,1000208,1000209,1001354,1.843163779,1.841056210
7,1843391,1000104,1000104,1000105,1001198,1.843197464,1.841185260
7,1836911,1000521,1000521,996303,1001719,1.843727260,1.833758769
7,1843762,1000313,1000313,1000261,1001718,1.843280904,1.840599849
7,1843194,1000000,1000000,1000000,1001146,1.843194000,1.841084118
7,1844220,1000573,1000573,1000573,1001615,1.843163867,1.841246387
7,1778572,1001979,1001979,939427,1003125,1.893251950,1.773031277
7,1843589,1000156,1000156,1000157,1001614,1.843299602,1.840618242
7,1843521,1000208,1000208,1000156,1001302,1.843233456,1.841123857
7,1843678,1000261,1000261,1000260,1001407,1.843198768,1.841087590
7,1832891,1000157,1000157,987916,1001355,1.855310573,1.830410793
7,1843693,1000260,1000260,1000209,1001614,1.843307749,1.840722075
7,1843565,1000208,1000208,1000208,1001302,1.843181618,1.841167800
7,1843215,1000000,1000000,999948,1001094,1.843310852,1.841200726
7,1822670,1000208,1000208,981928,1001458,1.856215527,1.820016416
7,1843422,1000156,1000156,1000156,1001354,1.843134471,1.840929382
7,1843829,1000364,1000364,1000313,1001146,1.843252062,1.841718391
7,1844078,1000520,1000520,1000469,1001302,1.843213533,1.841680132
7,1838288,1000156,1000156,997031,1001094,1.843762130,1.836279111
7,1843270,1000052,1000052,1000000,1001041,1.843270000,1.841353151
7,1844041,1000416,1000416,1000469,1001302,1.843176550,1.841643181
7,1843841,1000312,1000312,1000365,1001250,1.843168244,1.841539076
7,1828676,1000209,1000209,976250,1001198,1.873163636,1.826487868
7,1844242,1000573,1000573,1000573,1001771,1.843185855,1.840981622
7,1843525,1000208,1000208,1000156,1001303,1.843237455,1.841126013
7,1843861,1000365,1000365,1000364,1001303,1.843190079,1.841461576
7,1838828,1000313,1000313,997603,1001355,1.843246261,1.836339760
7,1843883,1000365,1000365,1000364,1001250,1.843212071,1.841581024
7,1843875,1000312,1000312,1000313,1001302,1.843298048,1.841477396
7,1843426,1000156,1000156,1000105,1001094,1.843232461,1.841411496
7,1830438,1000625,1000625,985520,1001823,1.857332170,1.827107184
7,1843458,1000104,1000104,1000105,1001250,1.843264457,1.841156554
7,1843337,1000052,1000052,1000053,1001198,1.843239308,1.841131325
7,1843173,999948,999948,999948,1001146,1.843268850,1.841063142
7,1837501,1000625,1000625,991198,1002084,1.853818309,1.833679612
7,1844001,1000416,1000416,1000417,1001562,1.843232372,1.841125162
7,1843498,1000156,1000156,1000156,1001250,1.843210459,1.841196504
7,1843905,1000417,1000417,1000364,1001458,1.843234063,1.841220501
7,1827748,1000625,1000625,970156,1002032,1.883973299,1.824041548
7,1843456,1000156,1000156,1000105,1001302,1.843262457,1.841058941
7,1843404,1000104,1000104,1000104,1001406,1.843212306,1.840815813
7,1844272,1000573,1000573,1000573,1001667,1.843215837,1.841202715
7,1836444,1000104,1000104,996666,1001250,1.842587186,1.834151311
7,1844061,1000469,1000469,1000469,1001615,1.843196541,1.841087643
7,1843429,1000156,1000156,1000105,1001250,1.843235460,1.841127591
7,1843949,1000416,1000416,1000417,1001823,1.843180394,1.840593598
7,1817613,1000625,1000625,973854,1002031,1.866412214,1.813928910
7,1843958,1000417,1000417,1000364,1001563,1.843287044,1.841080391
7,1844000,1000416,1000416,1000469,1001562,1.843135569,1.841124164
7,1843796,1000364,1000364,1000312,1001458,1.843220915,1.841111659
7,1834035,1000521,1000521,989635,1001979,1.853243873,1.830412613
7,1843378,1000105,1000105,1000104,1001197,1.843186309,1.841174115
7,1843284,1000000,1000000,1000052,1001198,1.843188154,1.841078388
7,1844023,1000417,1000417,1000468,1001563,1.843160401,1.841145290
7,1804453,1000313,1000313,954844,1001822,1.889788280,1.801171266
7,1843732,1000312,1000312,1000261,1001771,1.843250912,1.840472523
7,1843849,1000365,1000365,1000365,1001459,1.843176241,1.841162744
7,1843151,1000000,1000000,999948,1001146,1.843246849,1.841041167
7,1835211,1000157,1000157,996510,1001458,1.841638318,1.832539158
7,1844035,1000417,1000417,1000469,1001614,1.843170553,1.841063523
7,1831694,1000209,1000209,1000156,1001302,1.831408300,1.829312235
7,1843673,1000261,1000261,1000781,1002084,1.842234215,1.839838776
7,1794552,1000521,1000521,956822,1001718,1.875533798,1.791474247
7,1842457,1000052,1000052,1000052,1001198,1.842361197,1.840252378
7,1844470,1000677,1000677,1000885,1002136,1.842839087,1.840538610
7,1843786,1000312,1000312,1000365,1001718,1.843113264,1.840623808
7,1836768,1000365,1000365,992344,1001771,1.850938787,1.833520835
7,1841650,1000313,1000313,1000312,1001719,1.841075584,1.838489636
7,1843290,1000052,1000052,1000052,1001198,1.843194154,1.841084381
7,1843922,1000469,1000469,1000469,1001614,1.843057606,1.840950706
7,1779428,1000573,1000573,913490,1001875,1.947944696,1.776097817
7,1843079,1000052,1000052,1000052,1001406,1.842983165,1.840491269
7,1843819,1000312,1000312,1000365,1001458,1.843146252,1.841134626
7,1843387,1000313,1000313,1000520,1001511,1.842428937,1.840605845
7,1806964,1000365,1000365,967083,1001407,1.868468373,1.804425174
7,1843189,1000105,1000105,1000104,1001093,1.842997328,1.841176594
7,1843881,1000417,1000417,1000364,1001250,1.843210072,1.841579026
7,1843760,1000416,1000416,1000417,1001302,1.842991473,1.841362546
7,1834085,1000468,1000468,989429,1001510,1.853680254,1.831319707
7,1843477,1000156,1000156,1000156,1001042,1.843189462,1.841558096
7,1843342,1000208,1000208,1000209,1001250,1.842956822,1.841040699
7,1843278,1000052,1000052,1000052,1000989,1.843182155,1.841456799
7,1825824,1000573,1000573,992917,1001667,1.838848564,1.822785417
7,1840304,1000573,1000573,1000573,1001771,1.839250110,1.837050583
7,1843150,999948,999948,999948,1000938,1.843245849,1.841422745
7,1844200,1000573,1000573,1000573,1001719,1.843143879,1.841035260
7,1825367,1000834,1000834,965782,1002136,1.890040402,1.821476327
7,1843783,1000312,1000312,1000260,1001562,1.843303741,1.840907502
7,1843517,1000156,1000156,1000208,1001406,1.843133628,1.840928654
7,1843322,1000104,1000104,1000052,1001250,1.843226152,1.841020724
7,1837361,1000208,1000208,994687,1001510,1.847175041,1.834590768
7,1843637,1000261,1000261,1000208,1001250,1.843253603,1.841335331
7,1843617,1000261,1000261,1000208,1001302,1.843233607,1.841219732
7,1843437,1000104,1000104,1000104,1001146,1.843245302,1.841326839
7,1831009,1000312,1000312,982448,1001510,1.863721032,1.828248345
7,1841850,1000052,1000052,1000052,1001094,1.841754229,1.839837218
7,1844030,1000416,1000416,1000417,1001302,1.843261360,1.841632195
7,1843563,1000208,1000208,1000209,1001042,1.843177776,1.841644007
7,1839664,1000313,1000313,996093,1001355,1.846879759,1.837174628
7,1844054,1000468,1000468,1000469,1001406,1.843189544,1.841464900
7,1843885,1000364,1000364,1000365,1001354,1.843212228,1.841391756
7,1843286,1000052,1000052,1000105,1000990,1.843092475,1.841462952
7,1817720,1000209,1000209,957448,1001354,1.898505193,1.815262135
7,1843169,1000729,1000729,1000833,1001823,1.841634918,1.839815017
7,1843623,1000261,1000261,1000260,1001355,1.843143783,1.841128271
7,1831138,1000469,1000469,1000521,1001459,1.830184474,1.828470262
7,1839770,1000365,1000365,997240,1001406,1.844861819,1.837186915
7,1843463,1000156,1000156,1000104,1001041,1.843271300,1.841545951
7,1843471,1000157,1000157,1000156,1001094,1.843183463,1.841456447
7,1843811,1000364,1000364,1000365,1001250,1.843138255,1.841509114
7,1830880,1000260,1000260,983595,1001458,1.861416538,1.828214463
7,1843755,1000313,1000313,1000312,1001302,1.843179928,1.841357552
7,1843522,1000156,1000156,1000156,1001198,1.843234455,1.841316103
7,1844169,1000521,1000521,1000677,1001771,1.842921342,1.840908751
7,1839078,1000521,1000521,993750,1001666,1.850644528,1.836019192
7,1843136,999948,999948,1000000,1000938,1.843136000,1.841408759
7,1843841,1000313,1000313,1000365,1001302,1.843168244,1.841443441
7,1844087,1000521,1000521,1000521,1001406,1.843126731,1.841497854
7,1890285,1000261,1000261,959167,1001250,1.970756917,1.887925094
7,2091839,1000208,1000208,1000208,1001145,2.091403988,2.089446584
7,2092990,1000365,1000365,1000364,1001354,2.092228429,2.090159923
7,2093329,1000260,1000260,1000417,1001354,2.092456446,2.090498465
7,2088283,1000260,1000260,995417,1001145,2.097897665,2.085894651
7,2093634,1000365,1000365,1000468,1001459,2.092654638,2.090583838
7,2093254,1000208,1000208,1000208,1001198,2.092818694,2.090749282
7,2092680,1000260,1000260,1000261,1001041,2.092133953,2.090503786
7,2080756,1000260,1000260,983490,1001250,2.115685975,2.078158302
7,2093073,1000156,1000156,1000105,1001094,2.092853250,2.090785680
7,2093769,1000469,1000469,1000468,1001407,2.092789574,2.090827206
7,2057017,1000417,1000417,1000782,1001667,2.055409670,2.053593659
7,1834498,1000417,1000417,997605,1001406,1.838902171,1.831922317
7,1843946,1000416,1000416,1000365,1001250,1.843273205,1.841643945
7,1843533,1000156,1000156,1000208,1001041,1.843149625,1.841615878
7,1843494,1000208,1000208,1000156,1001042,1.843206460,1.841575079
7,1825485,1000261,1000261,972396,1001250,1.877306159,1.823205993
7,1843429,1000104,1000104,1000105,1001302,1.843235460,1.841031976
7,1843364,1000104,1000104,1000104,1001198,1.843172310,1.841158292
7,1843134,999948,999948,999948,1001041,1.843229848,1.841217293
7,1837110,1000261,1000261,994375,1001615,1.847502200,1.834147851
7,1843651,1000261,1000261,1000260,1001302,1.843171775,1.841253688
7,1842809,1000104,1000104,1000104,1001510,1.842617368,1.840030554
7,1843628,1000209,1000209,1000208,1001302,1.843244605,1.841230718
7,1829685,1000417,1000417,983074,1001615,1.861187459,1.826734823
7,1842130,1000209,1000209,1000208,1001302,1.841746917,1.839734665
7,1843931,1000417,1000417,1000416,1001667,1.843164244,1.840862283
7,1843231,1000000,1000000,1000000,1001093,1.843231000,1.841218548
7,1836567,1000625,1000625,994427,1001927,1.846859548,1.833034742
7,1843636,1000208,1000208,1000209,1001302,1.843250761,1.841238707
7,1843680,1000260,1000260,1000261,1001354,1.843198925,1.841187033
7,1843766,1000312,1000312,1000261,1001354,1.843284903,1.841272916
7,1825678,1000573,1000573,962604,1001823,1.896603380,1.822355845
7,1843496,1000156,1000156,1000156,1001354,1.843208459,1.841003282
7,1843608,1000208,1000208,1000208,1001198,1.843224609,1.841402000
7,1844329,1000625,1000625,1000573,1001615,1.843272805,1.841355211
7,1836273,1000625,1000625,989844,1001979,1.855113533,1.832646193
7,1843648,1000209,1000209,1000208,1001354,1.843264601,1.841155076
7,1843460,1000156,1000156,1000104,1001198,1.843268300,1.841254177
7,1843769,1000313,1000313,1000312,1001302,1.843193923,1.841371534
7,1831268,1000521,1000521,981822,1001666,1.865173117,1.828222182
7,1844069,1000468,1000468,1000469,1001459,1.843204537,1.841382423
7,1843740,1000312,1000312,1000365,1001354,1.843067280,1.841246952
7,1836586,1000364,1000364,1000469,1001406,1.835725045,1.834007386
7,1835819,1000677,1000677,997709,1001771,1.840034519,1.832573512
7,1841916,1000052,1000052,1000000,1000989,1.841916000,1.840096145
7,1843491,1000156,1000156,1000104,1001146,1.843299297,1.841380778
7,1843201,1000000,1000000,1000000,1000937,1.843201000,1.841475537
7,1829560,1000417,1000417,967186,1001667,1.891632013,1.826515199
7,1844247,1000573,1000573,1000573,1001615,1.843190852,1.841273344
7,1844277,1000572,1000572,1000573,1001563,1.843220834,1.841398894
7,1843848,1000364,1000364,1000365,1001458,1.843175241,1.841163583
7,1838081,1000208,1000208,995366,1001250,1.846638322,1.835786267
7,1844027,1000469,1000469,1000417,1001406,1.843258361,1.841437938
7,1843767,1000312,1000312,1000313,1001198,1.843190082,1.841560810
7,1843830,1000364,1000364,1000313,1001302,1.843253062,1.841432455
7,1829276,1000364,1000364,985470,1001563,1.856247273,1.826421304
7,1843595,1000261,1000261,1000208,1001458,1.843211612,1.840910952
7,1843828,1000312,1000312,1000313,1001354,1.843251062,1.841334833
7,1844221,1000573,1000573,1000521,1001563,1.843260661,1.841342981
7,1834665,1000364,1000364,994583,1001563,1.844657510,1.831801894
7,1841792,1000052,1000052,1000052,1001250,1.841696232,1.839492634
7,1843289,1000052,1000052,1000000,1001094,1.843289000,1.841274646
7,1843938,1000364,1000364,1000417,1001615,1.843169398,1.840964842
7,1794661,1000521,1000521,933802,1001771,1.921886010,1.791488274
7,1843551,1000209,1000209,1000156,1001406,1.843263451,1.840962607
7,1843806,1000364,1000364,1000313,1001719,1.843229069,1.840641937
7,1843904,1000417,1000417,1000417,1001511,1.843135413,1.841122065
7,1837178,1000312,1000312,994428,1001980,1.847472115,1.833547576
7,1844165,1000521,1000521,1000520,1001666,1.843206533,1.841097731
7,1843958,1000364,1000364,1000365,1001563,1.843285201,1.841080391
7,1844109,1000469,1000469,1000468,1001614,1.843246361,1.841137404
7,1827192,1000573,1000573,977656,1001927,1.868951860,1.823677773
7,1843592,1000208,1000208,1000261,1001719,1.843110948,1.840428304
7,1844025,1000469,1000469,1000469,1001563,1.843160558,1.841147287
7,1843906,1000364,1000364,1000365,1001511,1.843233220,1.841124062
7,1835503,1000469,1000469,988177,1002031,1.857463794,1.831782649
7,1843705,1000260,1000260,1000313,1001459,1.843128101,1.841018953
7,1843555,1000208,1000208,1000209,1001303,1.843169778,1.841155974
7,1843938,1000416,1000416,1000417,1001511,1.843169398,1.841156013
7,1823694,1000417,1000417,963438,1002031,1.892902294,1.819997585
7,1843908,1000364,1000364,1000365,1001615,1.843235219,1.840934890
7,1843137,1000000,1000000,999948,1001146,1.843232848,1.841027183
7,1843960,1000417,1000417,1000416,1001562,1.843193232,1.841084226
7,1837556,1000157,1000157,995573,1001302,1.845727034,1.835166613
7,1844040,1000468,1000468,1000417,1001563,1.843271356,1.841162263
7,1843540,1000208,1000208,1000208,1001458,1.843156623,1.840856032
7,1844109,1000521,1000521,1000469,1001614,1.843244518,1.841137404
7,1824035,1000156,1000156,978491,1001719,1.864130585,1.820904865
7,1843567,1000156,1000156,1000104,1001302,1.843375289,1.841169797
7,1843201,1000000,1000000,1000000,1001146,1.843201000,1.841091110
7,1844025,1000469,1000469,1000469,1001562,1.843160558,1.841149125
7,1838313,1000468,1000468,997343,1001667,1.843210410,1.835253632
7,1843921,1000365,1000365,1000417,1001667,1.843152405,1.840852299
7,1843804,1000313,1000313,1000312,1001511,1.843228913,1.841022215
7,1844096,1000521,1000521,1000521,1001614,1.843135726,1.841124425
7,1827636,1000312,1000312,973125,1001719,1.878110212,1.824499685
7,1844152,1000521,1000521,1000573,1001979,1.843095906,1.840509631
7,1843243,1000052,1000052,1000000,1001146,1.843243000,1.841133062
7,1843793,1000313,1000313,1000312,1001458,1.843217916,1.841108664
7,1830864,1000468,1000468,986771,1001719,1.855409208,1.827722146
7,1843231,1000052,1000052,1000000,1001146,1.843231000,1.841121075
7,1843563,1000208,1000208,1000208,1001510,1.843179619,1.840783417
7,1844173,1000520,1000520,1000521,1001615,1.843212686,1.841199463
7,1821907,1000521,1000521,975885,1002083,1.866927968,1.818119856
7,1844139,1000520,1000520,1000469,1001615,1.843274504,1.841165518
7,1843500,1000156,1000156,1000156,1001250,1.843212459,1.841198502
7,1843431,1000104,1000104,1000156,1001250,1.843143470,1.841129588
7,1837881,1000208,1000208,996042,1001354,1.845184239,1.835395874
7,1843683,1000261,1000261,1000260,1001354,1.843203767,1.841190029
7,1844120,1000521,1000521,1000521,1001614,1.843159714,1.841148387
7,1844188,1000521,1000521,1000520,1001615,1.843229521,1.841214439
7,1822585,1000312,1000312,969167,1001823,1.880568571,1.819268474
7,1843620,1000208,1000208,1000261,1001406,1.843138941,1.841031510
7,1844059,1000469,1000469,1000468,1001823,1.843196384,1.840703398
7,1844105,1000521,1000521,1000521,1001615,1.843144722,1.841131573
7,1833461,1000365,1000365,990938,1001823,1.850227764,1.830124683
7,1843790,1000313,1000313,1000260,1001666,1.843310739,1.840723355
7,1843753,1000312,1000312,1000260,1001407,1.843273749,1.841162484
7,1844037,1000417,1000417,1000416,1001511,1.843270200,1.841254864
7,1824753,1000625,1000625,981510,1002031,1.859128282,1.821054438
7,1843308,1000052,1000052,1000052,1001146,1.843212153,1.841197987
7,1843560,1000208,1000208,1000208,1001302,1.843176619,1.841162806
7,1843950,1000364,1000364,1000365,1001458,1.843277204,1.841265435
7,1838001,1000417,1000417,996354,1001875,1.844726874,1.834561198
7,1843756,1000260,1000260,1000156,1001354,1.843468419,1.841262930
7,1843953,1000417,1000417,1000364,1001511,1.843282045,1.841170991
7,1843671,1000261,1000261,1000208,1001354,1.843287596,1.841178045
7,1827257,1000677,1000677,970676,1002239,1.882458204,1.823174911
7,1843659,1000261,1000261,1000208,1001406,1.843275599,1.841070455
7,1844078,1000468,1000468,1000469,1001614,1.843213533,1.841106454
7,1843386,1000104,1000104,1000104,1001250,1.843194308,1.841084644
7,1836516,1000208,1000208,996667,1001667,1.842657578,1.833459623
7,1843777,1000312,1000312,1000313,1001458,1.843200078,1.841092687
7,1843219,1000052,1000052,1000000,1001146,1.843219000,1.841109089
7,1843407,1000156,1000156,1000156,1001510,1.843119473,1.840627652
7,1832180,1000573,1000573,983438,1002136,1.863035596,1.828274805
7,1843646,1000260,1000260,1000261,1001354,1.843164934,1.841153079
7,1843970,1000416,1000416,1000417,1001510,1.843201385,1.841189803
7,1843289,1000052,1000052,1000052,1001146,1.843193154,1.841179009
7,1834839,1000156,1000156,990625,1001667,1.852203407,1.831785414
7,1843409,1000105,1000105,1000104,1001198,1.843217305,1.841203239
7,1843944,1000417,1000417,1000417,1001510,1.843175396,1.841163843
7,1843426,1000104,1000104,1000104,1001250,1.843234304,1.841124594
7,1823994,1000261,1000261,970417,1001666,1.879598152,1.820960280
7,1843078,999948,999948,999896,1001094,1.843269700,1.841063876
7,1843182,1000000,1000000,999948,1001458,1.843277850,1.840498553
7,1843963,1000417,1000417,1000417,1001666,1.843194388,1.840896067
7,1836325,1000104,1000104,991199,1001354,1.852629997,1.833841978
7,1843343,1000052,1000052,1000052,1001094,1.843247151,1.841328587
7,1843337,1000052,1000052,1000104,1001094,1.843145313,1.841322593
7,1843734,1000261,1000261,1000260,1001354,1.843254754,1.841240960
7,1829750,1000365,1000365,981823,1001719,1.863625114,1.826610057
7,1843229,1000000,1000000,999948,1001094,1.843324853,1.841214711
7,1844014,1000416,1000416,1000417,1001667,1.843245367,1.840945144
7,1843854,1000313,1000313,1000364,1001355,1.843183081,1.841358959
7,1811947,1000365,1000365,975625,1001719,1.857216656,1.808837608
7,1843911,1000364,1000364,1000365,1001406,1.843238218,1.841322101
7,1843650,1000260,1000260,1000156,1001250,1.843362435,1.841348315
7,1843780,1000312,1000312,1000261,1001354,1.843298899,1.841286898
7,1828376,1000729,1000729,971355,1002188,1.882294321,1.824384247
7,1843480,1000156,1000156,1000104,1001406,1.843288298,1.840891706
7,1843617,1000260,1000260,1000209,1001354,1.843231765,1.841124118
7,1844054,1000469,1000469,1000469,1001563,1.843189544,1.841176242
7,1837850,1000261,1000261,996823,1001614,1.843707459,1.834888490
7,1843783,1000313,1000313,1000260,1001407,1.843303741,1.841192442
7,1843744,1000261,1000261,1000312,1001718,1.843168931,1.840581880
7,1843424,1000156,1000156,1000104,1001250,1.843232304,1.841122597
7,1824864,1000260,1000260,983229,1001667,1.855990822,1.821827014
7,1843321,1000052,1000052,1000052,1001146,1.843225152,1.841210972
7,1844005,1000417,1000417,1000417,1001510,1.843236370,1.841224751
7,1843526,1000156,1000156,1000157,1001250,1.843236612,1.841224469
7,1838644,1000156,1000156,996147,1001302,1.845755697,1.836253198
7,1844094,1000521,1000521,1000468,1001563,1.843231368,1.841216179
7,1843956,1000417,1000417,1000469,1001562,1.843091590,1.841080233
7,1843410,1000156,1000156,1000105,1001250,1.843216462,1.841108614
7,1826392,1000468,1000468,970625,1002031,1.881665937,1.822690116
7,1843843,1000364,1000364,1000365,1001614,1.843170243,1.840871833
7,1843385,1000104,1000104,1000052,1001198,1.843289149,1.841179267
7,1843355,1000104,1000104,1000052,1001198,1.843259151,1.841149303
7,1834660,1000416,1000416,990052,1001875,1.853094585,1.831226450
7,1843462,1000156,1000156,1000105,1001250,1.843268457,1.841160549
7,1843844,1000312,1000312,1000313,1001458,1.843267057,1.841159589
7,1843590,1000208,1000208,1000208,1001354,1.843206613,1.841097154
7,1827861,1000417,1000417,979791,1001927,1.865562145,1.824345486
7,1843760,1000312,1000312,1000313,1001510,1.843183084,1.840980120
7,1843503,1000156,1000156,1000157,1001406,1.843213615,1.840914674
7,1843280,1000052,1000052,1000052,1001146,1.843184154,1.841170019
7,1834739,1000000,1000000,996198,1001146,1.841741300,1.832638796
7,1843430,1000105,1000105,1000156,1001198,1.843142470,1.841224213
7,1843635,1000208,1000208,1000260,1001250,1.843155779,1.841333333
7,1843272,1000052,1000052,1000105,1001094,1.843078477,1.841257664
7,1811492,1000677,1000677,961353,1002083,1.884315127,1.807726506
7,1843774,1000261,1000261,1000260,1001302,1.843294743,1.841376528
7,1843805,1000313,1000313,1000312,1001406,1.843229912,1.841216250
7,1848930,1009114,1009114,1003646,1010260,1.842213290,1.830152634
7,1843707,1000260,1000260,999218,1001511,1.845149907,1.840925362
7,1843566,1000209,1000209,1000260,1001510,1.843086797,1.840786413
7,1843450,1000156,1000156,1000157,1001250,1.843160624,1.841148564
7,1836575,1000312,1000312,991511,1001458,1.852299168,1.833901172
7,1800600,1000625,1000625,971823,1002084,1.852806530,1.796855353
7,1839805,1000573,1000573,1000938,1002344,1.838080880,1.835502582
7,1843593,1000209,1000209,1000312,1001563,1.843017978,1.840715961
7,1835290,1000416,1000416,996667,1001667,1.841427478,1.832235663
7,1843113,1000053,1000053,1000052,1001197,1.843017163,1.840909431
7,1844544,1000729,1000729,1000833,1002240,1.843008774,1.840421456
7,1843452,1000260,1000260,1000260,1001823,1.842972827,1.840097502
7,1827210,1000417,1000417,956926,1001667,1.909457994,1.824169110
7,1835489,1000000,1000000,985469,1001198,1.862553769,1.833292715
7,1842141,1000313,1000313,1000312,1001302,1.841566431,1.839745651
7,1843771,1000313,1000313,1000260,1001302,1.843291744,1.841373532
7,1839134,1000417,1000417,995625,1001406,1.847215568,1.836551808
7,1843454,1000157,1000157,1000156,1001146,1.843166466,1.841343820
7,1844408,1000677,1000677,1000781,1001875,1.842968641,1.840956207
7,1844399,1000625,1000625,1000677,1001823,1.843151187,1.841042779
7,1837352,1000312,1000312,990886,1001354,1.854251650,1.834867589
7,1832420,1000208,1000208,988959,1001302,1.852877622,1.830037291
7,1843861,1000417,1000417,1000468,1001355,1.842998477,1.841365949
7,1843612,1000208,1000208,1000208,1001094,1.843228608,1.841597293
7,1837889,1000312,1000312,994741,1001302,1.847605558,1.835499180
7,1843872,1000364,1000364,1000313,1001354,1.843295049,1.841378773
7,1842773,1000208,1000208,1000209,1001146,1.842387941,1.840663600
7,1843146,1000105,1000105,1000104,1000989,1.842954333,1.841324930
7,1830383,1000469,1000469,971353,1001563,1.884364387,1.827526576
7,1836067,1000261,1000261,995208,1001250,1.844907798,1.833774782
7,1843868,1000365,1000365,1000312,1001198,1.843292893,1.841661689
7,1843796,1000313,1000313,1000312,1001197,1.843220915,1.841591615
7,1837942,1000469,1000469,996301,1001459,1.844765789,1.835264349
7,1843208,1000313,1000313,1000260,1001250,1.842728890,1.840906866
7,1843505,1000156,1000156,1000156,1001042,1.843217458,1.841586067
7,1843806,1000468,1000468,1000417,1001302,1.843037453,1.841408486
7,1834281,1000677,1000677,987916,1001615,1.856717575,1.831323413
7,1843373,1000209,1000209,1000208,1001198,1.842989658,1.841167282
7,1843592,1000625,1000625,1000729,1001771,1.842249000,1.840332771
7,1843436,1000573,1000573,1000625,1001667,1.842284572,1.840368106
7,1839008,1000729,1000729,993074,1001823,1.851833801,1.835661589
7,1844100,1000625,1000625,1000573,1001614,1.843043936,1.841128419
7,1843959,1000416,1000416,1000417,1001302,1.843190390,1.841561287
7,1843808,1000312,1000312,1000365,1001302,1.843135256,1.841410484
7,1825755,1000365,1000365,967604,1001354,1.886882444,1.823286270
7,1843514,1000156,1000156,1000157,1001198,1.843224614,1.841308113
7,1843369,1000312,1000312,1000261,1001354,1.842888006,1.840876453
7,1843633,1000260,1000260,1000208,1001198,1.843249604,1.841426970
7,1839461,1000417,1000417,997396,1001510,1.844263462,1.836687602
7,1843550,1000208,1000208,1000209,1001094,1.843164779,1.841535360
7,1843592,1000209,1000209,1000208,1001041,1.843208613,1.841674817
7,1844073,1000469,1000469,1000468,1001406,1.843210378,1.841483874
7,1831470,1000260,1000260,982707,1001459,1.863698946,1.828801778
7,1843714,1000260,1000260,1000261,1001250,1.843232916,1.841412235
7,1843495,1000261,1000261,1000260,1001197,1.843015816,1.841290975
7,1842951,999948,999948,999947,1000886,1.843048682,1.841319591
7,1839796,1000469,1000469,996354,1001510,1.846528443,1.837022097
7,1843164,1000104,1000104,1000104,1001042,1.842972331,1.841245422
7,1843846,1000313,1000313,1000468,1001459,1.842983484,1.841159748
7,1831459,1000521,1000521,1000573,1001563,1.830410175,1.828600897
7,1828152,1000677,1000677,969323,1001823,1.886009101,1.824825343
7,1843859,1000364,1000364,1000365,1001354,1.843186237,1.841365791
7,1843728,1000312,1000312,1000261,1001302,1.843246913,1.841330588
7,1843541,1000156,1000156,1000208,1001094,1.843157623,1.841526370
7,1838018,1000052,1000052,994426,1001250,1.848320539,1.835723346
7,1843496,1000156,1000156,1000156,1001094,1.843208459,1.841481419
7,1843538,1000104,1000104,1000157,1001094,1.843248610,1.841523373
7,1844491,1000678,1000678,1000885,1001927,1.842860069,1.840943502
7,1832547,1000521,1000521,983960,1001666,1.862420220,1.829499055
7,1841878,1000104,1000104,1000104,1001094,1.841686465,1.839865187
7,1843770,1000312,1000312,1000313,1001302,1.843193081,1.841372533
7,1844039,1000468,1000468,1000469,1001458,1.843174551,1.841354305
7,1838526,1000260,1000260,997397,1001250,1.843324173,1.836230712
7,1843151,999948,999948,1000000,1001042,1.843151000,1.841232436
7,1843923,1000364,1000364,1000417,1001302,1.843154405,1.841525334
7,1844438,1000677,1000677,1000833,1001875,1.842902862,1.840986151
7,1837730,1000261,1000261,967031,1001407,1.900383752,1.835147947
7,2089333,1000365,1000365,1000365,1001302,2.088570672,2.086616226
7,2093271,1000261,1000261,1000208,1001146,2.092835690,2.090874857
7,2093429,1000312,1000312,1000261,1001146,2.092882758,2.091032677
7,2087560,1000261,1000261,994844,1001093,2.098379243,2.085280788
7,2093156,1000208,1000208,1000209,1001094,2.092718622,2.090868590
7,2093196,1000521,1000521,1000625,1001511,2.091888570,2.090037953
7,2093553,1000365,1000365,1000364,1001302,2.092791224,2.090830738
7,2078508,1000156,1000156,989584,1001094,2.100385617,2.076236597
7,2093495,1000313,1000313,1000312,1001145,2.092842033,2.091100690
7,2093627,1000416,1000416,1000365,1001146,2.092863105,2.091230450
7,2093598,1000417,1000417,1000416,1001145,2.092727425,2.091203572
7,2087359,1000521,1000521,993646,1001458,2.100706892,2.084320061
7,2092805,1000000,1000000,999947,1000886,2.092915925,2.090952416
7,2091835,1000208,1000208,1000209,1001146,2.091397898,2.089440501
7,1845766,1000417,1000417,1000416,1001250,1.844998481,1.843461673
7,1828078,1000729,1000729,970573,1001875,1.883503868,1.824656769
7,1843600,1000260,1000260,1000156,1001718,1.843312443,1.840438127
7,1843209,1000000,1000000,1000000,1001198,1.843209000,1.841003478
7,1843758,1000312,1000312,1000261,1001407,1.843276905,1.841167477
7,1837320,1000312,1000312,992188,1001510,1.851786153,1.834549830
7,1843721,1000313,1000313,1000260,1001458,1.843241757,1.841036768
7,1843485,1000157,1000157,1000156,1001511,1.843197461,1.840703697
7,1843745,1000312,1000312,1000313,1001406,1.843168088,1.841156334
7,1822594,1000521,1000521,975885,1001667,1.867631944,1.819560792
7,1843878,1000365,1000365,1000364,1001823,1.843207073,1.840522727
7,1843544,1000208,1000208,1000208,1001302,1.843160623,1.841146827
7,1843347,1000052,1000052,1000052,1001198,1.843251151,1.841141313
7,1835683,1000312,1000312,987501,1001510,1.858917611,1.832915298
7,1843411,1000105,1000105,1000104,1001511,1.843219305,1.840629808
7,1843571,1000208,1000208,1000157,1001303,1.843281605,1.841171953
7,1844152,1000521,1000521,1000521,1001615,1.843191697,1.841178497
7,1825754,1000729,1000729,965989,1001927,1.890036015,1.822242539
7,1844126,1000416,1000416,1000521,1001979,1.843165711,1.840483683
7,1843570,1000156,1000156,1000157,1001407,1.843280605,1.840979742
7,1843204,1000000,1000000,999947,1001093,1.843301695,1.841191578
7,1833587,1000312,1000312,986355,1001511,1.858952406,1.830820630
7,1843598,1000208,1000208,1000208,1001666,1.843214611,1.840531674
7,1843166,1000000,1000000,1000000,1001094,1.843166000,1.841151780
7,1843102,999948,999948,999948,1001094,1.843197846,1.841087850
7,1820784,1000208,1000208,979790,1001458,1.858341073,1.818133162
7,1843209,1000000,1000000,999948,1001407,1.843304852,1.840619249
7,1844070,1000469,1000469,1000416,1001562,1.843303186,1.841194055
7,1843409,1000157,1000157,1000104,1001146,1.843217305,1.841298871
7,1835685,1000208,1000208,984167,1001354,1.865216980,1.833202843
7,1843806,1000313,1000313,1000364,1001562,1.843135099,1.840930467
7,1843543,1000208,1000208,1000208,1001198,1.843159623,1.841337078
7,1843785,1000313,1000313,1000312,1001354,1.843209919,1.841291891
7,1770587,1000365,1000365,926876,1001823,1.910273866,1.767365093
7,1844188,1000469,1000469,1000469,1001615,1.843323481,1.841214439
7,1843355,1000104,1000104,1000052,1001354,1.843259151,1.840862472
7,1843440,1000156,1000156,1000156,1001510,1.843152468,1.840660602
7,1837552,1000573,1000573,996510,1001979,1.843987516,1.833922667
7,1843281,1000052,1000052,1000052,1001198,1.843185154,1.841075392
7,1843198,1000000,1000000,1000000,1001146,1.843198000,1.841088113
7,1843923,1000365,1000365,1000364,1001458,1.843252056,1.841238474
7,1828826,1000313,1000313,978699,1001719,1.868629681,1.825687643
7,1843318,1000105,1000105,1000052,1001562,1.843222152,1.840443228
7,1843500,1000156,1000156,1000209,1001615,1.843114789,1.840527548
7,1843869,1000365,1000365,1000364,1001510,1.843198076,1.841088956
7,1833080,1000104,1000104,992239,1001250,1.847417810,1.830791511
7,1843940,1000416,1000416,1000365,1001511,1.843267207,1.841158010
7,1844066,1000469,1000469,1000468,1001614,1.843203381,1.841094474
7,1843928,1000417,1000417,1000365,1001511,1.843255212,1.841146028
7,1827990,1000417,1000417,968176,1001980,1.888076135,1.824377732
7,1843805,1000365,1000365,1000260,1001510,1.843325735,1.841025052
7,1843205,1000000,1000000,1000000,1001146,1.843205000,1.841095105
7,1844057,1000469,1000469,1000469,1001562,1.843192543,1.841181075
7,1836307,1000208,1000208,996563,1001563,1.842640154,1.833441331
7,1843718,1000313,1000313,1000260,1001406,1.843238758,1.841129372
7,1843806,1000312,1000312,1000313,1001459,1.843229069,1.841119806
7,1843201,1000000,1000000,1000000,1001094,1.843201000,1.841186742
7,1826503,1000365,1000365,982500,1001875,1.859036132,1.823084716
7,1843888,1000364,1000364,1000364,1001563,1.843217069,1.841010501
7,1843235,1000000,1000000,1000000,1001146,1.843235000,1.841125071
7,1843503,1000157,1000157,1000156,1001354,1.843215458,1.841010272
7,1837316,1000416,1000416,991251,1001719,1.853532556,1.834163074
7,1844316,1000520,1000520,1000469,1001667,1.843451421,1.841246642
7,1843742,1000261,1000261,1000312,1001719,1.843166932,1.840578046
7,1843409,1000104,1000104,1000157,1001197,1.843119630,1.841205078
7,1827969,1000416,1000416,970678,1001928,1.883187834,1.824451458
7,1843338,1000052,1000052,1000053,1001250,1.843240308,1.841036704
7,1844129,1000468,1000468,1000469,1001615,1.843264509,1.841155534
7,1844145,1000521,1000521,1000521,1001614,1.843184701,1.841173346
7,1834971,1000468,1000468,990469,1001979,1.852628401,1.831346765
7,1843369,1000104,1000104,1000052,1001250,1.843273150,1.841067665
7,1844137,1000521,1000521,1000520,1001614,1.843178547,1.841165359
7,1844106,1000468,1000468,1000521,1001563,1.843145721,1.841228160
7,1829207,1000625,1000625,988854,1001823,1.849825151,1.825878424
7,1844010,1000469,1000469,1000416,1001562,1.843243211,1.841134148
7,1844151,1000520,1000520,1000521,1001615,1.843190698,1.841177498
7,1843446,1000156,1000156,1000156,1001562,1.843158467,1.840571028
7,1835792,1000104,1000104,995937,1001250,1.843281252,1.833500125
7,1843213,1000000,1000000,999948,1001094,1.843308852,1.841198729
7,1843241,1000052,1000052,1000000,1001146,1.843241000,1.841131064
7,1844035,1000469,1000469,1000468,1001562,1.843172395,1.841159109
7,1819346,1000521,1000521,956563,1002031,1.901961502,1.815658398
7,1844175,1000469,1000469,1000469,1001979,1.843310487,1.840532586
7,1843464,1000104,1000104,1000156,1001250,1.843176464,1.841162547
7,1844099,1000469,1000469,1000468,1001562,1.843236365,1.841223010
7,1837089,1000364,1000364,995730,1001563,1.844967009,1.834222111
7,1844155,1000521,1000521,1000469,1001771,1.843290497,1.840894775
7,1843340,1000104,1000104,1000052,1001197,1.843244151,1.841136160
7,1844118,1000521,1000521,1000469,1001615,1.843253514,1.841144552
7,1797678,1000417,1000417,963281,1001927,1.866203112,1.794220537
7,1843892,1000365,1000365,1000365,1001562,1.843219225,1.841016332
7,1843957,1000364,1000364,1000417,1001771,1.843188390,1.840697125
7,1843855,1000365,1000365,1000313,1001458,1.843278054,1.841170573
7,1838756,1000312,1000312,994740,1001719,1.848479000,1.835600603
7,1844092,1000468,1000468,1000469,1001563,1.843227526,1.841214182
7,1843191,1000000,1000000,1000000,1001406,1.843191000,1.840603112
7,1843707,1000313,1000313,1000312,1001406,1.843131943,1.841118388
7,1823732,1000416,1000416,968541,1001927,1.882968300,1.820224428
7,1843334,1000104,1000104,1000000,1001250,1.843334000,1.841032709
7,1843207,1000000,1000000,1000000,1001146,1.843207000,1.841097103
7,1843408,1000104,1000104,1000157,1001198,1.843118630,1.841202240
7,1835969,1000052,1000052,996458,1001563,1.842495118,1.833103859
7,1843125,999948,999948,999948,1001094,1.843220847,1.841110825
7,1843810,1000313,1000313,1000312,1001406,1.843234911,1.841221243
7,1843492,1000157,1000157,1000104,1001250,1.843300297,1.841190512
7,1829737,1000521,1000521,986146,1002031,1.855442298,1.826028336
7,1843530,1000208,1000208,1000157,1001302,1.843240611,1.841132845
7,1843269,1000052,1000052,1000052,1001146,1.843173155,1.841159032
7,1844034,1000417,1000417,1000469,1001614,1.843169553,1.841062525
7,1836498,1000156,1000156,990103,1001719,1.854855505,1.833346477
7,1843945,1000416,1000416,1000365,1001563,1.843272206,1.841067412
7,1843538,1000156,1000156,1000156,1001302,1.843250453,1.841140835
7,1844041,1000417,1000417,1000416,1001510,1.843274198,1.841260696
7,1827935,1000573,1000573,969478,1002240,1.885483735,1.823849577
7,1843365,1000000,1000000,1000000,1001198,1.843365000,1.841159291
7,1843583,1000260,1000260,1000208,1001666,1.843199614,1.840516699
7,1843803,1000312,1000312,1000313,1001406,1.843226070,1.841214253
7,1835068,1000260,1000260,992709,1001407,1.848545747,1.832489687
7,1843681,1000261,1000261,1000260,1001354,1.843201768,1.841188031
7,1844203,1000573,1000573,1000573,1001666,1.843146877,1.841135668
7,1836153,1000364,1000364,998334,1001615,1.839217136,1.833192394
7,1826566,1000157,1000157,981458,1001354,1.861074035,1.824096174
7,1843991,1000416,1000416,1000365,1001875,1.843318189,1.840539988
7,1843322,1000052,1000052,1000104,1001510,1.843130314,1.840542780
7,1843974,1000417,1000417,1000364,1001511,1.843303038,1.841191959
7,1835998,1000105,1000105,995520,1001354,1.844260286,1.833515420
7,1843450,1000156,1000156,1000156,1001510,1.843162467,1.840670587
7,1844191,1000521,1000521,1000520,1001615,1.843232519,1.841217434
7,1843420,1000104,1000104,1000052,1001198,1.843324147,1.841214225
7,1782899,1000209,1000209,936354,1001510,1.904086489,1.780210882
7,1844291,1000521,1000521,1000469,1001667,1.843426433,1.841221683
7,1843251,1000052,1000052,1000052,1001146,1.843155156,1.841141052
7,1843889,1000365,1000365,1000365,1001510,1.843216226,1.841108926
7,1836763,1000364,1000364,995886,1001510,1.844350659,1.833993670
7,1844102,1000521,1000521,1000469,1001614,1.843237522,1.841130416
7,1843263,1000052,1000052,1000052,1001094,1.843167155,1.841248674
7,1843282,1000052,1000052,1000104,1001146,1.843090319,1.841172017
7,1786962,1000156,1000156,956041,1001355,1.869126952,1.784543943
7,1843528,1000157,1000157,1000156,1001302,1.843240454,1.841130848
7,1844156,1000469,1000469,1000521,1001666,1.843195695,1.841088746
7,1843532,1000156,1000156,1000157,1001302,1.843242611,1.841134842
7,1825546,1000781,1000781,997865,1002344,1.829451880,1.821276927
7,1843848,1000364,1000364,1000417,1001771,1.843079436,1.840588318
7,1843453,1000156,1000156,1000156,1001146,1.843165466,1.841342821
7,1843915,1000365,1000365,1000468,1001719,1.843052451,1.840750749
7,1830762,1000520,1000520,986198,1002135,1.856383809,1.826861650
7,1841733,1000365,1000365,1000364,1001615,1.841062853,1.838763397
7,1843549,1000209,1000209,1000156,1001250,1.843261451,1.841247441
7,1843843,1000365,1000365,1000312,1001458,1.843267900,1.841158591
7,1837279,1000573,1000573,992865,1001771,1.850482190,1.834030931
7,1843533,1000157,1000157,1000156,1001354,1.843245454,1.841040232
7,1843598,1000208,1000208,1000208,1001250,1.843214611,1.841296380
7,1844357,1000625,1000625,1000677,1001770,1.843109215,1.841098256
7,1829671,1000521,1000521,980105,1001927,1.866811209,1.826152005
7,1843182,1000000,1000000,1000052,1001197,1.843086160,1.840978349
7,1843295,1000052,1000052,1000052,1000938,1.843199154,1.841567610
7,1843720,1000261,1000261,1000260,1001146,1.843240757,1.841609515
7,1839835,1000781,1000781,995782,1001875,1.847628296,1.836391765
7,1843271,1000052,1000052,1000052,1000990,1.843175155,1.841447967
7,1843583,1000209,1000209,1000260,1001146,1.843103793,1.841472672
7,1843121,999948,999948,999948,1000938,1.843216847,1.841393773
7,1957251,1000312,1000312,965103,1001250,2.028022916,1.954807491
7,2091440,1000261,1000261,1000312,1001354,2.090787674,2.088612019
7,2092793,1000000,1000000,1000000,1001094,2.092793000,2.090505986
7,2093554,1000365,1000365,1000469,1001458,2.092572583,2.090506042
7,2085880,1000000,1000000,996719,1001094,2.092746301,2.083600541
7,2094093,1000625,1000625,1000677,1001771,2.092676258,2.090390918
7,2092627,999948,999948,999948,1000937,2.092735822,2.090668044
7,2093508,1000365,1000365,1000364,1001198,2.092746240,2.091002978
7,2079791,1000521,1000521,983594,1001459,2.114481178,2.076761006
7,2093920,1000521,1000521,1000625,1001511,2.092612117,2.090760860
7,2093689,1000417,1000417,1000417,1001355,2.092816296,2.090855890
7,2093314,1000260,1000260,1000260,1001094,2.092769880,2.091026417
7,1861369,1000521,1000521,997499,1001510,1.866035956,1.858562571
7,1844018,1000468,1000468,1000417,1001302,1.843249365,1.841620210
7,1844030,1000469,1000469,1000469,1001354,1.843165555,1.841536559
7,1844025,1000469,1000469,1000417,1001406,1.843256362,1.841435941
7,1820421,1000573,1000573,963490,1001563,1.889403107,1.817580122
7,1843297,1000052,1000052,1000052,1001302,1.843201154,1.840900148
7,1841764,1000313,1000313,1000313,1001458,1.841187708,1.839082618
7,1841491,1000208,1000208,1000156,1001198,1.841203772,1.839287534
7,1834214,1000417,1000417,995000,1001614,1.843431156,1.831258349
7,1838248,1000208,1000208,1000156,1001250,1.837961278,1.835953059
7,1840294,1000104,1000104,1000052,1001146,1.840198310,1.838187437
7,1840466,1000104,1000104,1000104,1001094,1.840274611,1.838454731
7,1811955,1000521,1000521,974426,1001771,1.859510112,1.808751701
7,1839902,1000312,1000312,1000312,1001302,1.839328130,1.837509563
7,1839968,1000104,1000104,1000105,1000990,1.839774824,1.838148233
7,1838436,1000261,1000261,1000260,1001302,1.837958131,1.836045469
7,1830481,1000573,1000573,990469,1001666,1.848095195,1.827436491
7,1839119,1000208,1000208,1000209,1001198,1.838734704,1.836918372
7,1839175,1000104,1000104,1000104,1000990,1.838983746,1.837356018
7,1843921,1000365,1000365,1000364,1001459,1.843250057,1.841234639
7,1794770,992761,992761,952605,1001666,1.884065274,1.791784886
7,1837746,1000209,1000209,1000208,1001355,1.837363828,1.835259224
7,1838442,1000573,1000573,1000625,1001562,1.837293691,1.835574832
7,1840432,1000156,1000156,1000156,1001198,1.840144937,1.838229801
7,1834458,1000261,1000261,994428,1001406,1.844736874,1.831882373
7,1836426,1000208,1000208,1000208,1001354,1.836044103,1.833942841
7,1839721,1000365,1000365,1000365,1001354,1.839049747,1.837233386
7,1838778,1000312,1000312,1000313,1001354,1.838202643,1.836291661
7,1815705,1000572,1000572,970469,1001771,1.870956208,1.812495071
7,1839754,1000625,1000625,1000677,1001771,1.838509329,1.836501556
7,1839421,1000417,1000417,1000468,1001458,1.838560554,1.836743029
7,1831607,1000677,1000677,1000781,1001718,1.830177631,1.828465696
7,1839348,1000208,1000208,995939,1001198,1.846848050,1.837147098
7,1843611,1000208,1000208,1000208,1001198,1.843227609,1.841404997
7,1843619,1000208,1000208,1000209,1001146,1.843233764,1.841508631
7,1843998,1000417,1000417,1000417,1001302,1.843229373,1.841600236
7,1830332,1000625,1000625,971458,1001666,1.884108217,1.827287739
7,1844190,1000469,1000469,1000521,1001563,1.843229677,1.841312029
7,1843639,1000208,1000208,1000521,1001562,1.842678964,1.840763727
7,1844083,1000469,1000469,1000521,1001563,1.843122733,1.841205196
7,1839787,1000521,1000521,995833,1001615,1.847485472,1.836820535
7,1843622,1000260,1000260,1000209,1001198,1.843236764,1.841415984
7,1843362,1000105,1000105,1000052,1001146,1.843266150,1.841251925
7,1844201,1000521,1000521,1000573,1001510,1.843144878,1.841420455
7,1807738,1000417,1000417,972761,1001666,1.858357808,1.804731318
7,1843528,1000209,1000209,1000156,1001302,1.843240454,1.841130848
7,1843489,1000521,1000521,1000521,1001562,1.842529042,1.840613961
7,1844079,1000468,1000468,1000521,1001614,1.843118735,1.841107453
7,1839979,1000573,1000573,996095,1001771,1.847192286,1.836726158
7,1843655,1000260,1000260,1000209,1001198,1.843269757,1.841448944
7,1843377,1000105,1000105,1000104,1001094,1.843185309,1.841362549
7,1843104,999948,999948,999948,1000885,1.843199846,1.841474295
7,1998230,1000521,1000521,951510,1001562,2.100062007,1.995113633
7,2093469,1000261,1000261,1000260,1001197,2.092924840,2.090966114
7,2092030,1000260,1000260,1000365,1001250,2.091266688,2.089418227
7,2093378,1000313,1000313,1000312,1001250,2.092725070,2.090764544
7,2086896,1000208,1000208,994270,1001510,2.098922828,2.083749538
7,2093163,1000157,1000157,1000156,1001145,2.092836518,2.090769069
7,2092935,1000104,1000104,1000104,1000885,2.092717357,2.091084390
7,2093696,1000416,1000416,1000417,1001198,2.092823293,2.091190753
7,2077224,1000261,1000261,986146,1001250,2.106406151,2.074630712
7,2092659,999948,999948,999896,1000833,2.092876659,2.090917266
7,2093015,1000105,1000105,1000104,1000885,2.092797349,2.091164320
7,1842216,1000313,1000313,1000364,1001146,1.841545677,1.840107237
7,1836259,1000313,1000313,987761,1001303,1.859011441,1.833869468
7,1843802,1000313,1000313,1000312,1001250,1.843226913,1.841500125
7,1844053,1000469,1000469,1000416,1001302,1.843286193,1.841655165
7,1843256,1000469,1000469,1000469,1001406,1.842391918,1.840668021
7,1827231,1000729,1000729,972605,1002084,1.878697930,1.823430970
7,1843741,1000312,1000312,1000260,1001510,1.843261752,1.840961149
7,1843640,1000261,1000261,1000208,1001667,1.843256603,1.840571767
7,1843684,1000260,1000260,1000209,1001406,1.843298751,1.841095420
7,1838218,1000625,1000625,994897,1001927,1.847646540,1.834682567
7,1841857,1000156,1000156,1000156,1001511,1.841569715,1.839078153
7,1843371,1000312,1000312,1000313,1001770,1.842794205,1.840113998
7,1843465,1000156,1000156,1000156,1001510,1.843177464,1.840685565
7,1801114,1000209,1000209,970625,1001719,1.855622923,1.798023198
7,1843278,1000156,1000156,1000104,1001302,1.843086319,1.840881173
7,1843540,1000365,1000365,1000364,1001511,1.842869196,1.840758614
7,1843409,1000104,1000104,1000104,1001198,1.843217305,1.841203239
7,1835481,1000105,1000105,995052,1001250,1.844608121,1.833189513
7,1843370,1000208,1000208,1000209,1001614,1.842984816,1.840399595
7,1843253,1000052,1000052,1000000,1001146,1.843253000,1.841143050
7,1887291,1028333,1028333,1003958,1029531,1.879850552,1.833156068
7,1834278,1000260,1000260,989010,1001771,1.854660721,1.831035237
7,1843446,1000313,1000313,1000364,1001458,1.842775230,1.840762169
7,1842892,1000052,1000052,1000000,1001145,1.842892000,1.840784302
7,1834007,1000469,1000469,989322,1001667,1.853801897,1.830954798
7,1842853,1000000,1000000,1000000,1001458,1.842853000,1.840170032
7,1843217,1000104,1000104,1000052,1001198,1.843121158,1.841011468
7,1843740,1000365,1000365,1000364,1001458,1.843069123,1.841055741
7,1834961,1000313,1000313,990417,1001459,1.852715573,1.832287692
7,1835112,1000208,1000208,990052,1001666,1.853551127,1.832059788
7,1843220,1000520,1000520,1000521,1001667,1.842260182,1.840152466
7,1843946,1000417,1000417,1000416,1001719,1.843179237,1.840781696
7,1835257,1000573,1000573,995626,1001718,1.843319680,1.832109436
7,1843629,1000313,1000313,1000313,1001407,1.843052125,1.841038659
7,1843520,1000468,1000468,1000469,1001562,1.842655794,1.840644913
7,1843354,1000104,1000104,1000104,1001198,1.843162311,1.841148304
7,1834963,1000312,1000312,977397,1001562,1.877397823,1.832101258
7,1836876,1000417,1000417,992082,1001927,1.851536466,1.833343148
7,1843894,1000365,1000365,1000312,1001823,1.843318885,1.840538698
7,1843659,1000260,1000260,1000209,1001354,1.843273756,1.841166061
7,1836435,1000469,1000469,996145,1001719,1.843541854,1.833283586
7,1843714,1000312,1000312,1000313,1001406,1.843137098,1.841125378
7,1843679,1000260,1000260,1000260,1001354,1.843199768,1.841186034
7,1843709,1000260,1000260,1000260,1001354,1.843229760,1.841215994
7,1836557,1000208,1000208,987187,1001458,1.860394231,1.833883198
7,1796606,1000625,1000625,963594,1002084,1.864484420,1.792869660
7,1843796,1000417,1000417,1000417,1001510,1.843027458,1.841016066
7,1843526,1000156,1000156,1000208,1001302,1.843142626,1.841128850
7,1836065,1000261,1000261,992135,1001458,1.850620127,1.833391915
7,1843204,1000000,1000000,1000000,1001407,1.843204000,1.840614256
7,1844088,1000469,1000469,1000469,1001614,1.843223528,1.841116438
7,1843919,1000469,1000469,1000469,1001615,1.843054607,1.840945872
7,1827307,1000469,1000469,970155,1001666,1.883520675,1.824267770
7,1844125,1000521,1000521,1000468,1001927,1.843262353,1.840578206
7,1843591,1000313,1000313,1000260,1001458,1.843111791,1.840906958
7,1843601,1000209,1000209,1000208,1001302,1.843217611,1.841203753
7,1834214,1000521,1000521,996979,1001771,1.839771951,1.830971350
7,1844199,1000469,1000469,1000416,1001875,1.843432132,1.840747598
7,1843297,1000104,1000104,1000052,1001094,1.843201154,1.841282637
7,1843750,1000364,1000364,1000417,1001770,1.842981477,1.840492329
7,1825157,1000572,1000572,976822,1001771,1.868464265,1.821930361
7,1842637,1000052,1000052,1000000,1001407,1.842637000,1.840048052
7,1843772,1000312,1000312,1000313,1001406,1.843195080,1.841183296
7,1843434,1000104,1000104,1000104,1001198,1.843242303,1.841228209
7,1837673,1000625,1000625,995781,1001823,1.845458991,1.834329018
7,1843664,1000208,1000208,1000209,1001354,1.843278755,1.841171054
7,1844189,1000521,1000521,1000521,1001614,1.843228678,1.841217275
7,1843019,1000000,1000000,1000000,1001094,1.843019000,1.841004941
7,1822616,1000260,1000260,973489,1001458,1.872251253,1.819962495
7,1843266,1000052,1000052,1000052,1001511,1.843170155,1.840485027
7,1843219,1000000,1000000,1000000,1001146,1.843219000,1.841109089
7,1843432,1000104,1000104,1000105,1001250,1.843238460,1.841130587
7,1837437,1000521,1000521,995625,1001718,1.845511111,1.834285697
7,1843518,1000156,1000156,1000156,1001407,1.843230456,1.840927815
7,1843154,1000208,1000208,1000156,1001302,1.842866513,1.840757334
7,1843926,1000417,1000417,1000364,1001510,1.843255055,1.841145870
7,1796772,1000416,1000416,961146,1001667,1.869405897,1.793781766
7,1843230,1000000,1000000,999948,1001459,1.843325853,1.840544645
7,1843785,1000313,1000313,1000312,1001406,1.843209919,1.841196278
7,1843308,1000104,1000104,1000104,1001198,1.843116316,1.841102359
7,1838383,1000625,1000625,997135,1001771,1.843665101,1.835132979
7,1843937,1000416,1000416,1000365,1001458,1.843264209,1.841252454
7,1844160,1000521,1000521,1000469,1001927,1.843295494,1.840613138
7,1843279,1000052,1000052,1000000,1001094,1.843279000,1.841264656
7,1827691,1000677,1000677,973439,1001979,1.877560895,1.824081143
7,1843798,1000468,1000468,1000417,1001979,1.843029457,1.840156331
7,1843855,1000468,1000468,1000417,1001875,1.843086433,1.840404242
7,1843369,1000105,1000105,1000104,1001198,1.843177310,1.841163286
7,1835531,1000157,1000157,991666,1001406,1.850956875,1.832953867
7,1843459,1000260,1000260,1000208,1001510,1.843075640,1.840679574
7,1842887,1000052,1000052,1000052,1001406,1.842791175,1.840299539
7,1843456,1000260,1000260,1000261,1001406,1.842974984,1.840867740
7,1777352,1000520,1000520,949011,1001719,1.872846574,1.774301975
7,1843113,1000052,1000052,1000052,1001459,1.843017163,1.840427816
7,1844028,1000469,1000469,1000416,1001562,1.843261203,1.841152120
7,1843882,1000469,1000469,1000469,1001563,1.843017625,1.841004510
7,1833382,1000052,1000052,991980,1001302,1.848204601,1.830998041
7,1843482,1000208,1000208,1000208,1001302,1.843098635,1.841084907
7,1843456,1000104,1000104,1000156,1001302,1.843168466,1.841058941
7,1844128,1000521,1000521,1000521,1001614,1.843167710,1.841156374
7,1827796,1000417,1000417,969116,1001823,1.886044601,1.824469991
7,1842784,1000105,1000105,1000052,1001198,1.842688180,1.840578986
7,1843878,1000469,1000469,1000468,1001719,1.843015469,1.840713813
7,1843383,1000104,1000104,1000104,1001094,1.843191308,1.841368543
7,1836809,1000104,1000104,996615,1001198,1.843047717,1.834611136
7,1843435,1000104,1000104,1000104,1001094,1.843243303,1.841420486
7,1843579,1000312,1000312,1000313,1001302,1.843002140,1.841181781
7,1843430,1000208,1000208,1000261,1001250,1.842948990,1.841128589
7,1827251,1000208,1000208,985782,1001407,1.853605564,1.824683670
7,1843797,1000312,1000312,1000312,1001250,1.843221915,1.841495131
7,1843872,1000364,1000364,1000313,1001302,1.843295049,1.841474400
7,1843540,1000156,1000156,1000209,1001145,1.843154781,1.841431561
7,1838778,1000105,1000105,997240,1001094,1.843867073,1.836768575
7,1843429,1000104,1000104,1000156,1001094,1.843141470,1.841414493
7,1843207,1000000,1000000,1000000,1000937,1.843207000,1.841481532
7,1843540,1000156,1000156,1000208,1001146,1.843156623,1.841429722
7,1828900,1000416,1000416,976249,1001614,1.873395005,1.825952912
7,1843320,1000156,1000156,1000157,1001406,1.843030644,1.840731931
7,1843664,1000312,1000312,1000365,1001511,1.842991308,1.840882427
7,1843600,1000260,1000260,1000208,1001354,1.843216611,1.841107141
7,1836982,1000469,1000469,996770,1001614,1.842934679,1.834021889
7,1843990,1000416,1000416,1000469,1001875,1.843125574,1.840538989
7,1843885,1000364,1000364,1000365,1001511,1.843212228,1.841103093
7,1843699,1000260,1000260,1000261,1001355,1.843217920,1.841204168
7,1828622,1000208,1000208,978335,1001407,1.869116407,1.826052744
7,1843189,1000104,1000104,1000052,1001146,1.843093159,1.841079123
7,1843443,1000052,1000052,1000052,1001303,1.843347146,1.841044120
7,1843485,1000364,1000364,1000313,1001355,1.842908170,1.840990458
7,1835737,1000312,1000312,989844,1001511,1.854572034,1.832967386
7,1843324,1000052,1000052,1000052,1001094,1.843228152,1.841309607
7,1843114,1000208,1000208,1000313,1001354,1.842537286,1.840621798
7,1843665,1000260,1000260,1000261,1001458,1.843183929,1.840980850
7,1824974,1000417,1000417,967603,1001718,1.886077244,1.821844072
7,1844035,1000468,1000468,1000469,1001407,1.843170553,1.841444088
7,1843810,1000416,1000416,1000469,1001510,1.842945658,1.841030045
7,1843212,1000104,1000104,1000156,1001042,1.842924504,1.841293372
7,1837700,1000208,1000208,996980,1001250,1.843266665,1.835405743
7,1843344,1000052,1000052,1000053,1001041,1.843246308,1.841427074
7,1843354,1000208,1000208,1000156,1001198,1.843066482,1.841148304
7,1842677,1000052,1000052,1000000,1000937,1.842677000,1.840952028
7,1831554,1000521,1000521,985729,1001823,1.858070524,1.828221153
7,1831539,1000416,1000416,1000417,1001719,1.830775567,1.828395987
7,1843443,1000104,1000104,1000521,1001875,1.842483066,1.839993013
7,1843631,1000209,1000209,1000208,1001302,1.843247604,1.841233714
7,1836296,1000209,1000209,996353,1001510,1.843017485,1.833527374
7,1843923,1000417,1000417,1000469,1001615,1.843058606,1.840949866
7,1842341,1000469,1000469,1000469,1001927,1.841477347,1.838797637
7,1844150,1000521,1000521,1000469,1001927,1.843285499,1.840603158
7,1809397,1000677,1000677,941927,1001979,1.920952473,1.805823276
7,1844097,1000417,1000417,1000521,1001667,1.843136726,1.841028006
7,1844106,1000469,1000469,1000469,1001458,1.843241520,1.841421208
7,1843982,1000468,1000468,1000365,1001459,1.843309192,1.841295550
7,1838662,1000052,1000052,995468,1001093,1.847032752,1.836654537
7,1844228,1000573,1000573,1000625,1001615,1.843076077,1.841254374
7,1843934,1000364,1000364,1000469,1001458,1.843069600,1.841249458
7,1844482,1000677,1000677,1000781,1001719,1.843042584,1.841316776
7,1831599,1000208,1000208,983437,1001355,1.862446705,1.829120542
7,1843977,1000417,1000417,1000416,1001354,1.843210225,1.841483631
7,1843945,1000417,1000417,1000417,1001406,1.843176395,1.841356053
7,1844201,1000521,1000521,1000573,1001562,1.843144878,1.841324851
7,1839255,1000469,1000469,996094,1001563,1.846467301,1.836384731
7,1843527,1000208,1000208,1000209,1001198,1.843141783,1.841321097
7,1844031,1000468,1000468,1000677,1001719,1.842783436,1.840866550
7,1843396,1000104,1000104,1000156,1001198,1.843108475,1.841190254
7,1890381,1000208,1000208,965782,1001250,1.957357872,1.888020974
7,2091458,1000364,1000364,1000365,1001303,2.090694896,2.088736377
7,2092602,1000261,1000261,1000208,1001094,2.092166829,2.090315195
7,2093511,1000364,1000364,1000365,1001250,2.092747147,2.090897378
7,2088505,1000520,1000520,995417,1001563,2.098120687,2.085245761
7,2093342,1000260,1000260,1000313,1001303,2.092686989,2.090617925
7,2093387,1000313,1000313,1000364,1001302,2.092625284,2.090664954
7,2093186,1000521,1000521,1000573,1001406,2.091987291,2.090247113
7,2078223,1000313,1000313,984374,1001302,2.111212811,2.075520672
7,2093106,1000156,1000156,1000156,1000989,2.092779526,2.091037963
7,2092836,1000052,1000052,1000053,1000833,2.092725086,2.091094119
7,2093408,1000260,1000260,1000261,1001146,2.092861763,2.091011701
7,2087964,1000209,1000209,997760,1001146,2.092651539,2.085573932
7,2093325,1000260,1000260,1000261,1001041,2.092778785,2.091148115
7,1880396,1000521,1000521,1000573,1001354,1.879319150,1.877853387
7,1842504,999947,999947,999896,1000834,1.842695640,1.840968632
7,1828383,1000156,1000156,968334,1001146,1.888173915,1.826290072
7,1843503,1000157,1000157,1000156,1001146,1.843215458,1.841392764
7,1843513,1000208,1000208,1000156,1001146,1.843225457,1.841402752
7,1843993,1000417,1000417,1000416,1001406,1.843226218,1.841403986
7,1839595,1000208,1000208,997291,1001250,1.844592000,1.837298377
7,1843078,999948,999948,999896,1000833,1.843269700,1.841543994
7,1844142,1000521,1000521,1000521,1001354,1.843181702,1.841648408
7,1843404,1000104,1000104,1000104,1001042,1.843212306,1.841485172
7,1831798,1000938,1000938,983959,1002135,1.861660903,1.827895443
7,1835354,1000312,1000312,1000469,1001615,1.834493622,1.832394683
7,1840075,1000417,1000417,1000468,1001458,1.839214248,1.837396077
7,1844246,1000573,1000573,1000573,1001510,1.843189852,1.841465387
7,1838958,1000416,1000416,996042,1001511,1.846265519,1.836183527
7,1842000,1000417,1000417,1000417,1001406,1.841232206,1.839413784
7,1843623,1000208,1000208,1000208,1001145,1.843239606,1.841514466
7,1843246,1000052,1000052,1000000,1000990,1.843246000,1.841422991
7,1830272,1000677,1000677,969895,1001770,1.887082622,1.827038142
7,1843974,1000417,1000417,1000729,1001719,1.842630722,1.840809648
7,1843895,1000365,1000365,1000416,1001562,1.843128259,1.841019328
7,1843800,1000312,1000312,1000312,1001198,1.843224914,1.841593771
7,1839892,1000573,1000573,997605,1001718,1.844309120,1.836736487
7,1843671,1000260,1000260,1000261,1001250,1.843189927,1.841369288
7,1843675,1000260,1000260,1000260,1001146,1.843195769,1.841564567
7,1843440,1000104,1000104,1000156,1001041,1.843152468,1.841522975
7,1833669,1000312,1000312,985834,1001354,1.860018015,1.831189569
7,1843721,1000312,1000312,1000209,1001302,1.843335743,1.841323597
7,1843885,1000416,1000416,1000365,1001198,1.843212228,1.841678669
7,1843604,1000209,1000209,1000208,1001146,1.843220610,1.841493648
7,1838471,1000208,1000208,994062,1001302,1.849453052,1.836080423
7,1843040,1000261,1000261,1000208,1001146,1.842656727,1.840930294
7,1844170,1000521,1000521,1000521,1001407,1.843209688,1.841578898
7,1843646,1000208,1000208,1000261,1001197,1.843164934,1.841441794
7,1827580,1000520,1000520,965520,1001719,1.892845306,1.824443781
7,1843188,1000000,1000000,999948,1000937,1.843283851,1.841462550
7,1843880,1000416,1000416,1000365,1001302,1.843207229,1.841482390
7,1844169,1000520,1000520,1000521,1001406,1.843208688,1.841579739
7,1839162,1000104,1000104,997500,1001198,1.843771429,1.836961320
7,1841916,1000052,1000052,1000000,1001146,1.841916000,1.839807581
7,1843361,1000104,1000104,1000052,1001041,1.843265150,1.841444057
7,1843383,1000104,1000104,1000104,1001146,1.843191308,1.841272901
7,1831016,1000469,1000469,985676,1001614,1.857624615,1.828065502
7,1843904,1000364,1000364,1000365,1001302,1.843231221,1.841506359
7,1843472,1000104,1000104,1000209,1001094,1.843086795,1.841457446
7,1843866,1000365,1000365,1000364,1001302,1.843195077,1.841468408
7,1839519,1000261,1000261,995261,1001354,1.848277989,1.837031659
7,1844123,1000521,1000521,1000469,1001354,1.843258512,1.841629434
7,1843452,1000104,1000104,1000156,1000989,1.843164466,1.841630627
7,1843646,1000208,1000208,1000209,1001094,1.843260759,1.841631255
7,1829453,1000625,1000625,971198,1001771,1.883707545,1.826218767
7,1843626,1000208,1000208,1000261,1001250,1.843144939,1.841324345
7,1843969,1000416,1000416,1000417,1001406,1.843200385,1.841380020
7,1843266,1000052,1000052,1000000,1001094,1.843266000,1.841251671
7,1838397,1000469,1000469,994324,1001718,1.848891307,1.835244051
7,1843882,1000365,1000365,1000416,1001407,1.843115264,1.841291303
7,1843496,1000157,1000157,1000156,1001145,1.843208459,1.841387611
7,1843607,1000260,1000260,1000208,1001198,1.843223609,1.841401002
7,1827307,1000521,1000521,977812,1001875,1.868771298,1.823887211
7,1843272,1000000,1000000,1000052,1001094,1.843176155,1.841257664
7,1844134,1000521,1000521,1000469,1001510,1.843269507,1.841353556
7,1843749,1000313,1000313,1000260,1001354,1.843269750,1.841255939
7,1836006,1000208,1000208,993802,1001511,1.847456536,1.833235980
7,1843704,1000261,1000261,1000260,1001250,1.843224762,1.841402247
7,1843825,1000313,1000313,1000364,1001511,1.843154092,1.841043184
7,1844076,1000469,1000469,1000417,1001511,1.843307341,1.841293805
7,1820423,1000469,1000469,946875,1001823,1.922558944,1.817110408
7,1843576,1000208,1000208,1000156,1001979,1.843288447,1.839934769
7,1843303,1000104,1000104,1000053,1001354,1.843205310,1.840810543
7,1843486,1000156,1000156,1000157,1001250,1.843196618,1.841184519
7,1836150,1000104,1000104,994010,1001198,1.847214817,1.833952924
7,1843978,1000416,1000416,1000417,1001615,1.843209382,1.841004777
7,1843758,1000261,1000261,1000312,1001302,1.843182927,1.841360549
7,1843981,1000417,1000417,1000416,1001459,1.843214223,1.841294551
7,1829325,1000313,1000313,984530,1001563,1.858069333,1.826470227
7,1843108,999948,999948,999896,1001042,1.843299703,1.841189481
7,1843542,1000209,1000209,1000156,1001146,1.843254452,1.841431719
7,1843181,1000000,1000000,999948,1001146,1.843276850,1.841071132
7,1837746,1000572,1000572,993646,1001771,1.849497708,1.834497106
7,1843673,1000261,1000261,1000208,1001406,1.843289596,1.841084435
7,1843597,1000209,1000209,1000208,1001250,1.843213612,1.841295381
7,1844173,1000573,1000573,1000521,1001511,1.843212686,1.841390659
7,1824101,1000052,1000052,973490,1001250,1.873774769,1.821823720
7,1843882,1000365,1000365,1000365,1001250,1.843209229,1.841580025
7,1844075,1000469,1000469,1000417,1001406,1.843306341,1.841485871
7,1843791,1000365,1000365,1000260,1001303,1.843311739,1.841391667
7,1837920,1000104,1000104,996979,1001042,1.843489181,1.836006881
7,1843542,1000208,1000208,1000157,1001198,1.843252609,1.841336079
7,1844055,1000417,1000417,1000469,1001458,1.843190544,1.841370282
7,1844082,1000521,1000521,1000469,1001354,1.843217531,1.841588489
7,1831438,1000417,1000417,987396,1001458,1.854816102,1.828771651
7,1843385,1000104,1000104,1000053,1000938,1.843287306,1.841657525
7,1843733,1000261,1000261,1000260,1001250,1.843253754,1.841431211
7,1844044,1000469,1000469,1000416,1001354,1.843277197,1.841550541
7,1836793,1000156,1000156,997083,1001094,1.842166600,1.834785744
7,1843394,1000104,1000104,1000105,1001094,1.843200464,1.841379531
7,1843930,1000365,1000365,1000417,1001302,1.843161402,1.841532325
7,1843349,1000104,1000104,1000104,1000989,1.843157312,1.841527729
7,1832434,1000781,1000781,977501,1002240,1.874610870,1.828338522
7,1843452,1000156,1000156,1000104,1001302,1.843260301,1.841054946
7,1843332,1000104,1000104,1000104,1001146,1.843140313,1.841221960
7,1843244,1000052,1000052,1000052,1001094,1.843148156,1.841229695
7,1836406,1000521,1000521,992917,1001979,1.849506051,1.832778930
7,1844142,1000521,1000521,1000468,1001615,1.843279345,1.841168513
7,1843835,1000312,1000312,1000365,1001406,1.843162246,1.841246208
7,1844075,1000468,1000468,1000417,1001823,1.843306341,1.840719369
7,1828113,1000261,1000261,978386,1001771,1.868498732,1.824881136
7,1843506,1000156,1000156,1000104,1001302,1.843314295,1.841108876
7,1843779,1000312,1000312,1000261,1001406,1.843297899,1.841190286
7,1843446,1000156,1000156,1000105,1001250,1.843252458,1.841144569
7,1838721,1000312,1000312,995730,1001510,1.846606008,1.835948717
7,1843829,1000313,1000313,1000312,1001406,1.843253905,1.841240216
7,1843875,1000365,1000365,1000417,1001459,1.843106425,1.841188706
7,1843417,1000104,1000104,1000104,1001198,1.843225305,1.841211229
7,1826657,1000260,1000260,970679,1001823,1.881834262,1.823333064
7,1843734,1000312,1000312,1000312,1001823,1.843158934,1.840378989
7,1843635,1000260,1000260,1000261,1001406,1.843153937,1.841046489
7,1843374,1000104,1000104,1000052,1001198,1.843278150,1.841168280
7,1838442,1000521,1000521,991145,1002031,1.854866846,1.834715692
7,1843406,1000157,1000157,1000052,1001198,1.843310148,1.841200242
7,1843723,1000313,1000313,1000260,1001407,1.843243757,1.841132527
7,1843745,1000313,1000313,1000261,1001407,1.843263908,1.841154496
7,1828441,1000625,1000625,979896,1002135,1.865954142,1.824545595
7,1843056,999948,999948,999948,1001146,1.843151844,1.840946276
7,1843338,1000104,1000104,1000052,1001198,1.843242151,1.841132323
7,1843568,1000208,1000208,1000209,1001458,1.843182775,1.840883991
7,1837532,1000104,1000104,995520,1001302,1.845801189,1.835142644
7,1843846,1000261,1000261,1000260,1001406,1.843366725,1.841257192
7,1843585,1000209,1000209,1000208,1001406,1.843201614,1.840996559
7,1843289,1000052,1000052,1000052,1001459,1.843193154,1.840603559
7,1824017,1000416,1000416,966095,1001979,1.888030680,1.820414400
7,1843651,1000260,1000260,1000208,1001406,1.843267600,1.841062466
7,1843954,1000417,1000417,1000417,1001563,1.843185392,1.841076398
7,1843158,999948,999948,999948,1001146,1.843253849,1.841048159
7,1836230,1000417,1000417,987397,1001615,1.859667388,1.833269270
7,1843558,1000156,1000156,1000208,1001302,1.843174620,1.841160809
7,1843985,1000417,1000417,1000416,1001823,1.843218221,1.840629532
7,1844160,1000521,1000521,1000520,1001615,1.843201535,1.841186484
7,1830275,1000261,1000261,978803,1001823,1.869911514,1.826944480
7,1843650,1000208,1000208,1000156,1001302,1.843362435,1.841252689
7,1844191,1000520,1000520,1000469,1001614,1.843326480,1.841219272
7,1843784,1000365,1000365,1000364,1001406,1.843113107,1.841195279
7,1837408,1000417,1000417,996094,1001563,1.844613059,1.834540613
7,1844088,1000469,1000469,1000468,1001667,1.843225371,1.841019021
7,1843507,1000156,1000156,1000156,1001250,1.843219458,1.841205493
7,1844220,1000520,1000520,1000521,1001666,1.843259662,1.841152640
7,1822451,1000156,1000156,961406,1001718,1.895610179,1.819325399
7,1843157,999948,999948,1000000,1001250,1.843157000,1.840855930
7,1844078,1000469,1000469,1000417,1001615,1.843309340,1.841104616
7,1844041,1000468,1000468,1000469,1001614,1.843176550,1.841069514
7,1837833,1000365,1000365,995104,1001511,1.846875301,1.835060224
7,1843289,1000052,1000052,1000052,1001198,1.843193154,1.841083382
7,1843577,1000208,1000208,1000209,1001303,1.843191773,1.841177945
7,1843265,1000000,1000000,999948,1001146,1.843360855,1.841155036
7,1825775,1000261,1000261,983593,1001823,1.856230168,1.822452669
7,1843787,1000364,1000364,1000365,1001511,1.843114263,1.841005241
7,1844199,1000573,1000573,1000520,1001667,1.843240515,1.841129837
7,1843583,1000208,1000208,1000209,1001303,1.843197772,1.841183937
7,1836004,1000625,1000625,992552,1001719,1.849781170,1.832853325
7,1843695,1000261,1000261,1000260,1001563,1.843215764,1.840817802
7,1843546,1000208,1000208,1000209,1001198,1.843160779,1.841340075
7,1843519,1000157,1000157,1000156,1001250,1.843231456,1.841217478
7,1804595,1000365,1000365,957603,1001615,1.884491799,1.801685278
7,1843265,1000052,1000052,1000000,1000937,1.843265000,1.841539478
7,1843524,1000156,1000156,1000156,1001042,1.843236455,1.841605048
7,1843920,1000416,1000416,1000417,1001250,1.843151406,1.841617978
7,1838149,1000417,1000417,998125,1001406,1.841602004,1.835568191
7,1844112,1000469,1000469,1000469,1001406,1.843247517,1.841522819
7,1843445,1000156,1000156,1000104,1000990,1.843253302,1.841621794
7,1843351,1000105,1000105,1000052,1000885,1.843255151,1.841721077
7,1832522,1000573,1000573,988593,1001667,1.853666777,1.829472270
7,1843600,1000208,1000208,1000209,1001198,1.843214768,1.841394010
7,1844044,1000416,1000416,1000469,1001406,1.843179549,1.841454914
7,1843715,1000260,1000260,1000261,1001302,1.843233916,1.841317604
7,1837478,1000260,1000260,995052,1001250,1.846615051,1.835184020
7,1843220,1000000,1000000,1000000,1000989,1.843220000,1.841398857
7,1843977,1000417,1000417,1000416,1001511,1.843210225,1.841194954
7,1843818,1000313,1000313,1000312,1001407,1.843242908,1.841227393
7,1826581,1000468,1000468,975261,1001666,1.872915045,1.823542977
7,1843516,1000156,1000156,1000156,1001250,1.843228456,1.841214482
7,1843273,1000053,1000053,1000000,1001042,1.843273000,1.841354309
7,1843815,1000313,1000313,1000312,1001354,1.843239909,1.841321850
7,1835517,1000417,1000417,997032,1001562,1.840981032,1.832654394
7,1843504,1000521,1000521,1000521,1001511,1.842544035,1.840722668
7,1843685,1000260,1000260,1000209,1001250,1.843299750,1.841383271
7,1843834,1000313,1000313,1000313,1001354,1.843257061,1.841340825
7,1828275,1000313,1000313,979689,1001615,1.866178961,1.825327097
7,1843232,1000000,1000000,1000000,1001302,1.843232000,1.840835233
7,1843515,1000208,1000208,1000156,1001146,1.843227457,1.841404750
7,1843710,1000312,1000312,1000261,1001302,1.843228917,1.841312611
7,1836875,1000156,1000156,996666,1001197,1.843019627,1.834678889
7,1843369,1000105,1000105,1000104,1001094,1.843177310,1.841354558
7,1844128,1000521,1000521,1000468,1001510,1.843265352,1.841347565
7,1843538,1000209,1000209,1000260,1001511,1.843058805,1.840756617
7,1801511,1000468,1000468,933386,1002188,1.930081445,1.797577900
7,1843945,1000417,1000417,1000365,1001511,1.843272206,1.841163003
7,1835951,1000365,1000365,1000520,1001771,1.834996802,1.832705279
7,1858650,1017708,1017708,1012344,1018854,1.835986582,1.824255487
7,1844216,1000573,1000573,988541,1001719,1.865593840,1.841051233
7,1842039,1000416,1000416,1000417,1001510,1.841271190,1.839261715
7,1844007,1000469,1000469,1000416,1001719,1.843240212,1.840842592
7,1836738,1000208,1000208,989428,1001355,1.856363475,1.834252588
7,1837111,1000468,1000468,994375,1001666,1.847503206,1.834055464
7,1843829,1000365,1000365,1000364,1001354,1.843158090,1.841335831
7,1843978,1000417,1000417,1000416,1001406,1.843211224,1.841389007
7,1839329,1000521,1000521,995208,1001667,1.848185505,1.836267941
7,1843568,1000208,1000208,1000209,1001146,1.843182775,1.841457689
7,1844325,1000625,1000625,1000677,1001771,1.843077237,1.841064475
7,1844557,1000729,1000729,1000834,1001770,1.843019921,1.841297903
7,1823782,1000521,1000521,961666,1002084,1.896481731,1.819989143
7,2058131,1000208,1000208,991042,1001458,2.076734387,2.055134614
7,2093825,1000469,1000469,1000469,1001354,2.092843456,2.090993794
7,2092802,1000000,1000000,1000000,1000937,2.092802000,2.090842880
7,2087796,1000312,1000312,997812,1001250,2.092374115,2.085189513
7,2093891,1000521,1000521,1000677,1001614,2.092474395,2.090516906
7,2093355,1000260,1000260,1000261,1001198,2.092808777,2.090850162
7,2093764,1000469,1000469,1000573,1001459,2.092564960,2.090713649
7,2085911,1000053,1000053,992812,1001042,2.101013082,2.083739743
7,2086374,1000260,1000260,994376,1001250,2.098174131,2.083769288
7,2093606,1000365,1000365,1000365,1001250,2.092842113,2.090992260
7,2093230,1000208,1000208,1000208,1001094,2.092794699,2.090942509
7,2088497,1000157,1000157,996041,1001042,2.096798224,2.086323051
7,2093283,1000260,1000260,1000209,1001146,2.092845595,2.090886844
7,1855043,1000209,1000209,1000208,1001094,1.854657231,1.853015801
7,1843773,1000260,1000260,1000313,1001146,1.843196080,1.841662455
7,1830295,1000208,1000208,967969,1001198,1.890861174,1.828104930
7,1840274,1000520,1000520,998854,1001510,1.842385374,1.837499376
7,1843027,999896,999896,999896,1000885,1.843218695,1.841397363
7,1843998,1000469,1000469,1000417,1001354,1.843229373,1.841504603
7,1839420,1000261,1000261,995937,1001198,1.846924052,1.837219012
7,1843580,1000208,1000208,1000208,1001250,1.843196615,1.841278402
7,1841775,1000052,1000052,1000000,1000937,1.841775000,1.840050872
7,1843709,1000261,1000261,1000260,1001198,1.843229760,1.841502880
7,1828371,1003490,1003490,979478,1004479,1.866678986,1.820218242
7,1842929,1000209,1000209,1000208,1001198,1.842545750,1.840723813
7,1843851,1000313,1000313,1000364,1001302,1.843180082,1.841453428
7,1843446,1000104,1000104,1000104,1001041,1.843254302,1.841528968
7,1838990,1000157,1000157,997761,1001250,1.843116738,1.836694132
7,1844070,1000469,1000469,1000469,1001355,1.843205537,1.841574666
7,1842922,1000573,1000573,1000625,1001563,1.841770893,1.840046008
7,1835978,1000417,1000417,1000469,1001614,1.835117330,1.833019507
7,1822407,1000417,1000417,966511,1001510,1.885552260,1.819659314
7,1843182,1000000,1000000,1000000,1001093,1.843182000,1.841169602
7,1843759,1000313,1000313,1000312,1001198,1.843183927,1.841552820
7,1843835,1000365,1000365,1000312,1001250,1.843259903,1.841533084
7,1838511,1000312,1000312,993593,1001354,1.850366297,1.836025022
7,1844106,1000521,1000521,1000416,1001458,1.843339171,1.841421208
7,1843591,1000261,1000261,1000208,1001146,1.843207613,1.841480663
7,1843923,1000417,1000417,1000468,1001458,1.843060448,1.841238474
7,1833958,1000521,1000521,984739,1001667,1.862379778,1.830905880
7,1843759,1000260,1000260,1000365,1001250,1.843086274,1.841457179
7,1843360,1000104,1000104,1000105,1001093,1.843166468,1.841347407
7,1843168,1000000,1000000,999948,1000990,1.843263850,1.841345068
7,1838782,1000156,1000156,995626,1001146,1.846860166,1.836677168
7,1843854,1000312,1000312,1000313,1001302,1.843277054,1.841456424
7,1843522,1000156,1000156,1000104,1001146,1.843330294,1.841411742
7,1843693,1000261,1000261,1000312,1001250,1.843117947,1.841391261
7,1796312,1000261,1000261,942239,1001250,1.906429261,1.794069413
7,2090041,1000365,1000365,1000416,1001354,2.089171904,2.087214911
7,2093159,1000156,1000156,1000157,1001198,2.092830426,2.090654396
7,2092177,1000000,1000000,1000000,1000938,2.092177000,2.090216377
7,2088702,1000416,1000416,997240,1001302,2.094482772,2.085986046
7,2093680,1000416,1000416,1000417,1001511,2.092807299,2.090521222
7,2093732,1000469,1000469,1000521,1001406,2.092641734,2.090792346
7,2093385,1000313,1000313,1000260,1001146,2.092840861,2.090988727
7,2077925,1000521,1000521,980781,1001510,2.118643204,2.074792064
7,2092991,1000104,1000104,1000104,1001041,2.092773352,2.090814462
7,2092898,1000052,1000052,1000104,1000886,2.092680361,2.091045334
7,2093416,1000313,1000313,1000312,1001094,2.092763058,2.091128306
7,2086377,1000208,1000208,997552,1001146,2.091496985,2.083988749
7,2092876,1000052,1000052,1000052,1000833,2.092767176,2.091134085
7,2092962,1000104,1000104,1000105,1000885,2.092742262,2.091111366
7,1925237,1000104,1000104,1000157,1000989,1.924934785,1.923334822
7,1827041,1000261,1000261,972761,1001250,1.878201326,1.824760050
7,1843102,999948,999948,999896,1000834,1.843293703,1.841566134
7,1843285,1000052,1000052,1000053,1000885,1.843187311,1.841655135
7,1843703,1000261,1000261,1000260,1001354,1.843223762,1.841210002
7,1835055,1000208,1000208,988855,1001406,1.855737191,1.832478535
7,1843609,1000208,1000208,1000208,1001614,1.843225609,1.840638210
7,1842603,1000000,1000000,1000000,1001094,1.842603000,1.840589395
7,1843439,1000209,1000209,1000208,1001354,1.843055644,1.840946359
7,1824124,1000208,1000208,979324,1001406,1.862635859,1.821562883
7,1842820,1000000,1000000,1000000,1001407,1.842820000,1.840230795
7,1843357,1000104,1000104,1000052,1001198,1.843261150,1.841151301
7,1843899,1000365,1000365,1000364,1001458,1.843228065,1.841214509
7,1836233,1000261,1000261,993803,1001667,1.847683092,1.833177094
7,1843102,1000052,1000052,1000052,1001198,1.843006164,1.840896606
7,1842363,1000521,1000521,1000520,1001667,1.841405469,1.839296892
7,1843645,1000312,1000312,1000313,1001667,1.843068120,1.840576759
7,1818541,1000625,1000625,949582,1001875,1.915096327,1.815137617
7,1843682,1000364,1000364,1000312,1001875,1.843106951,1.840231566
7,1844027,1000468,1000468,1000521,1001615,1.843066762,1.841053698
7,1843275,1000156,1000156,1000156,1001302,1.842987494,1.840878177
7,1835526,1000573,1000573,993229,1002083,1.848039073,1.831710547
7,1843274,1000156,1000156,1000156,1001302,1.842986494,1.840877178
7,1843910,1000364,1000364,1000365,1001458,1.843237218,1.841225493
7,1844046,1000573,1000573,1000573,1001666,1.842989967,1.840978929
7,1820789,1000208,1000208,978386,1001406,1.861012934,1.818232565
7,1843306,1000052,1000052,1000052,1001510,1.843210153,1.840526805
7,1844012,1000520,1000520,1000521,1001615,1.843051770,1.841038722
7,1844125,1000469,1000469,1000468,1001875,1.843262353,1.840673737
7,1835540,1000260,1000260,995780,1001407,1.843318805,1.832961024
7,1843151,1000261,1000261,1000260,1001666,1.842671905,1.840085418
7,1843475,1000260,1000260,1000208,1001407,1.843091637,1.840884875
7,1843244,1000156,1000156,1000156,1001250,1.842956499,1.840942821
7,1826252,1000364,1000364,967551,1001563,1.887499470,1.823402023
7,1843499,1000156,1000156,1000157,1001563,1.843209616,1.840622108
7,1843278,1000052,1000052,1000000,1001145,1.843278000,1.841169861
7,1843763,1000261,1000261,1000312,1001407,1.843187925,1.841172470
7,1835033,1000261,1000261,995208,1001406,1.843868819,1.832456566
7,1843463,1000208,1000208,1000261,1001302,1.842981982,1.841065932
7,1843975,1000520,1000520,1000469,1001614,1.843110581,1.841003620
7,1843223,1000000,1000000,1000000,1001407,1.843223000,1.840633229
7,1829762,1000209,1000209,981771,1001666,1.863736044,1.826718687
7,1843505,1000260,1000260,1000260,1001355,1.843025813,1.841010431
7,1843444,1000104,1000104,1000156,1001197,1.843156468,1.841240036
7,1843760,1000313,1000313,1000312,1001355,1.843184926,1.841265086
7,1835100,1000209,1000209,992552,1001406,1.848870387,1.832523472
7,1843423,1000312,1000312,1000313,1001458,1.842846189,1.840739202
7,1843740,1000312,1000312,1000313,1001406,1.843163090,1.841151341
7,1843406,1000104,1000104,1000104,1001198,1.843214306,1.841200242
7,1825694,1000417,1000417,969479,1001927,1.883170239,1.822182654
7,1843814,1000365,1000365,1000312,1001823,1.843238909,1.840458844
7,1843291,1000156,1000156,1000156,1001302,1.843003491,1.840894156
7,1843089,1000000,1000000,1000052,1001198,1.842993164,1.840883621
7,1834559,1000208,1000208,996771,1001771,1.840501981,1.831315740
7,1843313,1000052,1000052,1000104,1001198,1.843121315,1.841107353
7,1842962,1000052,1000052,1000052,1001146,1.842866171,1.840852383
7,1843341,1000052,1000052,1000052,1001146,1.843245151,1.841230949
7,1779928,1000260,1000260,944165,1001563,1.885187441,1.777150314
7,1843223,1000052,1000052,1000000,1001458,1.843223000,1.840539493
7,1843205,1000312,1000312,1000313,1001719,1.842628257,1.840041968
7,1842895,1000052,1000052,1000000,1001198,1.842895000,1.840689854
7,1837556,1000364,1000364,996042,1001771,1.844857948,1.834307442
7,1843272,1000053,1000053,1000000,1001146,1.843272000,1.841162028
7,1843237,1000157,1000157,1000104,1001250,1.843045323,1.840935830
7,1843845,1000313,1000313,1000312,1001406,1.843269900,1.841256194
7,1828118,1000573,1000573,969687,1001875,1.885266070,1.824696694
7,1842963,999948,999948,999948,1001094,1.843058839,1.840949002
7,1843414,1000208,1000208,1000261,1001458,1.842932994,1.840730215
7,1843993,1000416,1000416,1000417,1001458,1.843224375,1.841308372
7,1836235,1000156,1000156,996095,1001302,1.843433608,1.833847331
7,1843228,1000156,1000156,1000157,1001302,1.842938659,1.840831238
7,1843446,1000469,1000469,1000469,1001719,1.842581829,1.840282554
7,1843434,1000313,1000313,1000364,1001354,1.842763234,1.840941365
7,1825426,1000625,1000625,974218,1001875,1.873734626,1.822009732
7,1843244,1000000,1000000,1000000,1001146,1.843244000,1.841134060
7,1843632,1000260,1000260,1000261,1001094,1.843150938,1.841617271
7,1843595,1000312,1000312,1000365,1001250,1.842922333,1.841293383
7,1838918,1000365,1000365,997084,1001302,1.844295967,1.836526842
7,1843301,1000052,1000052,1000052,1001042,1.843205153,1.841382280
7,1843921,1000417,1000417,1000417,1001302,1.843152405,1.841523337
7,1843205,1000000,1000000,1000000,1000938,1.843205000,1.841477694
7,1814499,1000677,1000677,956770,1001822,1.896484003,1.811198995
7,1843260,1000156,1000156,1000156,1001198,1.842972496,1.841054417
7,1843919,1000521,1000521,1000469,1001510,1.843054607,1.841138880
7,1843219,1000104,1000104,1000104,1001198,1.843027325,1.841013466
7,1839078,1000573,1000573,997396,1001666,1.843879462,1.836019192
7,1843704,1000260,1000260,1000208,1001459,1.843320589,1.841017955
7,1843699,1000417,1000417,1000364,1001407,1.843028138,1.841108560
7,1843591,1000312,1000312,1000312,1001302,1.843015979,1.841193766
7,1829060,1000521,1000521,986093,1001771,1.854855475,1.825826461
7,1843944,1000417,1000417,1000365,1001406,1.843271206,1.841355055
7,1843259,1000000,1000000,1000052,1001146,1.843163156,1.841149043
7,1843960,1000416,1000416,1000417,1001354,1.843191389,1.841466654
7,1838714,1000364,1000364,997240,1001458,1.843802896,1.836037058
7,1843379,1000417,1000417,1000416,1001407,1.842612473,1.840789010
7,1843145,1000104,1000104,1000052,1001042,1.843049161,1.841226442
7,1842005,1000104,1000104,1000156,1001198,1.841717692,1.839800918
7,1808104,1000729,1000729,960259,1001875,1.882933667,1.804720150
7,1843251,1000052,1000052,1000000,1001510,1.843251000,1.840471887
7,1844007,1000417,1000417,1000416,1001563,1.843240212,1.841129315
7,1843474,1000156,1000156,1000157,1001302,1.843184620,1.841076918
7,1837464,1000520,1000520,995990,1001666,1.844861896,1.834407876
7,1843198,1000105,1000105,1000104,1001510,1.843006327,1.840418967
7,1843762,1000312,1000312,1000313,1001406,1.843185083,1.841173310
7,1843301,1000156,1000156,1000104,1001250,1.843109317,1.840999750
7,1830660,1000573,1000573,982551,1002083,1.863170461,1.826854662
7,1843456,1000105,1000105,1000156,1001250,1.843168466,1.841154557
7,1844081,1000469,1000469,1000469,1001615,1.843216531,1.841107611
7,1843754,1000416,1000416,1000365,1001510,1.843081275,1.840974129
7,1839051,1000573,1000573,996042,1001719,1.846358888,1.835895096
7,1844039,1000469,1000469,1000468,1001563,1.843176393,1.841161265
7,1843549,1000260,1000260,1000261,1001354,1.843067959,1.841056210
7,1843687,1000260,1000260,1000209,1001667,1.843301750,1.840618689
7,1826186,1000730,1000730,973751,1001927,1.875413735,1.822673708
7,1844093,1000469,1000469,1000469,1001979,1.843228526,1.840450748
7,1843742,1000260,1000260,1000260,1001406,1.843262752,1.841153338
7,1843658,1000260,1000260,1000260,1001406,1.843178774,1.841069456
7,1833100,1000625,1000625,993489,1002084,1.845113534,1.829287764
7,1844157,1000521,1000521,1000521,1001614,1.843196695,1.841185327
7,1843208,1000104,1000104,1000052,1001250,1.843112158,1.840906866
7,1843908,1000417,1000417,1000416,1001667,1.843141253,1.840839321
7,1817503,1000312,1000312,974428,1001614,1.865199892,1.814574277
7,1843675,1000364,1000364,1000365,1001666,1.843002304,1.840608546
7,1843936,1000417,1000417,1000365,1001615,1.843263209,1.840962845
7,1843562,1000209,1000209,1000208,1001197,1.843178619,1.841357895
7,1836196,1000313,1000313,996041,1001354,1.843494394,1.833713152
7,1843618,1000209,1000209,1000260,1001302,1.843138784,1.841220731
7,1842759,999948,999948,999948,1001042,1.842854828,1.840840844
7,1844092,1000469,1000469,1000469,1001718,1.843227526,1.840929283
7,1825285,1000365,1000365,968749,1001615,1.884167106,1.822341918
7,1843612,1000260,1000260,1000208,1001198,1.843228608,1.841405996
7,1843963,1000521,1000521,1000521,1001407,1.843002796,1.841372189
7,1843241,1000156,1000156,1000104,1001041,1.843049323,1.841324182
7,1836396,1000208,1000208,996980,1001250,1.841958715,1.834103371
7,1843525,1000312,1000312,1000261,1001146,1.843043966,1.841414739
7,1842892,999948,999948,999948,1000885,1.842987835,1.841262483
7,1843304,1000053,1000053,1000052,1000937,1.843208153,1.841578441
7,1832435,1000625,1000625,984791,1001927,1.860734917,1.828910689
7,1843901,1000364,1000364,1000365,1001823,1.843228222,1.840545685
7,1843928,1000417,1000417,1000417,1001511,1.843159403,1.841146028
7,1843241,1000104,1000104,1000104,1001198,1.843049323,1.841035440
7,1823764,1000260,1000260,995677,1001406,1.831682363,1.821203388
7,1842426,1000260,1000260,1000677,1001979,1.841179521,1.838787040
7,1843464,1000469,1000469,1000468,1001667,1.842601662,1.840396060
7,1843671,1000365,1000365,1000521,1001822,1.842710948,1.840317941
7,1802234,1000781,1000781,942031,1002239,1.913136617,1.798207813
7,1843304,1000053,1000053,1000052,1001302,1.843208153,1.840907139
7,1842270,1000520,1000520,1000521,1001771,1.841310677,1.839013108
7,1843479,1000156,1000156,1000156,1001615,1.843191462,1.840506582
7,1837349,1000104,1000104,992812,1001406,1.850651483,1.834769314
7,1843643,1000208,1000208,1000208,1001510,1.843259602,1.840863296
7,1843833,1000312,1000312,1000365,1001771,1.843160247,1.840573345
7,1843527,1000313,1000313,1000312,1001511,1.842951999,1.840745633
7,1827071,1000677,1000677,978438,1002343,1.867334466,1.822800179
7,1842115,1000156,1000156,1000105,1001354,1.841921598,1.839624149
7,1843867,1000365,1000365,1000469,1001354,1.843002632,1.841373780
7,1843240,1000208,1000208,1000313,1001302,1.842663246,1.840843222
7,1838765,1000261,1000261,997239,1001302,1.843855886,1.836374041
7,1844223,1000520,1000520,1000573,1001562,1.843166865,1.841346816
7,1843236,1000000,1000000,1000000,1000937,1.843236000,1.841510505
7,1843333,1000104,1000104,1000104,1001042,1.843141313,1.841414246
7,1941863,1000520,1000520,967761,1001719,2.006552238,1.938530666
7,2093000,1000416,1000416,1000417,1001406,2.092127583,2.090061374
7,2093758,1000468,1000468,1000625,1001562,2.092450219,2.090492650
7,2093331,1000260,1000260,1000313,1001302,2.092675992,2.090609027
7,2088594,1000209,1000209,997395,1001093,2.094048998,2.086313659
7,2092875,1000052,1000052,1000000,1000990,2.092875000,2.090805103
7,2092920,1000052,1000052,1000052,1000886,2.092811174,2.091067314
7,2093816,1000521,1000521,1000520,1001302,2.092727782,2.091093396
7,2082510,1000416,1000416,987396,1001354,2.109093008,2.079694094
7,2093640,1000416,1000416,1000365,1001146,2.092876100,2.091243435
7,2093485,1000313,1000313,1000312,1001146,2.092832036,2.091088612
7,1870874,1000469,1000469,1000469,1001302,1.869996971,1.868441289
7,1839802,1000521,1000521,996041,1001562,1.847114727,1.836932711
7,1843228,1000000,1000000,1000052,1000937,1.843132157,1.841502512
7,1844094,1000468,1000468,1000469,1001354,1.843229525,1.841600473
7,1843253,1000052,1000052,1000052,1000937,1.843157156,1.841527489
7,1822326,1000469,1000469,964009,1001563,1.890362019,1.819482149
7,1844181,1000572,1000572,1000573,1001562,1.843124889,1.841304882
7,1843439,1000104,1000104,1000105,1001094,1.843245459,1.841424482
7,1843497,1000157,1000157,1000156,1001146,1.843209459,1.841386771
7,1838946,1000625,1000625,998020,1001771,1.842594337,1.835694984
7,1836965,1000573,1000573,1000677,1001667,1.835722216,1.833907876
7,1839845,1000677,1000677,1000729,1001719,1.838504730,1.836687734
7,1843268,1000000,1000000,1000052,1000990,1.843172155,1.841444969
7,1833599,1000417,1000417,985573,1001563,1.860439562,1.830737557
7,1843730,1000260,1000260,1000260,1001250,1.843250755,1.841428215
7,1844149,1000521,1000521,1000521,1001406,1.843188699,1.841559767
7,1844194,1000521,1000521,1000520,1001563,1.843235518,1.841316023
7,1836526,1000417,1000417,989531,1001563,1.855956003,1.833659989
7,1844452,1000677,1000677,1000781,1001823,1.843012607,1.841095683
7,1844321,1000625,1000625,1000677,1001823,1.843073239,1.840964921
7,1843870,1000364,1000364,1000417,1001406,1.843101427,1.841281159
7,1960853,1000468,1000468,965780,1001614,2.030330924,1.957693283
7,2093355,1000261,1000261,1000208,1001146,2.092919673,2.090958761
7,2092918,1000364,1000364,1000365,1001250,2.092154364,2.090305119
7,2093257,1000261,1000261,1000208,1001094,2.092821693,2.090969479
7,2089121,1000625,1000625,998020,1001718,2.093265666,2.085538046
7,2092852,1000052,1000052,1000052,1001042,2.092743177,2.090673518
7,2093400,1000260,1000260,1000417,1001302,2.092527416,2.090677937
7,2092939,1000417,1000417,1000417,1001250,2.092066608,2.090326092
7,2079237,1000677,1000677,987813,1001719,2.104889286,2.075668925
7,2093413,1000313,1000313,1000260,1001250,2.092868854,2.090799501
7,2093112,1000156,1000156,1000156,1000990,2.092785525,2.091041869
7,2092737,999948,999948,999948,1000782,2.092845828,2.091101758
7,2089079,1000417,1000417,998176,1001354,2.092896443,2.086254212
7,2020000,1000156,1000156,1000156,1000938,2.019684929,2.018107016
7,1839246,1000313,1000313,1000313,1001197,1.838670496,1.837047055
7,1843749,1000313,1000313,1000260,1001146,1.843269750,1.841638482
7,1830835,1000417,1000417,966719,1001458,1.893864711,1.828169529
7,1843429,1000157,1000157,1000052,1001250,1.843333147,1.841127591
7,1843667,1000261,1000261,1000260,1001302,1.843187771,1.841269667
7,1843891,1000365,1000365,1000364,1001354,1.843220068,1.841397747
7,1837045,1000104,1000104,994063,1001354,1.848016675,1.834561004
7,1843395,1000104,1000104,1000052,1001146,1.843299148,1.841284888
7,1843279,1000052,1000052,1000052,1001042,1.843183154,1.841360303
7,1844066,1000468,1000468,1000521,1001459,1.843105742,1.841379427
7,1829161,1000468,1000468,985521,1001562,1.856034524,1.826308306
7,1844025,1000417,1000417,1000416,1001302,1.843258205,1.841627201
7,1843870,1000365,1000365,1000364,1001354,1.843199076,1.841376776
7,1843782,1000313,1000313,1000312,1001250,1.843206919,1.841480150
7,1839476,1000521,1000521,997865,1001615,1.843411684,1.836510036
7,1841591,1000260,1000260,1000261,1001250,1.841110470,1.839291885
7,1843633,1000260,1000260,1000261,1001197,1.843151937,1.841428810
7,1843930,1000417,1000417,1000365,1001355,1.843257211,1.841434856
7,1825947,1000469,1000469,969167,1001719,1.884037529,1.822813583
7,1843271,1000001,1000001,1000052,1001042,1.843175155,1.841352311
7,1843560,1000208,1000208,1000208,1001250,1.843176619,1.841258427
7,1843550,1000208,1000208,1000157,1001198,1.843260608,1.841344070
7,1838030,1000260,1000260,995938,1001354,1.845526529,1.835544673
7,1842109,1000156,1000156,1000157,1001146,1.841819834,1.840000360
7,1843908,1000364,1000364,1000365,1001302,1.843235219,1.841510354
7,1843569,1000208,1000208,1000156,1001146,1.843281448,1.841458688
7,1820030,1000365,1000365,971303,1001511,1.873802511,1.817284084
7,1843466,1000104,1000104,1000105,1001145,1.843272456,1.841357645
7,1843258,1000052,1000052,1000000,1000938,1.843258000,1.841530644
7,1843662,1000260,1000260,1000261,1001145,1.843180930,1.841553421
7,1839343,1000365,1000365,997240,1001407,1.844433637,1.836758681
7,1843768,1000260,1000260,1000261,1001198,1.843286902,1.841561809
7,1844042,1000468,1000468,1000417,1001459,1.843273355,1.841355462
7,1843633,1000208,1000208,1000209,1001145,1.843247761,1.841524454
7,1826753,1000625,1000625,969375,1001823,1.884464732,1.823428889
7,1843380,1000104,1000104,1000052,1001198,1.843284149,1.841174273
7,1842007,1000209,1000209,1000208,1001458,1.841623942,1.839325264
7,1843789,1000365,1000365,1000261,1001354,1.843307897,1.841295885
7,1835921,1000208,1000208,993333,1001563,1.848243238,1.833055934
7,1844033,1000469,1000469,1000416,1001510,1.843266201,1.841252708
7,1843417,1000104,1000104,1000104,1001146,1.843225305,1.841306862
7,1843772,1000312,1000312,1000261,1001407,1.843290901,1.841181458
7,1822120,1000469,1000469,972708,1001667,1.873244591,1.819087581
7,1843252,1000000,1000000,1000000,1001094,1.843252000,1.841237686
7,1843258,1000052,1000052,1000000,1001302,1.843258000,1.840861199
7,1843266,1000052,1000052,1000000,1001093,1.843266000,1.841253510
7,1835180,1000156,1000156,995989,1001302,1.842570550,1.832793703
7,1843717,1000260,1000260,1000261,1001354,1.843235915,1.841223983
7,1843868,1000364,1000364,1000365,1001406,1.843195234,1.841279161
7,1843752,1000312,1000312,1000313,1001302,1.843175086,1.841354556
7,1823478,1000469,1000469,970937,1001823,1.878060060,1.820159849
7,1843709,1000261,1000261,1000208,1001354,1.843325588,1.841215994
7,1843317,1000052,1000052,1000104,1000990,1.843125315,1.841493921
7,1843851,1000365,1000365,1000312,1001250,1.843275898,1.841549064
7,1838157,1000260,1000260,996824,1001302,1.844013587,1.835766832
7,1844179,1000521,1000521,1000468,1001458,1.843316328,1.841494102
7,1843156,999948,999948,1000000,1000885,1.843156000,1.841526249
7,1843796,1000312,1000312,1000313,1001250,1.843219072,1.841494132
7,1831526,1000782,1000782,984062,1002031,1.861189640,1.827813710
7,1843812,1000313,1000313,1000312,1001510,1.843236910,1.841032042
7,1844037,1000469,1000469,1000469,1001563,1.843172552,1.841159268
7,1843931,1000417,1000417,1000417,1001511,1.843162401,1.841149024
7,1837768,1000469,1000469,996094,1001718,1.844974470,1.834616129
7,1843260,1000052,1000052,1000053,1001146,1.843162312,1.841150042
7,1843831,1000312,1000312,1000365,1001406,1.843158247,1.841242213
7,1843893,1000364,1000364,1000365,1001719,1.843220225,1.840728787
7,1823667,1000730,1000730,962292,1002240,1.895128506,1.819591116
7,1843680,1000261,1000261,1000260,1001719,1.843200768,1.840516153
7,1843555,1000208,1000208,1000156,1001354,1.843267450,1.841062202
7,1843743,1000261,1000261,1000312,1001406,1.843167932,1.841154337
7,1837978,1000157,1000157,996146,1001614,1.845088973,1.835016284
7,1843195,1000000,1000000,999948,1001094,1.843290851,1.841180748
7,1843605,1000209,1000209,1000208,1001354,1.843221610,1.841112134
7,1844145,1000520,1000520,1000521,1001667,1.843184701,1.841075926
7,1824848,1000156,1000156,981563,1001718,1.859124682,1.821718288
7,1843227,1000000,1000000,1000052,1001510,1.843131157,1.840447924
7,1843838,1000312,1000312,1000313,1001406,1.843261059,1.841249204
7,1843532,1000208,1000208,1000209,1001250,1.843146782,1.841230462
7,1843337,1000052,1000052,995000,1001563,1.852600000,1.840460360
7,1843464,1000157,1000157,1000104,1001302,1.843272300,1.841066931
7,1844101,1000521,1000521,1000521,1001615,1.843140724,1.841127579
7,1843429,1004792,1004792,982031,1005990,1.877159682,1.832452609
7,1835290,1000156,1000156,992345,1001615,1.849447521,1.832330786
7,1843448,1000105,1000105,1000104,1001250,1.843256301,1.841146567
7,1843920,1000365,1000365,1000365,1001510,1.843247215,1.841139879
7,1835149,1000104,1000104,995729,1001302,1.843020541,1.832762743
7,1843720,1000260,1000260,1000261,1001406,1.843238915,1.841131369
7,1844199,1000521,1000521,1000521,1001615,1.843238673,1.841225421
7,1844088,1000469,1000469,1000469,1001562,1.843223528,1.841212027
7,1837232,1000104,1000104,992397,1001302,1.851307491,1.834843034
7,1837062,1000469,1000469,991301,1001927,1.853182838,1.833528790
7,1843637,1000208,1000208,1000209,1001458,1.843251760,1.840952891
7,1843618,1000208,1000208,1000157,1001354,1.843328597,1.841125117
7,1835630,1000312,1000312,992553,1001459,1.849402500,1.832955718
7,1844142,1000521,1000521,1000521,1001614,1.843181702,1.841170351
7,1843540,1000208,1000208,1000157,1001615,1.843250610,1.840567484
7,1843741,1000313,1000313,1000260,1001406,1.843261752,1.841152340
7,1836543,1000573,1000573,978282,1001771,1.877314517,1.833296232
7,1836302,1000209,1000209,992968,1001666,1.849306322,1.833247809
7,1843972,1000417,1000417,1000468,1001563,1.843109425,1.841094370
7,1843322,1000052,1000052,1000052,1001146,1.843226152,1.841211971
7,1833849,1000105,1000105,996562,1001250,1.840175523,1.831559551
7,1843615,1000261,1000261,1000208,1001666,1.843231608,1.840548646
7,1843981,1000417,1000417,1000364,1001511,1.843310035,1.841198948
7,1843202,1000000,1000000,1000000,1001146,1.843202000,1.841092108
7,1806313,1000208,1000208,961718,1001459,1.878214820,1.803681429
7,1823904,1000261,1000261,985833,1001719,1.850114573,1.820774089
7,1843581,1000208,1000208,1000208,1001354,1.843197615,1.841088167
7,1843676,1000261,1000261,1000260,1001406,1.843196769,1.841087431
7,1837108,1000105,1000105,995521,1001250,1.845373428,1.834814482
7,1843997,1000416,1000416,1000417,1001510,1.843228374,1.841216763
7,1843729,1000260,1000260,1000260,1001407,1.843249755,1.841138518
7,1843773,1000313,1000313,1000312,1001406,1.843197922,1.841184295
7,1828752,1000313,1000313,973280,1001458,1.878957751,1.826089561
7,1843360,1000052,1000052,1000000,1001511,1.843360000,1.840578885
7,1843658,1000261,1000261,1000260,1001354,1.843178774,1.841165063
7,1843952,1000417,1000417,1000417,1001823,1.843183393,1.840596592
7,1835789,1000261,1000261,992447,1001458,1.849760239,1.833116316
7,1843444,1000104,1000104,1000157,1001302,1.843154625,1.841046957
7,1844021,1000468,1000468,1000417,1001875,1.843252364,1.840569931
7,1843730,1000312,1000312,1000313,1001406,1.843153093,1.841141355
7,1787094,1000729,1000729,953594,1001979,1.874061708,1.783564326
7,1843235,1000000,1000000,1000000,1001459,1.843235000,1.840549638
7,1843516,1000209,1000209,1000208,1001302,1.843132628,1.841118863
7,1843491,1000157,1000157,1000156,1001302,1.843203460,1.841093896
7,1836374,1000365,1000365,996510,1001562,1.842805391,1.833510057
7,1843566,1000156,1000156,1000209,1001302,1.843180775,1.841168798
7,1844130,1000469,1000469,1000469,1001615,1.843265508,1.841156532
7,1843528,1000157,1000157,1000156,1001250,1.843240454,1.841226467
7,1826558,1000625,1000625,969688,1001875,1.883655361,1.823139613
7,1843581,1000156,1000156,1000208,1001563,1.843197615,1.840703980
7,1843477,1000157,1000157,1000104,1001250,1.843285298,1.841175531
7,1843609,1000209,1000209,1000208,1001354,1.843225609,1.841116129
7,1836280,1000261,1000261,996562,1001406,1.842614910,1.833701815
7,1843667,1000260,1000260,1000261,1001667,1.843185928,1.840598722
7,1843321,1000052,1000052,1000052,1001197,1.843225152,1.841117183
7,1843503,1000156,1000156,1000208,1001250,1.843119631,1.841201498
7,1801779,1000208,1000208,965052,1001511,1.867027891,1.799060619
7,1843910,1000416,1000416,1000365,1001771,1.843237218,1.840650208
7,1844150,1000521,1000521,1000521,1001927,1.843189698,1.840603158
7,1843855,1000365,1000365,1000365,1001458,1.843182238,1.841170573
7,1836318,1000364,1000364,995521,1001510,1.844579873,1.833549340
7,1843663,1000260,1000260,1000260,1001355,1.843183772,1.841168217
7,1843434,1000104,1000104,1000104,1001250,1.843242303,1.841132584
7,1843206,1000000,1000000,1000000,1001094,1.843206000,1.841191736
7,1799279,1000260,1000260,947709,1001615,1.898556413,1.796377850
7,1843550,1000209,1000209,1000208,1001250,1.843166621,1.841248439
7,1843217,1000000,1000000,1000000,1001250,1.843217000,1.840915855
7,1844154,1000521,1000521,1000520,1001563,1.843195538,1.841276085
7,1838083,1000469,1000469,996927,1001718,1.843748840,1.834930589
7,1843491,1000156,1000156,1000156,1001146,1.843203460,1.841380778
7,1843729,1000312,1000312,1000261,1001302,1.843247912,1.841331586
7,1843343,1000104,1000104,1000052,1001146,1.843247151,1.841232947
7,1829037,1000469,1000469,984584,1001770,1.857674917,1.825805325
7,1843218,1000000,1000000,999948,1001145,1.843313852,1.841109929
7,1843398,1000104,1000104,1000104,1001094,1.843206307,1.841383526
7,1843608,1000208,1000208,1000261,1001250,1.843126944,1.841306367
7,1836161,1000313,1000313,992188,1001562,1.850618028,1.833297389
7,1843414,1000104,1000104,1000104,1001198,1.843222305,1.841208233
7,1844137,1000469,1000469,1000521,1001667,1.843176705,1.841067940
7,1843786,1000313,1000313,1000312,1001511,1.843210918,1.841004243
7,1827978,1000730,1000730,969843,1001979,1.884818471,1.824367577
7,1843713,1000312,1000312,1000312,1001354,1.843137941,1.841219988
7,1843558,1000208,1000208,1000208,1001303,1.843174620,1.841158970
7,1843738,1000313,1000313,1000260,1001407,1.843258753,1.841147505
7,1836840,1000365,1000365,991718,1001562,1.852179753,1.833975331
7,1843496,1000156,1000156,1000104,1001250,1.843304296,1.841194507
7,1843313,1000052,1000052,1000052,1001145,1.843217153,1.841204820
7,1843630,1000208,1000208,1000208,1001302,1.843246605,1.841232715
7,1812594,1000364,1000364,973750,1001615,1.861457253,1.809671381
7,1843295,1000052,1000052,1000052,1001354,1.843199154,1.840802553
7,1844112,1000521,1000521,1000469,1001563,1.843247517,1.841234151
7,1843513,1000156,1000156,1000156,1001250,1.843225457,1.841211486
7,1836981,1000417,1000417,995936,1001771,1.844476954,1.833733458
7,1843365,1000104,1000104,1000208,1001511,1.842981660,1.840583878
7,1843231,1000000,1000000,1000000,1001093,1.843231000,1.841218548
7,1844195,1000573,1000573,1000625,1001875,1.843043098,1.840743606
7,1778908,1000417,1000417,931146,1001771,1.910450133,1.775763124
7,1844240,1000573,1000573,1000625,1001823,1.843088070,1.840884068
7,1841645,1000208,1000208,1000156,1001458,1.841357748,1.838963791
7,1842050,999375,999375,999375,1001459,1.843202001,1.839366364
7,1837137,1000104,1000104,992499,1001406,1.851021512,1.834557612
7,1843993,1000417,1000417,1000469,1001719,1.843128573,1.840828616
7,1843989,1000416,1000416,1000417,1001875,1.843220377,1.840537991
7,1844164,1000520,1000520,1000573,1001718,1.843107899,1.841001160
7,1829025,1000573,1000573,981147,1001823,1.864170201,1.825696755
7,1842869,1000157,1000157,1000312,1001563,1.842294204,1.839993091
7,1843881,1000365,1000365,1000416,1001406,1.843114264,1.841292143
7,1844005,1000469,1000469,1000521,1001562,1.843044774,1.841129156
7,1839378,1000260,1000260,997344,1001354,1.844276398,1.836890850
7,1844225,1000573,1000573,1000521,1001511,1.843264659,1.841442580
7,1844138,1000521,1000521,1000468,1001459,1.843275347,1.841451323
7,1843434,1000104,1000104,1000156,1001145,1.843146469,1.841325682
7,1865454,1000260,1000260,964167,1001459,1.934783082,1.862736268
7,2090102,1000053,1000053,1000052,1000989,2.089993320,2.088036931
7,2092249,1000417,1000417,1000469,1001354,2.091268195,2.089419925
7,2093553,1000365,1000365,1000416,1001354,2.092682444,2.090722162
7,2087190,1000313,1000313,995311,1001250,2.097022941,2.084584270
7,2093114,1000156,1000156,1000157,1000990,2.092785433,2.091043867
7,2093606,1000365,1000365,1000364,1001198,2.092844205,2.091100861
7,2093382,1000260,1000260,1000261,1001198,2.092835770,2.090877129
7,2080478,1000521,1000521,985053,1001458,2.112046763,2.077449079
7,2093537,1000364,1000364,1000313,1001146,2.092881928,2.091140553
7,2093147,1000156,1000156,1000156,1001041,2.092820520,2.090970300
7,1885423,1000417,1000417,1000417,1001250,1.884637106,1.883069164
7,1839863,1000417,1000417,997604,1001354,1.844281899,1.837375194
7,1842131,1000157,1000157,1000104,1000989,1.841939438,1.840310932
7,1844006,1000416,1000416,1000469,1001354,1.843141567,1.841512592
7,1843442,1000156,1000156,1000157,1000990,1.843152625,1.841618797
7,1825885,1000625,1000625,965312,1001666,1.891497257,1.822848135
7,1843269,1000000,1000000,1000000,1000937,1.843269000,1.841543474
7,1843275,1000364,1000364,1000417,1001406,1.842506675,1.840686994
7,1843883,1000364,1000364,1000365,1001302,1.843210228,1.841485386
7,1838871,1000156,1000156,997083,1001250,1.844250679,1.836575281
7,1833452,1000416,1000416,1000521,1001458,1.832497269,1.830782719
7,1842976,1000260,1000260,1000312,1001250,1.842401171,1.840675156
7,1842716,1000052,1000052,1000105,1001094,1.842522535,1.840702272
7,1833267,1000313,1000313,986614,1001458,1.858140063,1.830597988
7,1843602,1000208,1000208,1000209,1001146,1.843216768,1.841491651
7,1844280,1000572,1000572,1000573,1001562,1.843223833,1.841403727
7,1843509,1000208,1000208,1000156,1001198,1.843221457,1.841303119
7,1838039,1000208,1000208,994272,1001302,1.848627941,1.835648985
7,1843901,1000416,1000416,1000573,1001667,1.842845050,1.840832333
7,1844448,1000677,1000677,1000729,1001823,1.843104377,1.841091690
7,1844127,1000521,1000521,1000521,1001563,1.843166710,1.841249128
7,1878161,1000261,1000261,953958,1001303,1.968808899,1.875716941
7,2091377,1000000,1000000,999948,1000833,2.091485757,2.089636333
7,2092906,1000052,1000052,1000052,1000989,2.092797175,2.090838161
7,2093924,1000521,1000521,1000521,1001406,2.092833634,2.090984076
7,2087817,1000313,1000313,997656,1001303,2.092722341,2.085100115
7,2093463,1000313,1000313,1000573,1001563,2.092264133,2.090196024
7,2093674,1000417,1000417,1000521,1001406,2.092583764,2.090734427
7,2092782,999948,999948,999948,1000938,2.092890830,2.090820810
7,2082874,1000782,1000782,988490,1001823,2.107127032,2.079083830
7,2092829,1000000,1000000,1000000,1000886,2.092829000,2.090976395
7,2092910,1000052,1000052,1000052,1000886,2.092801174,2.091057323
7,2093256,1000261,1000261,1000208,1001042,2.092820693,2.091077098
7,2086054,1000052,1000052,995521,1000937,2.095439473,2.084101197
7,2025929,1000208,1000208,1000208,1001146,2.025507694,2.023609943
7,1839192,1000261,1000261,1000260,1001094,1.838713934,1.837182123
7,1843885,1000364,1000364,1000365,1001198,1.843212228,1.841678669
7,1822443,1000729,1000729,976563,1001823,1.866180677,1.819126732
7,1844121,1000521,1000521,1000417,1001458,1.843352322,1.841436186
7,1842473,1000417,1000417,1000365,1001510,1.841800743,1.839695060
7,1844366,1000625,1000625,1000677,1001615,1.843118209,1.841392152
7,1838405,1000208,1000208,993438,1001250,1.850548298,1.836109863
7,1844127,1000521,1000521,1000521,1001614,1.843166710,1.841155375
7,1843651,1000261,1000261,1000208,1001198,1.843267600,1.841444949
7,1843965,1000416,1000416,1000365,1001302,1.843292198,1.841567279
7,1829499,1000312,1000312,985158,1001510,1.857061507,1.826740622
7,1843776,1000313,1000313,1000312,1001302,1.843200921,1.841378525
7,1843828,1000365,1000365,1000312,1001302,1.843252905,1.841430458
7,1844062,1000469,1000469,1000469,1001562,1.843197540,1.841186067
7,1839421,1000573,1000573,997500,1001615,1.844031078,1.836455125
7,1843155,999948,999948,1000000,1001094,1.843155000,1.841140792
7,1843303,1000052,1000052,1000052,1000938,1.843207153,1.841575602
7,1844095,1000468,1000468,1000469,1001406,1.843230525,1.841505843
7,1826197,1000364,1000364,966562,1001562,1.889373884,1.823348929
7,1844174,1000521,1000521,1000521,1001667,1.843213686,1.841104878
7,1843519,1000156,1000156,1000208,1001250,1.843135628,1.841217478
7,1843268,1000052,1000052,1000000,1001041,1.843268000,1.841351153
7,1838541,1000104,1000104,996406,1001302,1.845172550,1.836150332
7,1844105,1000521,1000521,1000469,1001563,1.843240520,1.841227162
7,1843353,1000052,1000052,1000104,1001094,1.843161311,1.841338576
7,1843846,1000313,1000313,1000365,1001459,1.843173242,1.841159748
7,1826565,1000364,1000364,976926,1001511,1.869706610,1.823809224
7,1843685,1000261,1000261,1000260,1001302,1.843205767,1.841287643
7,1843132,1000000,1000000,999948,1000886,1.843227848,1.841500431
7,1843953,1000417,1000417,1000417,1001302,1.843184392,1.841555295
7,1839437,1000208,1000208,997499,1001198,1.844048966,1.837235991
7,1843466,1000156,1000156,1000156,1001146,1.843178464,1.841355806
7,1843691,1000260,1000260,1000261,1001198,1.843209922,1.841484901
7,1843711,1000261,1000261,1000260,1001198,1.843231760,1.841504877
7,1829497,1000781,1000781,970520,1001927,1.885068829,1.825978340
7,1843765,1000313,1000313,1000260,1001302,1.843285746,1.841367539
7,1843955,1000417,1000417,1000416,1001302,1.843188234,1.841557292
7,1843148,999948,999948,1000000,1000886,1.843148000,1.841516416
7,1835290,1000521,1000521,989531,1001615,1.854706927,1.832330786
7,1843748,1000312,1000312,1000313,1001146,1.843171087,1.841637483
7,1843628,1000260,1000260,1000209,1001093,1.843242762,1.841615115
7,1843799,1000313,1000313,1000312,1001198,1.843223914,1.841592772
7,1832947,1000729,1000729,986146,1001927,1.858697394,1.829421704
7,1843868,1000365,1000365,1000365,1001667,1.843195234,1.840799387
7,1843266,1000052,1000052,1000000,1001041,1.843266000,1.841349156
7,1843642,1000209,1000209,1000260,1001250,1.843162778,1.841340325
7,1834503,1000261,1000261,988437,1001563,1.855963506,1.831640146
7,1843344,1000052,1000052,1000104,1001093,1.843152312,1.841331425
7,1843423,1000105,1000105,1000104,1001094,1.843231304,1.841408499
7,1843905,1000365,1000365,1000364,1001354,1.843234063,1.841411729
7,1828460,1000677,1000677,964480,1002031,1.895798772,1.824753925
7,1843859,1000364,1000364,1000313,1001511,1.843282053,1.841077132
7,1843811,1000312,1000312,1000313,1001459,1.843234068,1.841124799
7,1843426,1000104,1000104,1000156,1001510,1.843138470,1.840646624
7,1835334,1000105,1000105,996615,1001615,1.841567707,1.832374715
7,1843483,1000156,1000156,1000156,1001250,1.843195462,1.841181523
7,1844001,1000416,1000416,1000417,1001510,1.843232372,1.841220757
7,1844093,1000469,1000469,1000520,1001614,1.843134570,1.841121430
7,1827344,1000729,1000729,981406,1002240,1.861965384,1.823259898
7,1843263,1000052,1000052,1000052,1001198,1.843167155,1.841057413
7,1844058,1000469,1000469,1000417,1001563,1.843289348,1.841180235
7,1843251,1000000,1000000,1000000,1001094,1.843251000,1.841236687
7,1836104,1000261,1000261,996302,1001458,1.842919115,1.833430858
7,1843884,1000364,1000364,1000365,1001511,1.843211228,1.841102095
7,1843568,1000156,1000156,1000156,1001302,1.843280448,1.841170796
7,1843241,1000000,1000000,1000000,1001094,1.843241000,1.841226698
7,1828182,1000417,1000417,974220,1001666,1.876559709,1.825141315
7,1843636,1000260,1000260,1000209,1001563,1.843250761,1.840758894
7,1844242,1000573,1000573,1000625,1001927,1.843090069,1.840694981
7,1843424,1000156,1000156,1000156,1001250,1.843136471,1.841122597
7,1835565,1000417,1000417,992604,1001614,1.849241994,1.832607172
7,1843416,1000104,1000104,1000104,1001355,1.843224305,1.840921551
7,1843254,1000000,1000000,1000052,1001146,1.843158156,1.841144049
7,1843464,1000156,1000156,1000156,1001250,1.843176464,1.841162547
7,1829094,1000365,1000365,982344,1001927,1.861968923,1.825576115
7,1844133,1000468,1000468,1000417,1001563,1.843364317,1.841255118
7,1842842,1000156,1000156,1000156,1001302,1.842554561,1.840445740
7,1844084,1000469,1000469,1000468,1001614,1.843221372,1.841112445
7,1836471,1000313,1000313,997084,1001615,1.841841811,1.833509882
7,1843538,1000208,1000208,1000156,1001302,1.843250453,1.841140835
7,1843537,1000208,1000208,1000156,1001302,1.843249453,1.841139836
7,1844083,1000469,1000469,1000468,1001562,1.843220373,1.841207035
7,1810798,992030,992030,958125,1001875,1.889939204,1.807409108
7,1843888,1000364,1000364,1000365,1001563,1.843215226,1.841010501
7,1843757,1000260,1000260,1000312,1001458,1.843181927,1.841072716
7,1843278,1000052,1000052,1000052,1001146,1.843182155,1.841168021
7,1836320,1000625,1000625,991667,1001927,1.851750638,1.832788217
7,1843719,1000261,1000261,1000208,1001614,1.843335586,1.840748033
7,1843983,1000416,1000416,1000469,1001563,1.843118577,1.841105352
7,1843537,1000156,1000156,1000156,1001614,1.843249453,1.840566326
7,1827026,1000469,1000469,982189,1001979,1.860157261,1.823417457
7,1843736,1000312,1000312,1000312,1001458,1.843160934,1.841051747
7,1843355,1000104,1000104,1000052,1001198,1.843259151,1.841149303
7,1843545,1000156,1000156,1000156,1001614,1.843257452,1.840574313
7,1834999,1000052,1000052,996458,1001563,1.841521670,1.832135372
7,1843902,1000365,1000365,1000364,1001510,1.843231064,1.841121906
7,1843183,1000000,1000000,1000000,1001094,1.843183000,1.841168761
7,1843935,1000417,1000417,1000416,1001458,1.843168242,1.841250457
7,1828096,1000365,1000365,970730,1001927,1.883217785,1.824580034
7,1844040,1000468,1000468,1000417,1001927,1.843271356,1.840493369
7,1843596,1000208,1000208,1000209,1001355,1.843210769,1.841101308
7,1844165,1000521,1000521,1000521,1001667,1.843204690,1.841095893
7,1834807,1000677,1000677,996094,1001875,1.842001859,1.831373175
7,1840106,998334,998334,998281,1001198,1.843274589,1.837904191
7,1843860,1000365,1000365,1000312,1001614,1.843284895,1.840888805
7,1843658,1000208,1000208,1000208,1001302,1.843274599,1.841260679
7,1828075,1000261,1000261,980260,1001563,1.864887887,1.825222178
7,1844148,1000521,1000521,1000520,1001562,1.843189541,1.841271933
7,1843817,1000313,1000313,1000313,1001354,1.843240066,1.841323848
7,1843792,1000313,1000313,1000313,1001563,1.843215074,1.840914650
7,1836512,1000468,1000468,996510,1001719,1.842943874,1.833360453
7,1843401,1000104,1000104,1000104,1001198,1.843209306,1.841195248
7,1843961,1000417,1000417,1000416,1001458,1.843194231,1.841276419
7,1844136,1000469,1000469,1000469,1001510,1.843271506,1.841355553
7,1824801,1000625,1000625,971094,1002136,1.879118808,1.820911533
7,1844042,1000468,1000468,1000417,1001615,1.843273355,1.841068674
7,1844055,1000469,1000469,1000417,1001510,1.843286350,1.841274675
7,1843529,1000156,1000156,1000157,1001302,1.843239611,1.841131846
7,1836767,1000364,1000364,995938,1001719,1.844258378,1.833615016
7,1843829,1000364,1000364,1000313,1001615,1.843252062,1.840856018
7,1843388,1000104,1000104,1000104,1001198,1.843196308,1.841182264
7,1843932,1000365,1000365,1000364,1001458,1.843261053,1.841247461
7,1828295,1000417,1000417,983124,1001823,1.859678942,1.824968083
7,1843564,1000157,1000157,1000156,1001302,1.843276449,1.841166801
7,1844009,1000416,1000416,1000417,1001563,1.843240369,1.841131312
7,1844135,1000521,1000521,1000468,1001614,1.843272349,1.841163362
7,1835031,1000521,1000521,988125,1001875,1.857083871,1.831596756
7,1843516,1000157,1000157,1000156,1001510,1.843228456,1.840736488
7,1843379,1000104,1000104,1000105,1001198,1.843185466,1.841173274
7,1843927,1000416,1000416,1000365,1001771,1.843254212,1.840667178
7,1824468,1000417,1000417,967291,1001875,1.886162489,1.821053525
7,1843915,1000364,1000364,1000365,1001511,1.843242217,1.841133048
7,1843466,1000156,1000156,1000156,1001250,1.843178464,1.841164544
7,1843769,1000261,1000261,1000260,1001458,1.843289745,1.841084699
7,1837523,1000209,1000209,995677,1001406,1.845501101,1.834943070
7,1843189,1000000,1000000,1000000,1001094,1.843189000,1.841174755
7,1843144,1000000,1000000,1000000,1001094,1.843144000,1.841129804
7,1835982,1000209,1000209,998177,1001406,1.839335108,1.833404234
7,1825790,1000209,1000209,983698,1001667,1.856047283,1.822751473
7,1843274,1000000,1000000,1000052,1001198,1.843178155,1.841068400
7,1844045,1000417,1000417,1000469,1001875,1.843180548,1.840593886
7,1843159,999948,999948,999948,1001093,1.843254849,1.841146627
7,1835465,1000104,1000104,992552,1001302,1.849238126,1.833078332
7,1844131,1000521,1000521,1000469,1001615,1.843266508,1.841157531
7,1843847,1000365,1000365,1000365,1001510,1.843174241,1.841066989
7,1843959,1000416,1000416,1000365,1001563,1.843286201,1.841081390
7,1821396,1000417,1000417,968438,1001771,1.880756435,1.818176010
7,1843391,1000104,1000104,1000104,1001406,1.843199307,1.840802831
7,1843811,1000313,1000313,1000313,1001354,1.843234068,1.841317856
7,1843789,1000313,1000313,1000312,1001302,1.843213917,1.841391508
7,1838675,1000417,1000417,996667,1001719,1.844823798,1.835519742
7,1843312,1000052,1000052,1000052,1001041,1.843216153,1.841395108
7,1843668,1000260,1000260,1000260,1001302,1.843188771,1.841270666
7,1843286,1000052,1000052,1000052,1001094,1.843190154,1.841271649
7,1828572,1000625,1000625,982397,1001928,1.861337117,1.825053297
7,1843382,1000104,1000104,1000104,1001093,1.843190308,1.841369383
7,1844001,1000416,1000416,1000417,1001354,1.843232372,1.841507599
7,1843485,1000156,1000156,1000157,1001094,1.843195618,1.841470431
7,1837974,1000209,1000209,997187,1001250,1.843158806,1.835679401
7,1843908,1000417,1000417,1000312,1001354,1.843332880,1.841414724
7,1844128,1000521,1000521,1000468,1001406,1.843265352,1.841538796
7,1843912,1000417,1000417,1000364,1001302,1.843241060,1.841514348
7,1830212,1000729,1000729,975052,1001927,1.877040404,1.826691965
7,1843474,1000157,1000157,1000156,1001198,1.843186463,1.841268161
7,1843996,1000417,1000417,1000416,1001406,1.843229217,1.841406982
7,1843402,1000104,1000104,1000104,1001094,1.843210306,1.841387522
7,1836153,1000364,1000364,992709,1001615,1.849638716,1.833192394
7,1843810,1000313,1000313,1000260,1001302,1.843330734,1.841412481
7,1844113,1000469,1000469,1000469,1001458,1.843248516,1.841428198
7,1843359,1000052,1000052,1000104,1001042,1.843167311,1.841440219
7,1830644,1000573,1000573,984583,1001823,1.859308966,1.827312809
7,1843710,1000261,1000261,1000260,1001302,1.843230760,1.841312611
7,1844015,1000469,1000469,1000417,1001458,1.843246366,1.841330340
7,1843448,1000104,1000104,1000156,1001146,1.843160467,1.841337827
7,1835730,1000261,1000261,996822,1001406,1.841582549,1.833152587
7,1843727,1000260,1000260,1000261,1001302,1.843245913,1.841329589
7,1843712,1000261,1000261,1000468,1001718,1.842849546,1.840549935
7,1843931,1000365,1000365,1000416,1001771,1.843164244,1.840671171
7,1822049,1000468,1000468,961667,1001979,1.894677679,1.818450287
7,1843319,1000104,1000104,1000052,1001250,1.843223152,1.841017728
7,1843326,1000104,1000104,1000052,1001197,1.843230152,1.841122177
7,1844130,1000521,1000521,1000521,1001770,1.843169709,1.840871657
7,1810984,1000312,1000312,969584,1001823,1.867794848,1.807688584
7,1843308,1000104,1000104,1000052,1001146,1.843212153,1.841197987
7,1843538,1000208,1000208,1000157,1001302,1.843248610,1.841140835
7,1843765,1000312,1000312,1000261,1001719,1.843283903,1.840601007
7,1825458,1000625,1000625,975104,1002291,1.872064928,1.821285435
7,1843653,1000261,1000261,1000208,1001406,1.843269600,1.841064463
7,1844140,1000468,1000468,1000521,1001666,1.843179703,1.841072773
7,1843919,1000417,1000417,1000364,1012657,1.843248058,1.820872220
7,1843679,1000260,1000260,1000157,1001614,1.843389588,1.840708097
7,1843597,1000261,1000261,1000208,1001615,1.843213612,1.840624392
7,1843939,1000416,1000416,1000417,1001510,1.843170398,1.841158850
7,1850619,1009271,1009271,982552,1010417,1.883481994,1.831539849
7,1833654,1000313,1000313,990001,1001718,1.852173887,1.830509185
7,1843516,1000156,1000156,1000105,1001302,1.843322451,1.841118863
7,1844130,1000469,1000469,1000468,1001615,1.843267351,1.841156532
7,1837936,1000312,1000312,993960,1001562,1.849104592,1.835069621
7,1843509,1000156,1000156,1000156,1001563,1.843221457,1.840632092
7,1843516,1000157,1000157,1000156,1001250,1.843228456,1.841214482
7,1843420,1000105,1000105,1000104,1001198,1.843228304,1.841214225
7,1836571,1000209,1000209,989218,1001511,1.856588740,1.833800128
7,1829116,1000260,1000260,984063,1001719,1.858738719,1.825977145
7,1843796,1000313,1000313,1000261,1001406,1.843314895,1.841207263
7,1843377,1000104,1000104,1000052,1001198,1.843281149,1.841171277
7,1834100,1000417,1000417,987866,1001614,1.856628328,1.831144533
7,1843233,1000052,1000052,1000000,1001511,1.843233000,1.840452077
7,1843997,1000469,1000469,1000417,1001562,1.843228374,1.841121169
7,1843362,1000104,1000104,1000104,1001250,1.843170310,1.841060674
7,1833738,1000261,1000261,973751,1001458,1.883169311,1.831068302
7,1834207,1000260,1000260,991614,1001719,1.849718741,1.831059409
7,1844115,1000469,1000469,1000469,1001875,1.843250516,1.840663755
7,1844207,1000521,1000521,1000521,1001615,1.843246668,1.841233408
7,1833968,1000365,1000365,996666,1001511,1.840102903,1.831201055
7,1843756,1000312,1000312,1000313,1001719,1.843179085,1.840592022
7,1843237,1000052,1000052,1000052,1001145,1.843141157,1.841128907
7,1844137,1000521,1000521,1000520,1001615,1.843178547,1.841163521
7,1835480,1000364,1000364,991042,1001562,1.852070851,1.832617452
7,1835164,1000261,1000261,991093,1001719,1.851656706,1.832014767
7,1843415,1000156,1000156,1000104,1001250,1.843223305,1.841113608
7,1844139,1000521,1000521,1000468,1001615,1.843276347,1.841165518
7,1834116,1000364,1000364,994584,1001770,1.844103665,1.830875351
7,1843328,1000105,1000105,1000104,1001198,1.843136314,1.841122335
7,1843191,1000000,1000000,1000000,1001094,1.843191000,1.841176753
7,1843453,1000156,1000156,1000156,1001250,1.843165466,1.841151561
7,1833932,1023177,1023177,960677,1024583,1.908999591,1.789930147
7,1843692,1000261,1000261,1000313,1001718,1.843115105,1.840529970
7,1843275,1000052,1000052,1000052,1001198,1.843179155,1.841069399
7,1843621,1000208,1000208,1000208,1001354,1.843237607,1.841128113
7,1835287,1000365,1000365,995781,1001563,1.843062882,1.832422923
7,1843716,1000312,1000312,1000261,1001354,1.843234916,1.841222984
7,1843540,1000156,1000156,1000209,1001354,1.843154781,1.841047222
7,1843726,1000260,1000260,1000261,1001771,1.843244913,1.840466534
7,1824092,1000677,1000677,981094,1001875,1.859242845,1.820678228
7,1843633,1000260,1000260,1000261,1001719,1.843151937,1.840469233
7,1844119,1000521,1000521,1000469,1001614,1.843254514,1.841147388
7,1843170,999948,999948,999947,1001094,1.843267693,1.841155776
7,1837002,1000156,1000156,995886,1001406,1.844590646,1.834422802
7,1844166,1000521,1000521,1000520,1001667,1.843207532,1.841096891
7,1844138,1000521,1000521,1000469,1001614,1.843273505,1.841166357
7,1843608,1000208,1000208,1000208,1001354,1.843224609,1.841115130
7,1827115,1000625,1000625,968802,1001823,1.885952960,1.823790230
7,1843448,1000156,1000156,1000104,1001250,1.843256301,1.841146567
7,1843449,1000104,1000104,1000104,1001198,1.843257301,1.841243191
7,1843771,1000313,1000313,1000312,1001458,1.843195923,1.841086696
7,1834340,1000261,1000261,990520,1001459,1.851895974,1.831667597
7,1844044,1000469,1000469,1000469,1001875,1.843179549,1.840592888
7,1843379,1000104,1000104,1000104,1001198,1.843187309,1.841173274
7,1843187,1000000,1000000,1000000,1001093,1.843187000,1.841174596
7,1827012,1000156,1000156,982134,1001354,1.860247176,1.824541571
7,1843372,1000105,1000105,1000052,1001458,1.843276150,1.840688276
7,1843814,1000312,1000312,1000313,1001458,1.843237067,1.841129633
7,1843429,1000104,1000104,1000052,1001511,1.843333147,1.840647781
7,1836633,1000469,1000469,995938,1001667,1.844123831,1.833576428
7,1843425,1000104,1000104,1000104,1001198,1.843233304,1.841219219
7,1843700,1000260,1000260,1000313,1001354,1.843123102,1.841207006
7,1843717,1000261,1000261,1000260,1001354,1.843237758,1.841223983
7,1828016,1000521,1000521,970468,1001823,1.883643768,1.824689591
7,1843219,1000000,1000000,1000052,1001198,1.843123158,1.841013466
7,1844142,1000468,1000468,1000521,1001614,1.843181702,1.841170351
7,1843217,1000000,1000000,1000000,1001094,1.843217000,1.841202724
7,1838557,1000156,1000156,995051,1001354,1.847701274,1.836070960
7,1843927,1000417,1000417,1000416,1001823,1.843160245,1.840571638
7,1844237,1000573,1000573,1000572,1001667,1.843182699,1.841167773
7,1843241,1000000,1000000,1000000,1001093,1.843241000,1.841228537
7,1795145,1000417,1000417,958229,1001927,1.873398739,1.791692409
7,1843168,1000000,1000000,999948,1001145,1.843263850,1.841059986
7,1843657,1000209,1000209,1000208,1001355,1.843273599,1.841162225
7,1843418,1000157,1000157,1000104,1001303,1.843226304,1.841019152
7,1837779,1000313,1000313,994582,1001511,1.847790328,1.835006305
7,1843670,1000260,1000260,1000209,1001302,1.843284753,1.841272663
7,1843918,1000416,1000416,1000417,1001510,1.843149407,1.841137882
7,1844111,1000469,1000469,1000469,1001563,1.843246517,1.841233153
7,1827451,1000312,1000312,967970,1001770,1.887921113,1.824222127
7,1843644,1000260,1000260,1000209,1001406,1.843258759,1.841055476
7,1843711,1000260,1000260,1000260,1001406,1.843231760,1.841122382
7,1843563,1000156,1000156,1000208,1001354,1.843179619,1.841070191
7,1838477,1000573,1000573,997083,1001719,1.843855527,1.835322081
7,1843382,1000104,1000104,1000052,1001510,1.843286149,1.840602690
7,1844036,1000469,1000469,1000417,1001563,1.843267358,1.841158270
7,1843593,1000260,1000260,1000209,1001406,1.843207770,1.841004548
7,1831336,1000625,1000625,981405,1002135,1.866034919,1.827434427
7,1843508,1000156,1000156,1000105,1001302,1.843314452,1.841110874
7,1843636,1000208,1000208,1000209,1001614,1.843250761,1.840665166
7,1843907,1000417,1000417,1000364,1001510,1.843236062,1.841126898
7,1835453,1000053,1000053,989375,1001511,1.855164119,1.832683815
7,1843835,1000313,1000313,1000312,1001458,1.843259903,1.841150602
7,1843276,1000052,1000052,1000052,1001146,1.843180155,1.841166024
7,1843170,1000000,1000000,999948,1001094,1.843265850,1.841155776
7,1828206,1000156,1000156,968803,1001771,1.887077146,1.824973971
7,1843597,1000208,1000208,1000208,1001458,1.843213612,1.840912949
7,1843242,1000000,1000000,1000000,1001146,1.843242000,1.841132063
7,1843873,1000365,1000365,1000364,1001510,1.843202074,1.841092950
7,1835687,1000157,1000157,992552,1001354,1.849461791,1.833204841
7,1843490,1000157,1000157,1000156,1001250,1.843202460,1.841188514
7,1843741,1000312,1000312,1000313,1001406,1.843164090,1.841152340
7,1843328,1000104,1000104,1000052,1001145,1.843232152,1.841219803
7,1826845,1000573,1000573,983541,1002188,1.857416213,1.822856590
7,1844085,1000521,1000521,1000417,1001667,1.843316337,1.841016026
7,1843220,1000000,1000000,1000000,1001093,1.843220000,1.841207560
7,1843193,1000000,1000000,1000000,1001146,1.843193000,1.841083119
7,1836426,1000521,1000521,996823,1002083,1.842278920,1.832608676
7,1843535,1000208,1000208,1000208,1001250,1.843151624,1.841233458
7,1844114,1000521,1000521,1000521,1001875,1.843153717,1.840662757
7,1843823,1000365,1000365,1000364,1001458,1.843152093,1.841138620
7,1826238,1000417,1000417,962135,1001823,1.898109933,1.822914826
7,1844125,1000468,1000468,1000417,1001875,1.843356320,1.840673737
7,1844136,1000520,1000520,1000469,1001667,1.843271506,1.841066941
7,1844182,1000521,1000521,1000520,1001667,1.843223524,1.841112865
7,1836671,1000156,1000156,996199,1001614,1.843678823,1.833711390
7,1843734,1000261,1000261,1000208,1001354,1.843350583,1.841240960
7,1843618,1000260,1000260,1000209,1001355,1.843232764,1.841123278
7,1843363,1000104,1000104,1000052,1001198,1.843267150,1.841157294
7,1829805,1000209,1000209,983645,1001407,1.860229046,1.827234082
7,1843363,1000104,1000104,1000052,1001614,1.843267150,1.840392606
7,1843454,1000104,1000104,1000156,1001302,1.843166466,1.841056944
7,1843434,1000157,1000157,1000156,1001250,1.843146469,1.841132584
7,1838136,1000677,1000677,996563,1001875,1.844475462,1.834695945
7,1844069,1000469,1000469,1000469,1001615,1.843204537,1.841095631
7,1843862,1000364,1000364,1000313,1001458,1.843285052,1.841177563
7,1843704,1000260,1000260,1000312,1001354,1.843128944,1.841211000
7,1820490,1000677,1000677,969167,1002031,1.878406921,1.816800079
7,1844170,1000521,1000521,1000521,1001667,1.843209688,1.841100885
7,1844134,1000521,1000521,1000468,1001614,1.843271349,1.841162364
7,1843452,1000157,1000157,1000104,1001563,1.843260301,1.840575181
7,1832720,1000469,1000469,986458,1001979,1.857879403,1.829100211
7,1843196,1000000,1000000,1000000,1001406,1.843196000,1.840608105
7,1843422,1000157,1000157,1000104,1001250,1.843230304,1.841120599
7,1843217,1000000,1000000,999948,1001094,1.843312852,1.841202724
7,1826449,1000573,1000573,978282,1001979,1.866996428,1.822841596
7,1843531,1000156,1000156,1000209,1001302,1.843145783,1.841133844
7,1843320,1000104,1000104,1000052,1001198,1.843224152,1.841114345
7,1843557,1000156,1000156,1000157,1001302,1.843267607,1.841159810
7,1838251,1000573,1000573,995885,1001718,1.845846659,1.835098301
7,1844110,1000520,1000520,1000469,1001875,1.843245518,1.840658765
7,1843445,1000156,1000156,1000104,1001250,1.843253302,1.841143571
7,1843642,1000208,1000208,1000209,1001303,1.843256759,1.841242861
7,1827439,1000573,1000573,970469,1001980,1.883047269,1.823827821
7,1843307,1000052,1000052,1000000,1001146,1.843307000,1.841196988
7,1843523,1000156,1000156,1000157,1001302,1.843233612,1.841125854
7,1843252,1000052,1000052,1000000,1001145,1.843252000,1.841143890
7,1835556,1000313,1000313,996927,1001771,1.841214051,1.832310977
7,1843194,1000000,1000000,1000000,1001094,1.843194000,1.841179749
7,1843731,1000312,1000312,1000260,1001406,1.843251755,1.841142354
7,1843294,1000052,1000052,1000052,1001458,1.843198154,1.840610390
7,1800169,1000677,1000677,960364,1002188,1.874465307,1.796238829
7,1843333,1000104,1000104,1000052,1001198,1.843237152,1.841127329
7,1843555,1000208,1000208,1000209,1001302,1.843169778,1.841157813
7,1844076,1000469,1000469,1000468,1001927,1.843213376,1.840529300
7,1837856,1000260,1000260,995000,1001406,1.847091457,1.835275603
7,1844210,1000521,1000521,1000521,1001615,1.843249667,1.841236403
7,1843615,1000208,1000208,1000261,1001354,1.843133942,1.841122121
7,1843496,1000156,1000156,1000157,1001250,1.843206617,1.841194507
7,1831160,1000677,1000677,973335,1002240,1.881325546,1.827067369
7,1843606,1000208,1000208,1000209,1001562,1.843220767,1.840730779
7,1844040,1000469,1000469,1000417,1001615,1.843271356,1.841066677
7,1843711,1000260,1000260,1000261,1001407,1.843229917,1.841120543
7,1835036,1000052,1000052,995572,1001250,1.843197679,1.832745069
7,1843255,1000052,1000052,1000052,1001146,1.843159156,1.841145048
7,1843911,1000416,1000416,1000417,1001511,1.843142410,1.841129054
7,1843183,999948,999948,1000000,1001146,1.843183000,1.841073130
