cpu,cycles,enabled_ns,running_ns,thread_ns,wall_ns,cycles_per_thread_ns,cycles_per_wall_ns
7,1841723,999323,999323,997760,1001667,1.845857721,1.838657957
7,1843220,1000000,1000000,999792,1001198,1.843603470,1.841014465
7,1831827,1000573,1000573,985210,1001667,1.859326438,1.828778426
7,1843629,1000208,1000208,1000208,1001146,1.843245605,1.841518620
7,1843697,1000260,1000260,1000261,1001250,1.843215921,1.841395256
7,1843328,1000000,1000000,1000000,1000885,1.843328000,1.841698097
7,1807152,992969,992969,946823,1001615,1.908648185,1.804238155
7,1842744,1000469,1000469,1000468,1001355,1.841881999,1.840250461
7,1843852,1000313,1000313,1000364,1001198,1.843181082,1.841645708
7,1843275,1000052,1000052,1000052,1000886,1.843179155,1.841643304
7,1805433,1000261,1000261,966249,1001407,1.868496630,1.802896325
7,1843213,1000000,1000000,1000000,1000938,1.843213000,1.841485686
7,1843062,999948,999948,999895,1000834,1.843255542,1.841526167
7,1843969,1000417,1000417,1000365,1001302,1.843296197,1.841571274
7,1840216,1000469,1000469,997135,1001562,1.845503367,1.837346065
7,1844065,1000469,1000469,1000469,1001302,1.843200539,1.841667149
7,1843241,1000052,1000052,1000000,1000938,1.843241000,1.841513660
7,1843154,999948,999948,999948,1000833,1.843249849,1.841619931
7,1831806,1000782,1000782,982032,1002083,1.865322108,1.827998280
7,1843949,1000417,1000417,1000364,1001563,1.843278047,1.841071405
7,1843037,999896,999896,999895,1001094,1.843230539,1.841022921
7,1843836,1000312,1000312,1000261,1001458,1.843354884,1.841151601
7,1831175,1000208,1000208,970053,1001719,1.887706136,1.828032612
7,1844074,1000468,1000468,1000469,1001562,1.843209535,1.841198049
7,1843892,1000364,1000364,1000417,1001823,1.843123418,1.840536702
7,1844141,1000521,1000521,1000521,1001615,1.843180703,1.841167514
7,1829105,1000677,1000677,980156,1002187,1.866136615,1.825113477
7,1843736,1000261,1000261,1000208,1001459,1.843352583,1.841049908
7,1843373,1000104,1000104,1000052,1001198,1.843277150,1.841167282
7,1843537,1000208,1000208,1000208,1001250,1.843153624,1.841235456
7,1835709,1000104,1000104,995678,1001302,1.843677374,1.833322015
7,1843888,1000365,1000365,1000364,1001458,1.843217069,1.841203525
7,1843870,1000365,1000365,1000364,1001511,1.843199076,1.841088116
7,1843861,1000364,1000364,1000365,1001511,1.843188236,1.841079129
7,1828792,1000677,1000677,980625,1002031,1.864924920,1.825085252
7,1843336,1000104,1000104,1000052,1001510,1.843240152,1.840556759
7,1843640,1000208,1000208,1000260,1001354,1.843160778,1.841147087
7,1842601,1001094,1001094,1004844,1025052,1.833718468,1.797568318
7,1836589,1000260,1000260,1000261,1001406,1.836109775,1.834010381
7,1837755,1000000,1000000,1000000,1001094,1.837755000,1.835746693
7,1835411,1000000,1000000,1000000,1001093,1.835411000,1.833407086
7,1829287,1000157,1000157,992447,1001354,1.843208756,1.826813495
7,1833387,1000625,1000625,989896,1002083,1.852100625,1.829575993
7,1836640,1000156,1000156,1000156,1001355,1.836353529,1.834154720
7,1835093,1000156,1000156,1000105,1001250,1.834900335,1.832801998
7,1830869,1000573,1000573,995833,1001822,1.838530155,1.827539224
7,1836158,1000312,1000312,1000313,1001458,1.835583462,1.833484779
7,1836553,1000365,1000365,1000364,1001510,1.835884738,1.833783986
7,1836038,1000052,1000052,1000052,1001146,1.835942531,1.833936309
7,1829560,1000052,1000052,992499,1001354,1.843387248,1.827086125
7,1830470,1000417,1000417,990885,1001875,1.847308214,1.827044292
7,1835373,1000312,1000312,1000313,1001407,1.834798708,1.832794258
7,1837298,1000000,1000000,1000000,1001145,1.837298000,1.835196700
7,1827997,1000312,1000312,981979,1001562,1.861543882,1.825146122
7,1839049,1000365,1000365,1000365,1001459,1.838377992,1.836369737
7,1842846,1000469,1000469,1000416,1001875,1.842079695,1.839397130
7,1839730,1000417,1000417,1000416,1001562,1.838964991,1.836860823
7,1828498,1000209,1000209,983541,1001407,1.859096875,1.825928918
7,1804921,1000521,1000521,977344,1002083,1.846761222,1.801169165
7,1843686,1000261,1000261,1000208,1001354,1.843302593,1.841193025
7,1843912,1000417,1000417,1000364,1001511,1.843241060,1.841130052
7,1835481,1000468,1000468,983646,1001718,1.865997523,1.832333052
7,1843343,1000052,1000052,999948,1001354,1.843438859,1.840850488
7,1844011,1000469,1000469,1000416,1001562,1.843244210,1.841135147
7,1844040,1000417,1000417,1000469,1001615,1.843175551,1.841066677
7,1825128,1000469,1000469,978593,1001666,1.865053194,1.822092394
7,1843494,1000157,1000157,1000156,1001407,1.843206460,1.840903848
7,1843956,1000417,1000417,1000416,1001302,1.843189233,1.841558291
7,1843375,1000104,1000104,1000104,1000990,1.843183309,1.841551864
7,1835598,1000469,1000469,985990,1001458,1.861680139,1.832925594
7,1843445,1000104,1000104,1000104,1000989,1.843253302,1.841623634
7,1843544,1000208,1000208,1000208,1001041,1.843160623,1.841626866
7,1843998,1000469,1000469,1000468,1001302,1.843135413,1.841600236
7,1821236,1000468,1000468,979427,1001406,1.859491315,1.818678937
7,1843556,1000208,1000208,1000208,1001458,1.843172620,1.840872009
7,1843933,1000364,1000364,1000365,1001563,1.843260210,1.841055430
7,1843597,1000208,1000208,1000208,1001354,1.843213612,1.841104145
7,1837487,1000364,1000364,995521,1001510,1.845754133,1.834716578
7,1843423,1000104,1000104,999375,1001250,1.844575860,1.841121598
7,1843949,1000417,1000417,1000364,1001510,1.843278047,1.841168835
7,1843422,1000157,1000157,1000104,1001198,1.843230304,1.841216223
7,1831663,1000625,1000625,983853,1001823,1.861724262,1.828329954
7,1843330,1000052,1000052,1000052,1001510,1.843234152,1.840550768
7,1843303,1000052,1000052,1000053,1001198,1.843205310,1.841097365
7,1843457,1000104,1000104,1000157,1001250,1.843167623,1.841155556
7,1837421,1000677,1000677,983334,1001928,1.868562462,1.833885269
7,1843366,1000104,1000104,1000053,1001562,1.843268307,1.840491153
7,1843354,1000052,1000052,1000052,1001197,1.843258151,1.841150143
7,1843862,1000364,1000364,1000365,1001511,1.843189236,1.841080128
7,1828175,1000365,1000365,981510,1001666,1.862614747,1.825134326
7,1843652,1000260,1000260,1000261,1001667,1.843170932,1.840583747
7,1843204,1000000,1000000,1000000,1001145,1.843204000,1.841095945
7,1843519,1000156,1000156,1000157,1001355,1.843229613,1.841024412
7,1837637,1000364,1000364,995886,1001563,1.845228269,1.834769256
7,1843213,1000000,1000000,1000000,1001094,1.843213000,1.841198729
7,1843756,1000260,1000260,1000260,1001406,1.843276748,1.841167319
7,1843809,1000313,1000313,1000312,1001719,1.843233911,1.840644931
7,1828534,1000365,1000365,977553,1001614,1.870521598,1.825587502
7,1843582,1000208,1000208,1000157,1001719,1.843292603,1.840418321
7,1843689,1000260,1000260,1000261,1001407,1.843207923,1.841098574
7,1844226,1000573,1000573,1000521,1001666,1.843265659,1.841158630
7,1837290,1000730,1000730,980469,1002240,1.873888925,1.833183669
7,1843922,1000364,1000364,1000365,1001615,1.843249214,1.840948868
7,1843812,1000313,1000313,1000312,1001458,1.843236910,1.841127636
7,1843567,1000208,1000208,1000208,1001302,1.843183618,1.841169797
7,1827160,1000520,1000520,979636,1001771,1.865141747,1.823929820
7,1843381,1000105,1000105,1000156,1001615,1.843093477,1.840408740
7,1843710,1000261,1000261,1000260,1001406,1.843230760,1.841121383
7,1843515,1000209,1000209,1000156,1001302,1.843227457,1.841117865
7,1832698,1000156,1000156,992136,1001354,1.847224574,1.830219882
7,1843286,1000052,1000052,1000052,1001146,1.843190154,1.841176012
7,1843739,1000312,1000312,1000261,1001459,1.843257910,1.841052904
7,1843446,1000104,1000104,1000105,1001250,1.843252458,1.841144569
7,1828223,1000156,1000156,980938,1001563,1.863749799,1.825369947
7,1843241,1000052,1000052,1000000,1001146,1.843241000,1.841131064
7,1843817,1000365,1000365,1000312,1001458,1.843241909,1.841132629
7,1843651,1000209,1000209,1000260,1001354,1.843171775,1.841158072
7,1837006,1000469,1000469,984375,1001771,1.866164825,1.833758414
7,1843400,1000104,1000104,1000104,1001302,1.843208306,1.841003014
7,1844195,1000521,1000521,1000521,1001667,1.843234675,1.841125843
7,1843285,1000052,1000052,1000052,1001198,1.843189154,1.841079387
7,1828380,1000208,1000208,982344,1001458,1.861242090,1.825718103
7,1844058,1000469,1000469,1000469,1001667,1.843193542,1.840989071
7,1843270,1000053,1000053,1000052,1001198,1.843174155,1.841064405
7,1843583,1000261,1000261,1000209,1001354,1.843197772,1.841090164
7,1837703,1000573,1000573,997448,1001719,1.842404817,1.834549410
7,1843435,1000104,1000104,1000104,1001250,1.843243303,1.841133583
7,1843692,1000260,1000260,1000261,1001406,1.843210922,1.841103409
7,1844077,1000468,1000468,1000469,1001615,1.843212533,1.841103618
7,1827825,1000156,1000156,986042,1001302,1.853698930,1.825448266
7,1843357,1000105,1000105,1000104,1001146,1.843165311,1.841246931
7,1843333,1000104,1000104,1000052,1001198,1.843237152,1.841127329
7,1843304,1000052,1000052,1000052,1001146,1.843208153,1.841193992
7,1836495,1000260,1000260,986563,1001407,1.861508084,1.833914682
7,1844093,1000469,1000469,1000468,1001614,1.843230368,1.841121430
7,1843928,1000364,1000364,1000417,1001407,1.843159403,1.841337239
7,1843897,1000416,1000416,1000417,1001407,1.843128415,1.841306282
7,1831212,1000416,1000416,987031,1001667,1.855273036,1.828164450
7,1843728,1000261,1000261,1000208,1001562,1.843344584,1.840852588
7,1843699,1000260,1000260,1000260,1001302,1.843219763,1.841301625
7,1844115,1000521,1000521,1000469,1001614,1.843250516,1.841143395
7,1835012,1000417,1000417,990937,1001458,1.851794816,1.832340448
7,1844212,1000573,1000573,1000521,1001510,1.843251666,1.841431439
7,1843743,1000312,1000312,1000312,1001302,1.843167932,1.841345568
7,1844120,1000469,1000469,1000469,1001510,1.843255513,1.841339577
7,1826733,1000312,1000312,982551,1001614,1.859173722,1.823789404
7,1843606,1000261,1000261,1000208,1001302,1.843222610,1.841208746
7,1843748,1000260,1000260,1000313,1001355,1.843171087,1.841253102
7,1844032,1000469,1000469,1000469,1001511,1.843167554,1.841249871
7,1836779,1000625,1000625,984375,1001823,1.865934222,1.833436645
7,1843760,1000208,1000208,1000208,1001614,1.843376578,1.840788967
7,1843455,1000156,1000156,1000157,1001302,1.843165623,1.841057943
7,1843229,1000052,1000052,1000052,1001094,1.843133157,1.841214711
7,1830547,1000625,1000625,977291,1002135,1.873082838,1.826647108
7,1843885,1000365,1000365,1000364,1001510,1.843214070,1.841104932
7,1843535,1000156,1000156,1000156,1001354,1.843247453,1.841042229
7,1843295,1000052,1000052,1000052,1001146,1.843199154,1.841185002
7,1838837,1000573,1000573,995782,1001823,1.846626069,1.835490900
7,1844040,1000469,1000469,1000417,1001562,1.843271356,1.841164102
7,1843886,1000364,1000364,1000313,1001459,1.843309044,1.841199690
7,1843614,1000208,1000208,1000208,1001354,1.843230608,1.841121122
7,1830298,1000573,1000573,979218,1001823,1.869142520,1.826967438
7,1843606,1000208,1000208,1000208,1001407,1.843222610,1.841015691
7,1843211,1000000,1000000,1000000,1001198,1.843211000,1.841005475
7,1843935,1000416,1000416,1000417,1001510,1.843166400,1.841154856
7,1834768,1000573,1000573,985156,1001927,1.862413668,1.831239202
7,1843837,1000365,1000365,1000312,1001510,1.843261902,1.841057004
7,1843635,1000209,1000209,1000208,1001354,1.843251604,1.841142094
7,1843412,1000104,1000104,1000104,1001250,1.843220305,1.841110612
7,1830219,1000157,1000157,986249,1001354,1.855737243,1.827744234
7,1843069,999896,999896,999948,1001198,1.843164845,1.840863645
7,1843465,1000156,1000156,1000156,1001458,1.843177464,1.840781141
7,1843415,1000104,1000104,1000105,1001198,1.843221462,1.841209231
7,1834994,1000573,1000573,993385,1001875,1.847213316,1.831559825
7,1844003,1000417,1000417,1000469,1001563,1.843138568,1.841125321
7,1843726,1000313,1000313,1000260,1001354,1.843246756,1.841232971
7,1843161,1000000,1000000,999948,1001042,1.843256849,1.841242425
7,1826828,1000625,1000625,982813,1001719,1.858774762,1.823693072
7,1843746,1000312,1000312,1000260,1001667,1.843266751,1.840677590
7,1843441,1000156,1000156,1000156,1001458,1.843153468,1.840757176
7,1843407,1000104,1000104,1000105,1001198,1.843213463,1.841201241
7,1833707,1000364,1000364,974480,1001719,1.881728717,1.830560267
7,1844290,1000521,1000521,1000521,1001563,1.843329625,1.841411873
7,1843381,1000105,1000105,1000104,1001198,1.843189308,1.841175272
7,1843399,1000104,1000104,1000104,1001198,1.843207306,1.841193250
7,1828689,1000677,1000677,983333,1002084,1.859684359,1.824885938
7,1844148,1000521,1000521,1000521,1001666,1.843187699,1.841080759
7,1843303,1000052,1000052,1000052,1001146,1.843207153,1.841192993
7,1843930,1000416,1000416,1000365,1001563,1.843257211,1.841052435
7,1837361,1000521,1000521,996197,1001719,1.844375159,1.834207996
7,1844100,1000469,1000469,1000469,1001563,1.843235523,1.841222170
7,1843471,1000157,1000157,1000104,1001510,1.843279299,1.840691556
7,1843833,1000365,1000365,1000365,1001458,1.843160247,1.841148605
7,1826674,1000156,1000156,981459,1001667,1.861182179,1.823634002
7,1843568,1000209,1000209,1000208,1001354,1.843184618,1.841075184
7,1844103,1000469,1000469,1000468,1001667,1.843240364,1.841033996
7,1843357,1000105,1000105,1000052,1001198,1.843261150,1.841151301
7,1835072,1000261,1000261,984114,1001458,1.864694537,1.832400360
7,1843966,1000416,1000416,1000365,1001719,1.843293198,1.840801662
7,1843932,1000416,1000416,1000417,1001458,1.843163401,1.841247461
7,1844057,1000469,1000469,1000417,1001511,1.843288349,1.841274834
7,1830215,1000261,1000261,986406,1001562,1.855437822,1.827360663
7,1843216,1000000,1000000,1000000,1001042,1.843216000,1.841297368
7,1844072,1000469,1000469,1000469,1001510,1.843207536,1.841291650
7,1843863,1000365,1000365,1000365,1001354,1.843190236,1.841369785
7,1836240,1000209,1000209,996510,1001354,1.842670922,1.833757093
7,1843832,1000364,1000364,1000313,1001354,1.843255061,1.841338827
7,1843745,1000312,1000312,1000313,1001458,1.843168088,1.841060733
7,1843426,1000156,1000156,1000104,1001146,1.843234304,1.841315852
7,1827645,1000417,1000417,982083,1001771,1.860988328,1.824413963
7,1843478,1000157,1000157,1000104,1001198,1.843286298,1.841272156
7,1843997,1000417,1000417,1000416,1001718,1.843230216,1.840834446
7,1843645,1000208,1000208,1000261,1001302,1.843163934,1.841247696
7,1835157,1000364,1000364,983802,1001510,1.865372301,1.832390091
7,1843539,1000208,1000208,1000156,1001302,1.843251453,1.841141833
7,1843387,1000104,1000104,1000157,1001198,1.843097634,1.841181265
7,1843503,1000157,1000157,1000156,1001198,1.843215458,1.841297126
7,1795995,1000521,1000521,953855,1001927,1.882880522,1.792540774
7,1843377,1000053,1000053,1000000,1001198,1.843377000,1.841171277
7,1843544,1000209,1000209,1000156,1001458,1.843256452,1.840860026
7,1843709,1000261,1000261,1000260,1001354,1.843229760,1.841215994
7,1836159,1000156,1000156,990729,1001354,1.853341327,1.833676202
7,1843505,1000157,1000157,1000156,1001562,1.843217458,1.840629936
7,1844235,1000573,1000573,1000521,1001563,1.843274654,1.841356959
7,1843442,1000104,1000104,1000104,1001094,1.843250302,1.841427478
7,1828163,1000625,1000625,984584,1002031,1.856787232,1.824457527
7,1843481,1000156,1000156,1000157,1001250,1.843191619,1.841179526
7,1843833,1000365,1000365,1000312,1001355,1.843257904,1.841337987
7,1843915,1000417,1000417,1000364,1001407,1.843244059,1.841324257
7,1836753,1000312,1000312,984582,1001511,1.865515518,1.833981853
7,1843450,1000157,1000157,1000156,1001250,1.843162467,1.841148564
7,1843373,1000104,1000104,1000053,1001198,1.843275306,1.841167282
7,1843178,1000000,1000000,1000000,1001406,1.843178000,1.840590130
7,1825750,1000469,1000469,983751,1001979,1.855906627,1.822143977
7,1844186,1000521,1000521,1000521,1001667,1.843225679,1.841116858
7,1844088,1000469,1000469,1000521,1001615,1.843127730,1.841114600
7,1844009,1000469,1000469,1000469,1001562,1.843144565,1.841133150
7,1837073,1000521,1000521,996042,1001667,1.844373028,1.834015696
7,1843772,1000313,1000313,1000313,1001406,1.843195080,1.841183296
7,1843525,1000156,1000156,1000157,1001250,1.843235612,1.841223471
7,1844020,1000469,1000469,1000416,1001563,1.843253207,1.841142295
7,1829282,1000729,1000729,983698,1002292,1.859597153,1.825098873
7,1843780,1000312,1000312,1000313,1001823,1.843203077,1.840424905
7,1843747,1000313,1000313,1000260,1001459,1.843267750,1.841060892
7,1843530,1000157,1000157,1000156,1001302,1.843242454,1.841132845
7,1835464,1000052,1000052,982448,1001302,1.868255623,1.833077333
7,1843835,1000261,1000261,1000312,1001406,1.843259903,1.841246208
7,1843961,1000417,1000417,1000416,1001563,1.843194231,1.841083387
7,1843287,1000052,1000052,1000052,1001198,1.843191154,1.841081385
7,1829258,1000365,1000365,983126,1001928,1.860654687,1.825737977
7,1843829,1000313,1000313,1000313,1001458,1.843252062,1.841144611
7,1843236,1000000,1000000,1000000,1001146,1.843236000,1.841126070
7,1843770,1000312,1000312,1000261,1001458,1.843288902,1.841085697
7,1835682,1000052,1000052,990939,1001510,1.852467205,1.832914299
7,1844011,1000469,1000469,1000468,1001563,1.843148407,1.841133309
7,1844151,1000521,1000521,1000520,1001615,1.843192540,1.841177498
7,1843575,1000208,1000208,1000209,1001354,1.843189773,1.841082175
7,1827868,1000416,1000416,977397,1001875,1.870138746,1.824447162
7,1843211,1000000,1000000,1000052,1001094,1.843115158,1.841196731
7,1843649,1000209,1000209,1000208,1001354,1.843265601,1.841156075
7,1844091,1000521,1000521,1000521,1001614,1.843130729,1.841119433
7,1833488,1000573,1000573,971563,1002083,1.887152969,1.829676783
7,1844078,1000468,1000468,1000469,1001718,1.843213533,1.840915308
7,1843948,1000417,1000417,1000417,1001771,1.843179394,1.840688141
7,1843876,1000365,1000365,1000364,1001511,1.843205073,1.841094107
7,1819337,1000209,1000209,974530,1001511,1.866886602,1.816592129
7,1843998,1000417,1000417,1000416,1001302,1.843231216,1.841600236
7,1843370,1000052,1000052,1000052,1000938,1.843274150,1.841642539
7,1843852,1000365,1000365,1000312,1001197,1.843276898,1.841647548
7,1839681,1000104,1000104,996823,1001094,1.845544294,1.837670588
7,1843587,1000209,1000209,1000208,1001042,1.843203614,1.841667982
7,1843644,1000260,1000260,1000208,1001094,1.843260602,1.841629258
7,1843238,1000000,1000000,1000000,1000937,1.843238000,1.841512503
7,1830916,1000416,1000416,988698,1001667,1.851845559,1.827868942
7,1843479,1000156,1000156,1000156,1001302,1.843191462,1.841081911
7,1843812,1000365,1000365,1000312,1001511,1.843236910,1.841030203
7,1843708,1000313,1000313,1000260,1001406,1.843228761,1.841119386
7,1832752,1000156,1000156,982292,1001458,1.865791435,1.830083738
7,1843941,1000365,1000365,1000364,1001615,1.843270050,1.840967837
7,1843944,1000417,1000417,1000365,1001510,1.843271206,1.841163843
7,1843358,1000052,1000052,1000053,1001250,1.843260307,1.841056679
7,1829253,1000729,1000729,983752,1002291,1.859465597,1.825071761
7,1843962,1000417,1000417,1000417,1001563,1.843193388,1.841084385
7,1843789,1000312,1000312,1000313,1001771,1.843212075,1.840529422
7,1843906,1000417,1000417,1000417,1001510,1.843137412,1.841125900
7,1837303,1000521,1000521,996302,1001719,1.844122565,1.834150096
7,1843490,1000156,1000156,1000157,1001302,1.843200618,1.841092897
7,1843710,1000312,1000312,1000313,1001406,1.843133099,1.841121383
7,1843456,1000156,1000156,1000157,1001198,1.843166623,1.841250182
7,1829621,1000416,1000416,981666,1001927,1.863791758,1.826102101
7,1843827,1000364,1000364,1000261,1001562,1.843345887,1.840951434
7,1844069,1000469,1000469,1000417,1001563,1.843300344,1.841191218
7,1843883,1000364,1000364,1000365,1001510,1.843210228,1.841102935
7,1837343,1000313,1000313,985416,1001875,1.864535384,1.833904429
7,1843193,1000000,1000000,1000000,1001146,1.843193000,1.841083119
7,1844107,1000521,1000521,1000468,1001615,1.843244362,1.841133569
7,1843633,1000208,1000208,1000208,1001354,1.843249604,1.841140096
7,1829396,1000625,1000625,984948,1002187,1.857352875,1.825403842
7,1843410,1000104,1000104,1000052,1001303,1.843314148,1.841011162
7,1843854,1000364,1000364,1000365,1001510,1.843181239,1.841073978
7,1844215,1000521,1000521,1000520,1001615,1.843256507,1.841241395
7,1837055,1000573,1000573,987656,1002084,1.860015025,1.833234539
7,1843425,1000104,1000104,1000104,1001302,1.843233304,1.841027982
7,1843440,1000104,1000104,1000105,1001250,1.843246459,1.841138577
7,1844044,1000416,1000416,1000417,1001875,1.843275354,1.840592888
7,1829130,1000572,1000572,981928,1002083,1.862794421,1.825327842
7,1844154,1000521,1000521,1000521,1001615,1.843193696,1.841180494
7,1843152,1000000,1000000,999947,1001146,1.843249692,1.841042166
7,1843231,1000052,1000052,1000000,1001093,1.843231000,1.841218548
7,1835611,1000469,1000469,983022,1001615,1.867314262,1.832651268
7,1843690,1000261,1000261,1000260,1001354,1.843210765,1.841197019
7,1843900,1000364,1000364,1000365,1001510,1.843227222,1.841119909
7,1843615,1000156,1000156,1000104,1001302,1.843423284,1.841217735
7,1828827,1000156,1000156,983489,1001615,1.859529695,1.825878207
7,1843567,1000209,1000209,1000156,1001719,1.843279448,1.840403347
7,1843721,1000313,1000313,1000260,1001406,1.843241757,1.841132368
7,1843507,1000156,1000156,1000156,1001250,1.843219458,1.841205493
7,1835750,1000104,1000104,995468,1001302,1.844107495,1.833362961
7,1843478,1000156,1000156,1000156,1001302,1.843190462,1.841080913
7,1844118,1000521,1000521,1000469,1001615,1.843253514,1.841144552
7,1844114,1000521,1000521,1000469,1001614,1.843249516,1.841142396
7,1828236,1000261,1000261,983854,1001667,1.858239129,1.825193403
7,1843444,1000156,1000156,1000104,1001354,1.843252302,1.840951352
7,1843161,1000000,1000000,999948,1001094,1.843256849,1.841146785
7,1844054,1000469,1000469,1000417,1001875,1.843285350,1.840602870
7,1834844,1000312,1000312,981928,1001562,1.868613585,1.831982443
7,1843701,1000313,1000313,1000261,1001407,1.843219920,1.841110557
7,1843554,1000156,1000156,1000157,1001354,1.843264607,1.841061203
7,1843294,1000052,1000052,1000053,1001198,1.843196311,1.841088376
7,1827730,1000260,1000260,985416,1001718,1.854780113,1.824595345
7,1844177,1000520,1000520,1000469,1001614,1.843312486,1.841205295
7,1843407,1000104,1000104,1000156,1001198,1.843119473,1.841201241
7,1843978,1000417,1000417,1000416,1001562,1.843211224,1.841102198
7,1838810,1000469,1000469,995885,1001667,1.846407969,1.835749805
7,1843764,1000312,1000312,1000260,1001719,1.843284746,1.840600009
7,1843344,1000052,1000052,1000104,1001250,1.843152312,1.841042697
7,1843471,1000105,1000105,1000156,1001302,1.843183463,1.841073922
7,1795852,1000261,1000261,956458,1001771,1.877606753,1.792677169
7,1844044,1000469,1000469,1000417,1001666,1.843275354,1.840976932
7,1844143,1000521,1000521,1000521,1001667,1.843182702,1.841073930
7,1843408,1000104,1000104,1000104,1001250,1.843216306,1.841106617
7,1837183,1000417,1000417,979791,1002083,1.875076419,1.833364103
7,1843735,1000261,1000261,1000312,1001406,1.843159934,1.841146348
7,1843828,1000364,1000364,1000313,1001458,1.843251062,1.841143613
7,1843803,1000312,1000312,1000312,1001562,1.843227913,1.840927471
7,1825130,1000521,1000521,981302,1002136,1.859906532,1.821239832
7,1843420,1000156,1000156,1000105,1001355,1.843226461,1.840925546
7,1843545,1000208,1000208,1000157,1001354,1.843255609,1.841052215
7,1843722,1000260,1000260,1000261,1001406,1.843240914,1.841133366
7,1838225,1000208,1000208,995937,1001354,1.845724177,1.835739409
7,1843824,1000365,1000365,1000312,1001458,1.843248906,1.841139618
7,1843134,999948,999948,999948,1001094,1.843229848,1.841119815
7,1843448,1000156,1000156,1000104,1001250,1.843256301,1.841146567
7,1827836,1000260,1000260,983592,1001719,1.858327437,1.824699342
7,1843849,1000365,1000365,1000364,1001458,1.843178083,1.841164582
7,1843852,1000313,1000313,1000312,1001771,1.843276898,1.840592311
7,1869274,1019792,1019792,1002343,1021250,1.864904529,1.830378458
7,1843661,1000261,1000261,1000208,1001355,1.843277598,1.841166220
7,1844066,1000469,1000469,1000469,1001562,1.843201538,1.841190061
7,1844160,1000521,1000521,1000521,1001615,1.843199693,1.841186484
7,1834900,1000104,1000104,987138,1001354,1.858807988,1.832418905
7,1837165,1000625,1000625,993021,1002083,1.850076685,1.833346140
7,1844030,1000468,1000468,1000469,1001563,1.843165555,1.841152279
7,1843551,1000208,1000208,1000208,1001354,1.843167621,1.841058207
7,1836865,1000417,1000417,992916,1001614,1.849970189,1.833905077
7,1844149,1000520,1000520,1000521,1001927,1.843188699,1.840602160
7,1843519,1000156,1000156,1000157,1001302,1.843229613,1.841121859
7,1844043,1000469,1000469,1000469,1001614,1.843178549,1.841071511
7,1833182,1000104,1000104,990781,1001250,1.850239357,1.830893383
7,1836858,1000573,1000573,992188,1002031,1.851320516,1.833134903
7,1843423,1000156,1000156,1000157,1001250,1.843133628,1.841121598
7,1844071,1000468,1000468,1000469,1001615,1.843206536,1.841097627
7,1832955,1000208,1000208,982552,1001406,1.865504319,1.830381484
7,1843863,1000365,1000365,1000364,1001458,1.843192078,1.841178562
7,1843204,1000000,1000000,999947,1001145,1.843301695,1.841095945
7,1843742,1000312,1000312,1000313,1001407,1.843165089,1.841151500
7,1835006,1000573,1000573,984687,1001771,1.863542425,1.831761950
7,1837862,1000469,1000469,994428,1001927,1.848159947,1.834327251
7,1843721,1000313,1000313,1000260,1001406,1.843241757,1.841132368
7,1843774,1000313,1000313,1000313,1001458,1.843197079,1.841089691
7,1835740,1000416,1000416,989480,1001667,1.855257307,1.832684914
7,1843555,1000209,1000209,1000156,1001615,1.843267450,1.840582459
7,1843489,1000156,1000156,1000156,1001250,1.843201461,1.841187516
7,1844148,1000521,1000521,1000520,1001614,1.843189541,1.841176341
7,1841426,1007032,1007032,988801,1008229,1.862281693,1.826396583
7,1842986,999896,999896,999896,1001146,1.843177690,1.840876356
7,1843363,1000104,1000104,1000104,1000938,1.843171310,1.841635546
7,1843471,1000157,1000157,1000104,1000990,1.843279299,1.841647769
7,1837625,1000416,1000416,989739,1001562,1.856676356,1.834759106
7,1843352,1000052,1000052,1000104,1000938,1.843160311,1.841624556
7,1843912,1000416,1000416,1000417,1001250,1.843143409,1.841609988
7,1843637,1000209,1000209,1000208,1001094,1.843253603,1.841622265
7,1823844,1000625,1000625,979532,1001615,1.861954484,1.820903241
7,1843631,1000208,1000208,1000261,1001198,1.843149938,1.841424973
7,1843982,1000417,1000417,1000417,1001303,1.843213380,1.841582418
7,1843175,1000000,1000000,999948,1001042,1.843270850,1.841256411
7,1839321,1000052,1000052,995679,1001042,1.847303197,1.837406423
7,1843995,1000416,1000416,1000417,1001458,1.843226375,1.841310369
7,1843276,1000052,1000052,1000000,1000885,1.843276000,1.841646143
7,1844009,1000469,1000469,1000416,1001302,1.843242211,1.841611222
7,1828081,1000261,1000261,980729,1001302,1.864002186,1.825703933
7,1843921,1000364,1000364,1000365,1001615,1.843248214,1.840947869
7,1843350,1000105,1000105,1000052,1001302,1.843254151,1.840953079
7,1843699,1000260,1000260,1000261,1001354,1.843217920,1.841206007
7,1836435,1000365,1000365,986979,1001510,1.860662689,1.833666164
7,1843481,1000156,1000156,1000209,1001198,1.843095793,1.841275152
7,1843178,1000000,1000000,999896,1001042,1.843369710,1.841259408
7,1843992,1000417,1000417,1000416,1001562,1.843225218,1.841116177
7,1830528,1000677,1000677,987239,1001875,1.854189310,1.827102183
7,1843324,1000052,1000052,1000104,1001146,1.843132314,1.841213969
7,1843263,1000052,1000052,1000000,1000990,1.843263000,1.841439974
7,1843912,1000364,1000364,1000417,1001354,1.843143409,1.841418719
7,1838765,1000365,1000365,995677,1001459,1.846748494,1.836086150
7,1843234,1000052,1000052,1000000,1001093,1.843234000,1.841221545
7,1844003,1000416,1000416,1000417,1001407,1.843234371,1.841412133
7,1844111,1000468,1000468,1000521,1001459,1.843150718,1.841424362
7,1827356,1000416,1000416,984479,1001459,1.856165545,1.824693772
7,1844161,1000521,1000521,1000469,1001667,1.843296494,1.841091900
7,1843823,1000313,1000313,1000364,1001354,1.843152093,1.841329839
7,1843780,1000312,1000312,1000312,1001302,1.843204920,1.841382520
7,1835594,1000729,1000729,977656,1002031,1.877545885,1.831873465
7,1843237,1000000,1000000,1000052,1001198,1.843141157,1.841031444
7,1843883,1000417,1000417,1000364,1001562,1.843212071,1.841007347
7,1843296,1000053,1000053,1000104,1001094,1.843104317,1.841281638
7,1826643,1000365,1000365,984635,1001458,1.855147339,1.823983632
7,1843749,1000260,1000260,1000261,1001511,1.843267907,1.840967298
7,1843722,1000260,1000260,1000261,1001459,1.843240914,1.841035929
7,1843572,1000208,1000208,1000208,1001198,1.843188617,1.841366043
7,1836421,1000416,1000416,997448,1001511,1.841119537,1.833650354
7,1843615,1000209,1000209,1000208,1001510,1.843231608,1.840835339
7,1843648,1000260,1000260,1000261,1001250,1.843166933,1.841346317
7,1843224,1000052,1000052,1000000,1001042,1.843224000,1.841305360
7,1828586,1000573,1000573,984897,1001823,1.856626632,1.825258554
7,1844048,1000469,1000469,1000417,1001511,1.843279353,1.841265847
7,1843122,1000000,1000000,999947,1001041,1.843219691,1.841205305
7,1844158,1000521,1000521,1000521,1001510,1.843197694,1.841377520
7,1837702,1000886,1000886,994271,1002292,1.848290858,1.833499619
7,1843804,1000365,1000365,1000364,1001719,1.843133100,1.840639940
7,1843190,1000000,1000000,1000000,1001146,1.843190000,1.841080122
7,1844180,1000521,1000521,1000520,1001667,1.843221525,1.841110868
7,1827465,1000625,1000625,978750,1001979,1.867141762,1.823855590
7,1843501,1000156,1000156,1000157,1001250,1.843211616,1.841199501
7,1843897,1000364,1000364,1000365,1001459,1.843224223,1.841210674
7,1843308,1000052,1000052,1000053,1001198,1.843210310,1.841102359
7,1837289,1000625,1000625,995729,1001823,1.845169720,1.833945717
7,1843664,1000260,1000260,1000209,1001459,1.843278755,1.840978013
7,1843499,1000208,1000208,1000157,1001250,1.843209616,1.841197503
7,1843239,1000000,1000000,1000000,1001198,1.843239000,1.841033442
7,1827166,1000678,1000678,977345,1001875,1.869519975,1.823746475
7,1843688,1000313,1000313,1000260,1001302,1.843208766,1.841290640
7,1843202,1000000,1000000,1000000,1001042,1.843202000,1.841283383
7,1843847,1000365,1000365,1000312,1001459,1.843271899,1.841160746
7,1837630,1000677,1000677,980729,1001928,1.873738821,1.834093867
7,1843992,1000417,1000417,1000365,1001562,1.843319188,1.841116177
7,1843283,1000052,1000052,1000000,1001198,1.843283000,1.841077389
7,1843364,1000052,1000052,1000052,1001198,1.843268150,1.841158292
7,1827863,1000313,1000313,984740,1001615,1.856188436,1.824915761
7,1843534,1000209,1000209,1000208,1001406,1.843150625,1.840945630
7,1843624,1000208,1000208,1000260,1001094,1.843144782,1.841609279
7,1843702,1000260,1000260,1000261,1001146,1.843220919,1.841591536
7,1836412,1000417,1000417,991666,1001563,1.851845279,1.833546167
7,1844099,1000521,1000521,1000469,1001458,1.843234523,1.841414218
7,1843294,1000052,1000052,1000052,1000937,1.843198154,1.841568450
7,1843966,1000417,1000417,1000417,1001302,1.843197387,1.841568278
7,1831395,1000782,1000782,986249,1002083,1.856929639,1.827588134
7,1843556,1000208,1000208,1000156,1001302,1.843268450,1.841158811
7,1843401,1000104,1000104,1000104,1001197,1.843209306,1.841197087
7,1843352,1000104,1000104,1000052,1001198,1.843256151,1.841146307
7,1835149,1000677,1000677,982657,1001875,1.867537706,1.831714535
7,1843925,1000416,1000416,1000417,1001511,1.843156404,1.841143033
7,1843414,1000156,1000156,1000104,1001250,1.843222305,1.841112609
7,1843096,999948,999948,999895,1001094,1.843289545,1.841081856
7,1828091,1000261,1000261,983751,1001771,1.858286294,1.824859174
7,1844196,1000573,1000573,1000521,1001667,1.843235674,1.841126842
7,1843585,1000208,1000208,1000208,1001355,1.843201614,1.841090323
7,1843827,1000313,1000313,1000312,1001459,1.843251905,1.841140776
7,1835354,1000313,1000313,992344,1001510,1.849513878,1.832586794
7,1843581,1000208,1000208,1000209,1001354,1.843195772,1.841088167
7,1843589,1000208,1000208,1000209,1001667,1.843203770,1.840520852
7,1843776,1000313,1000313,1000312,1001458,1.843200921,1.841091688
7,1829309,1000417,1000417,982135,1001875,1.862584064,1.825885465
7,1843904,1000365,1000365,1000365,1001510,1.843231221,1.841123903
7,1843253,1000000,1000000,1000052,1001197,1.843157156,1.841049264
7,1843670,1000260,1000260,1000260,1001407,1.843190770,1.841079601
7,1836986,1000261,1000261,982135,1001510,1.870400709,1.834216333
7,1843970,1000417,1000417,1000417,1001562,1.843201385,1.841094211
7,1844084,1000521,1000521,1000469,1001615,1.843219530,1.841110606
7,1843900,1000417,1000417,1000365,1001510,1.843227222,1.841119909
7,1819573,1000521,1000521,977343,1002083,1.861754778,1.815790708
7,1843736,1000313,1000313,1000260,1001406,1.843256753,1.841147347
7,1843550,1000157,1000157,1000208,1001302,1.843166621,1.841152819
7,1844174,1000573,1000573,1000521,1001666,1.843213686,1.841106716
7,1836001,1000052,1000052,995209,1001250,1.844839627,1.833708864
7,1843399,1000104,1000104,1000052,1001198,1.843303148,1.841193250
7,1843527,1000156,1000156,1000157,1001302,1.843237612,1.841129849
7,1843804,1000364,1000364,1000313,1001406,1.843227070,1.841215251
7,1811886,1000260,1000260,972553,1001511,1.863020319,1.809152371
7,1843873,1000365,1000365,1000364,1001823,1.843202074,1.840517736
7,1843476,1000157,1000157,1000104,1001250,1.843284298,1.841174532
7,1843950,1000417,1000417,1000365,1001823,1.843277204,1.840594596
7,1835974,1000729,1000729,980938,1002239,1.871651419,1.831872438
7,1843290,1000000,1000000,1000052,1001250,1.843194154,1.840988764
7,1843262,1000052,1000052,1000000,1001146,1.843262000,1.841152040
7,1843963,1000416,1000416,1000417,1001511,1.843194388,1.841180976
7,1830686,1000469,1000469,982084,1001979,1.864082909,1.827070228
7,1843475,1000157,1000157,1000156,1001406,1.843187463,1.840886713
7,1843834,1000365,1000365,1000313,1001458,1.843257061,1.841149604
7,1843547,1000156,1000156,1000209,1001302,1.843161779,1.841149823
7,1838276,1000573,1000573,996302,1001771,1.845099177,1.835026169
7,1843378,1000104,1000104,1000052,1001198,1.843282149,1.841172276
7,1843591,1000208,1000208,1000209,1001302,1.843205770,1.841193766
7,1843128,999948,999948,999948,1001094,1.843223848,1.841113821
7,1826902,1000417,1000417,980260,1001927,1.863691266,1.823388331
7,1843171,1000000,1000000,999948,1001197,1.843266850,1.840967362
7,1843765,1000313,1000313,1000312,1001407,1.843189925,1.841174468
7,1843652,1000261,1000261,1000208,1001666,1.843268600,1.840585584
7,1835109,1000365,1000365,983488,1001667,1.865919055,1.832054964
7,1843288,1000052,1000052,1000053,1001146,1.843190311,1.841178010
7,1843387,1000052,1000052,1000052,1001198,1.843291149,1.841181265
7,1843835,1000313,1000313,1000365,1001823,1.843162246,1.840479805
7,1817261,1000521,1000521,976249,1002084,1.861472841,1.813481704
7,1843695,1000261,1000261,1000312,1001459,1.843119947,1.841008968
7,1843511,1000156,1000156,1000156,1001354,1.843223457,1.841018261
7,1844088,1000468,1000468,1000469,1001562,1.843223528,1.841212027
7,1835491,1000417,1000417,995624,1001615,1.843558412,1.832531462
7,1843944,1000364,1000364,1000365,1001458,1.843271206,1.841259444
7,1843947,1000365,1000365,1000364,1001511,1.843276048,1.841165000
7,1843406,1000105,1000105,1000104,1001198,1.843214306,1.841200242
7,1826558,1000313,1000313,983645,1001771,1.856928058,1.823328885
7,1844022,1000469,1000469,1000416,1001875,1.843255206,1.840570930
7,1843818,1000365,1000365,1000312,1001459,1.843242908,1.841131789
7,1844172,1000521,1000521,1000469,1001666,1.843307489,1.841104720
7,1835751,1000573,1000573,982760,1001771,1.867954536,1.832505633
7,1843510,1000208,1000208,1000157,1001250,1.843220614,1.841208489
7,1843985,1000416,1000416,1000469,1001563,1.843120576,1.841107349
7,1843938,1000365,1000365,1000364,1001563,1.843267051,1.841060423
7,1794645,1000052,1000052,955938,1001562,1.877365478,1.791846136
7,1843969,1000417,1000417,1000417,1001562,1.843200385,1.841093212
7,1843171,1000000,1000000,1000000,1001094,1.843171000,1.841156774
7,1843537,1000208,1000208,1000157,1001458,1.843247610,1.840853036
7,1838163,1000625,1000625,990625,1002084,1.855558864,1.834340235
7,1844144,1000469,1000469,1000468,1001615,1.843281344,1.841170510
7,1843637,1000208,1000208,1000261,1001354,1.843155936,1.841144091
7,1843819,1000364,1000364,1000365,1001458,1.843146252,1.841134626
7,1827422,1000260,1000260,981302,1001771,1.862242205,1.824191357
7,1843545,1000156,1000156,1000157,1001302,1.843255609,1.841147826
7,1843365,1000104,1000104,1000052,1001197,1.843269150,1.841161130
7,1843689,1000261,1000261,1000260,1001355,1.843209765,1.841194182
7,1834721,1000261,1000261,980781,1001459,1.870673473,1.832048042
7,1843730,1000312,1000312,1000261,1001406,1.843248912,1.841141355
7,1843256,1000052,1000052,1000000,1001459,1.843256000,1.840570607
7,1843152,1000000,1000000,999948,1001093,1.843247849,1.841139634
7,1825303,1000625,1000625,982084,1002084,1.858601708,1.821506979
7,1843547,1000208,1000208,1000156,1001406,1.843259452,1.840958612
7,1843681,1000260,1000260,1000261,1001458,1.843199925,1.840996827
7,1843278,1000000,1000000,1000000,1001146,1.843278000,1.841168021
7,1838641,1000208,1000208,995469,1001406,1.847009801,1.836059500
7,1843490,1000156,1000156,1000156,1001250,1.843202460,1.841188514
7,1843646,1000261,1000261,1000208,1001355,1.843262601,1.841151240
7,1843479,1000156,1000156,1000208,1001563,1.843095636,1.840602139
7,1828074,1000364,1000364,982450,1001927,1.860729808,1.824558077
7,1843904,1000417,1000417,1000365,1001562,1.843231221,1.841028314
7,1843418,1000104,1000104,1000104,1001250,1.843226304,1.841116604
7,1843156,1000000,1000000,999948,1001042,1.843251849,1.841237431
7,1836274,1000678,1000678,982916,1001875,1.868190161,1.832837430
7,1844109,1000521,1000521,1000521,1001614,1.843148720,1.841137404
7,1843193,1000000,1000000,1000000,1001146,1.843193000,1.841083119
7,1843595,1000208,1000208,1000209,1001354,1.843209769,1.841102148
7,1829232,1000104,1000104,984480,1001667,1.858069235,1.826187745
7,1843937,1000417,1000417,1000365,1001562,1.843264209,1.841061262
7,1843500,1000209,1000209,1000208,1001615,1.843116632,1.840527548
7,1843149,1000000,1000000,999948,1001094,1.843244849,1.841134799
7,1837887,1000365,1000365,995782,1001510,1.845672045,1.835115975
7,1844222,1000521,1000521,1000573,1001615,1.843165866,1.841248384
7,1843346,1000104,1000104,1000052,1001198,1.843250151,1.841140314
7,1844150,1000521,1000521,1000521,1001615,1.843189698,1.841176500
7,1798461,1000677,1000677,960730,1001875,1.871973395,1.795095197
7,1843477,1000156,1000156,1000157,1001302,1.843187620,1.841079914
7,1843696,1000261,1000261,1000260,1001407,1.843216764,1.841105564
7,1843751,1000312,1000312,1000313,1001406,1.843174087,1.841162326
7,1835171,1000573,1000573,979010,1001979,1.874517114,1.831546370
7,1843341,1000052,1000052,1000104,1001302,1.843149312,1.840944091
7,1843249,1000052,1000052,1000052,1001146,1.843153156,1.841139055
7,1844162,1000520,1000520,1000521,1001614,1.843201692,1.841190319
7,1828185,1000417,1000417,982291,1001927,1.861143999,1.824668863
7,1843346,1000104,1000104,1000104,1001302,1.843154312,1.840949084
7,1843747,1000313,1000313,1000313,1001406,1.843170088,1.841158331
7,1844075,1000468,1000468,1000469,1001562,1.843210534,1.841199047
7,1835190,1000156,1000156,991927,1001406,1.850126068,1.832613346
7,1843854,1000365,1000365,1000313,1001511,1.843277054,1.841072140
7,1843319,1000052,1000052,1000052,1001145,1.843223152,1.841210814
7,1843190,1000000,1000000,1000000,1001407,1.843190000,1.840600275
7,1828900,1000573,1000573,983177,1002135,1.860194044,1.825003617
7,1844010,1000469,1000469,1000469,1001615,1.843145565,1.841036726
7,1843294,1000052,1000052,1000052,1001146,1.843198154,1.841184003
7,1843728,1000313,1000313,1000260,1001355,1.843248755,1.841233129
7,1836494,1000261,1000261,982865,1001511,1.868510935,1.833723244
7,1843923,1000417,1000417,1000364,1001562,1.843252056,1.841047284
7,1843584,1000208,1000208,1000208,1001407,1.843200614,1.840993722
7,1843199,1000000,1000000,1000000,1001093,1.843199000,1.841186583
7,1831010,1000417,1000417,984792,1002031,1.859286022,1.827298756
7,1843275,1000052,1000052,1000053,1001562,1.843177312,1.840400295
7,1843945,1000365,1000365,1000416,1001563,1.843178238,1.841067412
7,1843638,1000208,1000208,1000208,1001355,1.843254603,1.841143251
7,1835732,1000209,1000209,995468,1001355,1.844089413,1.833247949
7,1843385,1000104,1000104,1000105,1001198,1.843191465,1.841179267
7,1843766,1000312,1000312,1000313,1001458,1.843189082,1.841081703
7,1843702,1000312,1000312,1000260,1001406,1.843222762,1.841113395
7,1828834,1000365,1000365,984843,1001979,1.856980250,1.825221886
7,1843930,1000365,1000365,1000365,1001615,1.843257211,1.840956855
7,1844053,1000468,1000468,1000417,1001562,1.843284350,1.841177081
7,1843238,1000000,1000000,1000000,1001458,1.843238000,1.840554472
7,1834576,1000469,1000469,982969,1001667,1.866362011,1.831522851
7,1843329,1000052,1000052,1000105,1001198,1.843135471,1.841123334
7,1843457,1000104,1000104,1000104,1001250,1.843265300,1.841155556
7,1843902,1000417,1000417,1000417,1001511,1.843133413,1.841120068
7,1826502,1000573,1000573,986459,1001979,1.851574166,1.822894492
7,1843713,1000312,1000312,1000260,1001719,1.843233759,1.840549096
7,1844172,1000520,1000520,1000521,1001615,1.843211687,1.841198464
7,1844109,1000469,1000469,1000468,1001615,1.843246361,1.841135566
7,1835163,1000364,1000364,989584,1001823,1.854479256,1.831823586
7,1843635,1000209,1000209,1000208,1001667,1.843251604,1.840566775
7,1843719,1000261,1000261,1000260,1001355,1.843239758,1.841224141
7,1843839,1000312,1000312,1000365,1001511,1.843166244,1.841057163
7,1827105,1000625,1000625,980573,1002083,1.863303395,1.823307051
7,1843495,1000156,1000156,1000157,1001303,1.843205617,1.841096052
7,1844003,1000468,1000468,1000469,1001562,1.843138568,1.841127159
7,1843419,1000104,1000104,1000052,1001250,1.843323147,1.841117603
7,1836503,1000104,1000104,981875,1001302,1.870404074,1.834114982
7,1843469,1000156,1000156,1000156,1001302,1.843181464,1.841071924
7,1843354,1000052,1000052,1000052,1001198,1.843258151,1.841148304
7,1843910,1000417,1000417,1000364,1001510,1.843239061,1.841129894
7,1824342,1000313,1000313,981145,1001875,1.859401006,1.820927760
7,1843706,1000312,1000312,1000260,1001510,1.843226761,1.840926201
7,1843787,1000313,1000313,1000312,1001458,1.843211918,1.841102672
7,1843636,1000209,1000209,1000208,1001354,1.843252603,1.841143092
7,1838730,1000521,1000521,995521,1001719,1.847002725,1.835574647
7,1843445,1000156,1000156,1000156,1001198,1.843157467,1.841239195
7,1844113,1000469,1000469,1000520,1001667,1.843154560,1.841043980
7,1843388,1000105,1000105,1000104,1001198,1.843196308,1.841182264
7,1829483,1000469,1000469,983594,1001979,1.859998129,1.825869604
7,1843908,1000364,1000364,1000417,1001562,1.843139411,1.841032308
7,1843966,1000417,1000417,1000416,1001875,1.843199229,1.840515034
7,1843643,1000208,1000208,1000208,1001354,1.843259602,1.841150083
7,1835933,1000625,1000625,982657,1001823,1.868335543,1.832592184
7,1843765,1000261,1000261,1000312,1001458,1.843189925,1.841080704
7,1843767,1000312,1000312,1000313,1001459,1.843190082,1.841080863
7,1843288,1000052,1000052,1000053,1001198,1.843190311,1.841082383
7,1822689,1000312,1000312,982866,1001928,1.854463375,1.819181618
7,1843899,1000365,1000365,1000364,1001562,1.843228065,1.841023322
7,1843377,1000104,1000104,1000104,1001250,1.843185309,1.841075655
7,1843847,1000365,1000365,1000365,1001511,1.843174241,1.841065151
7,1836338,1000312,1000312,995573,1001718,1.844503618,1.833188582
7,1843444,1000104,1000104,1000105,1001250,1.843250459,1.841142572
7,1843310,1000052,1000052,1000052,1001198,1.843214153,1.841104357
7,1843201,1000000,1000000,1000000,1001146,1.843201000,1.841091110
7,1800376,1000157,1000157,961354,1001719,1.872750308,1.797286465
7,1843759,1000260,1000260,1000208,1001458,1.843375578,1.841074713
7,1843359,1000104,1000104,1000052,1001198,1.843263150,1.841153298
7,1844085,1000469,1000469,1000468,1001666,1.843222372,1.841017864
7,1830344,1000312,1000312,972761,1001823,1.881596816,1.827013355
7,1844042,1000469,1000469,1000469,1001615,1.843177550,1.841068674
7,1843500,1000157,1000157,1000156,1001615,1.843212459,1.840527548
7,1843993,1000416,1000416,1000417,1001510,1.843224375,1.841212769
7,1827189,1000573,1000573,981042,1002083,1.862498242,1.823390877
7,1843890,1000417,1000417,1000365,1001563,1.843217226,1.841012497
7,1843990,1000417,1000417,1000417,1001563,1.843221377,1.841112341
7,1843291,1000052,1000052,1000053,1001145,1.843193311,1.841182846
7,1838066,1000260,1000260,995729,1001511,1.845950053,1.835292872
7,1843649,1000260,1000260,1000208,1001354,1.843265601,1.841156075
7,1843860,1000365,1000365,1000364,1001510,1.843189079,1.841079969
7,1844053,1000469,1000469,1000469,1001615,1.843188545,1.841079656
7,1828475,1000364,1000364,981980,1001615,1.862028758,1.825526774
7,1843851,1000313,1000313,1000312,1001771,1.843275898,1.840591313
7,1843438,1000156,1000156,1000156,1001302,1.843150469,1.841040965
7,1844173,1000521,1000521,1000469,1001614,1.843308488,1.841201301
7,1834765,1000364,1000364,982084,1001563,1.868236322,1.831901738
7,1843527,1000157,1000157,1000156,1001250,1.843239455,1.841225468
7,1843636,1000209,1000209,1000208,1001354,1.843252603,1.841143092
7,1843294,1000052,1000052,1000052,1001146,1.843198154,1.841184003
7,1823509,1000260,1000260,979739,1001718,1.861219161,1.820381584
7,1843341,1000052,1000052,1000053,1001197,1.843243308,1.841137159
7,1844095,1000468,1000468,1000469,1001563,1.843230525,1.841217178
7,1844107,1000521,1000521,1000469,1001875,1.843242519,1.840655770
7,1838530,1000104,1000104,995417,1001302,1.846994777,1.836139347
7,1843262,999948,999948,999948,1001094,1.843357855,1.841247675
7,1843753,1000313,1000313,1000313,1001458,1.843176086,1.841068722
7,1849227,1007343,1007343,999635,1008594,1.849902214,1.833470157
7,1835397,1000261,1000261,990886,1001823,1.852278668,1.832057160
7,1843443,1000105,1000105,1000156,1001302,1.843155468,1.841045958
7,1844100,1000469,1000469,1000469,1001615,1.843235523,1.841126581
7,1835578,1000469,1000469,982188,1001666,1.868866246,1.832525013
7,1843701,1000260,1000260,1000208,1001406,1.843317590,1.841112396
7,1843540,1000208,1000208,1000208,1001614,1.843156623,1.840569321
7,1843265,1000053,1000053,1000052,1001146,1.843169155,1.841155036
7,1831301,1000625,1000625,981563,1001823,1.865698890,1.827968613
7,1809426,1000157,1000157,974218,1001771,1.857311197,1.806227172
7,1844070,1000521,1000521,1000521,1001615,1.843109740,1.841096629
7,1843379,1000104,1000104,1000105,1001198,1.843185466,1.841173274
7,1835727,1000416,1000416,989948,1001667,1.854367098,1.832671936
7,1843129,999947,999947,999948,1001406,1.843224848,1.840541199
7,1843472,1000156,1000156,1000104,1001250,1.843280299,1.841170537
7,1843418,1000104,1000104,1000156,1001302,1.843130472,1.841020991
7,1835689,1000573,1000573,990625,1001719,1.853061451,1.832538866
7,1837179,1000052,1000052,991979,1001510,1.852034166,1.834409042
7,1843742,1000313,1000313,1000312,1001406,1.843166932,1.841153338
7,1843272,1000052,1000052,1000000,1001146,1.843272000,1.841162028
7,1833181,1000312,1000312,980990,1001510,1.868705084,1.830417070
7,1844205,1000572,1000572,1000521,1001667,1.843244670,1.841135827
7,1843329,1000052,1000052,1000052,1001198,1.843233152,1.841123334
7,1844097,1000469,1000469,1000469,1001614,1.843232524,1.841125424
7,1834624,1000364,1000364,992136,1001563,1.849165840,1.831760958
7,1829998,1000104,1000104,987240,1001614,1.853650581,1.827049143
7,1843488,1000156,1000156,1000157,1001407,1.843198618,1.840897857
7,1844045,1000469,1000469,1000468,1001614,1.843182391,1.841073507
7,1834705,1000313,1000313,995573,1001458,1.842863356,1.832033895
7,1844009,1000469,1000469,1000468,1001614,1.843146407,1.841037565
7,1843547,1000209,1000209,1000156,1001302,1.843259452,1.841149823
7,1843885,1000365,1000365,1000365,1001458,1.843212228,1.841200530
7,1837344,1000156,1000156,995990,1012761,1.844741413,1.814193082
7,1843763,1000261,1000261,1000312,1001667,1.843187925,1.840694562
7,1844068,1000469,1000469,1000468,1001614,1.843205380,1.841096470
7,1843427,1000104,1000104,1000104,1001302,1.843235304,1.841029979
7,1834865,1000208,1000208,981772,1001407,1.868931891,1.832286972
7,1843361,1000104,1000104,1000104,1001562,1.843169310,1.840486161
7,1843934,1000416,1000416,1000417,1001563,1.843165400,1.841056429
7,1843320,1000052,1000052,1000052,1001250,1.843224152,1.841018727
7,1828344,1000364,1000364,981719,1001615,1.862390358,1.825395985
7,1843277,1000052,1000052,1000000,1001458,1.843277000,1.840593415
7,1843966,1000417,1000417,1000417,1001563,1.843197387,1.841088379
7,1843739,1000313,1000313,1000312,1001406,1.843163933,1.841150343
7,1835435,1000157,1000157,992135,1001302,1.849985133,1.833048371
7,1843561,1000208,1000208,1000209,1001354,1.843175776,1.841068194
7,1843930,1000416,1000416,1000365,1001511,1.843257211,1.841148025
7,1844086,1000521,1000521,1000416,1001875,1.843319179,1.840634810
7,1827784,1000625,1000625,979166,1001875,1.866674292,1.824363319
7,1843804,1000313,1000313,1000312,1001823,1.843228913,1.840448862
7,1843840,1000364,1000364,1000365,1001459,1.843167244,1.841153757
7,1843931,1000365,1000365,1000364,1001510,1.843260053,1.841150862
7,1834323,1000157,1000157,978645,1001771,1.874349739,1.831080157
7,1843848,1000364,1000364,1000313,1001511,1.843271056,1.841066149
7,1843134,999948,999948,999947,1001094,1.843231691,1.841119815
7,1843119,1000000,1000000,999948,1001146,1.843214847,1.841009203
7,1821765,1000625,1000625,978855,1001875,1.861118347,1.818355583
7,1843460,1000156,1000156,1000104,1001667,1.843268300,1.840392066
7,1843420,1000104,1000104,1000104,1001198,1.843228304,1.841214225
7,1843532,1000208,1000208,1000208,1001302,1.843148625,1.841134842
7,1837705,1000573,1000573,996302,1001771,1.844526057,1.834456178
7,1844325,1000625,1000625,1000572,1001771,1.843270649,1.841064475
7,1843374,1000052,1000052,1000052,1001198,1.843278150,1.841168280
7,1843642,1000208,1000208,1000261,1001354,1.843160935,1.841149084
7,1828589,1000312,1000312,983178,1001459,1.859875831,1.825924975
7,1843016,999896,999896,999895,1001459,1.843209537,1.840330957
7,1844146,1000521,1000521,1000469,1001614,1.843281501,1.841174345
7,1843911,1000416,1000416,1000365,1001615,1.843238218,1.840937885
7,1836721,1000625,1000625,983021,1001875,1.868445333,1.833283593
7,1843636,1000208,1000208,1000208,1001406,1.843252603,1.841047487
7,1843545,1000208,1000208,1000157,1001302,1.843255609,1.841147826
7,1844021,1000468,1000468,1000469,1001563,1.843156560,1.841143293
7,1826127,1000521,1000521,980574,1001979,1.862304120,1.822520232
7,1844209,1000521,1000521,1000521,1001666,1.843248667,1.841141658
7,1843595,1000261,1000261,1000208,1001354,1.843211612,1.841102148
7,1843703,1000261,1000261,1000208,1001354,1.843319590,1.841210002
7,1838664,1000209,1000209,995365,1001406,1.847225892,1.836082468
7,1843771,1000260,1000260,1000313,1001458,1.843194080,1.841086696
7,1843191,1000000,1000000,1000000,1001355,1.843191000,1.840696856
7,1843690,1000260,1000260,1000208,1001407,1.843306592,1.841099573
7,1828678,1000260,1000260,980833,1001562,1.864413208,1.825826060
7,1843446,1000156,1000156,1000104,1001302,1.843254302,1.841048954
7,1843994,1000417,1000417,1000416,1001563,1.843227217,1.841116335
7,1843880,1000365,1000365,1000365,1001458,1.843207229,1.841195537
7,1834746,1000156,1000156,982657,1001458,1.867127594,1.832074835
7,1843389,1000104,1000104,1000104,1001198,1.843197307,1.841183262
7,1843672,1000260,1000260,1000208,1001406,1.843288596,1.841083437
7,1843433,1000104,1000104,1000104,1001250,1.843241303,1.841131586
7,1830187,1000417,1000417,985052,1001614,1.857959783,1.827237838
7,1843804,1000364,1000364,1000312,1001459,1.843228913,1.841117809
7,1843391,1000104,1000104,1000104,1001250,1.843199307,1.841089638
7,1843348,1000104,1000104,1000052,1001511,1.843252151,1.840566903
7,1837353,1000677,1000677,990365,1002135,1.855228123,1.833438609
7,1843876,1000364,1000364,1000365,1001563,1.843203231,1.840998519
7,1843272,1000052,1000052,1000052,1001145,1.843176155,1.841163867
7,1843298,1000052,1000052,1000052,1001198,1.843202153,1.841092371
7,1813595,1000416,1000416,973282,1001875,1.863380808,1.810200873
7,1844012,1000417,1000417,1000417,1001719,1.843243368,1.840847583
7,1843334,1000052,1000052,1000052,1001511,1.843238152,1.840552925
7,1843427,1000156,1000156,1000104,1001250,1.843235304,1.841125593
7,1833440,1000312,1000312,980572,1001563,1.869765810,1.830578805
7,1843607,1000208,1000208,1000209,1001406,1.843221767,1.841018528
7,1843981,1000416,1000416,1000417,1001563,1.843212380,1.841103355
7,1843867,1000365,1000365,1000364,1001771,1.843196077,1.840607284
7,1829134,1000521,1000521,983959,1001875,1.858953473,1.825710792
7,1843824,1000364,1000364,1000312,1001459,1.843248906,1.841137780
7,1843195,1000000,1000000,1000000,1001145,1.843195000,1.841086955
7,1843152,999948,999948,1000000,1001094,1.843152000,1.841137795
7,1836339,1000157,1000157,996770,1001510,1.842289595,1.833570309
7,1843492,1000156,1000156,1000156,1001250,1.843204460,1.841190512
7,1843543,1000156,1000156,1000208,1001250,1.843159623,1.841241448
7,1843342,1000052,1000052,1000105,1001146,1.843148469,1.841231948
7,1829160,1000157,1000157,984479,1001562,1.857997987,1.826307308
7,1843754,1000313,1000313,1000260,1001406,1.843274749,1.841165322
7,1843640,1000209,1000209,1000208,1001302,1.843256603,1.841242702
7,1844095,1000468,1000468,1000469,1001614,1.843230525,1.841123427
7,1831201,1000521,1000521,978699,1001667,1.871056372,1.828153468
7,1843325,1000052,1000052,1000105,1001250,1.843131471,1.841023720
7,1843639,1000260,1000260,1000209,1001354,1.843253760,1.841146088
7,1843708,1000260,1000260,1000261,1001719,1.843226918,1.840544105
7,1826813,1000417,1000417,983178,1001771,1.858069444,1.823583434
7,1843489,1000157,1000157,1000208,1001407,1.843105634,1.840898855
7,1843357,1000104,1000104,1000052,1001250,1.843261150,1.841055680
7,1843848,1000364,1000364,1000313,1001562,1.843271056,1.840972401
7,1837349,1000156,1000156,995469,1001406,1.845711921,1.834769314
7,1844089,1000469,1000469,1000469,1001562,1.843224528,1.841213025
7,1844069,1000469,1000469,1000417,1001563,1.843300344,1.841191218
7,1843790,1000313,1000313,1000260,1001406,1.843310739,1.841201271
7,1819530,1000313,1000313,975782,1001823,1.864689039,1.816219033
7,1843511,1000156,1000156,1000157,1001615,1.843221614,1.840538530
7,1843173,999947,999947,999948,1001146,1.843268850,1.841063142
7,1843956,1000417,1000417,1000365,1001563,1.843283202,1.841078394
7,1835922,1000312,1000312,978126,1001823,1.876979040,1.832581204
7,1843498,1000156,1000156,1000156,1001302,1.843210459,1.841100887
7,1843448,1000156,1000156,1000156,1001302,1.843160467,1.841050952
7,1844180,1000521,1000521,1000521,1001667,1.843219683,1.841110868
7,1829250,1000417,1000417,980781,1001927,1.865095266,1.825731815
7,1843973,1000417,1000417,1000365,1001563,1.843300195,1.841095368
7,1843883,1000364,1000364,1000313,1001458,1.843306045,1.841198533
7,1844078,1000469,1000469,1000469,1001875,1.843213533,1.840626825
7,1835749,1000104,1000104,995260,1001250,1.844491892,1.833457179
7,1843731,1000313,1000313,1000260,1001407,1.843251755,1.841140515
7,1843267,1000053,1000053,1000052,1001146,1.843171155,1.841157034
7,1843175,1000000,1000000,999948,1001094,1.843270850,1.841160770
7,1827898,1000312,1000312,984739,1001823,1.856225863,1.824571806
7,1843976,1000417,1000417,1000365,1001562,1.843303194,1.841100201
7,1843725,1000260,1000260,1000261,1001354,1.843243913,1.841231972
7,1844065,1000468,1000468,1000469,1001614,1.843200539,1.841093475
7,1835563,1000156,1000156,981198,1001407,1.870736589,1.832983992
7,1843657,1000156,1000156,1000209,1001614,1.843271756,1.840686133
7,1843248,1000052,1000052,1000052,1001459,1.843152156,1.840562619
7,1843209,1000000,1000000,999948,1001094,1.843304852,1.841194733
7,1821980,1000469,1000469,980000,1001927,1.859163265,1.818475797
7,1844151,1000521,1000521,1000520,1001719,1.843192540,1.840986344
7,1843349,1000104,1000104,1000052,1001198,1.843253151,1.841143310
7,1843854,1000365,1000365,1000364,1001510,1.843183081,1.841073978
7,1835161,1000104,1000104,992188,1001250,1.849610155,1.832869913
7,1843274,1000052,1000052,1000000,1001146,1.843274000,1.841164026
7,1843276,1000052,1000052,1000000,1001146,1.843276000,1.841166024
7,1844073,1000468,1000468,1000469,1001771,1.843208535,1.840812920
7,1826516,1000365,1000365,983698,1001927,1.856785314,1.823003073
7,1843562,1000209,1000209,1000156,1001355,1.843274449,1.841067354
7,1843594,1000209,1000209,1000156,1001302,1.843306444,1.841196762
7,1843804,1000313,1000313,1000313,1001406,1.843227070,1.841215251
7,1836914,1000416,1000416,982552,1001666,1.869533623,1.833858791
7,1843256,1000052,1000052,1000000,1001145,1.843256000,1.841147886
7,1843941,1000417,1000417,1000416,1001563,1.843174240,1.841063418
7,1844153,1000520,1000520,1000573,1001614,1.843096905,1.841181333
7,1817629,1000677,1000677,974166,1002240,1.865830875,1.813566611
7,1843432,1000104,1000104,1000104,1001354,1.843240303,1.840939368
7,1843907,1000417,1000417,1000416,1001823,1.843140254,1.840551674
7,1843800,1000312,1000312,1000312,1001458,1.843224914,1.841115653
7,1834495,1000521,1000521,986562,1002032,1.859482729,1.830774865
7,1843716,1000312,1000312,1000261,1001510,1.843234916,1.840936186
7,1843232,1000052,1000052,1000000,1001146,1.843232000,1.841122074
7,1843888,1000416,1000416,1000417,1001510,1.843119419,1.841107927
7,1830503,1000625,1000625,982761,1002240,1.862612578,1.826411837
7,1843765,1000260,1000260,1000313,1001510,1.843188082,1.840985112
7,1843358,1000104,1000104,1000105,1001198,1.843164468,1.841152300
7,1843387,1000104,1000104,1000052,1001250,1.843291149,1.841085643
7,1835337,1000678,1000678,983854,1001980,1.865456663,1.831710214
7,1843184,1000000,1000000,1000000,1001198,1.843184000,1.840978508
7,1843260,1000052,1000052,1000052,1001145,1.843164155,1.841151881
7,1844056,1000469,1000469,1000469,1001563,1.843191543,1.841178238
7,1825818,1000208,1000208,983542,1001510,1.856370140,1.823065172
7,1843666,1000260,1000260,1000313,1001458,1.843089113,1.840981848
7,1833506,1000833,1000833,1000886,1002239,1.831882952,1.829409951
7,1843672,1000260,1000260,1000625,1001927,1.842520425,1.840126077
7,1834868,1000052,1000052,995625,1001250,1.842930822,1.832577278
7,1844131,1000521,1000521,1000468,1001563,1.843268350,1.841253121
7,1844063,1000468,1000468,1000625,1001927,1.842911181,1.840516325
7,1843536,1000156,1000156,1000209,1001718,1.843150781,1.840374237
7,1825307,1000313,1000313,974323,1001875,1.873410563,1.821890954
7,1843537,1000156,1000156,1000156,1001354,1.843249453,1.841044226
7,1840269,1000000,1000000,1000000,1001198,1.840269000,1.838066996
7,1843684,1000260,1000260,1000261,1001771,1.843202924,1.840424608
7,1835178,1000313,1000313,977762,1001719,1.876916878,1.832028743
7,1843199,1000000,1000000,1000000,1001250,1.843199000,1.840897878
7,1843309,1000052,1000052,1000105,1001250,1.843115473,1.841007740
7,1844038,1000469,1000469,1000469,1001718,1.843173552,1.840875376
7,1829819,1000365,1000365,981668,1001771,1.863989658,1.826584120
7,1843349,1000052,1000052,999948,1000990,1.843444859,1.841525889
7,1843368,1000104,1000104,1000104,1000989,1.843176310,1.841546710
7,1844109,1000469,1000469,1000573,1001615,1.843052931,1.841135566
7,1836981,1000261,1000261,991666,1001302,1.852419060,1.834592361
7,1843263,1000000,1000000,1000000,1000885,1.843263000,1.841633155
7,1844506,1000677,1000677,1000729,1001719,1.843162335,1.841340735
7,1844066,1000469,1000469,1000521,1001406,1.843105742,1.841476884
7,1834379,1000521,1000521,989219,1001563,1.854370973,1.831516340
7,1843867,1000364,1000364,1000365,1001250,1.843194234,1.841565044
7,1844209,1000573,1000573,1000521,1001562,1.843248667,1.841332838
7,1843992,1000416,1000416,1000417,1001406,1.843223376,1.841402987
7,1834332,1000625,1000625,978697,1001823,1.874259347,1.830994098
7,1843141,1000000,1000000,1000000,1001094,1.843141000,1.841126807
7,1843659,1000261,1000261,1000260,1001250,1.843179773,1.841357303
7,1843540,1000157,1000157,1000208,1001302,1.843156623,1.841142832
7,1810728,1000469,1000469,971718,1001511,1.863429514,1.807996118
7,1843340,1000052,1000052,1000104,1001198,1.843148313,1.841134321
7,1843824,1000365,1000365,1000312,1001250,1.843248906,1.841522097
7,1843890,1000365,1000365,1000364,1001250,1.843219068,1.841588015
7,1839545,1000521,1000521,997761,1001563,1.843672984,1.836674278
7,1844031,1000417,1000417,1000468,1001355,1.843168397,1.841535719
7,1841955,1000104,1000104,1000157,1001250,1.841665858,1.839655431
7,1843424,1000157,1000157,1000104,1001041,1.843232304,1.841506991
7,1819400,1000417,1000417,974999,1001459,1.866053196,1.816749363
7,1843150,999948,999948,999895,1001094,1.843343551,1.841135797
7,1843174,1000000,1000000,1000000,1001302,1.843174000,1.840777308
7,1844168,1000521,1000521,1000573,1001614,1.843111897,1.841196309
7,1833078,1000365,1000365,981041,1001563,1.868502947,1.830217370
7,1843942,1000417,1000417,1000364,1001458,1.843271049,1.841257447
7,1843583,1000208,1000208,1000208,1001250,1.843199614,1.841281398
7,1844074,1000469,1000469,1000468,1001614,1.843211377,1.841102461
7,1829052,1000469,1000469,983803,1001667,1.859164894,1.826008045
7,1843580,1000208,1000208,1000261,1001250,1.843098951,1.841278402
7,1843957,1000417,1000417,1000416,1001458,1.843190233,1.841272425
7,1843703,1000261,1000261,1000260,1001250,1.843223762,1.841401248
7,1839087,1000052,1000052,997345,1001094,1.843982774,1.837077238
7,1843894,1000364,1000364,1000469,1001406,1.843029619,1.841305125
7,1830581,1000573,1000573,1000625,1001719,1.829437601,1.827439631
7,1843714,1000313,1000313,1000312,1001302,1.843138941,1.841316606
7,1831881,1000417,1000417,986197,1001511,1.857520353,1.829117204
7,1843722,1000312,1000312,1000261,1001250,1.843240914,1.841420225
7,1844108,1000520,1000520,1000469,1001458,1.843243519,1.841423205
7,1843676,1000208,1000208,1000261,1001198,1.843194926,1.841469919
7,1959105,994479,994479,972865,1001666,2.013748053,1.955846560
7,2093314,1000573,1000573,1000729,1001667,2.091789086,2.089830253
7,2093342,1000573,1000573,1000625,1001666,2.092034478,2.089860293
7,2093500,1000312,1000312,1000313,1001198,2.092844940,2.090994988
7,2082553,1000573,1000573,986875,1001666,2.110250032,2.079089237
7,2093813,1000469,1000469,1000469,1001459,2.092831462,2.090762577
7,2093496,1000313,1000313,1000312,1001198,2.092843033,2.090990993
7,2093166,1000208,1000208,1000156,1001042,2.092839517,2.090987191
7,2086989,1000156,1000156,997449,1001094,2.092326525,2.084708329
7,2093457,1000313,1000313,1000312,1001093,2.092804045,2.091171350
7,1981490,1000052,1000052,1000052,1000990,1.981386968,1.979530265
7,1840703,1000052,1000052,1000000,1000938,1.840703000,1.838978039
7,1831890,1000468,1000468,985783,1001510,1.858309587,1.829128017
7,1843146,1000313,1000313,1000312,1001250,1.842571118,1.840844944
7,1843940,1000365,1000365,1000364,1001302,1.843269050,1.841542312
7,1843238,1000000,1000000,999948,1000938,1.843333853,1.841510663
7,1830548,1000104,1000104,971874,1001198,1.883523996,1.828357628
7,1843746,1000313,1000313,1000312,1001250,1.843170931,1.841444195
7,1842555,1000417,1000417,1000365,1001355,1.841882713,1.840061716
7,1844157,1000521,1000521,1000521,1001511,1.843196695,1.841374683
7,1831841,1000573,1000573,984844,1001718,1.860031640,1.828699295
7,1843271,1000052,1000052,1000052,1000989,1.843175155,1.841449806
7,1843684,1000260,1000260,1000208,1001146,1.843300593,1.841573557
7,1843252,1000364,1000364,1000417,1001354,1.842483684,1.840759611
7,1840384,1000677,1000677,998127,1001875,1.843837508,1.836939738
7,1834793,1000729,1000729,1000730,1001823,1.833454578,1.831454259
7,1840976,1000365,1000365,1000417,1001406,1.840208633,1.838391222
7,1843374,1000416,1000416,1000417,1001458,1.842605633,1.840690274
7,1834453,1000677,1000677,984481,1001875,1.863370649,1.831019838
7,1843357,1000052,1000052,1000052,1001146,1.843261150,1.841246931
7,1843670,1000260,1000260,1000260,1001198,1.843190770,1.841463926
7,1843429,1000104,1000104,1000104,1001146,1.843237303,1.841318849
7,1997701,1000625,1000625,977605,1001718,2.043464385,1.994274836
7,2093874,1000521,1000521,1000573,1001563,2.092674897,2.090606382
7,2093392,1000572,1000572,1000677,1001718,2.091975732,2.089801721
7,2094115,1000625,1000625,1000625,1001667,2.092806996,2.090629920
7,2078000,1000313,1000313,983385,1001406,2.113109311,2.075082434
7,2093295,1000209,1000209,1000208,1001250,2.092859685,2.090681648
7,2093130,1000156,1000156,1000156,1001041,2.092803523,2.090953318
7,2092978,1000104,1000104,1000052,1000937,2.092869171,2.091018715
7,2087573,1000156,1000156,997396,1001042,2.093023232,2.085400013
7,2093103,1000104,1000104,1000156,1000989,2.092776527,2.091034966
7,1828881,1000052,1000052,1000000,1000989,1.828881000,1.827074024
7,1843462,1000156,1000156,1000104,1001042,1.843270300,1.841543112
7,1830333,1000312,1000312,984429,1001407,1.859283910,1.827761340
7,1843558,1000208,1000208,1000209,1001146,1.843172777,1.841447701
7,1843567,1000208,1000208,1000157,1001145,1.843277605,1.841458530
7,1843639,1000261,1000261,1000260,1001146,1.843159778,1.841528608
7,1838772,1000260,1000260,984375,1001354,1.867958857,1.836285669
7,1843445,1000469,1000469,1000469,1001354,1.842580830,1.840952351
7,1844007,1000417,1000417,1000469,1001354,1.843142566,1.841513591
7,1843283,1000157,1000157,1000104,1001094,1.843091319,1.841268652
7,1833689,1000625,1000625,989583,1001771,1.852991614,1.830447278
7,1843473,1000416,1000416,1000417,1001459,1.842704592,1.840787291
7,1843287,1000156,1000156,1000157,1001145,1.842997649,1.841178850
7,1843347,1000157,1000157,1000156,1001198,1.843059483,1.841141313
7,1838306,1000261,1000261,993855,1001510,1.849672236,1.835534343
7,1843692,1000260,1000260,1000261,1001407,1.843210922,1.841101570
7,1844097,1000625,1000625,1000729,1001771,1.842753633,1.840836878
7,1833802,1000417,1000417,1000469,1001667,1.832942350,1.830750140
7,1830015,1000937,1000937,984219,1002187,1.859357521,1.826021491
7,1844046,1000469,1000469,1000468,1001406,1.843183390,1.841456912
7,1843926,1000364,1000364,1000365,1001354,1.843253213,1.841432700
7,1843178,1000000,1000000,999948,1000937,1.843273850,1.841452559
7,1836114,1000261,1000261,978073,1001354,1.877277054,1.833631263
7,1844218,1000521,1000521,1000521,1001510,1.843257663,1.841437429
7,1844101,1000521,1000521,1000417,1001458,1.843332330,1.841416215
7,1843581,1000208,1000208,1000364,1001354,1.842910181,1.841088167
7,1825867,1000417,1000417,977030,1001667,1.868793179,1.822828345
7,1843355,1000104,1000104,1000052,1001042,1.843259151,1.841436223
7,1843196,1000312,1000312,1000313,1001250,1.842619260,1.840894881
7,1843747,1000313,1000313,1000313,1001146,1.843170088,1.841636485
7,1838965,1000417,1000417,995366,1001458,1.847526438,1.836287693
7,1844061,1000416,1000416,1000469,1001407,1.843196541,1.841470052
7,1843366,1000052,1000052,1000104,1000938,1.843174310,1.841638543
7,1842862,1000208,1000208,1000157,1001094,1.842572716,1.840848112
7,1822615,1000469,1000469,975729,1001771,1.867952065,1.819392855
7,1843027,1000000,1000000,999948,1001093,1.843122842,1.841014771
7,1841544,1000052,1000052,1000052,1001302,1.841448245,1.839149427
7,1844101,1000468,1000468,1000469,1001511,1.843236522,1.841318767
7,1833368,1000729,1000729,976302,1002240,1.877869758,1.829270434
7,1843808,1000312,1000312,1000313,1001511,1.843231069,1.841026209
7,1843644,1000261,1000261,1000208,1001406,1.843260602,1.841055476
7,1843536,1000157,1000157,1000156,1001666,1.843248453,1.840469777
7,1824078,1000364,1000364,979635,1001615,1.861997581,1.821136864
7,1843586,1000208,1000208,1000156,1001615,1.843298445,1.840613409
7,1843084,1000052,1000052,1000052,1001198,1.842988165,1.840878627
7,1843947,1000364,1000364,1000417,1001563,1.843178395,1.841069409
7,1837598,1000156,1000156,993542,1001614,1.849542344,1.834636896
7,1843450,1000312,1000312,1000365,1001459,1.842777386,1.840764325
7,1843256,1000000,1000000,1000052,1001145,1.843160156,1.841147886
7,1864002,1016302,1016302,1004011,1017552,1.856555356,1.831849380
7,1836771,1000417,1000417,993124,1001927,1.849488080,1.833238350
7,1843422,1000105,1000105,1000104,1001458,1.843230304,1.840738204
7,1842996,1000000,1000000,1000000,1001094,1.842996000,1.840981966
7,1836168,1000417,1000417,979948,1001614,1.873740239,1.833209200
7,1843133,999948,999948,999896,1001145,1.843324706,1.841025026
7,1843631,1000260,1000260,1000261,1001355,1.843149938,1.841136260
7,1843230,1000000,1000000,1000000,1001146,1.843230000,1.841120076
7,1835792,1000625,1000625,992604,1001771,1.849470685,1.832546560
7,1826856,1000365,1000365,984167,1001771,1.856245942,1.823626358
7,1844006,1000469,1000469,1000469,1001510,1.843141567,1.841225749
7,1843909,1000364,1000364,1000365,1001511,1.843236219,1.841127057
7,1837480,1000521,1000521,996824,1001666,1.843334430,1.834423850
7,1843590,1000521,1000521,1000520,1001927,1.842631831,1.840044235
7,1843198,1000000,1000000,1000000,1001146,1.843198000,1.841088113
7,1843710,1000364,1000364,1000365,1001510,1.843037291,1.840930195
7,1835721,1000208,1000208,992344,1001407,1.849883710,1.833141770
7,1833496,1000105,1000105,987188,1001302,1.857291620,1.831111892
7,1844016,1000468,1000468,1000469,1001615,1.843151562,1.841042716
7,1843449,1000105,1000105,1000104,1001302,1.843257301,1.841051950
7,1834069,1000105,1000105,983281,1001302,1.865254185,1.831684147
7,1843426,1000208,1000208,1000261,1001302,1.842944991,1.841028980
7,1844022,1000468,1000468,1000469,1001563,1.843157559,1.841144291
7,1843812,1000573,1000573,1000572,1001667,1.842757942,1.840743481
7,1835380,1000209,1000209,990781,1001406,1.852457809,1.832803079
7,1829547,1000521,1000521,983854,1001719,1.859571644,1.826407406
7,1843440,1000313,1000313,1000365,1001458,1.842767390,1.840756177
7,1843360,1000104,1000104,1000104,1001198,1.843168310,1.841154297
7,1834022,1000156,1000156,991511,1001302,1.849724310,1.831637208
7,1843792,1000312,1000312,1000261,1001406,1.843310896,1.841203268
7,1843319,1000052,1000052,1000052,1001198,1.843223152,1.841113346
7,1844015,1000417,1000417,1000416,1001615,1.843248209,1.841041718
7,1834543,1000209,1000209,985625,1001458,1.861299176,1.831872130
7,1839021,1000573,1000573,994688,1001979,1.848842049,1.835388766
7,1843795,1000312,1000312,1000261,1001406,1.843313895,1.841206264
7,1843391,1000208,1000208,1000156,1001354,1.843103476,1.840898424
7,1834135,1000313,1000313,975417,1001614,1.880359887,1.831179476
7,1843209,1000000,1000000,1000000,1001250,1.843209000,1.840907865
7,1843393,1000105,1000105,1000052,1001250,1.843297149,1.841091635
7,1843071,999947,999947,999896,1001094,1.843262699,1.841056884
7,1822662,1000104,1000104,981615,1001354,1.856799254,1.820197453
7,1843277,1000052,1000052,1000000,1001458,1.843277000,1.840593415
7,1843927,1000365,1000365,1000364,1001511,1.843256055,1.841145030
7,1843930,1000520,1000520,1000521,1001615,1.842969813,1.840956855
7,1835695,1000417,1000417,995781,1001666,1.843472611,1.832641819
7,1843836,1000469,1000469,1000416,1001563,1.843069283,1.840958582
7,1843337,1000052,1000052,1000052,1001198,1.843241151,1.841131325
7,1843189,1000000,1000000,1000000,1001146,1.843189000,1.841079123
7,1826341,1000208,1000208,983803,1001354,1.856409261,1.823871478
7,1844078,1000469,1000469,1000416,1001875,1.843311183,1.840626825
7,1844153,1000521,1000521,1000468,1001615,1.843290340,1.841179495
7,1844043,1000469,1000469,1000365,1001562,1.843370170,1.841167097
7,1834695,1000312,1000312,982970,1001563,1.866481174,1.831831847
7,1843584,1000261,1000261,1000312,1001510,1.843008981,1.840804385
7,1843204,1000104,1000104,1000052,1001511,1.843108158,1.840423121
7,1843364,1000105,1000105,1000052,1001198,1.843268150,1.841158292
7,1828870,1000365,1000365,983021,1001718,1.860458729,1.825733390
7,1843499,1000156,1000156,1000156,1001615,1.843211459,1.840526550
7,1842696,1000000,1000000,1000000,1001146,1.842696000,1.840586688
7,1844202,1000521,1000521,1000521,1001615,1.843241671,1.841228416
7,1839051,1000365,1000365,995730,1001562,1.846937423,1.836182882
7,1843582,1000417,1000417,1000416,1001511,1.842815389,1.840800550
7,1843155,1000000,1000000,1000000,1001145,1.843155000,1.841047001
7,1843617,1000208,1000208,1000208,1001354,1.843233607,1.841124118
7,1825353,1000573,1000573,985104,1001823,1.852954612,1.822031437
7,1843143,999948,999948,999948,1001458,1.843238848,1.840459610
7,1843646,1000260,1000260,1000209,1001354,1.843260759,1.841153079
7,1843399,1000104,1000104,1000104,1001250,1.843207306,1.841097628
7,1833696,1000730,1000730,980364,1001979,1.870423639,1.830074283
7,1843263,1000104,1000104,1000104,1001563,1.843071321,1.840386476
7,1844090,1000469,1000469,1000469,1001614,1.843225527,1.841118435
7,1843213,1000000,1000000,999948,1001146,1.843308852,1.841103096
7,1824377,1000260,1000260,980678,1001458,1.860322144,1.821720931
7,1843707,1000260,1000260,1000260,1001719,1.843227761,1.840543106
7,1843519,1000364,1000364,1000365,1001562,1.842846361,1.840643914
7,1843908,1000521,1000521,1000520,1001927,1.842949666,1.840361623
7,1834764,1000312,1000312,993489,1001511,1.846788440,1.831995854
7,1843489,1000157,1000157,1000156,1001250,1.843201461,1.841187516
7,1843448,1000157,1000157,1000156,1001250,1.843160467,1.841146567
7,1843489,1000261,1000261,1000208,1001510,1.843105634,1.840709529
7,1825165,1000416,1000416,979844,1001667,1.862709778,1.822127513
7,1843471,1000156,1000156,1000104,1001250,1.843279299,1.841169538
7,1843849,1000364,1000364,1000365,1001458,1.843176241,1.841164582
7,1844208,1000521,1000521,1000521,1001667,1.843247668,1.841138822
7,1829840,1000417,1000417,975937,1001771,1.874957093,1.826605082
7,1843887,1000365,1000365,1000312,1001771,1.843311887,1.840627249
7,1842995,1000104,1000104,1000052,1001198,1.842899169,1.840789734
7,1843423,1000104,1000104,1000105,1001250,1.843229461,1.841121598
7,1791866,1000520,1000520,958229,1001927,1.869976801,1.788419715
7,1843120,1000052,1000052,1000052,1001302,1.843024163,1.840723378
7,1843535,1000313,1000313,1000312,1001459,1.842959996,1.840849201
7,1843538,1000157,1000157,1000156,1001302,1.843250453,1.841140835
7,1835622,1000261,1000261,995624,1001459,1.843689987,1.832947729
7,1843697,1000260,1000260,1000260,1001406,1.843217763,1.841108402
7,1843576,1000208,1000208,1000208,1001354,1.843192616,1.841083173
7,1843600,1000208,1000208,1000208,1001354,1.843216611,1.841107141
7,1808231,1000625,1000625,971146,1001927,1.861955875,1.804753241
7,1843786,1000417,1000417,1000416,1001615,1.843019304,1.840813087
7,1842990,1000000,1000000,1000000,1001146,1.842990000,1.840880351
7,1843692,1000260,1000260,1000208,1001354,1.843308592,1.841199017
7,1835518,1000625,1000625,981250,1001823,1.870591592,1.832177940
7,1843085,1000052,1000052,1000000,1001094,1.843085000,1.841070868
7,1843241,1000000,1000000,1000052,1001146,1.843145156,1.841131064
7,1843680,1000260,1000260,1000208,1001302,1.843296594,1.841282650
7,1828043,1000312,1000312,985207,1001667,1.855491283,1.825000724
7,1843391,1000104,1000104,1000052,1001146,1.843295149,1.841280892
7,1843567,1000156,1000156,1000208,1001458,1.843183618,1.840882993
7,1843848,1000364,1000364,1000365,1001458,1.843175241,1.841163583
7,1835092,1000208,1000208,992813,1001562,1.848376280,1.832230057
7,1843947,1000365,1000365,1000365,1001406,1.843274205,1.841358051
7,1844028,1000469,1000469,1000417,1001510,1.843259361,1.841247716
7,1843177,1000000,1000000,1000000,1001041,1.843177000,1.841260248
7,1825940,1000365,1000365,977812,1001719,1.867373278,1.822806595
7,1843192,1000104,1000104,1000052,1001250,1.843096159,1.840890886
7,1843189,999948,999948,1000000,1000990,1.843189000,1.841366048
7,1844046,1000417,1000417,1000469,1001511,1.843181548,1.841263850
7,1837430,1000625,1000625,985729,1001927,1.864031595,1.833896082
7,1843474,1000156,1000156,1000157,1001354,1.843184620,1.840981311
7,1843250,1000000,1000000,1000053,1001198,1.843152313,1.841044429
7,1843765,1000312,1000312,1000313,1001458,1.843188082,1.841080704
7,1827725,1000469,1000469,985468,1001875,1.854677169,1.824304429
7,1843667,1000313,1000313,1000312,1001563,1.843091955,1.840789845
7,1843698,1000260,1000260,1000261,1001406,1.843216920,1.841109400
7,1843586,1000208,1000208,1000261,1001354,1.843104950,1.841093160
7,1835975,1000312,1000312,990730,1001562,1.853153735,1.833111680
7,1835692,1000209,1000209,1000208,1001302,1.835310255,1.833305037
7,1841800,1000990,1000990,1001042,1002396,1.839882842,1.837397595
7,1843421,1000104,1000104,1000208,1001354,1.843037648,1.840928383
7,1797750,1000260,1000260,962968,1001511,1.866884466,1.795037698
7,1844416,1000625,1000625,1000834,1002291,1.842879039,1.840200102
7,1844305,1000573,1000573,1000677,1001823,1.843057250,1.840948950
7,1843861,1000365,1000365,1000312,1001511,1.843285895,1.841079129
7,1835966,1000312,1000312,980104,1001562,1.873235901,1.833102694
7,1843196,1000000,1000000,1000000,1001407,1.843196000,1.840606267
7,1843762,1000312,1000312,1000313,1001614,1.843185083,1.840790963
7,1841678,1000260,1000260,1000260,1001719,1.841199288,1.838517588
7,1825102,1000416,1000416,976354,1001823,1.869303552,1.821780893
7,1843371,1000104,1000104,1000104,1001407,1.843179309,1.840781021
7,1843328,1000104,1000104,1000105,1001146,1.843134471,1.841217964
7,1839087,1000833,1000833,998803,1002031,1.841291025,1.835359385
7,1840412,1000625,1000625,996094,1001875,1.847628838,1.836967686
7,1844368,1000625,1000625,1000677,1001719,1.843120208,1.841202972
7,1841952,1000261,1000261,1000208,1001145,1.841568954,1.839845377
7,1843578,1000208,1000208,1000208,1001250,1.843194616,1.841276404
7,1835250,1000625,1000625,989949,1001615,1.853883382,1.832290850
7,1843505,1000157,1000157,1000156,1001198,1.843217458,1.841299124
7,1843954,1000417,1000417,1000416,1001303,1.843187234,1.841554455
7,1843949,1000417,1000417,1000416,1001459,1.843182236,1.841262598
7,1902902,1000313,1000313,978906,1001511,1.943906769,1.900031053
7,2090767,1000677,1000677,1000729,1001666,2.089243941,2.087289576
7,2093515,1000364,1000364,1000417,1001302,2.092642368,2.090792788
7,2092925,1000052,1000052,1000052,1000937,2.092816174,2.090965765
7,2076105,1000573,1000573,979479,1001615,2.119601339,2.072757497
7,2092987,1000053,1000053,1000104,1000989,2.092769352,2.090919081
7,2093620,1000416,1000416,1000365,1001302,2.092856108,2.090897651
7,2092893,1000052,1000052,1000052,1000937,2.092784175,2.090933795
7,2088998,1000364,1000364,995782,1001198,2.097846717,2.086498375
7,1923858,1000469,1000469,1000469,1001354,1.922956134,1.921256619
7,1842282,1000209,1000209,1000208,1001041,1.841898885,1.840366179
7,1843473,1000156,1000156,1000105,1001042,1.843279456,1.841554101
7,1833729,1000573,1000573,989166,1001666,1.853813212,1.830679089
7,1842913,1000209,1000209,1000208,1001198,1.842529754,1.840707832
7,1842999,1000052,1000052,1000052,1000937,1.842903169,1.841273727
7,1843712,1000573,1000573,1000572,1001511,1.842658000,1.840930354
7,1834545,1000469,1000469,979739,1001511,1.872483386,1.831777185
7,1843144,1000052,1000052,1000052,1000990,1.843048161,1.841321092
7,1844280,1000677,1000677,1000729,1001719,1.842936499,1.841115123
7,1835345,1000260,1000260,1000313,1001458,1.834770717,1.832672963
7,1830776,1000729,1000729,989895,1001979,1.849464842,1.827160050
7,1843479,1000104,1000104,1000156,1001198,1.843191462,1.841273155
7,1843486,1000156,1000156,1000104,1001146,1.843294297,1.841375783
7,1843724,1000312,1000312,1000261,1001250,1.843242914,1.841422222
7,1840143,1000521,1000521,996354,1001562,1.846876712,1.837273179
7,1843724,1000260,1000260,1000261,1001250,1.843242914,1.841422222
7,1843970,1000416,1000416,1000365,1001458,1.843297197,1.841285406
7,1844235,1000573,1000573,1000677,1001667,1.842987298,1.841165777
7,1834338,1000678,1000678,987812,1001770,1.856970760,1.831096958
7,1844235,1000573,1000573,1000625,1001666,1.843083073,1.841167615
7,1843987,1000416,1000416,1000417,1001354,1.843218378,1.841493618
7,1843704,1000312,1000312,1000261,1001250,1.843222919,1.841402247
7,1923633,1000312,1000312,978231,1001354,1.966440442,1.921031923
7,2091537,1000053,1000053,1000104,1001198,2.091319503,2.089034337
7,2092694,1000260,1000260,1000261,1001094,2.092147949,2.090407095
7,2094086,1000625,1000625,1000781,1001770,2.092451795,2.090386017
7,2077711,1000260,1000260,983543,1001302,2.112476018,2.075009338
7,2093109,1000156,1000156,1000104,1001094,2.092891339,2.090821641
7,2094038,1000572,1000572,1000625,1001771,2.092730044,2.090336015
7,2092322,1000104,1000104,1000104,1001042,2.092104421,2.090144070
7,2088562,1000365,1000365,997187,1001406,2.094453698,2.085629605
7,2093379,1000313,1000313,1000260,1001145,2.092834863,2.090984822
7,2093550,1000364,1000364,1000313,1001250,2.092894924,2.090936330
7,2085788,1000105,1000105,1000104,1000937,2.085571101,2.083835446
7,1816789,1000677,1000677,985832,1001667,1.842899196,1.813765453
7,1843481,1000156,1000156,1000156,1001250,1.843193462,1.841179526
7,1843841,1000365,1000365,1000312,1001302,1.843265901,1.841443441
7,1843470,1000156,1000156,1000156,1001042,1.843182464,1.841551104
7,1838162,1000261,1000261,986197,1001354,1.863889264,1.835676494
7,1843297,1000052,1000052,1000052,1000989,1.843201154,1.841475780
7,1843950,1000417,1000417,1000364,1001250,1.843279046,1.841647940
7,1843599,1000208,1000208,1000260,1001094,1.843119789,1.841584307
7,1822244,1000625,1000625,978854,1001614,1.861609597,1.819307637
7,1844038,1000469,1000469,1000417,1001667,1.843269357,1.840969105
7,1844069,1000469,1000469,1000468,1001563,1.843206379,1.841191218
7,1843748,1000261,1000261,1000313,1001407,1.843171087,1.841157491
7,1836760,1000208,1000208,993959,1001614,1.847923305,1.833800246
7,1844364,1000625,1000625,1000625,1001667,1.843211993,1.841294562
7,1841345,1000000,1000000,1000000,1001250,1.841345000,1.839046192
7,1843615,1000208,1000208,1000208,1001250,1.843231608,1.841313358
7,1824692,1000937,1000937,984480,1002135,1.853457663,1.820804582
7,1843099,999948,999948,999896,1001146,1.843290702,1.840989226
7,1843667,1000261,1000261,1000208,1001406,1.843283597,1.841078444
7,1843530,1000156,1000156,1000209,1001511,1.843144783,1.840748629
7,1836055,1000312,1000312,983750,1001406,1.866383736,1.833477131
7,1843767,1000313,1000313,1000312,1001458,1.843191924,1.841082701
7,1843876,1000365,1000365,1000364,1001354,1.843205073,1.841382768
7,1843424,1000104,1000104,1000156,1001146,1.843136471,1.841313854
7,1808304,1000312,1000312,960260,1001510,1.883139983,1.805577578
7,1843809,1000313,1000313,1000364,1001354,1.843138098,1.841315858
7,1843788,1000313,1000313,1000313,1001355,1.843211075,1.841293048
7,1843354,1000105,1000105,1000052,1001042,1.843258151,1.841435224
7,1838975,1000417,1000417,994584,1001562,1.848989125,1.836107001
7,1844082,1000469,1000469,1000469,1001407,1.843217531,1.841491022
7,1843828,1000313,1000313,1000365,1001355,1.843155248,1.841332994
7,1844116,1000469,1000469,1000521,1001355,1.843155716,1.841620604
7,1819856,1000313,1000313,972969,1001459,1.870415193,1.817204698
7,1843542,1000209,1000209,1000104,1001146,1.843350292,1.841431719
7,1843381,1000104,1000104,1000105,1000989,1.843187465,1.841559697
7,1843462,1000157,1000157,1000104,1000990,1.843270300,1.841638778
7,1835262,1000208,1000208,982658,1001250,1.867650800,1.832970787
7,1843508,1000156,1000156,1000157,1001093,1.843218615,1.841495246
7,1843215,1000000,1000000,1000000,1000886,1.843215000,1.841583357
7,1843893,1000364,1000364,1000365,1001250,1.843220225,1.841591011
7,1831891,1000417,1000417,979844,1001667,1.869574136,1.828842320
7,1843361,1000052,1000052,1000104,1001198,1.843169310,1.841155296
7,1843894,1000417,1000417,1000365,1001406,1.843221224,1.841305125
7,1843828,1000364,1000364,1000313,1001354,1.843251062,1.841334833
7,1836744,1000260,1000260,993126,1001511,1.849457169,1.833972867
7,1843497,1000156,1000156,1000156,1001198,1.843209459,1.841291133
7,1843945,1000416,1000416,1000365,1001615,1.843272206,1.840971830
7,1843298,1000052,1000052,1000000,1001146,1.843298000,1.841187999
7,1824504,1000729,1000729,977290,1002032,1.866901329,1.820804126
7,1843339,1000052,1000052,1000000,1001094,1.843339000,1.841324591
7,1844082,1000468,1000468,1000469,1001511,1.843217531,1.841299796
7,1843967,1000416,1000416,1000417,1001406,1.843198386,1.841378023
7,1835705,1000729,1000729,980469,1001875,1.872272351,1.832269495
7,1843607,1000261,1000261,1000208,1001406,1.843223609,1.841018528
7,1843995,1000416,1000416,1000417,1001563,1.843226375,1.841117334
7,1843995,1000417,1000417,1000416,1001562,1.843228217,1.841119172
7,1829423,1000417,1000417,980157,1001719,1.866459149,1.826283618
7,1843215,1000000,1000000,1000000,1001198,1.843215000,1.841009471
7,1843488,1000157,1000157,1000156,1001302,1.843200461,1.841090900
7,1843581,1000209,1000209,1000208,1001354,1.843197615,1.841088167
7,1838531,1000521,1000521,996875,1001979,1.844294420,1.834899733
7,1844221,1000573,1000573,1000573,1001980,1.843164867,1.840576658
7,1843500,1000208,1000208,1000157,1001303,1.843210616,1.841101045
7,1843653,1000260,1000260,1000261,1001511,1.843171932,1.840871443
7,1826600,1000208,1000208,983542,1001510,1.857165225,1.823845993
7,1843370,1000104,1000104,1000052,1001302,1.843274150,1.840973053
7,1843497,1000156,1000156,1000157,1001303,1.843207616,1.841098049
7,1843914,1000416,1000416,1000365,1001771,1.843241217,1.840654201
7,1835510,1000416,1000416,981094,1001667,1.870880874,1.832455297
7,1843173,1000000,1000000,999948,1001146,1.843268850,1.841063142
7,1844014,1000417,1000417,1000417,1001562,1.843245367,1.841138142
7,1843628,1000260,1000260,1000261,1001407,1.843146939,1.841037660
7,1829599,1000729,1000729,986511,1001979,1.854615914,1.825985375
7,1843552,1000209,1000209,1000208,1001354,1.843168621,1.841059206
7,1844069,1000469,1000469,1000469,1001563,1.843204537,1.841191218
7,1843659,1000260,1000260,1000208,1001666,1.843275599,1.840592573
7,1833155,1000313,1000313,996095,1001510,1.840341534,1.830391109
7,1843714,1000260,1000260,1000260,1001510,1.843234759,1.840934189
7,1844134,1000521,1000521,1000521,1001875,1.843173706,1.840682720
7,1843199,1000000,1000000,1000000,1001146,1.843199000,1.841089112
7,1828168,1000312,1000312,980833,1001614,1.863893242,1.825222092
7,1843176,1000000,1000000,999948,1001354,1.843271850,1.840683714
7,1843545,1000208,1000208,1000156,1001250,1.843257452,1.841243446
7,1843130,999948,999948,999895,1001093,1.843323549,1.841117658
7,1835283,1000000,1000000,982709,1001146,1.867575244,1.833182173
7,1843610,1000209,1000209,1000208,1001198,1.843226609,1.841403998
7,1843190,1000000,1000000,1000000,1001146,1.843190000,1.841080122
7,1843258,1000052,1000052,1000000,1001197,1.843258000,1.841054258
7,1830079,1000677,1000677,986562,1001927,1.855006578,1.826559220
7,1843617,1000208,1000208,1000208,1001302,1.843233607,1.841219732
7,1843620,1000260,1000260,1000209,1001303,1.843234764,1.841220889
7,1843769,1000312,1000312,1000261,1001355,1.843287902,1.841274074
7,1835851,1000052,1000052,996458,1001198,1.842376698,1.833654282
7,1843550,1000208,1000208,1000156,1001250,1.843262451,1.841248439
7,1843142,1000000,1000000,999948,1001041,1.843237848,1.841225284
7,1843612,1000261,1000261,1000208,1001302,1.843228608,1.841214738
7,1820263,1000209,1000209,974114,1001562,1.868634472,1.817424183
7,1843554,1000208,1000208,1000156,1001459,1.843266450,1.840868173
7,1843666,1000261,1000261,1000208,1001302,1.843282597,1.841268668
7,1843501,1000156,1000156,1000156,1001198,1.843213459,1.841295128
7,1834464,1000521,1000521,979791,1001875,1.872301338,1.831030817
7,1843947,1000417,1000417,1000416,1001667,1.843180237,1.840878256
7,1843739,1000261,1000261,1000312,1001406,1.843163933,1.841150343
7,1844125,1000520,1000520,1000521,1001615,1.843164711,1.841151540
7,1824216,1000625,1000625,977709,1002239,1.865806697,1.820140705
7,1843898,1000365,1000365,1000104,1001563,1.843706255,1.841020485
7,1844038,1000417,1000417,1000469,1001667,1.843173552,1.840969105
7,1843745,1000312,1000312,1000313,1001407,1.843168088,1.841154496
7,1835056,1000417,1000417,996718,1001614,1.841098485,1.832098992
7,1843947,1000416,1000416,1000417,1001511,1.843178395,1.841165000
7,1843205,1000000,1000000,999948,1001093,1.843300852,1.841192577
7,1843384,1000104,1000104,1000105,1001198,1.843190465,1.841178268
7,1828744,1000416,1000416,982656,1001875,1.861021558,1.825321522
7,1843236,1000000,1000000,999948,1001094,1.843331853,1.841221703
7,1844100,1000520,1000520,1000469,1001615,1.843235523,1.841126581
7,1843808,1000365,1000365,1000312,1001458,1.843232911,1.841123642
7,1832990,1000417,1000417,982501,1001667,1.865636778,1.829939491
7,1843803,1000313,1000313,1000365,1001510,1.843130257,1.841023055
7,1843486,1000156,1000156,1000157,1001302,1.843196618,1.841088902
7,1843862,1000364,1000364,1000365,1001511,1.843189236,1.841080128
7,1830568,1000521,1000521,986614,1001666,1.855404444,1.827523346
7,1843658,1000260,1000260,1000261,1001302,1.843176931,1.841260679
7,1843770,1000312,1000312,1000313,1001302,1.843193081,1.841372533
7,1843440,1000156,1000156,1000156,1001146,1.843152468,1.841329836
7,1838198,1000104,1000104,997187,1001146,1.843383438,1.836093836
7,1843959,1000365,1000365,1000364,1001458,1.843288043,1.841274422
7,1843916,1000365,1000365,1000416,1001406,1.843149250,1.841327094
7,1844024,1000417,1000417,1000417,1001458,1.843255363,1.841339327
7,1828233,1000208,1000208,985886,1001406,1.854406088,1.825666113
7,1843438,1000156,1000156,1000156,1001042,1.843150469,1.841519137
7,1843315,1000052,1000052,1000052,1001042,1.843219153,1.841396265
7,1843736,1000312,1000312,1000261,1001250,1.843254910,1.841434207
7,1838534,1000521,1000521,986563,1001511,1.863574855,1.835760166
7,1843228,1000052,1000052,1000000,1000938,1.843228000,1.841500672
7,1843173,999948,999948,1000000,1000885,1.843173000,1.841543234
7,1844130,1000521,1000521,1000469,1001406,1.843265508,1.841540794
7,1830258,1000260,1000260,985313,1001354,1.857539685,1.827783182
7,1843395,1000104,1000104,1000105,1000989,1.843201464,1.841573684
7,1843605,1000209,1000209,1000260,1001094,1.843125787,1.841590300
7,1843840,1000313,1000313,1000312,1001198,1.843264901,1.841633723
7,1837893,1000312,1000312,997448,1001198,1.842595303,1.835693839
7,1843565,1000208,1000208,1000209,1001041,1.843179775,1.841647845
7,1843642,1000209,1000209,1000208,1001094,1.843258602,1.841627260
7,1843528,1000156,1000156,1000156,1001041,1.843240454,1.841610883
7,1833344,1000834,1000834,986928,1002031,1.857626899,1.829628025
7,1844104,1000469,1000469,1000469,1001563,1.843239521,1.841226164
7,1843413,1000156,1000156,1000104,1001146,1.843221305,1.841302867
7,1843171,999948,999948,1000000,1000989,1.843171000,1.841349905
7,1836624,1000313,1000313,984740,1001615,1.865085200,1.833662635
7,1844050,1000469,1000469,1000416,1001823,1.843283194,1.840694414
7,1843310,1000104,1000104,1000052,1001198,1.843214153,1.841104357
7,1843955,1000416,1000416,1000417,1001875,1.843186391,1.840504055
7,1830033,1000416,1000416,981928,1001927,1.863714040,1.826513309
7,1843601,1000208,1000208,1000209,1001354,1.843215768,1.841108140
7,1843545,1000208,1000208,1000156,1001302,1.843257452,1.841147826
7,1845178,1005677,1005677,1001354,1006875,1.842683007,1.832579019
7,1843911,1000365,1000365,1000364,1001458,1.843240061,1.841226492
7,1843253,1000000,1000000,1000052,1001198,1.843157156,1.841047425
7,1843716,1000260,1000260,1000261,1001406,1.843234916,1.841127375
7,1831862,1000104,1000104,984897,1001406,1.859952868,1.829290018
7,1806029,1000313,1000313,971354,1001875,1.859290228,1.802649033
7,1844022,1000469,1000469,1000417,1001718,1.843253363,1.840859404
7,1844004,1000417,1000417,1000416,1001511,1.843237213,1.841221914
7,1834558,1000521,1000521,985937,1001718,1.860725381,1.831411635
7,1843884,1000417,1000417,1000364,1001563,1.843213070,1.841006507
7,1843249,1000052,1000052,1000000,1001146,1.843249000,1.841139055
7,1843097,999896,999896,999896,1001093,1.843288702,1.841084694
7,1836023,1000104,1000104,991874,1001354,1.851064752,1.833540386
7,1826479,1000417,1000417,984791,1001928,1.854686934,1.822964325
7,1844129,1000521,1000521,1000469,1001927,1.843264509,1.840582198
7,1843251,1000052,1000052,1000000,1001093,1.843251000,1.841238526
7,1837863,1000469,1000469,993905,1001615,1.849133468,1.834899637
7,1844124,1000521,1000521,1000469,1001563,1.843259511,1.841246132
7,1843276,1000052,1000052,1000052,1001093,1.843180155,1.841263499
7,1843282,1000052,1000052,1000000,1001094,1.843282000,1.841267653
7,1834730,1000208,1000208,986355,1001458,1.860111218,1.832058858
7,1825649,1000417,1000417,984428,1002031,1.854527705,1.821948622
7,1843869,1000365,1000365,1000312,1001510,1.843293892,1.841088956
7,1843696,1000260,1000260,1000261,1001406,1.843214921,1.841107403
7,1837837,1000313,1000313,995885,1001511,1.845430948,1.835064218
7,1798232,1000365,1000365,960469,1001718,1.872243664,1.795147936
7,1843814,1000313,1000313,1000469,1001771,1.842949657,1.840554378
7,1832470,1000677,1000677,1000782,1002031,1.831038128,1.828755797
7,1835221,1000625,1000625,990990,1001823,1.851906679,1.831881480
7,1836865,1000469,1000469,993176,1001667,1.849485892,1.833808042
7,1843445,1000104,1000104,1000104,1001198,1.843253302,1.841239195
7,1843369,1000104,1000104,1000104,1001041,1.843177310,1.841452048
7,1839596,1000416,1000416,995939,1001459,1.847097061,1.836915940
7,1843577,1000208,1000208,1000208,1001302,1.843193616,1.841179784
7,1844081,1000521,1000521,1000469,1001458,1.843216531,1.841396244
7,1843827,1000312,1000312,1000417,1001406,1.843058445,1.841238219
7,1832428,1000104,1000104,984844,1001302,1.860627673,1.830045281
7,1843543,1000208,1000208,1000208,1001250,1.843159623,1.841241448
7,1843288,1000417,1000417,1000365,1001250,1.842615445,1.840986767
7,1843453,1000156,1000156,1000105,1001042,1.843259458,1.841534121
7,1818865,1000469,1000469,978541,1001562,1.858751958,1.816028364
7,2087176,1000260,1000260,1000260,1001302,2.086633475,2.084462030
7,2093536,1000364,1000364,1000365,1001250,2.092772138,2.090922347
7,2093664,1000417,1000417,1000417,1001354,2.092791306,2.090833012
7,2049269,1002188,1002188,956978,1003125,2.141396145,2.042884984
7,2093623,1000417,1000417,1000416,1001354,2.092752415,2.090792068
7,2093162,1000521,1000521,1000521,1001354,2.092072030,2.090331691
7,2093376,1000261,1000261,1000468,1001354,2.092396758,2.090545402
7,2087297,1000261,1000261,994948,1001303,2.097895568,2.084580791
7,2093614,1000364,1000364,1000365,1001355,2.092850110,2.090780992
7,2092948,1000052,1000052,1000104,1000990,2.092730356,2.090878031
7,2093718,1000416,1000416,1000521,1001354,2.092627741,2.090886939
7,2075515,1000468,1000468,981042,1001406,2.115622980,2.072600923
7,2093292,1000208,1000208,1000209,1001198,2.092854593,2.090787237
7,2093688,1000417,1000417,1000416,1001198,2.092817388,2.091182763
7,2053558,1000052,1000052,1000105,1000990,2.053342399,2.051526988
7,1834898,1000521,1000521,984375,1001510,1.864023365,1.832131481
7,1843726,1000260,1000260,1000261,1001250,1.843244913,1.841424220
7,1843290,1000000,1000000,1000000,1000937,1.843290000,1.841564454
7,1843877,1000364,1000364,1000365,1001250,1.843204230,1.841575031
7,1833627,1000260,1000260,989584,1001146,1.852927089,1.831528069
7,1843003,1000261,1000261,1000208,1001302,1.842619735,1.840606530
7,1843284,1000052,1000052,1000052,1001042,1.843188154,1.841365297
7,1843181,1000000,1000000,999948,1000990,1.843276850,1.841358056
7,1838970,1000157,1000157,995416,1001302,1.847438659,1.836578774
7,1844057,1000469,1000469,1000416,1001615,1.843290191,1.841083650
7,1843592,1000209,1000209,1000208,1001146,1.843208613,1.841481662
7,1843969,1000417,1000417,1000416,1001407,1.843202228,1.841378181
7,1827806,1000729,1000729,984896,1001823,1.855836555,1.824479973
7,1843850,1000312,1000312,1000313,1001667,1.843273056,1.840781417
7,1843630,1000260,1000260,1000260,1001354,1.843150781,1.841137100
7,1844031,1000417,1000417,1000468,1001511,1.843168397,1.841248873
7,1836288,1000521,1000521,980833,1001823,1.872171919,1.832946538
7,1843432,1000104,1000104,1000104,1001145,1.843240303,1.841323684
7,1844054,1000469,1000469,1000468,1001511,1.843191386,1.841271838
7,1844112,1000469,1000469,1000468,1001511,1.843249359,1.841329751
7,1832143,1000573,1000573,985730,1001718,1.858666166,1.829000777
7,1843165,1000208,1000208,1000156,1001302,1.842877511,1.840768320
7,1843411,1000104,1000104,1000104,1001042,1.843219305,1.841492165
7,1843142,999947,999947,1000000,1000885,1.843142000,1.841512262
7,1838589,1000052,1000052,995573,1001146,1.846764627,1.836484389
7,1844299,1000573,1000573,1000573,1001563,1.843242822,1.841420859
7,1844116,1000521,1000521,1000625,1001667,1.842964147,1.841046975
7,1834445,1000677,1000677,1000729,1001719,1.833108664,1.831297000
7,1833466,1000365,1000365,984739,1001615,1.861880153,1.830509727
7,1843429,1000468,1000468,1000469,1001458,1.842564837,1.840745194
7,1843496,1000156,1000156,1000156,1001146,1.843208459,1.841385772
7,1841845,1000052,1000052,1000052,1001041,1.841749229,1.839929633
7,1857656,1000312,1000312,977813,1001354,1.899807018,1.855144135
7,2089700,1000521,1000521,1000521,1001459,2.088611833,2.086655570
7,2094085,1000625,1000625,1000678,1001615,2.092666172,2.090708506
7,2092436,1000156,1000156,1000208,1001302,2.092000864,2.089715191
7,2081521,1000416,1000416,986562,1001510,2.109873480,2.078382642
7,2093571,1000365,1000365,1000365,1001302,2.092807125,2.090848715
7,2093614,1000364,1000364,1000417,1001250,2.092741327,2.091000250
7,2092937,1000104,1000104,1000104,1000990,2.092719357,2.090867042
7,2086836,1000104,1000104,997551,1001093,2.091959208,2.084557579
7,2093164,1000156,1000156,1000157,1000990,2.092835425,2.091093817
7,2092800,1000000,1000000,1000000,1000834,2.092800000,2.091056059
7,1995918,1000313,1000313,1000364,1001198,1.995191750,1.993529751
7,1827351,1000156,1000156,986458,1001146,1.852436698,1.825259253
7,1844088,1000468,1000468,1000469,1001354,1.843223528,1.841594481
7,1843811,1000312,1000312,1000313,1001146,1.843234068,1.841700411
7,1843476,1000157,1000157,1000156,1000989,1.843188463,1.841654604
7,1839060,1000521,1000521,985052,1001615,1.866967429,1.836094707
7,1843010,1000260,1000260,1000209,1001198,1.842624891,1.840804716
7,1843896,1000365,1000365,1000364,1001302,1.843225066,1.841498369
7,1842765,1000521,1000521,1000469,1001407,1.841901148,1.840175873
7,1834980,1000417,1000417,992187,1001355,1.849429593,1.832496967
7,1843935,1000416,1000416,1000365,1001354,1.843262209,1.841441688
7,1844381,1000625,1000625,1000677,1001719,1.843133199,1.841215950
7,1835835,1000677,1000677,1000833,1001927,1.834307022,1.832304150
7,1835664,1000521,1000521,997448,1001614,1.840360600,1.832706012
7,1843271,1000052,1000052,1000000,1001042,1.843271000,1.841352311
7,1843549,1000209,1000209,1000208,1001145,1.843165622,1.841440551
7,1843305,1000052,1000052,1000052,1001042,1.843209153,1.841386276
7,1833610,1000573,1000573,986614,1001666,1.858487717,1.830560287
7,1843862,1000313,1000313,1000364,1001354,1.843191078,1.841368787
7,1843528,1000156,1000156,1000156,1001146,1.843240454,1.841417735
7,1844216,1000520,1000520,1000521,1001562,1.843255664,1.841339827
7,1871222,1000104,1000104,980053,1001250,1.909306946,1.868885893
7,2089001,1000104,1000104,1000052,1001094,2.088892378,2.086718130
7,2093292,1000260,1000260,1000261,1001094,2.092745793,2.091004441
7,2093433,1000313,1000313,1000312,1001093,2.092780053,2.091147376
7,2079752,1000468,1000468,985104,1001510,2.111200442,2.076616309
7,2092808,1000000,1000000,999948,1000938,2.092916832,2.090846786
7,2093123,1000157,1000157,1000156,1001302,2.092796524,2.090401298
7,2041255,1000156,1000156,1000208,1001198,2.040830507,2.038812503
7,1830568,1000417,1000417,989272,1001666,1.850419298,1.827523346
7,1843507,1000156,1000156,1000157,1001458,1.843217615,1.840823080
7,1843937,1000417,1000417,1000364,1001458,1.843266051,1.841252454
7,1841631,1000000,1000000,1000000,1001250,1.841631000,1.839331835
7,1813309,1000313,1000313,973281,1001615,1.863088872,1.810385228
7,1843379,1000052,1000052,1000053,1001146,1.843281306,1.841268906
7,1843548,1000157,1000157,1000156,1001198,1.843260451,1.841342072
7,1843157,999948,999948,1000000,1001042,1.843157000,1.841238430
7,1831022,1000573,1000573,972447,1001823,1.882901587,1.827690121
7,1843457,1000104,1000104,1000156,1001615,1.843169466,1.840484617
7,1843441,1000104,1000104,1000104,1001250,1.843249302,1.841139576
7,1843746,1000312,1000312,1000261,1001407,1.843264908,1.841155494
7,1825883,1000208,1000208,978126,1001406,1.866715536,1.823319413
7,1843643,1000261,1000261,1000208,1001667,1.843259602,1.840574762
7,1844034,1000417,1000417,1000416,1001562,1.843267201,1.841158111
7,1843559,1000209,1000209,1000156,1001615,1.843271450,1.840586453
7,1834005,1000677,1000677,988282,1001823,1.855750687,1.830667693
7,1843949,1000417,1000417,1000416,1001823,1.843182236,1.840593598
7,1843215,1000000,1000000,1000000,1001145,1.843215000,1.841106933
7,1843301,1000052,1000052,1000052,1001198,1.843205153,1.841095368
7,1827353,1000677,1000677,982761,1001927,1.859407323,1.823838463
7,1843851,1000365,1000365,1000364,1001875,1.843180082,1.840400250
7,1843103,999948,999948,999948,1001094,1.843198846,1.841088849
7,1843765,1000313,1000313,1000260,1001458,1.843285746,1.841080704
7,1833695,1000416,1000416,976875,1001875,1.877103007,1.830263256
7,1843291,1000052,1000052,1000052,1001511,1.843195154,1.840509989
7,1843541,1000156,1000156,1000208,1001354,1.843157623,1.841048221
7,1843555,1000156,1000156,1000208,1001302,1.843171620,1.841157813
7,1831114,1000573,1000573,987031,1001771,1.855173748,1.827876830
7,1843150,1000000,1000000,999948,1001094,1.843245849,1.841135797
7,1844103,1000521,1000521,1000469,1001667,1.843238521,1.841033996
7,1843901,1000365,1000365,1000364,1001406,1.843230064,1.841312115
7,1834969,1000156,1000156,993595,1001250,1.846797740,1.832678152
7,1843231,1000052,1000052,1000000,1001041,1.843231000,1.841314192
7,1843651,1000261,1000261,1000260,1001302,1.843171775,1.841253688
7,1844151,1000521,1000521,1000521,1001511,1.843190698,1.841368692
7,1810298,1000678,1000678,973177,1001771,1.860193983,1.807097630
7,1843677,1000261,1000261,1000260,1001198,1.843197769,1.841470918
7,1843898,1000364,1000364,1000365,1001354,1.843225223,1.841404738
7,1843824,1000313,1000313,1000312,1001250,1.843248906,1.841522097
7,1837846,1000156,1000156,987916,1001250,1.860326182,1.835551561
7,1843752,1000312,1000312,1000365,1001354,1.843079276,1.841258935
7,1843731,1000260,1000260,1000313,1001198,1.843154093,1.841524853
7,1843910,1000416,1000416,1000365,1001302,1.843237218,1.841512351
7,1832057,1000469,1000469,988229,1001563,1.853879010,1.829197964
7,1843678,1000260,1000260,1000208,1001250,1.843294595,1.841376280
7,1843401,1000104,1000104,1000156,1001042,1.843113474,1.841482176
7,1843622,1000208,1000208,1000261,1001146,1.843140940,1.841511628
7,1837234,1000209,1000209,996874,1001198,1.842995203,1.835035627
7,1843236,1000052,1000052,1000000,1000938,1.843236000,1.841508665
7,1843724,1000260,1000260,1000313,1001250,1.843147095,1.841422222
7,1844070,1000469,1000469,1000469,1001355,1.843205537,1.841574666
7,1833516,1000782,1000782,988073,1001927,1.855648317,1.829989610
7,1843425,1000156,1000156,1000105,1001197,1.843231461,1.841221058
7,1843870,1000364,1000364,1000365,1001407,1.843197233,1.841279320
7,1843246,1000052,1000052,1000052,1001094,1.843150156,1.841231693
7,1837319,1000417,1000417,986042,1001667,1.863327323,1.834261286
7,1844066,1000469,1000469,1000468,1001562,1.843203381,1.841190061
7,1843848,1000364,1000364,1000365,1001511,1.843175241,1.841066149
7,1843188,1000000,1000000,999948,1001093,1.843283851,1.841175595
7,1827524,1000260,1000260,978333,1001615,1.867997911,1.824577308
7,1843793,1000313,1000313,1000260,1001562,1.843313738,1.840917487
7,1843931,1000417,1000417,1000416,1001666,1.843164244,1.840864120
7,1843842,1000312,1000312,1000365,1001459,1.843169243,1.841155754
7,1835011,1000260,1000260,995260,1001510,1.843750377,1.832244311
7,1844010,1000416,1000416,1000469,1001563,1.843145565,1.841132310
7,1843812,1000312,1000312,1000260,1001406,1.843332733,1.841223240
7,1843226,1000000,1000000,1000000,1001094,1.843226000,1.841211714
7,1826296,1000364,1000364,981980,1001928,1.859809772,1.822781677
7,1843607,1000209,1000209,1000208,1001406,1.843223609,1.841018528
7,1843167,999948,999948,999948,1001146,1.843262850,1.841057149
7,1843198,1000000,1000000,1000000,1001406,1.843198000,1.840610102
7,1835104,1000156,1000156,982031,1001406,1.868682353,1.832527466
7,1843361,1000104,1000104,1000052,1001198,1.843265150,1.841155296
7,1843354,1000052,1000052,1000052,1001198,1.843258151,1.841148304
7,1843370,1000104,1000104,1000052,1001198,1.843274150,1.841164285
7,1830199,1000364,1000364,984740,1001823,1.858560635,1.826868619
7,1843819,1000365,1000365,1000260,1001458,1.843339732,1.841134626
7,1843308,1000104,1000104,1000052,1001198,1.843212153,1.841102359
7,1843941,1000365,1000365,1000416,1001458,1.843174240,1.841256448
7,1838182,1000521,1000521,996927,1001666,1.843848145,1.835124682
7,1844174,1000521,1000521,1000468,1001614,1.843311330,1.841202299
7,1844035,1000469,1000469,1000469,1001875,1.843170553,1.840583905
7,1844099,1000469,1000469,1000469,1001614,1.843234523,1.841127420
7,1821340,1000416,1000416,978906,1001875,1.860587227,1.817931379
7,1843343,1000052,1000052,1000052,1001250,1.843247151,1.841041698
7,1843571,1000208,1000208,1000156,1001302,1.843283448,1.841173792
7,1843807,1000312,1000312,1000365,1001407,1.843134256,1.841216409
7,1835139,1000573,1000573,981511,1001875,1.869708032,1.831704554
7,1843844,1000365,1000365,1000312,1001562,1.843268900,1.840968407
7,1843438,1000104,1000104,1000052,1001302,1.843342146,1.841040965
7,1843970,1000416,1000416,1000417,1001563,1.843201385,1.841092373
7,1827306,1000729,1000729,980728,1002291,1.863213857,1.823129211
7,1843686,1000260,1000260,1000260,1001511,1.843206766,1.840904393
7,1843554,1000156,1000156,1000208,1001250,1.843170621,1.841252434
7,1843727,1000313,1000313,1000312,1001510,1.843151937,1.840947170
7,1836558,1000209,1000209,995624,1001406,1.844630101,1.833979425
7,1843999,1000416,1000416,1000417,1001511,1.843230373,1.841216921
7,1843639,1000260,1000260,1000260,1001354,1.843159778,1.841146088
7,1843661,1000208,1000208,1000260,1001302,1.843181773,1.841263675
7,1822263,1000417,1000417,978020,1001927,1.863216499,1.818758253
7,1843636,1000208,1000208,1000208,1001355,1.843252603,1.841141254
7,1844071,1000468,1000468,1000469,1001615,1.843206536,1.841097627
7,1843457,1000104,1000104,1000104,1001562,1.843265300,1.840582011
7,1832426,1000572,1000572,980730,1002031,1.868430659,1.828711886
7,1844250,1000521,1000521,1000573,1001666,1.843193850,1.841182590
7,1843298,1000052,1000052,1000105,1001302,1.843104474,1.840901147
7,1843381,1000104,1000104,1000052,1001198,1.843285149,1.841175272
7,1825384,1000313,1000313,983281,1001719,1.856421511,1.822251550
7,1843333,1000052,1000052,1000104,1001198,1.843141313,1.841127329
7,1843571,1000209,1000209,1000156,1001302,1.843283448,1.841173792
7,1843616,1000261,1000261,1000260,1001354,1.843136784,1.841123119
7,1837711,1000416,1000416,995730,1001615,1.845591676,1.834747882
7,1843962,1000365,1000365,1000417,1001823,1.843193388,1.840606574
7,1844043,1000417,1000417,1000416,1001562,1.843276197,1.841167097
7,1843427,1000156,1000156,1000104,1001250,1.843235304,1.841125593
7,1797762,1000209,1000209,957760,1001771,1.877048530,1.794583792
7,1843462,1000156,1000156,1000104,1001302,1.843270300,1.841064933
7,1843409,1000156,1000156,1000104,1001250,1.843217305,1.841107615
7,1843153,999948,999948,999948,1001146,1.843248849,1.841043165
7,1835675,1000312,1000312,983385,1001510,1.866690055,1.832907310
7,1843704,1000261,1000261,1000208,1001302,1.843320589,1.841306619
7,1844122,1000469,1000469,1000521,1001562,1.843161713,1.841245974
7,1844102,1000469,1000469,1000469,1001510,1.843237522,1.841321604
7,1827613,1000416,1000416,985834,1001563,1.853874993,1.824760899
7,1843624,1000208,1000208,1000209,1001093,1.843238763,1.841611119
7,1843787,1000312,1000312,1000313,1001250,1.843210075,1.841485144
7,1844130,1000521,1000521,1000521,1001354,1.843169709,1.841636424
7,1836828,1000261,1000261,997708,1001146,1.841047681,1.834725405
7,1843884,1000365,1000365,1000364,1001250,1.843213070,1.841582022
7,1843257,1000052,1000052,1000000,1000885,1.843257000,1.841627160
7,1844068,1000469,1000469,1000416,1001302,1.843301187,1.841670145
7,1832936,1000729,1000729,987759,1001614,1.855651024,1.829982408
7,1843302,1000052,1000052,1000052,1001146,1.843206153,1.841191994
7,1843349,1000104,1000104,1000104,1001094,1.843157312,1.841334580
7,1843365,1000104,1000104,1000052,1001042,1.843269150,1.841446213
7,1837496,1000625,1000625,986354,1001667,1.862917370,1.834437992
7,1843742,1000312,1000312,1000261,1001302,1.843260909,1.841344569
7,1843585,1000209,1000209,1000208,1001146,1.843201614,1.841474670
7,1843840,1000365,1000365,1000364,1001302,1.843169086,1.841442442
7,1814291,1000208,1000208,980573,1001406,1.850235526,1.811743688
7,1840790,1000417,1000417,1000833,1002083,1.839257898,1.836963605
7,1843645,1000208,1000208,1000261,1001302,1.843163934,1.841247696
7,1842828,1000521,1000521,1000625,1001875,1.841676952,1.839379164
7,1837587,1000364,1000364,997032,1001563,1.843057194,1.834719334
7,1843247,1000052,1000052,1000000,1001302,1.843247000,1.840850213
7,1843691,1000261,1000261,1000260,1001406,1.843211765,1.841102410
7,1842384,1000469,1000469,1000521,1001719,1.841424618,1.839222377
7,1830311,1000156,1000156,983958,1001407,1.860151551,1.827739371
7,1843999,1000417,1000417,1000469,1001354,1.843134570,1.841505601
7,1843945,1000365,1000365,1000416,1001406,1.843178238,1.841356053
7,1843568,1000208,1000208,1000260,1001198,1.843088797,1.841362048
7,1981417,1000469,1000469,982708,1001510,2.016282558,1.978429571
7,2092796,1000000,1000000,1000000,1001041,2.092796000,2.090619665
7,2092810,1000365,1000365,1000312,1001146,2.092157247,2.090414385
7,2093092,1000156,1000156,1000156,1000938,2.092765529,2.091130520
7,2079644,1000469,1000469,985051,1001718,2.111204394,2.076077299
7,2093616,1000365,1000365,1000365,1001250,2.092852109,2.091002247
7,2093803,1000469,1000469,1000468,1001510,2.092823559,2.090646124
7,2093329,1000261,1000261,1000260,1001302,2.092784876,2.090607030
7,2046657,1000208,1000208,994687,1001198,2.057588970,2.044208039
7,1839543,1000469,1000469,1000520,1001458,1.838586935,1.836864851
7,1843305,1000052,1000052,1000052,1001094,1.843209153,1.841290628
7,1843854,1000364,1000364,1000365,1001302,1.843181239,1.841456424
7,1827749,1000521,1000521,984062,1001667,1.857351468,1.824707213
7,1843163,1000000,1000000,999948,1001406,1.843258849,1.840575151
7,1843129,999948,999948,999948,1001093,1.843224848,1.841116659
7,1843946,1000417,1000417,1000417,1001563,1.843177395,1.841068410
7,1834029,1000156,1000156,973333,1001666,1.884277015,1.830978590
7,1843756,1000313,1000313,1000312,1001406,1.843180928,1.841167319
7,1843910,1000365,1000365,1000365,1001510,1.843237218,1.841129894
7,1841518,1000052,1000052,1000052,1001510,1.841422246,1.838741500
7,1826212,1000156,1000156,980989,1001511,1.861602933,1.823456757
7,1843257,1000052,1000052,1000000,1001407,1.843257000,1.840667181
7,1843450,1000105,1000105,1000156,1001302,1.843162467,1.841052949
7,1843186,1000000,1000000,999948,1001093,1.843281851,1.841173597
7,1835506,1000573,1000573,991823,1002032,1.850638672,1.831783815
7,1843658,1000260,1000260,1000209,1001667,1.843272756,1.840589737
7,1843364,1000104,1000104,1000052,1001197,1.843268150,1.841160131
7,1843708,1000313,1000313,1000312,1001355,1.843132943,1.841213156
7,1824685,1000729,1000729,978647,1002292,1.864497618,1.820512386
7,1843091,999948,999948,999947,1001198,1.843188689,1.840885619
7,1843333,1000104,1000104,1000052,1001250,1.843237152,1.841031710
7,1844147,1000521,1000521,1000521,1001615,1.843186700,1.841173505
7,1835209,1000209,1000209,979167,1001614,1.874255362,1.832251746
7,1843964,1000416,1000416,1000417,1001458,1.843195388,1.841279415
7,1844065,1000417,1000417,1000416,1001459,1.843298188,1.841378429
7,1843811,1000313,1000313,1000417,1001458,1.843042451,1.841126637
7,1827894,1000573,1000573,977968,1001823,1.869073426,1.824567813
7,1843557,1000157,1000157,1000156,1001198,1.843269450,1.841351061
7,1843931,1000365,1000365,1000364,1001354,1.843260053,1.841437693
7,1844288,1000625,1000625,1000625,1001562,1.843136040,1.841411715
7,1840083,1000521,1000521,996094,1001614,1.847298548,1.837117892
7,1843638,1000260,1000260,1000208,1001146,1.843254603,1.841527609
7,1843959,1000416,1000416,1000417,1001354,1.843190390,1.841465656
7,1843321,1000104,1000104,1000052,1001094,1.843225152,1.841306611
7,1829223,1000886,1000886,982552,1002083,1.861706047,1.825420649
7,1831951,1000417,1000417,1000469,1001562,1.831092218,1.829093955
7,1843077,1000729,1000729,1000833,1001823,1.841542995,1.839723185
7,1843711,1000260,1000260,1000260,1001250,1.843231760,1.841409238
7,1836942,1000104,1000104,981355,1001198,1.871842503,1.834743977
7,1844227,1000521,1000521,1000521,1001355,1.843266658,1.841731454
7,1843686,1000260,1000260,1000313,1001198,1.843109107,1.841479907
7,1844204,1000520,1000520,1000573,1001510,1.843147876,1.841423451
7,1831582,1000625,1000625,987603,1001823,1.854573143,1.828249102
7,1844463,1000677,1000677,1000729,1001823,1.843119366,1.841106663
7,1843927,1000364,1000364,1000417,1001458,1.843158403,1.841242468
7,1843400,1000156,1000156,1000052,1001042,1.843304148,1.841481177
7,1839631,1000417,1000417,997084,1001510,1.845011052,1.836857345
7,1843784,1000364,1000364,1000313,1001198,1.843207076,1.841577790
7,1843895,1000416,1000416,1000365,1001302,1.843222224,1.841497370
7,1843924,1000416,1000416,1000417,1001354,1.843155404,1.841430703
7,1831961,1000677,1000677,986719,1001927,1.856618754,1.828437601
7,1844442,1000677,1000677,1000729,1001823,1.843098381,1.841085701
7,1844134,1000469,1000469,1000573,1001563,1.843077916,1.841256117
7,1876222,1030677,1030677,1026406,1031666,1.827953071,1.818633162
7,2043648,1000156,1000156,975782,1001042,2.094369439,2.041520735
7,2093454,1000313,1000313,1000260,1001146,2.092909843,2.091057648
7,2093349,1000260,1000260,1000261,1001094,2.092802778,2.091061379
7,2086111,1000261,1000261,993385,1001145,2.100002517,2.083725135
7,2085695,1000469,1000469,992292,1001563,2.101896418,2.082440146
7,2092687,1000261,1000261,1000312,1001302,2.092034285,2.089965864
7,2093697,1000416,1000416,1000417,1001198,2.092824292,2.091191752
7,2086660,1000469,1000469,994271,1001354,2.098683357,2.083838483
7,2093723,1000469,1000469,1000417,1001198,2.092850281,2.091217721
7,2093285,1000208,1000208,1000365,1001146,2.092521230,2.090888841
7,2092457,1000157,1000157,1000156,1000989,2.092130628,2.090389605
7,2087901,1000625,1000625,994114,1001458,2.100263149,2.084861272
7,2086406,1000312,1000312,993907,1001406,2.099196404,2.083476632
7,1842265,1000052,1000052,1000156,1000886,1.841977651,1.840634198
7,1843895,1000365,1000365,1000364,1001250,1.843224066,1.841593009
7,1836783,1000521,1000521,984323,1001511,1.866036860,1.834011808
7,1843074,999948,999948,999948,1000885,1.843169845,1.841444322
7,1843864,1000364,1000364,1000313,1001250,1.843287051,1.841562047
7,1843485,1000156,1000156,1000105,1001146,1.843291454,1.841374784
7,1834510,1000469,1000469,990053,1001458,1.852941206,1.831839178
7,1838732,1000312,1000312,998125,1001406,1.842186099,1.836150373
7,1843743,1000260,1000260,1000261,1001250,1.843261909,1.841441199
7,1843317,1000052,1000052,1000052,1001042,1.843221153,1.841398263
7,1838114,1000469,1000469,994115,1001511,1.848995338,1.835340800
7,1843496,1000156,1000156,1000104,1001146,1.843304296,1.841385772
7,1844180,1000521,1000521,1000520,1001563,1.843221525,1.841302045
7,1843654,1000260,1000260,1000209,1001146,1.843268757,1.841543591
7,1836630,1000104,1000104,990781,1001093,1.853719440,1.834624755
7,1843589,1000209,1000209,1000208,1001302,1.843205613,1.841191768
7,1843437,1000104,1000104,1000104,1001094,1.843245302,1.841422484
7,1843550,1000208,1000208,1000157,1001146,1.843260608,1.841439710
7,1836568,1000104,1000104,982343,1001197,1.869579159,1.834372256
7,1843415,1000104,1000104,1000104,1001146,1.843223305,1.841304865
7,1843348,1000104,1000104,1000053,1001042,1.843250308,1.841429231
7,1841974,1000105,1000105,1000156,1001145,1.841686697,1.839867352
7,1832900,1000469,1000469,986510,1001615,1.857963933,1.829944639
7,1843781,1000260,1000260,1000313,1001302,1.843204077,1.841383519
7,1843759,1000313,1000313,1000312,1001198,1.843183927,1.841552820
7,1843267,1000052,1000052,1000052,1000937,1.843171155,1.841541476
7,1839389,1000156,1000156,997240,1001146,1.844479764,1.837283473
7,1843575,1000209,1000209,1000208,1001198,1.843191616,1.841369040
7,1843936,1000417,1000417,1000364,1001354,1.843265052,1.841442687
7,1843833,1000313,1000313,1000312,1001355,1.843257904,1.841337987
7,1829750,1000781,1000781,984009,1001980,1.859485025,1.826134254
7,1843064,999948,999948,999948,1001041,1.843159844,1.841147366
7,1843740,1000313,1000313,1000260,1001302,1.843260752,1.841342572
7,1843333,1000104,1000104,1000052,1001146,1.843237152,1.841222958
7,1832934,1000625,1000625,974376,1001770,1.881136235,1.829695439
7,1843063,999948,999948,999844,1001250,1.843350563,1.840762047
7,1843976,1000417,1000417,1000416,1001458,1.843209225,1.841291397
7,1843459,1000157,1000157,1000104,1001146,1.843267300,1.841348814
7,1819662,1000417,1000417,976666,1001615,1.863136425,1.816727984
7,1843455,1000105,1000105,1000104,1001250,1.843263301,1.841153558
7,1843632,1000261,1000261,1000208,1001250,1.843248604,1.841330337
7,1843341,1000052,1000052,1000104,1001094,1.843149312,1.841326589
7,1836457,1000729,1000729,990364,1001823,1.854325278,1.833115231
7,1843511,1000156,1000156,1000156,1001406,1.843223457,1.840922663
7,1843940,1000417,1000417,1000364,1001459,1.843269050,1.841253611
7,1843884,1000364,1000364,1000365,1001406,1.843211228,1.841295139
7,1828335,1000520,1000520,980260,1001666,1.865153123,1.825294060
7,1843716,1000260,1000260,1000261,1001615,1.843234916,1.840743200
7,1843650,1000260,1000260,1000208,1001250,1.843266601,1.841348315
7,1843492,1000156,1000156,1000157,1001250,1.843202617,1.841190512
7,1835527,1000260,1000260,983750,1001458,1.865847014,1.832854698
7,1843683,1000260,1000260,1000260,1001406,1.843203767,1.841094421
7,1843875,1000364,1000364,1000365,1001458,1.843202231,1.841190544
7,1843275,1000052,1000052,1000052,1001198,1.843179155,1.841069399
7,1829895,1000468,1000468,983646,1001770,1.860318651,1.826661809
7,1843991,1000469,1000469,1000417,1001667,1.843222376,1.840922183
7,1844164,1000521,1000521,1000521,1001614,1.843203691,1.841192316
7,1843923,1000417,1000417,1000365,1001511,1.843250214,1.841141036
7,1838280,1000416,1000416,995938,1001614,1.845777548,1.835317797
7,1843872,1000417,1000417,1000365,1001615,1.843199232,1.840898948
7,1843195,999948,999948,1000000,1001406,1.843195000,1.840607106
7,1843326,1000052,1000052,1000052,1001198,1.843230152,1.841120338
7,1828544,1000677,1000677,980990,1001979,1.863978226,1.824932459
7,1843571,1000209,1000209,1000208,1001667,1.843187617,1.840502882
7,1843968,1000417,1000417,1000364,1001563,1.843297040,1.841090376
7,1843800,1000312,1000312,1000313,1001458,1.843223071,1.841115653
7,1831252,1000156,1000156,979686,1001510,1.869223404,1.828490979
7,1843898,1000365,1000365,1000469,1001615,1.843033617,1.840924906
7,1843265,1000000,1000000,1000000,1001146,1.843265000,1.841155036
7,1844177,1000521,1000521,1000521,1001614,1.843216684,1.841205295
7,1827867,1000417,1000417,986197,1001563,1.853450173,1.825014502
7,1843092,999948,999948,999895,1001042,1.843285545,1.841173497
7,1843880,1000364,1000364,1000365,1001614,1.843207229,1.840908773
7,1843461,1000156,1000156,1000104,1001198,1.843269300,1.841255176
7,1838679,1000364,1000364,996563,1001510,1.845020335,1.835906781
7,1844166,1000521,1000521,1000520,1001510,1.843207532,1.841385508
7,1843213,1000000,1000000,1000000,1001042,1.843213000,1.841294371
7,1843240,1000000,1000000,1000052,1001250,1.843144157,1.840938826
7,1830213,1000678,1000678,984948,1001719,1.858182361,1.827072263
7,1843747,1000313,1000313,1000260,1001511,1.843267750,1.840965301
7,1843946,1000364,1000364,1000417,1001510,1.843177395,1.841165840
7,1843882,1000364,1000364,1000365,1001302,1.843209229,1.841484387
7,1836224,1000625,1000625,986146,1001771,1.862020431,1.832977796
7,1843751,1000260,1000260,1000260,1001302,1.843271749,1.841353558
7,1843734,1000260,1000260,1000313,1001250,1.843157092,1.841432210
7,1843341,1000105,1000105,1000052,1000989,1.843245151,1.841519737
7,1827432,1000521,1000521,982917,1001927,1.859192587,1.823917311
7,1843726,1000313,1000313,1000260,1001406,1.843246756,1.841137361
7,1843778,1000312,1000312,1000261,1001406,1.843296900,1.841189288
7,1843263,1000052,1000052,1000052,1001146,1.843167155,1.841153039
7,1836255,1000208,1000208,995417,1001406,1.844709303,1.833676850
7,1843556,1000209,1000209,1000208,1001615,1.843172620,1.840583458
7,1843479,1000156,1000156,1000157,1001250,1.843189619,1.841177528
7,1843995,1000416,1000416,1000417,1001719,1.843226375,1.840830612
7,1830130,1000469,1000469,984479,1001771,1.858983279,1.826894570
7,1843454,1000156,1000156,1000104,1001510,1.843262301,1.840674581
7,1843415,1000104,1000104,1000104,1001250,1.843223305,1.841113608
7,1843767,1000312,1000312,1000313,1001406,1.843190082,1.841178303
7,1835843,1000417,1000417,982343,1001614,1.868841128,1.832884724
7,1843647,1000260,1000260,1000209,1001407,1.843261758,1.841056633
7,1843218,1000000,1000000,999948,1001146,1.843313852,1.841108090
7,1843240,1000052,1000052,1000000,1001406,1.843240000,1.840652043
7,1794310,1000417,1000417,955000,1001979,1.878858639,1.790766074
7,1843529,1000156,1000156,1000156,1001562,1.843241454,1.840653899
7,1843518,1000156,1000156,1000105,1001303,1.843324451,1.841119022
7,1843206,1000000,1000000,1000000,1001093,1.843206000,1.841193575
7,1838993,1000521,1000521,995938,1001719,1.846493456,1.835837196
7,1843464,1000105,1000105,1000104,1001198,1.843272300,1.841258173
7,1843295,1000052,1000052,1000052,1001458,1.843199154,1.840611389
7,1843974,1000417,1000417,1000417,1001511,1.843205383,1.841191959
7,1829408,1000208,1000208,982709,1001458,1.861596872,1.826744606
7,1843147,1000000,1000000,999948,1000989,1.843242849,1.841325929
7,1844097,1000521,1000521,1000469,1001355,1.843232524,1.841601630
7,1843634,1000261,1000261,1000208,1001094,1.843250604,1.841619269
7,1836365,1000677,1000677,987343,1001719,1.859905828,1.833213706
7,1843214,1000000,1000000,1000000,1000937,1.843214000,1.841488525
7,1843378,1000104,1000104,1000052,1000990,1.843282149,1.841554861
7,1843316,1000053,1000053,1000052,1000938,1.843220153,1.841588590
7,1833258,1000729,1000729,984949,1001875,1.861272005,1.829827074
7,1843222,1000000,1000000,1000000,1001198,1.843222000,1.841016462
7,1843274,1000052,1000052,1000052,1001198,1.843178155,1.841068400
7,1843506,1000208,1000208,1000156,1001302,1.843218458,1.841108876
7,1838167,1000417,1000417,995728,1001562,1.846053340,1.835300261
7,1843580,1000208,1000208,1000208,1001302,1.843196615,1.841182780
7,1843233,1000000,1000000,1000052,1001146,1.843137157,1.841123073
7,1843768,1000313,1000313,1000260,1001406,1.843288745,1.841179302
7,1805531,1000105,1000105,963177,1001406,1.874557843,1.802995988
7,1843470,1000156,1000156,1000156,1001667,1.843182464,1.840402050
7,1843796,1000312,1000312,1000365,1001459,1.843123260,1.841109821
7,1843132,1000000,1000000,999895,1001093,1.843325549,1.841119656
7,1837198,1000313,1000313,981770,1001510,1.871312018,1.834428014
7,1843302,1000052,1000052,1000000,1001093,1.843302000,1.841289471
7,1843190,1000000,1000000,1000000,1001198,1.843190000,1.840984501
7,1843586,1000208,1000208,1000208,1001250,1.843202614,1.841284395
7,1828379,1000469,1000469,982449,1001770,1.861042151,1.825148487
7,1843492,1000157,1000157,1000104,1001250,1.843300297,1.841190512
7,1843718,1000312,1000312,1000261,1001250,1.843236915,1.841416230
7,1843375,1000052,1000052,1000104,1001042,1.843183309,1.841456203
7,1836454,1000469,1000469,995209,1001458,1.845294807,1.833780348
7,1843675,1000261,1000261,1000260,1001198,1.843195769,1.841468920
7,1843860,1000365,1000365,1000364,1001302,1.843189079,1.841462416
7,1843375,1000104,1000104,1000105,1001094,1.843181466,1.841360552
7,1830019,1000416,1000416,979531,1001667,1.868260423,1.826973435
7,1843798,1000313,1000313,1000312,1001354,1.843222914,1.841304873
7,1843125,999948,999948,999896,1000990,1.843316705,1.841302111
7,1843237,1000000,1000000,1000000,1001042,1.843237000,1.841318346
7,1836641,1000104,1000104,985573,1001198,1.863526091,1.834443337
7,1844092,1000469,1000469,1000468,1001510,1.843229369,1.841311619
7,1843711,1000261,1000261,1000260,1001302,1.843231760,1.841313610
7,1843935,1000417,1000417,1000416,1001406,1.843168242,1.841346067
7,1830326,1000417,1000417,984897,1001719,1.858393314,1.827185069
7,1843878,1000365,1000365,1000364,1001458,1.843207073,1.841193540
7,1843561,1000156,1000156,1000157,1001355,1.843271606,1.841066355
7,1843890,1000364,1000364,1000365,1001407,1.843217226,1.841299292
7,1837510,1000417,1000417,996667,1001562,1.843654902,1.834644286
7,1843873,1000365,1000365,1000364,1001406,1.843202074,1.841284154
7,1844015,1000417,1000417,1000417,1001406,1.843246366,1.841425955
7,1843845,1000365,1000365,1000365,1001354,1.843172242,1.841351810
7,1827201,1000105,1000105,984896,1001458,1.855222277,1.824540819
7,1843446,1000156,1000156,1000053,1001198,1.843348303,1.841240194
7,1844083,1000468,1000468,1000521,1001511,1.843122733,1.841300794
7,1843902,1000364,1000364,1000365,1001407,1.843229221,1.841311275
7,1836705,1000416,1000416,984791,1001563,1.865070863,1.833838710
7,1843356,1000104,1000104,1000052,1001562,1.843260150,1.840481168
7,1843816,1000364,1000364,1000365,1001459,1.843143253,1.841129792
7,1843772,1000312,1000312,1000261,1001407,1.843290901,1.841181458
7,1805474,1000521,1000521,967240,1001771,1.866624623,1.802282158
7,1843386,1000104,1000104,1000105,1001511,1.843192465,1.840604846
7,1844054,1000469,1000469,1000469,1001614,1.843189544,1.841082493
7,1843704,1000312,1000312,1000261,1001407,1.843222919,1.841113553
7,1835560,1000156,1000156,995104,1001303,1.844591118,1.833171378
7,1843844,1000365,1000365,1000364,1001458,1.843173085,1.841159589
7,1843844,1000365,1000365,1000313,1001458,1.843267057,1.841159589
7,1843252,1000052,1000052,1000052,1001458,1.843156156,1.840568451
7,1811205,1000156,1000156,979062,1001250,1.849939023,1.808943820
7,1842562,1000729,1000729,1000730,1001979,1.841217911,1.838922772
7,1843250,1000000,1000000,1000105,1001250,1.843056479,1.840948814
7,1843077,1000312,1000312,1000261,1001406,1.842596082,1.840489272
7,1823044,1000677,1000677,975520,1001980,1.868792029,1.819441506
7,1843809,1000313,1000313,1000364,1001510,1.843138098,1.841029046
7,1840800,1000104,1000104,1000104,1001406,1.840608577,1.838215469
7,1843622,1000208,1000208,1000209,1001615,1.843236764,1.840649351
7,1828219,1000417,1000417,980573,1004427,1.864439465,1.820161147
7,1843376,1000105,1000105,1000104,1001302,1.843184309,1.840979045
7,1844211,1000573,1000573,1000520,1001614,1.843252509,1.841239240
7,1844235,1000520,1000520,1000573,1001511,1.843178859,1.841452565
7,1839036,1000468,1000468,995886,1001563,1.846633048,1.836166072
7,1843897,1000365,1000365,1000417,1001458,1.843128415,1.841212512
7,1844068,1000469,1000469,1000573,1001563,1.843011954,1.841190220
7,1843792,1000312,1000312,1000313,1001303,1.843215074,1.841392665
7,1828240,1000416,1000416,983073,1001407,1.859719471,1.825671281
7,1843636,1000260,1000260,1000208,1001250,1.843252603,1.841334332
7,1844046,1000416,1000416,1000417,1001355,1.843277353,1.841550699
7,1843453,1000104,1000104,1000104,1001042,1.843261301,1.841534121
7,1940234,995209,995209,976876,1001562,1.986162010,1.937208081
7,2093785,1000469,1000469,1000573,1001563,2.092585948,2.090517521
7,1840782,1000521,1000521,1000520,1001458,1.839825291,1.838102047
7,1843677,1000261,1000261,1000260,1001198,1.843197769,1.841470918
7,1825790,1000573,1000573,981512,1001666,1.860181027,1.822753293
7,1843798,1000260,1000260,1000365,1001615,1.843125259,1.840825068
7,1844127,1000469,1000469,1000521,1001666,1.843166710,1.841059794
7,1844106,1000469,1000469,1000469,1001563,1.843241520,1.841228160
7,1837635,1000157,1000157,994010,1001406,1.848708766,1.835054913
7,1843084,999948,999948,999896,1001042,1.843275701,1.841165506
7,1843813,1000313,1000313,1000364,1001458,1.843142096,1.841128634
7,1843942,1000365,1000365,1000365,1001771,1.843269207,1.840682152
7,1829926,1000260,1000260,982863,1001823,1.861832219,1.826596115
7,1843713,1000312,1000312,1000209,1001406,1.843327745,1.841124379
7,1843533,1000156,1000156,1000157,1001250,1.843243611,1.841231461
7,1843773,1000312,1000312,1000313,1001354,1.843196080,1.841279907
7,1823022,1000260,1000260,982135,1001459,1.856182704,1.820366086
7,1843418,1000157,1000157,1000104,1001302,1.843226304,1.841020991
7,1843872,1000365,1000365,1000364,1001354,1.843201075,1.841378773
7,1844060,1000469,1000469,1000521,1001458,1.843099745,1.841375275
7,1829476,1000053,1000053,983386,1001250,1.860384427,1.827192010
7,1844068,1000469,1000469,1000468,1001458,1.843205380,1.841383263
7,1842232,1000208,1000208,1000157,1001145,1.841942815,1.840125057
7,1844086,1000469,1000469,1000521,1001406,1.843125731,1.841496855
7,1839208,1000000,1000000,995886,1001041,1.846805759,1.837295376
7,1843780,1000312,1000312,1000313,1001198,1.843203077,1.841573795
7,1843842,1000365,1000365,1000313,1001250,1.843265058,1.841540075
7,1843970,1000417,1000417,1000416,1001354,1.843203227,1.841476641
7,1834309,1000625,1000625,988958,1001823,1.854789587,1.830971140
7,1837808,1000260,1000260,1000417,1001458,1.837041954,1.835132377
7,1837044,1000677,1000677,1000729,1001667,1.835705770,1.833986744
7,1844286,1000573,1000573,1000573,1001562,1.843229829,1.841409718
7,1838831,1000208,1000208,996927,1001250,1.844499146,1.836535331
7,1843369,1000105,1000105,1000104,1001042,1.843177310,1.841450209
7,1842887,1000573,1000573,1000520,1001510,1.841929197,1.840108436
7,1842569,1000000,1000000,999948,1000989,1.842664819,1.840748500
7,1834444,1000677,1000677,985311,1001771,1.861791861,1.831200943
7,1844445,1000677,1000677,1000730,1001771,1.843099537,1.841184263
7,1844405,1000625,1000625,1000729,1001771,1.843061408,1.841144333
7,1843946,1000469,1000469,1000573,1001562,1.842890024,1.841070248
7,1836027,1000312,1000312,994844,1001407,1.845542618,1.833447340
7,1843391,1000104,1000104,1000104,1001093,1.843199307,1.841378373
7,1844079,1000468,1000468,1000469,1001354,1.843214532,1.841585493
7,1843277,1000052,1000052,1000052,1001042,1.843181155,1.841358305
7,1831519,1000156,1000156,985782,1001250,1.857935122,1.829232459
7,1844194,1000573,1000573,1000521,1001510,1.843233675,1.841413466
7,1844040,1000468,1000468,1000521,1001511,1.843079755,1.841257859
7,1844342,1000625,1000625,1000678,1001719,1.843092383,1.841177017
7,1982749,1000677,1000677,977968,1001614,2.027417053,1.979554000
7,2092983,1000052,1000052,1000052,1000990,2.092874171,2.090912996
7,2093368,1000313,1000313,1000260,1001250,2.092823866,2.090754557
7,2093539,1000364,1000364,1000313,1001302,2.092883927,2.090816757
7,2081314,1000625,1000625,984428,1001823,2.114236897,2.077526669
7,2093440,1000677,1000677,1000677,1001667,2.092023700,2.089956043
7,2091628,1000261,1000261,1000208,1001146,2.091193032,2.089233738
7,2093115,1000104,1000104,1000261,1001355,2.092568840,2.090282667
7,2088302,1000052,1000052,996510,1000990,2.095615699,2.086236626
7,2092807,1000052,1000052,999948,1000937,2.092915832,2.090847876
7,2093255,1000261,1000261,1000260,1001198,2.092710895,2.090750281
7,2093505,1000364,1000364,1000313,1001146,2.092849938,2.091108590
7,2080280,1000417,1000417,987552,1001406,2.106501734,2.077359233
7,2093708,1000416,1000416,1000417,1001302,2.092835288,2.090985537
7,1834349,1000469,1000469,1000468,1001302,1.833490926,1.831963783
7,1843924,1000365,1000365,1000416,1001302,1.843157247,1.841526333
7,1834634,1000260,1000260,979999,1001302,1.872077420,1.832248413
7,1844008,1000417,1000417,1000364,1001406,1.843337025,1.841418965
7,1843209,1000365,1000365,1000364,1001198,1.842538316,1.841003478
7,1843795,1000313,1000313,1000364,1001197,1.843124103,1.841590616
7,1821600,1000729,1000729,978648,1001875,1.861343404,1.818190892
7,1844200,1000521,1000521,1000521,1001615,1.843239672,1.841226419
7,1843766,1000312,1000312,1000261,1001354,1.843284903,1.841272916
7,1844109,1000468,1000468,1000469,1001667,1.843244518,1.841039986
7,1838530,1000417,1000417,994843,1001667,1.848060448,1.835470271
7,1844004,1000469,1000469,1000416,1001719,1.843237213,1.840839597
7,1842232,1000260,1000260,1000261,1001354,1.841751303,1.839740991
7,1843244,1000000,1000000,999948,1001146,1.843339854,1.841134060
7,1816489,1000364,1000364,968281,1001667,1.875993642,1.813465952
7,1844071,1000469,1000469,1000416,1001615,1.843304185,1.841097627
7,1843528,1000157,1000157,1000208,1001302,1.843144626,1.841130848
7,1844132,1000521,1000521,1000521,1001562,1.843171708,1.841255958
7,1835961,1000469,1000469,980729,1001771,1.872037026,1.832715261
7,1844005,1000416,1000416,1000469,1001406,1.843140567,1.841415969
7,1843799,1000312,1000312,1000313,1001302,1.843222071,1.841401495
7,1843414,1000156,1000156,1000157,1001198,1.843124629,1.841208233
7,1829773,1000156,1000156,984375,1001354,1.858817016,1.827298837
7,1843675,1000260,1000260,1000261,1001354,1.843193926,1.841182040
7,1844089,1000469,1000469,1000468,1001407,1.843226370,1.841498012
7,1843263,1000052,1000052,1000104,1000989,1.843071321,1.841441814
7,1838149,1000104,1000104,995521,1001146,1.846419111,1.836044893
7,1843721,1000312,1000312,1000261,1001250,1.843239914,1.841419226
7,1843825,1000313,1000313,1000364,1001302,1.843154092,1.841427461
7,1844041,1000469,1000469,1000416,1001459,1.843274198,1.841354464
7,1829895,1000156,1000156,986302,1001250,1.855309023,1.827610487
7,1843321,1000105,1000105,1000052,1001041,1.843225152,1.841404098
7,1843934,1000365,1000365,1000417,1001302,1.843165400,1.841536320
7,1843375,1000104,1000104,1000105,1000938,1.843181466,1.841647535
7,1840061,1000521,1000521,997813,1001562,1.844094034,1.837191307
7,1843924,1000417,1000417,1000364,1001354,1.843253056,1.841430703
7,1844078,1000469,1000469,1000417,1001354,1.843309340,1.841584495
7,1843785,1000312,1000312,1000313,1001198,1.843208076,1.841578789
7,1834100,1000520,1000520,986355,1001510,1.859472502,1.831334685
7,1843631,1000209,1000209,1000208,1001303,1.843247604,1.841231875
7,1843907,1000365,1000365,1000364,1001355,1.843236062,1.841411887
7,1843376,1000104,1000104,1000052,1000990,1.843280149,1.841552863
7,1835859,1000104,1000104,993385,1001198,1.848084076,1.833662273
7,1843950,1000417,1000417,1000416,1001355,1.843183236,1.841454829
7,1843358,1000052,1000052,1000104,1000990,1.843166311,1.841534880
7,1843369,1000052,1000052,1000052,1000990,1.843273150,1.841545870
7,1830267,1000365,1000365,983853,1001615,1.860305350,1.827315885
7,1843917,1000417,1000417,1000365,1001511,1.843244216,1.841135045
7,1843722,1000312,1000312,1000261,1001458,1.843240914,1.841037767
7,1843176,1000000,1000000,999948,1001198,1.843271850,1.840970517
7,1833760,1000052,1000052,976562,1001354,1.877771201,1.831280446
7,1843413,1000104,1000104,1000104,1001145,1.843221305,1.841304706
7,1844102,1000468,1000468,1000469,1001510,1.843237522,1.841321604
7,1843152,1000000,1000000,1000000,1000990,1.843152000,1.841329084
7,1825449,1000416,1000416,974948,1001770,1.872355244,1.822223664
7,1843497,1000156,1000156,1000105,1001198,1.843303453,1.841291133
7,1844015,1000416,1000416,1000417,1001458,1.843246366,1.841330340
7,1843542,1000208,1000208,1000157,1001250,1.843252609,1.841240449
7,1836111,1000208,1000208,993802,1001302,1.847562190,1.833723492
7,1843706,1000260,1000260,1000261,1001302,1.843224918,1.841308616
7,1843354,1000052,1000052,1000104,1001354,1.843162311,1.840861474
7,1843447,1000105,1000105,1000104,1001197,1.843255301,1.841243032
7,1829457,1000156,1000156,982291,1001406,1.862438931,1.826888395
7,1843790,1000313,1000313,1000312,1001354,1.843214917,1.841296884
7,1843328,1000104,1000104,1000052,1001093,1.843232152,1.841315442
7,1872335,1020156,1020156,1004374,1021250,1.864181072,1.833375765
7,1843293,1000000,1000000,1000104,1001458,1.843101317,1.840609392
7,1844068,1000469,1000469,1000469,1001614,1.843203538,1.841096470
7,1843313,1000052,1000052,1000000,1001146,1.843313000,1.841202981
7,1835798,1000469,1000469,990730,1001719,1.852975079,1.832647679
7,1834401,1000156,1000156,990729,1001406,1.851566877,1.831825453
7,1843934,1000417,1000417,1000417,1001511,1.843165400,1.841152019
7,1843489,1000156,1000156,1000156,1001198,1.843201461,1.841283143
7,1836007,1000417,1000417,992969,1001563,1.849007371,1.833141799
7,1844076,1000469,1000469,1000469,1001510,1.843211534,1.841295644
7,1843145,1000000,1000000,1000000,1001042,1.843145000,1.841226442
7,1843359,1000104,1000104,1000052,1001146,1.843263150,1.841248929
7,1836885,1000365,1000365,992343,1001562,1.851058555,1.834020260
7,1807979,1000000,1000000,968646,1001146,1.866501281,1.805909428
7,1844026,1000469,1000469,1000416,1001302,1.843259204,1.841628200
7,1843592,1000208,1000208,1000156,1001146,1.843304445,1.841481662
7,1835697,1000156,1000156,984636,1001250,1.864340731,1.833405243
7,1843237,1000052,1000052,999948,1001093,1.843332853,1.841224542
7,1843483,1000156,1000156,1000157,1001094,1.843193619,1.841468434
7,1843425,1000104,1000104,1000105,1000990,1.843231461,1.841601814
7,1837612,1000417,1000417,993073,1001406,1.850429928,1.835031945
7,1839275,1000520,1000520,993802,1001614,1.850745923,1.836311194
7,1843242,1000000,1000000,1000052,1000937,1.843146156,1.841516499
7,1843430,1000104,1000104,1000157,1001250,1.843140627,1.841128589
7,1838631,1000000,1000000,996770,1001093,1.844589023,1.836623570
7,1844115,1000521,1000521,1000469,1001459,1.843250516,1.841428356
7,1844152,1000521,1000521,1000521,1001458,1.843191697,1.841467141
7,1844136,1000520,1000520,1000469,1001458,1.843271506,1.841451164
7,1834016,1000104,1000104,988230,1001146,1.855859466,1.831916624
7,1838634,1000520,1000520,994844,1001719,1.848163129,1.835478812
7,1843096,999948,999948,999948,1001042,1.843191846,1.841177493
7,1843234,1000052,1000052,1000000,1001041,1.843234000,1.841317189
7,1829077,1000313,1000313,978593,1001459,1.869088579,1.826412265
7,1843507,1000156,1000156,1000156,1001562,1.843219458,1.840631933
7,1843468,1000157,1000157,1000156,1001250,1.843180464,1.841166542
7,1843998,1000469,1000469,1000417,1001563,1.843229373,1.841120329
7,1828517,1000677,1000677,984219,1001823,1.857835502,1.825189679
7,1843826,1000312,1000312,1000365,1001771,1.843153249,1.840566357
7,1843555,1000208,1000208,1000157,1001354,1.843265607,1.841062202
7,1843307,1000052,1000052,1000053,1001146,1.843209310,1.841196988
7,1837239,1000364,1000364,995626,1001562,1.845310388,1.834373708
7,1843442,1000105,1000105,1000104,1001198,1.843250302,1.841236199
7,1843351,1000104,1000104,1000052,1001198,1.843255151,1.841145308
7,1843723,1000313,1000313,1000312,1001667,1.843147938,1.840654629
7,1828395,1000260,1000260,982032,1001511,1.861848697,1.825636463
7,1843395,1000469,1000469,1000469,1001927,1.842530853,1.839849610
7,1843258,1000000,1000000,1000052,1001198,1.843162156,1.841052419
7,1843169,1000000,1000000,999948,1001094,1.843264850,1.841154777
7,1837149,1000052,1000052,996303,1001354,1.843966143,1.834664864
7,1843301,1000052,1000052,1000000,1001146,1.843301000,1.841190995
7,1843243,1000000,1000000,1000000,1001198,1.843243000,1.841037437
7,1844110,1000520,1000520,1000521,1001614,1.843149719,1.841138403
7,1801131,1000521,1000521,960468,1001771,1.875263934,1.797946836
7,1844184,1000521,1000521,1000521,1001667,1.843223680,1.841114862
7,1844129,1000521,1000521,1000520,1001927,1.843170551,1.840582198
7,1843995,1000417,1000417,1000417,1001510,1.843226375,1.841214766
7,1834321,1000521,1000521,991354,1001875,1.850318857,1.830888085
7,1843600,1000208,1000208,1000208,1001406,1.843216611,1.841011538
7,1844075,1000469,1000469,1000469,1001615,1.843210534,1.841101621
7,1843601,1000208,1000208,1000209,1001302,1.843215768,1.841203753
7,1828492,1000312,1000312,980937,1001562,1.864025926,1.825640350
7,1843763,1000313,1000313,1000261,1001771,1.843281903,1.840503468
7,1843943,1000416,1000416,1000365,1001562,1.843270206,1.841067253
7,1843853,1000365,1000365,1000364,1001458,1.843182082,1.841168576
7,1835811,1000209,1000209,980208,1001458,1.872879022,1.833138284
7,1843440,1000156,1000156,1000052,1001303,1.843344146,1.841041123
7,1843826,1000364,1000364,1000313,1001354,1.843249063,1.841332835
7,1843943,1000416,1000416,1000417,1001615,1.843174396,1.840969834
7,1828916,1000625,1000625,980937,1001875,1.864458166,1.825493200
7,1839846,998177,998177,998177,1001302,1.843206165,1.837453635
7,1843746,1000313,1000313,1000312,1001302,1.843170931,1.841348564
7,1843948,1000417,1000417,1000416,1001406,1.843181237,1.841359049
7,1836799,1000209,1000209,994062,1001458,1.847771065,1.834124846
7,1844159,1000520,1000520,1000521,1001511,1.843198693,1.841376680
7,1844066,1000469,1000469,1000469,1001458,1.843201538,1.841381266
7,1843754,1000312,1000312,1000313,1001302,1.843177086,1.841356554
7,1828655,1000573,1000573,982188,1001875,1.861817697,1.825232689
7,1843683,1000260,1000260,1000261,1001355,1.843201924,1.841188190
7,1843296,1000052,1000052,1000052,1001094,1.843200154,1.841281638
7,1843583,1000208,1000208,1000209,1001250,1.843197772,1.841281398
7,1826408,1000625,1000625,964531,1001771,1.893571072,1.823179150
7,1843936,1000365,1000365,1000364,1001927,1.843265052,1.840389569
7,1843434,1000104,1000104,1000105,1001250,1.843240460,1.841132584
7,1843661,1000260,1000260,1000209,1001355,1.843275755,1.841166220
7,1826960,1000521,1000521,980468,1001980,1.863355051,1.823349767
7,1843184,1000000,1000000,999948,1001198,1.843279851,1.840978508
7,1843858,1000365,1000365,1000364,1001458,1.843187080,1.841173569
7,1843423,1000157,1000157,1000104,1001250,1.843231304,1.841121598
7,1837411,1000365,1000365,995833,1001563,1.845099530,1.834543608
7,1835748,1000417,1000417,1000416,1001510,1.834984646,1.832980200
7,1839525,1000105,1000105,1000208,1001615,1.839142458,1.836558957
7,1843842,1000312,1000312,1000312,1001458,1.843266901,1.841157592
7,1829247,1000469,1000469,982084,1001927,1.862617658,1.825728821
7,1843920,1000365,1000365,1000312,1001771,1.843344876,1.840660191
7,1843119,999948,999948,999948,1001094,1.843214847,1.841104831
7,1843844,1000365,1000365,1000312,1001458,1.843268900,1.841159589
7,1833156,1000261,1000261,980521,1001563,1.869573421,1.830295249
7,1843945,1000417,1000417,1000417,1001510,1.843176395,1.841164841
7,1843949,1000520,1000520,1000469,1001875,1.843084593,1.840498066
7,1843779,1000313,1000313,1000261,1001406,1.843297899,1.841190286
7,1804211,1000364,1000364,959168,1001615,1.881016673,1.801301897
7,1843541,1000156,1000156,1000156,1001666,1.843253452,1.840474769
7,1844088,1000469,1000469,1000468,1001614,1.843225371,1.841116438
7,1844124,1000468,1000468,1000521,1001615,1.843163712,1.841150542
7,1833280,1000521,1000521,990886,1001770,1.850142196,1.830040828
7,1843537,1000156,1000156,1000156,1001614,1.843249453,1.840566326
7,1843739,1000260,1000260,1000313,1001406,1.843162090,1.841150343
7,1844030,1000468,1000468,1000469,1001615,1.843165555,1.841056693
7,1727482,1000208,1000208,895832,1001458,1.928354870,1.724966998
7,1844009,1000468,1000468,1000417,1001615,1.843240369,1.841035727
7,1843622,1000260,1000260,1000208,1001458,1.843238606,1.840937913
7,1844165,1000521,1000521,1000521,1001771,1.843204690,1.840904758
7,1836231,1000417,1000417,980104,1001718,1.873506281,1.833081766
7,1843867,1000364,1000364,1000625,1001771,1.842715303,1.840607284
7,1836079,1000365,1000365,1000521,1001771,1.835122901,1.832833053
7,1838600,1000573,1000573,1000625,1001875,1.837451593,1.835159077
7,1812023,1000364,1000364,962137,1001563,1.883331584,1.809195228
7,1843888,1000365,1000365,1000364,1001406,1.843217069,1.841299133
7,1841935,1000052,1000052,1000052,1001042,1.841839224,1.840017702
7,1843967,1000469,1000469,1000417,1001458,1.843198386,1.841282410
7,1839112,1000312,1000312,997499,1001354,1.843723152,1.836625209
7,1843584,1000209,1000209,1000208,1001198,1.843200614,1.841378029
7,1843581,1000208,1000208,1000208,1001198,1.843197615,1.841375033
7,1843465,1000156,1000156,1000261,1001303,1.842983981,1.841066091
7,1825764,1000260,1000260,972710,1001355,1.876986975,1.823293437
7,1843596,1000208,1000208,1000208,1001250,1.843212612,1.841294382
7,1843834,1000364,1000364,1000365,1001406,1.843161246,1.841245209
7,1843961,1000417,1000417,1000417,1001354,1.843192389,1.841467653
7,1889894,1000625,1000625,978229,1001666,1.931954583,1.886750673
7,2090795,1000052,1000052,1000052,1000990,2.090686284,2.088727160
7,2092819,1000313,1000313,1000364,1001354,2.092057491,2.089989155
7,2093745,1000469,1000469,1000573,1001510,2.092545971,2.090588212
7,2068625,1000208,1000208,975000,1001094,2.121666667,2.066364397
7,2093855,1000520,1000520,1000573,1001458,2.092655908,2.090806604
7,2092978,1000052,1000052,1000052,1000937,2.092869171,2.091018715
7,2092357,1000104,1000104,1000104,1001041,2.092139418,2.090181121
7,2087537,1000052,1000052,997239,1001042,2.093316647,2.085364051
7,2093452,1000312,1000312,1000260,1001198,2.092907844,2.090947045
7,2092913,1000052,1000052,1000052,1000937,2.092804174,2.090953776
7,2015137,1000313,1000313,1000364,1001302,2.014403757,2.012516703
7,1823645,1000156,1000156,984269,1001146,1.852791259,1.821557495
7,1843960,1000417,1000417,1000364,1001302,1.843289043,1.841562286
7,1844085,1000521,1000521,1000469,1001302,1.843220530,1.841687123
7,1843775,1000313,1000313,1000312,1001198,1.843199922,1.841568801
7,1832401,1000208,1000208,976146,1001250,1.877179233,1.830113358
7,1843823,1000313,1000313,1000364,1001354,1.843152093,1.841329839
7,1842140,1000365,1000365,1000364,1001250,1.841469705,1.839840200
7,1842821,1000469,1000469,1000520,1001354,1.841863231,1.840329194
7,1832088,1000208,1000208,989374,1001719,1.851764853,1.828944045
7,1843563,1000208,1000208,1000209,1001198,1.843177776,1.841357054
7,1843618,1000208,1000208,1000209,1001146,1.843232764,1.841507632
7,1843309,1000052,1000052,1000052,1000990,1.843213153,1.841485929
7,1839416,1000156,1000156,995937,1001146,1.846920036,1.837310442
7,1844186,1000520,1000520,1000521,1001459,1.843225679,1.841499253
7,1843868,1000364,1000364,1000365,1001406,1.843195234,1.841279161
7,1842963,1000573,1000573,1000625,1001614,1.841811868,1.839993251
7,1820585,1000365,1000365,983021,1001510,1.852030628,1.817840062
7,1842854,1000521,1000521,1000573,1001563,1.841798649,1.839978114
7,1843784,1000313,1000313,1000312,1001302,1.843208919,1.841386515
7,1843970,1000417,1000417,1000416,1001406,1.843203227,1.841381018
7,1835365,1000313,1000313,976875,1001302,1.878812540,1.832978462
7,1843386,1000104,1000104,1000208,1001094,1.843002655,1.841371540
7,1843616,1000208,1000208,1000261,1001302,1.843134942,1.841218733
7,1843305,1000052,1000052,1000000,1000989,1.843305000,1.841483773
7,1831244,1000573,1000573,984219,1001771,1.860606227,1.828006600
7,1843636,1000208,1000208,1000208,1001354,1.843252603,1.841143092
7,1843766,1000312,1000312,1000417,1001354,1.842997470,1.841272916
7,1843582,1000208,1000208,1000209,1001250,1.843196772,1.841280400
7,1839086,1000104,1000104,997084,1001198,1.844464458,1.836885411
7,1843408,1000105,1000105,1000156,1000990,1.843120473,1.841584831
7,1843469,1000104,1000104,1000157,1001041,1.843179621,1.841551944
7,1844230,1000573,1000573,1000573,1001458,1.843173861,1.841545027
7,1835010,1000730,1000730,988074,1001875,1.857158472,1.831575795
7,1843780,1000312,1000312,1000365,1001510,1.843107266,1.841000090
7,1843582,1000209,1000209,1000312,1001510,1.843006982,1.840802388
7,1843224,1000000,1000000,1000000,1001094,1.843224000,1.841209717
7,1919336,1000313,1000313,976406,1001354,1.965715082,1.916740733
7,2093637,1000365,1000365,1000364,1001458,2.092875193,2.090588921
7,2092998,1000469,1000469,1000468,1001250,2.092018935,2.090385019
7,2093462,1000312,1000312,1000313,1001146,2.092806951,2.091065639
7,2071662,1000521,1000521,976770,1001562,2.120931233,2.068431111
7,2093356,1000260,1000260,1000208,1001302,2.092920673,2.090633995
7,2093393,1000313,1000313,1000260,1001094,2.092848859,2.091105331
7,2091630,1000104,1000104,1000052,1000885,2.091521241,2.089780544
7,2083872,1000156,1000156,995367,1001093,2.093571517,2.081596815
7,2092862,1000000,1000000,1000000,1000781,2.092862000,2.091228750
7,2092898,1000052,1000052,1000000,1000833,2.092898000,2.091156067
7,2093352,1000261,1000261,1000260,1001198,2.092807870,2.090847165
7,2080666,1000156,1000156,984794,1001041,2.112793132,2.078502279
7,1848434,999792,999792,999791,1001093,1.848820403,1.846415867
7,1843853,1000312,1000312,1000365,1001250,1.843180239,1.841551061
7,1842522,1000000,1000000,999948,1000834,1.842617816,1.840986617
7,1836116,1000208,1000208,982240,1001197,1.869315035,1.833920797
7,1843869,1000364,1000364,1000417,1001250,1.843100427,1.841567041
7,1843733,1000260,1000260,1000261,1001198,1.843251911,1.841526851
7,1843825,1000313,1000313,1000313,1001198,1.843248063,1.841618741
7,1830089,1000469,1000469,987812,1001458,1.852669334,1.827424615
7,1844146,1000469,1000469,1000521,1001615,1.843185700,1.841172506
7,1843930,1000312,1000312,1000312,1001459,1.843354873,1.841243626
7,1843737,1000261,1000261,1000260,1001406,1.843257753,1.841148345
7,1834118,1000416,1000416,993022,1001615,1.847006411,1.831160676
7,1843215,1000052,1000052,1000000,1001145,1.843215000,1.841106933
7,1843404,1000104,1000104,1000104,1001250,1.843212306,1.841102622
7,1843266,1000052,1000052,1000052,1001094,1.843170155,1.841251671
7,1827264,1000521,1000521,983177,1001823,1.858530051,1.823938959
7,1843464,1000156,1000156,1000104,1001354,1.843272300,1.840971325
7,1844025,1000469,1000469,1000468,1001563,1.843162400,1.841147287
7,1842157,1000468,1000468,1000469,1001614,1.841293433,1.839188550
7,1837818,1000781,1000781,979114,1002032,1.877021470,1.834091127
7,1843708,1000261,1000261,1000208,1001354,1.843324588,1.841214995
7,1843896,1000365,1000365,1000364,1001406,1.843225066,1.841307122
7,1841604,1000052,1000052,1000000,1001094,1.841604000,1.839591487
7,1812735,1000000,1000000,974010,1001146,1.861105122,1.810659984
7,1841373,1000052,1000052,1000052,1000990,1.841277254,1.839551844
7,1843947,1000365,1000365,1000416,1001458,1.843180237,1.841262439
7,1843978,1000417,1000417,1000417,1001354,1.843209382,1.841484630
7,1839232,1000313,1000313,997865,1001354,1.843167162,1.836745047
7,1843256,1000053,1000053,1000000,1001094,1.843256000,1.841241682
7,1843744,1000313,1000313,1000260,1001302,1.843264751,1.841346567
7,1843457,1000156,1000156,1000157,1001042,1.843167623,1.841538117
7,1832249,1000313,1000313,987760,1001354,1.854953632,1.829771489
7,1843400,1000156,1000156,1000105,1000990,1.843206463,1.841576839
7,1843795,1000312,1000312,1000313,1001250,1.843218073,1.841493134
7,1843342,1000104,1000104,1000052,1000989,1.843246151,1.841520736
7,1829022,1000468,1000468,974427,1001667,1.877023112,1.825978095
7,1843715,1000261,1000261,1000260,1001198,1.843235759,1.841508872
7,1844019,1000469,1000469,1000416,1001354,1.843252207,1.841525574
7,1843662,1000261,1000261,1000208,1001146,1.843278598,1.841551582
7,1830265,1000573,1000573,985208,1001771,1.857744760,1.827029331
7,1843839,1000365,1000365,1000364,1001458,1.843168087,1.841154597
7,1842507,1000469,1000469,1000417,1001718,1.841738995,1.839347002
7,1843843,1000365,1000365,1000312,1001563,1.843267900,1.840965571
7,1836684,1000365,1000365,994168,1001666,1.847458377,1.833629174
7,1843813,1000313,1000313,1000312,1001407,1.843237910,1.841222400
7,1843218,1000000,1000000,1000000,1001041,1.843218000,1.841301205
7,1843839,1000364,1000364,1000365,1001354,1.843166244,1.841345818
7,1826461,1000156,1000156,981928,1001458,1.860076299,1.823801897
7,1843344,1000052,1000052,1000052,1001198,1.843248151,1.841138316
7,1843149,999948,999948,999948,1000990,1.843244849,1.841326087
7,1843163,1000000,1000000,999948,1000989,1.843258849,1.841341913
7,1831284,1000313,1000313,968853,1001563,1.890156711,1.828426170
7,1843214,1000000,1000000,1000000,1001458,1.843214000,1.840530507
7,1843702,1000260,1000260,1000260,1001406,1.843222762,1.841113395
7,1843679,1000261,1000261,1000260,1001407,1.843199768,1.841088588
7,1824314,1000365,1000365,980783,1001875,1.860058749,1.820899813
7,1843174,1000000,1000000,1000000,1001198,1.843174000,1.840968520
7,1843328,1000052,1000052,1000052,1001198,1.843232152,1.841122335
7,1843404,1000105,1000105,1000104,1001198,1.843212306,1.841198245
7,1836391,1000469,1000469,992656,1001666,1.849977233,1.833336661
7,1843601,1000208,1000208,1000208,1001354,1.843217611,1.841108140
7,1843411,1000104,1000104,1000104,1001197,1.843219305,1.841207075
7,1843794,1000313,1000313,1000312,1001719,1.843218916,1.840629957
7,1831401,1000625,1000625,983177,1002188,1.862737839,1.827402643
7,1843955,1000417,1000417,1000364,1001615,1.843284045,1.840981814
7,1843500,1000156,1000156,1000156,1001250,1.843212459,1.841198502
7,1843422,1000104,1000104,1000104,1001250,1.843230304,1.841120599
7,1836832,1000365,1000365,995209,1001770,1.845674627,1.833586552
7,1843322,1000052,1000052,1000000,1001093,1.843322000,1.841309449
7,1843565,1000208,1000208,1000208,1001406,1.843181618,1.840976587
7,1843565,1000208,1000208,1000156,1001198,1.843277449,1.841359052
7,1828832,1000261,1000261,984791,1001771,1.857076273,1.825598864
7,1843291,1000000,1000000,1000000,1001146,1.843291000,1.841181007
7,1836003,1000365,1000365,999426,1001511,1.837057471,1.833232985
7,1843133,1000365,1000365,1000313,1001406,1.842556280,1.840545193
7,1836913,1000208,1000208,996145,1001354,1.844021704,1.834429183
7,1843451,1000104,1000104,1000104,1001146,1.843259301,1.841340823
7,1843190,999948,999948,1000000,1001094,1.843190000,1.841175754
7,1843815,1000364,1000364,1000313,1001406,1.843238066,1.841226236
7,1830089,1000260,1000260,982240,1001615,1.863179060,1.827138172
7,1843583,1000209,1000209,1000156,1001303,1.843295446,1.841183937
7,1843530,1000208,1000208,1000208,1001198,1.843146626,1.841324094
7,1843452,1000156,1000156,1000104,1001302,1.843260301,1.841054946
7,1831400,1000364,1000364,978750,1001719,1.871162197,1.828257226
7,1843903,1000364,1000364,1000312,1001510,1.843327882,1.841122904
7,1843126,999948,999948,999948,1001042,1.843221848,1.841207462
7,1843697,1000260,1000260,1000261,1001354,1.843215921,1.841204010
7,1829891,1000625,1000625,983697,1002031,1.860218136,1.826182024
7,1844025,1000469,1000469,1000365,1001563,1.843352176,1.841147287
7,1843659,1000260,1000260,1000261,1001354,1.843177931,1.841166061
7,1843299,1000052,1000052,1000052,1001198,1.843203153,1.841093370
7,1835043,1000364,1000364,996146,1001510,1.842142618,1.832276263
7,1843998,1000365,1000365,1000312,1001719,1.843422852,1.840833607
7,1843283,1000052,1000052,1000053,1001198,1.843185311,1.841077389
7,1843278,1000052,1000052,1000000,1001198,1.843278000,1.841072395
7,1825863,1000417,1000417,979687,1001823,1.863720760,1.822540509
7,1843879,1000365,1000365,1000365,1001563,1.843206230,1.841001515
7,1844156,1000521,1000521,1000521,1001614,1.843195695,1.841184328
7,1843461,1000156,1000156,1000156,1001250,1.843173465,1.841159551
7,1834701,1000313,1000313,982343,1001510,1.867678601,1.831934778
7,1843682,1000260,1000260,1000209,1001354,1.843296751,1.841189030
7,1843843,1000364,1000364,1000312,1001458,1.843267900,1.841158591
7,1843670,1000261,1000261,1000260,1001406,1.843190770,1.841081439
7,1818604,1000313,1000313,978229,1001823,1.859077987,1.815294718
7,1844050,1000521,1000521,1000469,1001667,1.843185546,1.840981085
7,1843698,1000260,1000260,1000313,1001406,1.843121103,1.841109400
7,1843864,1000364,1000364,1000364,1001458,1.843193078,1.841179560
7,1838257,1000156,1000156,995416,1001302,1.846722375,1.835866702
7,1843796,1000365,1000365,1000312,1001459,1.843220915,1.841109821
7,1844059,1000468,1000468,1000417,1001562,1.843290348,1.841183072
7,1844100,1000469,1000469,1000468,1001510,1.843237365,1.841319607
7,1825513,1000313,1000313,985520,1001511,1.852334808,1.822758811
7,1843196,1000000,1000000,1000000,1001094,1.843196000,1.841181747
7,1844107,1000521,1000521,1000468,1001771,1.843244362,1.840846860
7,1843338,1000104,1000104,1000052,1001145,1.843242151,1.841229792
7,1836240,1000573,1000573,984531,1001771,1.865091094,1.832993768
7,1843680,1000261,1000261,1000260,1001406,1.843200768,1.841091425
7,1844131,1000521,1000521,1000521,1001615,1.843170708,1.841157531
7,1843254,1000052,1000052,1000053,1001146,1.843156313,1.841144049
7,1827466,1000104,1000104,975416,1001458,1.873524732,1.824805434
7,1843131,999948,999948,999947,1000990,1.843228691,1.841308105
7,1843920,1000365,1000365,1000365,1001302,1.843247215,1.841522338
7,1843241,1000000,1000000,1000000,1000989,1.843241000,1.841419836
7,1836356,1000417,1000417,990729,1001615,1.853540171,1.833395067
7,1843237,1000052,1000052,1000000,1001042,1.843237000,1.841318346
7,1843178,1000000,1000000,1000000,1000937,1.843178000,1.841452559
7,1843265,1000052,1000052,1000000,1001146,1.843265000,1.841155036
7,1833765,1000572,1000572,986354,1001979,1.859134753,1.830143147
7,1843704,1000260,1000260,1000208,1001406,1.843320589,1.841115392
7,1844018,1000469,1000469,1000469,1001563,1.843153561,1.841140298
7,1843413,1000104,1000104,1000104,1001198,1.843221305,1.841207234
7,1836257,1000521,1000521,982708,1001719,1.868568283,1.833105891
7,1843261,1000052,1000052,1000000,1001146,1.843261000,1.841151041
7,1844004,1000417,1000417,1000417,1001615,1.843235371,1.841030735
7,1843561,1000208,1000208,1000209,1001302,1.843175776,1.841163805
7,1817902,1000260,1000260,978281,1001823,1.858261583,1.814593995
7,1843686,1000260,1000260,1000209,1001406,1.843300750,1.841097417
7,1844119,1000468,1000468,1000417,1001615,1.843350323,1.841145550
7,1843633,1000260,1000260,1000260,1001406,1.843153780,1.841044491
7,1838453,1000052,1000052,995261,1001250,1.847206914,1.836157803
7,1844128,1000469,1000469,1000521,1001615,1.843167710,1.841154535
7,1832049,1000729,1000729,1000938,1002187,1.830332148,1.828051052
7,1843384,1000104,1000104,1000208,1001458,1.843000656,1.840700259
7,1824214,1000625,1000625,976562,1001823,1.867996092,1.820894509
7,1843839,1000365,1000365,1000312,1001511,1.843263902,1.841057163
7,1843468,1000104,1000104,1000156,1001302,1.843180464,1.841070926
7,1844481,1000729,1000729,1000886,1002187,1.842848236,1.840455923
7,1837809,1000625,1000625,979896,1002240,1.875514340,1.833701509
7,1844127,1000469,1000469,1000520,1001666,1.843168552,1.841059794
7,1841922,1000312,1000312,1000313,1001459,1.841345659,1.839238551
7,1848352,1006614,1006614,996041,1007760,1.855698711,1.834119235
7,1836901,1000157,1000157,990573,1001406,1.854382262,1.834321943
7,1843813,1000312,1000312,1000313,1001354,1.843236067,1.841319853
7,1843594,1000208,1000208,1000261,1001250,1.843112948,1.841292385
7,1836752,1000625,1000625,993542,1001614,1.848690845,1.833792259
7,1844557,1000729,1000729,1000833,1001823,1.843021763,1.841200492
7,1843286,1000052,1000052,1000105,1001094,1.843092475,1.841271649
7,1844162,1000521,1000521,1000677,1001719,1.842914347,1.840997326
7,1834486,1000573,1000573,979896,1001615,1.872123164,1.831528082
7,1832521,1000312,1000312,988855,1001406,1.853174631,1.829948093
7,1843214,1000052,1000052,1000000,1000989,1.843214000,1.841392862
7,1843776,1000313,1000313,1000312,1001302,1.843200921,1.841378525
7,1836665,1000990,1000990,983333,1002552,1.867795548,1.831989762
7,2066097,1000157,1000157,999844,1001406,2.066419361,2.063196146
7,2093550,1000364,1000364,1000417,1001354,2.092677354,2.090719166
7,2092665,1000312,1000312,1000365,1001250,2.091901456,2.090052434
7,2086635,1000104,1000104,990521,1001094,2.106603495,2.084354716
7,2087986,1000417,1000417,995313,1001354,2.097818475,2.085162690
7,2093659,1000417,1000417,1000417,1001302,2.092786308,2.090936601
7,2093755,1000416,1000416,1000469,1001302,2.092773489,2.091032476
7,2088163,1000417,1000417,996615,1001407,2.095255440,2.085229083
7,2093816,1000469,1000469,1000469,1001406,2.092834461,2.090876228
7,2093772,1000469,1000469,1000417,1001250,2.092899261,2.091158052
7,1923369,1000156,1000156,1000156,1001094,1.923069001,1.921267134
7,1836691,1000416,1000416,992084,1001406,1.851346257,1.834112238
7,1837553,1000521,1000521,995209,1001562,1.846399098,1.834687219
7,1843165,999948,999948,999948,1000886,1.843260850,1.841533401
7,1843913,1000416,1000416,1000417,1001354,1.843144409,1.841419718
7,1838242,1000208,1000208,984427,1001302,1.867321802,1.835851721
7,1843962,1000417,1000417,1000417,1001407,1.843193388,1.841371191
7,1843945,1000417,1000417,1000416,1001354,1.843178238,1.841451674
7,1843936,1000417,1000417,1000364,1001406,1.843265052,1.841347066
7,1838119,1000209,1000209,991509,1001250,1.853860126,1.835824220
7,1843707,1000261,1000261,1000313,1001355,1.843130100,1.841212158
7,1832886,1000364,1000364,1000417,1001406,1.832122005,1.830312581
7,1842212,1000520,1000520,1000573,1001562,1.841157017,1.839338953
7,1839033,1000260,1000260,995833,1001354,1.846728317,1.836546316
7,1843802,1000313,1000313,1000312,1001250,1.843226913,1.841500125
7,1843610,1000208,1000208,1000208,1001198,1.843226609,1.841403998
7,1844136,1000469,1000469,1000521,1001510,1.843175705,1.841355553
7,1832583,1000469,1000469,985260,1001458,1.859999391,1.829914984
7,1844055,1000417,1000417,1000417,1001459,1.843286350,1.841368443
7,1843986,1000416,1000416,1000625,1001614,1.842834229,1.841014602
7,1844472,1000677,1000677,1000781,1001771,1.843032592,1.841211215
7,1822911,1000573,1000573,995938,1001614,1.830345865,1.819973563
7,2081944,1000364,1000364,1000365,1001198,2.081184368,2.079452816
7,2093171,1000157,1000157,1000208,1001198,2.092735711,2.090666382
7,2093867,1000521,1000521,1000521,1001458,2.092776663,2.090818587
7,2076674,1000312,1000312,985104,1001302,2.108075899,2.073973686
7,2094051,1000573,1000573,1000833,1001719,2.092308107,2.090457504
7,2092991,1000469,1000469,1000469,1001354,2.092009847,2.090160922
7,2093054,1000104,1000104,1000208,1001093,2.092618735,2.090768790
7,2088086,1000469,1000469,996040,1001406,2.096387695,2.085154273
7,2093110,1000156,1000156,1000104,1000990,2.092892339,2.091039871
7,2092769,999948,999948,1000000,1000886,2.092769000,2.090916448
7,2093697,1000416,1000416,1000417,1001250,2.092824292,2.091083146
7,2079504,1000417,1000417,985156,1001302,2.110837268,2.076800006
7,2092756,999948,999948,999948,1000833,2.092864829,2.091014185
7,1859888,1000416,1000416,1000417,1001302,1.859112750,1.857469575
7,1843210,1000052,1000052,1000000,1000937,1.843210000,1.841484529
7,1837394,1000313,1000313,983646,1001354,1.867942329,1.834909532
7,1843849,1000312,1000312,1000313,1001302,1.843272056,1.841451430
7,1843513,1000156,1000156,1000156,1001094,1.843225457,1.841498401
7,1843640,1000261,1000261,1000208,1001198,1.843256603,1.841433962
7,1832283,1000521,1000521,986250,1001562,1.857828137,1.829425437
7,1844093,1000469,1000469,1000521,1001458,1.843132728,1.841408227
7,1844086,1000469,1000469,1000468,1001562,1.843223371,1.841210030
7,1843249,1000052,1000052,1000000,1000938,1.843249000,1.841521653
7,1837215,1000260,1000260,994062,1001250,1.848189550,1.834921348
7,1844139,1000521,1000521,1000521,1001614,1.843178704,1.841167356
7,1843778,1000313,1000313,1000312,1001458,1.843202921,1.841093685
7,1843919,1000416,1000416,1000365,1001355,1.843246215,1.841423871
7,1831168,1000312,1000312,986094,1001511,1.856991321,1.828405280
7,1844239,1000573,1000573,1000521,1001562,1.843278652,1.841362791
7,1843576,1000208,1000208,1000157,1001197,1.843286604,1.841371878
7,1843105,999947,999947,999948,1000938,1.843200846,1.841377788
7,1836216,1000260,1000260,983281,1001354,1.867437691,1.833733125
7,1843718,1000261,1000261,1000260,1001302,1.843238758,1.841320601
7,1843232,1000000,1000000,999948,1001042,1.843327853,1.841313351
7,1842236,1000364,1000364,1000313,1001354,1.841659561,1.839744985
7,1832427,1000416,1000416,988804,1001511,1.853175149,1.829662380
7,1843976,1000417,1000417,1000417,1001458,1.843207383,1.841291397
7,1844010,1000417,1000417,1000469,1001354,1.843145565,1.841516587
7,1843778,1000313,1000313,1000313,1001250,1.843201078,1.841476155
7,1835634,1000521,1000521,995312,1001615,1.844279985,1.832674231
7,1843297,1000052,1000052,1000053,1000937,1.843199310,1.841571448
7,1843575,1000209,1000209,1000208,1001094,1.843191616,1.841560333
7,1843247,1000052,1000052,1000052,1000937,1.843151156,1.841521494
7,1830418,1000781,1000781,977345,1002083,1.872847357,1.826613165
7,1843381,1000104,1000104,1000104,1001198,1.843189308,1.841175272
7,1843154,1000000,1000000,999947,1001042,1.843251692,1.841235433
7,1843962,1000416,1000416,1000365,1001406,1.843289199,1.841373030
7,1833060,1000520,1000520,974583,1001875,1.880865970,1.829629445
7,1843889,1000364,1000364,1000365,1001511,1.843216226,1.841107087
7,1843458,1000104,1000104,1000104,1001250,1.843266300,1.841156554
7,1843461,1000156,1000156,1000104,1001250,1.843269300,1.841159551
7,1830655,1000521,1000521,976562,1001771,1.874591680,1.827418642
7,1843475,1000157,1000157,1000104,1001666,1.843283299,1.840408879
7,1843202,1000000,1000000,1000000,1001406,1.843202000,1.840614097
7,1843440,1000104,1000104,1000105,1001198,1.843246459,1.841234201
7,1835160,1000104,1000104,994012,1001354,1.846215136,1.832678553
7,1843424,1000156,1000156,1000156,1001250,1.843136471,1.841122597
7,1843790,1000312,1000312,1000312,1001459,1.843214917,1.841103830
7,1843880,1000417,1000417,1000364,1001510,1.843209072,1.841099939
7,1828574,1000573,1000573,981563,1001771,1.862920668,1.825341321
7,1843305,1000052,1000052,1000052,1001094,1.843209153,1.841290628
7,1843744,1000260,1000260,1000260,1001406,1.843264751,1.841155336
7,1844076,1000469,1000469,1000416,1001614,1.843309183,1.841104457
7,1836405,1000208,1000208,982708,1001355,1.868718887,1.833920038
7,1843793,1000313,1000313,1000312,1001562,1.843217916,1.840917487
7,1843326,1000105,1000105,1000104,1001146,1.843134314,1.841215967
7,1843537,1000208,1000208,1000156,1001197,1.843249453,1.841332924
7,1828839,1000052,1000052,981146,1001302,1.863982527,1.826460948
7,1843496,1000156,1000156,1000105,1001146,1.843302453,1.841385772
7,1843697,1000260,1000260,1000261,1001250,1.843215921,1.841395256
7,1843970,1000365,1000365,1000416,1001510,1.843203227,1.841189803
7,1838283,1000105,1000105,997240,1001094,1.843370703,1.836274116
7,1843402,1000104,1000104,1000104,1001198,1.843210306,1.841196247
7,1843927,1000417,1000417,1000364,1001510,1.843256055,1.841146868
7,1844177,1000521,1000521,1000521,1001458,1.843216684,1.841492105
7,1830493,1000313,1000313,984896,1001563,1.858564762,1.827636404
7,1843376,1000104,1000104,1000053,1001146,1.843278306,1.841265909
7,1843520,1000156,1000156,1000156,1001197,1.843232456,1.841315945
7,1843850,1000364,1000364,1000313,1001615,1.843273056,1.840876984
7,1838634,1002031,1002031,985156,1003333,1.866337920,1.832526190
7,1843909,1000416,1000416,1000365,1001563,1.843236219,1.841031468
7,1843533,1000156,1000156,1000208,1001250,1.843149625,1.841231461
7,1843206,1000000,1000000,1000000,1001042,1.843206000,1.841287379
7,1826806,1000157,1000157,974687,1001406,1.874248861,1.824241117
7,1843895,1000417,1000417,1000417,1001458,1.843126416,1.841210515
7,1843473,1000156,1000156,1000156,1001093,1.843185463,1.841460284
7,1843539,1000208,1000208,1000156,1001198,1.843251453,1.841333083
7,1837565,1000052,1000052,996615,1001094,1.843806284,1.835556901
7,1843400,1000104,1000104,1000104,1001041,1.843208306,1.841483016
7,1844146,1000520,1000520,1000521,1001615,1.843185700,1.841172506
7,1843156,999948,999948,999947,1000937,1.843253692,1.841430580
7,1832010,1000677,1000677,984688,1001875,1.860497945,1.828581410
7,1843421,1000157,1000157,1000104,1001198,1.843229304,1.841215224
7,1843472,1000105,1000105,1000104,1001146,1.843280299,1.841361799
7,1843679,1000261,1000261,1000260,1001510,1.843199768,1.840899242
7,1825824,1000677,1000677,967187,1002083,1.887767309,1.822028714
7,1843704,1000313,1000313,1000260,1001823,1.843224762,1.840349044
7,1843226,1000052,1000052,1000000,1001146,1.843226000,1.841116081
7,1843962,1000417,1000417,1000417,1001563,1.843193388,1.841084385
7,1827634,1000417,1000417,977864,1001823,1.869006324,1.824308286
7,1843579,1000209,1000209,1000208,1001354,1.843195615,1.841086169
7,1843157,1000000,1000000,999948,1001146,1.843252849,1.841047160
7,1843703,1000261,1000261,1000260,1001406,1.843223762,1.841114393
7,1835597,1000365,1000365,995678,1001614,1.843564887,1.832639120
7,1843259,1000052,1000052,1000000,1001459,1.843259000,1.840573603
7,1843409,1000104,1000104,1000104,1001250,1.843217305,1.841107615
7,1844184,1000573,1000573,1000573,1001614,1.843127888,1.841212283
7,1829543,1000468,1000468,982031,1001875,1.863019599,1.826119027
7,1843298,1000052,1000052,1000000,1001146,1.843298000,1.841187999
7,1843993,1000417,1000417,1000416,1001563,1.843226218,1.841115337
7,1843511,1000208,1000208,1000156,1001302,1.843223457,1.841113870
7,1836125,1000572,1000572,977136,1001823,1.879088479,1.832783835
7,1844068,1000469,1000469,1000469,1001614,1.843203538,1.841096470
7,1843305,1000052,1000052,1000052,1001198,1.843209153,1.841099363
7,1843317,1000104,1000104,1000052,1001145,1.843221153,1.841208816
7,1828069,1000312,1000312,983437,1001511,1.858857253,1.825310955
7,1843236,1000000,1000000,999948,1001302,1.843331853,1.840839227
7,1843371,1000052,1000052,1000104,1001145,1.843179309,1.841262754
7,1843586,1000208,1000208,1000209,1001250,1.843200771,1.841284395
7,1836613,1000208,1000208,993803,1001354,1.848065462,1.834129589
7,1843824,1000312,1000312,1000313,1001354,1.843247064,1.841330838
7,1843845,1000364,1000364,1000365,1001406,1.843172242,1.841256194
7,1843906,1000416,1000416,1000365,1001458,1.843233220,1.841221499
7,1827883,1000521,1000521,977136,1001875,1.870653624,1.824462133
7,1844009,1000469,1000469,1000417,1001719,1.843240369,1.840844588
7,1843328,1000417,1000417,1000417,1001667,1.842559653,1.840260286
7,1843228,1000052,1000052,1000000,1001093,1.843228000,1.841215551
7,1834237,1000469,1000469,982603,1001615,1.866712192,1.831279484
7,1843553,1000208,1000208,1000104,1001250,1.843361290,1.841251436
7,1843807,1000364,1000364,1000313,1001406,1.843230069,1.841218247
7,1843311,1000052,1000052,1000052,1001094,1.843215153,1.841296621
7,1806972,1000312,1000312,969376,1001666,1.864056878,1.803966592
7,1843207,1000000,1000000,1000000,1001042,1.843207000,1.841288378
7,1843213,1000000,1000000,1000000,1001042,1.843213000,1.841294371
7,1844060,1000469,1000469,1000468,1001511,1.843197384,1.841277829
7,1837642,1000209,1000209,996406,1001510,1.844270307,1.834871344
7,1843410,1000104,1000104,1000105,1001094,1.843216462,1.841395513
7,1843777,1000313,1000313,1000313,1001354,1.843200078,1.841283902
7,1843337,1000053,1000053,1000052,1001093,1.843241151,1.841324432
7,1828066,1000365,1000365,984218,1001719,1.857379158,1.824928947
7,1844021,1000468,1000468,1000417,1001510,1.843252364,1.841240727
7,1843449,1000156,1000156,1000104,1001198,1.843257301,1.841243191
7,1843542,1000156,1000156,1000209,1001198,1.843156780,1.841336079
7,1834230,1000208,1000208,984220,1001354,1.863638211,1.831749811
7,1843214,1000052,1000052,1000052,1001146,1.843118158,1.841104095
7,1844043,1000468,1000468,1000469,1001823,1.843178549,1.840687427
7,1843824,1000365,1000365,1000313,1001458,1.843247064,1.841139618
7,1828339,1000208,1000208,981615,1001771,1.862582581,1.825106736
7,1843661,1000208,1000208,1000261,1001406,1.843179930,1.841072452
7,1843466,1000104,1000104,1000156,1001250,1.843178464,1.841164544
7,1843538,1000208,1000208,1000208,1001354,1.843154624,1.841045225
7,1838296,1000261,1000261,995676,1001459,1.846279312,1.835617834
7,1843426,1000104,1000104,1000104,1001250,1.843234304,1.841124594
7,1844152,1000521,1000521,1000521,1001666,1.843191697,1.841084753
7,1843319,1000052,1000052,1000000,1001146,1.843319000,1.841208975
7,1824171,1000468,1000468,973333,1001823,1.874148930,1.820851588
7,1843682,1000313,1000313,1000260,1001771,1.843202767,1.840422612
7,1843763,1000312,1000312,1000313,1001458,1.843186083,1.841078707
7,1843691,1000312,1000312,1000209,1001354,1.843305749,1.841198018
7,1837618,1000468,1000468,986771,1001614,1.862253755,1.834656864
7,1843338,1000105,1000105,1000104,1001093,1.843146313,1.841325431
7,1844017,1000469,1000469,1000468,1001459,1.843154404,1.841330499
7,1843432,1000105,1000105,1000104,1001145,1.843240303,1.841323684
7,1828053,1000260,1000260,985207,1001615,1.855501433,1.825105455
7,1843980,1000364,1000364,1000365,1001458,1.843307193,1.841295391
7,1843980,1000416,1000416,1000417,1001406,1.843211381,1.841391004
7,1843756,1000312,1000312,1000313,1001406,1.843179085,1.841167319
7,1838467,1000052,1000052,996302,1001094,1.845290886,1.836457915
7,1843895,1000365,1000365,1000364,1001302,1.843224066,1.841497370
7,1843197,1000000,1000000,1000000,1001145,1.843197000,1.841088953
7,1843234,1000052,1000052,1000000,1000990,1.843234000,1.841411003
7,1829721,1000417,1000417,985209,1001614,1.857190708,1.826772589
7,1843197,1000000,1000000,1000000,1001094,1.843197000,1.841182746
7,1843332,1000052,1000052,1000052,1001042,1.843236152,1.841413247
7,1843597,1000261,1000261,1000208,1001198,1.843213612,1.841391014
7,1835612,1000417,1000417,985050,1001459,1.863470890,1.832937744
7,1843272,1000052,1000052,1000052,1001146,1.843176155,1.841162028
7,1843510,1000156,1000156,1000157,1001094,1.843220614,1.841495404
7,1844050,1000468,1000468,1000469,1001354,1.843185546,1.841556532
7,1829920,1000625,1000625,986354,1001875,1.855236558,1.826495321
7,1844030,1000468,1000468,1000469,1001562,1.843165555,1.841154117
7,1843707,1000261,1000261,1000260,1001407,1.843227761,1.841116549
7,1843941,1000417,1000417,1000417,1001459,1.843172397,1.841254610
7,1837324,1000365,1000365,996719,1001458,1.843372104,1.834649082
7,1844529,1000729,1000729,1000730,1002031,1.843183476,1.840790355
7,1843173,1000000,1000000,1000052,1001302,1.843077160,1.840776309
7,1843117,999948,999948,999896,1001042,1.843308704,1.841198471
7,1779180,1000209,1000209,957447,1001459,1.858254295,1.776587958
7,1843180,1000677,1000677,1000729,1001875,1.841837301,1.839730505
7,1844221,1000573,1000573,1000521,1001875,1.843260661,1.840769557
7,1841878,1000208,1000208,1000209,1001510,1.841493128,1.839100958
7,1817243,1000208,1000208,938229,1001458,1.936886410,1.814597317
7,1843620,1000261,1000261,1000208,1001303,1.843236607,1.841220889
7,1843372,1000104,1000104,1000052,1001146,1.843276150,1.841261914
7,1843748,1000313,1000313,1000312,1001406,1.843172930,1.841159330
7,1829062,1000157,1000157,980312,1001407,1.865795787,1.826492126
7,1844422,1000625,1000625,1000781,1001719,1.842982631,1.841256879
7,1843257,1000000,1000000,1000000,1000938,1.843257000,1.841529645
7,1842605,1000053,1000053,1000052,1000989,1.842509190,1.840784464
7,1839027,1000260,1000260,995573,1001250,1.847204575,1.836731086
7,1843767,1000469,1000469,1000573,1001563,1.842711127,1.840889689
7,1843755,1000417,1000417,1000416,1001355,1.842988317,1.841260093
7,1843194,1000313,1000313,1000260,1001303,1.842714894,1.840795444
7,1824525,1000729,1000729,976511,1001875,1.868412133,1.821110418
7,1844121,1000469,1000469,1000520,1001563,1.843162555,1.841243137
7,1843595,1000208,1000208,1000157,1001250,1.843305601,1.841293383
7,1843184,1000000,1000000,999948,1001093,1.843279851,1.841171599
7,1973484,1000417,1000417,978177,1001667,2.017512168,1.970199677
7,2092287,1000052,1000052,1000104,1000990,2.092069425,2.090217684
7,2092891,1000000,1000000,1000053,1000886,2.092780083,2.091038340
7,2093307,1000261,1000261,1000312,1001302,2.092654092,2.090585058
7,2063796,1000312,1000312,973855,1001406,2.119202551,2.060898377
7,2093295,1000209,1000209,1000312,1001198,2.092642096,2.090790233
7,2093372,1000261,1000261,1000312,1001250,2.092719072,2.090758552
7,2093321,1000261,1000261,1000260,1001146,2.092776878,2.090924800
7,2087493,1000104,1000104,995312,1001094,2.097325261,2.085211778
7,1939703,1000313,1000313,1000312,1001250,1.939098001,1.937281398
7,1842095,1000104,1000104,1000052,1001042,1.841999216,1.840177535
7,1843142,1000313,1000313,1000313,1001250,1.842565277,1.840840949
7,1824820,1000521,1000521,980781,1001667,1.860578457,1.821783088
7,1843247,1000104,1000104,1000157,1001094,1.842957656,1.841232691
7,1843597,1000209,1000209,1000260,1001354,1.843117789,1.841104145
7,1843678,1000261,1000261,1000208,1001197,1.843294595,1.841473756
7,1835117,1000573,1000573,982084,1001771,1.868594743,1.831872753
7,1842808,1000000,1000000,999948,1001146,1.842903831,1.840698559
7,1843486,1000208,1000208,1000209,1001198,1.843100792,1.841280146
7,1843299,1000156,1000156,1000156,1001093,1.843011490,1.841286474
7,1825657,1000209,1000209,978281,1001354,1.866188754,1.823188403
7,1843530,1000156,1000156,1000156,1001145,1.843242454,1.841421572
7,1844143,1000521,1000521,1000468,1001459,1.843280345,1.841456315
7,1842192,1000208,1000208,1000208,1001094,1.841808904,1.840178844
7,1836992,1000208,1000208,995262,1001146,1.845737102,1.834889217
7,1843668,1000364,1000364,1000365,1001250,1.842995307,1.841366292
7,1843819,1000312,1000312,1000365,1001250,1.843146252,1.841517104
7,1842839,1000104,1000104,1000208,1001146,1.842455769,1.840729524
7,1835102,1000677,1000677,987865,1001771,1.857644516,1.831857780
7,1843376,1000208,1000208,1000208,1001302,1.842992658,1.840979045
7,1843965,1000416,1000416,1000417,1001406,1.843196387,1.841376025
7,1843229,1000208,1000208,1000157,1001146,1.842939658,1.841119078
7,1836009,1000417,1000417,983646,1001562,1.866534302,1.833145627
7,1842920,1000052,1000052,1000052,1001042,1.842824173,1.841001676
7,1843970,1000520,1000520,1000521,1001562,1.843009792,1.841094211
7,1844218,1000573,1000573,1000573,1001510,1.843161868,1.841437429
7,1830776,1000573,1000573,980624,1001823,1.866950024,1.827444569
7,1843911,1000364,1000364,1000469,1001510,1.843046611,1.841130892
7,1829286,1000260,1000260,1000313,1001354,1.828713613,1.826812496
7,1843776,1000312,1000312,1000313,1001302,1.843199079,1.841378525
7,1839564,1000520,1000520,997136,1001562,1.844847644,1.836695082
7,1843799,1000365,1000365,1000312,1001354,1.843223914,1.841305872
7,1844112,1000521,1000521,1000468,1001406,1.843249359,1.841522819
7,1843731,1000261,1000261,1000260,1001250,1.843251755,1.841429213
7,1833482,1000469,1000469,988282,1001667,1.855221485,1.830430672
7,1843796,1000313,1000313,1000417,1001511,1.843027458,1.841014228
7,1844225,1000521,1000521,1000677,1001666,1.842977304,1.841157631
7,1843692,1000261,1000261,1000312,1001459,1.843116948,1.841005972
7,2008021,1000417,1000417,979792,1001355,2.049436003,2.005303813
7,2093373,1000261,1000261,1000260,1001250,2.092828864,2.090759551
7,2093324,1000260,1000260,1000261,1001094,2.092777785,2.091036406
7,2092754,1000000,1000000,999948,1000886,2.092862829,2.090901461
7,2083940,1000677,1000677,987290,1001771,2.110767859,2.080255867
7,2092770,1000000,1000000,1000000,1000990,2.092770000,2.090700207
7,2092680,1000261,1000261,1000312,1001198,2.092027287,2.090175969
7,2093127,1000156,1000156,1000208,1001042,2.092691720,2.090948232
7,2087431,1000261,1000261,994792,1001406,2.098359255,2.084500193
7,2093260,1000209,1000209,1000208,1001146,2.092824692,2.090863870
7,2092934,1000052,1000052,1000052,1000989,2.092825173,2.090866133
7,2093483,1000365,1000365,1000312,1001198,2.092830037,2.090978008
7,2076896,1000469,1000469,987499,1001511,2.103187953,2.073762545
7,1994082,1000520,1000520,1000469,1001406,1.993147214,1.991282257
7,1840128,1000104,1000104,1000104,1000989,1.839936647,1.838309911
7,1843193,1000000,1000000,999948,1000833,1.843288851,1.841658898
7,1837027,1000521,1000521,984426,1001458,1.866089478,1.834352514
7,1843751,1000261,1000261,1000260,1001250,1.843271749,1.841449189
7,1843897,1000417,1000417,1000364,1001302,1.843226066,1.841499368
7,1843233,1000365,1000365,1000312,1001250,1.842658091,1.840931835
7,1833327,1000313,1000313,989220,1001354,1.853305635,1.830848032
7,1843600,1000312,1000312,1000313,1001354,1.843023134,1.841107141
7,1843500,1000261,1000261,1000312,1001198,1.842925007,1.841294130
7,1843409,1000156,1000156,1000156,1001042,1.843121473,1.841490167
7,1838986,1000313,1000313,996041,1001407,1.846295484,1.836402182
7,1844066,1000468,1000468,1000469,1001354,1.843201538,1.841572511
7,1843332,1000156,1000156,1000157,1001093,1.843042642,1.841319438
7,1843204,1000209,1000209,1000208,1001146,1.842820693,1.841094106
7,1831427,1000625,1000625,988749,1001562,1.852266854,1.828570772
7,1843151,1000000,1000000,999948,1001146,1.843246849,1.841041167
7,1844082,1000469,1000469,1000468,1001458,1.843219373,1.841397243
7,1843228,1000052,1000052,1000000,1000990,1.843228000,1.841405009
7,1833424,1000313,1000313,978021,1001563,1.874626414,1.830562830
7,1843209,1000417,1000417,1000364,1001562,1.842538316,1.840334398
7,1844234,1000572,1000572,1000573,1001563,1.843177859,1.841355961
7,1843446,1000312,1000312,1000313,1001302,1.842869182,1.841048954
7,1831616,1000677,1000677,985521,1001875,1.858525592,1.828188147
7,1843719,1000312,1000312,1000312,1001302,1.843143939,1.841321599
7,1843814,1000416,1000416,1000417,1001406,1.843045450,1.841225237
7,1843134,1000052,1000052,1000053,1000937,1.843036319,1.841408600
7,1838309,1000417,1000417,997707,1001406,1.842533930,1.835727966
7,1842898,999895,999895,999948,1000833,1.842993836,1.841364144
7,1841757,1000000,1000000,1000000,1001041,1.841757000,1.839841725
7,1843599,1000208,1000208,1000209,1001093,1.843213768,1.841586146
7,1831537,1000834,1000834,984219,1001979,1.860903925,1.827919547
7,1842778,1000104,1000104,1000000,1001146,1.842778000,1.840668594
7,1843460,1000364,1000364,1000313,1001355,1.842883178,1.840965492
7,1843377,1000312,1000312,1000313,1001303,1.842800204,1.840978205
7,1828218,1000313,1000313,970053,1001511,1.884657849,1.825459730
7,1843438,1000312,1000312,1000312,1001354,1.842863027,1.840945360
7,1843086,1000156,1000156,1000156,1001146,1.842798523,1.840976241
7,1852097,1008645,1008645,999583,1009688,1.852869647,1.834326049
7,1835565,1000417,1000417,997968,1001510,1.839302463,1.832797476
7,1843346,1000000,1000000,1000052,1001250,1.843250151,1.841044694
7,1843402,1000104,1000104,1000104,1001198,1.843210306,1.841196247
7,1837902,1000365,1000365,995157,1001458,1.846846277,1.835226240
7,1842021,1000209,1000209,1000156,1001406,1.841733690,1.839434755
7,1843525,1000156,1000156,1000209,1001250,1.843139784,1.841223471
7,1843145,1000000,1000000,999896,1001042,1.843336707,1.841226442
7,1835458,1000313,1000313,991927,1001458,1.850396249,1.832785798
7,1836570,1000156,1000156,997760,1001198,1.840693153,1.834372422
7,1843077,1000209,1000209,1000260,1001458,1.842597925,1.840393706
7,1843726,1000468,1000468,1000469,1001563,1.842861698,1.840848753
7,1838396,1001927,1001927,983075,1003020,1.870046538,1.832860761
7,1841626,999167,999167,999115,1001719,1.843257283,1.838465678
7,1842955,1000000,1000000,999948,1000990,1.843050839,1.841132279
7,1842950,999948,999948,999948,1000989,1.843045838,1.841129123
7,1836762,1000625,1000625,984740,1001719,1.865225339,1.833610024
7,1836460,1000260,1000260,998072,1001510,1.840007535,1.833691126
7,1843892,1000364,1000364,1000365,1001406,1.843219225,1.841303128
7,1843404,1000104,1000104,1000105,1000989,1.843210463,1.841582675
7,1839931,1000573,1000573,997448,1001563,1.844638517,1.837059676
7,1843523,1000156,1000156,1000209,1001094,1.843137784,1.841508390
7,1844176,1000520,1000520,1000521,1001459,1.843215685,1.841489267
7,1843456,1000156,1000156,1000156,1001094,1.843168466,1.841441463
7,1838460,1000573,1000573,993958,1001562,1.849635498,1.835592804
7,1837155,1000729,1000729,995573,1001875,1.845324250,1.833716781
7,1843390,1000208,1000208,1000208,1001198,1.843006655,1.841184261
7,1843296,1000260,1000260,1000261,1001303,1.842815025,1.840897311
7,1835505,1000625,1000625,983648,1001875,1.866018128,1.832069869
7,1843899,1000365,1000365,1000364,1001510,1.843228065,1.841118910
7,1844033,1000468,1000468,1000469,1001563,1.843168554,1.841155274
7,1843561,1000313,1000313,1000312,1001406,1.842985988,1.840972593
7,1833202,1000573,1000573,986198,1001771,1.858857958,1.829961139
7,1843322,1000052,1000052,1000052,1001562,1.843226152,1.840447221
7,1843372,1000469,1000469,1000468,1001615,1.842509705,1.840399754
7,1843289,1000052,1000052,1000052,1001198,1.843193154,1.841083382
7,1834779,1000313,1000313,995416,1001458,1.843228359,1.832107787
7,1843565,1000208,1000208,1000209,1001354,1.843179775,1.841072188
7,1843292,1000052,1000052,1000000,1001458,1.843292000,1.840608393
7,1844044,1000469,1000469,1000468,1001614,1.843181391,1.841072509
7,1826191,1000209,1000209,982239,1001406,1.859212473,1.823626980
7,1843195,1000000,1000000,1000000,1001355,1.843195000,1.840700850
7,1843675,1000261,1000261,1000260,1001354,1.843195769,1.841182040
7,1843741,1000313,1000313,1000260,1001354,1.843261752,1.841247950
7,1836856,1000261,1000261,982811,1001510,1.868981930,1.834086529
7,1843463,1000156,1000156,1000157,1001302,1.843173622,1.841065932
7,1843689,1000260,1000260,1000261,1001354,1.843207923,1.841196021
7,1844103,1000469,1000469,1000469,1001875,1.843238521,1.840651778
7,1818799,1000104,1000104,976927,1001302,1.861755280,1.816434003
7,1843832,1000364,1000364,1000365,1001771,1.843159247,1.840572346
7,1844116,1000521,1000521,1000468,1001615,1.843253357,1.841142555
7,1843860,1000313,1000313,1000365,1001510,1.843187237,1.841079969
7,1838285,1000625,1000625,995625,1001771,1.846362837,1.835035153
7,1843437,1000104,1000104,1000104,1001250,1.843245302,1.841135581
7,1843935,1000364,1000364,1000417,1001510,1.843166400,1.841154856
7,1843604,1000208,1000208,1000209,1001354,1.843218767,1.841111136
7,1829139,1000365,1000365,984948,1001511,1.857091948,1.826379341
7,1843459,1000105,1000105,1000052,1001354,1.843363145,1.840966332
7,1843249,1000000,1000000,1000000,1001302,1.843249000,1.840852210
7,1843498,1000157,1000157,1000156,1001198,1.843210459,1.841292132
7,1835852,1000260,1000260,983905,1001407,1.865883393,1.833272585
7,1843519,1000209,1000209,1000104,1001250,1.843327294,1.841217478
7,1844066,1000469,1000469,1000468,1001458,1.843203381,1.841381266
7,1844183,1000521,1000521,1000469,1001562,1.843318484,1.841306879
7,1829251,1000416,1000416,979584,1003281,1.867375335,1.823268855
7,1843298,1000052,1000052,1000000,1001355,1.843298000,1.840803711
7,1843820,1000312,1000312,1000365,1001250,1.843147251,1.841518102
7,1844024,1000468,1000468,1000417,1001354,1.843255363,1.841530568
7,1837421,1000468,1000468,997396,1001459,1.842218136,1.834744108
7,1843342,1000052,1000052,1000052,1001093,1.843246151,1.841329427
7,1843834,1000364,1000364,1000365,1001302,1.843161246,1.841436450
7,1843498,1000156,1000156,1000104,1001094,1.843306296,1.841483417
7,1828795,1000625,1000625,984947,1001823,1.856744576,1.825467173
7,1843296,1000052,1000052,1000052,1001146,1.843200154,1.841186001
7,1843938,1000416,1000416,1000365,1001458,1.843265208,1.841253452
7,1843553,1000208,1000208,1000157,1001198,1.843263608,1.841347066
7,1836108,1000260,1000260,983959,1001510,1.866041166,1.833339657
7,1843440,1000105,1000105,1000104,1001302,1.843248302,1.841042962
7,1844142,1000521,1000521,1000469,1001614,1.843277503,1.841170351
7,1843537,1000208,1000208,1000157,1001563,1.843247610,1.840660048
7,1820987,1000469,1000469,978229,1001719,1.861514022,1.817862095
7,1843936,1000417,1000417,1000313,1001875,1.843359029,1.840485090
7,1843726,1000261,1000261,1000260,1001406,1.843246756,1.841137361
7,1843828,1000365,1000365,1000365,1001458,1.843155248,1.841143613
7,1837637,1000208,1000208,995261,1001458,1.846387028,1.834961626
7,1843872,1000365,1000365,1000364,1001458,1.843201075,1.841187549
7,1844188,1000521,1000521,1000573,1001614,1.843131885,1.841216277
7,1843704,1000312,1000312,1000261,1001354,1.843222919,1.841211000
7,1830279,1000729,1000729,984166,1002240,1.859725900,1.826188338
7,1843198,1000000,1000000,999947,1001510,1.843295695,1.840418967
7,1843954,1000416,1000416,1000417,1001562,1.843185392,1.841078236
7,1843232,1000052,1000052,1000052,1001198,1.843136157,1.841026450
7,1836889,1000625,1000625,983543,1001875,1.867624496,1.833451279
7,1843473,1000156,1000156,1000156,1001303,1.843185463,1.841074080
7,1843558,1000208,1000208,1000156,1001667,1.843270450,1.840489903
7,1843760,1000312,1000312,1000313,1001458,1.843183084,1.841075712
7,1793620,1000364,1000364,956459,1001667,1.875271183,1.790635011
7,1843576,1000209,1000209,1000156,1001302,1.843288447,1.841178785
7,1843440,1000104,1000104,1000104,1001250,1.843248302,1.841138577
7,1843208,1000000,1000000,1000000,1001198,1.843208000,1.841002479
7,1835905,1000052,1000052,994323,1001146,1.846386939,1.833803461
7,1843364,1000104,1000104,1000105,1001302,1.843170467,1.840967061
7,1843411,1000156,1000156,1000104,1001198,1.843219305,1.841205236
7,1843491,1000156,1000156,1000157,1001146,1.843201617,1.841380778
7,1825846,1000468,1000468,983178,1001719,1.857085899,1.822712757
7,1843418,1000156,1000156,1000104,1001146,1.843226304,1.841307861
7,1844029,1000417,1000417,1000416,1001406,1.843262203,1.841439935
7,1843151,999948,999948,999948,1000937,1.843246849,1.841425584
7,1838168,1000625,1000625,987553,1001719,1.861336050,1.835013612
7,1843604,1000260,1000260,1000209,1001302,1.843218767,1.841206749
7,1843371,1000104,1000104,1000104,1001198,1.843179309,1.841165284
7,1843826,1000365,1000365,1000312,1001302,1.843250906,1.841428460
7,1829485,1000625,1000625,985209,1001875,1.856951165,1.826061135
7,1843582,1000209,1000209,1000156,1001250,1.843294446,1.841280400
7,1843142,1000000,1000000,1000000,1000990,1.843142000,1.841319094
7,1843971,1000417,1000417,1000417,1001354,1.843202385,1.841477639
7,1839415,1000313,1000313,994426,1001302,1.849725369,1.837023196
7,1843979,1000417,1000417,1000416,1001355,1.843212224,1.841483789
7,1843290,1000052,1000052,1000052,1000989,1.843194154,1.841468787
7,1843310,1000052,1000052,1000052,1000990,1.843214153,1.841486928
7,1830352,1000261,1000261,987447,1001511,1.853620498,1.827590511
7,1843601,1000260,1000260,1000104,1001354,1.843409285,1.841108140
7,1843220,1000000,1000000,1000000,1001042,1.843220000,1.841301364
7,1843433,1000105,1000105,1000156,1001198,1.843145469,1.841227210
7,1836961,1000365,1000365,985000,1001615,1.864935025,1.833999091
7,1843730,1000312,1000312,1000260,1001458,1.843250755,1.841045755
7,1843399,1000104,1000104,1000104,1001198,1.843207306,1.841193250
7,1843179,1000000,1000000,999948,1001094,1.843274850,1.841164766
7,1829579,1000260,1000260,984844,1001771,1.857734829,1.826344544
7,1843501,1000208,1000208,1000156,1001406,1.843213459,1.840912677
7,1843210,1000000,1000000,1000000,1001146,1.843210000,1.841100099
7,1843947,1000416,1000416,1000365,1001823,1.843274205,1.840591602
7,1838202,1000521,1000521,995989,1001719,1.845604721,1.835047553
7,1844279,1000573,1000573,1000521,1001667,1.843318631,1.841209703
7,1843300,1000052,1000052,1000052,1001145,1.843204153,1.841191835
7,1844023,1000469,1000469,1000416,1001563,1.843256205,1.841145290
7,1796194,1000313,1000313,957814,1001875,1.875305644,1.792832439
7,1843561,1000209,1000209,1000208,1001302,1.843177619,1.841163805
7,1844489,1000677,1000677,1000729,1002031,1.843145347,1.840750436
7,1843457,1000104,1000104,1000209,1001667,1.843071798,1.840389071
7,1837408,1000365,1000365,980468,1001511,1.874011186,1.834635865
7,1844042,1000469,1000469,1000469,1001563,1.843177550,1.841164260
7,1843657,1000261,1000261,1000208,1001354,1.843273599,1.841164064
7,1843954,1000416,1000416,1000417,1001510,1.843185392,1.841173828
7,1823504,1000573,1000573,971980,1001823,1.876071524,1.820185801
7,1843015,999948,999948,999792,1001042,1.843398427,1.841096577
7,1844345,1000625,1000625,1000781,1001823,1.842905691,1.840988877
7,1832025,1000417,1000417,1000469,1001406,1.831166183,1.829452789
7,1839625,1000469,1000469,996354,1001458,1.846356817,1.836946732
7,1844219,1000573,1000573,1000573,1001459,1.843162868,1.841532205
7,1843149,999948,999948,999948,1000834,1.843244849,1.841613095
7,1842538,1000521,1000521,1000469,1001562,1.841674255,1.839664444
7,1833389,1000313,1000313,986355,1001354,1.858751666,1.830909948
7,1843883,1000365,1000365,1000312,1001354,1.843307888,1.841389758
7,1843977,1000417,1000417,1000521,1001511,1.843016788,1.841194954
7,1843304,1000052,1000052,1000260,1001303,1.842824866,1.840905300
7,1911378,1000313,1000313,984792,1001302,1.940895133,1.908892622
7,2092972,1000416,1000416,1000469,1001406,2.091990856,2.090033413
7,2091322,1000625,1000625,1000677,1001563,2.089907133,2.088058365
7,2091691,1000156,1000156,1000157,1001042,2.091362656,2.089513727
7,2078349,1000208,1000208,986406,1001303,2.106991442,2.075644435
7,2093154,1000156,1000156,1000157,1001042,2.092825426,2.090975204
7,2093411,1000261,1000261,1000260,1001093,2.092866855,2.091125400
7,2030540,1000573,1000573,1000625,1001510,2.029271705,2.027478507
7,1834263,1000312,1000312,996198,1001406,1.841263484,1.831687647
7,1843902,1000365,1000365,1000312,1001250,1.843326882,1.841600000
7,1843265,1000365,1000365,1000364,1001303,1.842594296,1.840866351
7,1843031,1000261,1000261,1000208,1001094,1.842647729,1.841016927
7,1832798,1000625,1000625,986510,1001667,1.857860539,1.829747810
7,1844379,1000625,1000625,1000625,1001510,1.843226983,1.841598187
7,1843527,1000157,1000157,1000156,1001093,1.843239455,1.841514225
7,1843222,1000104,1000104,1000105,1001042,1.843028482,1.841303362
7,1823593,994844,994844,970675,1001302,1.878685451,1.821221769
7,1844309,1000573,1000573,1000677,1001510,1.843061248,1.841528292
7,1843583,1000417,1000417,1000416,1001355,1.842816388,1.841088325
7,1843200,1000261,1000261,1000364,1001354,1.842529319,1.840707682
7,1822985,1000365,1000365,981720,1001666,1.856929674,1.819952958
7,1840894,1000573,1000573,1000625,1001667,1.839744160,1.837830337
7,1843943,1000365,1000365,1000364,1001355,1.843272049,1.841447838
7,1843824,1000365,1000365,1000312,1001250,1.843248906,1.841522097
7,1838813,1000156,1000156,996042,1001198,1.846119943,1.836612738
7,1844070,1000469,1000469,1000469,1001354,1.843205537,1.841576505
7,1843828,1000312,1000312,1000313,1001302,1.843251062,1.841430458
7,1843299,1000052,1000052,1000052,1000990,1.843203153,1.841475939
7,1833523,1000469,1000469,986926,1001980,1.857812035,1.829899798
7,1844142,1000469,1000469,1000625,1001875,1.842990131,1.840690705
7,1843940,1000365,1000365,1000469,1001667,1.843075598,1.840871268
7,1843805,1000313,1000313,1000312,1001563,1.843229912,1.840927630
7,1925735,1000105,1000105,974844,1001355,1.975428889,1.923129160
7,2092522,1000208,1000208,1000208,1001562,2.092086846,2.089258578
7,2092951,1000364,1000364,1000417,1001458,2.092078603,2.089903920
7,2093271,1000208,1000208,1000261,1001302,2.092724799,2.090549105
7,2033428,1000312,1000312,943177,1001510,2.155934676,2.030362153
7,2093282,1000208,1000208,1000365,1001302,2.092518231,2.090560091
7,2093726,1000468,1000468,1000417,1001354,2.092853280,2.090894928
7,2093409,1000625,1000625,1000677,1001510,2.091992721,2.090252718
7,2088588,1000208,1000208,996979,1001094,2.094916743,2.086305582
7,2093581,1000365,1000365,1000364,1001355,2.092819214,2.090748036
7,2093401,1000260,1000260,1000365,1001302,2.092637187,2.090678936
7,2093438,1000260,1000260,1000261,1001094,2.092891755,2.091150282
7,2081886,1000312,1000312,988073,1001198,2.107016384,2.079394885
7,2092863,1000000,1000000,1000000,1000885,2.092863000,2.091012454
7,1983109,1000417,1000417,1000469,1001354,1.982179358,1.980427501
7,1840567,999948,999948,999948,1000833,1.840662714,1.839035084
7,1837382,1000104,1000104,986354,1001250,1.862801793,1.835088140
7,1843137,999948,999948,1000000,1000834,1.843137000,1.841601105
7,1843737,1000313,1000313,1000312,1001145,1.843161933,1.841628336
7,1843251,1000052,1000052,1000000,1000886,1.843251000,1.841619325
7,1829417,1000469,1000469,988333,1001511,1.851012766,1.826656921
7,1843915,1000416,1000416,1000313,1001406,1.843338035,1.841326096
7,1843660,1000364,1000364,1000365,1001198,1.842987310,1.841453938
7,1843224,1000104,1000104,1000104,1000990,1.843032325,1.841401013
7,1839541,1000521,1000521,996510,1001459,1.845983482,1.836861020
7,1843263,1000209,1000209,1000260,1001145,1.842783876,1.841154878
7,1843027,1000208,1000208,1000260,1001094,1.842547938,1.841012932
7,1843482,1000261,1000261,1000260,1001146,1.843002819,1.841371788
7,1830471,1000365,1000365,986092,1001719,1.856288257,1.827329820
7,1843221,1000104,1000104,1000104,1001250,1.843029325,1.840919850
7,1843695,1000365,1000365,1000416,1001458,1.842928342,1.841010806
7,1841457,1000156,1000156,1000104,1001615,1.841265508,1.838487842
7,1836072,1000417,1000417,978905,1001823,1.875638596,1.832730932
7,1843950,1000365,1000365,1000416,1001510,1.843183236,1.841169834
7,1843485,1000157,1000157,1000156,1001198,1.843197461,1.841279148
7,1843124,999948,999948,999896,1001042,1.843315705,1.841205464
7,1824449,1000208,1000208,978750,1001458,1.864060281,1.821792826
7,1843813,1000312,1000312,1000313,1001250,1.843236067,1.841511111
7,1843202,1000156,1000156,1000104,1000990,1.843010327,1.841379035
7,1843856,1000469,1000469,1000469,1001407,1.842991637,1.841265340
7,1838860,1000573,1000573,996199,1001719,1.845876175,1.835704424
7,1843566,1000208,1000208,1000208,1001250,1.843182618,1.841264419
7,1843370,1000052,1000052,1000105,1001094,1.843176466,1.841355557
7,1843713,1000261,1000261,1000260,1001197,1.843233759,1.841508714
7,1830001,1000469,1000469,987864,1001615,1.852482730,1.827050314
7,1832808,1000573,1000573,1000625,1001562,1.831663210,1.829949619
7,1843654,1000573,1000573,1000677,1001667,1.842406691,1.840585744
7,1842246,1000260,1000260,1000313,1001302,1.841669557,1.839850515
7,1837499,1000105,1000105,981823,1001145,1.871517575,1.835397470
7,1843687,1000261,1000261,1000260,1001093,1.843207766,1.841674050
7,1844226,1000573,1000573,1000573,1001459,1.843169864,1.841539194
7,1843469,1000157,1000157,1000104,1001094,1.843277299,1.841454449
7,1831413,1000573,1000573,988125,1001823,1.853422391,1.828080409
7,1843088,999948,999948,999896,1000885,1.843279701,1.841458309
7,1843620,1000260,1000260,1000209,1001094,1.843234764,1.841605284
7,1843920,1000365,1000365,1000365,1001302,1.843247215,1.841522338
7,1839087,1000365,1000365,995782,1001459,1.846877128,1.836407681
7,1843794,1000312,1000312,1000313,1001198,1.843217073,1.841587778
7,1844186,1000573,1000573,1000521,1001406,1.843225679,1.841596715
7,1844187,1000573,1000573,1000521,1001354,1.843226679,1.841693347
7,1828880,1000781,1000781,985832,1001979,1.855163963,1.825267795
7,1843672,1000260,1000260,1000261,1001615,1.843190927,1.840699271
7,1844129,1000521,1000521,1000416,1001562,1.843362161,1.841252963
7,1842120,1000313,1000313,1000365,1001563,1.841447872,1.839245260
7,1830016,1000156,1000156,973074,1001354,1.880654503,1.827541509
7,1843255,1000053,1000053,1000000,1001511,1.843255000,1.840474044
7,1843498,1000156,1000156,1000157,1001302,1.843208616,1.841100887
7,1843528,1000156,1000156,1000157,1001303,1.843238612,1.841129009
7,1825029,1000312,1000312,976876,1001563,1.868229949,1.822180931
7,1844354,1000625,1000625,1000573,1002083,1.843297790,1.840520196
7,1843698,1000260,1000260,1000261,1001407,1.843216920,1.841107562
7,1843336,1000052,1000052,1000105,1001406,1.843142470,1.840747908
7,1833235,1000104,1000104,987864,1001458,1.855756460,1.830566035
7,1843220,1000053,1000053,1000000,1001094,1.843220000,1.841205721
7,1843637,1000261,1000261,1000260,1001406,1.843157779,1.841048486
7,1843116,999948,999948,999948,1001094,1.843211847,1.841101835
7,1828751,1000156,1000156,981197,1001354,1.863795955,1.826278219
7,1843494,1000156,1000156,1000104,1001406,1.843302297,1.840905687
7,1843203,1000000,1000000,999948,1001042,1.843298852,1.841284382
7,1843791,1000313,1000313,1000312,1001302,1.843215917,1.841393506
7,1836243,1000677,1000677,978906,1001927,1.875811365,1.832711365
7,1843907,1000365,1000365,1000417,1001615,1.843138411,1.840933892
7,1843815,1000364,1000364,1000365,1001458,1.843142253,1.841130632
7,1844259,1000573,1000573,1000625,1001666,1.843107058,1.841191575
7,1827628,1000364,1000364,979064,1001511,1.866709429,1.824870620
7,1843241,1000000,1000000,1000000,1001094,1.843241000,1.841226698
7,1843116,999948,999948,999948,1000885,1.843211847,1.841486285
7,1843678,1000260,1000260,1000260,1001198,1.843198768,1.841471917
7,1836943,1000260,1000260,996771,1001197,1.842893704,1.834746808
7,1843446,1000105,1000105,1000104,1000990,1.843254302,1.841622793
7,1843808,1000312,1000312,1000261,1001250,1.843326892,1.841506117
7,1843183,999948,999948,1000000,1000937,1.843183000,1.841457554
7,1819515,1000417,1000417,984583,1001719,1.848005704,1.816392621
7,1843356,1000104,1000104,1000052,1001458,1.843260150,1.840672300
7,1843951,1000416,1000416,1000365,1001511,1.843278203,1.841168994
7,1843692,1000261,1000261,1000260,1001354,1.843212765,1.841199017
7,1837025,1000469,1000469,983490,1001771,1.867863425,1.833777380
7,1843688,1000261,1000261,1000260,1001510,1.843208766,1.840908229
7,1843893,1000365,1000365,1000365,1001510,1.843220225,1.841112919
7,1844169,1000521,1000521,1000521,1001667,1.843208688,1.841099886
7,1828188,1000573,1000573,982813,1001979,1.860158545,1.824577162
7,1843335,1000104,1000104,1000052,1001094,1.843239152,1.841320595
7,1843436,1000105,1000105,1000104,1001458,1.843244303,1.840752183
7,1843586,1000208,1000208,1000209,1001563,1.843200771,1.840708972
7,1836138,1000261,1000261,991562,1001666,1.851763178,1.833084082
7,1843204,1000000,1000000,1000000,1001198,1.843204000,1.840998484
7,1843454,1000104,1000104,1000157,1001198,1.843164623,1.841248185
7,1843536,1000208,1000208,1000156,1001250,1.843248453,1.841234457
7,1829195,1000313,1000313,985677,1001719,1.855775269,1.826056010
7,1844131,1000521,1000521,1000469,1001927,1.843266508,1.840584194
7,1843462,1000104,1000104,1000105,1001250,1.843268457,1.841160549
7,1843578,1000208,1000208,1000209,1001354,1.843192773,1.841085171
7,1834417,1000260,1000260,981616,1001459,1.868772514,1.831744485
7,1843588,1000208,1000208,1000209,1001459,1.843202771,1.840902124
7,1843633,1000209,1000209,1000260,1001250,1.843153780,1.841331336
7,1843354,1000105,1000105,1000052,1001146,1.843258151,1.841243934
7,1829665,1000365,1000365,984947,1001666,1.857627872,1.826621848
7,1843818,1000313,1000313,1000313,1001354,1.843241066,1.841324846
7,1844057,1000469,1000469,1000469,1001458,1.843192543,1.841372279
7,1843451,1000156,1000156,1000104,1001198,1.843259301,1.841245188
7,1836722,1000208,1000208,996928,1001302,1.842381797,1.834333698
7,1843918,1000364,1000364,1000365,1001302,1.843245215,1.841520341
7,1843879,1000364,1000364,1000365,1001302,1.843206230,1.841481391
7,1843199,1000000,1000000,1000000,1001146,1.843199000,1.841089112
7,1829656,1000365,1000365,986667,1001458,1.854380455,1.826992245
7,1843591,1000260,1000260,1000209,1001250,1.843205770,1.841289388
7,1843581,1000208,1000208,1000208,1001250,1.843197615,1.841279401
7,1843751,1000312,1000312,1000313,1001302,1.843174087,1.841353558
7,1833456,1000260,1000260,979740,1001511,1.871369955,1.830689828
7,1844273,1000468,1000468,1000521,1001667,1.843312634,1.841203713
7,1843447,1000156,1000156,1000104,1001250,1.843255301,1.841145568
7,1844163,1000521,1000521,1000468,1001666,1.843300335,1.841095735
7,1830119,1000625,1000625,982084,1002188,1.863505566,1.826123442
7,1843160,1000000,1000000,999948,1001510,1.843255849,1.840381025
7,1844018,1000416,1000416,1000417,1001615,1.843249365,1.841044713
7,1843759,1000313,1000313,1000364,1001458,1.843088116,1.841074713
7,1835706,1000104,1000104,995156,1001302,1.844641443,1.833319019
7,1843260,1000000,1000000,999948,1001146,1.843355855,1.841150042
7,1843314,1000052,1000052,1000052,1001198,1.843218153,1.841108352
7,1843663,1000261,1000261,1000260,1001354,1.843183772,1.841170056
7,1829252,1000417,1000417,984167,1001927,1.858680488,1.825733811
7,1843747,1000312,1000312,1000261,1001406,1.843265908,1.841158331
7,1843820,1000312,1000312,1000312,1001459,1.843244908,1.841133786
7,1843895,1000365,1000365,1000364,1001770,1.843224066,1.840637072
7,1834329,1000260,1000260,980052,1001615,1.871664973,1.831371335
7,1843153,1000000,1000000,1000000,1001458,1.843153000,1.840469595
7,1843570,1000208,1000208,1000156,1001355,1.843282448,1.841075343
7,1843551,1000208,1000208,1000208,1001303,1.843167621,1.841151979
7,1827198,1000469,1000469,975729,1001980,1.872649065,1.823587297
7,1843428,1000156,1000156,1000105,1001354,1.843234460,1.840935374
7,1843753,1000312,1000312,1000313,1001459,1.843176086,1.841066883
7,1841397,1001667,1001667,996145,1002813,1.848523056,1.836231680
7,1843344,1000104,1000104,1000104,1001198,1.843152312,1.841138316
7,1843294,1000053,1000053,1000000,1001458,1.843294000,1.840610390
7,1844205,1000573,1000573,1000573,1001667,1.843148876,1.841135827
7,1835643,1000156,1000156,990833,1001250,1.852626023,1.833351311
7,1835533,1000261,1000261,991822,1001771,1.850667761,1.832288018
7,1843246,1000052,1000052,1000000,1001145,1.843246000,1.841137897
7,1843323,1000052,1000052,1000052,1001146,1.843227152,1.841212970
7,1835718,1000625,1000625,983385,1001823,1.866733782,1.832377576
7,1843913,1000365,1000365,1000364,1001510,1.843242060,1.841132889
7,1843767,1000312,1000312,1000261,1001406,1.843285902,1.841178303
7,1843746,1000260,1000260,1000313,1001406,1.843169088,1.841157333
7,1834784,1000260,1000260,989272,1001511,1.854681018,1.832015824
7,1827136,1000573,1000573,987448,1002083,1.850361741,1.823337987
7,1843402,1000104,1000104,1000104,1001250,1.843210306,1.841100624
7,1843631,1000260,1000260,1000209,1001354,1.843245762,1.841138099
7,1837404,1000521,1000521,993490,1001719,1.849443880,1.834250923
7,1842624,1000052,1000052,1000052,1001146,1.842528189,1.840514770
7,1843715,1000313,1000313,1000312,1001354,1.843139940,1.841221985
7,1843662,1000260,1000260,1000261,1001406,1.843180930,1.841073451
7,1836214,1000208,1000208,991199,1001354,1.852518011,1.833731128
7,1836250,1000052,1000052,990989,1001563,1.852946905,1.833384420
7,1843901,1000416,1000416,1000417,1001510,1.843132414,1.841120907
7,1843513,1000208,1000208,1000156,1001615,1.843225457,1.840540527
7,1834384,1000365,1000365,982344,1001614,1.867354002,1.831428075
7,1844170,1000521,1000521,1000521,1001666,1.843209688,1.841102723
7,1844082,1000469,1000469,1000469,1001615,1.843217531,1.841108610
7,1843742,1000261,1000261,1000312,1001406,1.843166932,1.841153338
7,1836362,1000521,1000521,993021,1001719,1.849268042,1.833210711
7,1828134,1000365,1000365,986823,1001823,1.852544985,1.824807376
7,1844147,1000521,1000521,1000469,1001614,1.843282501,1.841175343
7,1843478,1000104,1000104,1000104,1001250,1.843286298,1.841176529
7,1833846,1000260,1000260,990260,1001407,1.851883344,1.831269404
7,1843524,1000157,1000157,1000156,1001614,1.843236455,1.840553347
7,1843605,1000208,1000208,1000208,1001302,1.843221610,1.841207748
7,1843457,1000156,1000156,1000104,1001250,1.843265300,1.841155556
7,1853511,1027656,1027656,990157,1029063,1.871936471,1.801163777
7,1843874,1000364,1000364,1000365,1001823,1.843201232,1.840518734
7,1843888,1000364,1000364,1000365,1001562,1.843215226,1.841012339
7,1844103,1000521,1000521,1000469,1001615,1.843238521,1.841129576
7,1838142,1000521,1000521,981199,1001718,1.873363100,1.834989488
7,1844121,1000521,1000521,1000521,1001614,1.843160713,1.841149385
7,1843354,1000104,1000104,1000000,1001197,1.843354000,1.841150143
7,1844089,1000469,1000469,1000469,1001927,1.843224528,1.840542275
7,1827842,1000625,1000625,980834,1001875,1.863558971,1.824421210
7,1843539,1000208,1000208,1000209,1001614,1.843153781,1.840568323
7,1844059,1000469,1000469,1000469,1001562,1.843194542,1.841183072
7,1844008,1000469,1000469,1000416,1001615,1.843241212,1.841034729
7,1836501,1000261,1000261,995313,1001458,1.845149214,1.833827280
7,1843740,1000260,1000260,1000261,1001406,1.843258909,1.841151341
7,1843723,1000312,1000312,1000312,1001407,1.843147938,1.841132527
7,1831604,1000104,1000104,1000052,1001250,1.831508762,1.829317353
7,1812699,1000208,1000208,967084,1001510,1.874396640,1.809965951
7,1843140,999948,999948,1000000,1001146,1.843140000,1.841030179
7,1843537,1000208,1000208,1000157,1001302,1.843247610,1.841139836
7,1844189,1000573,1000573,1000520,1001667,1.843230520,1.841119853
7,1832916,1000573,1000573,971876,1001771,1.885956645,1.829675644
7,1843847,1000365,1000365,1000365,1001458,1.843174241,1.841162585
7,1844036,1000468,1000468,1000782,1002031,1.842595091,1.840298354
7,1843986,1000417,1000417,1000468,1001927,1.843123418,1.840439473
7,1829693,1000312,1000312,981251,1001615,1.864653386,1.826742810
7,1844062,1000469,1000469,1000417,1001770,1.843293347,1.840803777
7,1843800,1000312,1000312,1000313,1001562,1.843223071,1.840924476
7,1843851,1000365,1000365,1000312,1001459,1.843275898,1.841164741
7,1838730,1000573,1000573,994999,1001718,1.847971707,1.835576480
7,1843346,1000104,1000104,1000052,1001250,1.843250151,1.841044694
7,1843502,1000208,1000208,1000156,1001250,1.843214459,1.841200499
7,1844356,1000625,1000625,1000677,1001875,1.843108216,1.840904304
7,1828015,1000156,1000156,983124,1001510,1.859394135,1.825258859
7,1843374,1000104,1000104,1000052,1001250,1.843278150,1.841072659
7,1843835,1000364,1000364,1000365,1001198,1.843162246,1.841628729
7,1842069,1000208,1000208,1000208,1001094,1.841685929,1.840055979
7,1853877,1000677,1000677,978020,1001666,1.895540991,1.850793578
7,2089580,1000104,1000104,1000104,1001042,2.089362706,2.087404924
7,2093070,1000104,1000104,1000105,1001146,2.092850251,2.090674087
7,2093026,1000104,1000104,1000104,1000937,2.092808348,2.091066671
7,2081252,1000729,1000729,986875,1001666,2.108931729,2.077790401
7,2093626,1000365,1000365,1000417,1001458,2.092753322,2.090577937
7,2092304,1000416,1000416,1000469,1001459,2.091323169,2.089255776
7,2093444,1000312,1000312,1000313,1001302,2.092788957,2.090721880
7,2088007,1000261,1000261,995885,1001094,2.096634652,2.085725217
7,2093264,1000208,1000208,1000260,1001250,2.092719893,2.090650687
7,2093051,1000156,1000156,1000156,1001042,2.092724535,2.090872311
7,2093295,1000260,1000260,1000261,1001146,2.092748793,2.090898830
7,2082351,1000521,1000521,987761,1001614,2.108152681,2.078995501
7,2093307,1000261,1000261,1000208,1001093,2.092871683,2.091021513
7,2093623,1000417,1000417,1000417,1001250,2.092750323,2.091009238
7,2093644,1000364,1000364,1000469,1001354,2.092662541,2.090813039
7,2086250,1000157,1000157,984635,1001042,2.118805446,2.084078390
7,2093467,1000312,1000312,1000365,1001303,2.092703163,2.090742762
7,2093427,1000312,1000312,1000313,1001146,2.092771962,2.091030679
7,2092642,999896,999896,999947,1000781,2.092752916,2.091008922
7,2081246,1000521,1000521,989532,1001407,2.103262957,2.078321801
7,2092899,1000000,1000000,1000000,1000989,2.092899000,2.090831168
7,2093184,1000156,1000156,1000156,1000990,2.092857514,2.091113797
7,2079006,1000365,1000365,1000365,1001250,2.078247440,2.076410487
7,1821407,1000312,1000312,995989,1001302,1.828742085,1.819038612
7,1843703,1000260,1000260,1000260,1001145,1.843223762,1.841594374
7,1842743,1000052,1000052,1000104,1001042,1.842551375,1.840824860
7,1844081,1000469,1000469,1000469,1001302,1.843216531,1.841683129
7,1823058,1000313,1000313,983645,1001354,1.853369864,1.820592917
7,1843550,1000261,1000261,1000312,1001458,1.842974992,1.840866017
7,1842917,1000052,1000052,1000052,1001146,1.842821173,1.840807435
7,1843556,1000312,1000312,1000261,1001302,1.843074957,1.841158811
7,1835499,1000729,1000729,980886,1001979,1.871266386,1.831873722
7,1843389,1000208,1000208,1000209,1001354,1.843003812,1.840896426
7,1842699,1000052,1000052,1000052,1001250,1.842603185,1.840398502
7,1843813,1000417,1000417,1000417,1001458,1.843044450,1.841128634
7,1831138,1000260,1000260,985417,1001354,1.858236665,1.828661992
7,1843053,1000000,1000000,1000000,1000990,1.843053000,1.841230182
7,1843304,1000260,1000260,1000261,1001198,1.842823023,1.841098364
7,1842361,1000469,1000469,1000469,1001354,1.841497338,1.839869816
7,1838466,1000417,1000417,997552,1001458,1.842977609,1.835789419
7,1843758,1000312,1000312,1000313,1001302,1.843181084,1.841360549
7,1843908,1000364,1000364,1000365,1001354,1.843235219,1.841414724
7,1843125,1000156,1000156,1000156,1001094,1.842837517,1.841110825
7,1832199,1000417,1000417,984010,1001562,1.861971931,1.829341568
7,1844290,1000573,1000573,1000677,1001615,1.843042260,1.841316274
7,1832603,1000625,1000625,1000729,1001771,1.831268006,1.829363198
7,1842368,1000625,1000625,1000677,1001615,1.841121561,1.839397373
7,1837302,1000365,1000365,980103,1001406,1.874600935,1.834722380
7,1843384,1000469,1000469,1000417,1001406,1.842615629,1.840795841
7,1843538,1000208,1000208,1000157,1001042,1.843248610,1.841619033
7,1843842,1000313,1000313,1000365,1001250,1.843169243,1.841540075
7,1832476,1000521,1000521,984636,1001718,1.861069471,1.829333206
7,1844307,1000625,1000625,1000573,1001719,1.843250817,1.841142077
7,1843601,1000209,1000209,1000417,1001615,1.842832539,1.840628385
7,1843540,1000208,1000208,1000261,1001458,1.843058962,1.840856032
7,1838195,1000469,1000469,993124,1001771,1.850921939,1.834945312
7,1844315,1000573,1000573,1000573,1001614,1.843258813,1.841343072
7,1844075,1000469,1000469,1000469,1001563,1.843210534,1.841197209
7,1843731,1000313,1000313,1000260,1001458,1.843251755,1.841046754
7,1831323,1000416,1000416,982500,1001666,1.863941985,1.828277090
7,1843467,1000156,1000156,1000156,1001145,1.843179464,1.841358644
7,1843790,1000313,1000313,1000312,1001198,1.843214917,1.841583783
7,1843332,1000104,1000104,1000208,1001198,1.842948667,1.841126331
7,1896225,1000573,1000573,979114,1001667,1.936674381,1.893069254
7,2090791,1000364,1000364,1000313,1001406,2.090136787,2.087855475
7,2092916,1000104,1000104,1000052,1000834,2.092807174,2.091171963
7,2093076,1000104,1000104,1000104,1000990,2.092858343,2.091005904
7,2079546,1000261,1000261,985364,1001459,2.110434317,2.076516363
7,2092961,1000052,1000052,1000104,1001094,2.092743355,2.090673803
7,2093513,1000313,1000313,1000364,1001354,2.092751239,2.090682216
7,2033787,1000364,1000364,1000417,1001458,2.032939264,2.030826056
7,1829062,1000000,1000000,985937,1001563,1.855150988,1.826207637
7,1843465,1000104,1000104,1000157,1001406,1.843175621,1.840876727
7,1843811,1000312,1000312,1000312,1001771,1.843235910,1.840551383
7,1843459,1000156,1000156,1000156,1001562,1.843171465,1.840584008
7,1846285,1000208,1000208,981927,1001667,1.880267067,1.843212365
7,1841655,1000313,1000313,1000364,1001927,1.840984882,1.838112956
7,1843511,1000157,1000157,1000156,1001250,1.843223457,1.841209488
7,1843485,1000157,1000157,1000156,1001303,1.843197461,1.841086065
7,1832682,1000209,1000209,980000,1001355,1.870083673,1.830202076
7,1844050,1000469,1000469,1000417,1001875,1.843281352,1.840598877
7,1843943,1000416,1000416,1000365,1001562,1.843270206,1.841067253
7,1843920,1000365,1000365,1000312,1001667,1.843344876,1.840851301
7,1830034,1000416,1000416,981405,1001614,1.864708250,1.827085085
7,1843671,1000156,1000156,1000156,1001459,1.843383432,1.840985003
7,1843801,1000364,1000364,1000313,1001354,1.843224071,1.841307869
7,1843645,1000208,1000208,1000209,1001302,1.843259759,1.841247696
7,1834578,1000157,1000157,986093,1001459,1.860451296,1.831905250
7,1843309,1000052,1000052,1000000,1001302,1.843309000,1.840912132
7,1843873,1000364,1000364,1000365,1001406,1.843200232,1.841284154
7,1844001,1000416,1000416,1000417,1001458,1.843232372,1.841316361
7,1826824,1000208,1000208,977084,1001510,1.869669343,1.824069655
7,1843413,1000156,1000156,1000104,1001146,1.843221305,1.841302867
7,1843729,1000261,1000261,1000260,1001250,1.843249755,1.841427216
7,1843928,1000417,1000417,1000365,1001563,1.843255212,1.841050438
7,1833686,1000312,1000312,979167,1001718,1.872699958,1.830541130
7,1843395,1000104,1000104,1000052,1001198,1.843299148,1.841189255
7,1844057,1000468,1000468,1000417,1001562,1.843288349,1.841181075
7,1843980,1000417,1000417,1000416,1001511,1.843213223,1.841197950
7,1815339,1000417,1000417,967239,1001875,1.876825686,1.811941609
7,1843130,999948,999948,1000000,1001145,1.843130000,1.841022030
7,1844153,1000520,1000520,1000521,1001615,1.843192697,1.841179495
7,1843882,1000365,1000365,1000364,1001458,1.843211071,1.841197534
7,1835073,1000469,1000469,986772,1001927,1.859672751,1.831543615
7,1843442,1000104,1000104,1000104,1001615,1.843250302,1.840469642
7,1843480,1000156,1000156,1000157,1001562,1.843190619,1.840604975
7,1843258,1000052,1000052,1000052,1001302,1.843162156,1.840861199
7,1829478,1000625,1000625,978127,1002031,1.870389019,1.825769861
7,1843623,1000260,1000260,1000209,1001354,1.843237763,1.841130110
7,1843722,1000312,1000312,1000260,1001458,1.843242757,1.841037767
7,1843060,999896,999896,999896,1001146,1.843251698,1.840950271
7,1835388,1000677,1000677,976354,1002448,1.879838665,1.830905942
7,1843430,1000104,1000104,1000157,1001250,1.843140627,1.841128589
7,1843734,1000260,1000260,1000260,1001406,1.843254754,1.841145350
7,1843827,1000313,1000313,1000312,1001458,1.843251905,1.841142614
7,1823835,1000365,1000365,976718,1001927,1.867309705,1.820327229
7,1843281,1000052,1000052,1000000,1001198,1.843281000,1.841075392
7,1843868,1000364,1000364,1000365,1001459,1.843195234,1.841181716
7,1843784,1000312,1000312,1000313,1001406,1.843207076,1.841195279
7,1837439,1000521,1000521,996146,1001718,1.844547888,1.834287694
7,1843724,1000312,1000312,1000261,1001615,1.843242914,1.840751187
7,1843811,1000312,1000312,1000364,1001406,1.843140097,1.841222242
7,1843417,1000156,1000156,1000104,1001250,1.843225305,1.841115605
7,1829583,1000417,1000417,980781,1001771,1.865434791,1.826348537
7,1843631,1000261,1000261,1000156,1001458,1.843343438,1.840946899
7,1843835,1000364,1000364,1000365,1001614,1.843162246,1.840863846
7,1843572,1000209,1000209,1000208,1001354,1.843188617,1.841079179
7,1833579,1000365,1000365,975103,1001823,1.880395199,1.830242468
7,1843228,1000053,1000053,1000052,1001198,1.843132157,1.841022455
7,1843221,1000000,1000000,999948,1001146,1.843316852,1.841111087
7,1843851,1000365,1000365,1000364,1001458,1.843180082,1.841166579
7,1826843,1000625,1000625,980261,1002136,1.863629176,1.822949181
7,1844027,1000469,1000469,1000417,1001719,1.843258361,1.840862557
7,1843288,1000001,1000001,1000052,1001146,1.843192154,1.841178010
7,1843752,1000313,1000313,1000312,1001458,1.843176929,1.841067723
7,1835511,1000312,1000312,987969,1001615,1.857862949,1.832551429
7,1843630,1000261,1000261,1000208,1001615,1.843246605,1.840657338
7,1843291,1000052,1000052,1000053,1001197,1.843193311,1.841087219
7,1843793,1000312,1000312,1000261,1001511,1.843311896,1.841011232
7,1828228,1000469,1000469,983334,1002032,1.859213655,1.824520574
7,1843578,1000208,1000208,1000156,1001406,1.843290447,1.840989569
7,1843710,1000260,1000260,1000313,1001407,1.843133099,1.841119545
7,1843219,1000052,1000052,1000052,1001145,1.843123158,1.841110928
7,1834457,1000105,1000105,983021,1001302,1.866142229,1.832071643
7,1843366,1000104,1000104,1000104,1001198,1.843174310,1.841160290
7,1843855,1000365,1000365,1000312,1001458,1.843279897,1.841170573
7,1844051,1000469,1000469,1000469,1001667,1.843186546,1.840982083
7,1828949,1000677,1000677,982814,1002083,1.860930959,1.825147218
7,1843193,1000000,1000000,1000000,1001094,1.843193000,1.841178750
7,1843336,1000052,1000052,1000104,1001146,1.843144313,1.841225955
7,1844102,1000521,1000521,1000521,1001562,1.843141723,1.841226005
7,1836168,1000104,1000104,995833,1001198,1.843851328,1.833970903
7,1843325,1000052,1000052,1000052,1001093,1.843229152,1.841312445
7,1843807,1000364,1000364,1000313,1001354,1.843230069,1.841313861
7,1843148,1000000,1000000,999948,1001459,1.843243849,1.840462765
7,1830045,1000156,1000156,977290,1001355,1.872571089,1.827568644
7,1843982,1000416,1000416,1000417,1001406,1.843213380,1.841393001
7,1843261,1000000,1000000,1000000,1000937,1.843261000,1.841535481
7,1843283,1000000,1000000,1000052,1000938,1.843187154,1.841555621
7,1836623,1000052,1000052,985104,1001093,1.864395028,1.834617763
7,1843621,1000261,1000261,1000208,1001146,1.843237607,1.841510629
7,1843500,1000156,1000156,1000156,1001094,1.843212459,1.841485415
7,1843819,1000364,1000364,1000365,1001250,1.843146252,1.841517104
7,1829802,1000730,1000730,981563,1001979,1.864171734,1.826187974
7,1843283,1000052,1000052,1000052,1001146,1.843187154,1.841173016
7,1844096,1000521,1000521,1000469,1001563,1.843231524,1.841218176
7,1843134,1000000,1000000,999948,1000989,1.843229848,1.841312942
7,1833686,1000208,1000208,996302,1001354,1.840492140,1.831206546
7,1843883,1000364,1000364,1000365,1001355,1.843210228,1.841387919
7,1844074,1000468,1000468,1000469,1001511,1.843209535,1.841291808
7,1843960,1000416,1000416,1000417,1001459,1.843191389,1.841273582
7,1830571,1000364,1000364,984688,1001719,1.859036568,1.827429648
7,1843630,1000261,1000261,1000260,1001354,1.843150781,1.841137100
7,1843193,1000000,1000000,999948,1001042,1.843288851,1.841274392
7,1843294,1000052,1000052,1000052,1001094,1.843198154,1.841279640
7,1835211,1000208,1000208,982708,1001459,1.867503877,1.832537328
7,1844006,1000469,1000469,1000469,1001562,1.843141567,1.841130155
7,1843983,1000416,1000416,1000365,1001875,1.843310192,1.840532002
7,1844031,1000468,1000468,1000469,1001563,1.843166555,1.841153277
7,1830240,1000208,1000208,983281,1001770,1.861360079,1.827006199
7,1844023,1000469,1000469,1000469,1001667,1.843158559,1.840954129
7,1843273,1000052,1000052,1000053,1001198,1.843175312,1.841067401
7,1843639,1000208,1000208,1000261,1001355,1.843157936,1.841144250
7,1837106,1000364,1000364,995834,1001510,1.844791401,1.834336152
7,1843356,1000105,1000105,1000052,1001146,1.843260150,1.841245932
7,1843162,1000000,1000000,999948,1001094,1.843257849,1.841147784
7,1844033,1000469,1000469,1000468,1001562,1.843170396,1.841157113
7,1829412,1000104,1000104,983022,1001406,1.861008197,1.826843458
7,1843362,1000104,1000104,1000052,1000990,1.843266150,1.841538877
7,1843655,1000261,1000261,1000208,1001094,1.843271600,1.841640246
7,1843203,1000000,1000000,999947,1000885,1.843300695,1.841573208
7,1835107,1000313,1000313,986353,1001250,1.860497205,1.832815980
7,1843514,1000209,1000209,1000208,1001042,1.843130629,1.841595058
7,1843659,1000208,1000208,1000209,1001093,1.843273756,1.841646081
7,1843370,1000105,1000105,1000104,1000990,1.843178309,1.841546869
7,1833332,1000729,1000729,985365,1001979,1.860561315,1.829711002
7,1843446,1000104,1000104,1000104,1001250,1.843254302,1.841144569
7,1843221,1000000,1000000,1000000,1001302,1.843221000,1.840824247
7,1843150,1000000,1000000,1000000,1001042,1.843150000,1.841231437
7,1835478,1000260,1000260,995051,1001354,1.844606960,1.832996123
7,1843323,1000052,1000052,1000104,1001094,1.843131314,1.841308608
7,1844022,1000469,1000469,1000416,1001458,1.843255206,1.841337330
7,1844132,1000469,1000469,1000520,1001510,1.843173550,1.841351559
7,1828676,1000417,1000417,982865,1001719,1.860556638,1.825537900
7,1843250,1000052,1000052,1000000,1001198,1.843250000,1.841044429
7,1843892,1000365,1000365,1000364,1001406,1.843221068,1.841303128
7,1843605,1000260,1000260,1000208,1001250,1.843221610,1.841303371
7,1836631,1000260,1000260,984273,1001355,1.865977224,1.834145733
7,1843529,1000157,1000157,1000156,1001458,1.843241454,1.840845048
7,1843634,1000209,1000209,1000208,1001198,1.843250604,1.841427969
7,1843698,1000260,1000260,1000260,1001458,1.843218763,1.841013802
7,1819248,1000313,1000313,984843,1001614,1.847246719,1.816316465
7,1840132,1000469,1000469,1000469,1001615,1.839269383,1.837164979
7,1843285,1000052,1000052,1000052,1001042,1.843189154,1.841366296
7,1844254,1000573,1000573,1000625,1001770,1.843102061,1.840995438
7,1838963,1000157,1000157,995208,1001250,1.847817743,1.836667166
7,1843859,1000364,1000364,1000365,1001302,1.843186237,1.841461417
7,1843422,1000156,1000156,1000104,1001042,1.843230304,1.841503154
7,1841918,1000208,1000208,1000261,1001198,1.841437385,1.839714023
7,1829813,1000573,1000573,981875,1001667,1.863590579,1.826767778
7,1843494,1000157,1000157,1000156,1001094,1.843206460,1.841479422
7,1843476,1000156,1000156,1000208,1001094,1.843092637,1.841461441
7,1843469,1000104,1000104,1000208,1001459,1.843085638,1.840783297
7,2013036,1000208,1000208,984844,1001093,2.044015093,2.010838154
7,2093919,1000521,1000521,1000573,1001511,2.092719872,2.090759862
7,2093411,1000261,1000261,1000260,1001146,2.092866855,2.091014697
7,2093685,1000416,1000416,1000469,1001406,2.092703522,2.090745412
7,2071001,1000364,1000364,976302,1001459,2.121270877,2.067983812
7,2092931,1000052,1000052,1000052,1001250,2.092822173,2.090318102
7,2093481,1000312,1000312,1000313,1001250,2.092825945,2.090867416
7,2034007,1000000,1000000,1000000,1000938,2.034007000,2.032100889
7,1833016,1000312,1000312,994688,1001302,1.842804980,1.830632516
7,1843258,1000000,1000000,1000052,1000990,1.843162156,1.841434979
7,1843773,1000313,1000313,1000312,1001354,1.843197922,1.841279907
7,1843353,1000052,1000052,1000104,1000989,1.843161311,1.841531725
7,1881391,1000625,1000625,971094,1001875,1.937393290,1.877869994
7,1841423,1000469,1000469,1000417,1001562,1.840655447,1.838551183
7,1843302,1000052,1000052,1000000,1001198,1.843302000,1.841096367
7,1844091,1000468,1000468,1000469,1001563,1.843226527,1.841213184
7,1824035,1000260,1000260,959270,1001562,1.901482377,1.821190301
7,1843260,1000052,1000052,1000052,1001094,1.843164155,1.841245677
7,1843926,1000417,1000417,1000364,1001406,1.843255055,1.841337080
7,1843830,1000365,1000365,1000312,1001302,1.843254904,1.841432455
7,1827887,1000052,1000052,983959,1001250,1.857686143,1.825604994
7,1843669,1000261,1000261,1000260,1001146,1.843189771,1.841558574
7,1842596,1000365,1000365,1000312,1001302,1.842021289,1.840200060
7,1844062,1000469,1000469,1000468,1001406,1.843199383,1.841472889
7,1839214,1000156,1000156,996927,1001250,1.844883326,1.836917853
7,1844211,1000521,1000521,1000520,1001510,1.843252509,1.841430440
7,1843242,1000000,1000000,1000000,1001041,1.843242000,1.841325180
7,1843420,1000104,1000104,1000104,1000990,1.843228304,1.841596819
7,1832640,1000521,1000521,987187,1001562,1.856426391,1.829781881
7,1843917,1000416,1000416,1000417,1001407,1.843148407,1.841326254
7,1833205,1000677,1000677,1000729,1001770,1.831869567,1.829965960
7,1843287,1000416,1000416,1000469,1001407,1.842422904,1.840697139
7,1837944,1000364,1000364,981460,1001407,1.872663175,1.835361646
7,1843321,1000104,1000104,1000052,1000937,1.843225152,1.841595425
7,1841987,1000052,1000052,1000000,1000886,1.841987000,1.840356444
7,1844199,1000521,1000521,1000520,1001458,1.843240515,1.841514072
7,1832660,1000521,1000521,986875,1001614,1.857033566,1.829706853
7,1843941,1000416,1000416,1000365,1001406,1.843268207,1.841352059
7,1844051,1000417,1000417,1000573,1001614,1.842994964,1.841079498
7,1843900,1000417,1000417,1000469,1001458,1.843035616,1.841215508
7,1839115,1000260,1000260,995729,1001354,1.847003552,1.836628205
7,1843688,1000260,1000260,1000260,1001197,1.843208766,1.841483744
7,1843127,999948,999948,999948,1000990,1.843222848,1.841304109
7,1848365,1005625,1005625,997604,1006562,1.852804319,1.836315100
7,1837207,1000468,1000468,994375,1001459,1.847599749,1.834530420
7,1844019,1000469,1000469,1000468,1001354,1.843156403,1.841525574
7,1843769,1000313,1000313,1000364,1001354,1.843098112,1.841275912
7,1839088,1000573,1000573,994219,1001614,1.849781587,1.836124495
7,2041668,1000364,1000364,1000521,1001615,2.040604845,2.038376023
7,2093816,1000469,1000469,1000469,1001303,2.092834461,2.091091308
7,2092187,1000052,1000052,1000052,1000834,2.092078212,2.090443570
7,2086640,1000156,1000156,991197,1001042,2.105171828,2.084467984
7,2080890,1000260,1000260,990208,1001302,2.101467570,2.078184204
7,2093965,1000573,1000573,1000729,1001615,2.092439612,2.090588699
7,2093508,1000365,1000365,1000312,1001145,2.092855029,2.091113675
7,2088235,1000573,1000573,996250,1001458,2.096095358,2.085194786
7,2092761,1000000,1000000,1000000,1000781,2.092761000,2.091127829
7,2093413,1000313,1000313,1000312,1001250,2.092760059,2.090799501
7,2093161,1000157,1000157,1000156,1001041,2.092834518,2.090984285
7,2086002,1000312,1000312,990157,1001250,2.106738628,2.083397753
7,2088332,1000157,1000157,998020,1001094,2.092475101,2.086049861
7,2093621,1000417,1000417,1000468,1001406,2.092641644,2.090681502
7,1900810,1000208,1000208,1000261,1001094,1.900314018,1.898732786
7,1835927,1000573,1000573,982968,1001510,1.867738319,1.833158930
7,1843380,1000052,1000052,1000052,1000989,1.843284149,1.841558698
7,1843803,1000313,1000313,1000365,1001354,1.843130257,1.841309866
7,1843698,1000261,1000261,1000260,1001146,1.843218763,1.841587541
7,1836643,1000104,1000104,991354,1001041,1.852661108,1.834733043
7,1839039,1000573,1000573,994895,1001875,1.848475467,1.835597255
7,1844063,1000469,1000469,1000417,1001563,1.843294346,1.841185227
7,1843830,1000312,1000312,1000313,1001510,1.843253062,1.841050014
7,1835279,1000156,1000156,992240,1001302,1.849632145,1.832892574
7,1843704,1000260,1000260,1000260,1001459,1.843224762,1.841017955
7,1843844,1000365,1000365,1000364,1001615,1.843173085,1.840870993
7,1841971,1000208,1000208,1000209,1001354,1.841586109,1.839480344
7,1835925,1000469,1000469,991771,1001667,1.851158181,1.832869606
7,1838006,1000364,1000364,993750,1001562,1.849565786,1.835139512
7,1843774,1000209,1000209,1000208,1001354,1.843390575,1.841280906
7,1843756,1000261,1000261,1000312,1001407,1.843180928,1.841165480
7,1822675,1000834,1000834,958906,1002083,1.900785896,1.818886260
7,1840151,998334,998334,998281,1001667,1.843319667,1.837088573
7,1844114,1000417,1000417,1000469,1001563,1.843249516,1.841236148
7,1843832,1000364,1000364,1000313,1001562,1.843255061,1.840956426
7,1830811,1000313,1000313,984218,1001406,1.860168174,1.828240494
7,1843714,1000261,1000261,1000260,1001407,1.843234759,1.841123539
7,1837600,1000365,1000365,998177,1001407,1.840956063,1.835018129
7,1843873,1000364,1000364,1000365,1001354,1.843200232,1.841379772
7,1839564,1000312,1000312,995731,1001354,1.847450767,1.837076598
7,1844004,1000417,1000417,1000417,1001354,1.843235371,1.841510595
7,1843939,1000417,1000417,1000416,1001459,1.843172240,1.841252612
7,1844179,1000521,1000521,1000573,1001459,1.843122891,1.841492263
7,1833273,1000365,1000365,986510,1001562,1.858342034,1.830413893
7,1843468,1000104,1000104,1000156,1001198,1.843180464,1.841262168
7,1843489,1000156,1000156,1000156,1001042,1.843201461,1.841570084
7,1843656,1000260,1000260,1000208,1001146,1.843272599,1.841545589
7,1835819,1000521,1000521,986979,1001615,1.860038562,1.832858933
7,1843622,1000209,1000209,1000208,1001093,1.843238606,1.841609121
7,1843788,1000312,1000312,1000313,1001198,1.843211075,1.841581785
7,1843219,1000000,1000000,1000000,1000885,1.843219000,1.841589194
7,1834427,1002865,1002865,987499,1004011,1.857649476,1.827098508
7,1843149,999947,999947,999948,1001041,1.843244849,1.841232277
7,1843703,1000261,1000261,1000261,1001302,1.843221919,1.841305620
7,1843282,1000053,1000053,1000000,1001093,1.843282000,1.841269492
7,1834286,1000364,1000364,994167,1001667,1.845048166,1.831233334
7,1843804,1000260,1000260,1000261,1001510,1.843322893,1.841024054
7,1843508,1000156,1000156,1000156,1001198,1.843220458,1.841302120
7,1843475,1000156,1000156,1000157,1001198,1.843185620,1.841269160
7,1826955,1000417,1000417,981147,1001719,1.862060425,1.823819854
7,1843403,1000156,1000156,1000104,1001146,1.843211306,1.841292878
7,1844163,1000521,1000521,1000521,1001719,1.843202691,1.840998324
7,1843805,1000364,1000364,1000313,1001354,1.843228070,1.841311864
7,1833544,1000312,1000312,975416,1001510,1.879755920,1.830779523
7,1843477,1000052,1000052,1000104,1001510,1.843285298,1.840697547
7,1843595,1000208,1000208,1000208,1001354,1.843211612,1.841102148
7,1843617,1000261,1000261,1000260,1001302,1.843137784,1.841219732
7,1825860,1000469,1000469,980834,1001771,1.861538242,1.822632119
7,1843755,1000260,1000260,1000312,1001771,1.843179928,1.840495483
7,1843249,1000052,1000052,1000000,1001146,1.843249000,1.841139055
7,1844240,1000573,1000573,1000573,1001667,1.843183856,1.841170768
7,1798531,1000677,1000677,958124,1001928,1.877138032,1.795070105
7,1843774,1000312,1000312,1000313,1001406,1.843197079,1.841185293
7,1844382,1000625,1000625,1000625,1001771,1.843229981,1.841121374
7,1843892,1000417,1000417,1000312,1001667,1.843316885,1.840823347
7,1827956,1000521,1000521,980937,1001719,1.863479510,1.824819136
7,1842631,999687,999687,999688,1001406,1.843206080,1.840043898
7,1843446,1000104,1000104,1000156,1001094,1.843158467,1.841431474
7,1843866,1000365,1000365,1000364,1001355,1.843195077,1.841370942
7,1838039,1000573,1000573,985730,1001719,1.864647520,1.834884833
7,1843252,1000052,1000052,1000000,1001146,1.843252000,1.841142051
7,1843655,1000208,1000208,1000208,1001302,1.843271600,1.841257682
7,1843622,1000261,1000261,1000260,1001302,1.843142783,1.841224725
7,1829905,1000417,1000417,984062,1001719,1.859542387,1.826764791
7,1843941,1000365,1000365,1000312,1001458,1.843365870,1.841256448
7,1843935,1000365,1000365,1000364,1001355,1.843264052,1.841439849
7,1843392,1000104,1000104,1000104,1001250,1.843200307,1.841090637
7,1838364,1000260,1000260,997084,1001302,1.843740347,1.835973562
7,1844138,1000521,1000521,1000468,1001615,1.843275347,1.841164519
7,1844035,1000417,1000417,1000469,1001406,1.843170553,1.841445927
7,1843279,1000052,1000052,1000000,1000989,1.843279000,1.841457798
7,1808001,1000677,1000677,967865,1002083,1.868030149,1.804242762
7,1840264,998437,998437,998385,1001198,1.843240834,1.838062002
7,1844067,1000468,1000468,1000469,1001614,1.843202538,1.841095472
7,1843643,1000261,1000261,1000208,1001667,1.843259602,1.840574762
7,1835110,1000156,1000156,982761,1001406,1.867300391,1.832533458
7,1843944,1000417,1000417,1000416,1001511,1.843177238,1.841162004
7,1843271,1000052,1000052,1000000,1001145,1.843271000,1.841162869
7,1843237,1000052,1000052,1000052,1001146,1.843141157,1.841127068
7,1829484,1000521,1000521,984636,1001771,1.858030785,1.826249712
7,1843078,999948,999948,999895,1001406,1.843271544,1.840490271
7,1843910,1000417,1000417,1000416,1001510,1.843143252,1.841129894
7,1843977,1000417,1000417,1000417,1001563,1.843208382,1.841099362
7,1836623,1000104,1000104,995469,1001302,1.844982616,1.834234826
7,1843464,1000104,1000104,1000104,1001510,1.843272300,1.840684566
7,1843092,999947,999947,999948,1001094,1.843187846,1.841077861
7,1843922,1000417,1000417,1000364,1001511,1.843251057,1.841140037
7,1829422,1000521,1000521,977500,1001928,1.871531458,1.825901662
7,1843617,1000208,1000208,1000209,1001719,1.843231765,1.840453261
7,1843559,1000208,1000208,1000157,1001302,1.843269607,1.841161807
7,1843366,1000104,1000104,1000105,1001250,1.843172467,1.841064669
7,1833433,1000364,1000364,982449,1001667,1.866186438,1.830381754
7,1844158,1000520,1000520,1000469,1001615,1.843293495,1.841184487
7,1843944,1000417,1000417,1000416,1001510,1.843177238,1.841163843
7,1843549,1000156,1000156,1000156,1001615,1.843261451,1.840576469
7,1828213,1000104,1000104,981718,1001666,1.862258816,1.825172263
7,1843201,1000000,1000000,999948,1001094,1.843296851,1.841186742
7,1843768,1000312,1000312,1000313,1001406,1.843191081,1.841179302
7,1843562,1000156,1000156,1000208,1001354,1.843178619,1.841069192
7,1837401,1000469,1000469,995833,1001667,1.845089488,1.834343150
7,1843312,1000052,1000052,1000052,1001198,1.843216153,1.841106355
7,1843863,1000364,1000364,1000365,1001510,1.843190236,1.841082965
7,1843381,1000104,1000104,1000052,1001198,1.843285149,1.841175272
7,1827892,1000260,1000260,982605,1001822,1.860251067,1.824567638
7,1843797,1000313,1000313,1000313,1001459,1.843220072,1.841110819
7,1843732,1000261,1000261,1000260,1001719,1.843252754,1.840568063
7,1843705,1000260,1000260,1000261,1001406,1.843223919,1.841116390
7,1836722,1000417,1000417,982812,1001666,1.868843685,1.833667111
7,1843785,1000312,1000312,1000313,1001459,1.843208076,1.841098837
7,1843109,999948,999948,999948,1001094,1.843204847,1.841094842
7,1843380,1000104,1000104,1000052,1001198,1.843284149,1.841174273
7,1832377,1000625,1000625,981510,1001927,1.866895905,1.828852801
7,1843971,1000416,1000416,1000417,1001614,1.843202385,1.840999627
7,1843373,1000104,1000104,1000104,1001511,1.843181309,1.840591866
7,1844027,1000417,1000417,1000416,1001562,1.843260204,1.841151122
7,1836439,1000573,1000573,995990,1002083,1.843832769,1.832621649
7,1842904,1000208,1000208,1000261,1001355,1.842423128,1.840410244
7,1843572,1000208,1000208,1000157,1001303,1.843282605,1.841172952
7,1843814,1000312,1000312,1000313,1001459,1.843237067,1.841127795
7,1806790,1000364,1000364,968541,1001823,1.865476010,1.803502215
7,1843658,1000208,1000208,1000209,1001406,1.843272756,1.841069456
7,1843801,1000365,1000365,1000365,1001354,1.843128258,1.841307869
7,1843357,1000104,1000104,1000052,1001146,1.843261150,1.841246931
7,1836473,1000521,1000521,982292,1001875,1.869579514,1.833036057
7,1843272,1000052,1000052,1000000,1001094,1.843272000,1.841257664
7,1843868,1000365,1000365,1000312,1001719,1.843292893,1.840703830
7,1843550,1000208,1000208,1000208,1001302,1.843166621,1.841152819
7,1828625,1000208,1000208,986145,1001458,1.854316556,1.825962746
7,1844117,1000521,1000521,1000469,1001771,1.843252515,1.840856843
7,1843166,999948,999948,1000000,1001302,1.843166000,1.840769318
7,1843676,1000261,1000261,1000208,1001354,1.843292595,1.841183038
7,1835091,1000365,1000365,996458,1001511,1.841613997,1.832322361
7,1844196,1000573,1000573,1000573,1001614,1.843139881,1.841224264
7,1844008,1000469,1000469,1000469,1001563,1.843143566,1.841130313
7,1844245,1000573,1000573,1000573,1001614,1.843188853,1.841273185
7,1828925,1000625,1000625,986302,1002031,1.854325551,1.825217982
7,1843657,1000260,1000260,1000260,1001406,1.843177774,1.841068458
7,1843229,1000000,1000000,1000000,1001146,1.843229000,1.841119078
7,1843474,1000156,1000156,1000156,1001302,1.843186463,1.841076918
7,1836983,1000469,1000469,983021,1001666,1.868711859,1.833927676
7,1844086,1000468,1000468,1000469,1001563,1.843221529,1.841208192
7,1843260,1000052,1000052,1000052,1001146,1.843164155,1.841150042
7,1843858,1000364,1000364,1000365,1001511,1.843185237,1.841076134
7,1825183,1000156,1000156,984062,1001666,1.854743908,1.822147303
7,1843214,1000000,1000000,1000000,1001145,1.843214000,1.841105934
7,1843426,1000156,1000156,1000104,1001250,1.843234304,1.841124594
7,1843806,1000313,1000313,1000365,1001719,1.843133256,1.840641937
7,1838262,1000209,1000209,994896,1001406,1.847692623,1.835681032
7,1844027,1000417,1000417,1000365,1001511,1.843354176,1.841244879
7,1843387,1000104,1000104,1000105,1001197,1.843193465,1.841183104
7,1843896,1000364,1000364,1000365,1001459,1.843223224,1.841209675
7,1799150,1000573,1000573,958697,1002136,1.876661761,1.795315207
7,1843792,1000365,1000365,1000312,1001510,1.843216916,1.841012072
7,1843671,1000260,1000260,1000261,1001407,1.843189927,1.841080600
7,1843494,1000156,1000156,1000104,1001250,1.843302297,1.841192509
7,1836191,1000521,1000521,980468,1001718,1.872769943,1.833041834
7,1843446,1000156,1000156,1000156,1001510,1.843158467,1.840666593
7,1843951,1000417,1000417,1000365,1001510,1.843278203,1.841170832
7,1844220,1000573,1000573,1000573,1001667,1.843163867,1.841150802
7,1828018,1000208,1000208,981094,1001667,1.863244501,1.824975765
7,1844098,1000468,1000468,1000469,1001823,1.843233523,1.840742327
7,1843509,1000156,1000156,1000156,1001302,1.843221457,1.841111872
7,1843879,1000365,1000365,1000364,1001510,1.843208072,1.841098941
7,1836353,1000052,1000052,996771,1001250,1.842301792,1.834060424
7,1843633,1000261,1000261,1000260,1001354,1.843153780,1.841140096
7,1843735,1000313,1000313,1000260,1001354,1.843255754,1.841241958
7,1843587,1000208,1000208,1000156,1001354,1.843299445,1.841094159
7,1825056,1000260,1000260,974740,1001667,1.872351601,1.822018695
7,1843809,1000365,1000365,1000312,1001771,1.843233911,1.840549387
7,1843668,1000261,1000261,1000260,1001354,1.843188771,1.841175049
7,1843190,999948,999948,1000000,1001094,1.843190000,1.841175754
7,1836003,1000365,1000365,981145,1001614,1.871286099,1.833044466
7,1843955,1000417,1000417,1000416,1001562,1.843188234,1.841079234
7,1844027,1000417,1000417,1000417,1001562,1.843258361,1.841151122
7,1833346,1000052,1000052,1000000,1001563,1.833346000,1.830484952
7,1798526,1000260,1000260,956770,1002031,1.879789291,1.794880598
7,1844017,1000469,1000469,1000417,1001563,1.843248365,1.841139299
7,1844058,1000469,1000469,1000469,1001614,1.843193542,1.841086486
7,1842883,1000781,1000781,1000886,1002292,1.841251651,1.838668771
7,1836960,1000521,1000521,992813,1002031,1.850257803,1.833236696
7,1844003,1000417,1000417,1000417,1001771,1.843234371,1.840743044
7,1843391,1000105,1000105,1000052,1001250,1.843295149,1.841089638
7,1844036,1000469,1000469,1000469,1001563,1.843171553,1.841158270
7,1808878,1000469,1000469,961041,1001718,1.882206899,1.805775677
7,1843488,1000157,1000157,1000156,1001354,1.843200461,1.840995292
7,1844009,1000469,1000469,1000469,1001510,1.843144565,1.841228745
7,1844151,1000521,1000521,1000521,1001666,1.843190698,1.841083754
7,1954112,1000261,1000261,982083,1001406,1.989762576,1.951368376
7,2091342,1000312,1000312,1000313,1001250,2.090687615,2.088731086
7,2093434,1000312,1000312,1000313,1001093,2.092778960,2.091148375
7,2093664,1000417,1000417,1000468,1001406,2.092684624,2.090724441
7,2082212,1000313,1000313,986094,1001354,2.111575570,2.079396497
7,2093507,1000364,1000364,1000365,1001250,2.092743149,2.090893383
7,2094119,1000625,1000625,1000729,1001615,2.092593499,2.090742451
7,2093657,1000417,1000417,1000417,1001458,2.092784309,2.090608892
7,2086529,1000469,1000469,994063,1001510,2.098990708,2.083383092
7,1872027,1000365,1000365,1000364,1001458,1.871345830,1.869301558
7,1843756,1000313,1000313,1000260,1001406,1.843276748,1.841167319
7,1843605,1000209,1000209,1000208,1001094,1.843221610,1.841590300
7,1832497,1000573,1000573,986718,1001719,1.857163850,1.829352343
7,1843694,1000313,1000313,1000260,1001406,1.843214764,1.841105406
7,1843534,1000156,1000156,1000157,1001511,1.843244611,1.840752623
7,1843536,1000156,1000156,1000156,1001250,1.843248453,1.841234457
7,1833635,1000104,1000104,983126,1001407,1.865106812,1.831058700
7,1844165,1000521,1000521,1000520,1001562,1.843206533,1.841288907
7,1843817,1000365,1000365,1000312,1001302,1.843241909,1.841419472
7,1843997,1000469,1000469,1000417,1001510,1.843228374,1.841216763
7,1813310,1000364,1000364,966302,1001563,1.876545842,1.810480219
7,1843263,1000000,1000000,1000052,1000989,1.843167155,1.841441814
7,1843652,1000261,1000261,1000208,1001198,1.843268600,1.841445948
7,1843700,1000261,1000261,1000260,1001146,1.843220763,1.841589538
7,1840108,1000573,1000573,995938,1001614,1.847613004,1.837142851
7,1843948,1000417,1000417,1000417,1001302,1.843179394,1.841550302
7,1843619,1000208,1000208,1000208,1001198,1.843235607,1.841412987
7,1843492,1000156,1000156,1000156,1001094,1.843204460,1.841477424
7,1831639,1000521,1000521,988437,1001771,1.853066002,1.828400902
7,1843305,1000052,1000052,1000000,1001094,1.843305000,1.841290628
7,1844098,1000520,1000520,1000469,1001459,1.843233523,1.841411381
7,1844312,1000573,1000573,1000573,1001615,1.843255814,1.841338239
7,1802520,1000782,1000782,946614,1001979,1.904176359,1.798959858
7,1836368,1000260,1000260,1000261,1001406,1.835888833,1.833789692
7,1840105,1000416,1000416,1000521,1001563,1.839146805,1.837233404
7,1841591,1000156,1000156,1000104,1001198,1.841399494,1.839387414
7,1832589,1000729,1000729,987240,1001875,1.856275070,1.829159326
7,1843387,1000104,1000104,1000104,1001198,1.843195308,1.841181265
7,1844107,1000469,1000469,1000468,1001354,1.843244362,1.841613455
7,1844012,1000417,1000417,1000417,1001354,1.843243368,1.841518584
7,1838949,1000573,1000573,996199,1001615,1.845965515,1.835983886
7,1843945,1000417,1000417,1000416,1001510,1.843178238,1.841164841
7,1843912,1000365,1000365,1000573,1001666,1.842856043,1.840845152
7,1844082,1000520,1000520,1000573,1001667,1.843025946,1.841013031
7,1831674,1000469,1000469,982500,1001666,1.864299237,1.828627507
7,1844275,1000573,1000573,1000573,1001511,1.843218836,1.841492505
7,1843399,1000105,1000105,1000104,1001042,1.843207306,1.841480178
7,1843821,1000312,1000312,1000365,1001250,1.843148251,1.841519101
7,1987579,1000573,1000573,980052,1001667,2.028034227,1.984271220
7,2093337,1000208,1000208,1000208,1001198,2.092901676,2.090832183
7,2092501,1000521,1000521,1000625,1001562,2.091194004,2.089237611
7,2092976,1000052,1000052,1000052,1001041,2.092867171,2.090799478
7,2080152,1000573,1000573,984271,1001771,2.113393567,2.076474564
7,2093510,1000313,1000313,1000312,1001354,2.092857029,2.090679220
7,2093372,1000260,1000260,1000261,1001094,2.092825772,2.091084354
7,2093174,1000156,1000156,1000260,1001198,2.092629916,2.090669378
7,2087111,1000260,1000260,995679,1001250,2.096168544,2.084505368
7,2093038,1000105,1000105,1000104,1000938,2.092820347,2.091076570
7,2092760,1000000,1000000,1000000,1000834,2.092760000,2.091016093
7,1847635,1000260,1000260,1000313,1001146,1.847056871,1.845520034
7,1828004,1000625,1000625,983385,1001562,1.858889448,1.825153111
7,1842945,1000208,1000208,1000157,1001250,1.842655703,1.840644195
7,1843642,1000364,1000364,1000313,1001198,1.843065121,1.841435960
7,1843511,1000156,1000156,1000156,1000990,1.843223457,1.841687729
7,1836520,1000573,1000573,985729,1001718,1.863108420,1.833370270
7,1843324,1000416,1000416,1000313,1001302,1.842747220,1.840927113
7,1843639,1000365,1000365,1000364,1001198,1.842968160,1.841432963
7,1841780,1000104,1000104,1000156,1001093,1.841492727,1.839769132
7,1833970,1000573,1000573,987812,1001615,1.856598219,1.831012914
7,1843358,1000260,1000260,1000313,1001718,1.842781209,1.840196542
7,1843246,1000468,1000468,1000417,1001563,1.842477687,1.840369502
7,1843448,1000104,1000104,1000104,1001197,1.843256301,1.841244031
7,1837348,1000156,1000156,994480,1001511,1.847546456,1.834575956
7,1843613,1000313,1000313,1000313,1001406,1.843036130,1.841024520
7,1843603,1000208,1000208,1000209,1001302,1.843217767,1.841205750
7,1843934,1000416,1000416,1000417,1001458,1.843165400,1.841249458
7,1827954,1000417,1000417,981667,1001719,1.862091728,1.824817139
7,1842854,1000053,1000053,1000000,1001354,1.842854000,1.840362150
7,1843249,1000417,1000417,1000468,1001511,1.842386763,1.840468053
7,1843908,1000417,1000417,1000417,1001510,1.843139411,1.841127897
7,1834881,1000260,1000260,979427,1001563,1.873422930,1.832017557
7,1843759,1000312,1000312,1000313,1001354,1.843182084,1.841265926
7,1843877,1000573,1000573,1000573,1001719,1.842821064,1.840712815
7,1843831,1000416,1000416,1000469,1001458,1.842966649,1.841146608
7,1831050,1000052,1000052,984689,1001250,1.859521128,1.828764045
7,1843833,1000364,1000364,1000365,1001354,1.843160247,1.841339826
7,1843992,1000521,1000521,1000520,1001458,1.843033623,1.841307374
7,1843953,1000417,1000417,1000416,1001302,1.843186235,1.841555295
7,1838197,1000104,1000104,995520,1001197,1.846469182,1.835999309
7,1843367,1000156,1000156,1000261,1001302,1.842886007,1.840970057
7,1834448,1000416,1000416,1000469,1001615,1.833588047,1.831490143
7,1838552,1000313,1000313,1000364,1001406,1.837883011,1.835970625
7,1831937,1000000,1000000,985365,1001094,1.859145596,1.829935051
7,1843867,1000365,1000365,1000364,1001302,1.843196077,1.841469407
7,1844065,1000469,1000469,1000416,1001406,1.843298188,1.841475885
7,1844231,1000573,1000573,1000573,1001458,1.843174861,1.841546026
7,1838748,1000677,1000677,981718,1001771,1.872990003,1.835497334
7,1843930,1000417,1000417,1000416,1001354,1.843163244,1.841436695
7,1843267,1000365,1000365,1000573,1001510,1.842211413,1.840487863
7,1843183,1000000,1000000,1000000,1000937,1.843183000,1.841457554
7,1833570,1000625,1000625,986614,1001719,1.858447174,1.830423502
7,1843997,1000416,1000416,1000365,1001458,1.843324187,1.841312367
7,1843740,1000312,1000312,1000261,1001302,1.843258909,1.841342572
7,1843760,1000312,1000312,1000313,1001198,1.843183084,1.841553819
7,1838831,1000521,1000521,997812,1001562,1.842863185,1.835963225
7,1844192,1000521,1000521,1000521,1001406,1.843231676,1.841602707
7,1843525,1000208,1000208,1000208,1001250,1.843141627,1.841223471
7,1844090,1000520,1000520,1000469,1001354,1.843225527,1.841596478
7,1826446,1000364,1000364,979999,1001406,1.863722310,1.823881622
7,1843094,999948,999948,999948,1000937,1.843189846,1.841368638
7,1843157,999948,999948,1000000,1000886,1.843157000,1.841525408
7,1842047,1000208,1000208,1000208,1001197,1.841663934,1.839844706
7,1834242,1000104,1000104,980627,1001250,1.870478786,1.831952060
7,1843302,1000000,1000000,1000000,1000938,1.843302000,1.841574603
7,1843707,1000261,1000261,1000260,1001198,1.843227761,1.841500882
7,1843818,1000313,1000313,1000312,1001250,1.843242908,1.841516105
7,1832249,1000625,1000625,984895,1001718,1.860349580,1.829106595
7,1843681,1000260,1000260,1000209,1001510,1.843295751,1.840901239
7,1844051,1000469,1000469,1000469,1001511,1.843186546,1.841268843
7,1844099,1000521,1000521,1000468,1001511,1.843236365,1.841316770
7,1836556,1000469,1000469,992188,1001771,1.851016138,1.833309209
7,1844043,1000469,1000469,1000468,1001459,1.843180392,1.841356461
7,1843535,1000209,1000209,1000208,1001458,1.843151624,1.840851039
7,1856872,1011875,1011875,1001771,1013021,1.853589293,1.833004449
7,1838234,1000157,1000157,995522,1001407,1.846502639,1.835651239
7,1843859,1000365,1000365,1000365,1001406,1.843186237,1.841270174
7,1843722,1000260,1000260,1000313,1001302,1.843145096,1.841324595
7,1834762,1000417,1000417,980158,1001614,1.871904326,1.831805466
7,1844031,1000417,1000417,1000468,1001563,1.843168397,1.841153277
7,1843596,1000208,1000208,1000209,1001354,1.843210769,1.841103146
7,1844191,1000520,1000520,1000521,1001614,1.843230677,1.841219272
7,1835496,1000156,1000156,992344,1001355,1.849656974,1.833012268
7,1837094,1000625,1000625,992760,1001875,1.850491559,1.833655895
7,1844081,1000521,1000521,1000469,1001928,1.843216531,1.840532453
7,1843645,1000260,1000260,1000261,1001406,1.843163934,1.841056475
7,1837851,1000260,1000260,996615,1001458,1.844093256,1.835175314
7,1843754,1000261,1000261,1000313,1001718,1.843177086,1.840591863
7,1843716,1000261,1000261,1000312,1001459,1.843140940,1.841029937
7,1843113,999948,999948,999896,1001094,1.843304704,1.841098838
7,1837242,1000521,1000521,990728,1001667,1.854436334,1.834184415
7,1835567,1000052,1000052,992344,1001510,1.849728522,1.832799473
7,1844170,1000521,1000521,1000521,1001614,1.843209688,1.841198306
7,1843949,1000417,1000417,1000416,1001563,1.843182236,1.841071405
7,1836125,1000417,1000417,982604,1001563,1.868631717,1.833259615
7,1843469,1000156,1000156,1000156,1001250,1.843181464,1.841167541
7,1843453,1000104,1000104,1000104,1001302,1.843261301,1.841055945
7,1843721,1000260,1000260,1000261,1001354,1.843239914,1.841227977
7,1836460,1000156,1000156,991667,1001354,1.851891814,1.833976795
7,1837719,1000365,1000365,994375,1001719,1.848114645,1.834565382
7,1843218,1000000,1000000,1000000,1001041,1.843218000,1.841301205
7,1843551,1000209,1000209,1000156,1001459,1.843263451,1.840865178
7,1836791,1000521,1000521,991719,1001719,1.852128476,1.833638975
7,1844299,1000573,1000573,1000573,1001823,1.843242822,1.840942961
7,1843227,1000052,1000052,1000000,1001198,1.843227000,1.841021456
7,1843309,1000053,1000053,1000052,1001041,1.843213153,1.841392111
7,1844422,1010104,1010104,991875,1011146,1.859530687,1.824090685
7,1843693,1000260,1000260,1000208,1001510,1.843309592,1.840913221
7,1843245,1000000,1000000,1000000,1000990,1.843245000,1.841421992
7,1843751,1000312,1000312,1000261,1001250,1.843269907,1.841449189
7,1839683,1000886,1000886,986354,1001979,1.865134627,1.836049458
7,1843902,1000416,1000416,1000365,1001354,1.843229221,1.841408733
7,1843938,1000417,1000417,1000416,1001354,1.843171241,1.841444684
7,1843227,1000000,1000000,999947,1000938,1.843324696,1.841499673
7,1829778,1000104,1000104,981563,1001093,1.864147283,1.827780236
7,1843400,1000104,1000104,1000104,1001302,1.843208306,1.841003014
7,1843951,1000417,1000417,1000416,1001459,1.843184235,1.841264595
7,1843396,1000104,1000104,1000104,1001146,1.843204307,1.841285886
7,1838731,1000260,1000260,995678,1001458,1.846712491,1.836054033
7,1843377,1000104,1000104,1000052,1001146,1.843281149,1.841266908
7,1843666,1000260,1000260,1000209,1001302,1.843280754,1.841268668
7,1843154,1000000,1000000,1000000,1001041,1.843154000,1.841237272
7,1828264,1000260,1000260,985103,1001354,1.855911514,1.825791878
7,1843341,1000105,1000105,1000052,1001355,1.843245151,1.840846653
7,1843541,1000209,1000209,1000156,1001458,1.843253452,1.840857030
7,1843770,1000312,1000312,1000313,1001354,1.843193081,1.841276911
7,1835386,1000365,1000365,984584,1001563,1.864123325,1.832521768
7,1844000,1000417,1000417,1000416,1001563,1.843233215,1.841122326
7,1843692,1000313,1000313,1000260,1001407,1.843212765,1.841101570
7,1843604,1000209,1000209,1000156,1001355,1.843316443,1.841109297
7,1817721,1000208,1000208,975729,1001511,1.862936328,1.814978567
7,1843748,1000312,1000312,1000261,1001771,1.843266907,1.840488495
7,1844059,1000469,1000469,1000468,1001562,1.843196384,1.841183072
7,1843652,1000208,1000208,1000209,1001354,1.843266757,1.841159071
7,1836744,1000468,1000468,995886,1001666,1.844331580,1.833689074
7,1843264,1000000,1000000,1000052,1001459,1.843168155,1.840578596
7,1843894,1000364,1000364,1000417,1001510,1.843125417,1.841113918
7,1843766,1000312,1000312,1000313,1001406,1.843189082,1.841177305
7,1821164,1000469,1000469,979948,1001771,1.858429223,1.817944420
7,1843189,1000000,1000000,1000052,1001510,1.843093159,1.840409981
7,1844098,1000469,1000469,1000469,1001927,1.843233523,1.840551258
7,1843798,1000312,1000312,1000313,1001458,1.843221072,1.841113656
7,1835139,1000208,1000208,978281,1001719,1.875881265,1.831989810
7,1843871,1000364,1000364,1000365,1001614,1.843198233,1.840899788
7,1843217,1000052,1000052,1000000,1001094,1.843217000,1.841202724
7,1844033,1000468,1000468,1000417,1001718,1.843264359,1.840870385
7,1829012,1000417,1000417,983021,1001615,1.860603181,1.826062908
7,1843219,1000052,1000052,999947,1000990,1.843316696,1.841396018
7,1843605,1000260,1000260,1000209,1001458,1.843219767,1.840920937
7,1843333,1000052,1000052,1000052,1001094,1.843237152,1.841318597
7,1837982,1000260,1000260,996667,1001406,1.844128480,1.835401426
7,1843717,1000313,1000313,1000260,1001302,1.843237758,1.841319602
7,1843450,1000156,1000156,1000104,1001406,1.843258301,1.840861748
7,1843729,1000260,1000260,1000312,1001302,1.843153936,1.841331586
7,1827404,1000156,1000156,981251,1001354,1.862320650,1.824933041
7,1843773,1000313,1000313,1000312,1001302,1.843197922,1.841375529
7,1843634,1000261,1000261,1000208,1001302,1.843250604,1.841236710
7,1843530,1000157,1000157,1000156,1001250,1.843242454,1.841228464
7,1838150,1000417,1000417,984428,1001406,1.867226450,1.835569190
7,1843096,999948,999948,999948,1000886,1.843191846,1.841464462
7,1843318,1000052,1000052,1000052,1000989,1.843222152,1.841496760
7,1843387,1000104,1000104,1000104,1001042,1.843195308,1.841468190
7,1830333,1000625,1000625,987500,1001875,1.853501772,1.826907548
7,1843333,1000052,1000052,1000052,1001094,1.843237152,1.841318597
7,1844005,1000416,1000416,1000417,1001510,1.843236370,1.841224751
7,1843490,1000156,1000156,1000157,1001354,1.843200618,1.840997290
7,1836009,1000364,1000364,996771,1001458,1.841956678,1.833335996
7,1843268,1000052,1000052,1000000,1001094,1.843268000,1.841253668
7,1843744,1000260,1000260,1000261,1001302,1.843262908,1.841346567
7,1844060,1000468,1000468,1000417,1001511,1.843291348,1.841277829
7,1831699,1000573,1000573,987761,1001666,1.854394940,1.828652465
7,1843426,1000105,1000105,1000156,1001355,1.843138470,1.840931538
7,1843694,1000260,1000260,1000261,1001303,1.843212921,1.841294793
7,1843848,1000313,1000313,1000364,1001354,1.843177084,1.841354806
7,1836077,1000469,1000469,980209,1001667,1.873148482,1.833021353
7,1843840,1000312,1000312,1000365,1001718,1.843167244,1.840677716
7,1843920,1000417,1000417,1000365,1001406,1.843247215,1.841331088
7,1843924,1000417,1000417,1000364,1001458,1.843253056,1.841239473
7,1827743,1000365,1000365,981718,1001614,1.861780063,1.824797776
7,1843409,1000104,1000104,1000105,1001041,1.843215462,1.841492007
7,1843966,1000416,1000416,1000365,1001407,1.843293198,1.841375185
7,1844081,1000468,1000468,1000469,1001459,1.843216531,1.841394406
7,1835074,1000364,1000364,993073,1001510,1.847874225,1.832307216
7,1843581,1000209,1000209,1000208,1001146,1.843197615,1.841470675
7,1843831,1000313,1000313,1000364,1001302,1.843160090,1.841433454
7,1843343,1000052,1000052,1000052,1001146,1.843247151,1.841232947
7,1827901,1000520,1000520,985313,1001770,1.855147552,1.824671332
7,1843321,1000052,1000052,1000052,1001197,1.843225152,1.841117183
7,1843532,1000208,1000208,1000209,1001250,1.843146782,1.841230462
7,1843474,1000157,1000157,1000156,1001198,1.843186463,1.841268161
7,1834407,1000261,1000261,985520,1001458,1.861359485,1.831736328
7,1843293,1000052,1000052,1000052,1001614,1.843197154,1.840322719
7,1843279,1000052,1000052,1000000,1001198,1.843279000,1.841073394
7,1844002,1000469,1000469,1000416,1001562,1.843235214,1.841126161
7,1829800,1000573,1000573,984479,1001823,1.858648077,1.826470345
7,1843964,1000416,1000416,1000417,1001719,1.843195388,1.840799665
7,1843403,1000104,1000104,1000104,1001562,1.843211306,1.840528095
7,1844108,1000520,1000520,1000521,1001615,1.843147720,1.841134568
7,1828853,1000469,1000469,995989,1001666,1.836218071,1.825811199
7,1841093,1000208,1000208,1000469,1001875,1.840229932,1.837647411
7,1843877,1000364,1000364,1000365,1001511,1.843204230,1.841095105
7,1842393,1000104,1000104,1000104,1001250,1.842201411,1.840092884
7,1828705,1000260,1000260,985937,1001927,1.854788896,1.825187863
7,1844393,1000729,1000729,1000833,1002031,1.842857899,1.840654630
7,1843860,1000365,1000365,1000365,1001719,1.843187237,1.840695844
7,1843626,1000208,1000208,1000209,1001510,1.843240763,1.840846322
7,1803393,1000261,1000261,926874,1001823,1.945672227,1.800111397
7,1843438,1000156,1000156,1000104,1001563,1.843246302,1.840561203
7,1843877,1000365,1000365,1000312,1001822,1.843301890,1.840523566
7,1843330,1000052,1000052,1000053,1001250,1.843232309,1.841028714
7,1826393,1000312,1000312,980105,1001563,1.863466669,1.823542803
7,1843901,1000469,1000469,1000521,1001510,1.842940828,1.841120907
7,1843177,1000104,1000104,1000104,1001094,1.842985330,1.841162768
7,1843361,1000261,1000261,1000312,1001354,1.842786051,1.840868464
7,1838745,1000677,1000677,994270,1001875,1.849341728,1.835303805
7,1844062,1000573,1000573,1000521,1001510,1.843101744,1.841281665
7,1843854,1000364,1000364,1000313,1001303,1.843277054,1.841454585
7,1843531,1000209,1000209,1000104,1001146,1.843339293,1.841420732
7,1832623,1000365,1000365,984842,1001406,1.860829453,1.830049950
7,1843980,1000417,1000417,1000417,1001407,1.843211381,1.841389165
7,1844087,1000468,1000468,1000521,1001511,1.843126731,1.841304788
7,1843762,1000312,1000312,1000313,1001354,1.843185083,1.841268922
7,1870002,993749,993749,973543,1001198,1.920821166,1.867764418
7,2090034,1000313,1000313,1000364,1001250,2.089273504,2.087424719
7,2093523,1000313,1000313,1000416,1001302,2.092652457,2.090800777
7,2091810,1000208,1000208,1000209,1001041,2.091372903,2.089634690
7,2078504,1000312,1000312,983751,1001354,2.112835463,2.075693511
7,2092675,999948,999948,999948,1000938,2.092783825,2.090713910
7,2093415,1000313,1000313,1000312,1001198,2.092762058,2.090910090
7,2093696,1000417,1000417,1000416,1001250,2.092825385,2.091082147
7,2051855,1000312,1000312,996407,1001302,2.059253899,2.049186959
7,1841359,1000417,1000417,1000417,1001406,1.840591473,1.838773684
7,1843455,1000156,1000156,1000104,1001041,1.843263301,1.841537959
7,1840935,1000157,1000157,1000156,1001042,1.840647859,1.839018742
7,1826533,1000521,1000521,980104,1001614,1.863611413,1.823589726
7,1843604,1000209,1000209,1000208,1001146,1.843220610,1.841493648
7,1843957,1000416,1000416,1000417,1001302,1.843188390,1.841559290
7,1843388,1000104,1000104,1000156,1001094,1.843100476,1.841373537
7,1825562,1000573,1000573,975885,1001562,1.870673286,1.822714919
7,1841658,1000573,1000573,1000573,1001458,1.840603334,1.838976772
7,1844419,1000677,1000677,1000781,1001771,1.842979633,1.841158309
7,1843135,1000312,1000312,1000313,1001302,1.842558279,1.840738359
7,1834175,1000365,1000365,989010,1001354,1.854556577,1.831694885
7,1843752,1000260,1000260,1000313,1001302,1.843175086,1.841354556
7,1844510,1000729,1000729,1000781,1001719,1.843070562,1.841344728
7,1843771,1000313,1000313,1000260,1001406,1.843291744,1.841182298
7,1839749,1000521,1000521,995989,1001667,1.847157951,1.836687242
7,1843607,1000260,1000260,1000364,1001406,1.842936171,1.841018528
7,1843151,1000000,1000000,999948,1000989,1.843246849,1.841329925
7,1843830,1000313,1000313,1000313,1001250,1.843253062,1.841528090
7,1831005,1000261,1000261,984637,1001302,1.859573630,1.828624131
7,1844013,1000469,1000469,1000417,1001510,1.843244367,1.841232739
7,1843978,1000417,1000417,1000416,1001458,1.843211224,1.841293394
7,1844268,1000572,1000572,1000521,1001563,1.843307637,1.841389908
7,1835665,1000260,1000260,981041,1001354,1.871139942,1.833182870
7,1843458,1000156,1000156,1000104,1001094,1.843266300,1.841443461
7,1843915,1000416,1000416,1000365,1001302,1.843242217,1.841517344
7,1843399,1000104,1000104,1000104,1001093,1.843207306,1.841386365
7,1833300,1000261,1000261,988957,1001302,1.853771195,1.830916147
7,1844089,1000469,1000469,1000469,1001406,1.843224528,1.841499851
7,1843863,1000364,1000364,1000313,1001355,1.843286051,1.841367946
7,1841631,999948,999948,1000000,1000886,1.841631000,1.840000759
7,1838256,1000260,1000260,994324,1001302,1.848749502,1.835865703
7,1843722,1000261,1000261,1000260,1001198,1.843242757,1.841515864
7,1843710,1000312,1000312,1000260,1001146,1.843230760,1.841599527
7,1843703,1000260,1000260,1000313,1001198,1.843126102,1.841496887
7,1828632,1000312,1000312,983074,1001354,1.860116329,1.826159380
7,1843611,1000208,1000208,1000209,1001250,1.843225766,1.841309363
7,1844277,1000573,1000573,1000573,1001563,1.843220834,1.841398894
7,1844074,1000469,1000469,1000469,1001406,1.843209535,1.841484872
7,1835581,1000260,1000260,984064,1001406,1.865306525,1.833003797
7,1843541,1000208,1000208,1000157,1001145,1.843251609,1.841432560
7,1843638,1000208,1000208,1000208,1001198,1.843254603,1.841431965
7,1843271,1000052,1000052,1000000,1000989,1.843271000,1.841449806
7,1831613,1000730,1000730,985625,1001979,1.858326443,1.827995397
7,1833722,1000469,1000469,1000573,1001615,1.832671879,1.830765314
7,1841579,1000573,1000573,1000625,1001615,1.840428732,1.838609645
7,1841622,999948,999948,999896,1000938,1.841813549,1.839896177
7,1839339,1000417,1000417,995937,1001510,1.846842722,1.836565786
7,1844077,1000521,1000521,1000469,1001406,1.843212533,1.841487868
7,1843333,1000105,1000105,1000052,1000990,1.843237152,1.841509905
7,1843443,1000469,1000469,1000469,1001458,1.842578831,1.840759173
7,1834611,1000521,1000521,988698,1001614,1.855582797,1.831654709
7,1844169,1000521,1000521,1000730,1001771,1.842823739,1.840908751
7,1844003,1000417,1000417,1000469,1001511,1.843138568,1.841220915
7,1843466,1000156,1000156,1000313,1001302,1.842889176,1.841068928
7,1941418,1000261,1000261,975676,1001302,1.989818341,1.938893561
7,2092756,1000000,1000000,1000000,1000938,2.092756000,2.090794834
7,2093791,1000469,1000469,1000469,1001302,2.092809472,2.091068429
7,2093563,1000364,1000364,1000365,1001250,2.092799128,2.090949313
7,2073695,1000052,1000052,985311,1000990,2.104609611,2.071644072
7,2093546,1000365,1000365,1000364,1001250,2.092784227,2.090932335
7,2093438,1000313,1000313,1000312,1001094,2.092785051,2.091150282
7,2093416,1000260,1000260,1000313,1001094,2.092760966,2.091128306
7,2088239,1000052,1000052,997449,1001041,2.093579722,2.086067404
7,2091850,1000209,1000209,1000208,1001042,2.091414986,2.089672561
7,2092997,1000105,1000105,1000104,1000886,2.092779351,2.091144246
7,2092826,1000000,1000000,1000000,1000781,2.092826000,2.091192778
7,2062830,1000677,1000677,985833,1001667,2.092474080,2.059396985
7,1826889,1000157,1000157,1000156,1001250,1.826604050,1.824608240
7,1843214,1000000,1000000,999948,1000885,1.843309852,1.841584198
7,1842591,1000365,1000365,1000364,1001198,1.841920541,1.840386217
7,1838620,1000521,1000521,997552,1001771,1.843131987,1.835369561
7,1843871,1000365,1000365,1000417,1001198,1.843102426,1.841664686
7,1843211,1000052,1000052,1000000,1000833,1.843211000,1.841676883
7,1843977,1000417,1000417,1000416,1001250,1.843210225,1.841674906
7,1830431,1000521,1000521,984792,1001562,1.858698080,1.827576326
7,1844371,1000625,1000625,1000625,1001875,1.843218988,1.840919276
7,1843456,1000157,1000157,1000156,1001562,1.843168466,1.840581012
7,1843769,1000312,1000312,1000313,1001458,1.843192081,1.841084699
7,1837927,1000573,1000573,994323,1001979,1.848420483,1.834296926
7,1844022,1000417,1000417,1000469,1001614,1.843157559,1.841050544
7,1843789,1000312,1000312,1000313,1001459,1.843212075,1.841102831
7,1843137,1000000,1000000,999896,1001146,1.843328706,1.841027183
7,1825447,1000573,1000573,976876,1001875,1.868657844,1.822030692
7,1843425,1000156,1000156,1000104,1001667,1.843233304,1.840357125
7,1843394,1000104,1000104,1000052,1001354,1.843298148,1.840901419
7,1843415,1000104,1000104,1000104,1001250,1.843223305,1.841113608
7,1836922,1000417,1000417,978490,1001875,1.877302783,1.833484217
7,1843284,1000053,1000053,1000000,1001510,1.843284000,1.840504838
7,1844060,1000469,1000469,1000468,1001719,1.843197384,1.840895501
7,1843450,1000156,1000156,1000156,1001198,1.843162467,1.841244189
7,1820941,1000625,1000625,970938,1001979,1.875445188,1.817344475
7,1843795,1000312,1000312,1000261,1001614,1.843313895,1.840823910
7,1843592,1000208,1000208,1000208,1001250,1.843208613,1.841290387
7,1843328,1000052,1000052,1000105,1001094,1.843134471,1.841313603
7,1837194,1000365,1000365,994479,1001666,1.847393459,1.834138326
7,1843838,1000313,1000313,1000312,1001407,1.843262902,1.841247365
7,1843488,1000156,1000156,1000208,1001459,1.843104634,1.840802269
7,1843690,1000261,1000261,1000260,1001510,1.843210765,1.840910226
7,1830384,1000573,1000573,983906,1001823,1.860324055,1.827053282
7,1843241,1000000,1000000,1000000,1000990,1.843241000,1.841417996
7,1843932,1000417,1000417,1000416,1001407,1.843165243,1.841341233
7,1843450,1000104,1000104,1000156,1001145,1.843162467,1.841341664
7,1836475,1000208,1000208,986355,1001198,1.861880357,1.834277536
7,1843498,1000156,1000156,1000157,1001094,1.843208616,1.841483417
7,1843270,1000052,1000052,1000000,1000989,1.843270000,1.841448807
7,1843543,1000156,1000156,1000157,1001094,1.843253609,1.841528368
7,1830803,1000261,1000261,983073,1001406,1.862326602,1.828232505
7,1843200,1000000,1000000,1000000,1001198,1.843200000,1.840994489
7,1843370,1000104,1000104,1000052,1001146,1.843274150,1.841259916
7,1843656,1000261,1000261,1000208,1001406,1.843272599,1.841067459
7,1837624,1000573,1000573,992343,1001823,1.851803258,1.834280107
7,1844020,1000417,1000417,1000417,1001458,1.843251364,1.841335333
7,1843603,1000209,1000209,1000260,1001198,1.843123788,1.841397006
7,1843899,1000365,1000365,1000312,1001406,1.843323883,1.841310118
7,1829832,1000417,1000417,987241,1001771,1.853480558,1.826597097
7,1843241,1000000,1000000,1000000,1001094,1.843241000,1.841226698
7,1843479,1000156,1000156,1000156,1001146,1.843191462,1.841368791
7,1843107,999948,999948,999947,1001198,1.843204690,1.840901600
7,1835686,1000208,1000208,983125,1001406,1.867194914,1.833108649
7,1843330,1000052,1000052,1000052,1001145,1.843234152,1.841221801
7,1843527,1000156,1000156,1000156,1001250,1.843239455,1.841225468
7,1843454,1000104,1000104,1000104,1001302,1.843262301,1.841056944
7,1830500,1000417,1000417,986875,1001771,1.854844839,1.827263916
7,1843280,1000052,1000052,1000052,1001459,1.843184154,1.840594573
7,1843960,1000417,1000417,1000364,1001511,1.843289043,1.841177980
7,1844170,1000520,1000520,1000521,1001614,1.843209688,1.841198306
7,1836893,1000521,1000521,992500,1001667,1.850773804,1.833835995
7,1843908,1000364,1000364,1000365,1001771,1.843235219,1.840648212
7,1843491,1000157,1000157,1000156,1001302,1.843203460,1.841093896
7,1843495,1000157,1000157,1000156,1001302,1.843207460,1.841097891
7,1829259,1000104,1000104,982553,1001562,1.861740792,1.826406154
7,1843950,1000417,1000417,1000416,1001563,1.843183236,1.841072404
7,1843434,1000104,1000104,1000104,1001250,1.843242303,1.841132584
7,1843778,1000313,1000313,1000312,1001511,1.843202921,1.840996255
7,1837517,1000573,1000573,983907,1001875,1.867571834,1.834078104
7,1843623,1000209,1000209,1000208,1001303,1.843239606,1.841223885
7,1843630,1000208,1000208,1000209,1001354,1.843244762,1.841137100
7,1844002,1000469,1000469,1000417,1001823,1.843233372,1.840646501
7,1828036,1000521,1000521,981926,1002031,1.861684078,1.824330784
7,1843139,1000000,1000000,999948,1001094,1.843234848,1.841124809
7,1843129,999948,999948,1000000,1001146,1.843129000,1.841019192
7,1844153,1000521,1000521,1000521,1001667,1.843192697,1.841083913
7,1836425,1000573,1000573,992292,1001770,1.850690119,1.833180271
7,1843262,1000000,1000000,1000000,1001145,1.843262000,1.841153879
7,1844096,1000521,1000521,1000469,1001615,1.843231524,1.841122587
7,1843427,1000104,1000104,1000105,1001250,1.843233460,1.841125593
7,1828366,1000312,1000312,983335,1001875,1.859352103,1.824944230
7,1843373,1000104,1000104,1000052,1001250,1.843277150,1.841071660
7,1843320,1000052,1000052,1000104,1001354,1.843128315,1.840827520
7,1843406,1000104,1000104,1000104,1001146,1.843214306,1.841295875
7,1834464,1000573,1000573,981511,1001927,1.869020317,1.830935787
7,1843619,1000260,1000260,1000261,1001510,1.843137941,1.840839333
7,1843598,1000209,1000209,1000260,1001250,1.843118789,1.841296380
7,1843843,1000365,1000365,1000312,1001406,1.843267900,1.841254197
7,1829961,1000104,1000104,983022,1001354,1.861566679,1.827486583
7,1843923,1000417,1000417,1000364,1001302,1.843252056,1.841525334
7,1843939,1000416,1000416,1000365,1001302,1.843266208,1.841541313
7,1843685,1000260,1000260,1000208,1001146,1.843301593,1.841574556
7,1837923,1000521,1000521,997865,1001459,1.841855361,1.835245377
7,1843976,1000417,1000417,1000416,1001250,1.843209225,1.841673908
7,1843845,1000313,1000313,1000364,1001250,1.843174085,1.841543071
7,1843783,1000312,1000312,1000313,1001146,1.843206076,1.841672443
7,1830252,1000625,1000625,981250,1001771,1.865224968,1.827016354
7,1843298,1000052,1000052,1000052,1001093,1.843202153,1.841285475
7,1844098,1000469,1000469,1000469,1001511,1.843233523,1.841315772
7,1843712,1000260,1000260,1000261,1001302,1.843230917,1.841314608
7,1835347,1000625,1000625,984843,1001980,1.863593486,1.831720194
7,1843906,1000365,1000365,1000365,1001407,1.843233220,1.841315269
7,1843528,1000156,1000156,1000208,1001458,1.843144626,1.840844049
7,1843671,1000261,1000261,1000260,1001302,1.843191770,1.841273662
7,1827496,1000208,1000208,984478,1001511,1.856309638,1.824738820
7,1844002,1000416,1000416,1000417,1001563,1.843233372,1.841124323
7,1843865,1000365,1000365,1000312,1001407,1.843289894,1.841274327
7,1843464,1000157,1000157,1000156,1001146,1.843176464,1.841353809
7,1836746,1000417,1000417,996510,1001511,1.843178694,1.833974864
7,1843288,1000052,1000052,1000052,1001093,1.843192154,1.841275486
7,1843600,1000208,1000208,1000208,1001250,1.843216611,1.841298377
7,1843511,1000156,1000156,1000104,1001198,1.843319295,1.841305116
7,1830974,1000364,1000364,985209,1001666,1.858462519,1.827928671
7,1843881,1000364,1000364,1000365,1001406,1.843208229,1.841292143
7,1843235,1000052,1000052,1000000,1001094,1.843235000,1.841220705
7,1874328,1020104,1020104,1004426,1021302,1.866068780,1.835233849
7,1843664,1000208,1000208,1000261,1001354,1.843182929,1.841171054
7,1843762,1000312,1000312,1000312,1001458,1.843186926,1.841077709
7,1844111,1000521,1000521,1000469,1001615,1.843246517,1.841137563
7,1835957,1000156,1000156,992292,1001302,1.850218484,1.833569692
7,1836705,1000573,1000573,992188,1002083,1.851166311,1.832887096
7,1843797,1000313,1000313,1000312,1001458,1.843221915,1.841112658
7,1843124,999948,999948,999948,1001145,1.843219847,1.841016037
7,1833858,1000365,1000365,990677,1001511,1.851115954,1.831091221
7,1844043,1000469,1000469,1000468,1001614,1.843180392,1.841071511
7,1843848,1000365,1000365,1000313,1001511,1.843271056,1.841066149
7,1843912,1000416,1000416,1000365,1001458,1.843239218,1.841227490
7,1837392,1000625,1000625,992344,1001771,1.851567602,1.834143731
7,1834825,1000208,1000208,991198,1001354,1.851118545,1.832344006
7,1843905,1000417,1000417,1000365,1001198,1.843232220,1.841698645
7,1843095,999948,999948,999948,1000833,1.843190846,1.841560980
7,1835412,1000364,1000364,987135,1001354,1.859332310,1.832930212
7,1843407,1000104,1000104,1000104,1000938,1.843215306,1.841679505
7,1843310,1000053,1000053,1000052,1001093,1.843214153,1.841297462
7,1843412,1000104,1000104,1000104,1000938,1.843220305,1.841684500
7,1835269,1000261,1000261,987395,1001250,1.858697887,1.832977778
7,1827075,1000417,1000417,987917,1001666,1.849421561,1.824036156
7,1843942,1000364,1000364,1000365,1001563,1.843269207,1.841064416
7,1843401,1000104,1000104,1000104,1001198,1.843209306,1.841195248
7,1834758,1000312,1000312,995365,1001510,1.843301703,1.831991693
7,1843211,1000052,1000052,1000000,1001198,1.843211000,1.841005475
7,1836279,1000417,1000417,1000364,1001510,1.835610838,1.833510399
7,1840115,1000417,1000417,1000573,1001823,1.839061218,1.836766575
7,1855131,1016510,1016510,994323,1017916,1.865722708,1.822479458
7,1842668,1000104,1000104,1000104,1001198,1.842476382,1.840463125
7,1843429,1000104,1000104,1000104,1001250,1.843237303,1.841127591
7,1843850,1000312,1000312,1000469,1001719,1.842985640,1.840685861
7,1836259,1000365,1000365,977553,1001667,1.878423983,1.833203051
7,1843679,1000261,1000261,1000260,1001563,1.843199768,1.840801827
7,1843881,1000364,1000364,1000365,1001822,1.843208229,1.840527559
7,1843385,1000052,1000052,1000104,1001302,1.843193308,1.840988034
7,1826593,1000469,1000469,980261,1001719,1.863374142,1.823458475
7,1843785,1000313,1000313,1000312,1001562,1.843209919,1.840909499
7,1844259,1000573,1000573,1000521,1001562,1.843298641,1.841382760
7,1844019,1000469,1000469,1000313,1001459,1.843442003,1.841332496
7,1839367,1000521,1000521,995990,1001511,1.846772558,1.836591910
7,1844060,1000469,1000469,1000521,1001510,1.843099745,1.841279668
7,1844382,1000678,1000678,1000729,1001771,1.843038425,1.841121374
7,1842187,1000365,1000365,1000364,1001406,1.841516688,1.839600522
7,1832692,1000052,1000052,984689,1001094,1.861188660,1.830689226
7,1844001,1000468,1000468,1000417,1001458,1.843232372,1.841316361
7,1843572,1000209,1000209,1000156,1001146,1.843284448,1.841461685
7,1843777,1000312,1000312,1000313,1001198,1.843200078,1.841570798
7,1835631,1000156,1000156,977343,1001094,1.878185038,1.833625014
7,2089329,1000313,1000313,1000312,1001146,2.088677333,2.086937370
7,2093298,1000208,1000208,1000313,1001302,2.092643003,2.090576070
7,2092448,1000468,1000468,1000521,1001510,2.091358402,2.089293167
7,2082133,1000573,1000573,985158,1001458,2.113501591,2.079101670
7,2092955,1000104,1000104,1000104,1001042,2.092737355,2.090776411
7,2092803,1000000,1000000,1000000,1000781,2.092803000,2.091169796
7,2093553,1000364,1000364,1000365,1001146,2.092789132,2.091156535
7,2088597,1000104,1000104,997292,1001042,2.094268278,2.086422947
7,2093309,1000260,1000260,1000261,1001094,2.092762789,2.091021423
7,2093275,1000208,1000208,1000208,1001146,2.092839689,2.090878853
7,1827940,1000260,1000260,1000313,1001198,1.827368034,1.825752748
7,1834393,1000729,1000729,982031,1001771,1.867958343,1.831150033
7,1843511,1000156,1000156,1000156,1001198,1.843223457,1.841305116
7,1843930,1000365,1000365,1000364,1001250,1.843259054,1.841627965
7,1843802,1000313,1000313,1000312,1001302,1.843226913,1.841404491
7,1835163,1000104,1000104,977292,1001198,1.877804177,1.832967105
7,1843566,1000209,1000209,1000208,1001094,1.843182618,1.841551343
7,1843364,1000104,1000104,1000104,1000990,1.843172310,1.841540875
7,1843990,1000469,1000469,1000417,1001355,1.843221377,1.841494775
7,1826975,1000261,1000261,981198,1001355,1.861984024,1.824502799
7,1833806,1000209,1000209,1000260,1001406,1.833329334,1.831231289
7,1840774,1000521,1000521,1000573,1001511,1.839719841,1.837996787
7,1843579,1000208,1000208,1000209,1001198,1.843193773,1.841373035
7,1839471,1000417,1000417,995885,1001407,1.847071700,1.836886501
7,1843368,1000104,1000104,1000104,1000989,1.843176310,1.841546710
7,1844077,1000469,1000469,1000468,1001406,1.843214376,1.841487868
7,1843775,1000261,1000261,1000312,1001302,1.843199922,1.841377526
7,1834468,1000469,1000469,988698,1001563,1.855438162,1.831605201
7,1844082,1000468,1000468,1000729,1001666,1.842738644,1.841014869
7,1843570,1000209,1000209,1000208,1001354,1.843186617,1.841077181
7,1843749,1000261,1000261,1000260,1001250,1.843269750,1.841447191
7,1857015,1000312,1000312,978387,1001302,1.898037280,1.854600310
7,2090588,1000208,1000208,1000209,1001041,2.090151158,2.088413961
7,2093612,1000417,1000417,1000416,1001302,2.092741420,2.090889662
7,2093526,1000364,1000364,1000365,1001302,2.092762142,2.090803773
7,2074779,1000469,1000469,977656,1001615,2.122197378,2.071433635
7,2092381,1000156,1000156,1000261,1001250,2.091835031,2.089768789
7,2092782,1000312,1000312,1000417,1001406,2.091909674,2.089843680
7,2093974,1000573,1000573,1000625,1001511,2.092666084,2.090814779
7,2086320,1000157,1000157,995573,1001146,2.095597209,2.083931814
7,2093672,1000312,1000312,1000365,1001146,2.092908089,2.091275398
7,2093237,1000208,1000208,1000209,1001146,2.092799605,2.090840896
7,2093461,1000313,1000313,1000312,1001094,2.092808044,2.091173256
7,2083450,1000416,1000416,986875,1001302,2.111158961,2.080740875
7,1997819,1000000,1000000,1000052,1000937,1.997715119,1.995948796
7,1840291,1000208,1000208,1000157,1001042,1.840002120,1.838375413
7,1844075,1000469,1000469,1000469,1001302,1.843210534,1.841677136
7,1838269,1000677,1000677,985156,1001771,1.865967420,1.835019181
7,1843958,1000417,1000417,1000364,1001406,1.843287044,1.841369035
7,1843404,1000156,1000156,1000104,1000989,1.843212306,1.841582675
7,1841913,1000104,1000104,1000104,1000990,1.841721461,1.840091310
7,1832714,1000260,1000260,988437,1001302,1.854153578,1.830330909
7,1843812,1000312,1000312,1000313,1001250,1.843235067,1.841510112
7,1843970,1000417,1000417,1000416,1001458,1.843203227,1.841285406
7,1843967,1000417,1000417,1000468,1001302,1.843104427,1.841569277
7,1839238,1000260,1000260,995676,1001354,1.847225403,1.836751039
7,1843674,1000261,1000261,1000260,1001146,1.843194769,1.841563568
7,1843583,1000208,1000208,1000209,1001146,1.843197772,1.841472672
7,1843745,1000261,1000261,1000312,1001198,1.843169931,1.841538836
7,1833724,1000521,1000521,986041,1001563,1.859683319,1.830862362
7,1843303,1000052,1000052,1000052,1001042,1.843207153,1.841384278
7,1843630,1000260,1000260,1000260,1001198,1.843150781,1.841423974
7,1844215,1000521,1000521,1000521,1001510,1.843254664,1.841434434
7,1836590,1000365,1000365,986561,1001406,1.861608152,1.834011380
7,1844365,1000625,1000625,1000625,1001615,1.843212992,1.841391153
7,1843255,1000000,1000000,1000053,1000989,1.843157313,1.841433822
7,1842517,1000365,1000365,1000312,1001354,1.841942314,1.840025605
7,1832589,1000313,1000313,988541,1001406,1.853832062,1.830015998
7,1844000,1000468,1000468,1000417,1001302,1.843231373,1.841602234
7,1843580,1000208,1000208,1000208,1001093,1.843196615,1.841567167
7,1843595,1000208,1000208,1000208,1001146,1.843211612,1.841484659
7,1837418,1000573,1000573,997708,1001510,1.841639037,1.834647682
7,1843862,1000365,1000365,1000364,1001250,1.843191078,1.841560050
7,1843264,1000000,1000000,1000000,1000989,1.843264000,1.841442813
7,1843600,1000209,1000209,1000208,1001146,1.843216611,1.841489653
7,1830658,1000677,1000677,987604,1001875,1.853635668,1.827231940
7,1843829,1000313,1000313,1000312,1001406,1.843253905,1.841240216
7,1843429,1000157,1000157,1000104,1001250,1.843237303,1.841127591
7,1843889,1000365,1000365,1000416,1001354,1.843122261,1.841395750
7,1835908,1000417,1000417,981824,1001562,1.869895215,1.833044784
7,1843412,1000104,1000104,1000052,1001250,1.843316148,1.841110612
7,1843388,1000104,1000104,1000104,1001146,1.843196308,1.841277896
7,1844157,1000520,1000520,1000521,1001511,1.843196695,1.841374683
7,1830048,1000469,1000469,981927,1001666,1.863731214,1.827004211
7,1843689,1000313,1000313,1000208,1001510,1.843305592,1.840909227
7,1843483,1000156,1000156,1000104,1001146,1.843291298,1.841372787
7,1842371,1000261,1000261,1000312,1001354,1.841796360,1.839879803
7,1835580,1000053,1000053,988176,1001406,1.857543595,1.833002798
7,1843505,1000156,1000156,1000156,1001146,1.843217458,1.841394762
7,1843604,1000209,1000209,1000208,1001198,1.843220610,1.841398005
7,1843485,1000156,1000156,1000104,1001146,1.843293297,1.841374784
7,1827977,1000833,1000833,980885,1002240,1.863599708,1.823891483
7,1843930,1000364,1000364,1000365,1001719,1.843257211,1.840765724
7,1843621,1000261,1000261,1000208,1001302,1.843237607,1.841223727
7,1843470,1000156,1000156,1000156,1001406,1.843182464,1.840881720
7,1836240,1000261,1000261,983802,1001406,1.866473132,1.833661871
7,1843681,1000260,1000260,1000209,1001355,1.843295751,1.841186193
7,1843344,1000104,1000104,1000052,1001197,1.843248151,1.841140155
7,1843680,1000260,1000260,1000261,1001406,1.843198925,1.841091425
7,1827145,1000521,1000521,984531,1001979,1.855853193,1.823536222
7,1844188,1000521,1000521,1000521,1001666,1.843227678,1.841120693
7,1843460,1000156,1000156,1000104,1001250,1.843268300,1.841158552
7,1843192,1000000,1000000,1000000,1001094,1.843192000,1.841177752
7,1837205,1000104,1000104,995469,1001614,1.845567265,1.834244529
7,1843359,1000052,1000052,1000000,1001459,1.843359000,1.840673457
7,1843642,1000209,1000209,1000208,1001354,1.843258602,1.841149084
7,1843500,1000157,1000157,1000104,1001250,1.843308296,1.841198502
7,1827890,1000157,1000157,979948,1001666,1.865292852,1.824849800
7,1844191,1000573,1000573,1000573,1001667,1.843134884,1.841121850
7,1843285,1000052,1000052,1000000,1001145,1.843285000,1.841176853
7,1843570,1000208,1000208,1000208,1001302,1.843186617,1.841172793
7,1832925,1000156,1000156,969217,1001771,1.891139961,1.829684629
7,1844048,1000469,1000469,1000468,1001667,1.843185389,1.840979088
7,1843437,1000104,1000104,1000104,1001198,1.843245302,1.841231205
7,1843632,1000209,1000209,1000260,1001562,1.843152780,1.840756738
7,1820687,1000260,1000260,973699,1001511,1.869866355,1.817940093
7,1843560,1000209,1000209,1000208,1001615,1.843176619,1.840587451
7,1843261,1000052,1000052,1000052,1001145,1.843165155,1.841152880
7,1843193,1000000,1000000,1000000,1001146,1.843193000,1.841083119
7,1836119,1000364,1000364,996563,1001562,1.842451506,1.833255455
7,1844039,1000417,1000417,1000468,1001615,1.843176393,1.841065679
7,1843517,1000209,1000209,1000208,1001302,1.843133628,1.841119862
7,1844112,1000468,1000468,1000521,1001563,1.843151718,1.841234151
7,1817428,1000260,1000260,975312,1001510,1.863432420,1.814687821
7,1843357,1000104,1000104,1000105,1001355,1.843163468,1.840862631
7,1843599,1000208,1000208,1000208,1001511,1.843215611,1.840817525
7,1843398,1000105,1000105,1000104,1001510,1.843206307,1.840618666
7,1831795,1000364,1000364,973595,1001875,1.881475357,1.828366812
7,1843859,1000364,1000364,1000313,1001510,1.843282053,1.841078971
7,1843284,1000052,1000052,1000052,1001094,1.843188154,1.841269651
7,1843252,1000052,1000052,1000000,1001041,1.843252000,1.841335170
7,1830013,1000677,1000677,980938,1001875,1.865574583,1.826588147
7,1843590,1000208,1000208,1000208,1001459,1.843206613,1.840904121
7,1843227,1000000,1000000,1000052,1001041,1.843131157,1.841310196
7,1843902,1000364,1000364,1000313,1001354,1.843325039,1.841408733
7,1838706,1000364,1000364,997344,1001771,1.843602609,1.835455408
7,1843918,1000365,1000365,1000417,1001354,1.843149407,1.841424711
7,1843136,999947,999947,999896,1000990,1.843327706,1.841313100
7,1843703,1000260,1000260,1000261,1001250,1.843221919,1.841401248
7,1829276,1000156,1000156,984999,1001302,1.857134880,1.826897380
7,1843736,1000312,1000312,1000313,1001198,1.843159091,1.841529847
7,1843428,1000104,1000104,1000156,1001094,1.843140470,1.841413494
7,1843578,1000208,1000208,1000208,1001042,1.843194616,1.841658991
7,1838200,1000468,1000468,988179,1001407,1.860189298,1.835617286
7,1843191,1000000,1000000,1000000,1000885,1.843191000,1.841561218
7,1843731,1000313,1000313,1000260,1001250,1.843251755,1.841429213
7,1843537,1000208,1000208,1000156,1001042,1.843249453,1.841618034
7,1825598,1000468,1000468,984897,1001719,1.853592812,1.822465182
7,1843302,1000104,1000104,1000052,1001198,1.843206153,1.841096367
7,1844150,1000521,1000521,1000520,1001667,1.843191540,1.841080918
7,1843798,1000312,1000312,1000313,1001458,1.843221072,1.841113656
7,1839068,1000416,1000416,995781,1001615,1.846859902,1.836102694
7,1843817,1000365,1000365,1000313,1001458,1.843240066,1.841132629
7,1843430,1000156,1000156,1000104,1001198,1.843238303,1.841224213
7,1843776,1000313,1000313,1000260,1001406,1.843296743,1.841187291
7,1828544,1000209,1000209,983229,1001770,1.859733592,1.825313196
7,1843965,1000417,1000417,1000417,1001563,1.843196387,1.841087380
7,1843977,1000417,1000417,1000468,1001563,1.843114422,1.841099362
7,1843632,1000208,1000208,1000261,1001302,1.843150938,1.841234712
7,1834642,1000416,1000416,981355,1001614,1.869498805,1.831685659
7,1843289,1000052,1000052,1000052,1001197,1.843193154,1.841085221
7,1843849,1000313,1000313,1000364,1001459,1.843178083,1.841162744
7,1843215,1000000,1000000,1000000,1001146,1.843215000,1.841105094
7,1823945,1000104,1000104,984166,1001615,1.853289994,1.821004078
7,1843660,1000260,1000260,1000261,1001354,1.843178930,1.841167060
7,1844080,1000469,1000469,1000468,1001615,1.843217374,1.841106613
7,1843177,1000000,1000000,1000000,1001511,1.843177000,1.840396161
7,1835906,1000573,1000573,990469,1002083,1.853572399,1.832089757
7,1843541,1000208,1000208,1000156,1001354,1.843253452,1.841048221
7,1843648,1000260,1000260,1000260,1001406,1.843168776,1.841059470
7,1843564,1000156,1000156,1000156,1001250,1.843276449,1.841262422
7,1829271,1000260,1000260,987083,1001354,1.853208899,1.826797516
7,1843749,1000313,1000313,1000260,1001563,1.843269750,1.840871718
7,1843338,1000052,1000052,1000104,1001094,1.843146313,1.841323592
7,1843307,1000052,1000052,1000052,1001094,1.843211153,1.841292626
7,1835963,1000573,1000573,984218,1001719,1.865402787,1.832812395
7,1843566,1000209,1000209,1000156,1001458,1.843278449,1.840881994
7,1844003,1000416,1000416,1000417,1001510,1.843234371,1.841222754
7,1843960,1000416,1000416,1000417,1001406,1.843191389,1.841371032
7,1829135,1000677,1000677,986303,1002031,1.854536588,1.825427557
7,1843363,1000104,1000104,1000104,1001198,1.843171310,1.841157294
7,1843576,1000209,1000209,1000208,1001250,1.843192616,1.841274407
7,1843623,1000260,1000260,1000208,1001250,1.843239606,1.841321348
7,1835490,1000260,1000260,993698,1001406,1.847130617,1.832912924
7,1844080,1000469,1000469,1000469,1001511,1.843215532,1.841297799
7,1843649,1000260,1000260,1000260,1001250,1.843169776,1.841347316
7,1843484,1000156,1000156,1000104,1001406,1.843292298,1.840895701
7,1828245,1000260,1000260,983646,1001615,1.858641218,1.825297145
7,1843295,1000052,1000052,1000052,1001198,1.843199154,1.841089375
7,1844095,1000468,1000468,1000521,1001510,1.843134727,1.841314615
7,1843839,1000364,1000364,1000365,1001354,1.843166244,1.841345818
7,1838252,1000417,1000417,985157,1001563,1.865948270,1.835383296
7,1843688,1000260,1000260,1000313,1001354,1.843111106,1.841195022
7,1843791,1000312,1000312,1000313,1001458,1.843214074,1.841106666
7,1843334,1000104,1000104,1000052,1001198,1.843238152,1.841128328
7,1828815,1000521,1000521,984688,1002031,1.857253262,1.825108205
7,1843211,1000000,1000000,1000000,1001562,1.843211000,1.840336395
7,1844034,1000469,1000469,1000417,1001562,1.843265358,1.841158111
7,1843880,1000365,1000365,1000365,1001511,1.843207229,1.841098101
7,1836678,1000468,1000468,995885,1001614,1.844267159,1.833718379
7,1843302,1000052,1000052,1000052,1001198,1.843206153,1.841096367
7,1843825,1000365,1000365,1000364,1001459,1.843154092,1.841138779
7,1843528,1000209,1000209,1000156,1001302,1.843240454,1.841130848
7,1831574,1000573,1000573,983645,1002084,1.862027459,1.827764938
7,1843965,1000416,1000416,1000365,1001562,1.843292198,1.841089219
7,1843819,1000312,1000312,1000313,1001458,1.843242065,1.841134626
7,1843906,1000364,1000364,1000365,1001615,1.843233220,1.840932893
7,1834385,1000261,1000261,979636,1001718,1.872516935,1.831238932
7,1843225,1000000,1000000,1000052,1001093,1.843129157,1.841212555
7,1843869,1000364,1000364,1000313,1001458,1.843292050,1.841184553
7,1843364,1000052,1000052,1000052,1001198,1.843268150,1.841158292
7,1827333,1000365,1000365,980207,1001927,1.864231739,1.823818502
7,1843390,1000104,1000104,1000052,1001250,1.843294149,1.841088639
7,1840546,998593,998593,998542,1001198,1.843233434,1.838343664
7,1843895,1000417,1000417,1000364,1001406,1.843224066,1.841306124
7,1838389,1000625,1000625,997083,1001719,1.843767269,1.835234232
7,1843865,1000364,1000364,1000365,1001354,1.843192235,1.841371783
7,1831703,1000312,1000312,1000365,1001458,1.831034672,1.829036265
7,1843662,1000260,1000260,1000364,1001563,1.842991151,1.840784853
7,1826177,1000573,1000573,976927,1001771,1.869307533,1.822948558
7,1844108,1000521,1000521,1000625,1001771,1.842956152,1.840847858
7,1843832,1000364,1000364,1000365,1001354,1.843159247,1.841338827
7,1841639,1000156,1000156,1000156,1001250,1.841351749,1.839339825
7,1837134,1000105,1000105,981094,1001354,1.872536169,1.834649884
7,1843767,1000312,1000312,1000313,1001406,1.843190082,1.841178303
7,1844238,1000573,1000573,1000573,1001614,1.843181857,1.841266196
7,1843742,1000261,1000261,1000260,1001302,1.843262752,1.841344569
7,1826244,1000260,1000260,979426,1001458,1.864606412,1.823585213
7,1843739,1000260,1000260,1000365,1001458,1.843066281,1.841054742
7,1844001,1000417,1000417,1000469,1001615,1.843136569,1.841027740
7,1844049,1000469,1000469,1000573,1001562,1.842992965,1.841173088
7,1839171,1000052,1000052,995313,1001146,1.847831788,1.837065723
7,1843369,1000105,1000105,1000104,1001041,1.843177310,1.841452048
7,1843244,1000000,1000000,1000000,1000990,1.843244000,1.841420993
7,1843914,1000364,1000364,1000417,1001354,1.843145408,1.841420716
7,1832480,1000468,1000468,986302,1001562,1.857929924,1.829622130
7,1843352,1000104,1000104,1000052,1001094,1.843256151,1.841337577
7,1844512,1000729,1000729,1000834,1001823,1.842974959,1.841155573
7,1843535,1000209,1000209,1000260,1001302,1.843055805,1.841137839
7,1996594,1000417,1000417,982084,1001510,2.033017542,1.993583689
7,2093231,1000209,1000209,1000208,1001145,2.092795698,2.090836992
7,2093514,1000312,1000312,1000313,1001302,2.092858935,2.090791789
7,2093519,1000365,1000365,1000312,1001250,2.092866026,2.090905368
7,2082835,1000521,1000521,988801,1001511,2.106424852,2.079692585
7,2093388,1000625,1000625,1000729,1001614,2.091863032,2.090014716
7,2093833,1000468,1000468,1000573,1001510,2.092633921,2.090676079
7,2093650,1000416,1000416,1000469,1001354,2.092668538,2.090819031
7,2089020,1000417,1000417,995887,1001354,2.097647625,2.086195292
7,2093062,1000104,1000104,1000156,1000989,2.092735533,2.090994007
7,2093000,1000105,1000105,1000052,1000885,2.092891170,2.091149333
7,2092917,1000053,1000053,1000052,1000937,2.092808174,2.090957773
7,2080736,1000520,1000520,983750,1001458,2.115106480,2.077706704
7,2092936,1000104,1000104,1000052,1000885,2.092827173,2.091085389
7,1930121,1000104,1000104,1000053,1000938,1.930018709,1.928312243
7,1842775,1000469,1000469,1000469,1001354,1.841911144,1.840283256
7,1834377,1000313,1000313,974532,1001406,1.882315819,1.831801487
7,1843886,1000364,1000364,1000365,1001250,1.843213227,1.841584020
7,1844216,1000573,1000573,1000521,1001510,1.843255664,1.841435432
7,1843702,1000260,1000260,1000261,1001198,1.843220919,1.841495888
7,1832238,1000469,1000469,987708,1001510,1.855040154,1.829475492
7,1836176,1000104,1000104,1000105,1001094,1.835983222,1.834169419
7,1835929,1000209,1000209,1000208,1001093,1.835547206,1.833924520
7,1836835,1000521,1000521,1000468,1001459,1.835975763,1.834158962
7,1830615,1000469,1000469,994948,1001407,1.839910226,1.828042944
7,1834948,1000521,1000521,1000625,1001562,1.833801874,1.832086281
7,1830394,1000417,1000417,1000468,1001510,1.829537776,1.827634272
7,1842139,1000208,1000208,1000208,1001146,1.841755915,1.840030325
7,1833315,1000521,1000521,986510,1001615,1.858384608,1.830358970
7,1843153,999948,999948,1000000,1000938,1.843153000,1.841425743
7,1843460,1000156,1000156,1000104,1001146,1.843268300,1.841349813
7,1843363,1000104,1000104,1000052,1001042,1.843267150,1.841444215
7,1836111,1000417,1000417,978489,1001615,1.876475872,1.833150462
7,1843926,1000365,1000365,1000416,1001406,1.843159246,1.841337080
7,1843637,1000208,1000208,1000416,1001511,1.842870366,1.840855467
7,1844274,1000573,1000573,1000677,1001771,1.843026271,1.841013565
7,1831672,1000365,1000365,984896,1001511,1.859761843,1.828908519
7,1843241,1000000,1000000,1000052,1001146,1.843145156,1.841131064
7,1843918,1000365,1000365,1000365,1001407,1.843245215,1.841327253
7,1844280,1000573,1000573,1000625,1001562,1.843128045,1.841403727
7,1839542,1000364,1000364,997397,1001458,1.844342824,1.836863853
7,1843323,1000104,1000104,1000052,1000990,1.843227152,1.841499915
7,1844160,1000520,1000520,1000677,1001614,1.842912348,1.841188322
7,1843143,999948,999948,999948,1000886,1.843238848,1.841511421
7,1830116,1000417,1000417,986510,1001563,1.855141864,1.827259993
7,1843355,1000104,1000104,1000052,1001041,1.843259151,1.841438063
7,1843810,1000312,1000312,1000313,1001198,1.843233068,1.841603759
7,1843855,1000365,1000365,1000416,1001250,1.843088275,1.841553059
7,2030523,1000000,1000000,972813,1000990,2.087269599,2.028514770
7,2093471,1000313,1000313,1000313,1001302,2.092815949,2.090748845
7,2092788,1000313,1000313,1000312,1001146,2.092135254,2.090392410
7,1833433,1000469,1000469,1000468,1001354,1.832575355,1.830953888
7,1839337,1000364,1000364,993906,1001510,1.850614646,1.836563789
7,1843837,1000313,1000313,1000364,1001250,1.843166088,1.841535081
7,1843405,1000104,1000104,1000157,1000990,1.843115631,1.841581834
7,1837086,1000417,1000417,991354,1001459,1.853107972,1.834409596
7,1843766,1000260,1000260,1000313,1001510,1.843189082,1.840986111
7,1843243,1000000,1000000,1000000,1001042,1.843243000,1.841324340
7,1844073,1000469,1000469,1000521,1001355,1.843112738,1.841577662
7,1837434,1000313,1000313,991510,1001302,1.853167391,1.835044772
7,1838698,1000521,1000521,994896,1001771,1.848130860,1.835447423
7,1843697,1000260,1000260,1000261,1001407,1.843215921,1.841106563
7,1843241,1000000,1000000,1000052,1001145,1.843145156,1.841132903
7,1834277,1000156,1000156,974322,1001354,1.882618888,1.831796747
7,1843499,1000156,1000156,1000156,1001562,1.843211459,1.840623945
7,1844019,1000417,1000417,1000469,1001563,1.843154561,1.841141296
7,1844015,1000417,1000417,1000417,1001562,1.843246366,1.841139141
7,1835392,1000521,1000521,989583,1001823,1.854712541,1.832052169
7,1834152,1000365,1000365,990521,1001875,1.851704305,1.830719401
7,1844167,1000469,1000469,1000417,1001875,1.843398303,1.840715658
7,1843261,1000052,1000052,1000052,1001198,1.843165155,1.841055416
7,1834967,1000469,1000469,987499,1001719,1.858196312,1.831818105
7,1843579,1000208,1000208,1000209,1001719,1.843193773,1.840415326
7,1843889,1000365,1000365,1000364,1001510,1.843218069,1.841108926
7,1843702,1000261,1000261,1000260,1001406,1.843222762,1.841113395
7,1836057,1000209,1000209,990155,1001354,1.854312709,1.833574340
7,1835861,1000052,1000052,991875,1001407,1.850899559,1.833281573
7,1843367,1000104,1000104,1000156,1001354,1.843079480,1.840874456
7,1843259,1000052,1000052,1000052,1001146,1.843163156,1.841149043
7,1837516,1000573,1000573,996250,1001770,1.844432622,1.834269343
7,1842973,999896,999896,999948,1001042,1.843068840,1.841054621
7,1843403,1000104,1000104,1000104,1001146,1.843211306,1.841292878
7,1843192,1000000,1000000,1000000,1001250,1.843192000,1.840890886
7,1837335,1002135,1002135,995990,1013437,1.844732377,1.812974067
7,1844081,1000468,1000468,1000469,1001719,1.843216531,1.840916465
7,1843667,1000261,1000261,1000208,1001302,1.843283597,1.841269667
7,1843914,1000365,1000365,1000364,1001406,1.843243060,1.841325097
7,1836808,1000365,1000365,993698,1001510,1.848456976,1.834038602
7,1843376,1000105,1000105,1000104,1001146,1.843184309,1.841265909
7,1843325,1000052,1000052,1000052,1001094,1.843229152,1.841310606
7,1843618,1000208,1000208,1000209,1001459,1.843232764,1.840932080
7,1827519,1000312,1000312,981667,1001458,1.861648604,1.824858357
7,1844009,1000417,1000417,1000417,1001771,1.843240369,1.840749033
7,1843887,1000365,1000365,1000364,1001406,1.843216069,1.841298135
7,1843785,1000313,1000313,1000312,1001302,1.843209919,1.841387513
7,1831441,1000625,1000625,976353,1001927,1.875797995,1.827918601
7,1843444,1000104,1000104,1000156,1001562,1.843156468,1.840569031
7,1844129,1000520,1000520,1000469,1001615,1.843264509,1.841155534
7,1843867,1000365,1000365,1000364,1001510,1.843196077,1.841086959
7,1830104,1000729,1000729,984583,1001927,1.858760511,1.826584172
7,1843887,1000364,1000364,1000365,1001823,1.843214227,1.840531711
7,1843460,1000156,1000156,1000157,1001303,1.843170622,1.841061097
7,1843189,1000000,1000000,1000000,1001094,1.843189000,1.841174755
7,1836455,1000573,1000573,996666,1001823,1.842598222,1.833113235
7,1843365,1000104,1000104,1000104,1001198,1.843173310,1.841159291
7,1843691,1000260,1000260,1000261,1001354,1.843209922,1.841198018
7,1844023,1000416,1000416,1000417,1001563,1.843254363,1.841145290
7,1828512,1000312,1000312,983749,1001562,1.858718027,1.825660319
7,1843361,1000104,1000104,1000052,1001510,1.843265150,1.840581722
7,1843235,1000052,1000052,1000000,1001094,1.843235000,1.841220705
7,1843182,999948,999948,1000000,1001250,1.843182000,1.840880899
7,1833648,1000157,1000157,982499,1001458,1.866310296,1.830978433
7,1843275,1000000,1000000,1000000,1001145,1.843275000,1.841166864
7,1843211,1000000,1000000,1000000,1001094,1.843211000,1.841196731
7,1843209,1000000,1000000,1000052,1001198,1.843113158,1.841003478
7,1822869,1000573,1000573,978385,1001823,1.863140788,1.819551957
7,1843974,1000417,1000417,1000416,1001927,1.843207226,1.840427496
7,1843841,1000365,1000365,1000313,1001510,1.843264058,1.841060998
7,1843729,1000260,1000260,1000313,1001459,1.843152093,1.841042918
7,1838000,1000469,1000469,995989,1001718,1.845401907,1.834847732
7,1843544,1000156,1000156,1000157,1001303,1.843254609,1.841144988
7,1843385,1000104,1000104,1000105,1001563,1.843191465,1.840508286
7,1844110,1000469,1000469,1000521,1001562,1.843149719,1.841233993
7,1828870,1000468,1000468,980730,1001823,1.864804788,1.825542037
7,1843558,1000209,1000209,1000156,1001302,1.843270450,1.841160809
7,1843322,1000052,1000052,1000052,1001198,1.843226152,1.841116343
7,1843808,1000312,1000312,1000365,1001458,1.843135256,1.841123642
7,1836242,1000521,1000521,983438,1001719,1.867166003,1.833090917
7,1843341,1000052,1000052,1000052,1001406,1.843245151,1.840752901
7,1843434,1000104,1000104,1000104,1001250,1.843242303,1.841132584
7,1843365,1000105,1000105,1000104,1001250,1.843173310,1.841063670
7,1829255,1000157,1000157,984948,1001406,1.857209721,1.826686679
7,1843659,1000156,1000156,1000156,1001563,1.843371434,1.840781858
7,1843574,1000209,1000209,1000208,1001302,1.843190616,1.841176788
7,1843155,999948,999948,1000000,1001094,1.843155000,1.841140792
7,1835294,1000104,1000104,989479,1001354,1.854808440,1.832812372
7,1843738,1000261,1000261,1000260,1001770,1.843258753,1.840480350
7,1843284,1000052,1000052,1000052,1001146,1.843188154,1.841174015
7,1843413,1000104,1000104,1000104,1001197,1.843221305,1.841209073
7,1827568,1000208,1000208,982395,1001615,1.860318914,1.824621237
7,1843703,1000260,1000260,1000261,1001302,1.843221919,1.841305620
7,1843379,1000105,1000105,1000104,1001094,1.843187309,1.841364547
7,1843497,1000156,1000156,1000156,1000989,1.843209459,1.841675583
7,1837282,1000572,1000572,987709,1001563,1.860145043,1.834414810
7,1843989,1000417,1000417,1000416,1001302,1.843222220,1.841591248
7,1843760,1000313,1000313,1000312,1001146,1.843184926,1.841649470
7,1843335,1000052,1000052,1000052,1000937,1.843239152,1.841609412
7,1833573,1000833,1000833,987708,1002083,1.856391768,1.829761607
7,1843170,1000000,1000000,999948,1001094,1.843265850,1.841155776
7,1843711,1000260,1000260,1000312,1001407,1.843135942,1.841120543
7,1843820,1000365,1000365,1000312,1001458,1.843244908,1.841135624
7,1839007,1000573,1000573,996302,1001927,1.845832890,1.835470049
7,1843253,1000052,1000052,1000000,1001146,1.843253000,1.841143050
7,1843577,1000209,1000209,1000156,1001302,1.843289447,1.841179784
7,1843232,1000000,1000000,1000000,1001146,1.843232000,1.841122074
7,1830712,1000417,1000417,982915,1001875,1.862533383,1.827285839
7,1843382,1000104,1000104,1000052,1001198,1.843286149,1.841176271
7,1843218,1000053,1000053,1000000,1001198,1.843218000,1.841012467
7,1843469,1000157,1000157,1000156,1001250,1.843181464,1.841167541
7,1835332,1000521,1000521,983803,1001770,1.865548286,1.832089202
7,1843371,1000104,1000104,1000104,1001197,1.843179309,1.841167123
7,1844090,1000469,1000469,1000469,1001667,1.843225527,1.841021018
7,1843342,1000105,1000105,1000052,1001302,1.843246151,1.840945089
7,1830411,1000521,1000521,986719,1001771,1.855047891,1.827175073
7,1843758,1000313,1000313,1000312,1001302,1.843182927,1.841360549
7,1843257,1000052,1000052,1000000,1001041,1.843257000,1.841340165
7,1844117,1000468,1000468,1000521,1001458,1.843156715,1.841432192
7,1838450,1000364,1000364,997709,1001459,1.842671561,1.835771609
7,1843982,1000417,1000417,1000416,1001562,1.843215222,1.841106192
7,1843391,1000104,1000104,1000104,1001146,1.843199307,1.841280892
7,1843459,1000156,1000156,1000156,1001145,1.843171465,1.841350654
7,1828703,1000156,1000156,979324,1001406,1.867311533,1.826135454
7,1843361,1000104,1000104,1000104,1001146,1.843169310,1.841250926
7,1843710,1000312,1000312,1000261,1001197,1.843228917,1.841505718
7,1843665,1000208,1000208,1000209,1001146,1.843279755,1.841554578
7,1837385,1000573,1000573,985470,1001667,1.864475834,1.834327177
7,1843852,1000313,1000313,1000260,1001406,1.843372723,1.841263184
7,1843804,1000312,1000312,1000313,1001302,1.843227070,1.841406489
7,1843641,1000208,1000208,1000261,1001146,1.843159935,1.841530606
7,1831426,1000365,1000365,986980,1001563,1.855585726,1.828567948
7,1844036,1000469,1000469,1000417,1001510,1.843267358,1.841255704
7,1843936,1000364,1000364,1000417,1001458,1.843167399,1.841251455
7,1843684,1000260,1000260,1000261,1001511,1.843202924,1.840902396
7,1835252,1000313,1000313,996718,1001459,1.841295131,1.832578268
7,1843820,1000313,1000313,1000312,1001354,1.843244908,1.841326843
7,1843421,1000157,1000157,1000104,1001145,1.843229304,1.841312697
7,1843343,1000052,1000052,1000105,1001094,1.843149469,1.841328587
7,1832414,1000521,1000521,987396,1001823,1.855804561,1.829079588
7,1844005,1000417,1000417,1000417,1001458,1.843236370,1.841320355
7,1844003,1000416,1000416,1000365,1001458,1.843330184,1.841318358
7,1843381,1000104,1000104,1000105,1001094,1.843187465,1.841366545
7,1838174,1000521,1000521,985520,1001771,1.865181833,1.834924349
7,1831246,1000573,1000573,1000834,1002083,1.829720014,1.827439444
7,1843481,1000156,1000156,1000208,1001511,1.843097636,1.840699703
7,1843014,999896,999896,999896,1001094,1.843205693,1.840999946
7,1789785,1000208,1000208,955417,1001406,1.873302443,1.787272095
7,1843561,1000156,1000156,1000208,1001355,1.843177619,1.841066355
7,1843511,1000156,1000156,1000156,1001302,1.843223457,1.841113870
7,1843869,1000365,1000365,1000521,1001770,1.842908844,1.840611118
7,1838569,1000677,1000677,994478,1002240,1.848777952,1.834459810
7,1843566,1000156,1000156,1000209,1001354,1.843180775,1.841073187
7,1844080,1000469,1000469,1000468,1001667,1.843217374,1.841011035
7,1843149,999948,999948,999896,1001093,1.843340707,1.841136638
7,1825780,1000521,1000521,978958,1001771,1.865023831,1.822552260
7,1843425,1000156,1000156,1000104,1001407,1.843233304,1.840834945
7,1843813,1000312,1000312,1000312,1001459,1.843237910,1.841126796
7,1844186,1000521,1000521,1000521,1001458,1.843225679,1.841501091
7,1896282,1000625,1000625,995521,1001719,1.904813660,1.893027885
7,2090201,1000416,1000416,1000521,1001459,2.089112572,2.087155840
7,2093192,1000156,1000156,1000209,1001042,2.092754614,2.091013164
7,2092733,1000000,1000000,1000000,1000834,2.092733000,2.090989115
7,2078571,1000364,1000364,983855,1001563,2.112680222,2.075327263
7,2093381,1000260,1000260,1000313,1001459,2.092725977,2.090331207
7,2093599,1000417,1000417,1000416,1001302,2.092728425,2.090876679
7,2093265,1000260,1000260,1000261,1001302,2.092718800,2.090543113
7,2088487,1000416,1000416,997553,1001354,2.093610064,2.085663012
7,1995825,1000416,1000416,1000469,1001511,1.994889397,1.992813858
7,1840823,1000469,1000469,1000573,1001511,1.839768812,1.838045713
7,1843627,1000261,1000261,1000208,1001406,1.843243605,1.841038500
7,1831167,1000365,1000365,985155,1001718,1.858760297,1.828026451
7,1843956,1000417,1000417,1000365,1001562,1.843283202,1.841080233
7,1843635,1000208,1000208,1000208,1001354,1.843251604,1.841142094
7,1843203,1000000,1000000,1000000,1001146,1.843203000,1.841093107
7,1834998,1000104,1000104,976875,1001563,1.878436852,1.832134374
7,1843333,1000104,1000104,1000000,1001354,1.843333000,1.840840502
7,1843604,1000157,1000157,1000156,1001250,1.843316443,1.841302372
7,1843488,1000157,1000157,1000156,1001250,1.843200461,1.841186517
7,1829850,1000261,1000261,987343,1001563,1.853307311,1.826994408
7,1843742,1000312,1000312,1000313,1001458,1.843165089,1.841057738
7,1843558,1000208,1000208,1000156,1001094,1.843270450,1.841543352
7,1843496,1000156,1000156,1000156,1001041,1.843208459,1.841578916
7,1838799,1000416,1000416,994533,1001458,1.848906974,1.836121934
7,1837011,1000365,1000365,998853,1001302,1.839120471,1.834622322
7,1843601,1000208,1000208,1000208,1001145,1.843217611,1.841492491
7,1843497,1000156,1000156,1000209,1001198,1.843111790,1.841291133
7,1831318,1000208,1000208,985521,1001354,1.858223214,1.828841748
7,1844225,1000520,1000520,1000521,1001510,1.843264659,1.841444419
7,1843547,1000157,1000157,1000208,1001094,1.843163622,1.841532364
7,1843764,1000313,1000313,1000312,1001198,1.843188925,1.841557814
7,1839044,1000521,1000521,997969,1001666,1.842786700,1.835985249
7,1836302,1000365,1000365,1000416,1001459,1.835538416,1.833626739
7,1839776,1000209,1000209,1000260,1001302,1.839297783,1.837383726
7,1843452,1000156,1000156,1000104,1001094,1.843260301,1.841437467
7,1833445,1000312,1000312,984116,1001510,1.863037487,1.830680672
7,1843593,1000208,1000208,1000208,1001250,1.843209612,1.841291386
7,1842803,1000104,1000104,1000104,1001146,1.842611368,1.840693565
7,1843879,1000365,1000365,1000365,1001406,1.843206230,1.841290146
7,1838786,1000156,1000156,997082,1001250,1.844167280,1.836490387
7,1844491,1000677,1000677,1000833,1001823,1.842955818,1.841134612
7,1844028,1000469,1000469,1000521,1001562,1.843067762,1.841152120
7,1844355,1000625,1000625,1000677,1001719,1.843107216,1.841189994
7,1830282,1000469,1000469,979949,1001666,1.867731892,1.827237822
7,1843296,1000052,1000052,1000052,1001042,1.843200154,1.841377285
7,1844072,1000469,1000469,1000521,1001458,1.843111739,1.841387257
7,1843374,1000104,1000104,1000052,1001042,1.843278150,1.841455204
7,1942140,1000417,1000417,979635,1001459,1.982513895,1.939310546
7,2092695,1000261,1000261,1000364,1001302,2.091933536,2.089973854
7,2092672,1000260,1000260,1000365,1001302,2.091908453,2.089950884
7,2092850,1000000,1000000,1000052,1000833,2.092741177,2.091108107
7,2081925,1000469,1000469,984793,1001510,2.114073719,2.078786033
7,2093113,1000156,1000156,1000157,1001146,2.092784433,2.090717038
7,2094068,1000625,1000625,1000677,1001510,2.092651275,2.090910725
7,2093345,1000260,1000260,1000261,1001146,2.092798780,2.090948773
7,2088922,1000469,1000469,997343,1001510,2.094487052,2.085772484
7,2093609,1000417,1000417,1000416,1001198,2.092738421,2.091103858
7,1999373,1000156,1000156,1000208,1001094,1.998957217,1.997188076
7,1840042,1000417,1000417,1000364,1001354,1.839372468,1.837553952
7,1819892,1000261,1000261,977814,1001302,1.861184233,1.817525582
7,1843745,1000312,1000312,1000260,1001406,1.843265751,1.841156334
7,1843480,1000156,1000156,1000156,1001459,1.843192462,1.840794281
7,1841785,1000261,1000261,1000208,1001302,1.841401988,1.839390114
7,1835167,1000105,1000105,990104,1001562,1.853509328,1.832304940
7,1843912,1000417,1000417,1000364,1001459,1.843241060,1.841225652
7,1844041,1000469,1000469,1000469,1001563,1.843176550,1.841163262
7,1843825,1000312,1000312,1000365,1001458,1.843152249,1.841140617
7,1823455,1000521,1000521,974844,1001927,1.870509538,1.819947960
7,1843554,1000156,1000156,1000209,1001302,1.843168778,1.841156814
7,1844095,1000521,1000521,1000469,1001615,1.843230525,1.841121589
7,1843780,1000312,1000312,1000313,1001406,1.843203077,1.841191285
7,1836247,1000312,1000312,994530,1001667,1.846346515,1.833191070
7,1843121,999948,999948,1000000,1001094,1.843121000,1.841106829
7,1843567,1000208,1000208,1000209,1001302,1.843181775,1.841169797
7,1843436,1000156,1000156,1000156,1001198,1.843148469,1.841230206
7,1830281,1000105,1000105,981667,1001355,1.864462185,1.827804325
7,1843274,1000052,1000052,1000052,1001354,1.843178155,1.840781582
7,1843310,1000052,1000052,1000053,1001406,1.843212310,1.840721945
7,1843918,1000417,1000417,1000416,1001406,1.843151249,1.841329091
7,1835540,1000156,1000156,980781,1001354,1.871508522,1.833058039
7,1843845,1000365,1000365,1000364,1001302,1.843174085,1.841447435
7,1843827,1000313,1000313,1000364,1001303,1.843156091,1.841427620
7,1843820,1000365,1000365,1000364,1001355,1.843149094,1.841325005
7,1830477,1000469,1000469,984896,1001667,1.858548517,1.827430673
7,1843379,1000104,1000104,1000052,1001042,1.843283149,1.841460198
7,1844098,1000468,1000468,1000521,1001406,1.843137725,1.841508839
7,1844121,1000469,1000469,1000469,1001458,1.843256513,1.841436186
7,1839777,1000365,1000365,997655,1001511,1.844101418,1.837001291
7,1844155,1000521,1000521,1000625,1001614,1.843003123,1.841183330
7,1843764,1000312,1000312,1000365,1001406,1.843091272,1.841175308
7,1829798,1000625,1000625,1000677,1001719,1.828560065,1.826657975
7,1832552,1000260,1000260,984947,1001406,1.860558995,1.829979049
7,1843670,1000208,1000208,1000261,1001198,1.843188928,1.841463926
7,1843902,1000417,1000417,1000364,1001302,1.843231064,1.841504361
7,1844060,1000469,1000469,1000469,1001354,1.843195541,1.841566519
7,1836509,1000157,1000157,980207,1001250,1.873593027,1.834216230
7,1843880,1000312,1000312,1000313,1001354,1.843303046,1.841386762
7,1843355,1000052,1000052,1000156,1001146,1.843067481,1.841244933
7,1843188,1000000,1000000,999948,1000886,1.843283851,1.841556381
7,1822169,1000469,1000469,976979,1001510,1.865105596,1.819421673
7,1843931,1000365,1000365,1000364,1001354,1.843260053,1.841437693
7,1843816,1000365,1000365,1000364,1001302,1.843145095,1.841418473
7,1843651,1000260,1000260,1000209,1001094,1.843265757,1.841636250
7,1836222,1000521,1000521,995729,1001562,1.844098143,1.833358294
7,1843116,999948,999948,999896,1000833,1.843307704,1.841581962
7,1843474,1000104,1000104,1000208,1001094,1.843090637,1.841459443
7,1843442,1000104,1000104,1000104,1001041,1.843250302,1.841524973
7,1830367,1000521,1000521,981770,1001667,1.864354177,1.827320856
7,1843407,1000156,1000156,1000104,1001146,1.843215306,1.841296874
7,1844093,1000469,1000469,1000469,1001510,1.843228526,1.841312618
7,1842025,1000208,1000208,1000208,1001458,1.841641938,1.839343238
7,1831782,1000521,1000521,976926,1001927,1.875046831,1.828258945
7,1843368,1000053,1000053,1000052,1001250,1.843272150,1.841066667
7,1843144,999948,999948,999948,1001094,1.843239848,1.841129804
7,1844160,1000521,1000521,1000469,1001667,1.843295494,1.841090901
7,1826559,1000677,1000677,979219,1001979,1.865322262,1.822951379
7,1843930,1000417,1000417,1000364,1001823,1.843259054,1.840574632
7,1843195,1000052,1000052,1000000,1001146,1.843195000,1.841085116
7,1843530,1000156,1000156,1000156,1001511,1.843242454,1.840748629
7,1836909,1000260,1000260,994220,1001666,1.847588059,1.833853800
7,1843587,1000209,1000209,1000260,1001354,1.843107792,1.841094159
7,1843907,1000365,1000365,1000365,1001511,1.843234220,1.841125060
7,1843265,1000000,1000000,1000052,1001145,1.843169155,1.841156875
7,1827432,1000521,1000521,976147,1001979,1.872086889,1.823822655
7,1843581,1000208,1000208,1000208,1001719,1.843197615,1.840417323
7,1843931,1000416,1000416,1000365,1001511,1.843258211,1.841149024
7,1843521,1000156,1000156,1000156,1001302,1.843233456,1.841123857
7,1836231,1000573,1000573,979688,1001875,1.874301819,1.832794510
7,1843358,1000104,1000104,1000052,1001459,1.843262150,1.840672459
7,1843460,1000156,1000156,1000156,1001250,1.843172465,1.841158552
7,1843972,1000416,1000416,1000417,1001563,1.843203384,1.841094370
7,1824649,1000312,1000312,980521,1001823,1.860897421,1.821328718
7,1843247,1000000,1000000,1000000,1001146,1.843247000,1.841137057
7,1844092,1000521,1000521,1000469,1001511,1.843227526,1.841309781
7,1843371,1000104,1000104,1000053,1001146,1.843273307,1.841260915
7,1837138,1000572,1000572,994323,1001718,1.847626978,1.833987210
7,1843474,1000157,1000157,1000156,1001511,1.843186463,1.840692713
7,1844132,1000520,1000520,1000521,1001563,1.843171708,1.841254120
7,1843965,1000417,1000417,1000417,1001718,1.843196387,1.840802501
7,1831257,1000520,1000520,979896,1001927,1.868827916,1.827734955
7,1843591,1000208,1000208,999948,1001563,1.843686872,1.840713964
7,1843272,1000052,1000052,1000052,1001094,1.843176155,1.841257664
7,1843591,1000261,1000261,1000208,1001302,1.843207613,1.841193766
7,1836779,1000677,1000677,983386,1001823,1.867810809,1.833436645
7,1843695,1000157,1000157,1000156,1001250,1.843407428,1.841393258
7,1843212,1000052,1000052,1000000,1001094,1.843212000,1.841197730
7,1843229,1000052,1000052,1000052,1001094,1.843133157,1.841214711
7,1830563,1000521,1000521,987449,1001979,1.853830426,1.826947471
7,1843270,1000052,1000052,1000052,1001406,1.843174155,1.840682001
7,1843849,1000312,1000312,1000365,1001459,1.843176241,1.841162744
7,1844187,1000573,1000573,1000521,1001614,1.843226679,1.841215279
7,1834970,1000365,1000365,991094,1001667,1.851459095,1.831916196
7,1843693,1000261,1000261,1000312,1001406,1.843117947,1.841104407
7,1843664,1000261,1000261,1000260,1001406,1.843184772,1.841075448
7,1843440,1000156,1000156,1000104,1001302,1.843248302,1.841042962
7,1826477,1000417,1000417,983333,1001927,1.857434867,1.822964148
7,1843462,1000052,1000052,1000052,1001302,1.843366145,1.841064933
7,1843945,1000417,1000417,1000365,1001510,1.843272206,1.841164841
7,1843342,1000104,1000104,1000052,1001355,1.843246151,1.840847651
7,1835588,1000312,1000312,982970,1001511,1.867389646,1.832818611
7,1843281,1000052,1000052,1000052,1001198,1.843185154,1.841075392
7,1843962,1000365,1000365,1000365,1001510,1.843289199,1.841181815
7,1843606,1000208,1000208,1000209,1001302,1.843220767,1.841208746
7,1827921,1000573,1000573,976145,1001979,1.872591674,1.824310689
7,1843075,999948,999948,999947,1001511,1.843172688,1.840294315
7,1843936,1000416,1000416,1000417,1001563,1.843167399,1.841058426
7,1844112,1000521,1000521,1000468,1001614,1.843249359,1.841140399
7,1837430,1000157,1000157,995000,1001354,1.846663317,1.834945484
7,1844021,1000416,1000416,1000469,1001563,1.843156560,1.841143293
7,1843847,1000365,1000365,1000364,1001771,1.843176084,1.840587320
7,1843834,1000312,1000312,1000365,1001459,1.843161246,1.841147765
7,1822870,1000260,1000260,978594,1001667,1.862743896,1.819836333
7,1843605,1000208,1000208,1000208,1001094,1.843221610,1.841590300
7,1843151,999948,999948,999948,1000833,1.843246849,1.841616933
7,1843542,1000208,1000208,1000156,1001094,1.843254452,1.841527369
7,1839076,1000469,1000469,987968,1001407,1.861473246,1.836492056
7,1843265,1000052,1000052,1000052,1000885,1.843169155,1.841635153
7,1844061,1000469,1000469,1000468,1001302,1.843198383,1.841663155
7,1843313,1000052,1000052,1000052,1000937,1.843217153,1.841587433
7,1816064,1000781,1000781,976301,1002031,1.860147639,1.812383050
7,1843711,1000208,1000208,1000156,1001458,1.843423426,1.841026783
7,1843136,1000000,1000000,999948,1001094,1.843231848,1.841121813
7,1843693,1000260,1000260,1000261,1001407,1.843211922,1.841102569
7,1839740,998125,998125,998073,1001667,1.843292024,1.836678257
7,1844127,1000521,1000521,1000520,1001927,1.843168552,1.840580202
7,1843671,1000260,1000260,1000312,1001354,1.843095954,1.841178045
7,1836825,1000156,1000156,990729,1001406,1.854013560,1.834246050
7,1807129,1000365,1000365,974427,1001823,1.854555549,1.803840599
7,1843190,1000000,1000000,1000000,1001094,1.843190000,1.841175754
7,1843810,1000365,1000365,1000312,1001771,1.843234911,1.840550385
7,1838299,1002864,1002864,984896,1004011,1.866490472,1.830955039
7,1843110,999948,999948,999740,1001354,1.843589333,1.840617803
7,1843312,1000105,1000105,1000052,1001198,1.843216153,1.841106355
7,1843276,1000052,1000052,1000052,1001198,1.843180155,1.841070398
7,1834812,1000365,1000365,990625,1001562,1.852176151,1.831950493
7,1837725,1000416,1000416,992657,1001823,1.851319237,1.834380924
7,1844020,1000416,1000416,1000417,1001719,1.843251364,1.840855569
7,1843368,1000105,1000105,1000052,1001146,1.843272150,1.841257918
7,1836944,1000313,1000313,995781,1001510,1.844726903,1.834174397
7,1844090,1000469,1000469,1000469,1001823,1.843225527,1.840734341
7,1844175,1000572,1000572,1000521,1001615,1.843214685,1.841201460
7,1843620,1000208,1000208,1000208,1001302,1.843236607,1.841222728
7,1835607,1000313,1000313,986927,1001510,1.859921757,1.832839412
7,1835842,1000573,1000573,993229,1002031,1.848357227,1.832120962
7,1843383,1000104,1000104,1000104,1001250,1.843191308,1.841081648
7,1843444,1000104,1000104,1000104,1001250,1.843252302,1.841142572
7,1835537,1000312,1000312,981875,1001563,1.869420242,1.832672533
7,1843238,1000000,1000000,1000000,1001198,1.843238000,1.841032443
7,1843259,1000052,1000052,1000052,1001146,1.843163156,1.841149043
7,1843266,1000000,1000000,1000000,1001145,1.843266000,1.841157874
7,1835057,1000104,1000104,991875,1001302,1.850088973,1.832670863
7,1830655,1000469,1000469,987604,1001980,1.853632630,1.827037466
7,1843492,1000156,1000156,1000156,1001250,1.843204460,1.841190512
7,1843261,1000000,1000000,1000052,1001198,1.843165155,1.841055416
7,1837706,1000312,1000312,995521,1001459,1.845974118,1.835028693
7,1844003,1000469,1000469,1000417,1001510,1.843234371,1.841222754
7,1843935,1000416,1000416,1000417,1001511,1.843166400,1.841153018
7,1843524,1000208,1000208,1000156,1001303,1.843236455,1.841125014
7,1833773,1002292,1002292,985416,1003542,1.860912549,1.827300701
7,1843279,1000052,1000052,1000053,1001459,1.843181311,1.840593574
7,1843464,1000104,1000104,1000156,1001562,1.843176464,1.840589000
7,1843763,1000312,1000312,1000313,1001458,1.843186083,1.841078707
7,1834827,1000312,1000312,984584,1001511,1.863555573,1.832058759
7,1843489,1000105,1000105,1000052,1001198,1.843393144,1.841283143
7,1843915,1000417,1000417,1000417,1001510,1.843146408,1.841134886
7,1843150,1000000,1000000,999948,1001094,1.843245849,1.841135797
7,1797509,1002292,1002292,963230,1003489,1.866126470,1.791259296
7,1843920,1000365,1000365,1000416,1001823,1.843153248,1.840564651
7,1843646,1000260,1000260,1000260,1001355,1.843166777,1.841151240
7,1843422,1000156,1000156,1000104,1001250,1.843230304,1.841120599
7,1834961,1000677,1000677,991771,1002031,1.850186182,1.831241748
7,1844126,1000469,1000469,1000469,1001614,1.843261510,1.841154377
7,1844027,1000416,1000416,1000417,1001563,1.843258361,1.841149284
7,1844044,1000469,1000469,1000468,1001562,1.843181391,1.841168095
7,1803189,1000417,1000417,965573,1001614,1.867480760,1.800283343
7,1844037,1000469,1000469,1000468,1001928,1.843174394,1.840488538
7,1844117,1000469,1000469,1000469,1001614,1.843252515,1.841145391
7,1843415,1000104,1000104,1000104,1001250,1.843223305,1.841113608
7,1836263,1000364,1000364,982552,1001615,1.868871062,1.833302217
7,1843599,1000209,1000209,1000156,1001458,1.843311443,1.840914946
7,1843841,1000364,1000364,1000365,1001615,1.843168244,1.840867998
7,1843249,1000052,1000052,1000000,1001198,1.843249000,1.841043430
7,1827591,1000469,1000469,983699,1001770,1.857876241,1.824361879
7,1843848,1000365,1000365,1000364,1001354,1.843177084,1.841354806
7,1843858,1000365,1000365,1000365,1001406,1.843185237,1.841269176
7,1843535,1000209,1000209,1000156,1001198,1.843247453,1.841329088
7,1838035,1000469,1000469,996614,1001562,1.844279731,1.835168467
7,1831917,1000312,1000312,1000573,1001823,1.830867913,1.828583492
7,1843984,1000417,1000417,1000573,1001927,1.842928002,1.840437477
7,1843720,1000261,1000261,1000312,1001614,1.843144939,1.840749031
7,1826140,1000000,1000000,978282,1001458,1.866680569,1.823481364
7,1843975,1000469,1000469,1000416,1001511,1.843208225,1.841192957
7,1843757,1000261,1000261,1000364,1001406,1.843086117,1.841168317
7,1844000,1000469,1000469,1000469,1001510,1.843135569,1.841219758
7,1841718,1000573,1000573,970938,1001615,1.896844083,1.838748421
7,2089344,1000000,1000000,1000052,1001406,2.089235360,2.086410507
7,2093121,1000052,1000052,1000052,1001302,2.093012163,2.090399300
7,1983421,1000052,1000052,1000260,1001459,1.982905445,1.980531405
7,1828814,1000417,1000417,981459,1001666,1.863362606,1.825772263
7,1843491,1000156,1000156,1000156,1001459,1.843203460,1.840805265
7,1843672,1000260,1000260,1000365,1001407,1.842999305,1.841081598
7,1843015,999896,999896,999896,1000938,1.843206693,1.841287872
7,1839534,1000469,1000469,995104,1001562,1.848584671,1.836665129
7,1843844,1000365,1000365,1000365,1001302,1.843171242,1.841446437
7,1844297,1000573,1000573,1000573,1001510,1.843240823,1.841516310
7,1843534,1000208,1000208,1000156,1001094,1.843246454,1.841519378
7,1833678,1000625,1000625,986666,1001719,1.858458688,1.830531317
7,1844039,1000469,1000469,1000573,1001719,1.842982971,1.840874537
7,1844550,1000730,1000730,1000833,1001875,1.843014769,1.841097941
7,1843854,1000365,1000365,1000364,1001250,1.843183081,1.841552060
7,1857346,1000417,1000417,979167,1001458,1.896863354,1.854641932
7,2090396,1000105,1000105,1000104,1000990,2.090178621,2.088328555
7,2092960,1000104,1000104,1000104,1000886,2.092742355,2.091107279
7,2093378,1000260,1000260,1000261,1001093,2.092831771,2.091092436
7,2082909,1000781,1000781,988073,1001823,2.108051733,2.079118766
7,2092670,1000261,1000261,1000365,1001458,2.091906454,2.089623329
7,2092446,1000157,1000157,1000208,1000990,2.092010862,2.090376527
7,2093248,1000208,1000208,1000313,1001094,2.092593018,2.090960489
7,2088005,1000417,1000417,996197,1001354,2.095975997,2.085181664
7,2092920,1000052,1000052,1000000,1000937,2.092920000,2.090960770
7,2092991,1000104,1000104,1000104,1000938,2.092773352,2.091029614
7,2093627,1000417,1000417,1000417,1001303,2.092754321,2.090902554
7,2081497,1000521,1000521,984740,1001511,2.113752869,2.078356603
7,2015195,1000052,1000052,1000052,1000937,2.015090215,2.013308530
7,1839539,1000469,1000469,1000468,1001354,1.838678498,1.837051632
7,1843424,1000104,1000104,1000104,1000989,1.843232304,1.841602655
7,1834920,1000521,1000521,977292,1001615,1.877555531,1.831961382
7,1844100,1000469,1000469,1000469,1001354,1.843235523,1.841606465
7,1843163,1000000,1000000,1000000,1000833,1.843163000,1.841628923
7,1843237,1000000,1000000,1000000,1000885,1.843237000,1.841607178
7,1831159,1000416,1000416,985834,1001406,1.857471948,1.828588005
7,1843435,1000104,1000104,1000105,1001094,1.843241460,1.841420486
7,1843407,1000104,1000104,1000053,1001042,1.843309305,1.841488169
7,1843404,1000104,1000104,1000156,1000989,1.843116474,1.841582675
7,1839663,1000312,1000312,995521,1001407,1.847939923,1.837078231
7,1844062,1000469,1000469,1000468,1001354,1.843199383,1.841568516
7,1843464,1000156,1000156,1000156,1001041,1.843176464,1.841546950
7,1843341,1000104,1000104,1000052,1001042,1.843245151,1.841422238
7,1834246,1000521,1000521,987865,1001562,1.856778001,1.831385376
7,1843686,1000261,1000261,1000365,1001354,1.843013300,1.841193025
7,1831099,1000156,1000156,1000261,1001250,1.830621208,1.828812984
7,1844111,1000469,1000469,1000469,1001510,1.843246517,1.841330591
7,1837670,1000416,1000416,979741,1001615,1.875669182,1.834706948
7,1843563,1000156,1000156,1000208,1001093,1.843179619,1.841550186
7,1843090,1000312,1000312,1000313,1001250,1.842513293,1.840789014
7,1844128,1000520,1000520,1000521,1001406,1.843167710,1.841538796
7,1834140,1000677,1000677,985575,1001875,1.860984704,1.830707424
7,1843999,1000417,1000417,1000521,1001615,1.843038777,1.841025743
7,1843691,1000261,1000261,1000365,1001354,1.843018298,1.841198018
7,1843553,1000209,1000209,1000260,1001302,1.843073801,1.841155815
7,1839497,1000313,1000313,997083,1001406,1.844878511,1.836914298
7,1843531,1000209,1000209,1000156,1001146,1.843243454,1.841420732
7,1843724,1000260,1000260,1000260,1001303,1.843244756,1.841324754
7,1843823,1000365,1000365,1000312,1001302,1.843247907,1.841425464
7,1831053,1000625,1000625,984843,1001771,1.859233401,1.827815938
7,1843557,1000208,1000208,1000104,1001250,1.843365290,1.841255431
7,1843461,1000156,1000156,1000104,1001146,1.843269300,1.841350812
7,1843344,1000052,1000052,1000104,1000937,1.843152312,1.841618404
7,1882551,1000260,1000260,977708,1001250,1.925473659,1.880200749
7,2088930,1000156,1000156,1000156,1000990,2.088604178,2.086864005
7,2092839,1000052,1000052,1000000,1000781,2.092839000,2.091205768
7,2093125,1000156,1000156,1000104,1000990,2.092907338,2.091054856
7,2076811,1000521,1000521,981407,1001459,2.116156702,2.073785347
7,2093711,1000417,1000417,1000417,1001667,2.092838286,2.090226592
7,1947464,1000105,1000105,1000104,1001198,1.947261485,1.945133730
7,1839491,1000000,1000000,1000000,1001250,1.839491000,1.837194507
7,1836087,1000261,1000261,992968,1001458,1.849089799,1.833413883
7,1843701,1000364,1000364,1000365,1001510,1.843028295,1.840921209
7,1843810,1000313,1000313,1000312,1001459,1.843234911,1.841123800
7,1843401,1000104,1000104,1000052,1001197,1.843305148,1.841197087
7,1800157,1000156,1000156,960312,1001355,1.874554312,1.797721088
7,1843271,1000052,1000052,1000052,1001146,1.843175155,1.841161029
7,1844147,1000521,1000521,1000469,1001927,1.843282501,1.840600163
7,1844043,1000468,1000468,1000417,1001562,1.843274355,1.841167097
7,1760350,992604,992604,915001,1001979,1.923877679,1.756873148
7,1843157,1000313,1000313,1000260,1001563,1.842677904,1.840280641
7,1844212,1000521,1000521,1000521,1001666,1.843251666,1.841144653
7,1843775,1000312,1000312,1000312,1001719,1.843199922,1.840610990
7,1804597,1000468,1000468,955365,1001719,1.888908428,1.801500221
7,1843459,1000261,1000261,1000260,1001667,1.842979825,1.840391068
7,1843316,1000209,1000209,1000156,1001250,1.843028488,1.841014732
7,1844085,1000469,1000469,1000469,1001562,1.843220530,1.841209031
7,1836250,1000417,1000417,994479,1001823,1.846444219,1.832908608
7,1844170,1000521,1000521,1000520,1001719,1.843211530,1.841005312
7,1843275,1000364,1000364,1000313,1001406,1.842698235,1.840686994
7,1844044,1000469,1000469,1000469,1001771,1.843179549,1.840783972
7,1810927,1000625,1000625,962656,1001927,1.881177700,1.807444055
7,1843736,1000312,1000312,1000313,1001406,1.843159091,1.841147347
7,1843135,1000052,1000052,1000052,1001146,1.843039162,1.841025185
7,1843416,1000209,1000209,1000208,1001302,1.843032649,1.841018993
7,1837323,1000104,1000104,980781,1001250,1.873326461,1.835029213
7,1843509,1000157,1000157,1000156,1001197,1.843221457,1.841304958
7,1843437,1000260,1000260,1000260,1001406,1.842957831,1.840848767
7,1844079,1000521,1000521,1000416,1001511,1.843312182,1.841296801
7,1828569,1000365,1000365,985885,1001614,1.854748779,1.825622445
7,1843452,1000313,1000313,1000312,1001354,1.842877022,1.840959341
7,1843853,1000365,1000365,1000364,1001354,1.843182082,1.841359799
7,1843486,1000261,1000261,1000260,1001250,1.843006818,1.841184519
7,1836833,1000573,1000573,994428,1001667,1.847125182,1.833776095
7,1843961,1000416,1000416,1000417,1001458,1.843192389,1.841276419
7,1843453,1000364,1000364,1000365,1001354,1.842780385,1.840960340
7,1843254,1000156,1000156,1000105,1001146,1.843060479,1.841144049
7,1822721,1000417,1000417,973229,1001614,1.872859317,1.819783869
7,1843427,1000104,1000104,1000104,1001458,1.843235304,1.840743196
7,1844172,1000520,1000520,1000521,1001562,1.843211687,1.841295896
7,1842985,1000104,1000104,1000052,1001146,1.842889170,1.840875357
7,1830871,1000312,1000312,975730,1002083,1.876411507,1.827065223
7,1843518,1000156,1000156,1000208,1001302,1.843134628,1.841120861
7,1843649,1000209,1000209,1000260,1001354,1.843169776,1.841156075
7,1843608,1000313,1000313,1000312,1001407,1.843032974,1.841017688
7,1825348,1000260,1000260,979793,1001718,1.862993510,1.822217430
7,1843735,1000364,1000364,1000365,1001511,1.843062282,1.840953320
7,1843149,999948,999948,999948,1001094,1.843244849,1.841134799
7,1843982,1000469,1000469,1000469,1001823,1.843117578,1.840626538
7,1837309,1000157,1000157,995521,1001406,1.845575332,1.834729371
7,1844206,1000572,1000572,1000521,1001666,1.843245669,1.841138663
7,1843778,1000417,1000417,1000416,1001511,1.843011307,1.840996255
7,1843597,1000209,1000209,1000208,1001303,1.843213612,1.841197919
7,1827098,1000521,1000521,983385,1001980,1.857968141,1.823487495
7,1844018,1000469,1000469,1000469,1001614,1.843153561,1.841046551
7,1843355,1000104,1000104,1000052,1001198,1.843259151,1.841149303
7,1842811,999948,999948,999948,1001146,1.842906831,1.840701556
7,1836868,1000572,1000572,983698,1001822,1.867308869,1.833527313
7,1843511,1000260,1000260,1000261,1001770,1.843029969,1.840253751
7,1843290,1000157,1000157,1000104,1001250,1.843098318,1.840988764
7,1843297,1000261,1000261,1000260,1001354,1.842817867,1.840804551
7,1827837,1000729,1000729,984895,1002292,1.855869915,1.823657178
7,1842788,1000104,1000104,1000052,1001250,1.842692180,1.840487391
7,1842222,999896,999896,999896,1001094,1.842413611,1.840208812
7,1843487,1000156,1000156,1000104,1001302,1.843295297,1.841089901
7,1835301,1000573,1000573,995625,1001771,1.843365725,1.832056428
7,1843934,1000469,1000469,1000469,1001614,1.843069600,1.840962686
7,1843889,1000365,1000365,1000364,1001511,1.843218069,1.841107087
7,1843643,1000364,1000364,1000313,1001822,1.843066120,1.840289992
7,1825831,1000261,1000261,980989,1001771,1.861214550,1.822603170
7,1843285,1000157,1000157,1000156,1001302,1.842997492,1.840888164
7,1844089,1000468,1000468,1000417,1001666,1.843320335,1.841021858
7,1843722,1000261,1000261,1000312,1001406,1.843146938,1.841133366
7,1836318,1000573,1000573,983698,1001823,1.866749754,1.832976484
7,1842872,999896,999896,999896,1001094,1.843063679,1.840858101
7,1843728,1000209,1000209,1000208,1001302,1.843344584,1.841330588
7,1843721,1000313,1000313,1000260,1001406,1.843241757,1.841132368
7,1824333,1000520,1000520,985053,1002032,1.852015069,1.820633473
7,1843815,1000312,1000312,1000260,1001458,1.843335733,1.841130632
7,1843118,999948,999948,999948,1001406,1.843213847,1.840530215
7,1843883,1000364,1000364,1000365,1001510,1.843210228,1.841102935
7,1834861,1000208,1000208,990364,1001719,1.852713750,1.831712287
7,1843358,1000313,1000313,1000260,1001771,1.842878851,1.840099184
7,1844071,1000521,1000521,1000416,1001614,1.843304185,1.841099465
7,1843080,1000104,1000104,1000156,1001250,1.842792524,1.840779026
7,1828390,1000365,1000365,981771,1001875,1.862338570,1.824968185
7,1844164,1000520,1000520,1000469,1001667,1.843299493,1.841094895
7,1843445,1000364,1000364,1000365,1001459,1.842772388,1.840759332
7,1843676,1000469,1000469,1000469,1001614,1.842811721,1.840705102
7,1834201,1000261,1000261,982863,1001511,1.866181757,1.831433704
7,1843745,1000313,1000313,1000260,1001406,1.843265751,1.841156334
7,1843518,1000313,1000313,1000260,1001406,1.843038810,1.840929653
7,1843528,1000261,1000261,1000260,1001406,1.843048807,1.840939639
7,1829569,1000365,1000365,989478,1001562,1.849024435,1.826715670
7,1842904,999896,999896,999948,1001145,1.842999836,1.840796288
7,1843604,1000416,1000416,1000417,1001563,1.842835538,1.840726944
7,1843600,1000208,1000208,1000156,1001302,1.843312443,1.841202754
7,1836197,1000052,1000052,996980,1001302,1.841759113,1.833809380
7,1843281,1000052,1000052,1000052,1001198,1.843185154,1.841075392
7,1844060,1000417,1000417,1000468,1001562,1.843197384,1.841184070
7,1843070,1000000,1000000,1000052,1001146,1.842974165,1.840960260
7,1820320,1000156,1000156,976927,1001719,1.863312202,1.817196240
7,1843504,1000052,1000052,1000104,1001250,1.843312296,1.841202497
7,1843830,1000469,1000469,1000468,1001562,1.842967491,1.840954429
7,1843698,1000469,1000469,1000469,1001875,1.842833711,1.840247536
7,1834458,1000469,1000469,980418,1001927,1.871097838,1.830929798
7,1844056,1000521,1000521,1000521,1001615,1.843095747,1.841082652
7,1843420,1000104,1000104,1000052,1001198,1.843324147,1.841214225
7,1843552,1000260,1000260,1000261,1001666,1.843070958,1.840485751
7,1802714,1000469,1000469,965052,1001979,1.867996750,1.799153475
7,1843755,1000416,1000416,1000365,1001875,1.843082275,1.840304429
7,1843070,1000052,1000052,1000052,1001407,1.842974165,1.840480444
7,1843407,1000208,1000208,1000209,1001614,1.843021808,1.840436535
7,1834271,1000313,1000313,995729,1001458,1.842138775,1.831600526
7,1843463,1000208,1000208,1000209,1001615,1.843077797,1.840490608
7,1843209,1000104,1000104,1000104,1001250,1.843017326,1.840907865
7,1843932,1000417,1000417,1000416,1001771,1.843165243,1.840672170
7,1801727,1000521,1000521,956928,1001979,1.882823995,1.798168425
7,1843862,1000313,1000313,1000364,1001510,1.843191078,1.841081966
7,1843253,1000000,1000000,1000052,1001511,1.843157156,1.840472047
7,1843187,1000208,1000208,1000208,1001614,1.842803697,1.840216890
7,1832593,1000260,1000260,977657,1001667,1.874474381,1.829543152
7,1843765,1000416,1000416,1000469,1001459,1.842900680,1.841078866
7,1843962,1000417,1000417,1000364,1001458,1.843291042,1.841277418
7,1843503,1000365,1000365,1000364,1001458,1.842832209,1.840819086
7,1830552,1000313,1000313,983801,1001458,1.860693372,1.827886941
7,1843175,1000209,1000209,1000208,1001146,1.842791699,1.841065139
7,1844033,1000469,1000469,1000417,1001407,1.843264359,1.841442091
7,1843836,1000313,1000313,1000313,1001250,1.843259060,1.841534082
7,1837570,1000469,1000469,997604,1001458,1.841983392,1.834894723
7,1844104,1000468,1000468,1000521,1001458,1.843143722,1.841419211
7,1843755,1000312,1000312,1000261,1001198,1.843273906,1.841548825
7,1843002,1000000,1000000,999948,1000886,1.843097841,1.841370546
7,1833494,1000729,1000729,987970,1001927,1.855819509,1.829967652
7,1843395,1000104,1000104,1000104,1001198,1.843203307,1.841189255
7,1843349,1000312,1000312,1000261,1001354,1.842868011,1.840856480
7,1842839,1000156,1000156,1000157,1001197,1.842549720,1.840635759
7,1834957,1000416,1000416,982136,1001667,1.868332899,1.831903217
7,1843246,1000000,1000000,1000000,1001198,1.843246000,1.841040434
7,1844035,1000417,1000417,1000417,1001562,1.843266358,1.841159109
7,1833617,1000468,1000468,1000469,1001615,1.832757437,1.830660483
7,1829115,1000573,1000573,981510,1002239,1.863572455,1.825028761
7,1843390,1000104,1000104,1000104,1001354,1.843198307,1.840897425
7,1843704,1000313,1000313,1000417,1001719,1.842935496,1.840540112
7,1844056,1000469,1000469,1000573,1001718,1.842999961,1.840893345
7,1837670,1000312,1000312,992917,1001667,1.850779068,1.834611702
7,1844253,1000573,1000573,1000573,1001979,1.843196848,1.840610432
7,1844031,1000469,1000469,1000417,1001615,1.843262360,1.841057692
7,1841404,1000260,1000260,1000261,1001667,1.840923519,1.838339488
7,1830446,1000208,1000208,980781,1001458,1.866314702,1.827781095
7,1843360,1000104,1000104,1000105,1001146,1.843166468,1.841249928
7,1843650,1000208,1000208,1000261,1001355,1.843168933,1.841155235
7,1843583,1000208,1000208,1000209,1001355,1.843197772,1.841088325
7,2005900,1000260,1000260,980887,1001511,2.044985814,2.002873658
7,2092899,1000052,1000052,1000052,1000833,2.092790175,2.091157066
7,2093574,1000364,1000364,1000313,1001198,2.092918916,2.091068899
7,2093562,1000365,1000365,1000416,1001406,2.092691440,2.090622585
7,2082742,1000521,1000521,982552,1001615,2.119726997,2.079383795
7,2093263,1000208,1000208,1000157,1001146,2.092934409,2.090866867
7,2093040,1000104,1000104,1000104,1000990,2.092822346,2.090969940
7,2093697,1000469,1000469,1000521,1001458,2.092606752,2.090648834
7,1885392,1000104,1000104,994999,1001146,1.894868236,1.883233814
7,1843648,1000209,1000209,1000208,1001250,1.843264601,1.841346317
7,1843364,1000052,1000052,1000105,1001250,1.843170467,1.841062672
7,1843298,1000052,1000052,1000000,1001042,1.843298000,1.841379283
7,1826665,1000209,1000209,981666,1001406,1.860780551,1.824100315
7,1843735,1000260,1000260,1000313,1001563,1.843158092,1.840857739
7,1843572,1000209,1000209,1000156,1001615,1.843284448,1.840599432
7,1843502,1000156,1000156,1000157,1001303,1.843212616,1.841103043
7,1834982,1000469,1000469,978540,1001927,1.875224314,1.831452790
7,1844136,1000416,1000416,1000417,1001563,1.843367316,1.841258114
7,1844011,1000417,1000417,1000416,1001614,1.843244210,1.841039562
7,1843491,1000156,1000156,1000104,1001250,1.843299297,1.841189513
7,1828066,1000468,1000468,981719,1001979,1.862107181,1.824455403
7,1843728,1000261,1000261,1000260,1001458,1.843248755,1.841043758
7,1844161,1000521,1000521,1000521,1001979,1.843200692,1.840518614
7,1841823,1000157,1000157,1000104,1001302,1.841631470,1.839428065
7,1833409,1000469,1000469,991145,1002031,1.849788881,1.829692894
7,1843289,1000053,1000053,1000000,1001146,1.843289000,1.841179009
7,1843823,1000365,1000365,1000365,1001458,1.843150250,1.841138620
7,1843876,1000364,1000364,1000365,1001511,1.843203231,1.841094107
7,1820628,1000260,1000260,973281,1001562,1.870608796,1.817788614
7,1843371,1000104,1000104,1000052,1001615,1.843275150,1.840398756
7,1843993,1000416,1000416,1000417,1001563,1.843224375,1.841115337
7,1843233,1000000,1000000,1000000,1001093,1.843233000,1.841220546
7,1836057,1000260,1000260,980053,1001563,1.873426233,1.833191721
7,1843239,1000000,1000000,1000000,1001042,1.843239000,1.841320344
7,1843158,999948,999948,999948,1000990,1.843253849,1.841335078
7,1844047,1000417,1000417,1000469,1001458,1.843182547,1.841362294
7,1828731,1000052,1000052,983541,1001198,1.859333775,1.826542802
7,1843839,1000313,1000313,1000312,1001302,1.843263902,1.841441443
7,1843401,1000104,1000104,1000156,1001042,1.843113474,1.841482176
7,1843314,1000052,1000052,1000052,1001094,1.843218153,1.841299618
7,1839778,1000573,1000573,996093,1001667,1.846994206,1.836716194
7,1843896,1000364,1000364,1000365,1001354,1.843223224,1.841402741
7,1843980,1000416,1000416,1000469,1001354,1.843115579,1.841486627
7,1844333,1000625,1000625,1000677,1001718,1.843085231,1.841169870
7,1809302,1000678,1000678,965000,1001927,1.874924352,1.805822181
7,1841550,1000521,1000521,1000625,1001615,1.840399750,1.838580692
7,1843363,1000105,1000105,1000052,1001042,1.843267150,1.841444215
7,1868312,1018646,1018646,999896,1019583,1.868506325,1.832427571
7,1843852,1000365,1000365,1000312,1001250,1.843276898,1.841550062
7,1843384,1000104,1000104,1000104,1000990,1.843192308,1.841560855
7,1844186,1000521,1000521,1000469,1001511,1.843321482,1.841403639
7,1836941,1000104,1000104,992241,1001145,1.851305278,1.834840108
7,1838996,1000625,1000625,996147,1001875,1.846109058,1.835554336
7,1843735,1000312,1000312,1000417,1001458,1.842966483,1.841050748
7,1843897,1000417,1000417,1000416,1001406,1.843130258,1.841308121
7,1839316,1000104,1000104,995833,1001041,1.847012501,1.837403263
7,1844059,1000469,1000469,1000417,1001406,1.843290348,1.841469893
7,1843180,1000000,1000000,1000000,1000989,1.843180000,1.841358896
7,1843455,1000105,1000105,1000156,1001042,1.843167466,1.841536119
7,1837300,1000000,1000000,990157,1001093,1.855564320,1.835294024
7,1835331,1000573,1000573,990208,1001563,1.853480279,1.832466854
7,1844291,1000625,1000625,1000677,1001719,1.843043260,1.841126104
7,1844336,1000573,1000573,1000678,1001666,1.843086387,1.841268447
7,1821478,1000886,1000886,978594,1002396,1.861321447,1.817124170
7,2081139,999948,999948,1000000,1001354,2.081139000,2.078324948
7,2093320,1000208,1000208,1000261,1001198,2.092773786,2.090815203
7,2093154,1000156,1000156,1000156,1000990,2.092827519,2.091083827
7,2087969,1000416,1000416,992135,1001354,2.104521058,2.085145713
7,2087894,1000625,1000625,995833,1001771,2.096630660,2.084202877
7,2092479,1000209,1000209,1000208,1001146,2.092043855,2.090083764
7,2093324,1000260,1000260,1000313,1001250,2.092668995,2.090710612
7,2087586,1000312,1000312,995261,1001250,2.097526177,2.084979775
7,2093414,1000313,1000313,1000364,1001250,2.092652275,2.090800499
7,2093208,1000208,1000208,1000208,1001093,2.092772703,2.090922622
7,2092877,1000000,1000000,1000000,1000833,2.092877000,2.091135084
7,2086687,1000469,1000469,992500,1001354,2.102455416,2.083865446
7,2088314,1000157,1000157,995365,1001094,2.098038408,2.086031881
7,1862775,1000052,1000052,1000052,1000885,1.862678141,1.861127902
7,1843687,1000260,1000260,1000260,1001094,1.843207766,1.841672211
7,1836439,1000677,1000677,985520,1001719,1.863421341,1.833287579
7,1843362,1000104,1000104,1000104,1000989,1.843170310,1.841540716
7,1843240,1000052,1000052,999948,1000938,1.843335853,1.841512661
7,1843457,1000156,1000156,1000104,1000989,1.843265300,1.841635622
7,1831402,1000312,1000312,987083,1001302,1.855367786,1.829020615
7,1843900,1000416,1000416,1000313,1001458,1.843323040,1.841215508
7,1843672,1000261,1000261,1000260,1001146,1.843192770,1.841561570
7,1843930,1000365,1000365,1000416,1001302,1.843163244,1.841532325
7,1839063,1000208,1000208,997552,1001197,1.843576074,1.836864273
7,1844013,1000417,1000417,1000469,1001407,1.843148563,1.841422119
7,1843726,1000260,1000260,1000260,1001302,1.843246756,1.841328590
7,1843764,1000312,1000312,1000260,1001197,1.843284746,1.841559653
7,1822428,1000260,1000260,979897,1001302,1.859815879,1.820058284
7,1843882,1000365,1000365,1000364,1001406,1.843211071,1.841293142
7,1843559,1000156,1000156,1000208,1001146,1.843175619,1.841448700
7,1843889,1000416,1000416,1000365,1001355,1.843216226,1.841393911
7,1837132,1000625,1000625,982448,1001615,1.869953422,1.834169816
7,1843810,1000365,1000365,1000364,1001354,1.843139097,1.841316857
7,1843581,1000209,1000209,1000156,1001198,1.843293446,1.841375033
7,1844328,1000625,1000625,1000625,1001510,1.843176015,1.841547264
7,1831140,1000260,1000260,983803,1001354,1.861287270,1.828663989
7,1843770,1000313,1000313,1000260,1001303,1.843290744,1.841370694
7,1844034,1000469,1000469,1000468,1001458,1.843171396,1.841349313
7,1843656,1000261,1000261,1000260,1001198,1.843176774,1.841449943
7,1839158,1000156,1000156,997343,1001197,1.844057661,1.836959160
7,1843147,1000000,1000000,1000000,1000886,1.843147000,1.841515417
7,1843162,1000000,1000000,999948,1000885,1.843257849,1.841532244
7,1843607,1000260,1000260,1000208,1001146,1.843223609,1.841496645
7,1831058,1000365,1000365,986043,1001562,1.856975811,1.828202348
7,1843267,1000052,1000052,1000000,1001146,1.843267000,1.841157034
7,1843687,1000260,1000260,1000261,1001406,1.843205923,1.841098416
7,1843507,1000156,1000156,1000156,1001198,1.843219458,1.841301121
7,1830775,1000260,1000260,974063,1001354,1.879524220,1.828299483
7,1843307,1000052,1000052,1000052,1001354,1.843211153,1.840814537
7,1843889,1000365,1000365,1000364,1001406,1.843218069,1.841300132
7,1843499,1000156,1000156,1000105,1001198,1.843305453,1.841293131
7,1820640,1000365,1000365,978282,1001458,1.861058468,1.817989371
7,1843675,1000260,1000260,1000260,1001511,1.843195769,1.840893410
7,1843099,999948,999948,999896,1000989,1.843290702,1.841277976
7,1843368,1000104,1000104,1000052,1001146,1.843272150,1.841257918
7,1835350,1000677,1000677,989115,1001770,1.855547636,1.832107170
7,1843181,1000000,1000000,1000000,1001250,1.843181000,1.840879900
7,1844056,1000469,1000469,1000468,1001511,1.843193385,1.841273835
7,1843828,1000365,1000365,1000364,1001407,1.843157091,1.841237379
7,1828457,1000573,1000573,979583,1001614,1.866566692,1.825510626
7,1843841,1000365,1000365,1000312,1001667,1.843265901,1.840772432
7,1843763,1000312,1000312,1000313,1001562,1.843186083,1.840887534
7,1843517,1000156,1000156,1000156,1001250,1.843229456,1.841215481
7,1836265,1000208,1000208,983334,1001458,1.867386870,1.833591623
7,1843231,1000000,1000000,1000000,1001094,1.843231000,1.841216709
7,1843176,999948,999948,1000000,1001094,1.843176000,1.841161769
7,1843228,1000000,1000000,1000000,1001458,1.843228000,1.840544486
7,1829111,1000416,1000416,981824,1001771,1.862972386,1.825877371
7,1843391,1000104,1000104,1000052,1001354,1.843295149,1.840898424
7,1843230,1000000,1000000,1000000,1001146,1.843230000,1.841120076
7,1843286,1000052,1000052,1000000,1001354,1.843286000,1.840793566
7,1835317,1000573,1000573,994062,1001719,1.846280212,1.832167504
7,1843596,1000208,1000208,1000209,1001302,1.843210769,1.841198759
7,1843571,1000208,1000208,1000209,1001302,1.843185774,1.841173792
7,1843620,1000260,1000260,1000209,1001354,1.843234764,1.841127114
7,1780272,1000312,1000312,938750,1001615,1.896428229,1.777401497
7,1843182,999948,999948,1000000,1001302,1.843182000,1.840785298
7,1843262,1000052,1000052,1000053,1001250,1.843164312,1.840960799
7,1843455,1000156,1000156,1000157,1001406,1.843165623,1.840866741
7,1835212,1000521,1000521,982137,1001667,1.868590635,1.832157793
7,1844067,1000365,1000365,1000417,1001562,1.843298345,1.841191060
7,1843381,1000104,1000104,1000104,1001511,1.843189308,1.840599854
7,1843737,1000260,1000260,1000261,1001354,1.843255910,1.841243956
7,1804517,1000729,1000729,963125,1001927,1.873606230,1.801046384
7,1843602,1000156,1000156,1000156,1001563,1.843314443,1.840724947
7,1843759,1000313,1000313,1000261,1001406,1.843277904,1.841170315
7,1843444,1000156,1000156,1000104,1001250,1.843252302,1.841142572
7,1836092,1000313,1000313,996511,1001458,1.842520554,1.833418875
7,1843363,1000104,1000104,1000105,1001198,1.843169467,1.841157294
7,1843843,1000364,1000364,1000313,1001458,1.843266058,1.841158591
7,1843304,1000052,1000052,1000053,1001458,1.843206310,1.840620375
7,1825711,1000261,1000261,982812,1001771,1.857640118,1.822483382
7,1843302,1000104,1000104,1000052,1001146,1.843206153,1.841191994
7,1844095,1000521,1000521,1000469,1001563,1.843230525,1.841217178
7,1843441,1000156,1000156,1000104,1001250,1.843249302,1.841139576
7,1835866,1000260,1000260,981823,1001458,1.869854342,1.833193204
7,1843585,1000208,1000208,1000209,1001198,1.843199771,1.841379028
7,1843502,1000156,1000156,1000209,1001406,1.843116789,1.840913675
7,1844010,1000416,1000416,1000417,1001510,1.843241368,1.841229743
7,1827105,1000260,1000260,977812,1001615,1.868564714,1.824158983
7,1844055,1000417,1000417,1000469,1001771,1.843190544,1.840794952
7,1843368,1000105,1000105,1000052,1001145,1.843272150,1.841259758
7,1844075,1000469,1000469,1000468,1001511,1.843212377,1.841292807
7,1836669,1000313,1000313,996093,1001459,1.843873012,1.833993204
7,1843929,1000416,1000416,1000417,1001406,1.843160402,1.841340076
7,1843200,1000000,1000000,1000000,1000989,1.843200000,1.841378876
7,1844129,1000469,1000469,1000521,1001511,1.843168709,1.841346725
7,1828108,1000157,1000157,980781,1001459,1.863930888,1.825444676
7,1843560,1000156,1000156,1000209,1001302,1.843174776,1.841162806
7,1843410,1000104,1000104,1000104,1001145,1.843218305,1.841301710
7,1843859,1000365,1000365,1000312,1001407,1.843283895,1.841268335
7,1788712,1000469,1000469,948125,1001667,1.886578247,1.785735179
7,1843368,1000052,1000052,1000052,1001511,1.843272150,1.840586873
7,1844099,1000468,1000468,1000521,1001614,1.843138725,1.841127420
7,1843893,1000365,1000365,1000312,1001510,1.843317885,1.841112919
7,1829265,1000729,1000729,981301,1002136,1.864122221,1.825366018
7,1843475,1000156,1000156,1000105,1001302,1.843281455,1.841077917
7,1843918,1000417,1000417,1000364,1001771,1.843247058,1.840658194
7,1843474,1000156,1000156,1000156,1001302,1.843186463,1.841076918
7,1834607,1000416,1000416,987397,1001823,1.858023672,1.831268597
7,1843128,999948,999948,999947,1001094,1.843225691,1.841113821
7,1843683,1000260,1000260,1000261,1001406,1.843201924,1.841094421
7,1843886,1000364,1000364,1000365,1001614,1.843213227,1.840914764
7,1828392,1000729,1000729,980937,1001979,1.863923983,1.824780759
7,1843128,999948,999948,1000000,1001145,1.843128000,1.841020032
7,1843681,1000260,1000260,1000261,1001354,1.843199925,1.841188031
7,1843559,1000156,1000156,1000156,1001302,1.843271450,1.841161807
7,1836790,1000469,1000469,979635,1001823,1.874973842,1.833447625
7,1843650,1000260,1000260,1000209,1001354,1.843264758,1.841157073
7,1843621,1000261,1000261,1000260,1001406,1.843141783,1.841032508
7,1843466,1000157,1000157,1000156,1001302,1.843178464,1.841068928
7,1816743,1000313,1000313,973437,1001771,1.866318005,1.813531236
7,1843846,1000365,1000365,1000365,1001459,1.843173242,1.841159748
7,1843573,1000208,1000208,1000209,1001354,1.843187774,1.841080177
7,1843178,1000000,1000000,999948,1001198,1.843273850,1.840972515
7,1837592,1000520,1000520,995625,1001718,1.845666792,1.834440431
7,1843547,1000157,1000157,1000104,1001302,1.843355291,1.841149823
7,1844024,1000417,1000417,1000417,1001563,1.843255363,1.841146288
7,1843121,999948,999948,999948,1001354,1.843216847,1.840628789
7,1828017,1000573,1000573,976043,1002083,1.872885723,1.824217156
7,1843164,1000000,1000000,999948,1001511,1.843259850,1.840383181
7,1843230,1000000,1000000,1000000,1001458,1.843230000,1.840546483
7,1844135,1000469,1000469,1000521,1001563,1.843174706,1.841257115
7,1828738,1000104,1000104,971666,1001354,1.882064413,1.826265237
7,1843640,1000209,1000209,1000208,1001302,1.843256603,1.841242702
7,1843239,1000052,1000052,1000052,1001094,1.843143157,1.841224700
7,1843871,1000364,1000364,1000365,1001406,1.843198233,1.841282157
7,1815084,1000573,1000573,973490,1001927,1.864512219,1.811593060
7,1843568,1000208,1000208,1000208,1001458,1.843184618,1.840883991
7,1844026,1000417,1000417,1000416,1001458,1.843259204,1.841341324
7,1843264,1000000,1000000,1000052,1001094,1.843168155,1.841249673
7,1836382,1000312,1000312,996302,1001406,1.843198147,1.833803672
7,1843457,1000104,1000104,1000156,1001146,1.843169466,1.841346817
7,1843158,1000000,1000000,999948,1001041,1.843253849,1.841241268
7,1844032,1000417,1000417,1000416,1001458,1.843265202,1.841347316
7,1828405,1000469,1000469,984116,1001771,1.857916140,1.825172619
7,1843283,1000052,1000052,1000052,1001146,1.843187154,1.841173016
7,1843999,1000417,1000417,1000417,1001458,1.843230373,1.841314364
7,1843707,1000260,1000260,1000260,1001562,1.843227761,1.840831621
7,1835757,1000781,1000781,984062,1001979,1.865489166,1.832131212
7,1843319,1000052,1000052,1000000,1001198,1.843319000,1.841113346
7,1843422,1000104,1000104,1000104,1001250,1.843230304,1.841120599
7,1843789,1000312,1000312,1000261,1001459,1.843307897,1.841102831
7,1828323,1000416,1000416,981823,1001927,1.862171695,1.824806598
7,1844023,1000417,1000417,1000416,1001667,1.843256205,1.840954129
7,1844038,1000468,1000468,1000469,1001563,1.843173552,1.841160267
7,1843856,1000365,1000365,1000416,1001510,1.843089275,1.841075975
7,1836630,1000313,1000313,996406,1001511,1.843254657,1.833859039
7,1843896,1000364,1000364,1000365,1001510,1.843223224,1.841115915
7,1843575,1000208,1000208,1000208,1001354,1.843191616,1.841082175
7,1843409,1000104,1000104,1000104,1001250,1.843217305,1.841107615
7,1802839,1000156,1000156,961875,1001615,1.874296556,1.799932110
7,1843405,1000104,1000104,1000104,1001250,1.843213306,1.841103620
7,1843375,1000104,1000104,1000052,1001250,1.843279149,1.841073658
7,1843815,1000312,1000312,1000313,1001406,1.843238066,1.841226236
7,1831599,1000469,1000469,981094,1001667,1.866894508,1.828550806
7,1844009,1000416,1000416,1000417,1001562,1.843240369,1.841133150
7,1843835,1000364,1000364,1000313,1001459,1.843258060,1.841148764
7,1843576,1000208,1000208,1000209,1001302,1.843190773,1.841178785
7,1821059,1000677,1000677,976198,1001927,1.865460695,1.817556568
7,1843733,1000261,1000261,1000208,1001771,1.843349583,1.840473521
7,1844006,1000417,1000417,1000468,1001562,1.843143409,1.841130155
7,1843966,1000417,1000417,1000417,1001511,1.843197387,1.841183971
7,1838406,1000416,1000416,995105,1001562,1.847449264,1.835538888
7,1843891,1000365,1000365,1000313,1001511,1.843314043,1.841109084
7,1843922,1000416,1000416,1000365,1001511,1.843249214,1.841140037
7,1843279,1000000,1000000,1000000,1001458,1.843279000,1.840595412
7,1829856,1000313,1000313,981822,1001823,1.863734974,1.826526243
7,1844003,1000469,1000469,1000521,1001927,1.843042775,1.840456440
7,1843360,1000052,1000052,1000052,1001354,1.843264150,1.840867465
7,1843691,1000260,1000260,1000417,1001667,1.842922501,1.840622682
7,1836890,1000156,1000156,977187,1001510,1.879773268,1.834120478
7,1843403,1000157,1000157,1000104,1001250,1.843211306,1.841101623
7,1835523,1001094,1001094,1001302,1002656,1.833136257,1.830660765
7,1840511,1000313,1000313,1000364,1001562,1.839841298,1.837640605
7,1813400,1000364,1000364,948177,1001614,1.912512115,1.810477889
7,1843222,1000364,1000364,1000365,1001823,1.842549469,1.839867921
7,1843648,1000261,1000261,1000261,1001511,1.843166933,1.840866451
7,1843298,1000052,1000052,1000000,1001197,1.843298000,1.841094210
7,1836957,1000416,1000416,993230,1001667,1.849477966,1.833899889
7,1843585,1000208,1000208,1000208,1001667,1.843201614,1.840516858
7,1842668,1000052,1000052,1000052,1001250,1.842572186,1.840367541
7,1844072,1000469,1000469,1000469,1001615,1.843207536,1.841098626
7,1830859,1000625,1000625,983229,1002083,1.862088079,1.827053248
7,1843278,1000052,1000052,1000052,1000938,1.843182155,1.841550626
7,1844001,1000469,1000469,1000417,1001354,1.843232372,1.841507599
7,1843461,1000104,1000104,1000209,1001093,1.843075797,1.841448297
7,1953813,1000104,1000104,981823,1001406,1.989984957,1.951069796
7,2091879,1000261,1000261,1000260,1001094,2.091335253,2.089592985
7,2093503,1000365,1000365,1000417,1001250,2.092630373,2.090889388
7,2092728,999948,999948,999948,1000990,2.092836828,2.090658248
7,2081918,1000521,1000521,987603,1001355,2.108051515,2.079100818
7,1958031,1000313,1000313,1000365,1001250,1.957316579,1.955586517
7,1841368,1000417,1000417,1000469,1001407,1.840504803,1.838780835
7,1844487,1000678,1000678,1000677,1001980,1.843239127,1.840842133
7,1910564,1000573,1000573,992030,1002188,1.925913531,1.906392813
7,1832206,1000417,1000417,1000052,1001771,1.832110730,1.828966900
7,1844077,1000468,1000468,1000469,1001771,1.843212533,1.840816913
7,1842879,1000157,1000157,1000156,1001302,1.842591556,1.840482692
7,1813280,1000729,1000729,964634,1002187,1.879759577,1.809323011
7,1842786,999948,999948,1000000,1001459,1.842786000,1.840101292
7,1843093,1000156,1000156,1000156,1001302,1.842805522,1.840696413
7,1843080,1000000,1000000,1000000,1001459,1.843080000,1.840394864
7,1834294,1000312,1000312,979949,1001614,1.871825983,1.831338220
7,1843489,1000156,1000156,1000104,1001198,1.843297297,1.841283143
7,1843940,1000417,1000417,1000364,1001458,1.843269050,1.841255450
7,1843062,999947,999947,999896,1001198,1.843253698,1.840856654
7,1830282,1000104,1000104,980833,1001354,1.866048553,1.827807149
7,1843387,1000104,1000104,1000052,1000990,1.843291149,1.841563852
7,1843624,1000208,1000208,1000261,1001146,1.843142940,1.841513625
7,1841923,1000052,1000052,1000052,1001042,1.841827225,1.840005714
7,1839137,1000260,1000260,995678,1001355,1.847120254,1.836648341
7,1843320,1000052,1000052,1000105,1001041,1.843126472,1.841403099
7,1843765,1000313,1000313,1000260,1001250,1.843285746,1.841463171
7,1843453,1000104,1000104,1000156,1001094,1.843165466,1.841438466
7,1832144,1000208,1000208,986719,1001354,1.856804217,1.829666631
7,1843599,1000208,1000208,1000208,1001146,1.843215611,1.841488654
7,1844151,1000469,1000469,1000573,1001563,1.843094907,1.841273090
7,1834496,1000312,1000312,1000365,1001406,1.833826653,1.831920320
7,1832494,1000938,1000938,980936,1002135,1.868107603,1.828589960
7,1844352,1000625,1000625,1000625,1001615,1.843200000,1.841378174
7,1844079,1000469,1000469,1000417,1001406,1.843310340,1.841489865
7,1843426,1000105,1000105,1000104,1001094,1.843234304,1.841411496
7,1833913,1000521,1000521,987917,1001562,1.856343195,1.831052895
7,1843360,1000052,1000052,1000052,1001094,1.843264150,1.841345568
7,1843523,1000156,1000156,1000208,1001094,1.843139627,1.841508390
7,1844252,1000573,1000573,1000625,1001719,1.843100062,1.841087171
7,1838725,1000156,1000156,995261,1001511,1.847480209,1.835950878
7,1844147,1000521,1000521,1000573,1001562,1.843090909,1.841270935
7,1843995,1000416,1000416,1000469,1001459,1.843130572,1.841308531
7,1843741,1000260,1000260,1000313,1001302,1.843164090,1.841343571
7,1831623,1000677,1000677,984375,1001875,1.860696381,1.828195134
7,1843869,1000365,1000365,1000312,1001354,1.843293892,1.841375777
7,1844220,1000573,1000573,1000521,1001562,1.843259662,1.841343821
7,1843598,1000208,1000208,1000208,1001146,1.843214611,1.841487655
7,1985004,1000573,1000573,978645,1001614,2.028318747,1.981805366
7,2093392,1000313,1000313,1000312,1001146,2.092739065,2.090995719
7,2093394,1000312,1000312,1000261,1001093,2.092847767,2.091108418
7,2093531,1000365,1000365,1000364,1001146,2.092769232,2.091134560
7,2076945,1000625,1000625,983229,1001511,2.112371584,2.073811471
7,2093910,1000521,1000521,1000625,1001719,2.092602124,2.090316746
7,2093139,1000156,1000156,1000156,1001198,2.092812521,2.090634420
7,2093640,1000416,1000416,1000365,1001250,2.092876100,2.091026217
7,2085676,1000417,1000417,990781,1001458,2.105082758,2.082639512
7,1843247,1000261,1000261,1000365,1001406,1.842574460,1.840659033
7,1843673,1000260,1000260,1000261,1001146,1.843191927,1.841562569
7,1843442,1000157,1000157,1000156,1001042,1.843154468,1.841523133
7,1833011,1000885,1000885,985988,1002291,1.859060151,1.828821171
7,1842700,1000052,1000052,1000105,1001302,1.842506537,1.840303924
7,1843812,1000365,1000365,1000312,1001458,1.843236910,1.841127636
7,1844017,1000468,1000468,1000417,1001563,1.843248365,1.841139299
7,1835251,1000312,1000312,978958,1001511,1.874698404,1.832482120
7,1843614,1000521,1000521,1000521,1001615,1.842653977,1.840641364
7,1843941,1000417,1000417,1000364,1001771,1.843270050,1.840681154
7,1843418,1000312,1000312,1000313,1001458,1.842841191,1.840734210
7,1821016,1000729,1000729,975365,1002344,1.867009786,1.816757520
7,1842599,1000052,1000052,1000105,1001302,1.842405547,1.840203056
7,1843233,1000104,1000104,1000104,1001250,1.843041324,1.840931835
7,1843875,1000365,1000365,1000364,1001510,1.843204074,1.841094947
7,1833302,1000678,1000678,987916,1001979,1.855726600,1.829681061
7,1843774,1000313,1000313,1000312,1001771,1.843198922,1.840514449
7,1843617,1000364,1000364,1000313,1001459,1.843040128,1.840931082
7,1843752,1000521,1000521,1000520,1001667,1.842793747,1.840683580
7,1822883,1000209,1000209,978332,1001667,1.863256032,1.819849311
7,1843874,1000365,1000365,1000365,1001510,1.843201232,1.841093948
7,1843151,1000000,1000000,1000000,1001094,1.843151000,1.841136796
7,1843939,1000468,1000468,1000469,1001614,1.843074598,1.840967678
7,1833487,1000208,1000208,976457,1001511,1.877693539,1.830720781
7,1843375,1000105,1000105,1000104,1001146,1.843183309,1.841264910
7,1843325,1000365,1000365,1000364,1001406,1.842654274,1.840736924
7,1843336,1000209,1000209,1000156,1001250,1.843048484,1.841034707
7,1826377,1000260,1000260,982187,1001459,1.859500278,1.823716198
7,1843358,1000208,1000208,1000208,1001250,1.842974661,1.841056679
7,1843769,1000313,1000313,1000365,1001354,1.843096270,1.841275912
7,1843271,1000416,1000416,1000469,1001406,1.842406911,1.840683000
7,1839414,1000312,1000312,997709,1001459,1.843637774,1.836734205
7,1843359,1000364,1000364,1000365,1001303,1.842686419,1.840960229
7,1843694,1000260,1000260,1000261,1001198,1.843212921,1.841487897
7,1844001,1000416,1000416,1000521,1001511,1.843040776,1.841218918
7,1828295,1000469,1000469,981980,1001667,1.861845455,1.825252304
7,1831221,1000156,1000156,1000260,1001250,1.830745006,1.828934831
7,1843555,1000208,1000208,1000156,1001198,1.843267450,1.841349064
7,1841972,1000052,1000052,1000052,1001042,1.841876222,1.840054663
7,1837478,1000417,1000417,980519,1001510,1.873985104,1.834707592
7,1843872,1000364,1000364,1000365,1001250,1.843199232,1.841570037
7,1844019,1000469,1000469,1000417,1001354,1.843250365,1.841525574
7,1843896,1000364,1000364,1000365,1001302,1.843223224,1.841498369
7,1834368,1000468,1000468,987189,1001511,1.858173055,1.831600452
7,1843788,1000312,1000312,1000313,1001250,1.843211075,1.841486142
7,1843796,1000313,1000313,1000312,1001250,1.843220915,1.841494132
7,1843830,1000365,1000365,1000364,1001250,1.843159090,1.841528090
7,1836746,1000208,1000208,995051,1001250,1.845881266,1.834452934
7,1843668,1000260,1000260,1000260,1001250,1.843188771,1.841366292
7,1844069,1000469,1000469,1000469,1001407,1.843204537,1.841478040
7,1843549,1000208,1000208,1000156,1001041,1.843261451,1.841631861
7,1830367,1000730,1000730,988750,1001927,1.851192920,1.826846666
7,1843498,1000156,1000156,1000157,1001198,1.843208616,1.841292132
7,1843295,1000052,1000052,1000052,1001093,1.843199154,1.841282478
7,1841963,1000208,1000208,1000208,1001459,1.841579951,1.839279491
7,1830918,1000521,1000521,966979,1001927,1.893441326,1.827396607
7,1843330,1000052,1000052,1000052,1001458,1.843234152,1.840646338
7,1843248,1000000,1000000,1000000,1001146,1.843248000,1.841138056
7,1843478,1000156,1000156,1000157,1001302,1.843188619,1.841080913
7,1826551,1000468,1000468,977084,1001979,1.869389940,1.822943395
7,1843751,1000312,1000312,1000261,1001719,1.843269907,1.840587031
7,1843851,1000365,1000365,1000312,1001459,1.843275898,1.841164741
7,1850852,1009479,1009479,997864,1010625,1.854813882,1.831393445
7,1844150,1000521,1000521,1000521,1001875,1.843189698,1.840698690
7,1843934,1000364,1000364,1000365,1001510,1.843261210,1.841153858
7,1843514,1000156,1000156,1000157,1001302,1.843224614,1.841116866
7,1835465,1000104,1000104,988490,1001250,1.856837196,1.833173533
7,1821478,1000469,1000469,978697,1001927,1.861125558,1.817974763
7,1844076,1000469,1000469,1000416,1001615,1.843309183,1.841102619
7,1843243,1000052,1000052,1000052,1001094,1.843147156,1.841228696
7,1831390,1000313,1000313,973698,1001510,1.880860390,1.828628771
7,1843649,1000260,1000260,1000260,1001615,1.843169776,1.840676308
7,1843442,1000156,1000156,1000157,1001250,1.843152625,1.841140574
7,1843995,1000416,1000416,1000417,1001562,1.843226375,1.841119172
7,1834716,1000521,1000521,983645,1001667,1.865221701,1.831662618
7,1837412,1000417,1000417,992864,1001771,1.850618010,1.834163696
7,1844174,1000521,1000521,1000521,1001615,1.843213686,1.841200461
7,1843656,1000209,1000209,1000260,1001406,1.843176774,1.841067459
7,1838022,1000520,1000520,995469,1001771,1.846387984,1.834772618
7,1843574,1000157,1000157,1000156,1001302,1.843286447,1.841176788
7,1843894,1000365,1000365,1000365,1001562,1.843221224,1.841018329
7,1843979,1000417,1000417,1000417,1001563,1.843210381,1.841101359
7,1835222,1000469,1000469,992500,1001719,1.849090176,1.832072667
7,1821069,1000365,1000365,979895,1001511,1.858432791,1.818321516
7,1843966,1000416,1000416,1000417,1001823,1.843197387,1.840610567
7,1844057,1000469,1000469,1000469,1001614,1.843192543,1.841085488
7,1836069,1000052,1000052,984115,1001302,1.865705736,1.833681547
7,1843816,1000312,1000312,1000625,1002031,1.842664335,1.840078800
7,1844099,1000521,1000521,1000469,1001667,1.843234523,1.841030003
7,1843537,1000208,1000208,1000209,1001302,1.843151781,1.841139836
7,1836941,1000730,1000730,992240,1001875,1.851307143,1.833503182
7,1827751,1000260,1000260,984167,1001719,1.857155341,1.824614488
7,1843844,1000364,1000364,1000313,1001458,1.843267057,1.841159589
7,1843935,1000365,1000365,1000364,1001511,1.843264052,1.841153018
7,1833113,1000573,1000573,988958,1001771,1.853580233,1.829872296
7,1843689,1000261,1000261,1000260,1001771,1.843209765,1.840429599
7,1843760,1000312,1000312,1000312,1001459,1.843184926,1.841073873
7,1843135,999948,999948,999948,1001094,1.843230848,1.841120814
7,1823437,1012969,1012969,970155,1014167,1.879531621,1.797965227
7,1843258,1000052,1000052,1000052,1001198,1.843162156,1.841052419
7,1843593,1000208,1000208,1000209,1001614,1.843207770,1.840622236
7,1843954,1000417,1000417,1000365,1001563,1.843281202,1.841076398
7,1836342,1000521,1000521,981146,1001823,1.871629706,1.833000440
7,1844101,1000521,1000521,1000469,1001615,1.843236522,1.841127579
7,1843792,1000313,1000313,1000312,1001459,1.843216916,1.841105827
7,1844133,1000520,1000520,1000521,1001562,1.843172707,1.841256957
7,1827509,1000313,1000313,983281,1001511,1.858582643,1.824751800
7,1843287,1000052,1000052,1000052,1001458,1.843191154,1.840603400
7,1843631,1000260,1000260,1000209,1001406,1.843245762,1.841042494
7,1843522,1000156,1000156,1000156,1001562,1.843234455,1.840646910
7,1834760,1000208,1000208,995625,1001406,1.842822348,1.832183949
7,1843504,1000157,1000157,1000156,1001458,1.843216458,1.840820084
7,1843641,1000260,1000260,1000209,1001666,1.843255760,1.840574603
7,1844117,1000521,1000521,1000469,1001615,1.843252515,1.841143553
7,1828934,1000520,1000520,981459,1001719,1.863484873,1.825795458
7,1843212,1000000,1000000,1000000,1001407,1.843212000,1.840622245
7,1843201,1000000,1000000,1000000,1001146,1.843201000,1.841091110
7,1843931,1000417,1000417,1000416,1001511,1.843164244,1.841149024
7,1832764,1000364,1000364,981510,1001562,1.867290196,1.829905687
7,1843224,1000000,1000000,1000000,1001146,1.843224000,1.841114083
7,1843354,1000052,1000052,1000052,1001198,1.843258151,1.841148304
7,1843357,1000105,1000105,1000104,1001250,1.843165311,1.841055680
7,1827913,1000365,1000365,984480,1001563,1.856729441,1.825060431
7,1843900,1000365,1000365,1000364,1001875,1.843229065,1.840449158
7,1843753,1000313,1000313,1000312,1001563,1.843177928,1.840875711
7,1844009,1000469,1000469,1000469,1001562,1.843144565,1.841133150
7,1836432,1000312,1000312,996979,1001562,1.841996672,1.833567967
7,1843232,1000000,1000000,1000052,1001094,1.843136157,1.841217708
7,1844020,1000469,1000469,1000468,1001563,1.843157402,1.841142295
7,1843418,1000105,1000105,1000104,1001197,1.843226304,1.841214067
7,1814067,1000677,1000677,971094,1001927,1.868065295,1.810578016
7,1843569,1000208,1000208,1000208,1001667,1.843185617,1.840500885
7,1844114,1000469,1000469,1000468,1001615,1.843251358,1.841140558
7,1843207,1000000,1000000,1000000,1001459,1.843207000,1.840521679
7,1832716,1000364,1000364,978073,1001614,1.873802876,1.829762763
7,1843455,1000156,1000156,1000156,1001562,1.843167466,1.840580014
7,1843427,1000104,1000104,1000052,1001250,1.843331147,1.841125593
7,1843786,1000312,1000312,1000312,1001458,1.843210918,1.841101674
7,1805043,1000208,1000208,962135,1001563,1.876080799,1.802226121
7,1844132,1000521,1000521,1000469,1001771,1.843267508,1.840871816
7,1843972,1000469,1000469,1000416,1001563,1.843205227,1.841094370
7,1843251,1000000,1000000,1000000,1001458,1.843251000,1.840567453
7,1834384,1000052,1000052,996041,1001250,1.841675192,1.832093883
7,1844179,1000521,1000521,1000572,1001979,1.843124733,1.840536578
7,1843928,1000417,1000417,1000364,1001510,1.843257054,1.841147867
7,1843766,1000313,1000313,1000312,1001407,1.843190924,1.841175466
7,1784169,1000365,1000365,951666,1001667,1.874784851,1.781199740
7,1843216,1000052,1000052,1000000,1001198,1.843216000,1.841010469
7,1844086,1000521,1000521,1000520,1001615,1.843127574,1.841112603
7,1843655,1000261,1000261,1000261,1001354,1.843173932,1.841162067
7,1836835,1000677,1000677,981458,1001875,1.871537040,1.833397380
7,1843215,1000000,1000000,1000052,1001354,1.843119158,1.840722662
7,1843760,1000312,1000312,1000261,1001302,1.843278904,1.841362546
7,1843602,1000209,1000209,1000208,1001407,1.843218611,1.841011697
7,1829351,1000312,1000312,977866,1001562,1.870758366,1.826498010
7,1843327,1000104,1000104,1000052,1001042,1.843231152,1.841408253
7,1843587,1000209,1000209,1000208,1001093,1.843203614,1.841574159
7,1843506,1000156,1000156,1000156,1001042,1.843218458,1.841587066
7,1838662,1000364,1000364,997188,1001302,1.843846897,1.836271175
7,1843272,1000000,1000000,1000052,1000885,1.843176155,1.841642147
7,1843262,1000052,1000052,1000000,1000938,1.843262000,1.841534641
7,1843812,1000312,1000312,1000365,1001250,1.843139254,1.841510112
7,1832200,1000677,1000677,989271,1001823,1.852070868,1.828865977
7,1844106,1000521,1000521,1000469,1001771,1.843241520,1.840845862
7,1843626,1000208,1000208,1000209,1001302,1.843240763,1.841228720
7,1843832,1000313,1000313,1000365,1001355,1.843159247,1.841336988
7,1837770,1000365,1000365,996823,1001875,1.843627204,1.834330630
7,1843333,1000052,1000052,1000052,1001145,1.843237152,1.841224798
7,1843781,1000313,1000313,1000312,1001407,1.843205920,1.841190445
7,1843739,1000313,1000313,1000313,1001459,1.843162090,1.841052904
7,1779627,1000625,1000625,945208,1002083,1.882788762,1.775927743
7,1843338,1000104,1000104,1000052,1001198,1.843242151,1.841132323
7,1844162,1000521,1000521,1000521,1001667,1.843201692,1.841092898
7,1844102,1000468,1000468,1000469,1001875,1.843237522,1.840650780
7,1833030,1000209,1000209,987291,1001667,1.856625858,1.829979424
7,1843559,1000209,1000209,1000208,1001250,1.843175619,1.841257428
7,1843507,1000157,1000157,1000156,1001302,1.843219458,1.841109875
7,1843330,1000052,1000052,1000052,1001198,1.843234152,1.841124333
7,1830192,1000156,1000156,981718,1001667,1.864274670,1.827146147
7,1843848,1000364,1000364,1000365,1001562,1.843175241,1.840972401
7,1843938,1000365,1000365,1000416,1001563,1.843171241,1.841060423
7,1843322,1000104,1000104,1000052,1001198,1.843226152,1.841116343
7,1836276,1000521,1000521,982239,1001719,1.869479831,1.833124858
7,1844044,1000469,1000469,1000469,1001563,1.843179549,1.841166257
7,1843654,1000260,1000260,1000208,1001666,1.843270600,1.840587581
7,1843409,1000104,1000104,1000104,1001250,1.843217305,1.841107615
7,1830776,1000521,1000521,982239,1001979,1.863880379,1.827160050
7,1843965,1000364,1000364,1000365,1001563,1.843292198,1.841087380
7,1843534,1000209,1000209,1000208,1001354,1.843150625,1.841041230
7,1843791,1000312,1000312,1000261,1001407,1.843309896,1.841200431
7,1836735,1000156,1000156,995573,1001302,1.844902383,1.834346681
7,1843943,1000365,1000365,1000364,1001510,1.843272049,1.841162844
7,1835462,1000104,1000104,1000104,1001146,1.835271132,1.833360968
7,1840327,1000573,1000573,1000781,1002240,1.838890826,1.836213881
7,1822959,1000520,1000520,976147,1001719,1.867504587,1.819830711
7,1843066,1000312,1000312,1000261,1001407,1.842585085,1.840476450
7,1843517,1000312,1000312,1000261,1001406,1.843035968,1.840928654
7,1844219,1000573,1000573,1000781,1002135,1.842779789,1.840289981
7,1808759,1000261,1000261,934740,1001563,1.935039690,1.805936322
7,1843382,1000209,1000209,1000208,1001458,1.842998656,1.840698262
7,1844370,1000625,1000625,1000625,1001719,1.843217989,1.841204969
7,1843833,1000312,1000312,1000313,1001666,1.843256061,1.840766283
7,1803172,1000156,1000156,962916,1001354,1.872616095,1.800733806
7,1843587,1000208,1000208,1000261,1001250,1.843105949,1.841285393
7,1843978,1000469,1000469,1000417,1001407,1.843209382,1.841387168
7,1843077,1000156,1000156,1000208,1001250,1.842693720,1.840776030
7,1838238,1000261,1000261,995835,1001563,1.845926283,1.835369318
7,1843380,1000208,1000208,1000261,1001302,1.842899003,1.840983040
7,1843962,1000417,1000417,1000469,1001458,1.843097587,1.841277418
7,1843700,1000260,1000260,1000260,1001198,1.843220763,1.841493890
7,1831813,1000208,1000208,984375,1001406,1.860889397,1.829241087
7,1844128,1000469,1000469,1000469,1001458,1.843263509,1.841443176
7,1844213,1000573,1000573,1000521,1001459,1.843252665,1.841526213
7,1843873,1000468,1000468,1000417,1001406,1.843104425,1.841284154
7,1910079,1000677,1000677,980156,1001770,1.948749995,1.906704134
7,2091240,1000261,1000261,1000312,1001302,2.090587737,2.088520746
7,2093300,1000573,1000573,1000625,1001667,2.091992505,2.089816276
7,2093884,1000520,1000520,1000521,1001354,2.092793655,2.091052715
7,2082235,1000469,1000469,984636,1001459,2.114725645,2.079201445
7,2093239,1000208,1000208,1000209,1001146,2.092801604,2.090842894
7,2093514,1000312,1000312,1000313,1001146,2.092858935,2.091117579
7,2093115,1000156,1000156,1000104,1000990,2.092897339,2.091044866
7,2085424,1000105,1000105,997343,1001146,2.090979733,2.083036840
7,2093486,1000313,1000313,1000260,1001146,2.092941835,2.091089611
7,1838643,1000312,1000312,1000313,1001250,1.838067685,1.836347566
7,1843304,1000052,1000052,1000052,1000937,1.843208153,1.841578441
7,1832217,1000156,1000156,986355,1001198,1.857563453,1.830024630
7,1843364,1000104,1000104,1000105,1001093,1.843170467,1.841351403
7,1844041,1000468,1000468,1000469,1001407,1.843176550,1.841450080
7,1844243,1000573,1000573,1000573,1001510,1.843186854,1.841462392
7,1833661,1000156,1000156,974011,1001354,1.882587568,1.831181580
7,1843692,1000261,1000261,1000312,1001250,1.843116948,1.841390262
7,1843931,1000417,1000417,1000416,1001406,1.843164244,1.841342073
7,1844479,1000729,1000729,1000781,1001719,1.843039586,1.841313782
7,1833640,1000729,1000729,987918,1001979,1.856064977,1.830018394
7,1830591,1000209,1000209,1000208,1001354,1.830210316,1.828115731
7,1843974,1000417,1000417,1000416,1001406,1.843207226,1.841385013
7,1843867,1000365,1000365,1000364,1001302,1.843196077,1.841469407
7,1839396,1000364,1000364,997500,1001406,1.844006015,1.836813440
7,1843345,1000052,1000052,1000104,1000937,1.843153312,1.841619403
7,1843913,1000365,1000365,1000365,1001302,1.843240217,1.841515347
7,1843900,1000365,1000365,1000365,1001302,1.843227222,1.841502364
7,1833562,1000625,1000625,985677,1001823,1.860205727,1.830225499
7,1844366,1000625,1000625,1000729,1001875,1.843022437,1.840914286
7,1843942,1000417,1000417,1000468,1001458,1.843079439,1.841257447
7,1842116,1000208,1000208,1000208,1001250,1.841732920,1.839816230
7,1931229,1000104,1000104,977551,1001198,1.975578768,1.928918156
7,2093746,1000417,1000417,1000417,1001458,2.092873272,2.090697763
7,2092374,1000156,1000156,1000157,1000989,2.092045549,2.090306687
7,2093627,1000365,1000365,1000364,1001250,2.092865197,2.091013233
7,2078390,1000260,1000260,988022,1001303,2.103586762,2.075685382
7,2093304,1000261,1000261,1000312,1001302,2.092651093,2.090582062
7,2093560,1000365,1000365,1000364,1001302,2.092798221,2.090837729
7,2092411,1000104,1000104,1000104,1001093,2.092193412,2.090126492
7,2086772,1000156,1000156,994478,1001146,2.098359139,2.084383297
7,2093814,1000469,1000469,1000469,1001406,2.092832462,2.090874231
7,2093316,1000208,1000208,1000208,1001094,2.092880681,2.091028415
7,2092969,1000104,1000104,1000104,1000885,2.092751354,2.091118360
7,2079465,1000416,1000416,987030,1001354,2.106790067,2.076653212
7,1861582,1000052,1000052,1000052,1000886,1.861485203,1.859934098
7,1843731,1000313,1000313,1000312,1001146,1.843155935,1.841620503
7,1843682,1000260,1000260,1000209,1001145,1.843296751,1.841573398
7,1837995,1000521,1000521,984427,1001563,1.867070895,1.835126697
7,1843134,999948,999948,999948,1000989,1.843229848,1.841312942
7,1843893,1000364,1000364,1000417,1001303,1.843124417,1.841493534
7,1842572,1000469,1000469,1000469,1001354,1.841708239,1.840080531
7,1819823,1000521,1000521,978333,1001615,1.860126358,1.816888725
7,1843860,1000365,1000365,1000312,1001406,1.843284895,1.841271173
7,1843491,1000157,1000157,1000156,1001146,1.843203460,1.841380778
7,1843700,1000260,1000260,1000260,1001250,1.843220763,1.841398252
7,1835884,1000104,1000104,994323,1001198,1.846365819,1.833687243
7,1844221,1000520,1000520,1000521,1001667,1.843260661,1.841151800
7,1843575,1000208,1000208,1000208,1001198,1.843191616,1.841369040
7,1844053,1000469,1000469,1000469,1001459,1.843188545,1.841366446
7,1831134,1000365,1000365,984374,1001562,1.860201509,1.828278229
7,1843374,1000052,1000052,1000104,1001042,1.843182309,1.841455204
7,1844205,1000573,1000573,1000573,1001562,1.843148876,1.841328844
7,1844059,1000468,1000468,1000469,1001459,1.843194542,1.841372438
7,1837003,1000312,1000312,983958,1001980,1.866952654,1.833372922
7,1843792,1000313,1000313,1000312,1001510,1.843216916,1.841012072
7,1843790,1000313,1000313,1000364,1001406,1.843119105,1.841201271
7,1843291,1000052,1000052,1000052,1001042,1.843195154,1.841372290
7,1831972,1000625,1000625,982241,1001875,1.865094208,1.828543481
7,1843559,1000208,1000208,1000260,1001406,1.843079799,1.840970595
7,1843118,999948,999948,999896,1000989,1.843309704,1.841296957
7,1843710,1000312,1000312,1000209,1001354,1.843324745,1.841216992
7,1838748,1000468,1000468,994116,1001667,1.849631230,1.835687908
7,1843979,1000417,1000417,1000417,1001406,1.843210381,1.841390006
7,1843910,1000364,1000364,1000417,1001406,1.843141410,1.841321103
7,1844037,1000468,1000468,1000417,1001667,1.843268357,1.840968106
7,1830629,1000365,1000365,982550,1001510,1.863140807,1.827868918
7,1843415,1000104,1000104,1000104,1000990,1.843223305,1.841591824
7,1843311,1000052,1000052,1000104,1000990,1.843119316,1.841487927
7,1843149,999948,999948,999948,1000885,1.843244849,1.841519255
7,1830883,1000625,1000625,973490,1001719,1.880741456,1.827741113
7,1843643,1000261,1000261,1000260,1001146,1.843163777,1.841532604
7,1843608,1000208,1000208,1000260,1001250,1.843128787,1.841306367
7,1843338,1000052,1000052,1000052,1000990,1.843242151,1.841514900
7,1832904,1000625,1000625,985312,1001823,1.860227014,1.829568696
7,1843047,999896,999896,999895,1001094,1.843240540,1.841032910
7,1844017,1000469,1000469,1000417,1001458,1.843248365,1.841332337
7,1843877,1000364,1000364,1000365,1001406,1.843204230,1.841288149
7,1833510,1000573,1000573,987605,1001875,1.856521585,1.830078603
7,1843372,1000104,1000104,1000105,1001146,1.843178466,1.841261914
7,1843707,1000312,1000312,1000261,1001302,1.843225918,1.841309615
7,1843848,1000365,1000365,1000365,1001354,1.843175241,1.841354806
7,1830212,1000209,1000209,983020,1001562,1.861825802,1.827357667
7,1843993,1000417,1000417,1000416,1001719,1.843226218,1.840828616
7,1844074,1000468,1000468,1000469,1001511,1.843209535,1.841291808
7,1843326,1000052,1000052,1000052,1001146,1.843230152,1.841215967
7,1834786,1000365,1000365,981199,1001719,1.869942794,1.831637415
7,1843299,1000052,1000052,1000052,1001042,1.843203153,1.841380282
7,1843198,999948,999948,999948,1001146,1.843293851,1.841088113
7,1843987,1000417,1000417,1000469,1001458,1.843122576,1.841302381
7,1824899,1000312,1000312,973439,1001667,1.874692713,1.821861956
7,1842799,1000157,1000157,1000104,1001198,1.842607369,1.840593968
7,1844011,1000469,1000469,1000469,1001718,1.843146564,1.840848422
7,1843480,1000156,1000156,1000157,1001198,1.843190619,1.841274154
7,1837170,1000157,1000157,993385,1001198,1.849403806,1.834971704
7,1843274,1000052,1000052,1000052,1001094,1.843178155,1.841259662
7,1843912,1000417,1000417,1000364,1001406,1.843241060,1.841323100
7,1843189,1000000,1000000,1000000,1001041,1.843189000,1.841272236
7,1831216,1000416,1000416,984792,1001771,1.859495203,1.827978650
7,1843282,1000052,1000052,1000000,1001146,1.843282000,1.841172017
7,1843716,1000313,1000313,1000312,1001354,1.843140940,1.841222984
7,1843593,1000261,1000261,1000208,1001198,1.843209612,1.841387018
7,1834538,1000365,1000365,984166,1001615,1.864053422,1.831579998
7,1843203,1000000,1000000,999948,1001354,1.843298852,1.840710678
7,1844043,1000469,1000469,1000417,1001563,1.843274355,1.841165259
7,1843696,1000261,1000261,1000312,1001406,1.843120946,1.841107403
7,1811159,1000365,1000365,966824,1001875,1.873307862,1.807769432
7,1843993,1000417,1000417,1000417,1001562,1.843224375,1.841117175
7,1843506,1000156,1000156,1000157,1001302,1.843216615,1.841108876
7,1843494,1000104,1000104,1000156,1001250,1.843206460,1.841192509
7,1836778,1000052,1000052,995781,1001250,1.844560199,1.834484894
7,1843707,1000312,1000312,1000313,1001406,1.843130100,1.841118388
7,1843251,1000052,1000052,1000000,1001146,1.843251000,1.841141052
7,1843217,1000000,1000000,1000000,1001406,1.843217000,1.840629076
7,1827340,1000156,1000156,982708,1001615,1.859494377,1.824393604
7,1843982,1000417,1000417,1000365,1001562,1.843309192,1.841106192
7,1843828,1000313,1000313,1000312,1001459,1.843252905,1.841141774
7,1843174,1000000,1000000,999948,1001094,1.843269850,1.841159771
7,1836478,1000209,1000209,982708,1001510,1.868793172,1.833709099
7,1843208,1000000,1000000,1000000,1001250,1.843208000,1.840906866
7,1843445,1000104,1000104,1000157,1001250,1.843155625,1.841143571
7,1843180,999947,999947,1000000,1001094,1.843180000,1.841165765
7,1828417,1000521,1000521,980729,1002031,1.864344788,1.824711012
7,1843257,1000052,1000052,1000000,1001563,1.843257000,1.840380485
7,1844046,1000469,1000469,1000469,1001614,1.843181548,1.841074506
7,1843264,1000052,1000052,1000000,1001146,1.843264000,1.841154037
7,1838506,1000573,1000573,995833,1001771,1.846199112,1.835255762
7,1843755,1000313,1000313,1000313,1001406,1.843178085,1.841166320
7,1843879,1000364,1000364,1000417,1001510,1.843110423,1.841098941
7,1843904,1000365,1000365,1000364,1001511,1.843233063,1.841122065
7,1828167,1000781,1000781,975260,1002135,1.874543199,1.824272179
7,1843206,1000000,1000000,999948,1001198,1.843301852,1.841000481
7,1843931,1000365,1000365,1000416,1001563,1.843164244,1.841053433
7,1844142,1000521,1000521,1000521,1001875,1.843181702,1.840690705
7,1833380,1000469,1000469,985157,1002083,1.861002866,1.829569008
7,1843723,1000260,1000260,1000261,1001406,1.843241914,1.841134365
7,1843624,1000260,1000260,1000209,1001354,1.843238763,1.841131108
7,1843740,1000312,1000312,1000313,1001406,1.843163090,1.841151341
7,1826771,1000156,1000156,983282,1001667,1.857830205,1.823730841
7,1843082,999948,999948,999948,1001093,1.843177845,1.841069711
7,1843432,1000104,1000104,1000104,1001250,1.843240303,1.841130587
7,1844022,1000469,1000469,1000417,1001562,1.843253363,1.841146130
7,1839114,1000521,1000521,995625,1001771,1.847195480,1.835862687
7,1843604,1000208,1000208,1000209,1001563,1.843218767,1.840726944
7,1843494,1000209,1000209,1000156,1001250,1.843206460,1.841192509
7,1843393,1000104,1000104,1000052,1001197,1.843297149,1.841189097
7,1823076,1000313,1000313,981302,1001823,1.857813395,1.819758580
7,1844207,1000573,1000573,1000520,1001667,1.843248511,1.841137823
7,1843966,1000417,1000417,1000416,1001563,1.843199229,1.841088379
7,1843693,1000261,1000261,1000260,1001354,1.843213764,1.841200015
7,1834714,1000521,1000521,982188,1001718,1.867986577,1.831567367
7,1843505,1000156,1000156,1000156,1001302,1.843217458,1.841107878
7,1843174,1000000,1000000,999948,1001094,1.843269850,1.841159771
7,1843399,1000156,1000156,1000104,1001250,1.843207306,1.841097628
7,1821622,1000416,1000416,978645,1001927,1.861371590,1.818118486
7,1843331,1000104,1000104,1000052,1001250,1.843235152,1.841029713
7,1844172,1000521,1000521,1000520,1001667,1.843213529,1.841102881
7,1843843,1000365,1000365,1000365,1001458,1.843170243,1.841158591
7,1834680,1000104,1000104,995104,1001354,1.843706788,1.832199202
7,1844213,1000573,1000573,1000572,1001667,1.843158713,1.841143813
7,1843338,1000105,1000105,1000052,1001198,1.843242151,1.841132323
7,1843570,1000209,1000209,1000208,1001355,1.843186617,1.841075343
7,1797846,1000365,1000365,961042,1001614,1.870725733,1.794948952
7,1843352,1000104,1000104,1000052,1001250,1.843256151,1.841050687
7,1843382,1000104,1000104,1000104,1001511,1.843190308,1.840600852
7,1843308,1000052,1000052,1000104,1001458,1.843116316,1.840624370
7,1833738,1000625,1000625,979323,1001823,1.872454747,1.830401179
7,1843445,1000156,1000156,1000104,1001302,1.843253302,1.841047956
7,1844144,1000521,1000521,1000468,1001667,1.843281344,1.841074928
7,1843731,1000313,1000313,1000260,1001354,1.843251755,1.841237964
7,1828985,1000678,1000678,984792,1002083,1.857229750,1.825183144
7,1843282,1000052,1000052,1000052,1001250,1.843186154,1.840980774
7,1843504,1000156,1000156,1000156,1001302,1.843216458,1.841106879
7,1844001,1000417,1000417,1000364,1001563,1.843330028,1.841123324
7,1837587,1000365,1000365,995677,1001770,1.845565379,1.834340218
7,1843718,1000261,1000261,1000260,1001614,1.843238758,1.840747034
7,1843573,1000208,1000208,1000208,1001354,1.843189617,1.841080177
7,1861288,1014479,1014479,1005001,1015729,1.852026018,1.832465156
7,1836884,1000417,1000417,992708,1001823,1.850376949,1.833541454
7,1843415,1000104,1000104,1000156,1001302,1.843127472,1.841017995
7,1843396,1000105,1000105,1000104,1001250,1.843204307,1.841094632
7,1833041,1000157,1000157,982968,1001407,1.864802313,1.830465535
7,1843531,1000156,1000156,1000209,1001354,1.843145783,1.841038234
7,1843333,1000104,1000104,1000052,1001198,1.843237152,1.841127329
7,1844094,1000468,1000468,1000469,1001614,1.843229525,1.841122428
7,1836265,1000312,1000312,991875,1001510,1.851306868,1.833496420
7,1837044,1000157,1000157,994218,1001303,1.847727561,1.834653447
7,1844100,1000469,1000469,1000469,1001666,1.843235523,1.841032839
7,1843571,1000208,1000208,1000208,1001563,1.843187617,1.840693995
7,1836861,1000312,1000312,996250,1001458,1.843775157,1.834186756
7,1844025,1000417,1000417,1000468,1001615,1.843162400,1.841051702
7,1843875,1000364,1000364,1000365,1001510,1.843202231,1.841094947
7,1843554,1000156,1000156,1000209,1001302,1.843168778,1.841156814
7,1837557,1000521,1000521,992031,1001667,1.852318123,1.834498890
7,1834975,1000260,1000260,992657,1001458,1.848548895,1.832303501
7,1843242,1000052,1000052,1000000,1001302,1.843242000,1.840845220
7,1843560,1000156,1000156,1000208,1001302,1.843176619,1.841162806
7,1834857,1000573,1000573,983853,1001719,1.864970682,1.831708293
7,1843934,1000417,1000417,1000417,1001667,1.843165400,1.840865278
7,1843718,1000260,1000260,1000261,1001250,1.843236915,1.841416230
7,1843892,1000364,1000364,1000365,1001354,1.843219225,1.841398746
7,1833779,1000364,1000364,985729,1001458,1.860327737,1.831109243
7,1839527,1000573,1000573,998385,1001875,1.842502642,1.836084342
7,1843261,1000000,1000000,1000000,1001041,1.843261000,1.841344161
7,1843223,1000000,1000000,999948,1001042,1.843318853,1.841304361
7,1838412,1000573,1000573,996719,1001666,1.844463685,1.835354300
7,1843394,1000105,1000105,1000052,1001146,1.843298148,1.841283889
7,1844128,1000521,1000521,1000468,1001615,1.843265352,1.841154535
7,1843671,1000261,1000261,1000260,1001303,1.843191770,1.841271823
7,1846540,1009375,1009375,990000,1010625,1.865191919,1.827126778
7,1844304,1000625,1000625,1000677,1001927,1.843056251,1.840756862
7,1843423,1000104,1000104,1000365,1001614,1.842750396,1.840452510
7,1844103,1000521,1000521,1000469,1001563,1.843238521,1.841225165
7,1834576,1000782,1000782,980937,1002031,1.870228159,1.830857528
7,1843221,1000000,1000000,1000000,1001510,1.843221000,1.840441933
7,1843871,1000365,1000365,1000365,1001823,1.843198233,1.840515740
7,1843335,1000104,1000104,1000052,1001198,1.843239152,1.841129327
7,1809291,1000469,1000469,958749,1001615,1.887137301,1.806373706
7,1843406,1000104,1000104,1000104,1001250,1.843214306,1.841104619
7,1843192,1000000,1000000,1000000,1001094,1.843192000,1.841177752
7,1844067,1000469,1000469,1000468,1001562,1.843204380,1.841191060
7,1837039,1000468,1000468,994218,1001718,1.847722532,1.833888380
7,1843468,1000157,1000157,1000104,1001250,1.843276299,1.841166542
7,1843358,1000105,1000105,1000104,1001250,1.843166311,1.841056679
7,1843997,1000417,1000417,1000469,1001511,1.843132571,1.841214924
7,1830791,1000520,1000520,979792,1001822,1.868550672,1.827461365
7,1843563,1000208,1000208,1000157,1001354,1.843273606,1.841070191
7,1844094,1000469,1000469,1000468,1001614,1.843231368,1.841122428
7,1843842,1000312,1000312,1000365,1001511,1.843169243,1.841060158
7,1835219,1000468,1000468,982239,1001770,1.868403718,1.831976402
7,1843057,999895,999895,999948,1001146,1.843152844,1.840947274
7,1843963,1000417,1000417,1000364,1001511,1.843292042,1.841180976
7,1844005,1000416,1000416,1000417,1001563,1.843236370,1.841127318
7,1823168,1000573,1000573,972552,1001771,1.874622642,1.819944878
7,1843744,1000312,1000312,1000313,1001718,1.843167089,1.840581880
7,1843588,1000208,1000208,1000208,1001354,1.843204613,1.841095157
7,1843576,1000208,1000208,1000208,1001302,1.843192616,1.841178785
7,1834927,1000625,1000625,989843,1001875,1.853755596,1.831492951
7,1844110,1000521,1000521,1000469,1001667,1.843245518,1.841040985
7,1843398,1000104,1000104,1000105,1001250,1.843204464,1.841096629
7,1843928,1000416,1000416,1000417,1001510,1.843159403,1.841147867
7,1788947,1000677,1000677,951876,1001927,1.879390803,1.785506329
7,1843640,1000208,1000208,1000157,1001771,1.843350594,1.840380686
7,1844123,1000521,1000521,1000469,1001823,1.843258512,1.840767281
7,1844102,1000469,1000469,1000469,1001927,1.843237522,1.840555250
7,1833915,1000104,1000104,977760,1001354,1.875628989,1.831435237
7,1843326,1000104,1000104,1000052,1001563,1.843230152,1.840449378
7,1843234,1000000,1000000,1000000,1001146,1.843234000,1.841124072
7,1844243,1000521,1000521,1000157,1001667,1.843953499,1.841173763
7,1809966,1000208,1000208,965834,1001510,1.873992839,1.807237072
7,1844046,1000469,1000469,1000469,1001615,1.843181548,1.841072668
7,1844154,1000521,1000521,1000468,1001615,1.843291340,1.841180494
7,1843772,1000260,1000260,1000261,1001354,1.843290901,1.841278908
7,1838986,1000521,1000521,996198,1001770,1.846004509,1.835736746
7,1843891,1000364,1000364,1000365,1001458,1.843218225,1.841206521
7,1843441,1000104,1000104,1000104,1001250,1.843249302,1.841139576
7,1843552,1000208,1000208,1000156,1001562,1.843264451,1.840676863
7,1827222,1000468,1000468,983385,1001875,1.858094236,1.823802371
7,1843900,1000364,1000364,1000365,1001510,1.843227222,1.841119909
7,1843688,1000261,1000261,1000260,1001406,1.843208766,1.841099414
7,1844178,1000573,1000573,1000573,1001667,1.843121891,1.841108872
7,1835285,1000521,1000521,983177,1001823,1.866688297,1.831945364
7,1843488,1000156,1000156,1000156,1001354,1.843200461,1.840995292
7,1843671,1000208,1000208,1000260,1001406,1.843191770,1.841082438
7,1844256,1000573,1000573,1000573,1001823,1.843199846,1.840900039
7,1829895,1000573,1000573,983176,1001927,1.861207963,1.826375574
7,1843719,1000260,1000260,1000364,1001823,1.843048130,1.840364016
7,1843663,1000209,1000209,1000208,1001354,1.843279598,1.841170056
7,1843751,1000313,1000313,1000312,1001458,1.843175929,1.841066725
7,1838405,1000521,1000521,996875,1001667,1.844168025,1.835345479
7,1844190,1000521,1000521,1000469,1001615,1.843325480,1.841216435
7,1844044,1000468,1000468,1000469,1001615,1.843179549,1.841070671
7,1844301,1000573,1000573,1000573,1001979,1.843244821,1.840658337
7,1826209,1000104,1000104,980572,1001615,1.862391543,1.823264428
7,1844091,1000468,1000468,1000469,1001615,1.843226527,1.841117595
7,1844144,1000521,1000521,1000469,1001615,1.843279502,1.841170510
7,1844072,1000469,1000469,1000468,1001614,1.843209378,1.841100464
7,1834584,1000625,1000625,982709,1001927,1.866863944,1.831055556
7,1843100,999948,999948,999895,1001093,1.843293546,1.841087691
7,1843320,1000052,1000052,1000052,1001250,1.843224152,1.841018727
7,1843784,1000313,1000313,1000260,1001406,1.843304741,1.841195279
7,1830043,1000626,1000626,980885,1001875,1.865705970,1.826618091
7,1843321,1000052,1000052,1000052,1001563,1.843225152,1.840444385
7,1843374,1000104,1000104,1000104,1001250,1.843182309,1.841072659
7,1843994,1000417,1000417,1000417,1001562,1.843225375,1.841118173
7,1836114,1000260,1000260,995366,1001459,1.844662164,1.833439012
7,1843863,1000365,1000365,1000364,1001510,1.843192078,1.841082965
7,1843351,1000104,1000104,1000104,1001250,1.843159311,1.841049688
7,1843412,1000104,1000104,1000104,1001198,1.843220305,1.841206235
7,1786567,1000521,1000521,949634,1001979,1.881321646,1.783038367
7,1843221,1000000,1000000,999948,1001198,1.843316852,1.841015463
7,1843408,1000104,1000104,1000105,1001250,1.843214462,1.841106617
7,1843467,1000156,1000156,1000157,1001250,1.843177621,1.841165543
7,1811801,989323,989323,967761,1001355,1.872157485,1.809349332
7,1843264,1000000,1000000,1000053,1001197,1.843166312,1.841060251
7,1843653,1000208,1000208,1000261,1001407,1.843171932,1.841062625
7,1843565,1000208,1000208,1000209,1001562,1.843179775,1.840689842
7,1816882,1000625,1000625,975261,1001771,1.862970015,1.813669990
7,1843421,1000104,1000104,1000104,1001562,1.843229304,1.840546067
7,1843573,1000208,1000208,1000208,1001302,1.843189617,1.841175789
7,1843738,1000312,1000312,1000260,1001406,1.843258753,1.841149344
7,1837146,1000261,1000261,995260,1001458,1.845895545,1.834471341
7,1843717,1000260,1000260,1000313,1001407,1.843140097,1.841126535
7,1843206,1000000,1000000,1000000,1001146,1.843206000,1.841096104
7,1843843,1000365,1000365,1000313,1001511,1.843266058,1.841061157
7,1827360,1000364,1000364,985052,1001979,1.855089884,1.823750797
7,1843358,1000104,1000104,1000052,1001250,1.843262150,1.841056679
7,1843922,1000365,1000365,1000416,1001458,1.843155247,1.841237476
7,1844108,1000521,1000521,1000469,1001927,1.843243519,1.840561238
7,1834773,1000209,1000209,980989,1001510,1.870329841,1.832006670
7,1843755,1000260,1000260,1000313,1001459,1.843178085,1.841068881
7,1843818,1000417,1000417,1000365,1001511,1.843145252,1.841036194
7,1843776,1000312,1000312,1000313,1001406,1.843199079,1.841187291
7,1829537,1000261,1000261,982447,1001719,1.862224629,1.826397423
7,1843468,1000104,1000104,1000156,1001250,1.843180464,1.841166542
7,1843442,1000104,1000104,1000104,1001250,1.843250302,1.841140574
7,1843446,1000104,1000104,1000104,1001250,1.843254302,1.841144569
7,1836177,1000260,1000260,995521,1001510,1.844438239,1.833408553
7,1843738,1000313,1000313,1000260,1001406,1.843258753,1.841149344
7,1844028,1000468,1000468,1000417,1001927,1.843259361,1.840481392
7,1843548,1000209,1000209,1000156,1001302,1.843260451,1.841150822
7,1827396,1000105,1000105,980624,1001563,1.863503239,1.824544237
7,1843490,1000156,1000156,1000156,1001614,1.843202460,1.840519402
7,1843389,1000104,1000104,1000052,1001197,1.843293149,1.841185101
7,1844013,1000417,1000417,1000417,1001563,1.843244367,1.841135306
7,1836239,1000365,1000365,982187,1001562,1.869541136,1.833375268
7,1843841,1000364,1000364,1000365,1001458,1.843168244,1.841156594
7,1843487,1000156,1000156,1000104,1001250,1.843295297,1.841185518
7,1843368,1000104,1000104,1000104,1001198,1.843176310,1.841162288
7,1826068,1000364,1000364,981562,1001614,1.860369493,1.823125475
7,1843783,1000312,1000312,1000313,1001823,1.843206076,1.840427900
7,1843606,1000208,1000208,1000209,1001355,1.843220767,1.841111294
7,1843588,1000208,1000208,1000156,1001355,1.843300445,1.841093319
7,1837910,1000469,1000469,995364,1001666,1.846470236,1.834853135
7,1843906,1000364,1000364,1000365,1001459,1.843233220,1.841219661
7,1844162,1000521,1000521,1000520,1001666,1.843203534,1.841094736
7,1843333,1000105,1000105,1000052,1001198,1.843237152,1.841127329
7,1829943,1000313,1000313,982708,1001771,1.862143180,1.826707900
7,1844136,1000521,1000521,1000468,1001614,1.843273348,1.841164361
7,1843219,1000000,1000000,1000000,1001459,1.843219000,1.840533661
7,1843960,1000417,1000417,1000417,1001511,1.843191389,1.841177980
7,1834757,1000417,1000417,983229,1001614,1.866052568,1.831800474
7,1843559,1000157,1000157,1000156,1001302,1.843271450,1.841161807
7,1843203,1000000,1000000,1000000,1001146,1.843203000,1.841093107
7,1843896,1000365,1000365,1000365,1001510,1.843223224,1.841115915
7,1828010,1000156,1000156,981927,1001615,1.861655704,1.825062524
7,1843363,1000104,1000104,1000104,1001250,1.843171310,1.841061673
7,1843712,1000260,1000260,1000313,1001459,1.843135099,1.841025943
7,1843354,1000104,1000104,1000104,1001197,1.843162311,1.841150143
7,1837571,1000521,1000521,996146,1002032,1.844680398,1.833844628
7,1843120,999948,999948,999948,1001093,1.843215847,1.841107669
7,1843147,1000000,1000000,999947,1001146,1.843244692,1.841037171
7,1843406,1000156,1000156,1000104,1001250,1.843214306,1.841104619
7,1828806,1000365,1000365,983073,1001875,1.860295217,1.825383406
7,1843716,1000313,1000313,1000260,1001406,1.843236758,1.841127375
7,1843500,1000156,1000156,1000156,1001303,1.843212459,1.841101045
7,1843757,1000313,1000313,1000260,1001458,1.843277748,1.841072716
7,1837004,1000313,1000313,982968,1001562,1.868833980,1.834139075
7,1843602,1000260,1000260,1000209,1001354,1.843216768,1.841109138
7,1843680,1000261,1000261,1000260,1001406,1.843200768,1.841091425
7,1843879,1000365,1000365,1000313,1001771,1.843302046,1.840619263
7,1828244,1000209,1000209,984740,1001614,1.856575340,1.825297969
7,1843420,1000156,1000156,1000104,1001615,1.843228304,1.840447677
7,1843193,1000000,1000000,999948,1001145,1.843288851,1.841084958
7,1843661,1000260,1000260,1000208,1001407,1.843277598,1.841070614
7,1834587,1000208,1000208,994479,1001354,1.844771986,1.832106328
7,1844068,1000469,1000469,1000469,1001562,1.843203538,1.841192058
7,1843733,1000260,1000260,1000313,1001406,1.843156092,1.841144351
