cpu,cycles,enabled_ns,running_ns,thread_ns,wall_ns,cycles_per_thread_ns,cycles_per_wall_ns
7,1839986,998385,998385,995886,1001614,1.847586973,1.837021048
7,1822201,1000625,1000625,976355,1001875,1.866330382,1.818790767
7,1843439,1000104,1000104,999948,1001406,1.843534864,1.840850764
7,1843389,1000052,1000052,1000105,1000938,1.843195464,1.841661521
7,1843806,1000312,1000312,1000365,1001198,1.843133256,1.841599763
7,1833574,1000364,1000364,977866,1001406,1.875076953,1.830999615
7,1843458,1000156,1000156,1000105,1001198,1.843264457,1.841252180
7,1843839,1000312,1000312,1000365,1001198,1.843166244,1.841632724
7,1844084,1000468,1000468,1000469,1001354,1.843219530,1.841590486
7,1832121,1000625,1000625,983907,1001771,1.862087575,1.828882050
7,1843873,1000364,1000364,1000365,1001302,1.843200232,1.841475399
7,1844126,1000520,1000520,1000469,1001354,1.843261510,1.841632430
7,1843426,1000104,1000104,1000156,1000989,1.843138470,1.841604653
7,1839749,1000261,1000261,996875,1001250,1.845516238,1.837452185
7,1843377,1000104,1000104,1000052,1000938,1.843281149,1.841649533
7,1843945,1000417,1000417,1000365,1001302,1.843272206,1.841547305
7,1843663,1000261,1000261,1000260,1001250,1.843183772,1.841361298
7,1828941,1000365,1000365,982394,1001771,1.861718414,1.825707672
7,1843175,1000000,1000000,1000000,1001198,1.843175000,1.840969519
7,1843135,1000000,1000000,999948,1001198,1.843230848,1.840929566
7,1843942,1000416,1000416,1000417,1001563,1.843173397,1.841064416
7,1835561,1000364,1000364,981667,1001562,1.869840791,1.832698325
7,1843680,1000261,1000261,1000260,1001407,1.843200768,1.841089587
7,1843539,1000156,1000156,1000208,1001303,1.843155624,1.841139995
7,1843335,1000052,1000052,1000104,1001198,1.843143313,1.841129327
7,1822486,1000417,1000417,979844,1001667,1.859975670,1.819452972
7,1843348,1000105,1000105,1000104,1001511,1.843156312,1.840566903
7,1844148,1000521,1000521,1000521,1001614,1.843187699,1.841176341
7,1844134,1000521,1000521,1000573,1001823,1.843077916,1.840778261
7,1836332,1000677,1000677,989115,1002187,1.856540443,1.832324706
7,1843995,1000416,1000416,1000365,1001510,1.843322187,1.841214766
7,1843727,1000261,1000261,1000260,1001406,1.843247756,1.841138359
7,1843496,1000209,1000209,1000156,1001250,1.843208459,1.841194507
7,1827411,1000469,1000469,979323,1001979,1.865994161,1.823801696
7,1843859,1000365,1000365,1000364,1001510,1.843188080,1.841078971
7,1843260,1000000,1000000,1000000,1001146,1.843260000,1.841150042
7,1843402,1000104,1000104,1000104,1001563,1.843210306,1.840525259
7,1833860,1000416,1000416,982344,1001667,1.866820584,1.830808043
7,1843522,1000157,1000157,1000208,1001354,1.843138627,1.841029246
7,1843818,1000365,1000365,1000365,1001459,1.843145252,1.841131789
7,1843489,1000156,1000156,1000157,1001302,1.843199618,1.841091898
7,1829216,1000729,1000729,983594,1002239,1.859726676,1.825129535
7,1843142,999948,999948,1000000,1001146,1.843142000,1.841032177
7,1843390,1000104,1000104,1000052,1001198,1.843294149,1.841184261
7,1843375,1000105,1000105,1000104,1001250,1.843183309,1.841073658
7,1839081,1000365,1000365,995573,1001615,1.847258815,1.836115673
7,1843562,1000208,1000208,1000209,1001302,1.843176776,1.841164803
7,1843352,1000104,1000104,1000104,1001458,1.843160311,1.840668306
7,1843571,1000209,1000209,1000208,1001354,1.843187617,1.841078180
7,1826240,1000209,1000209,981457,1001719,1.860743772,1.823106081
7,1843716,1000261,1000261,1000156,1001406,1.843428425,1.841127375
7,1843695,1000313,1000313,1000260,1001406,1.843215764,1.841106404
7,1843607,1000208,1000208,1000261,1001407,1.843125944,1.841016690
7,1834401,1000416,1000416,982864,1001615,1.866383345,1.831443219
7,1843521,1000209,1000209,1000156,1001302,1.843233456,1.841123857
7,1843458,1000105,1000105,1000104,1001302,1.843266300,1.841060939
7,1843173,999947,999947,1000000,1001146,1.843173000,1.841063142
7,1830628,1000313,1000313,983749,1001667,1.860868982,1.827581422
7,1843902,1000417,1000417,1000365,1001562,1.843229221,1.841026317
7,1844093,1000468,1000468,1000469,1001563,1.843228526,1.841215181
7,1843534,1000156,1000156,1000156,1001302,1.843246454,1.841136840
7,1838278,1000417,1000417,992188,1001667,1.852751696,1.835218690
7,1844090,1000625,1000625,1000469,1001823,1.843225527,1.840734341
7,1843604,1000208,1000208,1000208,1001302,1.843220610,1.841206749
7,1843913,1000417,1000417,1000364,1001510,1.843242060,1.841132889
7,1826620,999948,999948,979895,1001354,1.864097684,1.824150101
7,1843573,1000208,1000208,1000209,1001093,1.843187774,1.841560175
7,1843223,1000000,1000000,1000052,1001042,1.843127157,1.841304361
7,1843712,1000260,1000260,1000260,1001146,1.843232759,1.841601525
7,1837914,1000156,1000156,985000,1001354,1.865902538,1.835428829
7,1843872,1000364,1000364,1000313,1001198,1.843295049,1.841665685
7,1843863,1000364,1000364,1000365,1001198,1.843190236,1.841656695
7,1843753,1000313,1000313,1000260,1001198,1.843273749,1.841546827
7,1833843,1001823,1001823,988230,1003125,1.855684405,1.828130093
7,1843744,1000312,1000312,1000313,1001407,1.843167089,1.841153497
7,1843199,1000000,1000000,999948,1001093,1.843294851,1.841186583
7,1843175,1000000,1000000,999948,1001094,1.843270850,1.841160770
7,1836353,1000573,1000573,997187,1002031,1.841533233,1.832630927
7,1843262,1000000,1000000,1000000,1001146,1.843262000,1.841152040
7,1843876,1000365,1000365,1000313,1001511,1.843299047,1.841094107
7,1843232,1000000,1000000,1000000,1001094,1.843232000,1.841217708
7,1830743,1000417,1000417,980990,1001875,1.866219839,1.827316781
7,1844009,1000468,1000468,1000417,1001563,1.843240369,1.841131312
7,1843605,1000209,1000209,1000156,1001406,1.843317442,1.841016531
7,1843375,1000052,1000052,1000052,1001198,1.843279149,1.841169279
7,1838646,1000625,1000625,983750,1001875,1.869017535,1.835204991
7,1844106,1000520,1000520,1000521,1001667,1.843145721,1.841036991
7,1843423,1000156,1000156,1000104,1001406,1.843231304,1.840834786
7,1843360,1000104,1000104,1000052,1001198,1.843264150,1.841154297
7,1819895,1000521,1000521,976094,1001979,1.864466947,1.816300541
7,1843390,1000105,1000105,1000052,1001198,1.843294149,1.841184261
7,1843745,1000313,1000313,1000260,1001406,1.843265751,1.841156334
7,1844161,1000573,1000573,1000521,1001615,1.843200692,1.841187482
7,1837657,1000469,1000469,995781,1001666,1.845442924,1.834600555
7,1843745,1000312,1000312,1000261,1001407,1.843263908,1.841154496
7,1843738,1000260,1000260,1000260,1001406,1.843258753,1.841149344
7,1843845,1000365,1000365,1000312,1001458,1.843269900,1.841160588
7,1815405,1000364,1000364,968021,1001771,1.875377704,1.812195602
7,1843601,1000208,1000208,1000157,1001719,1.843311600,1.840437288
7,1843784,1000313,1000313,1000312,1001406,1.843208919,1.841195279
7,1843627,1000261,1000261,1000260,1001354,1.843147782,1.841134104
7,1837235,1000416,1000416,982293,1001771,1.870353347,1.833987009
7,1843699,1000261,1000261,1000208,1001458,1.843315590,1.841014800
7,1843490,1000156,1000156,1000208,1001302,1.843106634,1.841092897
7,1843741,1000260,1000260,1000261,1001406,1.843259909,1.841152340
7,1829819,1000573,1000573,983334,1002084,1.860831620,1.826013588
7,1843474,1000156,1000156,1000104,1001250,1.843282299,1.841172534
7,1843752,1000313,1000313,1000312,1001354,1.843176929,1.841258935
7,1843289,1000000,1000000,1000052,1001458,1.843193154,1.840605397
7,1834099,1000156,1000156,989220,1001667,1.854086048,1.831046645
7,1844062,1000469,1000469,1000469,1001563,1.843197540,1.841184229
7,1843289,1000052,1000052,1000052,1001198,1.843193154,1.841083382
7,1843790,1000364,1000364,1000313,1001459,1.843213074,1.841103830
7,1829504,1000208,1000208,981824,1001719,1.863372661,1.826364479
7,1843382,1000104,1000104,1000105,1001250,1.843188465,1.841080649
7,1843328,1000052,1000052,1000052,1001146,1.843232152,1.841217964
7,1843605,1000260,1000260,1000209,1001302,1.843219767,1.841207748
7,1834241,1000416,1000416,981980,1001615,1.867900568,1.831283477
7,1843968,1000417,1000417,1000417,1001823,1.843199386,1.840612563
7,1843958,1000417,1000417,1000416,1001510,1.843191232,1.841177821
7,1843515,1000209,1000209,1000156,1001302,1.843227457,1.841117865
7,1828613,1000573,1000573,983022,1002083,1.860195397,1.824811917
7,1843666,1000260,1000260,1000260,1001459,1.843186771,1.840980010
7,1843402,1000105,1000105,1000104,1001250,1.843210306,1.841100624
7,1843895,1000364,1000364,1000365,1001511,1.843222224,1.841113078
7,1837421,1000365,1000365,995572,1001562,1.845593287,1.834555424
7,1843687,1000260,1000260,1000261,1001354,1.843205923,1.841194023
7,1843339,1000104,1000104,1000053,1001146,1.843241308,1.841228952
7,1843550,1000156,1000156,1000156,1001250,1.843262451,1.841248439
7,1815196,1000468,1000468,973854,1001615,1.863930322,1.812269185
7,1843922,1000364,1000364,1000417,1001563,1.843153405,1.841044448
7,1843184,1000000,1000000,1000000,1001094,1.843184000,1.841169760
7,1843169,999948,999948,1000000,1001407,1.843169000,1.840579305
7,1835515,1000573,1000573,981719,1001822,1.869694892,1.832176774
7,1843509,1000156,1000156,1000104,1001354,1.843317295,1.841016264
7,1843835,1000365,1000365,1000364,1001458,1.843164088,1.841150602
7,1843380,1000053,1000053,1000052,1001198,1.843284149,1.841174273
7,1797337,1000469,1000469,955313,1002031,1.881411642,1.793694007
7,1843145,999948,999948,1000000,1001197,1.843145000,1.840941393
7,1843792,1000313,1000313,1000312,1001406,1.843216916,1.841203268
7,1843724,1000313,1000313,1000312,1001406,1.843148938,1.841135364
7,1838144,1000000,1000000,995104,1001250,1.847187832,1.835849189
7,1843391,1000105,1000105,1000052,1001250,1.843295149,1.841089638
7,1843296,1000052,1000052,1000052,1001198,1.843200154,1.841090374
7,1843937,1000417,1000417,1000364,1001823,1.843266051,1.840581620
7,1830449,1000312,1000312,982553,1001771,1.862951922,1.827213006
7,1843692,1000260,1000260,1000261,1001406,1.843210922,1.841103409
7,1843924,1000365,1000365,1000364,1001510,1.843253056,1.841143873
7,1843188,1000000,1000000,999948,1001094,1.843283851,1.841173756
7,1833528,1000261,1000261,980782,1002187,1.869455190,1.829526825
7,1843394,1000104,1000104,1000104,1001510,1.843202307,1.840614672
7,1843653,1000208,1000208,1000208,1001302,1.843269600,1.841255685
7,1844168,1000521,1000521,1000521,1001667,1.843207689,1.841098888
7,1820205,1000208,1000208,977032,1001510,1.862994252,1.817460634
7,1844039,1000469,1000469,1000416,1001511,1.843272199,1.841256861
7,1843173,1000000,1000000,999948,1001250,1.843268850,1.840871910
7,1843610,1000208,1000208,1000208,1001302,1.843226609,1.841212741
7,1838802,1000417,1000417,996666,1001510,1.844953074,1.836029595
7,1843978,1000417,1000417,1000417,1001406,1.843209382,1.841389007
7,1843593,1000208,1000208,1000209,1001458,1.843207770,1.840908955
7,1843519,1000156,1000156,1000157,1001198,1.843229613,1.841313107
7,1827596,1000312,1000312,983804,1001563,1.857683034,1.824743925
7,1843334,1000052,1000052,1000052,1000989,1.843238152,1.841512744
7,1843269,1000052,1000052,1000052,1001094,1.843173155,1.841254667
7,1843614,1000260,1000260,1000209,1001093,1.843228765,1.841601130
7,1836807,1000468,1000468,985833,1001615,1.863202997,1.833845340
7,1844094,1000521,1000521,1000469,1001354,1.843229525,1.841600473
7,1843471,1000157,1000157,1000104,1001094,1.843279299,1.841456447
7,1844096,1000469,1000469,1000468,1001458,1.843233367,1.841411222
7,1832554,1000781,1000781,985259,1002083,1.859971845,1.828744725
7,1843635,1000208,1000208,1000208,1001302,1.843251604,1.841237709
7,1843892,1000365,1000365,1000365,1001407,1.843219225,1.841301289
7,1843778,1000312,1000312,1000312,1001355,1.843202921,1.841283061
7,1837114,1000104,1000104,996355,1001250,1.843834778,1.834820474
7,1843377,1000104,1000104,1000104,1001146,1.843185309,1.841266908
7,1843560,1000208,1000208,1000156,1001198,1.843272449,1.841354058
7,1844129,1000469,1000469,1000469,1001771,1.843264509,1.840868821
7,1827166,1000573,1000573,979895,1001875,1.864654886,1.823746475
7,1844004,1000417,1000417,1000417,1001562,1.843235371,1.841128158
7,1843394,1000104,1000104,1000104,1001146,1.843202307,1.841283889
7,1843512,1000209,1000209,1000156,1001198,1.843224457,1.841306115
7,1806416,986094,986094,961719,1001562,1.878319967,1.803598779
7,1843807,1000313,1000313,1000312,1001459,1.843231912,1.841120805
7,1843272,1000052,1000052,1000052,1001093,1.843176155,1.841259503
7,1843559,1000208,1000208,1000208,1001355,1.843175619,1.841064358
7,1822870,1000052,1000052,978957,1001354,1.862053185,1.820405171
7,1844127,1000521,1000521,1000468,1001562,1.843264352,1.841250966
7,1843987,1000469,1000469,1000417,1001354,1.843218378,1.841493618
7,1844069,1000469,1000469,1000417,1001354,1.843300344,1.841575507
7,1837616,1000104,1000104,992552,1001094,1.851405266,1.835607845
7,1843919,1000365,1000365,1000364,1001406,1.843248058,1.841330090
7,1844127,1000521,1000521,1000469,1001406,1.843262510,1.841537798
7,1843318,1000052,1000052,1000052,1000937,1.843222152,1.841592428
7,1830182,1000729,1000729,986823,1001979,1.854620332,1.826567223
7,1843759,1000313,1000313,1000260,1001459,1.843279747,1.841072875
7,1843535,1000209,1000209,1000156,1001302,1.843247453,1.841137839
7,1843832,1000312,1000312,1000313,1001771,1.843255061,1.840572346
7,1831953,1000157,1000157,981094,1001458,1.867255329,1.829285901
7,1843954,1000416,1000416,1000417,1001562,1.843185392,1.841078236
7,1843777,1000313,1000313,1000312,1001406,1.843201921,1.841188289
7,1843947,1000417,1000417,1000364,1001511,1.843276048,1.841165000
7,1827147,1000468,1000468,983228,1001979,1.858314653,1.823538218
7,1843809,1000365,1000365,1000365,1001614,1.843136255,1.840837888
7,1843404,1000104,1000104,1000104,1001250,1.843212306,1.841102622
7,1843972,1000417,1000417,1000469,1001563,1.843107583,1.841094370
7,1837876,1000261,1000261,992864,1001406,1.851085345,1.835295574
7,1843709,1000260,1000260,1000313,1001719,1.843132100,1.840545103
7,1843977,1000417,1000417,1000365,1001510,1.843304194,1.841196793
7,1843736,1000312,1000312,1000261,1001458,1.843254910,1.841051747
7,1830979,1000469,1000469,982396,1001927,1.863789144,1.827457489
7,1843731,1000313,1000313,1000260,1001407,1.843251755,1.841140515
7,1843181,999948,999948,999948,1001146,1.843276850,1.841071132
7,1844134,1000521,1000521,1000520,1001615,1.843175549,1.841160526
7,1833499,1000261,1000261,981511,1001510,1.868037139,1.830734591
7,1843175,1000000,1000000,999948,1001094,1.843270850,1.841160770
7,1843288,1000052,1000052,1000053,1001250,1.843190311,1.840986767
7,1843085,999948,999948,999948,1001250,1.843180845,1.840784020
7,1830417,1000677,1000677,984584,1002239,1.859076524,1.826327852
7,1843459,1000156,1000156,1000104,1001302,1.843267300,1.841061937
7,1844001,1000416,1000416,1000469,1001614,1.843136569,1.841029578
7,1843520,1000156,1000156,1000156,1001250,1.843232456,1.841218477
7,1838554,1000313,1000313,995260,1001511,1.847310251,1.835780136
7,1843782,1000312,1000312,1000313,1001458,1.843205077,1.841097680
7,1843708,1000260,1000260,1000261,1001406,1.843226918,1.841119386
7,1844184,1000573,1000573,1000521,1001667,1.843223680,1.841114862
7,1829668,1000572,1000572,982604,1002031,1.862060403,1.825959476
7,1843343,1000104,1000104,1000104,1001198,1.843151312,1.841137317
7,1843783,1000312,1000312,1000313,1001771,1.843206076,1.840523433
7,1843614,1000260,1000260,1000209,1001354,1.843228765,1.841121122
7,1831969,1000312,1000312,978751,1001771,1.871741638,1.828730319
7,1843605,1000208,1000208,1000209,1001354,1.843219767,1.841112134
7,1843732,1000260,1000260,1000312,1001458,1.843156935,1.841047752
7,1843367,1000052,1000052,1000052,1001198,1.843271150,1.841161289
7,1829483,1000573,1000573,981302,1001927,1.864342476,1.825964367
7,1843380,1000105,1000105,1000104,1001250,1.843188308,1.841078652
7,1843465,1000156,1000156,1000104,1001302,1.843273300,1.841067930
7,1843388,1000104,1000104,1000156,1001198,1.843100476,1.841182264
7,1836496,1000000,1000000,995781,1001459,1.844277005,1.833820456
7,1843668,1000260,1000260,1000261,1001406,1.843186928,1.841079442
7,1843489,1000156,1000156,1000209,1001302,1.843103791,1.841091898
7,1843731,1000312,1000312,1000260,1001458,1.843251755,1.841046754
7,1828626,1000677,1000677,980573,1002136,1.864854529,1.824728380
7,1844059,1000469,1000469,1000468,1001667,1.843196384,1.840990070
7,1843301,1000052,1000052,1000052,1001198,1.843205153,1.841095368
7,1843922,1000365,1000365,1000365,1001510,1.843249214,1.841141876
7,1836805,1000312,1000312,982448,1001614,1.869620580,1.833845174
7,1843520,1000157,1000157,1000156,1001303,1.843232456,1.841121019
7,1843342,1000052,1000052,1000052,1001510,1.843246151,1.840562750
7,1843873,1000364,1000364,1000312,1001510,1.843297891,1.841092950
7,1823499,1000677,1000677,981406,1002552,1.858047536,1.818857276
7,1843418,1000105,1000105,1000104,1001250,1.843226304,1.841116604
7,1843841,1000365,1000365,1000313,1001458,1.843264058,1.841156594
7,1847474,1005625,1005625,1000937,1006875,1.845744537,1.834859342
7,1843744,1000312,1000312,1000261,1001354,1.843262908,1.841250946
7,1844001,1000417,1000417,1000416,1001562,1.843234215,1.841125162
7,1843350,1000105,1000105,1000104,1001250,1.843158312,1.841048689
7,1836045,1000313,1000313,988281,1001459,1.857816755,1.833370113
7,1820813,1000104,1000104,983282,1001614,1.851770906,1.817878943
7,1843636,1000261,1000261,1000260,1001407,1.843156779,1.841045649
7,1843508,1000208,1000208,1000156,1001302,1.843220458,1.841110874
7,1836278,1000468,1000468,982969,1001718,1.868093500,1.833128685
7,1843413,1000104,1000104,1000157,1001406,1.843123630,1.840824800
7,1843485,1000156,1000156,1000104,1001250,1.843293297,1.841183521
7,1843546,1000156,1000156,1000209,1001354,1.843160779,1.841053214
7,1835998,1000260,1000260,992135,1001510,1.850552596,1.833229823
7,1834610,1000261,1000261,992551,1001771,1.848378572,1.831366650
7,1844121,1000469,1000469,1000417,1001615,1.843352322,1.841147547
7,1843525,1000156,1000156,1000209,1001354,1.843139784,1.841032242
7,1834618,1000625,1000625,989792,1001771,1.853538925,1.831374636
7,1843969,1000416,1000416,1000365,1001823,1.843296197,1.840613561
7,1843597,1000209,1000209,1000208,1001354,1.843213612,1.841104145
7,1843320,1000104,1000104,1000104,1001198,1.843128315,1.841114345
7,1836038,1000053,1000053,990000,1001303,1.854583838,1.833648756
7,1834283,1000520,1000520,991198,1001979,1.850571732,1.830660124
7,1843613,1000208,1000208,1000208,1001302,1.843229608,1.841215737
7,1843779,1000313,1000313,1000312,1001458,1.843203920,1.841094684
7,1834342,1000261,1000261,981458,1001459,1.868996941,1.831669594
7,1843827,1000312,1000312,1000313,1001458,1.843250063,1.841142614
7,1843809,1000313,1000313,1000312,1001771,1.843233911,1.840549387
7,1843748,1000260,1000260,1000260,1001354,1.843268750,1.841254941
7,1837559,1000625,1000625,992031,1001823,1.852320139,1.834215226
7,1834164,1000000,1000000,990105,1001511,1.852494432,1.831396759
7,1843191,999948,999948,1000000,1001146,1.843191000,1.841081121
7,1843230,1000000,1000000,999948,1001145,1.843325853,1.841121915
7,1836784,1000365,1000365,995573,1001563,1.844951601,1.833917587
7,1844000,1000469,1000469,1000416,1001562,1.843233215,1.841124164
7,1843457,1000157,1000157,1000156,1001250,1.843169466,1.841155556
7,1843290,1000053,1000053,1000052,1001146,1.843194154,1.841180008
7,1849502,1013906,1013906,995573,1015052,1.857726154,1.822076110
7,1843925,1000365,1000365,1000365,1001823,1.843252213,1.840569642
7,1843588,1000209,1000209,1000208,1001354,1.843204613,1.841095157
7,1843392,1000104,1000104,1000104,1001250,1.843200307,1.841090637
7,1836902,1000261,1000261,983072,1001615,1.868532518,1.833940187
7,1843348,1000104,1000104,1000000,1001198,1.843348000,1.841142312
7,1843930,1000417,1000417,1000417,1001510,1.843161402,1.841149864
7,1843615,1000209,1000209,1000208,1001354,1.843231608,1.841122121
7,1828508,1000261,1000261,979271,1001511,1.867213468,1.825749293
7,1844117,1000521,1000521,1000469,1001927,1.843252515,1.840570221
7,1843219,1000052,1000052,1000000,1001406,1.843219000,1.840631073
7,1843700,1000261,1000261,1000260,1001406,1.843220763,1.841111397
7,1836431,1000469,1000469,995469,1001667,1.844789742,1.833374764
7,1843453,1000156,1000156,1000104,1001250,1.843261301,1.841151561
7,1843637,1000208,1000208,1000208,1001354,1.843253603,1.841144091
7,1843721,1000261,1000261,1000312,1001458,1.843145938,1.841036768
7,1831899,1000573,1000573,983750,1001771,1.862159085,1.828660442
7,1843419,1000104,1000104,1000104,1001563,1.843227304,1.840542232
7,1843104,999948,999948,999896,1001198,1.843295703,1.840898603
7,1843769,1000312,1000312,1000312,1001406,1.843193923,1.841180300
7,1836814,1000261,1000261,990676,1001510,1.854101644,1.834044593
7,1844093,1000468,1000468,1000312,1001927,1.843517822,1.840546267
7,1843123,999948,999948,999948,1001146,1.843218847,1.841013199
7,1844241,1000573,1000573,1000521,1001718,1.843280651,1.841078028
7,1821760,1000313,1000313,978230,1001563,1.862302322,1.818917033
7,1843806,1000365,1000365,1000312,1001719,1.843230912,1.840641937
7,1843822,1000364,1000364,1000313,1001458,1.843245064,1.841137621
7,1844033,1000417,1000417,1000416,1001562,1.843266201,1.841157113
7,1835344,1000105,1000105,992396,1001354,1.849406890,1.832862304
7,1843683,1000260,1000260,1000261,1001354,1.843201924,1.841190029
7,1843247,1000000,1000000,1000053,1001146,1.843149313,1.841137057
7,1843638,1000208,1000208,1000209,1001614,1.843252760,1.840667163
7,1829389,1000625,1000625,982552,1001979,1.861874995,1.825775790
7,1843984,1000416,1000416,1000365,1001928,1.843311191,1.840435640
7,1843475,1000156,1000156,1000105,1001302,1.843281455,1.841077917
7,1843567,1000208,1000208,1000157,1001302,1.843277605,1.841169797
7,1835766,1000469,1000469,980626,1001718,1.872034802,1.832617563
7,1844062,1000468,1000468,1000469,1001614,1.843197540,1.841090480
7,1843822,1000365,1000365,1000312,1001406,1.843246907,1.841233226
7,1844081,1000468,1000468,1000469,1001615,1.843216531,1.841107611
7,1825977,1000521,1000521,982865,1001875,1.857810584,1.822559701
7,1843790,1000313,1000313,1000312,1001771,1.843214917,1.840530421
7,1843944,1000364,1000364,1000417,1001510,1.843175396,1.841163843
7,1843956,1000417,1000417,1000416,1001510,1.843189233,1.841175825
7,1837445,1000000,1000000,995573,1001250,1.845615540,1.835151061
7,1844062,1000468,1000468,1000469,1001615,1.843197540,1.841088642
7,1843761,1000313,1000313,1000312,1001406,1.843185926,1.841172312
7,1843264,1000000,1000000,1000000,1001146,1.843264000,1.841154037
7,1801414,1000364,1000364,962760,1001718,1.871093523,1.798324479
7,1843752,1000312,1000312,1000261,1001406,1.843270906,1.841163324
7,1843827,1000365,1000365,1000312,1001458,1.843251905,1.841142614
7,1843450,1000105,1000105,1000156,1001406,1.843162467,1.840861748
7,1833481,1000052,1000052,981927,1001355,1.867227401,1.830999995
7,1844022,1000469,1000469,1000416,1001562,1.843255206,1.841146130
7,1844171,1000521,1000521,1000573,1001615,1.843114895,1.841197466
7,1843944,1000416,1000416,1000417,1001510,1.843175396,1.841163843
7,1821565,1000469,1000469,981146,1001771,1.856568747,1.818344712
7,1843401,1000104,1000104,1000104,1001562,1.843209306,1.840526098
7,1844046,1000468,1000468,1000417,1001615,1.843277353,1.841072668
7,1843494,1000156,1000156,1000156,1001302,1.843206460,1.841096892
7,1834266,1000521,1000521,989635,1002031,1.853477292,1.830548157
7,1843431,1000157,1000157,1000156,1001250,1.843143470,1.841129588
7,1843601,1000209,1000209,1000156,1001615,1.843313443,1.840628385
7,1843546,1000156,1000156,1000156,1001302,1.843258452,1.841148824
7,1827000,1000625,1000625,979480,1002031,1.865275452,1.823296884
7,1843814,1000365,1000365,1000313,1001459,1.843237067,1.841127795
7,1843715,1000260,1000260,1000313,1001406,1.843138098,1.841126376
7,1843555,1000208,1000208,1000156,1001354,1.843267450,1.841062202
7,1836028,1000208,1000208,982707,1001510,1.868337154,1.833259778
7,1844180,1000521,1000521,1000521,1001615,1.843219683,1.841206452
7,1843875,1000417,1000417,1000364,1001562,1.843204074,1.840999359
7,1843911,1000364,1000364,1000365,1001511,1.843238218,1.841129054
7,1827102,1000573,1000573,980886,1002083,1.862705758,1.823304058
7,1843685,1000261,1000261,1000208,1001406,1.843301593,1.841096418
7,1843802,1000312,1000312,1000365,1001459,1.843129258,1.841115812
7,1843269,1000052,1000052,1000000,1001146,1.843269000,1.841159032
7,1838547,1000573,1000573,995834,1001771,1.846238429,1.835296690
7,1843825,1000313,1000313,1000313,1001511,1.843248063,1.841043184
7,1843434,1000156,1000156,1000105,1001250,1.843240460,1.841132584
7,1843180,999948,999948,999948,1001094,1.843275850,1.841165765
7,1828212,1000261,1000261,983541,1001771,1.858806089,1.824979960
7,1844014,1000417,1000417,1000417,1001563,1.843245367,1.841136304
7,1843458,1000104,1000104,1000157,1001562,1.843168623,1.840583009
7,1844152,1000521,1000521,1000521,1001615,1.843191697,1.841178497
7,1833313,1000156,1000156,983074,1001355,1.864877924,1.830832222
7,1843844,1000313,1000313,1000312,1001458,1.843268900,1.841159589
7,1843765,1000260,1000260,1000261,1001406,1.843283903,1.841176306
7,1843211,1000000,1000000,1000000,1001094,1.843211000,1.841196731
7,1828514,1000521,1000521,985677,1001771,1.855084373,1.825281427
7,1843836,1000365,1000365,1000313,1001823,1.843259060,1.840480803
7,1843688,1000261,1000261,1000260,1001406,1.843208766,1.841099414
7,1844123,1000521,1000521,1000469,1001615,1.843258512,1.841149543
7,1834196,1000364,1000364,996563,1001875,1.840521874,1.830763319
7,1843646,1000208,1000208,1000209,1001354,1.843260759,1.841153079
7,1843456,1000156,1000156,1000156,1001250,1.843168466,1.841154557
7,1843955,1000417,1000417,1000416,1001458,1.843188234,1.841270428
7,1830045,1000313,1000313,981353,1001823,1.864818266,1.826714899
7,1843627,1000261,1000261,1000208,1001406,1.843243605,1.841038500
7,1843229,1000000,1000000,1000000,1001146,1.843229000,1.841119078
7,1843861,1000365,1000365,1000313,1001458,1.843284052,1.841176565
7,1833158,1000052,1000052,976666,1001563,1.876954865,1.830297245
7,1843503,1000157,1000157,1000156,1001562,1.843215458,1.840627939
7,1843860,1000312,1000312,1000365,1001511,1.843187237,1.841078131
7,1843945,1000417,1000417,1000416,1001823,1.843178238,1.840589605
7,1828492,1000417,1000417,981667,1001927,1.862639775,1.824975273
7,1843337,1000052,1000052,1000053,1001302,1.843239308,1.840940096
7,1843874,1000364,1000364,1000365,1001511,1.843201232,1.841092110
7,1843774,1000312,1000312,1000260,1001406,1.843294743,1.841185293
7,1837776,1000573,1000573,996198,1001719,1.844789891,1.834622284
7,1843200,1000000,1000000,1000000,1001093,1.843200000,1.841187582
7,1843568,1000156,1000156,1000156,1001302,1.843280448,1.841170796
7,1843896,1000365,1000365,1000364,1001510,1.843225066,1.841115915
7,1830008,1000625,1000625,983542,1002083,1.860630253,1.826204017
7,1843567,1000208,1000208,1000209,1001719,1.843181775,1.840403347
7,1843716,1000313,1000313,1000260,1001406,1.843236758,1.841127375
7,1843367,1000105,1000105,1000052,1001198,1.843271150,1.841161289
7,1835753,1000417,1000417,983126,1001719,1.867261165,1.832602756
7,1843491,1000157,1000157,1000156,1001302,1.843203460,1.841093896
7,1843999,1000417,1000417,1000365,1001510,1.843326186,1.841218760
7,1843539,1000208,1000208,1000209,1001354,1.843153781,1.841046223
7,1821407,1000416,1000416,982501,1001927,1.853847477,1.817903899
7,1843069,999896,999896,999896,1001094,1.843260699,1.841054886
7,1843857,1000364,1000364,1000313,1001459,1.843280053,1.841170732
7,1844078,1000469,1000469,1000520,1001875,1.843119578,1.840626825
7,1835888,1000364,1000364,995521,1001563,1.844147939,1.833022985
7,1844129,1000521,1000521,1000521,1001614,1.843168709,1.841157372
7,1843647,1000260,1000260,1000208,1001355,1.843263601,1.841152239
7,1844194,1000573,1000573,1000521,1001666,1.843233675,1.841126683
7,1798615,1000416,1000416,960313,1001875,1.872946633,1.795248908
7,1844022,1000417,1000417,1000417,1001563,1.843253363,1.841144291
7,1843349,1000104,1000104,1000104,1001250,1.843157312,1.841047690
7,1843839,1000365,1000365,1000364,1001510,1.843168087,1.841059001
7,1835490,1000313,1000313,982864,1001614,1.867491331,1.832532293
7,1843570,1000208,1000208,1000208,1001614,1.843186617,1.840599273
7,1844151,1000468,1000468,1000521,1001615,1.843190698,1.841177498
7,1843732,1000312,1000312,1000313,1001407,1.843155092,1.841141514
7,1826704,1000260,1000260,979219,1001770,1.865470339,1.823476447
7,1843401,1000104,1000104,1000104,1001302,1.843209306,1.841004013
7,1843443,1000105,1000105,1000052,1001250,1.843347146,1.841141573
7,1843023,999896,999896,999896,1001093,1.843214694,1.841010775
7,1835684,1000469,1000469,990312,1001927,1.853642085,1.832153440
7,1843399,1000104,1000104,1000104,1001562,1.843207306,1.840524101
7,1844122,1000521,1000521,1000469,1001615,1.843257512,1.841148545
7,1843190,1000000,1000000,1000000,1001302,1.843190000,1.840793287
7,1827913,1000261,1000261,981146,1001719,1.863038732,1.824776210
7,1844183,1000521,1000521,1000469,1001614,1.843318484,1.841211285
7,1844011,1000417,1000417,1000416,1001563,1.843244210,1.841133309
7,1843501,1000157,1000157,1000156,1001302,1.843213459,1.841103883
7,1837092,1000417,1000417,983125,1001771,1.868625048,1.833844262
7,1843328,1000052,1000052,1000104,1001250,1.843136314,1.841026717
7,1843367,1000104,1000104,1000104,1001302,1.843175310,1.840970057
7,1843632,1000208,1000208,1000208,1001354,1.843248604,1.841139098
7,1823698,1000521,1000521,980834,1001928,1.859333995,1.820188676
7,1843422,1000157,1000157,1000104,1001250,1.843230304,1.841120599
7,1843414,1000104,1000104,1000104,1001354,1.843222305,1.840921392
7,1843357,1000052,1000052,1000052,1001198,1.843261150,1.841151301
7,1837635,1000104,1000104,995573,1001302,1.845806385,1.835245510
7,1843843,1000365,1000365,1000365,1001458,1.843170243,1.841158591
7,1843684,1000260,1000260,1000261,1001406,1.843202924,1.841095420
7,1843512,1000208,1000208,1000156,1001250,1.843224457,1.841210487
7,1825519,1000260,1000260,983906,1001771,1.855379477,1.822291721
7,1843854,1000364,1000364,1000365,1001459,1.843181239,1.841167736
7,1843563,1000208,1000208,1000156,1001354,1.843275449,1.841070191
7,1843898,1000417,1000417,1000364,1001510,1.843227065,1.841117912
7,1807425,1000469,1000469,963437,1001927,1.876017840,1.803948791
7,1843802,1000312,1000312,1000365,1001511,1.843129258,1.841020218
7,1843745,1000312,1000312,1000312,1001407,1.843169931,1.841154496
7,1843786,1000313,1000313,1000312,1001458,1.843210918,1.841101674
7,1803389,1000469,1000469,964062,1001979,1.870615168,1.799827142
7,1843525,1000208,1000208,1000157,1001302,1.843235612,1.841127852
7,1843672,1000260,1000260,1000260,1001407,1.843192770,1.841081598
7,1843175,1000000,1000000,999948,1001145,1.843270850,1.841066978
7,1836954,1000260,1000260,994843,1001667,1.846476278,1.833896894
7,1843260,1000052,1000052,1000052,1001198,1.843164155,1.841054417
7,1843265,1000001,1000001,1000000,1001406,1.843265000,1.840677008
7,1843893,1000364,1000364,1000313,1001771,1.843316042,1.840633239
7,1828846,1000156,1000156,982397,1001719,1.861616027,1.825707609
7,1843366,1000052,1000052,1000105,1001302,1.843172467,1.840969058
7,1843244,1000052,1000052,1000000,1001198,1.843244000,1.841038436
7,1843556,1000157,1000157,1000208,1001354,1.843172620,1.841063200
7,1835344,1000521,1000521,980312,1002083,1.872203951,1.831528925
7,1843975,1000469,1000469,1000416,1001511,1.843208225,1.841192957
7,1843198,1000000,1000000,1000000,1001093,1.843198000,1.841185584
7,1844094,1000469,1000469,1000468,1001615,1.843231368,1.841120590
7,1821677,1000052,1000052,978281,1001406,1.862120393,1.819119318
7,1843854,1000364,1000364,1000312,1001771,1.843278897,1.840594307
7,1843512,1000156,1000156,1000157,1001302,1.843222614,1.841114868
7,1843792,1000312,1000312,1000313,1001406,1.843215074,1.841203268
7,1838080,1000156,1000156,995885,1001354,1.845674952,1.835594605
7,1843850,1000313,1000313,1000312,1001406,1.843274898,1.841261187
7,1843322,1000052,1000052,1000052,1001146,1.843226152,1.841211971
7,1843499,1000157,1000157,1000156,1001250,1.843211459,1.841197503
7,1827807,1000521,1000521,984635,1002031,1.856329503,1.824102248
7,1843775,1000312,1000312,1000312,1001511,1.843199922,1.840993259
7,1843653,1000261,1000261,1000260,1001354,1.843173775,1.841160069
7,1843952,1000417,1000417,1000469,1001875,1.843087592,1.840501061
7,1835651,1000365,1000365,983072,1001666,1.867259977,1.832597892
7,1843414,1000104,1000104,1000104,1001198,1.843222305,1.841208233
7,1843529,1000208,1000208,1000208,1001302,1.843145626,1.841131846
7,1843354,1000104,1000104,1000156,1001250,1.843066482,1.841052684
7,1829162,1000312,1000312,984480,1001771,1.857998131,1.825928281
7,1844067,1000469,1000469,1000469,1001563,1.843202538,1.841189221
7,1843181,1000000,1000000,1000000,1001093,1.843181000,1.841168603
7,1843810,1000313,1000313,1000365,1001510,1.843137255,1.841030045
7,1836017,1000104,1000104,995261,1001302,1.844759314,1.833629614
7,1843549,1000156,1000156,1000104,1001250,1.843357291,1.841247441
7,1843155,1000000,1000000,999948,1001094,1.843250849,1.841140792
7,1843686,1000261,1000261,1000260,1001666,1.843206766,1.840619528
7,1827758,1000313,1000313,980415,1001719,1.864269723,1.824621476
7,1843305,1000052,1000052,1000000,1001563,1.843305000,1.840428410
7,1843828,1000365,1000365,1000312,1001459,1.843252905,1.841141774
7,1844031,1000469,1000469,1000417,1001563,1.843262360,1.841153277
7,1831653,1000260,1000260,973594,1001771,1.881331438,1.828414877
7,1843456,1000156,1000156,1000156,1001302,1.843168466,1.841058941
7,1843292,1000052,1000052,1000053,1001146,1.843194311,1.841182005
7,1843964,1000416,1000416,1000365,1001510,1.843291199,1.841183812
7,1823072,1000573,1000573,978229,1002136,1.863645425,1.819186218
7,1843906,1000365,1000365,1000312,1001875,1.843330881,1.840455147
7,1843941,1000364,1000364,1000417,1001510,1.843172397,1.841160847
7,1843627,1000261,1000261,1000260,1001355,1.843147782,1.841132266
7,1834875,1000573,1000573,985312,1002031,1.862227396,1.831155922
7,1843495,1000156,1000156,1000105,1001302,1.843301453,1.841097891
7,1844061,1000469,1000469,1000469,1001615,1.843196541,1.841087643
7,1843516,1000209,1000209,1000104,1001303,1.843324294,1.841117025
7,1827303,1000521,1000521,980782,1002032,1.863108214,1.823597450
7,1843943,1000365,1000365,1000312,1001511,1.843367869,1.841161006
7,1844221,1000521,1000521,1000573,1001614,1.843164867,1.841249224
7,1843498,1000156,1000156,1000156,1001563,1.843210459,1.840621109
7,1836435,1000312,1000312,982917,1001562,1.868352058,1.833570962
7,1843965,1000417,1000417,1000417,1001510,1.843196387,1.841184811
7,1843802,1000312,1000312,1000313,1001458,1.843225071,1.841117650
7,1843349,1000104,1000104,1000053,1001198,1.843251308,1.841143310
7,1829992,1000156,1000156,984689,1001666,1.858446677,1.826948304
7,1843099,999948,999948,999896,1001146,1.843290702,1.840989226
7,1843404,1000105,1000105,1000156,1001302,1.843116474,1.841007009
7,1843398,1000105,1000105,1000104,1001250,1.843206307,1.841096629
7,1837419,1000417,1000417,995833,1001563,1.845107563,1.834551596
7,1844123,1000520,1000520,1000469,1001927,1.843258512,1.840576210
7,1843919,1000416,1000416,1000417,1001510,1.843150406,1.841138880
7,1843247,1000052,1000052,1000053,1001146,1.843149313,1.841137057
7,1827623,1000468,1000468,981615,1001979,1.861853171,1.824013278
7,1843770,1000313,1000313,1000260,1001510,1.843290744,1.840990105
7,1843829,1000365,1000365,1000312,1001459,1.843253905,1.841142773
7,1843591,1000208,1000208,1000157,1001302,1.843301602,1.841193766
7,1836615,1000520,1000520,981822,1001823,1.870619114,1.833272943
7,1843662,1000156,1000156,1000209,1001250,1.843276755,1.841360300
7,1843316,1000052,1000052,1000052,1001198,1.843220153,1.841110350
7,1843234,1000000,1000000,999948,1001146,1.843329853,1.841124072
7,1826238,1000417,1000417,984323,1001927,1.855323913,1.822725608
7,1844124,1000469,1000469,1000468,1001615,1.843261354,1.841150542
7,1843566,1000209,1000209,1000208,1001354,1.843182618,1.841073187
7,1843998,1000416,1000416,1000417,1001510,1.843229373,1.841217761
7,1836899,1000469,1000469,995364,1001667,1.845454527,1.833841985
7,1843770,1000312,1000312,1000313,1001354,1.843193081,1.841276911
7,1843768,1000260,1000260,1000260,1001458,1.843288745,1.841083700
7,1843331,1000104,1000104,1000052,1001198,1.843235152,1.841125332
7,1830679,1000156,1000156,983646,1001667,1.861115686,1.827632337
7,1843202,1000000,1000000,1000000,1001094,1.843202000,1.841187741
7,1844061,1000468,1000468,1000469,1001875,1.843196541,1.840609857
7,1843747,1000312,1000312,1000313,1001406,1.843170088,1.841158331
7,1833908,1000521,1000521,980678,1002031,1.870040931,1.830190882
7,1843269,1000000,1000000,1000052,1001198,1.843173155,1.841063406
7,1843892,1000364,1000364,1000364,1001510,1.843221068,1.841111921
7,1843197,1000000,1000000,1000000,1001146,1.843197000,1.841087114
7,1829731,1000625,1000625,981407,1002083,1.864395709,1.825927593
7,1844068,1000468,1000468,1000469,1001562,1.843203538,1.841192058
7,1843791,1000313,1000313,1000312,1001406,1.843215917,1.841202270
7,1843905,1000365,1000365,1000313,1001511,1.843328038,1.841123063
7,1838156,1000000,1000000,995729,1001510,1.846040439,1.835384569
7,1843505,1000156,1000156,1000104,1001302,1.843313295,1.841107878
7,1843279,1000000,1000000,1000052,1001146,1.843183154,1.841169020
7,1843521,1000208,1000208,1000156,1001302,1.843233456,1.841123857
7,1827278,1000469,1000469,982865,1001979,1.859134266,1.823668959
7,1843923,1000417,1000417,1000364,1001510,1.843252056,1.841142874
7,1843488,1000157,1000157,1000156,1001250,1.843200461,1.841186517
7,1843753,1000313,1000313,1000365,1001459,1.843080276,1.841066883
7,1834692,1000468,1000468,983021,1001718,1.866381288,1.831545405
7,1843674,1000260,1000260,1000261,1001406,1.843192927,1.841085434
7,1843653,1000260,1000260,1000261,1001666,1.843171932,1.840586583
7,1843989,1000417,1000417,1000417,1001563,1.843220377,1.841111343
7,1825325,1000520,1000520,981250,1002031,1.860203822,1.821625279
7,1843859,1000365,1000365,1000364,1001510,1.843188080,1.841078971
7,1843471,1000157,1000157,1000156,1001250,1.843183463,1.841169538
7,1844233,1000573,1000573,1000521,1001667,1.843272655,1.841163780
7,1835928,1000312,1000312,992240,1001510,1.850286221,1.833159929
7,1843638,1000209,1000209,1000208,1001354,1.843254603,1.841145090
7,1843895,1000364,1000364,1000417,1001511,1.843126416,1.841113078
7,1843281,1000052,1000052,1000053,1001198,1.843183311,1.841075392
7,1814536,1000468,1000468,967031,1001875,1.876398999,1.811140112
7,1843942,1000365,1000365,1000416,1001562,1.843175239,1.841066255
7,1843798,1000313,1000313,1000312,1001407,1.843222914,1.841207421
7,1843499,1000157,1000157,1000156,1001302,1.843211459,1.841101885
7,1835919,1000157,1000157,982969,1001407,1.867728280,1.833339491
7,1843725,1000312,1000312,1000261,1001406,1.843243913,1.841136362
7,1843864,1000364,1000364,1000365,1001510,1.843191235,1.841083963
7,1844102,1000469,1000469,1000521,1001667,1.843141723,1.841032998
7,1829486,1000625,1000625,984688,1002083,1.857934696,1.825683102
7,1843699,1000261,1000261,1000260,1001406,1.843219763,1.841110399
7,1843238,1000000,1000000,999948,1001146,1.843333853,1.841128067
7,1843955,1000417,1000417,1000364,1001823,1.843284045,1.840599587
7,1836528,1000364,1000364,990469,1001823,1.854200384,1.833186102
7,1843550,1000208,1000208,1000156,1001302,1.843262451,1.841152819
7,1843643,1000260,1000260,1000260,1001406,1.843163777,1.841054477
7,1843708,1000261,1000261,1000208,1001354,1.843324588,1.841214995
7,1827231,1000521,1000521,980990,1001979,1.862639782,1.823622052
7,1843767,1000312,1000312,1000261,1001406,1.843285902,1.841178303
7,1843621,1000208,1000208,1000261,1001302,1.843139940,1.841223727
7,1865492,1015781,1015781,999009,1016979,1.867342536,1.834346629
7,1843202,1000000,1000000,1000000,1001146,1.843202000,1.841092108
7,1843296,1000052,1000052,1000052,1001510,1.843200154,1.840516820
7,1843681,1000261,1000261,1000261,1001355,1.843199925,1.841186193
7,1834191,1000156,1000156,991822,1001354,1.849314696,1.831710863
7,1835273,1000260,1000260,992292,1001718,1.849529171,1.832125409
7,1843567,1000156,1000156,1000156,1001355,1.843279448,1.841072347
7,1843801,1000312,1000312,1000313,1001459,1.843224071,1.841114813
7,1838154,1000521,1000521,995833,1001666,1.845845639,1.835096729
7,1844071,1000468,1000468,1000469,1001615,1.843206536,1.841097627
7,1843255,1000052,1000052,1000052,1001146,1.843159156,1.841145048
7,1843296,1000052,1000052,1000052,1001145,1.843200154,1.841187840
7,1834582,1000052,1000052,988385,1001250,1.856141079,1.832291635
7,1836653,1000105,1000105,992812,1001563,1.849950444,1.833786791
7,1843150,999948,999948,999948,1001146,1.843245849,1.841040168
7,1843310,1000052,1000052,1000053,1001146,1.843212310,1.841199985
7,1833405,1000364,1000364,983334,1001666,1.864478397,1.830355628
7,1843433,1000157,1000157,1000104,1001250,1.843241303,1.841131586
7,1843631,1000208,1000208,1000208,1001355,1.843247604,1.841136260
7,1843490,1000156,1000156,1000156,1001302,1.843202460,1.841092897
7,1833166,1000469,1000469,985573,1001667,1.860000223,1.830115198
7,1837890,1000573,1000573,994635,1001823,1.847803466,1.834545623
7,1843276,1000053,1000053,999948,1001459,1.843371855,1.840590578
7,1843841,1000364,1000364,1000365,1001510,1.843168244,1.841060998
7,1838212,1000573,1000573,995677,1001771,1.846193093,1.834962282
7,1843790,1000313,1000313,1000260,1001458,1.843310739,1.841105668
7,1843950,1000365,1000365,1000365,1001511,1.843277204,1.841167995
7,1843327,1000104,1000104,1000052,1001198,1.843231152,1.841121337
7,1836247,1000209,1000209,990312,1014115,1.854210592,1.810689123
7,1843641,1000209,1000209,1000208,1001771,1.843257602,1.840381684
7,1844187,1000521,1000521,1000573,1001667,1.843130886,1.841117857
7,1843436,1000104,1000104,1000105,1001250,1.843242460,1.841134582
7,1829331,1000364,1000364,1037604,1054270,1.763033874,1.735163668
7,1844029,1000468,1000468,1000469,1001927,1.843164556,1.840482390
7,1843971,1000416,1000416,1000417,1001563,1.843202385,1.841093371
7,1844127,1000521,1000521,1000469,1001614,1.843262510,1.841155375
7,1818281,1000625,1000625,974583,1001823,1.865701536,1.814972305
7,1843484,1000156,1000156,1000157,1001563,1.843194618,1.840607131
7,1843990,1000417,1000417,1000364,1001614,1.843319032,1.841018596
7,1843747,1000312,1000312,1000261,1001407,1.843265908,1.841156493
7,1837491,1000260,1000260,995261,1001459,1.846240333,1.834814006
7,1843243,1000000,1000000,1000000,1001146,1.843243000,1.841133062
7,1843388,1000104,1000104,1000104,1001250,1.843196308,1.841086642
7,1844107,1000521,1000521,1000468,1001875,1.843244362,1.840655770
7,1830464,1000364,1000364,982083,1001614,1.863858757,1.827514392
7,1844007,1000416,1000416,1000365,1001927,1.843334183,1.840460433
7,1843401,1000104,1000104,1000104,1001250,1.843209306,1.841099625
7,1843542,1000209,1000209,1000156,1001354,1.843254452,1.841049219
7,1835261,1000521,1000521,973021,1001719,1.886147370,1.832111600
7,1843770,1000313,1000313,1000312,1001406,1.843194923,1.841181299
7,1843937,1000416,1000416,1000417,1001563,1.843168399,1.841059424
7,1844192,1000521,1000521,1000573,1001614,1.843135883,1.841220270
7,1825919,1000521,1000521,982135,1001823,1.859132400,1.822596407
7,1843692,1000260,1000260,1000313,1001458,1.843115105,1.841007811
7,1843773,1000313,1000313,1000312,1001458,1.843197922,1.841088693
7,1844066,1000469,1000469,1000469,1001615,1.843201538,1.841092635
7,1838985,1000521,1000521,996042,1001667,1.846292626,1.835924514
7,1843506,1000156,1000156,1000156,1001302,1.843218458,1.841108876
7,1843582,1000208,1000208,1000209,1001354,1.843196772,1.841089165
7,1844032,1000416,1000416,1000469,1001615,1.843167554,1.841058690
7,1824597,1000625,1000625,980312,1001927,1.861241115,1.821087764
7,1843998,1000416,1000416,1000417,1001927,1.843229373,1.840451450
7,1843196,1000000,1000000,1000000,1001146,1.843196000,1.841086115
7,1843663,1000261,1000261,1000260,1001667,1.843183772,1.840594729
7,1835265,1000156,1000156,984582,1001614,1.864004217,1.832307655
7,1843310,1000104,1000104,1000052,1001198,1.843214153,1.841104357
7,1843449,1000157,1000157,1000104,1001250,1.843257301,1.841147566
7,1843173,1000000,1000000,1000000,1001094,1.843173000,1.841158772
7,1826298,1000312,1000312,983958,1001562,1.856073125,1.823449771
7,1843237,1000052,1000052,1000000,1001406,1.843237000,1.840649047
7,1844043,1000469,1000469,1000417,1001563,1.843274355,1.841165259
7,1843972,1000417,1000417,1000417,1001510,1.843203384,1.841191800
7,1837710,1000573,1000573,992604,1001823,1.851402976,1.834365951
7,1843753,1000312,1000312,1000313,1001354,1.843176086,1.841259934
7,1843330,1000104,1000104,1000052,1001094,1.843234152,1.841315601
7,1844151,1000521,1000521,1000521,1001510,1.843190698,1.841370530
7,1827508,1000625,1000625,984949,1001980,1.855434139,1.823896685
7,1844031,1000417,1000417,1000417,1001510,1.843262360,1.841250711
7,1843331,1000104,1000104,1000104,1001354,1.843139314,1.840838505
7,1844137,1000520,1000520,1000469,1001511,1.843272505,1.841354713
7,1836928,1000312,1000312,984636,1001510,1.865590939,1.834158421
7,1844094,1000469,1000469,1000521,1001927,1.843133727,1.840547265
7,1843356,1000053,1000053,1000052,1001198,1.843260150,1.841150302
7,1844049,1000469,1000469,1000417,1001562,1.843280352,1.841173088
7,1824968,1000468,1000468,978438,1001927,1.865185122,1.821458050
7,1844046,1000417,1000417,1000416,1001614,1.843279196,1.841074506
7,1843828,1000364,1000364,1000313,1001458,1.843251062,1.841143613
7,1843792,1000312,1000312,1000312,1001459,1.843216916,1.841105827
7,1837855,1000521,1000521,996511,1001719,1.844289727,1.834701149
7,1844131,1000469,1000469,1000468,1001562,1.843268350,1.841254960
7,1843438,1000156,1000156,1000104,1001250,1.843246302,1.841136579
7,1843496,1000156,1000156,1000156,1001302,1.843208459,1.841098889
7,1825717,1000521,1000521,984428,1002031,1.854596781,1.822016485
7,1844035,1000469,1000469,1000417,1001563,1.843266358,1.841157271
7,1843216,1000000,1000000,1000000,1001407,1.843216000,1.840626239
7,1843703,1000313,1000313,1000260,1001458,1.843223762,1.841018795
7,1834126,1000104,1000104,983021,1001354,1.865805512,1.831645951
7,1843580,1000209,1000209,1000156,1001302,1.843292446,1.841182780
7,1844031,1000468,1000468,1000417,1001563,1.843262360,1.841153277
7,1843690,1000260,1000260,1000260,1001354,1.843210765,1.841197019
7,1828146,1000365,1000365,985728,1001614,1.854615066,1.825200127
7,1843674,1000260,1000260,1000261,1001719,1.843192927,1.840510163
7,1843837,1000365,1000365,1000313,1001458,1.843260060,1.841152600
7,1844104,1000468,1000468,1000521,1001667,1.843143722,1.841034995
7,1837937,1000573,1000573,996771,1002031,1.843890924,1.834211716
7,1843275,1000052,1000052,1000000,1001146,1.843275000,1.841165025
7,1844160,1000521,1000521,1000573,1001614,1.843103901,1.841188322
7,1843414,1000052,1000052,1000000,1001146,1.843414000,1.841303866
7,1827136,1000469,1000469,982604,1001979,1.859483576,1.823527240
7,1843648,1000208,1000208,1000208,1001354,1.843264601,1.841155076
7,1843780,1000313,1000313,1000312,1001458,1.843204920,1.841095682
7,1843139,999948,999948,999948,1001094,1.843234848,1.841124809
7,1837301,1000313,1000313,980416,1001875,1.874001444,1.833862508
7,1843151,1000000,1000000,999948,1001146,1.843246849,1.841041167
7,1843629,1000260,1000260,1000208,1001511,1.843245605,1.840847479
7,1844148,1000521,1000521,1000469,1001614,1.843283500,1.841176341
7,1828504,1000260,1000260,982449,1001771,1.861169384,1.825271444
7,1843668,1000260,1000260,1000208,1001459,1.843284597,1.840982007
7,1843152,999948,999948,999948,1001093,1.843247849,1.841139634
7,1843333,1000104,1000104,1000105,1001198,1.843139470,1.841127329
7,1836634,1000312,1000312,993542,1001511,1.848572078,1.833863033
7,1843717,1000313,1000313,1000312,1001406,1.843141940,1.841128374
7,1843612,1000209,1000209,1000208,1001302,1.843228608,1.841214738
7,1844082,1000521,1000521,1000521,1001614,1.843121734,1.841110448
7,1829116,1000468,1000468,982968,1001875,1.860809304,1.825692826
7,1844139,1000521,1000521,1000469,1001927,1.843274504,1.840592179
7,1843448,1000156,1000156,1000104,1001198,1.843256301,1.841242192
7,1843440,1000104,1000104,1000052,1001250,1.843344146,1.841138577
7,1836220,1000520,1000520,977135,1001823,1.879187625,1.832878662
7,1843984,1000416,1000416,1000469,1001563,1.843119577,1.841106351
7,1843508,1000156,1000156,1000156,1001302,1.843220458,1.841110874
7,1843454,1000104,1000104,1000157,1001250,1.843164623,1.841152559
7,1798852,1000364,1000364,958958,1001563,1.875840235,1.796044782
7,1843540,1000209,1000209,1000208,1001354,1.843156623,1.841047222
7,1843621,1000208,1000208,1000208,1001615,1.843237607,1.840648353
7,1843981,1000417,1000417,1000416,1001875,1.843214223,1.840530006
7,1836967,1000208,1000208,996563,1001459,1.843302430,1.834290770
7,1843823,1000313,1000313,1000260,1001406,1.843343731,1.841234225
7,1844124,1000520,1000520,1000521,1001667,1.843163712,1.841054961
7,1843356,1000104,1000104,1000000,1001250,1.843356000,1.841054682
7,1790063,1000313,1000313,954375,1001823,1.875639031,1.786805653
7,1843816,1000365,1000365,1000365,1001510,1.843143253,1.841036036
7,1843994,1000468,1000468,1000469,1001511,1.843129572,1.841211929
7,1844051,1000417,1000417,1000468,1001562,1.843188388,1.841175085
7,1837483,1000053,1000053,982396,1001302,1.870409692,1.835093708
7,1843427,1000104,1000104,1000156,1001510,1.843139470,1.840647622
7,1843375,1000104,1000104,1000052,1001250,1.843279149,1.841073658
7,1843910,1000416,1000416,1000417,1001511,1.843141410,1.841128056
7,1829422,1000208,1000208,981562,1001719,1.863786495,1.826282620
7,1843774,1000313,1000313,1000312,1001511,1.843198922,1.840992261
7,1843917,1000365,1000365,1000417,1001510,1.843148407,1.841136883
7,1844111,1000469,1000469,1000521,1001615,1.843150718,1.841137563
7,1836725,1000417,1000417,990469,1001979,1.854399280,1.833097300
7,1843812,1000313,1000313,1000365,1001562,1.843139254,1.840936457
7,1844068,1000469,1000469,1000416,1001615,1.843301187,1.841094632
7,1844041,1000417,1000417,1000469,1001927,1.843176550,1.840494367
7,1827813,1000573,1000573,980832,1002083,1.863533204,1.824013580
7,1843665,1000260,1000260,1000209,1001406,1.843279755,1.841076447
7,1843413,1000104,1000104,1000104,1001250,1.843221305,1.841111610
7,1844057,1000468,1000468,1000417,1001563,1.843288349,1.841179237
7,1836010,1000104,1000104,982916,1001406,1.867921572,1.833432194
7,1844184,1000521,1000521,1000521,1001614,1.843223680,1.841212283
7,1844098,1000521,1000521,1000520,1001615,1.843139567,1.841124584
7,1843481,1000156,1000156,1000208,1001302,1.843097636,1.841083909
7,1827398,1000052,1000052,982447,1001562,1.860047412,1.824548056
7,1843168,1000000,1000000,999948,1001094,1.843263850,1.841153778
7,1843811,1000364,1000364,1000313,1001615,1.843234068,1.840838047
7,1843939,1000365,1000365,1000417,1001510,1.843170398,1.841158850
7,1838920,1000416,1000416,995626,1001875,1.846998773,1.835478478
7,1843547,1000156,1000156,1000157,1001250,1.843257609,1.841245443
7,1843733,1000312,1000312,1000260,1001406,1.843253754,1.841144351
7,1843560,1000156,1000156,1000208,1001302,1.843176619,1.841162806
7,1829759,1000156,1000156,982551,1001615,1.862253461,1.826808704
7,1843333,1000104,1000104,1000053,1001198,1.843235309,1.841127329
7,1843807,1000312,1000312,1000313,1001458,1.843230069,1.841122643
7,1843267,1000052,1000052,1000000,1001198,1.843267000,1.841061408
7,1812954,1000208,1000208,967969,1001406,1.872946344,1.810408566
7,1843746,1000313,1000313,1000260,1001407,1.843266751,1.841155494
7,1844126,1000521,1000521,1000521,1001666,1.843165711,1.841058796
7,1843247,1000052,1000052,1000053,1001146,1.843149313,1.841137057
7,1791265,1000260,1000260,952657,1001823,1.880283250,1.788005466
7,1843471,1000156,1000156,1000104,1001303,1.843279299,1.841072083
7,1843304,1000000,1000000,1000000,1001093,1.843304000,1.841291468
7,1843512,1000156,1000156,1000104,1001250,1.843320295,1.841210487
7,1837608,1000417,1000417,995416,1001563,1.846070387,1.834740301
7,1843529,1000156,1000156,1000156,1001250,1.843241454,1.841227466
7,1843413,1000104,1000104,1000104,1001562,1.843221305,1.840538080
7,1843483,1000156,1000156,1000104,1001250,1.843291298,1.841181523
7,1829196,1000625,1000625,982968,1002084,1.860890690,1.825391883
7,1844143,1000521,1000521,1000521,1001614,1.843182702,1.841171349
7,1844139,1000521,1000521,1000520,1001615,1.843180546,1.841165518
7,1843229,1000000,1000000,1000000,1001146,1.843229000,1.841119078
7,1833632,1000052,1000052,978073,1001614,1.874739411,1.830677287
7,1844075,1000469,1000469,1000364,1001563,1.843404001,1.841197209
7,1844019,1000468,1000468,1000417,1001510,1.843250365,1.841238730
7,1843500,1000208,1000208,1000156,1001302,1.843212459,1.841102884
7,1821756,1000313,1000313,980990,1001511,1.857058686,1.819007480
7,1843176,1000000,1000000,1000000,1001406,1.843176000,1.840588133
7,1844056,1000469,1000469,1000468,1001563,1.843193385,1.841178238
7,1843347,1000104,1000104,1000104,1001198,1.843155312,1.841141313
7,1837402,1000417,1000417,995729,1001666,1.845283205,1.834345980
7,1843239,1000000,1000000,1000000,1001094,1.843239000,1.841224700
7,1843672,1000260,1000260,1000260,1001354,1.843192770,1.841179044
7,1843402,1000104,1000104,1000052,1001198,1.843306148,1.841196247
7,1827485,1000156,1000156,982813,1001667,1.859443251,1.824443652
7,1843483,1000156,1000156,1000156,1001302,1.843195462,1.841085906
7,1844197,1000573,1000573,1000520,1001667,1.843238516,1.841127840
7,1844194,1000520,1000520,1000573,1001927,1.843137882,1.840647073
7,1834973,1000364,1000364,982656,1001667,1.867360501,1.831919191
7,1843968,1000417,1000417,1000365,1001510,1.843295197,1.841187806
7,1843111,999948,999948,999947,1001406,1.843208690,1.840523224
7,1843537,1000156,1000156,1000104,1001354,1.843345292,1.841044226
7,1826017,1000104,1000104,981927,1001615,1.859626021,1.823072738
7,1843933,1000417,1000417,1000364,1001511,1.843262053,1.841151021
7,1843574,1000156,1000156,1000208,1001354,1.843190616,1.841081176
7,1843205,999948,999948,1000000,1001198,1.843205000,1.840999483
7,1837417,1000156,1000156,995677,1001407,1.845394641,1.834835387
7,1843944,1000417,1000417,1000469,1001823,1.843079596,1.840588607
7,1843541,1000157,1000157,1000156,1001458,1.843253452,1.840857030
7,1844121,1000468,1000468,1000469,1001667,1.843256513,1.841051966
7,1829023,1000469,1000469,983854,1001928,1.859039044,1.825503429
7,1843649,1000260,1000260,1000261,1001406,1.843167933,1.841060469
7,1843463,1000156,1000156,1000157,1001250,1.843173622,1.841161548
7,1843818,1000312,1000312,1000365,1001510,1.843145252,1.841038033
7,1835901,1000677,1000677,982500,1001927,1.868601527,1.832370023
7,1843133,999948,999948,999948,1001094,1.843228848,1.841118816
7,1843476,1000156,1000156,1000156,1001250,1.843188463,1.841174532
7,1843880,1000365,1000365,1000364,1001771,1.843209072,1.840620262
7,1824616,1000625,1000625,977189,1002187,1.867208902,1.820634273
7,1843313,1000053,1000053,1000052,1001250,1.843217153,1.841011735
7,1843213,1000000,1000000,1000000,1001094,1.843213000,1.841198729
7,1843635,1000208,1000208,1000208,1001354,1.843251604,1.841142094
7,1834905,1000104,1000104,988229,1001511,1.856760933,1.832136642
7,1843970,1000416,1000416,1000417,1001510,1.843201385,1.841189803
7,1843197,1000000,1000000,999947,1001094,1.843294695,1.841182746
7,1843855,1000364,1000364,1000365,1001458,1.843182238,1.841170573
7,1828899,1000573,1000573,982657,1002083,1.861177400,1.825097322
7,1843982,1000468,1000468,1000365,1001510,1.843309192,1.841201785
7,1844189,1000573,1000573,1000520,1001979,1.843230520,1.840546558
7,1843370,1000104,1000104,1000104,1001198,1.843178309,1.841164285
7,1834831,1000312,1000312,982501,1001563,1.867510567,1.831967635
7,1843472,1000156,1000156,1000104,1001302,1.843280299,1.841074920
7,1844016,1000416,1000416,1000469,1001614,1.843151562,1.841044554
7,1843770,1000313,1000313,1000312,1001458,1.843194923,1.841085697
7,1829236,1000365,1000365,985677,1001927,1.855816865,1.825717842
7,1843256,1000053,1000053,1000052,1001250,1.843160156,1.840954806
7,1843684,1000261,1000261,1000260,1001406,1.843204767,1.841095420
7,1843257,1000052,1000052,1000000,1001146,1.843257000,1.841147045
7,1836491,1000521,1000521,996771,1002031,1.842440240,1.832768647
7,1843329,1000105,1000105,1000052,1001198,1.843233152,1.841123334
7,1843630,1000261,1000261,1000208,1001355,1.843246605,1.841135262
7,1844036,1000469,1000469,1000469,1001563,1.843171553,1.841158270
7,1828716,1000104,1000104,981771,1001614,1.862670623,1.825769208
7,1843975,1000416,1000416,1000417,1001510,1.843206383,1.841194796
7,1843481,1000156,1000156,1000156,1001250,1.843193462,1.841179526
7,1843278,1000052,1000052,1000000,1001146,1.843278000,1.841168021
7,1837644,1000365,1000365,983801,1001614,1.867902147,1.834682822
7,1844239,1000573,1000573,1000573,1001979,1.843182856,1.840596460
7,1843782,1000312,1000312,1000313,1001771,1.843205077,1.840522435
7,1843586,1000261,1000261,1000208,1001303,1.843202614,1.841186933
7,1827346,1000625,1000625,982656,1002083,1.859598883,1.823547550
7,1844160,1000521,1000521,1000469,1001615,1.843295494,1.841186484
7,1843795,1000312,1000312,1000312,1001406,1.843219915,1.841206264
7,1843920,1000417,1000417,1000416,1001511,1.843153248,1.841138040
7,1837976,1000520,1000520,995729,1001771,1.845859667,1.834726699
7,1843748,1000261,1000261,1000260,1001355,1.843268750,1.841253102
7,1843846,1000365,1000365,1000365,1001459,1.843173242,1.841159748
7,1843904,1000416,1000416,1000365,1001510,1.843231221,1.841123903
7,1827732,1000313,1000313,981509,1001823,1.862165299,1.824406108
7,1843984,1000417,1000417,1000417,1001615,1.843215379,1.841010768
7,1844000,1000469,1000469,1000469,1001562,1.843135569,1.841124164
7,1843589,1000209,1000209,1000208,1001302,1.843205613,1.841191768
7,1833464,1000417,1000417,980677,1001927,1.869590089,1.829937710
7,1843065,999895,999895,999896,1001094,1.843256699,1.841050890
7,1843519,1000156,1000156,1000104,1001302,1.843327294,1.841121859
7,1843841,1000365,1000365,1000312,1001458,1.843265901,1.841156594
7,1830024,1000521,1000521,981874,1002032,1.863807372,1.826312932
7,1843660,1000260,1000260,1000260,1001458,1.843180773,1.840975857
7,1843675,1000260,1000260,1000209,1001406,1.843289752,1.841086432
7,1843684,1000260,1000260,1000208,1001666,1.843300593,1.840617531
7,1834861,1000572,1000572,994896,1001771,1.844274175,1.831617206
7,1843670,1000261,1000261,1000208,1001354,1.843286596,1.841177046
7,1843231,1000000,1000000,999948,1001146,1.843326853,1.841121075
7,1843259,1000000,1000000,1000000,1001146,1.843259000,1.841149043
7,1827816,1000261,1000261,982343,1001823,1.860669847,1.824489955
7,1843358,1000105,1000105,1000052,1001250,1.843262150,1.841056679
7,1843220,1000052,1000052,1000000,1001146,1.843220000,1.841110088
7,1843225,1000000,1000000,1000000,1001198,1.843225000,1.841019459
7,1836765,1000156,1000156,983697,1001719,1.867206060,1.833613019
7,1843751,1000312,1000312,1000313,1001718,1.843174087,1.840588868
7,1844168,1000521,1000521,1000521,1001667,1.843207689,1.841098888
7,1844125,1000521,1000521,1000468,1001614,1.843262353,1.841153378
7,1825965,1000573,1000573,981978,1002188,1.859476485,1.821978511
7,1843136,999948,999948,999948,1001094,1.843231848,1.841121813
7,1843195,1000000,1000000,1000000,1001094,1.843195000,1.841180748
7,1843343,1000052,1000052,1000104,1001250,1.843151312,1.841041698
7,1837346,1000260,1000260,995626,1001458,1.845417858,1.834671050
7,1844132,1000521,1000521,1000469,1001615,1.843267508,1.841158529
7,1843424,1000156,1000156,1000104,1001250,1.843232304,1.841122597
7,1843333,1000104,1000104,1000052,1001511,1.843237152,1.840551926
7,1795167,1000156,1000156,958751,1001614,1.872401698,1.792274269
7,1843848,1000364,1000364,1000313,1001458,1.843271056,1.841163583
7,1843868,1000365,1000365,1000416,1001510,1.843101270,1.841087957
7,1843159,999948,999948,999948,1001198,1.843254849,1.840953538
7,1835812,1000469,1000469,981614,1001719,1.870197450,1.832661655
7,1843683,1000260,1000260,1000260,1001406,1.843203767,1.841094421
7,1834914,1000417,1000417,1000417,1001511,1.834149160,1.832145628
7,1843017,1000937,1000937,1001146,1002500,1.840907320,1.838420948
7,1812934,1000677,1000677,967657,1001979,1.873529567,1.809353290
7,1843329,1000104,1000104,1000104,1001562,1.843137314,1.840454211
7,1843570,1000208,1000208,1000208,1001302,1.843186617,1.841172793
7,1844064,1000469,1000469,1000573,1001979,1.843007956,1.840421805
7,1836226,1000416,1000416,988489,1001927,1.857608936,1.832694398
7,1843238,1000052,1000052,1000000,1001510,1.843238000,1.840458907
7,1844080,1000521,1000521,1000520,1001614,1.843121577,1.841108451
7,1843752,1000260,1000260,1000261,1001407,1.843270906,1.841161486
7,1821993,1000208,1000208,973751,1001614,1.871107706,1.819057042
7,1844190,1000521,1000521,1000521,1001563,1.843229677,1.841312029
7,1844182,1000521,1000521,1000573,1001562,1.843125889,1.841305880
7,1871870,1020885,1020885,997291,1021979,1.876954670,1.831612978
7,2048885,1000469,1000469,1000520,1001458,2.047820134,2.045902075
7,2093976,1000573,1000573,1000781,1001875,2.092341881,2.090057143
7,2092577,1000260,1000260,1000261,1001146,2.092030980,2.090181652
7,2085147,1000261,1000261,992552,1001198,2.100793712,2.082651983
7,2082407,1000469,1000469,991979,1001406,2.099245045,2.079483247
7,2093418,1000312,1000312,1000365,1001354,2.092654181,2.090587345
7,2092824,1000000,1000000,1000000,1000885,2.092824000,2.090973488
7,2087056,1000156,1000156,995104,1001042,2.097324501,2.084883551
7,2093135,1000157,1000157,1000156,1001198,2.092808522,2.090630425
7,2029555,1000208,1000208,1000261,1001042,2.029025424,2.027442405
7,1839478,1000105,1000105,1000104,1000989,1.839286714,1.837660554
7,1838633,1000625,1000625,991927,1001615,1.853597089,1.835668396
7,1836054,1000208,1000208,995416,1001197,1.844509230,1.833858871
7,1843951,1000365,1000365,1000365,1001250,1.843278203,1.841648939
7,1843076,1000312,1000312,1000417,1001771,1.842307758,1.839817683
7,1836278,1001667,1001667,978750,1002917,1.876146105,1.830937156
7,1841337,1000000,1000000,1000000,1001458,1.841337000,1.838656239
7,1843152,1000312,1000312,1000261,1001354,1.842671063,1.840659747
7,1843730,1000312,1000312,1000261,1001459,1.843248912,1.841043917
7,1832910,1000521,1000521,981354,1001719,1.867735802,1.829764635
7,1836933,1000260,1000260,991771,1001459,1.852174544,1.834256819
7,1843240,1000260,1000260,1000209,1001198,1.842854843,1.841034441
7,1843094,1000052,1000052,1000052,1001041,1.842998164,1.841177334
7,1837370,1000104,1000104,994272,1001146,1.847955087,1.835266784
7,1830669,1000208,1000208,999792,1001198,1.831049858,1.828478483
7,1843357,1000052,1000052,1000104,1001145,1.843165311,1.841248770
7,1843420,1000105,1000105,1000104,1001094,1.843228304,1.841405502
7,1851038,1010989,1010989,994584,1011927,1.861117814,1.829220883
7,1843967,1000417,1000417,1000469,1001406,1.843102585,1.841378023
7,1844557,1000729,1000729,1000781,1001771,1.843117525,1.841296065
7,1835889,1000312,1000312,1000365,1001406,1.835219145,1.833311364
7,1833526,1000156,1000156,978542,1001250,1.873732553,1.831236954
7,1842666,1000573,1000573,1000573,1001510,1.841610757,1.839887769
7,1843681,1000261,1000261,1000260,1001302,1.843201768,1.841283649
7,1844121,1000521,1000521,1000521,1001458,1.843160713,1.841436186
7,1833152,1000260,1000260,988802,1001250,1.853912108,1.830863421
7,1843737,1000312,1000312,1000312,1001250,1.843161933,1.841435206
7,1843952,1000417,1000417,1000416,1001458,1.843185235,1.841267432
7,1842931,1000261,1000261,1000260,1001302,1.842451962,1.840534624
7,1838699,1000052,1000052,995468,1001250,1.847069921,1.836403496
7,1843687,1000261,1000261,1000312,1001406,1.843111949,1.841098416
7,1844005,1000417,1000417,1000417,1001459,1.843236370,1.841318516
7,1843475,1000156,1000156,1000156,1001042,1.843187463,1.841556099
7,1832658,1000469,1000469,984895,1001458,1.860764853,1.829989875
7,1843383,1000104,1000104,1000156,1001198,1.843095477,1.841177270
7,1844225,1000521,1000521,1000625,1001511,1.843073079,1.841442580
7,1844002,1000416,1000416,1000417,1001406,1.843233372,1.841412973
7,1830262,1000521,1000521,983282,1001510,1.861380560,1.827502471
7,2088754,1000365,1000365,1000469,1001406,2.087774834,2.085821335
7,2093958,1000573,1000573,1000625,1001510,2.092650094,2.090800891
7,2093270,1000208,1000208,1000208,1001198,2.092834690,2.090765263
7,2080449,1000208,1000208,985990,1001093,2.110010244,2.078177552
7,2093457,1000313,1000313,1000312,1001146,2.092804045,2.091060645
7,2093000,1000104,1000104,1000052,1001041,2.092891170,2.090823453
7,2093722,1000417,1000417,1000416,1001458,2.092851374,2.090673798
7,2023836,1000521,1000521,995520,1001614,2.032943587,2.020574792
7,1842214,1000521,1000521,1000469,1001406,1.841350407,1.839627484
7,1843667,1000260,1000260,1000261,1001250,1.843185928,1.841365293
7,1841839,1000312,1000312,1000261,1001250,1.841358405,1.839539576
7,1828179,1000104,1000104,982084,1001198,1.861530175,1.825991462
7,1844041,1000469,1000469,1000469,1001511,1.843176550,1.841258858
7,1844104,1000468,1000468,1000469,1001354,1.843239521,1.841610459
7,1843327,1000052,1000052,1000052,1000937,1.843231152,1.841601419
7,1835734,1000208,1000208,982656,1001250,1.868134932,1.833442197
7,1842217,1000365,1000365,1000312,1001354,1.841642408,1.839726011
7,1843192,1000000,1000000,999948,1000885,1.843287851,1.841562217
7,1844078,1000469,1000469,1000469,1001406,1.843213533,1.841488867
7,1833573,1000313,1000313,988542,1001250,1.854825592,1.831283895
7,1843563,1000208,1000208,1000156,1001250,1.843275449,1.841261423
7,1843538,1000157,1000157,1000208,1001198,1.843154624,1.841332084
7,1843932,1000365,1000365,1000416,1001302,1.843165243,1.841534322
7,1839523,1000208,1000208,997292,1001250,1.844517955,1.837226467
7,1843612,1000260,1000260,1000208,1001146,1.843228608,1.841501639
7,1843534,1000208,1000208,1000209,1001250,1.843148782,1.841232459
7,1837061,1000625,1000625,1000781,1001875,1.835627375,1.833622957
7,1827473,1000469,1000469,987187,1001563,1.851192327,1.824621117
7,1842248,1000208,1000208,1000209,1001197,1.841863051,1.840045466
7,1843868,1000365,1000365,1000365,1001354,1.843195234,1.841374779
7,1843106,999948,999948,999948,1000938,1.843201846,1.841378787
7,1837434,1000469,1000469,980365,1001510,1.874234596,1.834663658
7,1844325,1000573,1000573,1000625,1001563,1.843173017,1.841446819
7,1843779,1000312,1000312,1000365,1001250,1.843106266,1.841477154
7,1844181,1000521,1000521,1000573,1001614,1.843124889,1.841209288
7,1827095,1000417,1000417,982343,1001563,1.859935888,1.824243707
7,1843184,1000364,1000364,1000417,1001406,1.842415713,1.840596122
7,1843360,1000104,1000104,1000104,1001042,1.843168310,1.841441218
7,1843825,1000312,1000312,1000365,1001198,1.843152249,1.841618741
7,1839529,1000261,1000261,995833,1001354,1.847226392,1.837041646
7,1843870,1000364,1000364,1000313,1001250,1.843293049,1.841568040
7,1843319,1000052,1000052,1000052,1000990,1.843223152,1.841495919
7,1843276,1000052,1000052,1000000,1000937,1.843276000,1.841550467
7,1833186,1000209,1000209,987239,1001198,1.856881667,1.830992471
7,1843164,1000000,1000000,999948,1000990,1.843259850,1.841341072
7,1844010,1000416,1000416,1000417,1001354,1.843241368,1.841516587
7,1843618,1000208,1000208,1000209,1001145,1.843232764,1.841509472
7,1833480,1000469,1000469,974479,1001511,1.881497703,1.830713791
7,1842351,1000260,1000260,1000260,1001198,1.841872113,1.840146504
7,1843953,1000417,1000417,1000417,1001406,1.843184392,1.841364042
7,1843859,1000365,1000365,1000364,1001354,1.843188080,1.841365791
7,1832043,1000573,1000573,984271,1001614,1.861319698,1.829090847
7,1843625,1000260,1000260,1000209,1001146,1.843239763,1.841514624
7,1844246,1000573,1000573,1000521,1001459,1.843285648,1.841559165
7,1843966,1000416,1000416,1000365,1001407,1.843293198,1.841375185
7,1838657,1000416,1000416,997553,1001458,1.843167230,1.835980141
7,1843761,1000313,1000313,1000260,1001198,1.843281747,1.841554817
7,1843352,1000052,1000052,1000052,1001041,1.843256151,1.841435066
7,1843854,1000365,1000365,1000365,1001198,1.843181239,1.841647706
7,1830466,1000261,1000261,982290,1001406,1.863468019,1.827895978
7,1843463,1000156,1000156,1000156,1001197,1.843175465,1.841259013
7,1843816,1000364,1000364,1000313,1001302,1.843239066,1.841418473
7,1844160,1000520,1000520,1000521,1001407,1.843199693,1.841568913
7,1835434,1000156,1000156,980469,1001355,1.871995953,1.832950352
7,1843602,1000260,1000260,1000208,1001145,1.843218611,1.841493490
7,1844055,1000469,1000469,1000417,1001459,1.843286350,1.841368443
7,1843265,1000000,1000000,1000052,1001042,1.843169155,1.841346317
7,1831043,1000209,1000209,983905,1001354,1.860995726,1.828567120
7,1844067,1000469,1000469,1000417,1001511,1.843298345,1.841284819
7,1843574,1000208,1000208,1000208,1001458,1.843190616,1.840889982
7,1843267,1000052,1000052,1000000,1001042,1.843267000,1.841348315
7,1837226,1000104,1000104,994270,1001511,1.847813974,1.834454140
7,1843194,999947,999947,1000000,1000990,1.843194000,1.841371043
7,1843505,1000156,1000156,1000208,1001250,1.843121631,1.841203496
7,1843433,1000104,1000104,1000105,1001146,1.843239460,1.841322844
7,1826488,1000573,1000573,979844,1001823,1.864059993,1.823164371
7,1844075,1000468,1000468,1000469,1001771,1.843210534,1.840814917
7,1843445,1000157,1000157,1000104,1001354,1.843253302,1.840952351
7,1843809,1000313,1000313,1000313,1001354,1.843232068,1.841315858
7,1834865,1000157,1000157,979584,1001406,1.873106339,1.832288802
7,1843385,1000052,1000052,1000000,1001146,1.843385000,1.841274899
7,1843399,1000104,1000104,1000157,1001250,1.843109632,1.841097628
7,1844110,1000520,1000520,1000521,1001615,1.843149719,1.841136564
7,1829260,1000521,1000521,982239,1002032,1.862336967,1.825550481
7,1843821,1000312,1000312,1000417,1001615,1.843052447,1.840848030
7,1843510,1000157,1000157,1000156,1001302,1.843222457,1.841112871
7,1843719,1000261,1000261,1000312,1001458,1.843143939,1.841034771
7,1834426,1000156,1000156,991772,1001406,1.849644878,1.831850418
7,1843631,1000208,1000208,1000260,1001667,1.843151781,1.840562782
7,1843697,1000260,1000260,1000261,1001406,1.843215921,1.841108402
7,1843250,1000000,1000000,1000052,1001146,1.843154156,1.841140053
7,1828512,1000573,1000573,980417,1001979,1.865034980,1.824900522
7,1844042,1000416,1000416,1000469,1001875,1.843177550,1.840590892
7,1843379,1000104,1000104,1000104,1001250,1.843187309,1.841077653
7,1843642,1000208,1000208,1000209,1001354,1.843256759,1.841149084
7,1833322,1000260,1000260,982397,1001510,1.866172230,1.830557858
7,1843370,1000104,1000104,1000105,1001250,1.843176466,1.841068664
7,1843591,1000209,1000209,1000208,1001458,1.843207613,1.840906958
7,1843328,1000104,1000104,1000052,1001198,1.843232152,1.841122335
7,1828971,1000260,1000260,984635,1001823,1.857511667,1.825642853
7,1843659,1000208,1000208,1000260,1001459,1.843179773,1.840973020
7,1843708,1000261,1000261,1000260,1001354,1.843228761,1.841214995
7,1843700,1000261,1000261,1000260,1001406,1.843220763,1.841111397
7,1837237,1000209,1000209,996823,1001406,1.843092505,1.834657472
7,1844063,1000469,1000469,1000469,1001510,1.843198540,1.841282663
7,1843265,1000052,1000052,1000052,1001042,1.843169155,1.841346317
7,1843224,1000000,1000000,1000000,1001093,1.843224000,1.841211556
7,1829057,1000364,1000364,984740,1001510,1.857400938,1.826299288
7,1843263,1000052,1000052,1000000,1001303,1.843263000,1.840864354
7,1843291,1000052,1000052,1000104,1001042,1.843099318,1.841372290
7,1844054,1000468,1000468,1000469,1001458,1.843189544,1.841369284
7,1835846,1000312,1000312,985000,1001458,1.863803046,1.833173233
7,1843191,1000000,1000000,999948,1000989,1.843286851,1.841369885
7,1843656,1000260,1000260,1000261,1001458,1.843174931,1.840971863
7,1843967,1000417,1000417,1000469,1001459,1.843102585,1.841280572
7,1814984,1000000,1000000,970469,1001250,1.870213268,1.812718102
7,1843718,1000313,1000313,1000312,1001250,1.843142939,1.841416230
7,1843322,1000104,1000104,1000052,1001042,1.843226152,1.841403258
7,1844135,1000521,1000521,1000521,1001614,1.843174706,1.841163362
7,1837929,1000573,1000573,994844,1001563,1.847454475,1.835060800
7,1843615,1000261,1000261,1000156,1001198,1.843327441,1.841408992
7,1843401,1000156,1000156,1000104,1001198,1.843209306,1.841195248
7,1843414,1000156,1000156,1000104,1001042,1.843222305,1.841495162
7,1831947,1000625,1000625,987553,1001927,1.855036641,1.828423628
7,1843588,1000208,1000208,1000209,1001302,1.843202771,1.841190770
7,1843277,1000052,1000052,1000052,1001042,1.843181155,1.841358305
7,1843195,999948,999948,1000000,1000989,1.843195000,1.841373881
7,1833963,1000469,1000469,978385,1001979,1.874479883,1.830340756
7,1843995,1000417,1000417,1000417,1001718,1.843226375,1.840832450
7,1843167,1000000,1000000,999948,1001094,1.843262850,1.841152779
7,1843981,1000416,1000416,1000365,1001562,1.843308193,1.841105194
7,1790687,1000625,1000625,951405,1002136,1.882150083,1.786870245
7,1844118,1000521,1000521,1000521,1001615,1.843157715,1.841144552
7,1843553,1000208,1000208,1000209,1001302,1.843167778,1.841155815
7,1843381,1000104,1000104,1000052,1001198,1.843285149,1.841175272
7,1836081,1000104,1000104,995418,1001302,1.844532649,1.833693531
7,1843711,1000260,1000260,1000260,1001354,1.843231760,1.841217991
7,1843586,1000209,1000209,1000208,1001302,1.843202614,1.841188772
7,1843671,1000261,1000261,1000260,1001355,1.843191770,1.841176206
7,1827240,1000261,1000261,983020,1001771,1.858802466,1.824009679
7,1843253,1000000,1000000,1000052,1001198,1.843157156,1.841047425
7,1843654,1000208,1000208,1000260,1001406,1.843174775,1.841065462
7,1844147,1000521,1000521,1000469,1001667,1.843282501,1.841077923
7,1834973,1000104,1000104,983230,1001354,1.866270354,1.832491806
7,1843582,1000208,1000208,1000156,1001302,1.843294446,1.841184777
7,1843704,1000261,1000261,1000208,1001354,1.843320589,1.841211000
7,1843724,1000261,1000261,1000312,1001355,1.843148938,1.841229135
7,1824057,1000053,1000053,979948,1001458,1.861381420,1.821401397
7,1843767,1000312,1000312,1000260,1001406,1.843287745,1.841178303
7,1843847,1000313,1000313,1000312,1001771,1.843271899,1.840587320
7,1843152,999948,999948,999948,1001094,1.843247849,1.841137795
7,1837679,1000468,1000468,995625,1001719,1.845754175,1.834525451
7,1843989,1000416,1000416,1000417,1001562,1.843220377,1.841113181
7,1843599,1000208,1000208,1000208,1001354,1.843215611,1.841106142
7,1843569,1000208,1000208,1000156,1001302,1.843281448,1.841171794
7,1825539,1000156,1000156,981405,1001719,1.860128082,1.822406284
7,1843228,1000052,1000052,1000000,1001198,1.843228000,1.841022455
7,1844050,1000416,1000416,1000469,1001562,1.843185546,1.841174086
7,1843816,1000313,1000313,1000364,1001511,1.843145095,1.841034197
7,1835484,1000156,1000156,976928,1001771,1.878832422,1.832239105
7,1843274,1000052,1000052,1000052,1001250,1.843178155,1.840972784
7,1843592,1000208,1000208,1000209,1001302,1.843206770,1.841194764
7,1843610,1000260,1000260,1000209,1001354,1.843224766,1.841117127
7,1828021,1000677,1000677,981407,1002291,1.862653313,1.823842577
7,1843827,1000312,1000312,1000313,1001510,1.843250063,1.841047019
7,1843283,1000052,1000052,1000052,1001146,1.843187154,1.841173016
7,1843672,1000260,1000260,1000208,1001354,1.843288596,1.841179044
7,1838355,1000521,1000521,993542,1001719,1.850304265,1.835200291
7,1843259,1000000,1000000,1000000,1001302,1.843259000,1.840862197
7,1843253,1000000,1000000,1000052,1001302,1.843157156,1.840856205
7,1843637,1000260,1000260,1000260,1001406,1.843157779,1.841048486
7,1791559,999948,999948,952344,1001354,1.881209941,1.789136509
7,1843552,1000208,1000208,1000156,1001146,1.843264451,1.841441708
7,1843795,1000312,1000312,1000313,1001198,1.843218073,1.841588777
7,1843836,1000365,1000365,1000261,1001250,1.843354884,1.841534082
7,1836174,1000469,1000469,987500,1001406,1.859416709,1.833595964
7,1843865,1000364,1000364,1000365,1001250,1.843192235,1.841563046
7,1844119,1000521,1000521,1000469,1001510,1.843254514,1.841338579
7,1843490,1000156,1000156,1000157,1000990,1.843200618,1.841666750
7,1830967,1000886,1000886,988646,1002083,1.851994546,1.827161024
7,1843834,1000365,1000365,1000313,1001823,1.843257061,1.840478807
7,1843740,1000313,1000313,1000261,1001407,1.843258909,1.841149503
7,1843373,1000052,1000052,1000052,1001198,1.843277150,1.841167282
7,1834118,1000156,1000156,995573,1001354,1.842273746,1.831637962
7,1843814,1000312,1000312,1000312,1001458,1.843238909,1.841129633
7,1843433,1000156,1000156,1000156,1001250,1.843145469,1.841131586
7,1843823,1000365,1000365,1000364,1001459,1.843152093,1.841136781
7,1826796,1000261,1000261,984115,1001719,1.856283056,1.823661127
7,1844135,1000521,1000521,1000469,1001615,1.843270506,1.841161524
7,1843316,1000052,1000052,1000052,1001198,1.843220153,1.841110350
7,1843859,1000364,1000364,1000365,1001771,1.843186237,1.840599299
7,1832152,1000260,1000260,980939,1001458,1.867753245,1.829484611
7,1843314,1000052,1000052,1000052,1001146,1.843218153,1.841203980
7,1842575,1000052,1000052,1000000,1001406,1.842575000,1.839987977
7,1844085,1000469,1000469,1000469,1001615,1.843220530,1.841111605
7,1825983,1000104,1000104,981823,1001562,1.859788373,1.823135263
7,1843460,1000157,1000157,1000104,1001563,1.843268300,1.840583169
7,1843225,1000000,1000000,1000000,1001094,1.843225000,1.841210715
7,1833117,1000000,1000000,997187,1001250,1.838288104,1.830828464
7,1837396,1000416,1000416,995730,1001666,1.845275326,1.834339990
7,1843984,1000416,1000416,1000417,1001771,1.843215379,1.840724078
7,1843554,1000209,1000209,1000156,1001250,1.843266450,1.841252434
7,1843240,1000052,1000052,1000000,1001146,1.843240000,1.841130065
7,1830599,1000208,1000208,983282,1001719,1.861723290,1.827457600
7,1843370,1000052,1000052,1000105,1001146,1.843176466,1.841259916
7,1843601,1000208,1000208,1000209,1001354,1.843215768,1.841108140
7,1844013,1000416,1000416,1000521,1001927,1.843052770,1.840466421
7,1816153,992708,992708,966927,1001875,1.878273127,1.812754086
7,1844617,1000781,1000781,1000885,1002396,1.842985957,1.840207862
7,1831746,1000260,1000260,1000209,1001458,1.831363245,1.829079203
7,1844184,1000573,1000573,1000573,1002031,1.843127888,1.840446054
7,1815812,1000521,1000521,956979,1001771,1.897441846,1.812601882
7,1843238,1000052,1000052,1000000,1001146,1.843238000,1.841128067
7,1844163,1000521,1000521,1000625,1001562,1.843011118,1.841286910
7,1843725,1000313,1000313,1000260,1001354,1.843245756,1.841231972
7,1838296,1000156,1000156,995052,1001094,1.847437119,1.836287102
7,1844130,1000521,1000521,1000468,1001563,1.843267351,1.841252123
7,1844153,1000521,1000521,1000729,1001666,1.842809592,1.841085751
7,1843812,1000313,1000313,1000312,1001302,1.843236910,1.841414478
7,1832087,1000416,1000416,984480,1001354,1.860969243,1.829609708
7,1843309,1000417,1000417,1000416,1001302,1.842542502,1.840912132
7,1843712,1000260,1000260,1000365,1001510,1.843039291,1.840932192
7,1843853,1000365,1000365,1000416,1001563,1.843086276,1.840975555
7,1977875,1000209,1000209,984270,1001250,2.009484186,1.975405743
7,2093450,1000313,1000313,1000260,1001146,2.092905844,2.091053653
7,2093159,1000156,1000156,1000156,1001094,2.092832518,2.090871586
7,2093046,1000104,1000104,1000104,1000990,2.092828346,2.090975934
7,2078172,1000156,1000156,983125,1001146,2.113843102,2.075793141
7,2093635,1000364,1000364,1000573,1001510,2.092436034,2.090478378
7,2092481,1000156,1000156,1000209,1001146,2.092043763,2.090085762
7,2093297,1000261,1000261,1000312,1001198,2.092644095,2.090792231
7,2086413,1000208,1000208,995990,1001146,2.094813201,2.084024708
7,2092854,1000000,1000000,1000000,1000937,2.092854000,2.090894832
7,2093006,1000104,1000104,1000052,1000885,2.092897169,2.091155328
7,2093109,1000157,1000157,1000104,1000885,2.092891339,2.091258236
7,2080564,1000000,1000000,988437,1001041,2.104902993,2.078400385
7,2093592,1000365,1000365,1000417,1001198,2.092719336,2.091086878
7,1826688,1000104,1000104,1000156,1001041,1.826403081,1.824788395
7,1843324,1000052,1000052,1000052,1000938,1.843228152,1.841596582
7,1837717,1000730,1000730,984843,1001770,1.865999961,1.834469988
7,1844114,1000520,1000520,1000521,1001406,1.843153717,1.841524816
7,1844207,1000573,1000573,1000521,1001354,1.843246668,1.841713320
7,1843605,1000208,1000208,1000209,1001146,1.843219767,1.841494647
7,1831190,1000365,1000365,987760,1001354,1.853881510,1.828713921
7,1844208,1000573,1000573,1000520,1001562,1.843249510,1.841331840
7,1844159,1000521,1000521,1000469,1001459,1.843294495,1.841472292
7,1843419,1000104,1000104,1000052,1001042,1.843323147,1.841500157
7,1838818,1000469,1000469,997552,1001510,1.843330473,1.836045571
7,1843595,1000209,1000209,1000208,1001198,1.843211612,1.841389016
7,1844032,1000469,1000469,1000521,1001510,1.843071760,1.841251710
7,1834680,1000365,1000365,1000417,1001459,1.833915257,1.832007102
7,1823520,1000469,1000469,979582,1001562,1.861528693,1.820676104
7,1843247,1000052,1000052,1000000,1000990,1.843247000,1.841423990
7,1842962,1000209,1000209,1000260,1001302,1.842482954,1.840565584
7,1843826,1000313,1000313,1000365,1001303,1.843153249,1.841426621
7,1837110,1000261,1000261,979583,1001303,1.875400043,1.834719361
7,1844293,1000572,1000572,1000573,1001562,1.843236825,1.841416707
7,1843990,1000469,1000469,1000417,1001354,1.843221377,1.841496614
7,1843831,1000312,1000312,1000572,1001615,1.842776932,1.840858014
7,1833654,1000990,1000990,985364,1002292,1.860889986,1.829460876
7,1843917,1000417,1000417,1000417,1001511,1.843148407,1.841135045
7,1843427,1000157,1000157,1000156,1001094,1.843139470,1.841412495
7,1843863,1000365,1000365,1000364,1001354,1.843192078,1.841369785
7,1839154,1000417,1000417,994844,1001511,1.848685824,1.836379231
7,1843223,1000000,1000000,1000000,1000989,1.843223000,1.841401854
7,1843910,1000365,1000365,1000364,1001354,1.843239061,1.841416722
7,1844017,1000417,1000417,1000729,1001719,1.842673691,1.840852574
7,1830893,1000573,1000573,985363,1001770,1.858089861,1.827658045
7,1843383,1000104,1000104,1000104,1001041,1.843191308,1.841466034
7,1843608,1000209,1000209,1000208,1001146,1.843224609,1.841497644
7,1843453,1000156,1000156,1000157,1001094,1.843163623,1.841438466
7,2007275,1000469,1000469,978230,1001355,2.051945861,2.004558823
7,2093172,1000157,1000157,1000208,1001042,2.092736711,2.090993185
7,2093613,1000364,1000364,1000521,1001562,2.092522796,2.090347877
7,2092522,1000208,1000208,1000209,1001042,2.092084754,2.090343862
7,2038866,1000521,1000521,963647,1001771,2.115780986,2.035261552
7,2093050,1000104,1000104,1000105,1000989,2.092830253,2.090982019
7,2092747,1000000,1000000,999948,1000781,2.092855829,2.091113840
7,2093380,1000260,1000260,1000209,1001042,2.092942575,2.091200969
7,2084955,1000469,1000469,990886,1001563,2.104132060,2.081701301
7,2093198,1000156,1000156,1000156,1000989,2.092871512,2.091129873
7,2092812,1000000,1000000,1000000,1000833,2.092812000,2.091070139
7,1931275,1000469,1000469,1000521,1001562,1.930269330,1.928263053
7,1819526,1000261,1000261,978905,1001198,1.858736037,1.817348816
7,1843138,1000000,1000000,999896,1000886,1.843329706,1.841506425
7,1843860,1000312,1000312,1000417,1001250,1.843091431,1.841558052
7,1843505,1000157,1000157,1000156,1001042,1.843217458,1.841586067
7,1836610,1000625,1000625,981042,1001719,1.872101296,1.833458285
7,1843963,1000417,1000417,1000365,1001458,1.843290199,1.841278416
7,1843279,1000052,1000052,1000001,1000885,1.843277157,1.841649141
7,1843845,1000313,1000313,1000364,1001198,1.843174085,1.841638717
7,1831670,1000677,1000677,988334,1002031,1.853290487,1.827957418
7,1843551,1000208,1000208,1000261,1001407,1.843069959,1.840960768
7,1843376,1000104,1000104,1000052,1001197,1.843280149,1.841172117
7,1843547,1000208,1000208,1000156,1001615,1.843259452,1.840574472
7,1835350,1000469,1000469,988749,1001979,1.856234494,1.831725016
7,1843980,1000417,1000417,1000417,1001510,1.843211381,1.841199788
7,1843322,1000052,1000052,1000104,1001198,1.843130314,1.841116343
7,1844033,1000468,1000468,1000417,1001563,1.843264359,1.841155274
7,1827146,1000573,1000573,980156,1002135,1.864137954,1.823253354
7,1843526,1000208,1000208,1000156,1001354,1.843238455,1.841033241
7,1843449,1000104,1000104,1000104,1001250,1.843257301,1.841147566
7,1843782,1000313,1000313,1000312,1001458,1.843206919,1.841097680
7,1834016,1000521,1000521,976406,1002083,1.878333398,1.830203686
7,1844203,1000521,1000521,1000521,1001927,1.843242671,1.840656056
7,1843261,1000000,1000000,1000000,1001146,1.843261000,1.841151041
7,1864289,1016927,1016927,1006407,1018073,1.852420542,1.831193834
7,1836762,1000573,1000573,994739,1001875,1.846476312,1.833324517
7,1843559,1000208,1000208,1000156,1001614,1.843271450,1.840588290
7,1843756,1000312,1000312,1000313,1001406,1.843179085,1.841167319
7,1831784,1000000,1000000,986460,1001250,1.856926789,1.829497129
7,1844049,1000469,1000469,1000469,1001875,1.843184546,1.840597879
7,1843768,1000260,1000260,1000313,1001459,1.843191081,1.841081862
7,1843220,1000000,1000000,999948,1001093,1.843315852,1.841207560
7,1836165,1000416,1000416,989479,1001615,1.855688701,1.833204375
7,1837796,1000417,1000417,997396,1001458,1.842594115,1.835120394
7,1843970,1000417,1000417,1000365,1001459,1.843297197,1.841283567
7,1843173,1000000,1000000,999948,1001041,1.843268850,1.841256252
7,1833858,1000312,1000312,981198,1001510,1.868998918,1.831093049
7,1843983,1000417,1000417,1000416,1001510,1.843216222,1.841202784
7,1843674,1000260,1000260,1000209,1001615,1.843288753,1.840701267
7,1844203,1000521,1000521,1000573,1001979,1.843146877,1.840560531
7,1834696,1000469,1000469,991042,1001718,1.851279764,1.831549398
7,1835271,1000156,1000156,991823,1001458,1.850401735,1.832599071
7,1843768,1000313,1000313,1000313,1001458,1.843191081,1.841083700
7,1843893,1000364,1000364,1000313,1001407,1.843316042,1.841302288
7,1838232,1000364,1000364,996980,1001355,1.843800277,1.835744566
7,1843649,1000208,1000208,1000261,1001145,1.843167933,1.841540436
7,1843223,1000053,1000053,1000000,1000886,1.843223000,1.841591350
7,1843416,1000104,1000104,1000157,1001145,1.843126629,1.841307703
7,1834849,1000468,1000468,993021,1001511,1.847744408,1.832080726
7,1834326,1000156,1000156,992343,1001510,1.848479810,1.831560344
7,1843818,1000364,1000364,1000313,1001459,1.843241066,1.841131789
7,1843554,1000208,1000208,1000156,1001302,1.843266450,1.841156814
7,1834886,1000417,1000417,980415,1001615,1.871540113,1.831927437
7,1843986,1000364,1000364,1000417,1001406,1.843217378,1.841396996
7,1843356,1000104,1000104,1000104,1001302,1.843164311,1.840959071
7,1843962,1000416,1000416,1000417,1001406,1.843193388,1.841373030
7,1851373,1020052,1020052,994843,1021146,1.860970022,1.813034571
7,1843457,1000052,1000052,1000052,1001303,1.843361145,1.841058101
7,1843398,1000104,1000104,1000157,1001197,1.843108632,1.841194091
7,1844014,1000468,1000468,1000417,1001406,1.843245367,1.841424957
7,1839090,1000416,1000416,997084,1001459,1.844468470,1.836410677
7,1843791,1000312,1000312,1000313,1001354,1.843214074,1.841297883
7,1843937,1000417,1000417,1000364,1001354,1.843266051,1.841443685
7,1843408,1000104,1000104,1000052,1001197,1.843312148,1.841204079
7,1830000,1000417,1000417,983229,1001406,1.861214427,1.827430633
7,1843798,1000364,1000364,1000365,1001407,1.843125259,1.841207421
7,1843906,1000416,1000416,1000365,1001250,1.843233220,1.841603995
7,1843741,1000312,1000312,1000313,1001146,1.843164090,1.841630491
7,1836378,1000313,1000313,988593,1001302,1.857567270,1.833990145
7,1843268,1000053,1000053,1000000,1000938,1.843268000,1.841540635
7,1843898,1000417,1000417,1000416,1001302,1.843131257,1.841500367
7,1843744,1000312,1000312,1000260,1001146,1.843264751,1.841633488
7,1832737,1000364,1000364,989532,1001302,1.852125045,1.830353879
7,1843583,1000208,1000208,1000208,1001302,1.843199614,1.841185776
7,1843953,1000417,1000417,1000416,1001406,1.843186235,1.841364042
7,1843681,1000261,1000261,1000208,1001250,1.843297594,1.841379276
7,1835362,1000521,1000521,989220,1001771,1.855362811,1.832117320
7,1843198,1000000,1000000,999948,1001042,1.843293851,1.841279387
7,1843352,1000104,1000104,1000052,1001094,1.843256151,1.841337577
7,1843444,1000156,1000156,1000104,1001303,1.843252302,1.841045118
7,1831384,1001667,1001667,986823,1002865,1.855838382,1.826152074
7,1843528,1000208,1000208,1000104,1001250,1.843336293,1.841226467
7,1843895,1000365,1000365,1000417,1001458,1.843126416,1.841210515
7,1843085,999947,999947,999896,1001042,1.843276701,1.841166505
7,1837200,1000417,1000417,985157,1001666,1.864880420,1.834144316
7,1843269,1000052,1000052,1000000,1001198,1.843269000,1.841063406
7,1843158,999948,999948,999948,1001094,1.843253849,1.841143789
7,1843143,999948,999948,1000000,1001146,1.843143000,1.841033176
7,1823519,1000156,1000156,981927,1001406,1.857082044,1.820958732
7,1843326,1000052,1000052,1000000,1001458,1.843326000,1.840642343
7,1843657,1000260,1000260,1000209,1001354,1.843271756,1.841164064
7,1843763,1000312,1000312,1000312,1001459,1.843187925,1.841076869
7,1833474,1000156,1000156,992447,1001355,1.847427621,1.830993004
7,1843801,1000313,1000313,1000365,1001406,1.843128258,1.841212256
7,1843389,1000104,1000104,1000104,1001250,1.843197307,1.841087640
7,1843142,999947,999947,999948,1001094,1.843237848,1.841127806
7,1829791,1000209,1000209,977395,1001510,1.872110048,1.827032181
7,1843792,1000312,1000312,1000261,1001458,1.843310896,1.841107665
7,1843147,999948,999948,999948,1001094,1.843242849,1.841132801
7,1843792,1000312,1000312,1000313,1001458,1.843215074,1.841107665
7,1833546,1000469,1000469,982916,1001719,1.865414746,1.830399543
7,1843654,1000260,1000260,1000260,1001407,1.843174775,1.841063623
7,1843513,1000156,1000156,1000156,1001250,1.843225457,1.841211486
7,1843715,1000260,1000260,1000260,1001407,1.843235759,1.841124538
7,1801119,1000781,1000781,963802,1001980,1.868764539,1.797559832
7,1843280,1000053,1000053,1000000,1001250,1.843280000,1.840978777
7,1844076,1000468,1000468,1000469,1001562,1.843211534,1.841200046
7,1843527,1000156,1000156,1000208,1001355,1.843143626,1.841032401
7,1835462,1000052,1000052,995156,1001250,1.844396255,1.833170537
7,1843361,1000053,1000053,1000052,1001250,1.843265150,1.841059675
7,1843978,1000469,1000469,1000417,1001562,1.843209382,1.841102198
7,1843771,1000312,1000312,1000313,1001354,1.843194080,1.841277910
7,1827503,1000364,1000364,981665,1001563,1.861636098,1.824651070
7,1843487,1000156,1000156,1000104,1001302,1.843295297,1.841089901
7,1843081,999948,999948,1000000,1001146,1.843081000,1.840971247
7,1843322,1000053,1000053,1000000,1001198,1.843322000,1.841116343
7,1834848,1000365,1000365,980574,1001562,1.871197890,1.831986437
7,1843823,1000365,1000365,1000312,1001459,1.843247907,1.841136781
7,1843353,1000053,1000053,1000104,1001198,1.843161311,1.841147306
7,1843670,1000261,1000261,1000260,1001407,1.843190770,1.841079601
7,1822139,1000209,1000209,979739,1001406,1.859820830,1.819580670
7,1843635,1000260,1000260,1000313,1001667,1.843058123,1.840566775
7,1843399,1000105,1000105,1000104,1001250,1.843207306,1.841097628
7,1843943,1000365,1000365,1000364,1001511,1.843272049,1.841161006
7,1836723,1000104,1000104,996666,1001562,1.842867119,1.833858513
7,1844065,1000469,1000469,1000521,1001615,1.843104742,1.841091637
7,1843859,1000312,1000312,1000365,1001458,1.843186237,1.841174567
7,1843638,1000260,1000260,1000261,1001406,1.843156936,1.841049484
7,1826652,1000521,1000521,981405,1001875,1.861262170,1.823233437
7,1843691,1000261,1000261,1000260,1001406,1.843211765,1.841102410
7,1843099,999948,999948,999948,1001458,1.843194846,1.840415674
7,1843902,1000364,1000364,1000417,1001458,1.843133413,1.841217505
7,1834136,1000417,1000417,982657,1001718,1.866506828,1.830990359
7,1843758,1000261,1000261,1000260,1001407,1.843278748,1.841167477
7,1843921,1000365,1000365,1000365,1001510,1.843248214,1.841140877
7,1843945,1000416,1000416,1000417,1001510,1.843176395,1.841164841
7,1829680,1000417,1000417,985364,1001875,1.856856958,1.826255770
7,1843858,1000313,1000313,1000312,1001458,1.843282896,1.841173569
7,1843919,1000416,1000416,1000365,1001510,1.843246215,1.841138880
7,1843686,1000260,1000260,1000208,1001406,1.843302593,1.841097417
7,1834766,1000104,1000104,996354,1001250,1.841480036,1.832475406
7,1832889,1000365,1000365,1000625,1001770,1.831744160,1.829650519
7,1844104,1000469,1000469,1000937,1002240,1.842377692,1.839982439
7,1843061,1000260,1000260,1000209,1001458,1.842675881,1.840377729
7,1797887,1000208,1000208,957240,1001459,1.878198780,1.795267704
7,1843926,1000468,1000468,1000521,1001666,1.842965815,1.840859129
7,1843120,1000052,1000052,1000052,1001511,1.843024163,1.840339247
7,1843644,1000208,1000208,1000417,1001823,1.842875521,1.840289153
7,1829194,1000208,1000208,960312,1001614,1.904791359,1.826246438
7,1843947,1000521,1000521,1000521,1002032,1.842986804,1.840207698
7,1843470,1000157,1000157,1000104,1001458,1.843278299,1.840786134
7,1843673,1000416,1000416,1000365,1001510,1.843000305,1.840893251
7,1824877,1000521,1000521,977498,1001667,1.866885661,1.821839993
7,1843849,1000468,1000468,1000417,1001510,1.843080435,1.841068986
7,1843027,1000000,1000000,1000052,1001094,1.842931168,1.841012932
7,1843399,1000208,1000208,1000209,1001198,1.843013810,1.841193250
7,1836773,1000261,1000261,991406,1001354,1.852695061,1.834289372
7,1843568,1000312,1000312,1000261,1001198,1.843086954,1.841362048
7,1844231,1000677,1000677,1000729,1001771,1.842887535,1.840970641
7,1844217,1000625,1000625,1000677,1001822,1.842969310,1.840862948
7,1832924,1000417,1000417,985416,1001511,1.860050984,1.830158630
7,1842308,1000209,1000209,1000156,1001094,1.842020645,1.840294718
7,1843241,1000000,1000000,1000000,1000989,1.843241000,1.841419836
7,1843352,1000104,1000104,1000104,1001042,1.843160311,1.841433227
7,1892539,1000104,1000104,978022,1001146,1.935067923,1.890372633
7,2090791,1000052,1000052,1000052,1000990,2.090682285,2.088723164
7,2091998,1000260,1000260,1000416,1001355,2.091128091,2.089167178
7,2093446,1000312,1000312,1000365,1001302,2.092682171,2.090723878
7,2082137,1000625,1000625,986355,1001615,2.110940787,2.078779771
7,2093366,1000260,1000260,1000260,1001250,2.092821866,2.090752559
7,2092757,1000000,1000000,999948,1000833,2.092865829,2.091015184
7,2093521,1000364,1000364,1000313,1001146,2.092865933,2.091124571
7,2087975,1000261,1000261,997551,1001250,2.093101004,2.085368290
7,2093225,1000209,1000209,1000208,1001145,2.092789700,2.090830999
7,2093375,1000312,1000312,1000261,1001042,2.092828772,2.091195974
7,1878900,1000104,1000104,1000157,1000990,1.878605059,1.877041729
7,1831931,1000521,1000521,987241,1001562,1.855606686,1.829073986
7,1842872,1000208,1000208,1000156,1001094,1.842584557,1.840858101
7,1843939,1000416,1000416,1000417,1001250,1.843170398,1.841636954
7,1843386,1000208,1000208,1000156,1001146,1.843098477,1.841275898
7,1833924,1000157,1000157,975833,1001250,1.879342060,1.831634457
7,1844184,1000520,1000520,1000521,1001458,1.843223680,1.841499094
7,1843161,1000104,1000104,1000052,1001042,1.843065161,1.841242425
7,1843090,1000052,1000052,1000052,1000989,1.842994164,1.841268985
7,1832938,1000573,1000573,988905,1001771,1.853502611,1.829697606
7,1832611,1000573,1000573,1000625,1001719,1.831466334,1.829466148
7,1843836,1000730,1000730,1000729,1001719,1.842492823,1.840671885
7,1844109,1000521,1000521,1000469,1001458,1.843244518,1.841424204
7,1839411,1000521,1000521,995417,1001458,1.847879833,1.836733043
7,1843836,1000313,1000313,1000312,1001197,1.843260903,1.841631567
7,1843682,1000260,1000260,1000260,1001250,1.843202767,1.841380275
7,1843708,1000312,1000312,1000313,1001250,1.843131100,1.841406242
7,1832466,1000260,1000260,985469,1001406,1.859486194,1.829893170
7,1843578,1000208,1000208,1000312,1001458,1.843002983,1.840893977
7,1843727,1000260,1000260,1000312,1001354,1.843151937,1.841233969
7,1843152,1000000,1000000,1000000,1000938,1.843152000,1.841424744
7,1909594,1000156,1000156,976874,1001094,1.954800721,1.907507187
7,2091760,1000209,1000209,1000104,1000989,2.091542480,2.089693293
7,2093675,1000417,1000417,1000417,1001406,2.092802301,2.090735426
7,2092875,1000052,1000052,1000052,1000885,2.092766176,2.091024443
7,2080830,1000365,1000365,986980,1001458,2.108279803,2.077800567
7,2093307,1000208,1000208,1000261,1001354,2.092760789,2.090476495
7,2093386,1000260,1000260,1000261,1001250,2.092839769,2.090772534
7,2093804,1000469,1000469,1000573,1001459,2.092604937,2.090753591
7,2087548,1000261,1000261,997343,1001198,2.093109392,2.085050110
7,2093064,1000156,1000156,1000104,1001042,2.092846344,2.090885298
7,2093106,1000105,1000105,1000104,1000937,2.092888340,2.091146596
7,2092930,1000105,1000105,1000052,1000937,2.092821173,2.090970760
7,2077657,1000261,1000261,986041,1001146,2.107069584,2.075278731
7,1902616,1000052,1000052,1000052,1000938,1.902517069,1.900833019
7,1844154,1000521,1000521,1000521,1001354,1.843193696,1.841660392
7,1843855,1000365,1000365,1000312,1001198,1.843279897,1.841648705
7,1838113,1000208,1000208,986406,1001146,1.863444667,1.836008934
7,1841970,1000313,1000313,1000312,1001198,1.841395485,1.839765960
7,1843838,1000312,1000312,1000365,1001302,1.843165245,1.841440445
7,1843703,1000260,1000260,1000261,1001094,1.843221919,1.841688193
7,1829142,1000417,1000417,986616,1001458,1.853955338,1.826478994
7,1843979,1000416,1000416,1000469,1001458,1.843114579,1.841294393
7,1843346,1000104,1000104,1000104,1001146,1.843154312,1.841235944
7,1843275,1000000,1000000,1000052,1000937,1.843179155,1.841549468
7,1838593,1000521,1000521,996093,1001615,1.845804558,1.835628460
7,1843279,1000052,1000052,1000000,1000937,1.843279000,1.841553464
7,1843542,1000208,1000208,1000156,1001094,1.843254452,1.841527369
7,1843931,1000416,1000416,1000417,1001302,1.843162401,1.841533324
7,1832903,1000625,1000625,988020,1001666,1.855127427,1.829854462
7,1844168,1000521,1000521,1000521,1001615,1.843207689,1.841194471
7,1843594,1000208,1000208,1000209,1001198,1.843208769,1.841388017
7,1843694,1000261,1000261,1000260,1001197,1.843214764,1.841489737
7,1834882,1000417,1000417,983384,1001511,1.865885554,1.832113676
7,1844248,1000468,1000468,1000521,1001510,1.843287647,1.841467384
7,1843097,999948,999948,999896,1000937,1.843288702,1.841371635
7,1844090,1000469,1000469,1000468,1001459,1.843227370,1.841403392
7,1826432,1000417,1000417,978333,1001563,1.866881726,1.823581742
7,1843813,1000312,1000312,1000313,1001302,1.843236067,1.841415477
7,1843706,1000260,1000260,1000260,1001198,1.843226761,1.841499883
7,1843290,1000052,1000052,1000052,1001042,1.843194154,1.841371291
7,1836052,1000521,1000521,993907,1001562,1.847307645,1.833188559
7,1844027,1000417,1000417,1000417,1001459,1.843258361,1.841340484
7,1843441,1000104,1000104,1000156,1001146,1.843153468,1.841330835
7,1843298,1000052,1000052,1000052,1000885,1.843202153,1.841668124
7,1832097,1000417,1000417,982499,1001407,1.864731669,1.829522861
7,1843342,1000105,1000105,1000000,1000989,1.843342000,1.841520736
7,1843340,1000104,1000104,1000053,1000990,1.843242308,1.841516898
7,1843812,1000313,1000313,1000312,1001198,1.843236910,1.841605756
7,1837206,1000417,1000417,983020,1001511,1.868940612,1.834434170
7,1843198,1000000,1000000,1000000,1001041,1.843198000,1.841281226
7,1843960,1000417,1000417,1000416,1001302,1.843193232,1.841562286
7,1843293,1000052,1000052,1000053,1000938,1.843195311,1.841565611
7,1826541,1000365,1000365,981615,1001511,1.860750905,1.823785260
7,1843255,1000052,1000052,1000000,1001042,1.843255000,1.841336328
7,1843594,1000260,1000260,1000208,1001197,1.843210612,1.841389856
7,1843306,1000052,1000052,1000052,1001146,1.843210153,1.841195989
7,1836574,1000364,1000364,989219,1001718,1.856589896,1.833424177
7,1843209,1000000,1000000,1000000,1001145,1.843209000,1.841100939
7,1843717,1000260,1000260,1000261,1001302,1.843235915,1.841319602
7,1844186,1000520,1000520,1000573,1001771,1.843129887,1.840925721
7,1828726,1000313,1000313,980000,1001511,1.866046939,1.825966964
7,1843884,1000364,1000364,1000365,1001250,1.843211228,1.841582022
7,1843429,1000105,1000105,1000156,1000990,1.843141470,1.841605810
7,1844054,1000469,1000469,1000416,1001302,1.843287193,1.841656164
7,1837810,1000208,1000208,987083,1001302,1.861859641,1.835420283
7,1843406,1000104,1000104,1000104,1000990,1.843214306,1.841582833
7,1843310,1000053,1000053,1000052,1000938,1.843214153,1.841582596
7,1843524,1000156,1000156,1000209,1001041,1.843138784,1.841606887
7,1827450,1000625,1000625,986042,1001667,1.853318621,1.824408711
7,1843362,1000052,1000052,1000052,1001250,1.843266150,1.841060674
7,1843334,1000052,1000052,1000104,1001250,1.843142313,1.841032709
7,1843234,1000000,1000000,1000000,1000989,1.843234000,1.841412843
7,1838103,1000053,1000053,996875,1001302,1.843865078,1.835712902
7,1843567,1000209,1000209,1000156,1001146,1.843279448,1.841456691
7,1843969,1000417,1000417,1000416,1001406,1.843202228,1.841380020
7,1843349,1000104,1000104,1000052,1001094,1.843253151,1.841334580
7,1828115,1000573,1000573,982605,1001822,1.860478015,1.824790232
7,1843740,1000312,1000312,1000313,1001354,1.843163090,1.841246952
7,1843273,1000052,1000052,1000000,1001041,1.843273000,1.841356148
7,1843879,1000364,1000364,1000365,1001407,1.843206230,1.841288307
7,1836398,1000677,1000677,980730,1001980,1.872480703,1.832769117
7,1843140,1000000,1000000,999948,1001094,1.843235848,1.841125808
7,1843471,1000157,1000157,1000156,1001250,1.843183463,1.841169538
7,1843607,1000209,1000209,1000208,1001354,1.843223609,1.841114131
7,1824838,1000261,1000261,978542,1001771,1.864854038,1.821611925
7,1843535,1000209,1000209,1000208,1001458,1.843151624,1.840851039
7,1843669,1000260,1000260,1000261,1001302,1.843187928,1.841271664
7,1843931,1000416,1000416,1000417,1001563,1.843162401,1.841053433
7,1837548,1000417,1000417,995729,1001614,1.845429831,1.834586977
7,1843373,1000104,1000104,1000105,1001145,1.843179466,1.841264752
7,1843153,999948,999948,999896,1001094,1.843344708,1.841138794
7,1843505,1000157,1000157,1000156,1001250,1.843217458,1.841203496
7,1829127,1000521,1000521,982709,1001719,1.861310927,1.825988126
7,1843216,1000053,1000053,1000000,1001146,1.843216000,1.841106092
7,1844104,1000469,1000469,1000521,1001615,1.843143722,1.841130574
7,1843586,1000208,1000208,1000208,1001302,1.843202614,1.841188772
7,1835310,1000312,1000312,983647,1001510,1.865821784,1.832542860
7,1843490,1000156,1000156,1000104,1001302,1.843298297,1.841092897
7,1843985,1000416,1000416,1000365,1001563,1.843312191,1.841107349
7,1843711,1000260,1000260,1000261,1001459,1.843229917,1.841024945
7,1828951,1000208,1000208,982760,1001406,1.861035248,1.826383105
7,1843309,1000052,1000052,1000000,1001198,1.843309000,1.841103358
7,1844206,1000572,1000572,1000573,1001667,1.843149875,1.841136825
7,1843210,1000052,1000052,999948,1001146,1.843305852,1.841100099
7,1838203,1000416,1000416,996614,1001615,1.844448302,1.835239089
7,1843227,1000052,1000052,1000000,1001146,1.843227000,1.841117080
7,1843777,1000313,1000313,1000312,1001406,1.843201921,1.841188289
7,1843108,999948,999948,999948,1001094,1.843203847,1.841093843
7,1815448,1000469,1000469,969479,1002031,1.872601676,1.811768299
7,1843323,1000104,1000104,1000052,1001563,1.843227152,1.840446382
7,1843878,1000365,1000365,1000417,1001510,1.843109423,1.841097942
7,1843437,1000105,1000105,1000156,1001302,1.843149469,1.841039966
7,1832985,1000469,1000469,981302,1001667,1.867911204,1.829934499
7,1843776,1000313,1000313,1000312,1001510,1.843200921,1.840996096
7,1844129,1000521,1000521,1000521,1001615,1.843168709,1.841155534
7,1843908,1000365,1000365,1000364,1001458,1.843237062,1.841223496
7,1816264,1000417,1000417,971459,1001927,1.869624966,1.812770791
7,1843628,1000208,1000208,1000209,1001406,1.843242762,1.841039498
7,1843460,1000104,1000104,1000104,1001250,1.843268300,1.841158552
7,1843934,1000417,1000417,1000416,1001562,1.843167242,1.841058267
7,1836749,1000209,1000209,995989,1001458,1.844145869,1.834074919
7,1843490,1000104,1000104,1000157,1001563,1.843200618,1.840613122
7,1843980,1000417,1000417,1000416,1001510,1.843213223,1.841199788
7,1843748,1000312,1000312,1000313,1001354,1.843171087,1.841254941
7,1827738,1000677,1000677,981666,1002240,1.861873590,1.823653017
7,1843164,1000000,1000000,999948,1001198,1.843259850,1.840958532
7,1844105,1000468,1000468,1000469,1001615,1.843240520,1.841131573
7,1843977,1000417,1000417,1000416,1001562,1.843210225,1.841101200
7,1834234,1000416,1000416,981928,1001667,1.867992358,1.831181421
7,1843629,1000261,1000261,1000208,1001354,1.843245605,1.841136102
7,1843306,1000052,1000052,1000000,1001146,1.843306000,1.841195989
7,1843526,1000157,1000157,1000156,1001614,1.843238455,1.840555344
7,1825595,1000469,1000469,982343,1002084,1.858408926,1.821798372
7,1843747,1000260,1000260,1000261,1001510,1.843265908,1.840967140
7,1843955,1000364,1000364,1000365,1001511,1.843282202,1.841172988
7,1843287,1000052,1000052,1000052,1001145,1.843191154,1.841178850
7,1836901,1000312,1000312,996823,1001771,1.842755434,1.833653599
7,1844003,1000417,1000417,1000417,1001563,1.843234371,1.841125321
7,1843457,1000156,1000156,1000104,1001250,1.843265300,1.841155556
7,1843616,1000209,1000209,1000260,1001302,1.843136784,1.841218733
7,1829009,1000157,1000157,981562,1001666,1.863365737,1.825966939
7,1843929,1000365,1000365,1000416,1001927,1.843162245,1.840382583
7,1843742,1000261,1000261,1000312,1001354,1.843166932,1.841248949
7,1844016,1000469,1000469,1000469,1001562,1.843151562,1.841140139
7,1833544,1000312,1000312,982917,1001563,1.865410813,1.830682643
7,1843894,1000365,1000365,1000364,1001510,1.843223067,1.841113918
7,1843134,999948,999948,999896,1001146,1.843325706,1.841024186
7,1843195,1000000,1000000,1000000,1001094,1.843195000,1.841180748
7,1826531,1000365,1000365,981145,1001771,1.861632073,1.823301932
7,1843597,1000208,1000208,1000104,1001355,1.843405286,1.841102306
7,1843887,1000365,1000365,1000312,1001458,1.843311887,1.841202527
7,1843188,1000000,1000000,1000000,1001094,1.843188000,1.841173756
7,1835211,1000313,1000313,992082,1001510,1.849858177,1.832444010
7,1843234,1000052,1000052,1000052,1001094,1.843138157,1.841219706
7,1843595,1000209,1000209,1000208,1001354,1.843211612,1.841102148
7,1843622,1000261,1000261,1000208,1001667,1.843238606,1.840553797
7,1819692,1000573,1000573,975416,1002135,1.865554799,1.815815234
7,1844007,1000417,1000417,1000416,1001667,1.843240212,1.840938156
7,1843436,1000157,1000157,1000156,1001250,1.843148469,1.841134582
7,1843201,1000000,1000000,999948,1001145,1.843296851,1.841092949
7,1835099,1000469,1000469,979635,1001771,1.873247689,1.831854785
7,1843863,1000312,1000312,1000364,1001511,1.843192078,1.841081126
7,1844150,1000521,1000521,1000521,1001927,1.843189698,1.840603158
7,1844014,1000469,1000469,1000365,1001614,1.843341180,1.841042557
7,1828637,1000625,1000625,982136,1002084,1.861897945,1.824834046
7,1843299,1000052,1000052,1000052,1001146,1.843203153,1.841188997
7,1844094,1000469,1000469,1000468,1001562,1.843231368,1.841218017
7,1843710,1000260,1000260,1000261,1001406,1.843228917,1.841121383
7,1838669,1000416,1000416,996406,1001615,1.845301012,1.835704337
7,1843569,1000209,1000209,1000208,1001302,1.843185617,1.841171794
7,1843529,1000157,1000157,1000156,1001302,1.843241454,1.841131846
7,1843852,1000365,1000365,1000364,1001718,1.843181082,1.840689695
7,1825412,1000208,1000208,982292,1001719,1.858319115,1.822279502
7,1843125,999948,999948,999948,1001146,1.843220847,1.841015197
7,1843249,1000000,1000000,1000000,1001407,1.843249000,1.840659193
7,1843617,1000260,1000260,1000208,1001355,1.843233607,1.841122279
7,1835955,1000521,1000521,979948,1001718,1.873522881,1.832806239
7,1843613,1000260,1000260,1000208,1001250,1.843229608,1.841311361
7,1843781,1000312,1000312,1000261,1001302,1.843299899,1.841383519
7,1843489,1000156,1000156,1000104,1001198,1.843297297,1.841283143
7,1836947,1000417,1000417,993593,1001823,1.848792212,1.833604339
7,1843731,1000260,1000260,1000260,1001302,1.843251755,1.841333584
7,1843811,1000365,1000365,1000312,1001563,1.843235910,1.840933621
7,1836428,1000261,1000261,996510,1001354,1.842859580,1.833944839
7,1843688,1000261,1000261,1000260,1001250,1.843208766,1.841386267
7,1843792,1000313,1000313,1000312,1001354,1.843216916,1.841298881
7,1833157,1000104,1000104,1000052,1001302,1.833061681,1.830773333
7,1833538,1000469,1000469,984219,1001666,1.862937009,1.830488406
7,1836514,1000365,1000365,997708,1001667,1.840732960,1.833457626
7,1844009,1000416,1000416,1000521,1001667,1.843048772,1.840940153
7,1843231,1000000,1000000,1000000,1001145,1.843231000,1.841122914
7,1836609,1000365,1000365,979947,1001511,1.874192176,1.833838071
7,1843612,1000209,1000209,1000208,1001354,1.843228608,1.841119125
7,1843713,1000313,1000313,1000260,1001354,1.843233759,1.841219988
7,1844265,1000573,1000573,1000573,1001614,1.843208841,1.841293153
7,1836345,1000312,1000312,989896,1001407,1.855088817,1.833764893
7,1836105,1000417,1000417,991146,1001562,1.852507098,1.833241477
7,1843783,1000312,1000312,1000469,1001458,1.842918671,1.841098678
7,1843620,1000208,1000208,1000313,1001302,1.843043128,1.841222728
7,1838051,1000208,1000208,996926,1001302,1.843718591,1.835660969
7,1843391,1000104,1000104,1000105,1001094,1.843197464,1.841376534
7,1844005,1000417,1000417,1000469,1001354,1.843140567,1.841511593
7,1843393,1000104,1000104,1000104,1001042,1.843201307,1.841474184
7,1837169,1000573,1000573,992030,1001562,1.851928873,1.834303817
7,1837268,1000313,1000313,992969,1001354,1.850277300,1.834783703
7,1843691,1000260,1000260,1000261,1001250,1.843209922,1.841389263
7,1843705,1000260,1000260,1000313,1001354,1.843128101,1.841211999
7,1823711,1001614,1001614,984010,1002709,1.853346003,1.818783914
7,2075947,1000573,1000573,1000573,1001614,2.074758164,2.072601821
7,2092953,1000052,1000052,1000052,1000937,2.092844172,2.090993739
7,2093576,1000417,1000417,1000313,1001250,2.092920916,2.090962297
7,2087735,1000365,1000365,992188,1001250,2.104172798,2.085128589
7,2077568,1000312,1000312,988177,1001197,2.102424970,2.075084124
7,2093534,1000364,1000364,1000417,1001406,2.092661360,2.090594624
7,2091857,1000208,1000208,1000365,1001250,2.091093751,2.089245443
7,2088643,1000313,1000313,996145,1001250,2.096725878,2.086035456
7,2093117,1000156,1000156,1000157,1000989,2.092788432,2.091048953
7,2092988,1000052,1000052,1000052,1000885,2.092879170,2.091137343
7,2093445,1000313,1000313,1000364,1001302,2.092683263,2.090722879
7,2080888,1000365,1000365,988646,1001250,2.104785737,2.078290137
7,2092927,1000052,1000052,1000052,1000990,2.092818173,2.090857052
7,2093573,1000365,1000365,1000364,1001197,2.092811217,2.091069989
7,2019290,1000364,1000364,1000365,1001198,2.018553228,2.016873785
7,1831929,1000417,1000417,982499,1001354,1.864560676,1.829451922
7,1843484,1000105,1000105,1000104,1001094,1.843292298,1.841469432
7,1836058,1000260,1000260,1000208,1001093,1.835676179,1.834053380
7,1834754,1000313,1000313,1000312,1001198,1.834181735,1.832558595
7,1828416,1000260,1000260,986771,1001250,1.852928390,1.826133333
7,1835580,1000417,1000417,1000364,1001354,1.834912092,1.833097985
7,1834149,1000521,1000521,1000469,1001614,1.833289187,1.831193454
7,1834871,1000364,1000364,1000417,1001406,1.834106178,1.832294794
7,1832185,1000052,1000052,995575,1001146,1.840328453,1.830087719
7,1835896,1000000,1000000,999948,1001042,1.835991472,1.833984988
7,1835269,1000313,1000313,1000312,1001250,1.834696575,1.832977778
7,1835362,1000000,1000000,1000000,1001197,1.835362000,1.833167698
7,1811070,1000365,1000365,976667,1001407,1.854337251,1.808525405
7,1842045,1000261,1000261,1000312,1001458,1.841470461,1.839363208
7,1843330,1000052,1000052,1000105,1001146,1.843136471,1.841219962
7,1843333,1000104,1000104,1000104,1001146,1.843141313,1.841222958
7,1831230,1000469,1000469,975937,1001614,1.876381365,1.828279157
7,1843837,1000364,1000364,1000313,1001511,1.843260060,1.841055166
7,1843448,1000104,1000104,1000104,1001146,1.843256301,1.841337827
7,1843780,1000312,1000312,1000313,1001302,1.843203077,1.841382520
7,1832427,1000677,1000677,984426,1001875,1.861416704,1.828997629
7,1843959,1000416,1000416,1000417,1001562,1.843190390,1.841083228
7,1843396,1000104,1000104,1000105,1001094,1.843202464,1.841381529
7,1843354,1000053,1000053,1000104,1001094,1.843162311,1.841339575
7,1839008,1000104,1000104,995781,1001250,1.846799648,1.836712110
7,1843659,1000208,1000208,1000208,1001198,1.843275599,1.841452939
7,1844478,1000677,1000677,1000782,1001719,1.843036745,1.841312783
7,1835628,1000313,1000313,1000365,1001510,1.834958240,1.832860381
7,1829500,1000104,1000104,987656,1001250,1.852365601,1.827215980
7,1842552,1000416,1000416,1000469,1001354,1.841688248,1.840060558
7,1843950,1000364,1000364,1000417,1001354,1.843181393,1.841456668
7,1843658,1000260,1000260,1000261,1001250,1.843176931,1.841356305
7,1838055,1000520,1000520,980574,1001510,1.874468424,1.835283722
7,1844110,1000417,1000417,1000469,1001458,1.843245518,1.841425202
7,1844201,1000521,1000521,1000573,1001458,1.843144878,1.841516070
7,1843819,1000312,1000312,1000573,1001563,1.842763097,1.840941608
7,1831434,1000260,1000260,984115,1001355,1.860995920,1.828955765
7,1843638,1000261,1000261,1000312,1001250,1.843062964,1.841336330
7,1844253,1000573,1000573,1000573,1001562,1.843196848,1.841376769
7,1843549,1000209,1000209,1000208,1001250,1.843165622,1.841247441
7,1839627,1000313,1000313,997135,1001354,1.844912675,1.837139513
7,1843759,1000312,1000312,1000313,1001250,1.843182084,1.841457179
7,1843709,1000261,1000261,1000260,1001198,1.843229760,1.841502880
7,1843962,1000417,1000417,1000416,1001355,1.843195231,1.841466812
7,1812489,1000573,1000573,966354,1001615,1.875595279,1.809566550
7,1843371,1000052,1000052,1000052,1001094,1.843275150,1.841356556
7,1843469,1000157,1000157,1000104,1001041,1.843277299,1.841551944
7,1844029,1000416,1000416,1000469,1001302,1.843164556,1.841631196
7,1838776,1000625,1000625,984532,1001615,1.867665043,1.835811165
7,1844120,1000521,1000521,1000521,1001406,1.843159714,1.841530808
7,1844077,1000468,1000468,1000469,1001458,1.843212533,1.841392250
7,1843420,1000104,1000104,1000105,1001094,1.843226461,1.841405502
7,1831947,1000261,1000261,988906,1001302,1.852498620,1.829564906
7,1842601,1000469,1000469,1000521,1001458,1.841641505,1.839918399
7,1843813,1000312,1000312,1000313,1001302,1.843236067,1.841415477
7,1843785,1000312,1000312,1000261,1001250,1.843303898,1.841483146
7,1839872,1000417,1000417,995573,1001458,1.848053332,1.837193372
7,1843343,1000104,1000104,1000104,1000938,1.843151312,1.841615565
7,1843154,999948,999948,999948,1000886,1.843249849,1.841522411
7,1843545,1000209,1000209,1000156,1001041,1.843257452,1.841627865
7,1831548,1000573,1000573,986407,1001719,1.856787310,1.828404972
7,1843817,1000312,1000312,1000313,1001458,1.843240066,1.841132629
7,1843952,1000416,1000416,1000417,1001354,1.843183393,1.841458665
7,1843530,1000156,1000156,1000156,1001198,1.843242454,1.841324094
7,1834310,1000521,1000521,979792,1001771,1.872142251,1.831067180
7,1844216,1000521,1000521,1000573,1001510,1.843159869,1.841435432
7,1844103,1000521,1000521,1000520,1001458,1.843144565,1.841418212
7,1843369,1000104,1000104,1000052,1001094,1.843273150,1.841354558
7,1823870,1000521,1000521,977864,1001562,1.865157118,1.821025558
7,1843614,1000208,1000208,1000208,1001355,1.843230608,1.841119283
7,1843528,1000157,1000157,1000104,1001354,1.843336293,1.841035238
7,1843389,1000104,1000104,1000104,1001302,1.843197307,1.840992028
7,1835377,1000052,1000052,990989,1001406,1.852065966,1.832800083
7,1844154,1000521,1000521,1000573,1001614,1.843097905,1.841182332
7,1843990,1000417,1000417,1000416,1001407,1.843223219,1.841399151
7,1844004,1000417,1000417,1000417,1001459,1.843235371,1.841317518
7,1830865,1000468,1000468,980885,1001614,1.866543988,1.827914746
7,1843761,1000312,1000312,1000312,1001302,1.843185926,1.841363545
7,1843224,1000052,1000052,1000001,1001042,1.843222157,1.841305360
7,1844010,1000469,1000469,1000365,1001354,1.843337182,1.841516587
7,1835211,1000625,1000625,982551,1001771,1.867802282,1.831966587
7,1844067,1000468,1000468,1000521,1001458,1.843106741,1.841382265
7,1844005,1000416,1000416,1000417,1001458,1.843236370,1.841320355
7,1843503,1000156,1000156,1000157,1001250,1.843213615,1.841201498
7,1831153,1000833,1000833,983907,1002031,1.861103743,1.827441466
7,1843622,1000209,1000209,1000208,1001615,1.843238606,1.840649351
7,1843624,1000208,1000208,1000209,1001250,1.843238763,1.841322347
7,1843969,1000417,1000417,1000417,1001459,1.843200385,1.841282569
7,1835226,1000417,1000417,996563,1001511,1.841555426,1.832457157
7,1843646,1000208,1000208,1000209,1001302,1.843260759,1.841248694
7,1843552,1000156,1000156,1000209,1001198,1.843166778,1.841346067
7,1843881,1000416,1000416,1000313,1001459,1.843304046,1.841194697
7,1828266,1000573,1000573,980937,1001823,1.863795534,1.824939136
7,1843591,1000209,1000209,1000260,1001250,1.843111791,1.841289388
7,1843698,1000260,1000260,1000260,1001354,1.843218763,1.841205008
7,1843903,1000417,1000417,1000364,1001354,1.843232064,1.841409731
7,1837724,1000677,1000677,985522,1001875,1.864721437,1.834284716
7,1843948,1000365,1000365,1000364,1001458,1.843277047,1.841263438
7,1843681,1000261,1000261,1000312,1001354,1.843105951,1.841188031
7,1843359,1000052,1000052,1000104,1001042,1.843167311,1.841440219
7,1832597,1000416,1000416,986354,1001614,1.857950594,1.829643955
7,1843221,1000000,1000000,999948,1001042,1.843316852,1.841302363
7,1843643,1000261,1000261,1000260,1001510,1.843163777,1.840863296
7,1843814,1000313,1000313,1000312,1001407,1.843238909,1.841223399
7,1837015,1000157,1000157,996718,1001198,1.843063936,1.834816889
7,1843909,1000365,1000365,1000313,1001407,1.843332037,1.841318265
7,1843912,1000417,1000417,1000417,1001407,1.843143409,1.841321261
7,1843146,1000000,1000000,999948,1000990,1.843241849,1.841323090
7,1825325,1000260,1000260,982655,1001614,1.857544102,1.822383673
7,1843981,1000417,1000417,1000417,1001458,1.843212380,1.841296390
7,1843774,1000313,1000313,1000312,1001302,1.843198922,1.841376528
7,1843961,1000417,1000417,1000416,1001667,1.843194231,1.840892233
7,1828652,1000573,1000573,981510,1002083,1.863100733,1.824850836
7,1844108,1000521,1000521,1000469,1001615,1.843243519,1.841134568
7,1843904,1000364,1000364,1000365,1001511,1.843231221,1.841122065
7,1843512,1000156,1000156,1000157,1001250,1.843222614,1.841210487
7,1828098,1000208,1000208,984167,1001718,1.857507923,1.824962714
7,1843558,1000208,1000208,1000156,1001302,1.843270450,1.841160809
7,1843855,1000364,1000364,1000417,1001406,1.843086433,1.841266180
7,1843277,1000000,1000000,1000052,1001146,1.843181155,1.841167023
7,1837963,1000208,1000208,997396,1001303,1.842761551,1.835571251
7,1844146,1000520,1000520,1000521,1001719,1.843185700,1.840981353
7,1844123,1000521,1000521,1000469,1001563,1.843258512,1.841245134
7,1843788,1000312,1000312,1000313,1001563,1.843211075,1.840910657
7,1828146,1000729,1000729,978595,1002083,1.868133395,1.824345888
7,1843211,1000000,1000000,1000000,1001197,1.843211000,1.841007314
7,1843414,1000157,1000157,1000052,1001042,1.843318147,1.841495162
7,1843317,1000052,1000052,1000105,1001042,1.843123472,1.841398263
7,1837135,1000209,1000209,985989,1001302,1.863240868,1.834746160
7,1843092,999947,999947,999948,1000885,1.843187846,1.841462306
7,1843564,1000156,1000156,1000209,1001146,1.843178776,1.841453694
7,1843306,1000104,1000104,1000104,1000989,1.843114316,1.841484772
7,1831539,1000521,1000521,979844,1001823,1.869214895,1.828206180
7,1843657,1000261,1000261,1000260,1001562,1.843177774,1.840781699
7,1843763,1000313,1000313,1000313,1001302,1.843186083,1.841365542
7,1843368,1000105,1000105,1000104,1001302,1.843176310,1.840971056
7,1835636,1000104,1000104,996354,1001198,1.842353220,1.833439539
7,1843540,1000157,1000157,1000208,1001198,1.843156623,1.841334082
7,1843707,1000313,1000313,1000312,1001406,1.843131943,1.841118388
7,1843974,1000417,1000417,1000416,1001406,1.843207226,1.841385013
7,1829896,1000625,1000625,985520,1001927,1.856782206,1.826376572
7,1843686,1000312,1000312,1000261,1001407,1.843204924,1.841095579
7,1843307,1000052,1000052,1000104,1001094,1.843115316,1.841292626
7,1843430,1000156,1000156,1000104,1001354,1.843238303,1.840937371
7,1835026,1000104,1000104,983282,1001354,1.866225559,1.832544734
7,1843208,1000000,1000000,999948,1001094,1.843303852,1.841193734
7,1843885,1000365,1000365,1000364,1001458,1.843214070,1.841200530
7,1843965,1000417,1000417,1000417,1001563,1.843196387,1.841087380
7,1825101,1000416,1000416,980365,1001875,1.861654588,1.821685340
7,1843098,999948,999948,999947,1001145,1.843195689,1.840990066
7,1843380,1000104,1000104,1000104,1001198,1.843188308,1.841174273
7,1843775,1000313,1000313,1000313,1001406,1.843198079,1.841186292
7,1837173,1000260,1000260,995521,1001459,1.845438720,1.834496470
7,1844119,1000469,1000469,1000468,1001875,1.843256356,1.840667748
7,1843254,1000052,1000052,1000000,1001146,1.843254000,1.841144049
7,1843654,1000260,1000260,1000261,1001355,1.843172932,1.841159229
7,1828093,1000416,1000416,981563,1001979,1.862430634,1.824482349
7,1843287,1000052,1000052,1000052,1001250,1.843191154,1.840985768
7,1843627,1000260,1000260,1000208,1001354,1.843243605,1.841134104
7,1843430,1000104,1000104,1000104,1001250,1.843238303,1.841128589
7,1837964,1000365,1000365,984375,1001562,1.867138032,1.835097578
7,1843293,1000000,1000000,1000052,1001250,1.843197154,1.840991760
7,1843354,1000104,1000104,1000052,1001198,1.843258151,1.841148304
7,1843343,1000052,1000052,1000104,1001563,1.843151312,1.840466351
7,1796900,1000365,1000365,958541,1001927,1.874619865,1.793444033
7,1843766,1000261,1000261,1000260,1001458,1.843286745,1.841081703
7,1843699,1000260,1000260,1000261,1001407,1.843217920,1.841108560
7,1843529,1000156,1000156,1000157,1001302,1.843239611,1.841131846
7,1838820,1000365,1000365,995677,1001666,1.846803733,1.835761621
7,1843556,1000156,1000156,1000209,1001354,1.843170777,1.841063200
7,1843808,1000312,1000312,1000261,1001459,1.843326892,1.841121803
7,1843321,1000052,1000052,1000052,1001197,1.843225152,1.841117183
7,1827038,1000260,1000260,978074,1001771,1.867995673,1.823808036
7,1843976,1000417,1000417,1000364,1001562,1.843305037,1.841100201
7,1843350,1000104,1000104,1000052,1001459,1.843254151,1.840664471
7,1843155,1000000,1000000,999947,1001094,1.843252692,1.841140792
7,1835041,1000313,1000313,985834,1001563,1.861409730,1.832177307
7,1844151,1000521,1000521,1000468,1001614,1.843288341,1.841179337
7,1843865,1000364,1000364,1000365,1001511,1.843192235,1.841083123
7,1843356,1000104,1000104,1000105,1001197,1.843162468,1.841152141
7,1809615,1000625,1000625,967864,1001823,1.869699669,1.806322075
7,1843374,1000052,1000052,1000104,1001354,1.843182309,1.840881447
7,1843438,1000104,1000104,1000156,1001510,1.843150469,1.840658606
7,1844146,1000520,1000520,1000521,1001615,1.843185700,1.841172506
7,1836636,1000313,1000313,993853,1001510,1.847995629,1.833866861
7,1843449,1000104,1000104,1000156,1001511,1.843161467,1.840667751
7,1843843,1000365,1000365,1000364,1001406,1.843172085,1.841254197
7,1843184,1000000,1000000,1000000,1001094,1.843184000,1.841169760
7,1817632,1000208,1000208,975209,1001718,1.863838418,1.814514664
7,1843220,1000000,1000000,999948,1001198,1.843315852,1.841014465
7,1844120,1000521,1000521,1000469,1001615,1.843255513,1.841146548
7,1844203,1000573,1000573,1000521,1001667,1.843242671,1.841133830
7,1832514,1000000,1000000,981563,1001198,1.866934675,1.830321275
7,1844153,1000520,1000520,1000521,1001511,1.843192697,1.841370689
7,1843682,1000260,1000260,1000260,1001250,1.843202767,1.841380275
7,1843907,1000365,1000365,1000312,1001615,1.843331880,1.840933892
7,1829114,1000261,1000261,984948,1001510,1.857066566,1.826356202
7,1843917,1000417,1000417,1000416,1001406,1.843150249,1.841328093
7,1843816,1000313,1000313,1000312,1001406,1.843240909,1.841227235
7,1843631,1000261,1000261,1000208,1001302,1.843247604,1.841233714
7,1838415,1000209,1000209,996563,1001302,1.844755424,1.836024496
7,1843654,1000261,1000261,1000260,1001250,1.843174775,1.841352310
7,1843243,1000052,1000052,1000052,1001094,1.843147156,1.841228696
7,1843359,1000104,1000104,1000105,1001146,1.843165468,1.841248929
7,1827619,1000417,1000417,979688,1001667,1.865511265,1.824577429
7,1843508,1000157,1000157,1000208,1001458,1.843124630,1.840824078
7,1843692,1000312,1000312,1000365,1001458,1.843019298,1.841007811
7,1831934,1000365,1000365,1000417,1001719,1.831170402,1.828790309
7,1836097,1000677,1000677,994166,1002343,1.846871649,1.831805081
7,1843946,1000417,1000417,1000365,1001719,1.843273205,1.840781696
7,1844385,1000625,1000625,1000677,1001667,1.843137196,1.841315527
7,1843470,1000156,1000156,1000157,1001198,1.843180621,1.841264166
7,1815286,1000260,1000260,971406,1001406,1.868720185,1.812737291
7,1843673,1000260,1000260,1000261,1001302,1.843191927,1.841275659
7,1843668,1000260,1000260,1000209,1001198,1.843282754,1.841461929
7,1844196,1000573,1000573,1000573,1001615,1.843139881,1.841222426
7,1839225,1000209,1000209,995884,1001458,1.846826538,1.836547314
7,1844233,1000573,1000573,1000625,1001719,1.843081074,1.841068204
7,1843652,1000261,1000261,1000312,1001354,1.843076960,1.841159071
7,1843683,1000261,1000261,1000260,1001198,1.843203767,1.841476911
7,1831908,1000313,1000313,982656,1001458,1.864241403,1.829240967
7,1843829,1000312,1000312,1000365,1001198,1.843156248,1.841622736
7,1843885,1000364,1000364,1000365,1001302,1.843212228,1.841487383
7,1844123,1000468,1000468,1000521,1001459,1.843162712,1.841436344
7,1973455,1000469,1000469,980417,1001459,2.012873094,1.970579924
7,2092762,1000313,1000313,1000364,1001406,2.092000512,2.089823708
7,2092589,1000208,1000208,1000261,1001198,2.092042977,2.090085078
7,2093316,1000208,1000208,1000313,1001250,2.092660997,2.090702622
7,2081928,1000469,1000469,988437,1001510,2.106282950,2.078789029
7,2093032,1000104,1000104,1000104,1001146,2.092814347,2.090636131
7,2093408,1000260,1000260,1000313,1001250,2.092752968,2.090794507
7,2093381,1000313,1000313,1000260,1001094,2.092836862,2.091093344
7,2086535,1000052,1000052,997240,1001093,2.092309775,2.084256907
7,2093385,1000260,1000260,1000260,1001094,2.092840861,2.091097340
7,1831635,1000156,1000156,1000157,1001146,1.831347478,1.829538349
7,1843386,1000104,1000104,1000104,1001042,1.843194308,1.841467191
7,1823939,1000521,1000521,980730,1001562,1.859776901,1.821094450
7,1843361,1000104,1000104,1000104,1000990,1.843169310,1.841537878
7,1844286,1000625,1000625,1000573,1001510,1.843229829,1.841505327
7,1843791,1000313,1000313,1000312,1001250,1.843215917,1.841489139
7,1836302,1000365,1000365,979114,1001510,1.875473132,1.833533365
7,1844073,1000468,1000468,1000469,1001511,1.843208535,1.841290810
7,1843251,1000052,1000052,1000000,1000990,1.843251000,1.841427986
7,1844024,1000417,1000417,1000469,1001458,1.843159558,1.841339327
7,1831467,1000417,1000417,982188,1001666,1.864680692,1.828420851
7,1832068,1000364,1000364,1000417,1001459,1.831304346,1.829398907
7,1843627,1000260,1000260,1000261,1001197,1.843145939,1.841422817
7,1844132,1000521,1000521,1000469,1001511,1.843267508,1.841349721
7,1837892,1000521,1000521,992916,1001510,1.851004516,1.835120967
7,1843391,1000104,1000104,1000052,1001042,1.843295149,1.841472186
7,1844301,1000573,1000573,1000573,1001562,1.843244821,1.841424695
7,1843951,1000417,1000417,1000417,1001354,1.843182393,1.841457666
7,1834442,1001042,1001042,988646,1002448,1.855509454,1.829962252
7,1843640,1000260,1000260,1000313,1001406,1.843063121,1.841051482
7,1844040,1000468,1000468,1000521,1001459,1.843079755,1.841353465
7,1844069,1000469,1000469,1000468,1001458,1.843206379,1.841384262
7,1986590,1000104,1000104,976094,1001250,2.035244556,1.984109863
7,2093038,1000105,1000105,1000104,1001094,2.092820347,2.090750719
7,2092341,1000052,1000052,1000156,1001042,2.092014646,2.090163050
7,2093117,1000156,1000156,1000208,1001041,2.092681722,2.090940331
7,2083196,1000521,1000521,986770,1001510,2.111126200,2.080055117
7,2093041,1000156,1000156,1000104,1000938,2.092823346,2.091079567
7,2094225,1000729,1000729,1000730,1001666,2.092697331,2.090741824
7,2092699,999948,999948,999948,1000781,2.092807826,2.091065878
7,2087564,1000521,1000521,996511,1001458,2.094873012,2.084524763
7,2093051,1000156,1000156,1000156,1001094,2.092724535,2.090763705
7,2093709,1000416,1000416,1000417,1001354,2.092836287,2.090877951
7,2093428,1000313,1000313,1000312,1001146,2.092775054,2.091031678
7,2071404,1000208,1000208,982708,1001250,2.107852994,2.068817978
7,1830504,1000000,1000000,1000000,1000834,1.830504000,1.828978632
7,1843440,1000156,1000156,1000052,1000989,1.843344146,1.841618639
7,1843596,1000209,1000209,1000208,1001042,1.843212612,1.841676973
7,1836922,1000469,1000469,984061,1001458,1.866674932,1.834247667
7,1842687,1000105,1000105,1000104,1001042,1.842495380,1.840768919
7,1843594,1000208,1000208,1000208,1001093,1.843210612,1.841581152
7,1844093,1000468,1000468,1000469,1001406,1.843228526,1.841503846
7,1812150,1000208,1000208,970625,1001407,1.866992917,1.809603887
7,1842487,1000469,1000469,1000469,1001666,1.841623279,1.839422522
7,1843755,1000312,1000312,1000313,1001250,1.843178085,1.841453184
7,1843427,1000156,1000156,1000104,1001042,1.843235304,1.841508149
7,1837857,1000417,1000417,995417,1001614,1.846318679,1.834895479
7,1843255,1000052,1000052,1000000,1000990,1.843255000,1.841431982
7,1843366,1000052,1000052,1000104,1000989,1.843174310,1.841544712
7,1843534,1000156,1000156,1000157,1001094,1.843244611,1.841519378
7,1829749,1000782,1000782,986510,1001979,1.854769845,1.826135079
7,1843241,1000000,1000000,999947,1001406,1.843338697,1.840653042
7,1843422,1000104,1000104,1000156,1001250,1.843134471,1.841120599
7,1843964,1000364,1000364,1000417,1001667,1.843195388,1.840895228
7,1836769,1000573,1000573,982083,1001823,1.870278785,1.833426663
7,1843140,999948,999948,999948,1000989,1.843235848,1.841318936
7,1843883,1000365,1000365,1000364,1001407,1.843212071,1.841292302
7,1843590,1000209,1000209,1000260,1001303,1.843110791,1.841190928
7,1829052,1000261,1000261,982084,1001511,1.862419101,1.826292472
7,1844112,1000469,1000469,1000521,1001458,1.843151718,1.841427199
7,1844026,1000417,1000417,1000417,1001406,1.843257362,1.841436940
7,1843575,1000208,1000208,1000208,1001198,1.843191616,1.841369040
7,1837281,1000104,1000104,994479,1001250,1.847480942,1.834987266
7,1843949,1000365,1000365,1000364,1001354,1.843278047,1.841455669
7,1842746,1000105,1000105,1000104,1000989,1.842554374,1.840925325
7,1840623,1000208,1000208,1000156,1001042,1.840335908,1.838707067
7,1828933,1000313,1000313,986562,1001302,1.853844969,1.826554826
7,1840246,1000313,1000313,1000312,1001250,1.839672022,1.837948564
7,1840396,1000469,1000469,1000417,1001406,1.839628875,1.837812036
7,1838678,1000052,1000052,1000052,1000937,1.838582394,1.836956772
7,1835351,1000625,1000625,981303,1001719,1.870320380,1.832201446
7,1838407,1000313,1000313,1000260,1001250,1.837929138,1.836111860
7,1838159,1000417,1000417,1000417,1001406,1.837392807,1.835578177
7,1840224,1000469,1000469,1000417,1001406,1.839456946,1.837640278
7,1824088,1000417,1000417,979741,1001614,1.861806335,1.821148666
7,1841100,999948,999948,999948,1001094,1.841195742,1.839088038
7,1838810,1000000,1000000,1000052,1001041,1.838714387,1.836897789
7,1839728,1000469,1000469,1000416,1001459,1.838962991,1.837047747
7,1835085,1000417,1000417,994113,1001511,1.845952120,1.832316370
7,1839825,1000364,1000364,1000365,1001406,1.839153709,1.837241838
7,1840833,999948,999948,999948,1001042,1.840928728,1.838916849
7,1838690,1000105,1000105,1000052,1001093,1.838594393,1.836682506
7,1824831,1000521,1000521,979113,1001875,1.863759341,1.821415845
7,1840979,1000104,1000104,1000052,1001354,1.840883274,1.838489685
7,1839731,1000416,1000416,1000417,1001458,1.838964152,1.837052577
7,1840107,1000364,1000364,1000365,1001406,1.839435606,1.837523442
7,1831798,1000208,1000208,979793,1001406,1.869576533,1.829226108
7,1839878,1000000,1000000,1000000,1001146,1.839878000,1.837771913
7,1841775,1000417,1000417,1000416,1001563,1.841009140,1.838900798
7,1841401,1000469,1000469,1013021,1022864,1.817732308,1.800240306
7,1834590,1000312,1000312,986667,1001770,1.859381129,1.831348513
7,1838893,1000105,1000105,1000104,1001303,1.838701775,1.836500040
7,1839840,1000157,1000157,1000156,1001250,1.839553030,1.837543071
7,1833385,1000209,1000209,996302,1001407,1.840190023,1.830809052
7,1840171,1000208,1000208,1000157,1001354,1.839882139,1.837682778
7,1843832,1000312,1000312,1000365,1001354,1.843159247,1.841338827
7,1840481,1000468,1000468,1000417,1001666,1.839713839,1.837419859
7,1831060,1000469,1000469,989999,1001615,1.849557424,1.828107606
7,1832308,1000260,1000260,992499,1001563,1.846156016,1.829448572
7,1840589,1000209,1000209,1000208,1001250,1.840206237,1.838291136
7,1839172,1000313,1000313,1000312,1001302,1.838598357,1.836780512
7,1833890,1001198,1001198,982552,1002396,1.866455923,1.829506502
7,1837567,1000000,1000000,1000000,1001563,1.837567000,1.834699365
7,1840935,1000000,1000000,999948,1001146,1.841030734,1.838827703
7,1841422,1000416,1000416,1000365,1001510,1.840750126,1.838645645
7,1833503,1000156,1000156,991042,1001406,1.850075981,1.830928714
7,1831799,1000365,1000365,991407,1001875,1.847676081,1.828370805
7,1840261,1000261,1000261,1000260,1001354,1.839782657,1.837772656
7,1843775,1000312,1000312,1000313,1001458,1.843198079,1.841090690
7,1834246,1000365,1000365,996354,1001667,1.840958133,1.831193401
7,1839151,1000208,1000208,1000209,1001302,1.838766698,1.836759539
7,1841833,1000520,1000520,1000521,1001875,1.840873905,1.838386026
7,1840470,1000416,1000416,1000417,1001510,1.839702844,1.837695080
7,1832654,1000365,1000365,991770,1001563,1.847861903,1.829794032
7,1833848,1000468,1000468,993699,1001875,1.845476346,1.830415970
7,1839167,1000260,1000260,1000208,1001562,1.838784533,1.836298701
7,1838655,1000208,1000208,1000156,1001302,1.838368215,1.836264184
7,1830150,1000000,1000000,982291,1001302,1.863144425,1.827770243
7,1840799,1000521,1000521,1000521,1001667,1.839840443,1.837735495
7,1841345,1000469,1000469,1000469,1001719,1.840481814,1.838185160
7,1843265,1000000,1000000,1000000,1001406,1.843265000,1.840677008
7,1836678,1008073,1008073,980938,1009427,1.872369100,1.819525335
7,1838562,1000052,1000052,1000105,1001562,1.838368971,1.835694645
7,1839646,1000365,1000365,1000364,1001511,1.838976613,1.836870489
7,1841769,1000312,1000312,1000313,1001718,1.841192707,1.838610268
7,1834460,1000261,1000261,995833,1001459,1.842136181,1.831787422
7,1840723,1000417,1000417,1000364,1001510,1.840053221,1.837947699
7,1840469,1000417,1000417,1000469,1001823,1.839606225,1.837119930
7,1838591,1000000,1000000,1000000,1001094,1.838591000,1.836581780
7,1822646,1000416,1000416,978699,1001718,1.862315176,1.819520065
7,1838573,1000000,1000000,999948,1001406,1.838668611,1.835991596
7,1840462,1000260,1000260,1000208,1001302,1.840079264,1.838068834
7,1840265,1000157,1000157,1000104,1001302,1.840073632,1.837872091
7,1833808,1000625,1000625,977812,1001927,1.875419815,1.830281048
7,1840275,1000052,1000052,1000052,1001511,1.840179311,1.837498540
7,1837658,1000104,1000104,1000105,1001250,1.837465066,1.835363795
7,1839070,1000260,1000260,1000209,1001354,1.838685715,1.836583266
7,1814186,1000364,1000364,977292,1001718,1.856339763,1.811074574
7,1840449,1000364,1000364,1000417,1001770,1.839681853,1.837197161
7,1839210,1000261,1000261,1000260,1001355,1.838731930,1.836721243
7,1841922,1000468,1000468,1000417,1001562,1.841154239,1.839049405
7,1834533,1000625,1000625,991146,1001823,1.850921055,1.831194732
7,1837895,1000417,1000417,1000469,1001563,1.837033431,1.835026853
7,1839456,1000000,1000000,1000000,1001145,1.839456000,1.837352232
7,1839550,1000365,1000365,1000313,1001407,1.838974401,1.836965390
7,1827169,1000364,1000364,981563,1001614,1.861489278,1.824224701
7,1840190,1000209,1000209,1000156,1001354,1.839902975,1.837701752
7,1840789,1000365,1000365,1000313,1001459,1.840213013,1.838107202
7,1839643,1000312,1000312,1000261,1001458,1.839162978,1.836964705
7,1832571,1000417,1000417,983436,1001614,1.863436970,1.829617997
7,1840008,1000469,1000469,1000469,1001614,1.839145441,1.837043013
7,1839125,1000365,1000365,1000312,1001459,1.838551372,1.836445626
7,1840115,1000156,1000156,1000157,1001302,1.839826147,1.837722286
7,1824429,1000573,1000573,982709,1001718,1.856530265,1.821300007
7,1839784,1000000,1000000,1000000,1001146,1.839784000,1.837678021
7,1838252,1000521,1000521,1000469,1001614,1.837390264,1.835289842
7,1839299,1000052,1000052,1000104,1001250,1.839107733,1.837002747
7,1835537,1000417,1000417,997082,1001927,1.840908772,1.832006723
7,1843229,1000052,1000052,1000000,1001146,1.843229000,1.841119078
7,1838541,1000052,1000052,999896,1001146,1.838732228,1.836436444
7,1840572,999948,999948,999896,1001093,1.840763439,1.838562451
7,1821042,1000209,1000209,975103,1001511,1.867538096,1.818294557
7,1839800,1000105,1000105,1000052,1001615,1.839704335,1.836833514
7,1840130,1000156,1000156,1000209,1001354,1.839745493,1.837641833
7,1842043,1000469,1000469,1000521,1001666,1.841083795,1.838979261
7,1829934,1000209,1000209,981614,1001511,1.864209353,1.827173141
7,1839781,1000052,1000052,1000053,1001146,1.839683497,1.837675024
7,1839984,1000156,1000156,1000104,1001250,1.839792662,1.837686891
7,1839106,1000417,1000417,1000469,1001875,1.838243864,1.835664130
7,1823185,1000521,1000521,982865,1001718,1.854969909,1.820058140
7,1843117,1000416,1000416,1000469,1001770,1.842252983,1.839860447
7,1840191,1000000,1000000,1000052,1001041,1.840095315,1.838277353
7,1841283,1000521,1000521,1000469,1001771,1.840419843,1.838027853
7,1832471,1000469,1000469,995626,1001615,1.840521441,1.829516331
7,1840518,1000052,1000052,1000000,1001094,1.840518000,1.838506674
7,1839742,1000520,1000520,1000573,1001615,1.838688432,1.836775607
7,1837454,1000313,1000313,1000312,1001406,1.836880893,1.834874167
7,1827101,1001198,1001198,985989,1002604,1.853064284,1.822355586
7,1840129,1000260,1000260,1000313,1001771,1.839553220,1.836875893
7,1839016,1000469,1000469,1000469,1001563,1.838153906,1.836146104
7,1841235,1000104,1000104,1000052,1001145,1.841139261,1.839129197
7,1834664,1000520,1000520,984220,1001823,1.864079169,1.831325494
7,1842805,1000521,1000521,1000469,1001614,1.841941130,1.839835505
7,1843522,1000209,1000209,1000156,1001458,1.843234455,1.840838058
7,1838659,1000104,1000104,1000104,1001197,1.838467799,1.836460756
7,1823451,1000520,1000520,983438,1002136,1.854159591,1.819564410
7,1838916,1000156,1000156,1000104,1001354,1.838724773,1.836429474
7,1839046,1000052,1000052,1000052,1001146,1.838950375,1.836940866
7,1841128,1000052,1000052,1000000,1001458,1.841128000,1.838447543
7,1833898,1000156,1000156,995625,1001302,1.841956560,1.831513370
7,1838694,1000313,1000313,1000260,1001406,1.838216064,1.836112426
7,1839324,1000365,1000365,1000312,1001458,1.838750310,1.836646170
7,1839631,1000625,1000625,1000573,1001667,1.838577495,1.836569439
7,1820639,1000261,1000261,983802,1001771,1.850615266,1.817420349
7,1840523,1000209,1000209,1000208,1001302,1.840140251,1.838129755
7,1843396,1000104,1000104,1000052,1001198,1.843300148,1.841190254
7,1840242,1000208,1000208,1000261,1001302,1.839761822,1.837849120
7,1830664,1000365,1000365,982604,1001562,1.863074036,1.827808962
7,1840661,1000104,1000104,1000104,1001250,1.840469591,1.838363046
7,1840840,1000208,1000208,1000208,1001354,1.840457185,1.838350873
7,1839524,1000312,1000312,1000365,1001458,1.838852819,1.836845879
7,1820229,1000365,1000365,980626,1001563,1.856190841,1.817388422
7,1838674,1000469,1000469,1000416,1001979,1.837909430,1.835042451
7,1840468,1000000,1000000,999948,1001406,1.840563709,1.837883935
7,1838580,1000104,1000104,1000104,1001198,1.838388808,1.836380017
7,1833472,1000208,1000208,992343,1001406,1.847619220,1.830897758
7,1839672,1000313,1000313,1000260,1001406,1.839193810,1.837089053
7,1839976,999896,999896,999844,1001094,1.840263081,1.837965266
7,1843692,1000261,1000261,1000312,1001458,1.843116948,1.841007811
7,1792463,1000416,1000416,953178,1001979,1.880512349,1.788922722
7,1840082,1000313,1000313,1000208,1001771,1.839699343,1.836828976
7,1840418,1000417,1000417,1000416,1001510,1.839652704,1.837643159
7,1840017,1000625,1000625,1000625,1001927,1.838867708,1.836478107
7,1832198,1000469,1000469,993646,1001875,1.843914231,1.828769058
7,1838652,1000261,1000261,1000208,1001406,1.838269640,1.836070485
7,1839164,1000312,1000312,1000313,1001719,1.838588522,1.836007902
7,1839595,1000365,1000365,1000416,1001667,1.838830047,1.836533499
7,1820819,1000729,1000729,982553,1002135,1.853150924,1.816939833
7,1841572,1000313,1000313,1000313,1001615,1.840995768,1.838602657
7,1842173,1000416,1000416,1000365,1001458,1.841500852,1.839491022
7,1843775,1000417,1000417,1000417,1001562,1.843006466,1.840899515
7,1837314,1000261,1000261,994010,1001563,1.848385831,1.834446760
7,1843051,1000417,1000417,1000416,1001562,1.842284610,1.840176644
7,1842942,1000313,1000313,1000208,1001458,1.842558748,1.840258903
7,1842786,1000521,1000521,1000520,1001510,1.841828249,1.840007589
7,1809754,1000729,1000729,963334,1001927,1.878636070,1.806273311
7,1843711,1000312,1000312,1000261,1001459,1.843229917,1.841024945
7,1843216,1000000,1000000,1000000,1001041,1.843216000,1.841299208
7,1843255,1000052,1000052,1000052,1000886,1.843159156,1.841623322
7,1898590,1000573,1000573,984791,1001771,1.927911608,1.895233541
7,2089271,999948,999948,999948,1000833,2.089379648,2.087532086
7,2092941,1000052,1000052,1000052,1000885,2.092832173,2.091090385
7,2092970,1000104,1000104,1000104,1001042,2.092752354,2.090791395
7,2080021,1000417,1000417,986614,1001407,2.108241926,2.077098522
7,2040644,1000416,1000416,1000469,1001771,2.039687387,2.037036409
7,1842362,1000260,1000260,1000209,1001563,1.841977027,1.839486882
7,1842615,1000365,1000365,1000416,1001510,1.841848791,1.839836846
7,1833910,1000104,1000104,996198,1001198,1.840909137,1.831715605
7,1843802,1000364,1000364,1000313,1001407,1.843225071,1.841211416
7,1843981,1000416,1000416,1000417,1001771,1.843212380,1.840721083
7,1843691,1000260,1000260,1000261,1001354,1.843209922,1.841198018
7,1827072,1000416,1000416,978022,1001823,1.868129756,1.823747309
7,1843298,1000052,1000052,1000052,1001355,1.843202153,1.840803711
7,1843812,1000312,1000312,1000313,1001406,1.843235067,1.841223240
7,1843916,1000417,1000417,1000364,1001510,1.843245059,1.841135885
7,1835643,1000261,1000261,979948,1001615,1.873204497,1.832683217
7,1843743,1000312,1000312,1000208,1001458,1.843359581,1.841058736
7,1843465,1000156,1000156,1000156,1001146,1.843177464,1.841354807
7,1844048,1000469,1000469,1000469,1001458,1.843183547,1.841363292
7,1827589,1000156,1000156,982603,1001302,1.859946489,1.825212573
7,1843737,1000260,1000260,1000312,1001198,1.843161933,1.841530846
7,1843983,1000417,1000417,1000417,1001354,1.843214380,1.841489623
7,1844338,1000625,1000625,1000625,1001562,1.843186009,1.841461637
7,1838389,1000469,1000469,996041,1001458,1.845696111,1.835712531
7,1843923,1000416,1000416,1000417,1001354,1.843154405,1.841429704
7,1843322,1000052,1000052,1000052,1001146,1.843226152,1.841211971
7,1844063,1000469,1000469,1000468,1001406,1.843200382,1.841473888
7,1831680,1000521,1000521,985885,1001563,1.857904319,1.828821552
7,1844359,1000625,1000625,1000729,1001719,1.843015442,1.841193988
7,1831792,1000260,1000260,1000312,1001302,1.831220659,1.829410108
7,1843662,1000260,1000260,1000312,1001250,1.843086957,1.841360300
7,1825447,994531,994531,974894,1001510,1.872456903,1.822694731
7,1843167,1000000,1000000,999948,1000938,1.843262850,1.841439730
7,1844185,1000573,1000573,1000573,1001458,1.843128887,1.841500093
7,1844159,1000521,1000521,1000521,1001458,1.843198693,1.841474131
7,1833212,1000521,1000521,987344,1001615,1.856710528,1.830256136
7,1842347,1000365,1000365,1000416,1001458,1.841580902,1.839664769
7,1843747,1000260,1000260,1000365,1001406,1.843074278,1.841158331
7,1843862,1000364,1000364,1000417,1001459,1.843093430,1.841175725
7,1839770,1000416,1000416,995573,1001511,1.847950879,1.836994302
7,1843597,1000209,1000209,1000156,1001146,1.843309444,1.841486656
7,1843604,1000208,1000208,1000156,1001198,1.843316443,1.841398005
7,1843459,1000156,1000156,1000156,1001146,1.843171465,1.841348814
7,1833257,1000313,1000313,987707,1001354,1.856073714,1.830778126
7,1843778,1000313,1000313,1000312,1001250,1.843202921,1.841476155
7,1843779,1000313,1000313,1000365,1001406,1.843106266,1.841190286
7,1844146,1000520,1000520,1000573,1001563,1.843089909,1.841268098
7,1923678,1000208,1000208,979063,1001145,1.964815339,1.921477908
7,2090879,1000104,1000104,1000104,1000990,2.090661571,2.088811077
7,2093348,1000260,1000260,1000261,1001093,2.092801779,2.091062469
7,2093015,1000104,1000104,1000104,1000937,2.092797349,2.091055681
7,2075205,1000469,1000469,981511,1001354,2.114296223,2.072398972
7,2093095,1000469,1000469,1000573,1001406,2.091896343,2.090156240
7,2093412,1000313,1000313,1000312,1001354,2.092759059,2.090581353
7,2093270,1000209,1000209,1000260,1001042,2.092725891,2.091091083
7,2089353,1000625,1000625,996562,1001614,2.096560977,2.085986218
7,2093533,1000365,1000365,1000364,1001198,2.092771231,2.091027949
7,2093011,1000104,1000104,1000053,1000937,2.092900076,2.091051685
7,2093295,1000208,1000208,1000260,1001093,2.092750885,2.091009527
7,2076912,1000261,1000261,984010,1001198,2.110661477,2.074426837
7,2090993,1000886,1000886,1001198,1002187,2.088490988,2.086429978
7,1827394,1000209,1000209,1000260,1001042,1.826919001,1.825491838
7,1843926,1000364,1000364,1000365,1001302,1.843253213,1.841528330
7,1836340,1000208,1000208,984479,1001302,1.865291184,1.833952194
7,1843334,1000104,1000104,1000052,1001041,1.843238152,1.841417085
7,1843958,1000416,1000416,1000417,1001354,1.843189390,1.841464657
7,1843185,1000000,1000000,1000000,1000834,1.843185000,1.841649065
7,1831117,1000677,1000677,987031,1001667,1.855176788,1.828069608
7,1842305,1000364,1000364,1000313,1001354,1.841728539,1.839813892
7,1843454,1000156,1000156,1000157,1001042,1.843164623,1.841535120
7,1843526,1000157,1000157,1000156,1001094,1.843238455,1.841511387
7,1839131,1000364,1000364,995312,1001355,1.847793456,1.836642350
7,1843934,1000417,1000417,1000416,1001354,1.843167242,1.841440689
7,1843660,1000208,1000208,1000260,1001250,1.843180773,1.841358302
7,1843509,1000156,1000156,1000157,1001094,1.843219615,1.841494405
7,1834109,1000260,1000260,989167,1001459,1.854195500,1.831436934
7,1843796,1000313,1000313,1000312,1001354,1.843220915,1.841302876
7,1843804,1000313,1000313,1000364,1001302,1.843133100,1.841406489
7,1843561,1000157,1000157,1000156,1001198,1.843273449,1.841355057
7,1837759,1000208,1000208,985521,1001406,1.864758843,1.835178739
7,1843370,1000104,1000104,1000104,1001042,1.843178309,1.841451208
7,1843265,1000052,1000052,1000052,1000990,1.843169155,1.841441972
7,1843413,1000105,1000105,1000104,1001146,1.843221305,1.841302867
7,1829689,1000573,1000573,983334,1001771,1.860699416,1.826454349
7,1843910,1000365,1000365,1000364,1001355,1.843239061,1.841414883
7,1843653,1000260,1000260,1000208,1001145,1.843269600,1.841544432
7,1843801,1000312,1000312,1000313,1001302,1.843224071,1.841403493
7,1839356,1000573,1000573,991979,1001667,1.854228769,1.836294896
7,1843801,1000365,1000365,1000313,1001250,1.843224071,1.841499126
7,1844033,1000469,1000469,1000417,1001354,1.843264359,1.841539555
7,1843860,1000313,1000313,1000312,1001250,1.843284895,1.841558052
7,1828089,1000781,1000781,984688,1001979,1.856515973,1.824478357
7,1843115,999947,999947,999948,1001041,1.843210847,1.841198313
7,1843306,1000052,1000052,1000052,1001302,1.843210153,1.840909136
7,1843296,1000052,1000052,1000052,1001042,1.843200154,1.841377285
7,1829763,1000104,1000104,970678,1001510,1.885036026,1.827004224
7,1844181,1000521,1000521,1000573,1001615,1.843124889,1.841207450
7,1843810,1000365,1000365,1000312,1001355,1.843234911,1.841315018
7,1843913,1000365,1000365,1000416,1001459,1.843146251,1.841226650
7,1829020,1000625,1000625,981718,1001875,1.863080844,1.825597006
7,1843899,1000364,1000364,1000365,1001458,1.843226222,1.841214509
7,1843415,1000104,1000104,1000157,1001354,1.843125629,1.840922391
7,1843812,1000313,1000313,1000312,1001459,1.843236910,1.841125797
7,1835350,1000000,1000000,988281,1001198,1.857113513,1.833153882
7,1843158,999948,999948,1000000,1001042,1.843158000,1.841239429
7,1843680,1000260,1000260,1000261,1001302,1.843198925,1.841282650
7,1843280,1000000,1000000,1000000,1001042,1.843280000,1.841361302
7,1831758,1000469,1000469,975729,1001770,1.877322494,1.828521517
7,1843429,1000104,1000104,1000104,1001146,1.843237303,1.841318849
7,1843740,1000261,1000261,1000312,1001198,1.843164933,1.841533842
7,1843541,1000156,1000156,1000208,1001355,1.843157623,1.841046382
7,1837303,1000469,1000469,985417,1001511,1.864492900,1.834531024
7,1843775,1000313,1000313,1000261,1001250,1.843293900,1.841473159
7,1843847,1000312,1000312,1000365,1001510,1.843174241,1.841066989
7,1843426,1000104,1000104,1000104,1001042,1.843234304,1.841507150
7,1832303,1000521,1000521,985522,1001927,1.859220799,1.828778943
7,1844085,1000468,1000468,1000469,1001666,1.843220530,1.841017864
7,1843793,1000312,1000312,1000313,1001458,1.843216073,1.841108664
7,1844041,1000469,1000469,1000416,1001563,1.843274198,1.841163262
7,1834313,1000104,1000104,992968,1001303,1.847303236,1.831926000
7,1844146,1000520,1000520,1000469,1001562,1.843281501,1.841269936
7,1843939,1000417,1000417,1000416,1001563,1.843172240,1.841061421
7,1842860,1000156,1000156,1000104,1001250,1.842668362,1.840559301
7,1828490,1000209,1000209,982187,1001510,1.861651600,1.825733143
7,1843871,1000365,1000365,1000312,1001511,1.843295892,1.841089114
7,1843912,1000365,1000365,1000417,1001510,1.843143409,1.841131891
7,1843757,1000260,1000260,1000261,1001406,1.843275905,1.841168317
7,1834824,1000156,1000156,983801,1001458,1.865035714,1.832152721
7,1843474,1000157,1000157,1000104,1001302,1.843282299,1.841076918
7,1843991,1000417,1000417,1000365,1001562,1.843318189,1.841115178
7,1843581,1000208,1000208,1000209,1001354,1.843195772,1.841088167
7,1817388,1000365,1000365,977031,1001875,1.860112934,1.813986775
7,1843817,1000365,1000365,1000313,1001511,1.843240066,1.841035196
7,1843519,1000208,1000208,1000209,1001302,1.843133785,1.841121859
7,1843870,1000364,1000364,1000365,1001823,1.843197233,1.840514742
7,1835194,1000469,1000469,996146,1001667,1.842294202,1.832139823
7,1843805,1000365,1000365,1000312,1001458,1.843229912,1.841120646
7,1843447,1000156,1000156,1000104,1001250,1.843255301,1.841145568
7,1843967,1000417,1000417,1000416,1001563,1.843200229,1.841089377
7,1792214,1000677,1000677,956093,1002135,1.874518483,1.788395775
7,1844045,1000469,1000469,1000468,1001667,1.843182391,1.840976093
7,1843963,1000416,1000416,1000365,1001510,1.843290199,1.841182814
7,1843629,1000208,1000208,1000156,1001354,1.843341439,1.841136102
7,1834409,1000208,1000208,981927,1001459,1.868172481,1.831736496
7,1843547,1000157,1000157,1000156,1001614,1.843259452,1.840576310
7,1844027,1000417,1000417,1000416,1001563,1.843260204,1.841149284
7,1843288,1000052,1000052,1000052,1001198,1.843192154,1.841082383
7,1828287,1000573,1000573,979062,1001979,1.867386335,1.824675966
7,1843996,1000416,1000416,1000417,1001927,1.843227374,1.840449454
7,1843561,1000209,1000209,1000156,1001354,1.843273449,1.841068194
7,1844038,1000416,1000416,1000417,1001562,1.843269357,1.841162105
7,1835024,1000260,1000260,995312,1001406,1.843667111,1.832447579
7,1843645,1000261,1000261,1000260,1001354,1.843165777,1.841152080
7,1843225,1000000,1000000,1000052,1001093,1.843129157,1.841212555
7,1844112,1000521,1000521,1000468,1001667,1.843249359,1.841042981
7,1824244,1000625,1000625,981041,1002187,1.859498227,1.820263085
7,1844075,1000521,1000521,1000468,1001615,1.843212377,1.841101621
7,1843257,1000053,1000053,1000052,1001197,1.843161156,1.841053259
7,1843120,999948,999948,999948,1001094,1.843215847,1.841105830
7,1838041,1000417,1000417,983750,1001615,1.868402541,1.835077350
7,1843427,1000156,1000156,1000104,1001302,1.843235304,1.841029979
7,1844189,1000572,1000572,1000521,1001666,1.843228678,1.841121691
7,1844116,1000521,1000521,1000521,1001615,1.843155716,1.841142555
7,1821577,1000573,1000573,978906,1002135,1.860829334,1.817696219
7,1843650,1000260,1000260,1000261,1001614,1.843168933,1.840679144
7,1844115,1000521,1000521,1000520,1001615,1.843156559,1.841141556
7,1843642,1000208,1000208,1000261,1001354,1.843160935,1.841149084
7,1837904,1000469,1000469,996719,1001666,1.843954013,1.834847145
7,1843599,1000209,1000209,1000208,1001302,1.843215611,1.841201755
7,1843090,999896,999896,999948,1001146,1.843185846,1.840980237
7,1843488,1000156,1000156,1000156,1001562,1.843200461,1.840612963
7,1790140,1000208,1000208,959114,1001719,1.866451746,1.787068030
7,1843717,1000313,1000313,1000260,1001458,1.843237758,1.841032774
7,1843138,1000000,1000000,1000000,1001094,1.843138000,1.841123811
7,1843352,1000104,1000104,1000052,1001198,1.843256151,1.841146307
7,1826615,1000364,1000364,977709,1001927,1.868260392,1.823101883
7,1844005,1000417,1000417,1000417,1001562,1.843236370,1.841129156
7,1843902,1000365,1000365,1000365,1001459,1.843229221,1.841215666
7,1844168,1000520,1000520,1000573,1001666,1.843111897,1.841100726
7,1781574,1000677,1000677,942447,1002136,1.890370493,1.777776669
7,1843213,1000052,1000052,1000000,1001250,1.843213000,1.840911860
7,1843662,1000260,1000260,1000260,1001406,1.843182772,1.841073451
7,1844072,1000469,1000469,1000468,1001615,1.843209378,1.841098626
7,1827632,1000468,1000468,993698,1001718,1.839222782,1.824497513
7,1843214,1000053,1000053,1000052,1001145,1.843118158,1.841105934
7,1843405,1000104,1000104,1000104,1001563,1.843213306,1.840528254
7,1843975,1000416,1000416,1000365,1001510,1.843302195,1.841194796
7,1786352,1000677,1000677,951875,1002188,1.876666579,1.782451995
7,1843117,999948,999948,999948,1001146,1.843212847,1.841007206
7,1844071,1000521,1000521,1000364,1001562,1.843400002,1.841195053
7,1843838,1000365,1000365,1000364,1001458,1.843167087,1.841153598
7,1834067,1000365,1000365,978177,1001563,1.874984793,1.831204827
7,1843984,1000417,1000417,1000417,1001563,1.843215379,1.841106351
7,1843942,1000416,1000416,1000417,1001510,1.843173397,1.841161846
7,1844038,1000469,1000469,1000468,1001615,1.843175394,1.841064681
7,1813896,1000573,1000573,972812,1002031,1.864590486,1.810219444
7,1843709,1000261,1000261,1000260,1001406,1.843229760,1.841120385
7,1844189,1000521,1000521,1000521,1001615,1.843228678,1.841215437
7,1843714,1000260,1000260,1000261,1001354,1.843232916,1.841220987
7,1837876,1000156,1000156,995209,1001302,1.846723653,1.835486197
7,1844077,1000469,1000469,1000468,1001615,1.843214376,1.841103618
7,1843332,1000052,1000052,1000052,1001197,1.843236152,1.841128170
7,1859345,1013802,1013802,1005521,1014948,1.849135921,1.831960849
7,1793653,1000209,1000209,962291,1001823,1.863940326,1.790389121
7,1843633,1000209,1000209,1000208,1001354,1.843249604,1.841140096
7,1843592,1000209,1000209,1000208,1001355,1.843208613,1.841097313
7,1835472,1000469,1000469,981823,1001719,1.869453048,1.832322238
7,1843669,1000313,1000313,1000208,1001407,1.843285597,1.841078602
7,1844022,1000417,1000417,1000469,1001563,1.843157559,1.841144291
7,1843648,1000208,1000208,1000261,1001302,1.843166933,1.841250692
7,1837206,1000156,1000156,991927,1001250,1.852158475,1.834912360
7,1835442,1000365,1000365,993074,1001562,1.848242931,1.832579511
7,1843255,1000052,1000052,1000000,1000990,1.843255000,1.841431982
7,1843193,1000000,1000000,999948,1000937,1.843288851,1.841467545
7,1835540,1000156,1000156,997135,1001198,1.840813932,1.833343654
7,1843769,1000312,1000312,1000261,1001250,1.843287902,1.841467166
7,1844133,1000520,1000520,1000469,1001510,1.843268507,1.841352558
7,1843783,1000312,1000312,1000261,1001198,1.843301898,1.841576791
7,1832977,1000208,1000208,988907,1001354,1.853538300,1.830498505
7,1836329,1000209,1000209,994010,1001407,1.847394895,1.833748915
7,1843776,1000312,1000312,1000261,1001354,1.843294900,1.841282903
7,1843817,1000312,1000312,1000261,1001354,1.843335889,1.841323848
7,1837315,1000312,1000312,985729,1001458,1.863914930,1.834640095
7,1843504,1000157,1000157,1000156,1001250,1.843216458,1.841202497
7,1843317,1000053,1000053,1000052,1001198,1.843221153,1.841111349
7,1843170,999948,999948,999948,1001094,1.843265850,1.841155776
7,1832060,1000521,1000521,982448,1001719,1.864790808,1.828916093
7,1697586,1000312,1000312,887760,1001510,1.912212760,1.695026510
7,1843726,1000260,1000260,1000313,1001823,1.843149094,1.840371004
7,1843479,1000156,1000156,1000157,1001562,1.843189619,1.840603977
7,1836238,1000313,1000313,992343,1001511,1.850406563,1.833467630
7,1843495,1000156,1000156,1000157,1001302,1.843205617,1.841097891
7,1843875,1000364,1000364,1000365,1001510,1.843202231,1.841094947
7,1843516,1000156,1000156,1000208,1001250,1.843132628,1.841214482
7,1837163,1000625,1000625,992291,1001823,1.851435718,1.833819946
7,1824325,1000729,1000729,979895,1002031,1.861755596,1.820627306
7,1843846,1000364,1000364,1000365,1001511,1.843173242,1.841064152
7,1843384,1000104,1000104,1000209,1001562,1.842998813,1.840509125
7,1837161,1000469,1000469,979949,1001615,1.874751645,1.834198769
7,1843692,1000260,1000260,1000417,1001719,1.842923501,1.840528132
7,1831408,1000053,1000053,1000052,1001198,1.831312772,1.829216599
7,1843877,1000417,1000417,1000469,1001771,1.843012627,1.840617267
7,1831124,1000365,1000365,980104,1001615,1.868295609,1.828171503
7,1841894,1000313,1000313,1000260,1001719,1.841415232,1.838733218
7,1843568,1000208,1000208,1000208,1001302,1.843184618,1.841170796
7,1843788,1000365,1000365,1000312,1001406,1.843212918,1.841199274
7,1836410,1000261,1000261,995521,1001510,1.844672287,1.833641202
7,1843429,1000104,1000104,1000105,1001458,1.843235460,1.840745194
7,1843467,1000104,1000104,1000208,1001354,1.843083639,1.840974321
7,1843940,1000417,1000417,1000677,1001875,1.842692497,1.840489083
7,1826361,1000469,1000469,978386,1001667,1.866708027,1.823321523
7,1843075,999948,999948,999896,1000937,1.843266700,1.841349655
7,1843684,1000260,1000260,1000312,1001302,1.843108950,1.841286645
7,1843742,1000313,1000313,1000364,1001458,1.843071122,1.841057738
7,1831767,1000469,1000469,978280,1001406,1.872436317,1.829195152
7,2088795,1000104,1000104,1000104,1001146,2.088577788,2.086403981
7,2092970,1000104,1000104,1000104,1000937,2.092752354,2.091010723
7,2093687,1000417,1000417,1000417,1001458,2.092814296,2.090638849
7,2080374,1000364,1000364,986563,1001302,2.108708719,2.077668875
7,2093089,1000104,1000104,1000157,1001354,2.092760437,2.090258790
7,2093273,1000208,1000208,1000208,1001145,2.092837690,2.090878944
7,2092920,1000052,1000052,1000053,1000885,2.092809081,2.091069404
7,2088899,1000260,1000260,996042,1001146,2.097199716,2.086507862
7,2092891,1000364,1000364,1000417,1001406,2.092018628,2.089952527
7,2093034,1000104,1000104,1000052,1000937,2.092925168,2.091074663
7,2093183,1000156,1000156,1000156,1000989,2.092856514,2.091114887
7,2072248,1000364,1000364,977240,1001250,2.120510826,2.069660924
7,2093617,1000365,1000365,1000416,1001406,2.092746417,2.090677507
7,1860884,1000208,1000208,1000209,1001250,1.860495157,1.858560799
7,1843312,1000052,1000052,1000052,1000989,1.843216153,1.841490766
7,1836105,1000209,1000209,984010,1001198,1.865941403,1.833907978
7,1835526,1000156,1000156,1000156,1000990,1.835239703,1.833710626
7,1835568,1000000,1000000,1000052,1000937,1.835472555,1.833849683
7,1836494,1000417,1000417,1000364,1001250,1.835825759,1.834201248
7,1807083,1000260,1000260,970937,1001198,1.861174309,1.804920705
7,1836422,1000625,1000625,1000625,1001823,1.835274953,1.833080295
7,1836299,1000209,1000209,1000208,1001302,1.835917129,1.833911248
7,1835884,1000469,1000469,1000469,1001615,1.835023374,1.832923828
7,1835338,1000156,1000156,993283,1001302,1.847749332,1.832951497
7,1843816,1000364,1000364,1000312,1001770,1.843240909,1.840558212
7,1843603,1000208,1000208,1000209,1001354,1.843217767,1.841110137
7,1843969,1000416,1000416,1000417,1001563,1.843200385,1.841091374
7,1827296,1000313,1000313,980521,1001614,1.863597006,1.824351497
7,1843569,1000208,1000208,1000156,1001355,1.843281448,1.841074344
7,1842057,1000364,1000364,1000364,1001562,1.841386735,1.839184194
7,1843262,1000000,1000000,1000000,1001458,1.843262000,1.840578437
7,1830367,1000469,1000469,972917,1001719,1.881318756,1.827225999
7,1843847,1000313,1000313,1000364,1001562,1.843176084,1.840971403
7,1843588,1000208,1000208,1000208,1001250,1.843204613,1.841286392
7,1843443,1000157,1000157,1000104,1001354,1.843251302,1.840950353
7,1819699,1000157,1000157,970884,1001406,1.874270253,1.817144095
7,1843359,1000104,1000104,1000104,1001146,1.843167311,1.841248929
7,1843518,1000208,1000208,1000156,1001093,1.843230456,1.841505235
7,1843897,1000365,1000365,1000364,1001302,1.843226066,1.841499368
7,1838433,1000365,1000365,997865,1001459,1.842366452,1.835754634
7,1844153,1000521,1000521,1000469,1001406,1.843288498,1.841563761
7,1843158,1000000,1000000,999948,1000885,1.843253849,1.841528248
7,1843323,1000052,1000052,1000052,1000990,1.843227152,1.841499915
7,1833126,1000677,1000677,984843,1001770,1.861338305,1.829887100
7,1844479,1000677,1000677,1000729,1001771,1.843135354,1.841218203
7,1834045,1000417,1000417,1000521,1001458,1.833089960,1.831374855
7,1841876,1000365,1000365,1000416,1001406,1.841110098,1.839289958
7,1836521,1000625,1000625,979220,1001615,1.875493760,1.833559801
7,1842405,1000364,1000364,1000365,1001302,1.841732768,1.840009308
7,1844023,1000416,1000416,1000417,1001354,1.843254363,1.841529569
7,1844099,1000469,1000469,1000521,1001354,1.843138725,1.841605466
7,1827999,1000417,1000417,981093,1001614,1.863227034,1.825053364
7,1843730,1000312,1000312,1000313,1001302,1.843153093,1.841332585
7,1844464,1000677,1000677,1000990,1001979,1.842639787,1.840821015
7,1844316,1000625,1000625,1000677,1001771,1.843068243,1.841055491
7,1838848,1000052,1000052,995729,1001094,1.846735407,1.836838499
7,1844269,1000573,1000573,1000625,1001458,1.843117052,1.841583971
7,1843492,1000157,1000157,1000156,1001042,1.843204460,1.841573081
7,1843577,1000208,1000208,1000209,1001145,1.843191773,1.841468519
7,1832660,1000209,1000209,986093,1001406,1.858506246,1.830086898
7,1844108,1000521,1000521,1000469,1001511,1.843243519,1.841325757
7,1844185,1000521,1000521,1000677,1001666,1.842937331,1.841117698
7,1844370,1000625,1000625,1000677,1001771,1.843122206,1.841109395
7,1869903,1000104,1000104,979426,1001042,1.909182521,1.867956589
7,2090755,1000365,1000365,1000364,1001198,2.089994242,2.088253273
7,2093039,1000156,1000156,1000157,1000989,2.092710444,2.090971030
7,2093623,1000417,1000417,1000364,1001354,2.092861199,2.090792068
7,2081177,1000208,1000208,984272,1001146,2.114432799,2.078794701
7,2091788,1000208,1000208,1000261,1001407,2.091242186,2.088848989
7,2092846,1000053,1000053,1000000,1000886,2.092846000,2.090993380
7,2093421,1000312,1000312,1000313,1001146,2.092765964,2.091024686
7,2087252,1000104,1000104,997501,1000989,2.092481110,2.085189747
7,2093374,1000313,1000313,1000260,1001094,2.092829864,2.091086352
7,2093806,1000520,1000520,1000469,1001250,2.092824465,2.091192010
7,2092949,1000417,1000417,1000364,1001146,2.092187444,2.090553226
7,2082995,1000469,1000469,990105,1001302,2.103812222,2.080286467
7,2093090,1000156,1000156,1000104,1001094,2.092872341,2.090802662
7,1872090,1000208,1000208,1000260,1001094,1.871603383,1.870044172
7,1843245,1000000,1000000,1000000,1000885,1.843245000,1.841615171
7,1837936,1000261,1000261,983749,1001354,1.868297706,1.835450800
7,1842363,1000364,1000364,1000417,1001406,1.841595055,1.839776275
7,1843483,1000156,1000156,1000156,1001198,1.843195462,1.841277150
7,1843901,1000365,1000365,1000364,1001198,1.843230064,1.841694650
7,1829133,1000469,1000469,984739,1001562,1.857480002,1.826280350
7,1841156,998906,998906,998906,1001823,1.843172431,1.837805680
7,1843188,999948,999948,999948,1001094,1.843283851,1.841173756
7,1843674,1000260,1000260,1000261,1001406,1.843192927,1.841085434
7,1836364,1000729,1000729,989793,1002031,1.855301058,1.832641904
7,1843341,1000052,1000052,1000052,1001354,1.843245151,1.840848491
7,1843805,1000313,1000313,1000364,1001458,1.843134099,1.841120646
7,1843768,1000312,1000312,1000313,1001667,1.843191081,1.840699554
7,1823633,1000417,1000417,975730,1001823,1.868993472,1.820314567
7,1843710,1000261,1000261,1000208,1001406,1.843326588,1.841121383
7,1843931,1000417,1000417,1000417,1001510,1.843162401,1.841150862
7,1843212,1000000,1000000,1000001,1001094,1.843210157,1.841197730
7,1836794,1000416,1000416,980885,1001615,1.872588530,1.833832361
7,1843391,1000052,1000052,1000052,1001510,1.843295149,1.840611676
7,1843429,1000104,1000104,1000104,1001250,1.843237303,1.841127591
7,1843532,1000157,1000157,1000208,1001354,1.843148625,1.841039233
7,1825735,1000157,1000157,979739,1001406,1.863491195,1.823171621
7,1843412,1000104,1000104,1000053,1001563,1.843314304,1.840535243
7,1843354,1000104,1000104,1000104,1001250,1.843162311,1.841052684
7,1843618,1000260,1000260,1000208,1001615,1.843234607,1.840645358
7,1837639,1000572,1000572,993229,1001875,1.850166477,1.834199875
7,1843572,1000208,1000208,1000157,1001302,1.843282605,1.841174790
7,1843556,1000208,1000208,1000209,1001615,1.843170777,1.840583458
7,1843589,1000208,1000208,1000208,1001511,1.843205613,1.840807540
7,1819921,1000105,1000105,978489,1001614,1.859929953,1.816988381
7,1843198,1000000,1000000,1000000,1001093,1.843198000,1.841185584
7,1843478,1000156,1000156,1000156,1001250,1.843190462,1.841176529
7,1843534,1000208,1000208,1000156,1001302,1.843246454,1.841136840
7,1835260,1000156,1000156,976978,1001511,1.878506988,1.832491106
7,1843429,1000157,1000157,1000104,1001302,1.843237303,1.841031976
7,1843242,1000000,1000000,1000000,1001094,1.843242000,1.841227697
7,1843982,1000469,1000469,1000416,1001563,1.843215222,1.841104354
7,1824257,1000313,1000313,979115,1001875,1.863169291,1.820842920
7,1843033,999896,999896,999844,1001094,1.843320558,1.841018925
7,1843226,1000000,1000000,1000000,1001458,1.843226000,1.840542489
7,1843925,1000416,1000416,1000417,1001511,1.843156404,1.841143033
7,1830528,1000209,1000209,985365,1001718,1.857715669,1.827388546
7,1843496,1000156,1000156,1000156,1001303,1.843208459,1.841097051
7,1843275,1000000,1000000,1000000,1001146,1.843275000,1.841165025
7,1843899,1000364,1000364,1000313,1001510,1.843322040,1.841118910
7,1828460,1000417,1000417,976822,1001980,1.871845638,1.824846803
7,1843593,1000208,1000208,1000209,1001458,1.843207770,1.840908955
7,1843852,1000364,1000364,1000365,1001823,1.843179240,1.840496774
7,1844149,1000520,1000520,1000469,1001615,1.843284500,1.841175502
7,1838690,1000521,1000521,995573,1002031,1.846866076,1.834963190
7,1843484,1000156,1000156,1000105,1001250,1.843290455,1.841182522
7,1844066,1000468,1000468,1000469,1001615,1.843201538,1.841092635
7,1843561,1000209,1000209,1000208,1001302,1.843177619,1.841163805
7,1810459,1000209,1000209,972343,1001666,1.861955092,1.807447792
7,1843917,1000417,1000417,1000365,1001510,1.843244216,1.841136883
7,1843855,1000364,1000364,1000312,1001511,1.843279897,1.841073138
7,1843380,1000104,1000104,1000104,1001355,1.843188308,1.840885600
7,1838407,1000729,1000729,994010,1001927,1.849485418,1.834871203
7,1843920,1000416,1000416,1000365,1001562,1.843247215,1.841044289
7,1843203,1000000,1000000,1000000,1001094,1.843203000,1.841188740
7,1843543,1000156,1000156,1000209,1001302,1.843157780,1.841145828
7,1827055,1000573,1000573,979427,1002083,1.865432544,1.823257155
7,1843418,1000156,1000156,1000052,1001198,1.843322147,1.841212228
7,1844014,1000417,1000417,1000416,1001563,1.843247209,1.841136304
7,1843810,1000312,1000312,1000365,1001458,1.843137255,1.841125639
7,1836199,1000417,1000417,980832,1001615,1.872083089,1.833238320
7,1843932,1000364,1000364,1000365,1001406,1.843259210,1.841343072
7,1843204,1000000,1000000,1000000,1000990,1.843204000,1.841381033
7,1843807,1000313,1000313,1000312,1001354,1.843231912,1.841313861
7,1829621,1000417,1000417,985416,1001666,1.856699100,1.826577921
7,1843830,1000313,1000313,1000312,1001615,1.843254904,1.840857016
7,1843388,1000104,1000104,1000104,1001354,1.843196308,1.840895428
7,1844065,1000468,1000468,1000469,1001458,1.843200539,1.841380268
7,1835594,1000260,1000260,996407,1001458,1.842213072,1.832921600
7,1843838,1000365,1000365,1000364,1001511,1.843167087,1.841056164
7,1844102,1000468,1000468,1000521,1001719,1.843141723,1.840937429
7,1843282,1000052,1000052,1000052,1001302,1.843186154,1.840885168
7,1828444,1000000,1000000,981667,1001302,1.862590879,1.826066461
7,1843902,1000365,1000365,1000416,1001355,1.843135256,1.841406894
7,1844014,1000469,1000469,1000416,1001459,1.843247209,1.841327503
7,1843523,1000208,1000208,1000156,1001145,1.843235455,1.841414580
7,1836059,1000468,1000468,986146,1001615,1.861853113,1.833098546
7,1843808,1000313,1000313,1000312,1001303,1.843232911,1.841408645
7,1843849,1000365,1000365,1000364,1001303,1.843178083,1.841449591
7,1843530,1000156,1000156,1000156,1001094,1.843242454,1.841515382
7,1829163,1000572,1000572,986978,1001875,1.853296629,1.825739738
7,1843129,999948,999948,999947,1001042,1.843226691,1.841210459
7,1843263,1000052,1000052,1000000,1001093,1.843263000,1.841250513
7,1843698,1000260,1000260,1000260,1001302,1.843218763,1.841300627
7,1838178,1000052,1000052,995365,1001146,1.846737629,1.836073859
7,1843861,1000312,1000312,1000313,1001563,1.843284052,1.840983543
7,1843653,1000261,1000261,1000208,1001302,1.843269600,1.841255685
7,1843894,1000365,1000365,1000364,1001407,1.843223067,1.841303286
7,1829197,1000417,1000417,984582,1001771,1.857841196,1.825963219
7,1843451,1000156,1000156,1000157,1001198,1.843161624,1.841245188
7,1843203,1000000,1000000,1000000,1000990,1.843203000,1.841380034
7,1844017,1000417,1000417,1000417,1001458,1.843248365,1.841332337
7,1835196,1000208,1000208,984739,1001459,1.863636964,1.832522350
7,1843263,1000000,1000000,1000001,1001198,1.843261157,1.841057413
7,1844067,1000468,1000468,1000469,1001614,1.843202538,1.841095472
7,1843390,1000104,1000104,1000104,1001563,1.843198307,1.840513278
7,1830904,1000572,1000572,981302,1002187,1.865790552,1.826908551
7,1843568,1000209,1000209,1000156,1001355,1.843280448,1.841073346
7,1844131,1000469,1000469,1000469,1001615,1.843266508,1.841157531
7,1843261,1000052,1000052,1000105,1001458,1.843067478,1.840577438
7,1838085,1000052,1000052,995625,1001563,1.846161959,1.835216557
7,1843697,1000260,1000260,1000261,1001406,1.843215921,1.841108402
7,1843534,1000156,1000156,1000156,1001302,1.843246454,1.841136840
7,1844106,1000469,1000469,1000469,1001615,1.843241520,1.841132571
7,1828136,1000729,1000729,983073,1002240,1.859613681,1.824050128
7,1843266,1000053,1000053,999948,1001563,1.843361855,1.840389471
7,1843534,1000208,1000208,1000156,1001302,1.843246454,1.841136840
7,1843745,1000312,1000312,1000313,1001458,1.843168088,1.841060733
7,1835068,1000260,1000260,982134,1001511,1.868449723,1.832299396
7,1843176,1000000,1000000,1000052,1001302,1.843080160,1.840779305
7,1843426,1000104,1000104,1000052,1001250,1.843330147,1.841124594
7,1843694,1000261,1000261,1000260,1001354,1.843214764,1.841201014
7,1824424,1000365,1000365,981199,1001666,1.859382246,1.821389565
7,1843452,1000105,1000105,1000104,1001562,1.843260301,1.840577019
7,1843714,1000260,1000260,1000261,1001354,1.843232916,1.841220987
7,1843608,1000208,1000208,1000209,1001510,1.843222766,1.840828349
7,1835275,1000156,1000156,995677,1001354,1.843243341,1.832793398
7,1843619,1000209,1000209,1000260,1001354,1.843139784,1.841126115
7,1843914,1000416,1000416,1000417,1001458,1.843145408,1.841229487
7,1844064,1000469,1000469,1000469,1001562,1.843199539,1.841188064
7,1829247,1000573,1000573,978176,1002084,1.870059171,1.825442777
7,1843687,1000261,1000261,1000208,1001771,1.843303593,1.840427603
7,1844083,1000469,1000469,1000469,1001666,1.843218531,1.841015868
7,1843871,1000365,1000365,1000364,1001459,1.843200075,1.841184712
7,1836367,1000520,1000520,981093,1001770,1.871756296,1.833122373
7,1843439,1000104,1000104,1000104,1001303,1.843247302,1.841040125
7,1844071,1000468,1000468,1000469,1001875,1.843206536,1.840619838
7,1844161,1000521,1000521,1000521,1001615,1.843200692,1.841187482
7,1828861,1000573,1000573,981875,1002031,1.862621006,1.825154112
7,1843966,1000416,1000416,1000417,1001562,1.843197387,1.841090217
7,1844091,1000469,1000469,1000469,1001563,1.843226527,1.841213184
7,1843729,1000260,1000260,1000261,1001458,1.843247912,1.841044757
7,1837243,1000104,1000104,995730,1001250,1.845121670,1.834949313
7,1844131,1000521,1000521,1000468,1001615,1.843268350,1.841157531
7,1844067,1000468,1000468,1000469,1001615,1.843202538,1.841093634
7,1830698,1000625,1000625,1000729,1001927,1.829364393,1.827177030
7,1827452,1000260,1000260,981615,1001719,1.861678968,1.824316001
7,1843187,1000000,1000000,1000000,1001094,1.843187000,1.841172757
7,1843585,1000208,1000208,1000209,1001302,1.843199771,1.841187774
7,1844074,1000521,1000521,1000521,1001614,1.843113738,1.841102461
7,1831853,1000417,1000417,974426,1001615,1.879930338,1.828899328
7,1844178,1000573,1000573,1000625,1001979,1.843026109,1.840535580
7,1844046,1000469,1000469,1000625,1001979,1.842894191,1.840403841
7,1843909,1000365,1000365,1000417,1001563,1.843140410,1.841031468
7,1826947,1000364,1000364,978125,1001823,1.867805240,1.823622536
7,1841385,1000052,1000052,1000052,1001250,1.841289253,1.839086142
7,1843184,1000000,1000000,1000000,1001406,1.843184000,1.840596122
7,1843739,1000313,1000313,1000260,1001406,1.843259752,1.841150343
7,1835951,1000209,1000209,992811,1001667,1.849245224,1.832895563
7,1843515,1000156,1000156,1000156,1001563,1.843227457,1.840638083
7,1843377,1000104,1000104,1000156,1001303,1.843089478,1.840978205
7,1844136,1000520,1000520,1000886,1002187,1.842503542,1.840111676
7,1776602,1000469,1000469,948437,1001875,1.873189258,1.773277105
7,1843790,1000313,1000313,1000312,1001511,1.843214917,1.841008237
7,1844140,1000469,1000469,1000469,1001354,1.843275504,1.841646411
7,1843689,1000261,1000261,1000365,1001302,1.843016299,1.841291638
7,1994163,1000730,1000730,976614,1001875,2.041915230,1.990430942
7,2093394,1000261,1000261,1000312,1001250,2.092741065,2.090780524
7,2092778,1000000,1000000,1000000,1000833,2.092778000,2.091036167
7,2093121,1000156,1000156,1000156,1001041,2.092794524,2.090944327
7,2081812,1000469,1000469,985625,1001563,2.112174509,2.078563206
7,2093597,1000365,1000365,1000365,1001355,2.092833116,2.090764015
7,2091826,1000208,1000208,1000416,1001407,2.090956162,2.088886936
7,2093563,1000365,1000365,1000364,1001198,2.092801220,2.091057913
7,2086930,1000260,1000260,994481,1001146,2.098511686,2.084541116
7,2093586,1000365,1000365,1000364,1001198,2.092824212,2.091080885
7,2093582,1000416,1000416,1000313,1001146,2.092926914,2.091185501
7,2093160,1000156,1000156,1000104,1000990,2.092942334,2.091089821
7,2074546,1000209,1000209,977813,1001198,2.121618346,2.072063668
7,2093550,1000365,1000365,1000365,1001510,2.092786133,2.090393506
7,2093371,1000208,1000208,1000208,1001093,2.092935669,2.091085444
7,1830482,1000052,1000052,1000105,1000990,1.830289820,1.828671615
7,1838141,1000417,1000417,984584,1001355,1.866921461,1.835653689
7,1844429,1000678,1000678,1000677,1001718,1.843181166,1.841265706
7,1844179,1000521,1000521,1000520,1001459,1.843220525,1.841492263
7,1842472,1000052,1000052,1000052,1000938,1.842376196,1.840745381
7,1832197,1000729,1000729,986457,1001979,1.857351106,1.828578244
7,1843558,1000521,1000521,1000521,1001823,1.842598006,1.840203309
7,1844054,1000469,1000469,1000468,1001614,1.843191386,1.841082493
7,1843654,1000313,1000313,1000365,1001459,1.842981312,1.840968028
7,1820585,1000156,1000156,993959,1001354,1.831649998,1.818123261
7,1843286,1000052,1000052,1000052,1001406,1.843190154,1.840697979
7,1844116,1000521,1000521,1000469,1001615,1.843251515,1.841142555
7,1844038,1000416,1000416,1000417,1001510,1.843269357,1.841257701
7,1830743,1000677,1000677,982550,1002083,1.863256832,1.826937489
7,1843103,999948,999948,999948,1001093,1.843198846,1.841090688
7,1843661,1000260,1000260,1000261,1001355,1.843179930,1.841166220
7,1844127,1000468,1000468,1000521,1001822,1.843166710,1.840773111
7,1834917,1000052,1000052,980052,1001355,1.872264941,1.832434052
7,1843672,1000260,1000260,1000261,1001250,1.843190927,1.841370287
7,1844107,1000520,1000520,1000469,1001510,1.843242519,1.841326597
7,1843461,1000156,1000156,1000157,1001146,1.843171622,1.841350812
7,1831529,1000573,1000573,986666,1001667,1.856280646,1.828480922
7,1841914,1000156,1000156,1000156,1001198,1.841626706,1.839710027
7,1843845,1000364,1000364,1000365,1001250,1.843172242,1.841543071
7,1843297,1000053,1000053,1000052,1000989,1.843201154,1.841475780
7,1839400,1000260,1000260,997292,1001354,1.844394621,1.836912820
7,1843156,999948,999948,1000000,1001042,1.843156000,1.841237431
7,1843617,1000208,1000208,1000209,1001198,1.843231765,1.841410990
7,1844235,1000573,1000573,1000573,1001614,1.843178859,1.841263201
7,1829109,1000677,1000677,982189,1001771,1.862278034,1.825875375
7,1831346,1000625,1000625,1000677,1001667,1.830107018,1.828298227
7,1844045,1000469,1000469,1000469,1001510,1.843180548,1.841264690
7,1843498,1000156,1000156,1000157,1001094,1.843208616,1.841483417
7,1818855,1000209,1000209,968333,1001250,1.878336275,1.816584270
7,1843897,1000364,1000364,1000365,1001302,1.843224223,1.841499368
7,1843727,1000312,1000312,1000209,1001250,1.843341742,1.841425218
7,1843721,1000313,1000313,1000260,1001250,1.843241757,1.841419226
7,1833871,1000834,1000834,987343,1001979,1.857379857,1.830248937
7,1844570,1000677,1000677,1000781,1001822,1.843130515,1.841215306
7,1844171,1000573,1000573,1000625,1001615,1.843019113,1.841197466
7,1843541,1000156,1000156,1000209,1001198,1.843155780,1.841335081
7,1839385,1000521,1000521,997293,1001615,1.844377731,1.836419183
7,1843690,1000261,1000261,1000260,1001146,1.843210765,1.841579550
7,1844429,1000677,1000677,1000677,1001510,1.843181166,1.841648111
7,1843961,1000417,1000417,1000364,1001354,1.843290042,1.841467653
7,1830653,1000625,1000625,984844,1001666,1.858825357,1.827608205
7,1844216,1000521,1000521,1000625,1001718,1.843064085,1.841053071
7,1843753,1000261,1000261,1000312,1001354,1.843177928,1.841259934
7,1875748,1020782,1020782,1000781,1021823,1.874284184,1.835687785
7,2051825,1000260,1000260,1000261,1001198,2.051289613,2.049369855
7,2093025,1000157,1000157,1000156,1000937,2.092698539,2.091065671
7,2093766,1000469,1000469,1000417,1001406,2.092893264,2.090826298
7,2085356,1000156,1000156,990989,1001093,2.104318010,2.083079194
7,2071765,1000156,1000156,984271,1001094,2.104872540,2.069500966
7,2093584,1000364,1000364,1000365,1001146,2.092820121,2.091187499
7,2092836,1000052,1000052,1000000,1000781,2.092836000,2.091202771
7,2085287,1000521,1000521,992135,1001406,2.101817797,2.082359203
7,2093054,1000417,1000417,1000416,1001407,2.092183652,2.090113211
7,2093112,1000157,1000157,1000104,1000938,2.092894339,2.091150501
7,2092810,1000052,1000052,1000000,1000782,2.092810000,2.091174701
7,2085225,1000417,1000417,991667,1001354,2.102747192,2.082405423
7,1950098,1000156,1000156,995885,1001146,1.958155811,1.947865746
7,1841518,1000104,1000104,1000104,1000990,1.841326502,1.839696700
7,1843165,1000000,1000000,1000000,1000885,1.843165000,1.841535241
7,1831468,1000417,1000417,979532,1001406,1.869737793,1.828896571
7,1842963,999896,999896,999844,1001042,1.843250547,1.841044631
7,1841981,1000104,1000104,1000104,1001146,1.841789454,1.839872506
7,1844062,1000469,1000469,1000469,1001458,1.843197540,1.841377272
7,1834335,1000521,1000521,987083,1001459,1.858339167,1.831662604
7,1839105,1000625,1000625,998437,1001927,1.841984021,1.835567861
7,1843366,1000052,1000052,1000052,1001198,1.843270150,1.841160290
7,1843698,1000260,1000260,1000208,1001406,1.843314591,1.841109400
7,1836162,1000208,1000208,992709,1001406,1.849647782,1.833583981
7,1843001,1000104,1000104,1000052,1001354,1.842905169,1.840508951
7,1843646,1000364,1000364,1000365,1001511,1.842973315,1.840864454
7,1843527,1000260,1000260,1000312,1001406,1.842951999,1.840938640
7,1835390,1000677,1000677,988595,1001823,1.856564114,1.832050173
7,1835828,1000209,1000209,988177,1001719,1.857792683,1.832677627
7,1843193,1000000,1000000,999948,1001094,1.843288851,1.841178750
7,1843059,1000052,1000052,1000000,1001197,1.843059000,1.840855496
7,1834566,1000677,1000677,975209,1002032,1.881202901,1.830845721
7,1843765,1000520,1000520,1000469,1001979,1.842900680,1.840123396
7,1843457,1000104,1000104,1000104,1001302,1.843265300,1.841059940
7,1843970,1000417,1000417,1000364,1001510,1.843299039,1.841189803
7,1832325,1002343,1002343,985209,1003490,1.859833802,1.825952426
7,1843995,1000521,1000521,1000521,1001979,1.843034779,1.840352942
7,1843712,1000260,1000260,1000313,1001563,1.843135099,1.840834775
7,1843370,1000208,1000208,1000156,1001406,1.843082479,1.840781861
7,1837251,1000104,1000104,996562,1001302,1.843589260,1.834862010
7,1843377,1000104,1000104,1000104,1001250,1.843185309,1.841075655
7,1843024,1000105,1000105,1000104,1001250,1.842832345,1.840723096
7,1842816,1000000,1000000,1000000,1001406,1.842816000,1.840228639
7,1800388,1000364,1000364,964584,1001511,1.866491669,1.797671718
7,1843356,1000104,1000104,1000104,1001354,1.843164311,1.840863471
7,1843174,1000521,1000521,1000469,1001302,1.842309957,1.840777308
7,1843450,1000156,1000156,1000104,1000990,1.843258301,1.841626789
7,1838976,1000520,1000520,986979,1001615,1.863237212,1.836010842
7,1843950,1000365,1000365,1000417,1001354,1.843181393,1.841456668
7,1844087,1000521,1000521,1000469,1001302,1.843222529,1.841689121
7,1843450,1000313,1000313,1000313,1001354,1.842873181,1.840957344
7,1821433,1000417,1000417,978281,1001302,1.861870976,1.819064578
7,1843594,1000208,1000208,1000209,1001093,1.843208769,1.841581152
7,1843029,1000000,1000000,1000000,1001302,1.843029000,1.840632496
7,1843672,1000260,1000260,1000261,1001354,1.843190927,1.841179044
7,1835238,1000260,1000260,996406,1001459,1.841857636,1.832564289
7,1843754,1000417,1000417,1000365,1001510,1.843081275,1.840974129
7,1843783,1000364,1000364,1000417,1001511,1.843014463,1.841001247
7,1843251,1000052,1000052,1000000,1001198,1.843251000,1.841045428
7,1830194,1000312,1000312,980886,1001563,1.865858010,1.827337871
7,1843556,1000156,1000156,1000156,1001406,1.843268450,1.840967600
7,1843854,1000469,1000469,1000417,1001771,1.843085433,1.840594307
7,1843450,1000157,1000157,1000104,1001198,1.843258301,1.841244189
7,1833619,1000209,1000209,983906,1001406,1.863611971,1.831044551
7,1843727,1000469,1000469,1000469,1001615,1.842862697,1.840754182
7,1843428,1000261,1000261,1000208,1001198,1.843044647,1.841222216
7,1843370,1000104,1000104,1000105,1001094,1.843176466,1.841355557
7,1828411,1000782,1000782,983801,1001979,1.858517119,1.824799721
7,1844053,1000469,1000469,1000417,1001511,1.843284350,1.841270840
7,1843331,1000208,1000208,1000157,1001093,1.843041642,1.841318439
7,1842920,999948,999948,999948,1001146,1.843015837,1.840810431
7,1838748,1000313,1000313,997082,1001406,1.844129169,1.836166350
7,1843072,1000000,1000000,1000052,1000990,1.842976165,1.841249163
7,1843764,1000312,1000312,1000313,1001303,1.843187082,1.841364702
7,1842777,1000156,1000156,1000157,1001146,1.842487729,1.840667595
7,1830218,1000313,1000313,986873,1001614,1.854562846,1.827268788
7,1843306,1000156,1000156,1000156,1001198,1.843018489,1.841100362
7,1843525,1000156,1000156,1000157,1001250,1.843235612,1.841223471
7,1843574,1000209,1000209,1000156,1001198,1.843286447,1.841368041
7,1836879,1000209,1000209,985625,1001458,1.863669245,1.834204730
7,1843092,1000156,1000156,1000104,1001563,1.842900338,1.840215743
7,1843263,1000156,1000156,1000104,1001250,1.843071321,1.840961798
7,1844078,1000469,1000469,1000469,1001614,1.843213533,1.841106454
7,1820926,1000729,1000729,978699,1001979,1.860557740,1.817329505
7,1843103,999948,999948,999896,1001458,1.843294703,1.840419668
7,1843371,1000104,1000104,1000052,1001250,1.843275150,1.841069663
7,1843370,1000208,1000208,1000157,1001354,1.843080636,1.840877452
7,1838359,1000208,1000208,995626,1001406,1.846435308,1.835777896
7,1843508,1000156,1000156,1000156,1001302,1.843220458,1.841110874
7,1842656,1000104,1000104,1000105,1001250,1.842462541,1.840355556
7,1843346,1000052,1000052,1000052,1001146,1.843250151,1.841235944
7,1826769,1000105,1000105,983229,1001458,1.857928316,1.824109448
7,1843327,1000260,1000260,1000260,1001355,1.842847860,1.840832672
7,1843839,1000573,1000573,1000573,1001666,1.842783085,1.840772273
7,1843006,1000208,1000208,1000209,1001302,1.842620892,1.840609526
7,1837402,1000573,1000573,983386,1001927,1.868444334,1.833868136
7,1843891,1000365,1000365,1000364,1001563,1.843220068,1.841013496
7,1842994,1000053,1000053,1000052,1001354,1.842898169,1.840501960
7,1843371,1000313,1000313,1000260,1001406,1.842891848,1.840782859
7,1828690,1000104,1000104,983021,1001354,1.860275620,1.826217302
7,1843828,1000364,1000364,1000312,1001459,1.843252905,1.841141774
7,1843720,1000365,1000365,1000364,1001823,1.843049130,1.840365015
7,1843620,1000208,1000208,1000208,1001355,1.843236607,1.841125275
7,1837473,1000469,1000469,993020,1001719,1.850388713,1.834319804
7,1843935,1000416,1000416,1000365,1001511,1.843262209,1.841153018
7,1843659,1000261,1000261,1000260,1001355,1.843179773,1.841164222
7,1843326,1000052,1000052,1000000,1001198,1.843326000,1.841120338
7,1796864,1000469,1000469,956667,1001771,1.878254398,1.793687380
7,1843788,1000313,1000313,1000364,1001563,1.843117105,1.840910657
7,1843523,1000208,1000208,1000208,1001302,1.843139627,1.841125854
7,1843655,1000260,1000260,1000208,1001355,1.843271600,1.841160228
7,1808166,1000261,1000261,961719,1001406,1.880139625,1.805627288
7,1843607,1000261,1000261,1000260,1001302,1.843127787,1.841209745
7,1843984,1000417,1000417,1000417,1001458,1.843215379,1.841299385
7,1843618,1000313,1000313,1000365,1001562,1.842945325,1.840742760
7,1814611,1000104,1000104,973178,1001354,1.864623943,1.812157339
7,1843557,1000312,1000312,1000261,1001198,1.843075957,1.841351061
7,1843821,1000312,1000312,1000365,1001250,1.843148251,1.841519101
7,1842903,1000105,1000105,1000156,1001042,1.842615552,1.840984694
7,1838454,1000208,1000208,997448,1001250,1.843157739,1.836158801
7,1843420,1000312,1000312,1000260,1001198,1.842940835,1.841214225
7,1843491,1000157,1000157,1000104,1001198,1.843299297,1.841285140
7,1843123,1000104,1000104,1000104,1000989,1.842931335,1.841301952
7,1831254,1000886,1000886,988282,1002083,1.852967068,1.827447427
7,1843562,1000417,1000417,1000365,1001562,1.842889345,1.840686847
7,1843086,1000052,1000052,1000000,1001094,1.843086000,1.841071867
7,1843267,1000052,1000052,1000052,1001094,1.843171155,1.841252670
7,1835398,1000260,1000260,983700,1001458,1.865810715,1.832725886
7,1843843,1000469,1000469,1000416,1001563,1.843076280,1.840965571
7,1843250,1000000,1000000,1000000,1001146,1.843250000,1.841140053
7,1842486,1000052,1000052,1000000,1001146,1.842486000,1.840376928
7,1829823,1000573,1000573,979218,1001771,1.868657439,1.826588112
7,1842795,1000052,1000052,1000104,1001511,1.842603369,1.840014738
7,1843388,1000209,1000209,1000156,1001302,1.843100476,1.840991030
7,1843913,1000416,1000416,1000417,1001458,1.843144409,1.841228489
7,1836859,1000052,1000052,995782,1001250,1.844639690,1.834565793
7,1844004,1000417,1000417,1000416,1001511,1.843237213,1.841221914
7,1843536,1000157,1000157,1000104,1001302,1.843344292,1.841138837
7,1843547,1000209,1000209,1000156,1001302,1.843259452,1.841149823
7,1801696,1000677,1000677,957812,1002135,1.881053902,1.797857574
7,1843781,1000313,1000313,1000312,1001511,1.843205920,1.840999250
7,1843043,1000469,1000469,1000469,1001562,1.842179018,1.840168657
7,1843678,1000260,1000260,1000208,1001354,1.843294595,1.841185035
7,1834930,1000312,1000312,983959,1001823,1.864843962,1.831591010
7,1843292,1000052,1000052,1000000,1001511,1.843292000,1.840510988
7,1843274,1000053,1000053,1000052,1001197,1.843178155,1.841070239
7,1843381,1000104,1000104,1000104,1001198,1.843189308,1.841175272
7,1827622,1000677,1000677,983281,1002188,1.858697565,1.823631893
7,1843819,1000364,1000364,1000313,1001510,1.843242065,1.841039031
7,1843759,1000313,1000313,1000312,1001459,1.843183927,1.841072875
7,1843806,1000313,1000313,1000313,1001458,1.843229069,1.841121645
7,1837786,1000156,1000156,995729,1001302,1.845668852,1.835396314
7,1843898,1000364,1000364,1000365,1001771,1.843225223,1.840638230
7,1833803,1000416,1000416,1000417,1001510,1.833038623,1.831038132
7,1842563,1000312,1000312,1000833,1002083,1.841029422,1.838732919
7,1799992,1000209,1000209,956823,1001407,1.881217320,1.797462970
7,1842803,1000156,1000156,1000156,1001250,1.842515568,1.840502372
7,1844162,1000520,1000520,1000625,1001927,1.843010119,1.840615135
7,1843664,1000208,1000208,1000313,1001562,1.843087114,1.840788688
7,1835939,1000365,1000365,977707,1001615,1.877800814,1.832978739
7,1842236,1000468,1000468,1000469,1001771,1.841372396,1.838979168
7,1843123,999947,999947,1000000,1001093,1.843123000,1.841110666
7,1843406,1000104,1000104,1000104,1001406,1.843214306,1.840817810
7,1827041,1000261,1000261,977864,1001511,1.868399900,1.824284506
7,1843238,1000000,1000000,1000000,1001094,1.843238000,1.841223701
7,1843306,1000052,1000052,1000104,1001094,1.843114316,1.841291627
7,1844071,1000468,1000468,1000521,1001615,1.843110739,1.841097627
7,1839269,1000261,1000261,995312,1001459,1.847932106,1.836589416
7,1843608,1000209,1000209,1000260,1001250,1.843128787,1.841306367
7,1843394,1000104,1000104,1000156,1001093,1.843106475,1.841381370
7,1843887,1000364,1000364,1000365,1001354,1.843214227,1.841393753
7,1831035,1000677,1000677,981459,1001823,1.865625564,1.827703097
7,1843668,1000260,1000260,1000313,1001302,1.843091112,1.841270666
7,1843540,1000208,1000208,1000157,1001146,1.843250610,1.841429722
7,1844323,1000625,1000625,1000729,1001666,1.842979468,1.841255468
7,1916289,1000052,1000052,980989,1001042,1.953425574,1.914294305
7,2090710,1000625,1000625,1000677,1001666,2.089295547,2.087232670
7,2092664,999896,999896,999948,1000833,2.092772824,2.090922262
7,2093389,1000260,1000260,1000313,1001302,2.092733974,2.090666952
7,2080646,1000990,1000990,984999,1001875,2.112333109,2.076752090
7,2093137,1000157,1000157,1000208,1001145,2.092701718,2.090743099
7,2093398,1000260,1000260,1000261,1001198,2.092851766,2.090893110
7,2093296,1000208,1000208,1000208,1001146,2.092860685,2.090899829
7,1949015,1000156,1000156,994793,1001198,1.959216641,1.946682874
7,1843881,1000364,1000364,1000365,1001302,1.843208229,1.841483389
7,1842025,1000469,1000469,1000469,1001563,1.841161495,1.839150408
7,1844028,1000469,1000469,1000416,1001355,1.843261203,1.841532723
7,1821646,1000417,1000417,974793,1001718,1.868751622,1.818521780
7,1843513,1000208,1000208,1000156,1001563,1.843225457,1.840636086
7,1844006,1000573,1000573,1000521,1001614,1.843045773,1.841034570
7,1842967,999948,999948,1000000,1001042,1.842967000,1.841048627
7,1835505,1000469,1000469,981302,1001719,1.870479220,1.832355181
7,1843207,1000104,1000104,1000105,1001354,1.843013484,1.840714672
7,1844150,1000521,1000521,1000521,1001719,1.843189698,1.840985346
7,1843106,999948,999948,999948,1000990,1.843201846,1.841283130
7,1819851,1000052,1000052,971615,1001198,1.873016575,1.817673427
7,1841573,999948,999948,1000052,1001042,1.841477243,1.839656078
7,1843357,1000104,1000104,1000104,1000990,1.843165311,1.841533881
7,1843770,1000364,1000364,1000417,1001302,1.843001468,1.841372533
7,1839560,1000469,1000469,996251,1001510,1.846482463,1.836786452
7,1843735,1000469,1000469,1000521,1001406,1.842774914,1.841146348
7,1843858,1000469,1000469,1000469,1001354,1.842993636,1.841364792
7,1843485,1000469,1000469,1000469,1001354,1.842620811,1.840992296
7,1832787,1000260,1000260,986250,1001354,1.858339163,1.830308762
7,1842983,1000573,1000573,1000677,1001666,1.841736145,1.839917697
7,1834558,1000729,1000729,1000782,1001771,1.833124497,1.831314742
7,1842537,1000729,1000729,1000781,1001719,1.841099102,1.839375114
7,1838149,1000261,1000261,980365,1001302,1.874963917,1.835758842
7,1843414,1000105,1000105,1000104,1000989,1.843222305,1.841592665
7,1843652,1000260,1000260,1000261,1001146,1.843170932,1.841541593
7,1844267,1000572,1000572,1000521,1001510,1.843306637,1.841486356
7,1832661,1000417,1000417,987135,1001563,1.856545457,1.829801021
7,1843792,1000313,1000313,1000260,1001302,1.843312739,1.841394504
7,1844569,1000781,1000781,1001042,1002031,1.842648960,1.840830274
7,1843692,1000260,1000260,1000364,1001407,1.843021140,1.841101570
7,1837834,1000104,1000104,994896,1001146,1.847262427,1.835730253
7,1843846,1000312,1000312,1000312,1001250,1.843270899,1.841544070
7,1843757,1000312,1000312,1000312,1001250,1.843181927,1.841455181
7,1844145,1000520,1000520,1000521,1001458,1.843184701,1.841460151
7,1830196,1000625,1000625,978699,1001719,1.870029498,1.827055292
7,1843787,1000312,1000312,1000313,1001406,1.843210075,1.841198275
7,1843875,1000364,1000364,1000521,1001510,1.842914841,1.841094947
7,1843906,1000417,1000417,1000468,1001511,1.843043456,1.841124062
7,1947503,1000157,1000157,978385,1001250,1.990528269,1.945071660
7,2093329,1000260,1000260,1000261,1001198,2.092782784,2.090824193
7,2092959,1000417,1000417,1000416,1001407,2.092088691,2.090018344
7,2093333,1000260,1000260,1000260,1001146,2.092788875,2.090936786
7,2081752,1000469,1000469,986406,1001562,2.110441340,2.078505375
7,2093310,1000260,1000260,1000365,1001302,2.092546221,2.090588054
7,2092804,1000000,1000000,999948,1000781,2.092912831,2.091170796
7,2093513,1000312,1000312,1000365,1001146,2.092749147,2.091116580
7,2088237,1000469,1000469,995366,1001407,2.097958942,2.085302979
7,2093402,1000313,1000313,1000312,1001250,2.092749062,2.090788514
7,2093130,1000156,1000156,1000104,1000990,2.092912337,2.091059851
7,2092829,1000000,1000000,1000000,1000834,2.092829000,2.091085035
7,2080770,1000365,1000365,988802,1001407,2.104334336,2.077846470
7,2093657,1000416,1000416,1000365,1001250,2.092893094,2.091043196
7,1856932,1000469,1000469,1000520,1001354,1.855966897,1.854421114
7,1843948,1000417,1000417,1000416,1001250,1.843181237,1.841645943
7,1836924,1000312,1000312,982292,1001354,1.870038644,1.834440168
7,1842408,1000417,1000417,1000417,1001406,1.841640036,1.839821211
7,1843353,1000105,1000105,1000052,1001093,1.843257151,1.841340415
7,1843752,1000313,1000313,1000312,1001146,1.843176929,1.841641479
7,1832279,1000364,1000364,986093,1001510,1.858119873,1.829516430
7,1843885,1000364,1000364,1000365,1001823,1.843212228,1.840529714
7,1843993,1000416,1000416,1000469,1001562,1.843128573,1.841117175
7,1843500,1000157,1000157,1000104,1001250,1.843308296,1.841198502
7,1834649,1000521,1000521,990260,1001771,1.852694242,1.831405581
7,1843235,1000000,1000000,1000000,1001458,1.843235000,1.840551476
7,1843697,1000313,1000313,1000261,1001407,1.843215921,1.841106563
7,1843551,1000208,1000208,1000208,1001303,1.843167621,1.841151979
7,1827651,1000261,1000261,980469,1001771,1.864057915,1.824419952
7,1843466,1000156,1000156,1000105,1001354,1.843272456,1.840973322
7,1843418,1000156,1000156,1000105,1001302,1.843224461,1.841020991
7,1844043,1000469,1000469,1000417,1001875,1.843274355,1.840591890
7,1832630,1000364,1000364,975677,1001666,1.878316287,1.829581917
7,1843419,1000104,1000104,1000105,1001250,1.843225461,1.841117603
7,1843352,1000000,1000000,999948,1001093,1.843447859,1.841339416
7,1843156,1000000,1000000,999948,1001094,1.843251849,1.841141791
7,1826724,1000625,1000625,981459,1002136,1.861233123,1.822830434
7,1843309,1000052,1000052,1000000,1001562,1.843309000,1.840434242
7,1844025,1000416,1000416,1000469,1001615,1.843160558,1.841051702
7,1843528,1000156,1000156,1000156,1001614,1.843240454,1.840557340
7,1836892,1000520,1000520,989323,1001719,1.856716158,1.833739801
7,1843704,1000313,1000313,1000260,1001459,1.843224762,1.841017955
7,1843401,1000104,1000104,1000105,1001562,1.843207463,1.840526098
7,1844146,1000521,1000521,1000521,1001615,1.843185700,1.841172506
7,1785366,1000208,1000208,950470,1001719,1.878403316,1.782302222
7,1843724,1000260,1000260,1000156,1001406,1.843436424,1.841135364
7,1843228,1000000,1000000,1000000,1001146,1.843228000,1.841118079
7,1843657,1000260,1000260,1000208,1001406,1.843273599,1.841068458
7,1836781,1000573,1000573,982499,1001771,1.869499104,1.833533812
7,1843810,1000313,1000313,1000260,1001406,1.843330734,1.841221243
7,1844109,1000521,1000521,1000521,1001667,1.843148720,1.841039986
7,1843891,1000364,1000364,1000365,1001458,1.843218225,1.841206521
7,1809707,1000104,1000104,971458,1001302,1.862877242,1.807353825
7,1843324,1000052,1000052,1000052,1001198,1.843228152,1.841118340
7,1843818,1000313,1000313,1000312,1001458,1.843242908,1.841133627
7,1843506,1000157,1000157,1000156,1001250,1.843218458,1.841204494
7,1838372,1000573,1000573,997239,1001771,1.843461798,1.835121999
7,1843361,1000104,1000104,1000104,1001146,1.843169310,1.841250926
7,1843385,1000104,1000104,1000104,1001250,1.843193308,1.841083645
7,1843946,1000417,1000417,1000416,1001510,1.843179237,1.841165840
7,1822142,1000365,1000365,979740,1001563,1.859821994,1.819298437
7,1843103,999948,999948,999895,1001093,1.843296546,1.841090688
7,1843700,1000260,1000260,1000261,1001406,1.843218920,1.841111397
7,1843602,1000260,1000260,1000209,1001667,1.843216768,1.840533830
7,1834129,1000261,1000261,980728,1001406,1.870170934,1.831553835
7,1843375,1000105,1000105,1000052,1001146,1.843279149,1.841264910
7,1843925,1000365,1000365,1000364,1001615,1.843254056,1.840951863
7,1843739,1000312,1000312,1000313,1001302,1.843162090,1.841341573
7,1828455,1000052,1000052,985155,1001407,1.856007430,1.825885978
7,1844029,1000469,1000469,1000417,1001510,1.843260360,1.841248714
7,1844028,1000469,1000469,1000416,1001458,1.843261203,1.841343321
7,1843740,1000313,1000313,1000260,1001354,1.843260752,1.841246952
7,1837731,1000313,1000313,997031,1001615,1.843203471,1.834767850
7,1844110,1000521,1000521,1000469,1001510,1.843245518,1.841329592
7,1843740,1000260,1000260,1000312,1001354,1.843164933,1.841246952
7,1843971,1000417,1000417,1000416,1001406,1.843204227,1.841382017
7,1827318,1000365,1000365,980780,1001719,1.863127307,1.824182231
7,1843245,1000000,1000000,1000000,1001146,1.843245000,1.841135059
7,1843551,1000208,1000208,1000209,1001198,1.843165778,1.841345069
7,1844130,1000521,1000521,1000521,1001511,1.843169709,1.841347724
7,1830953,1000156,1000156,982761,1001667,1.863070472,1.827905881
7,1844047,1000468,1000468,1000469,1001511,1.843182547,1.841264849
7,1844142,1000469,1000469,1000521,1001927,1.843181702,1.840595173
7,1843400,1000104,1000104,1000104,1001250,1.843208306,1.841098627
7,1803142,1000625,1000625,971250,1001823,1.856516860,1.799860854
7,1843349,1000052,1000052,1000052,1001198,1.843253151,1.841143310
7,1843617,1000208,1000208,1000157,1001355,1.843327598,1.841122279
7,1843194,1000000,1000000,999947,1001406,1.843291694,1.840606108
7,1836617,1000208,1000208,996146,1001510,1.843722707,1.833847890
7,1844267,1000572,1000572,1000573,1001667,1.843210840,1.841197723
7,1843925,1000417,1000417,1000364,1001510,1.843254056,1.841144871
7,1843846,1000312,1000312,1000365,1001667,1.843173242,1.840777424
7,1828874,1000104,1000104,989063,1001302,1.849097580,1.826495902
7,1843445,1000105,1000105,1000104,1001302,1.843253302,1.841047956
7,1844116,1000469,1000469,1000521,1001614,1.843155716,1.841144393
7,1843678,1000260,1000260,1000209,1001667,1.843292752,1.840609704
7,1834789,1000313,1000313,981302,1001823,1.869749578,1.831450266
7,1843383,1000104,1000104,1000104,1001250,1.843191308,1.841081648
7,1843633,1000261,1000261,1000208,1001354,1.843249604,1.841140096
7,1843648,1000209,1000209,1000208,1001354,1.843264601,1.841155076
7,1829573,1000313,1000313,978073,1001562,1.870589414,1.826719664
7,1844148,1000520,1000520,1000521,1001614,1.843187699,1.841176341
7,1843275,1000052,1000052,1000000,1000989,1.843275000,1.841453802
7,1843413,1000157,1000157,1000104,1001198,1.843221305,1.841207234
7,1838449,1000313,1000313,996926,1001354,1.844117818,1.835963106
7,1843944,1000417,1000417,1000417,1001302,1.843175396,1.841546307
7,1843192,1000000,1000000,1000000,1000886,1.843192000,1.841560378
7,1843533,1000156,1000156,1000157,1001145,1.843243611,1.841424569
7,1830897,1000781,1000781,985156,1002188,1.858484342,1.826899743
7,1843054,999948,999948,999948,1001146,1.843149844,1.840944278
7,1843848,1000365,1000365,1000312,1001458,1.843272899,1.841163583
7,1843429,1000157,1000157,1000104,1001250,1.843237303,1.841127591
7,1836804,1000469,1000469,982917,1001666,1.868727471,1.833748974
7,1843397,1000104,1000104,1000052,1001406,1.843301148,1.840808823
7,1843215,1000000,1000000,1000000,1001198,1.843215000,1.841009471
7,1843438,1000156,1000156,1000104,1001145,1.843246302,1.841329678
7,1829481,1000312,1000312,985314,1001615,1.856749219,1.826531152
7,1843926,1000365,1000365,1000365,1001406,1.843253213,1.841337080
7,1843661,1000209,1000209,1000260,1001198,1.843181773,1.841454937
7,1844219,1000573,1000573,1000521,1001510,1.843258662,1.841438428
7,1837451,1000261,1000261,996614,1001354,1.843693747,1.834966455
7,1843245,1000052,1000052,999948,1001042,1.843340854,1.841326338
7,1843726,1000260,1000260,1000312,1001302,1.843150937,1.841328590
7,1843775,1000312,1000312,1000312,1001458,1.843199922,1.841090690
7,1829277,1000573,1000573,985729,1001875,1.855760559,1.825853525
7,1843477,1000156,1000156,1000156,1001146,1.843189462,1.841366794
7,1843951,1000365,1000365,1000417,1001406,1.843182393,1.841362045
7,1843732,1000260,1000260,1000261,1001354,1.843250912,1.841238962
7,1836969,1000052,1000052,984895,1001302,1.865141969,1.834580376
7,1843214,1000000,1000000,1000000,1001146,1.843214000,1.841104095
7,1843711,1000260,1000260,1000261,1001406,1.843229917,1.841122382
7,1843495,1000156,1000156,1000156,1001302,1.843207460,1.841097891
7,1824884,1000521,1000521,979478,1001980,1.863118927,1.821277870
7,1843749,1000260,1000260,1000313,1001719,1.843172087,1.840585034
7,1843799,1000313,1000313,1000313,1001406,1.843222071,1.841210258
7,1843524,1003229,1003229,998386,1004427,1.846504258,1.835398690
7,1843508,1000156,1000156,1000156,1001302,1.843220458,1.841110874
7,1844095,1000469,1000469,1000469,1001615,1.843230525,1.841121589
7,1843216,1000000,1000000,1000000,1001146,1.843216000,1.841106092
7,1833822,1000104,1000104,991042,1001250,1.850397864,1.831532584
7,1834851,1000261,1000261,997864,1001458,1.838778631,1.832179682
7,1843506,1000156,1000156,1000209,1001302,1.843120788,1.841108876
7,1843735,1000312,1000312,1000261,1001406,1.843253911,1.841146348
7,1829561,1000573,1000573,975886,1001823,1.874769184,1.826231779
7,1843359,1000104,1000104,1000157,1001302,1.843069638,1.840962067
7,1843730,1000260,1000260,1000261,1001406,1.843248912,1.841141355
7,1843532,1000208,1000208,1000156,1001354,1.843244454,1.841039233
7,1835197,1000469,1000469,991874,1001719,1.850231985,1.832047710
7,1821518,1000364,1000364,979063,1001563,1.860470675,1.818675410
7,1843846,1000365,1000365,1000313,1001458,1.843269057,1.841161586
7,1843623,1000260,1000260,1000209,1001406,1.843237763,1.841034505
7,1835071,1000052,1000052,995990,1001250,1.842459262,1.832780025
7,1843893,1000313,1000313,1000312,1001459,1.843317885,1.841206679
7,1843310,1000052,1000052,1000052,1001198,1.843214153,1.841104357
7,1843426,1000104,1000104,1000104,1001250,1.843234304,1.841124594
7,1824570,1000625,1000625,988229,1001771,1.846302831,1.821344399
7,1838257,1000104,1000104,998073,1001563,1.841806160,1.835388288
7,1842720,1000105,1000105,1000104,1001198,1.842528377,1.840515063
7,1844516,1000730,1000730,1000885,1002239,1.842885047,1.840395355
7,1836410,1000625,1000625,978280,1002032,1.877182402,1.832685982
7,1841528,1000052,1000052,1000052,1001614,1.841432246,1.838560563
7,1843909,1000416,1000416,1000365,1001667,1.843236219,1.840840319
7,1843847,1000365,1000365,1000364,1001510,1.843176084,1.841066989
7,1837097,1000157,1000157,989688,1001302,1.856238532,1.834708210
7,1835535,1000364,1000364,991198,1001615,1.851834850,1.832575391
7,1844116,1000469,1000469,1000468,1001458,1.843253357,1.841431193
7,1844291,1000573,1000573,1000625,1001510,1.843139038,1.841510319
7,1838809,1000468,1000468,994062,1001667,1.849793071,1.835748807
7,1843641,1000261,1000261,1000312,1001302,1.843065963,1.841243701
7,1843794,1000313,1000313,1000364,1001458,1.843123103,1.841109662
7,1843672,1000261,1000261,1000260,1001250,1.843192770,1.841370287
7,1831484,1002240,1002240,982447,1003229,1.864206415,1.825589173
7,1843116,999948,999948,999896,1000885,1.843307704,1.841486285
7,1843488,1000157,1000157,1000208,1001146,1.843104634,1.841377781
7,1843883,1000365,1000365,1000364,1001406,1.843212071,1.841294140
7,1829218,1000209,1000209,995678,1001198,1.837158198,1.827029219
7,2083986,1000625,1000625,1000730,1001562,2.082465800,2.080735891
7,2093360,1000261,1000261,1000260,1001093,2.092815868,2.091074456
7,2093460,1000625,1000625,1000729,1001615,2.091934979,2.090084514
7,2081351,1000312,1000312,986875,1001250,2.109032046,2.078752559
7,2092889,1000052,1000052,1000052,1000938,2.092780175,2.090927710
7,2094148,1000677,1000677,1000677,1001666,2.092731221,2.090664952
7,2092901,1000052,1000052,1000052,1000885,2.092792175,2.091050420
7,2088543,1000313,1000313,995521,1001250,2.097939672,2.085935581
7,2073977,1000261,1000261,1000260,1001094,2.073437906,2.071710549
7,1828146,1000000,1000000,1000000,1001094,1.828146000,1.826148194
7,1843876,1000365,1000365,1000365,1001302,1.843203231,1.841478395
7,1829624,1000105,1000105,985468,1001042,1.856604172,1.827719516
7,1843386,1000209,1000209,1000208,1001094,1.843002655,1.841371540
7,1843300,1000417,1000417,1000417,1001615,1.842531664,1.840327870
7,1843257,1000104,1000104,1000104,1001198,1.843065321,1.841051420
7,1833620,1000521,1000521,978282,1001719,1.874326626,1.830473416
7,1842733,1000052,1000052,1000104,1001042,1.842541376,1.840814871
7,1841673,1000365,1000365,1000364,1001406,1.841002875,1.839087243
7,1840167,1000364,1000364,1000365,1001406,1.839495584,1.837583358
7,1827021,1000313,1000313,983646,1001406,1.857396868,1.824455815
7,1839736,1000312,1000312,1000260,1001511,1.839257793,1.836960353
7,1842186,1000521,1000521,1000468,1001459,1.841324260,1.839502166
7,1843132,999948,999948,999948,1000938,1.843227848,1.841404762
7,1832846,1000104,1000104,991145,1001198,1.849220851,1.830652878
7,1841205,1000052,1000052,1000052,1001146,1.841109262,1.839097394
7,1842351,1000364,1000364,1000313,1001250,1.841774525,1.840050936
7,1841074,1000000,1000000,1000000,1001094,1.841074000,1.839062066
7,1825295,1000104,1000104,984532,1001145,1.853972243,1.823207427
7,1841927,1000365,1000365,1000364,1001302,1.841256783,1.839531929
7,1840356,1000365,1000365,1000364,1001354,1.839686354,1.837867527
7,1838452,1000209,1000209,1000208,1001354,1.838069682,1.835966102
7,1834801,1000156,1000156,982916,1001406,1.866691559,1.832224892
7,1838477,1000469,1000469,1000468,1001563,1.837616995,1.835607945
7,1839941,1000105,1000105,1000104,1001146,1.839749666,1.837834841
7,1838421,1000260,1000260,1000208,1001302,1.838038688,1.836030488
7,1830874,1000521,1000521,985468,1001667,1.857872605,1.827827012
7,1839431,999948,999948,999948,1001093,1.839526655,1.837422697
7,1840057,1000416,1000416,1000417,1001406,1.839290016,1.837473512
7,1841041,1000312,1000312,1000365,1001459,1.840369265,1.838358834
7,1833281,1000416,1000416,996251,1001511,1.840179834,1.830515092
7,1830202,1000365,1000365,1000416,1001406,1.829440953,1.827632349
7,1844050,1000469,1000469,1000521,1001510,1.843089750,1.841269683
7,1843961,1000416,1000416,1000365,1001406,1.843288200,1.841372031
7,1832656,1000260,1000260,985938,1001302,1.858794366,1.830272985
7,1843829,1000364,1000364,1000313,1001355,1.843252062,1.841333992
7,1844070,1000469,1000469,1000468,1001458,1.843207379,1.841385260
7,1843399,1000105,1000105,1000104,1001146,1.843207306,1.841288883
7,1838128,1000469,1000469,995832,1001563,1.845821384,1.835259489
7,2088827,1000677,1000677,1000937,1001927,2.086871601,2.084809572
7,2093392,1000261,1000261,1000364,1001355,2.092630283,2.090559292
7,2093364,1000260,1000260,1000313,1001302,2.092708982,2.090641984
7,2082616,1000521,1000521,987084,1001510,2.109867043,2.079475991
7,2093078,1000156,1000156,1000156,1000990,2.092751531,2.091007902
7,2093584,1000364,1000364,1000365,1001354,2.092820121,2.090753120
7,2093352,1000260,1000260,1000261,1001094,2.092805778,2.091064376
7,2088013,1000104,1000104,997552,1000990,2.093136999,2.085947912
7,2073046,1000468,1000468,1000521,1001354,2.071966505,2.070242891
7,1828271,1000208,1000208,1000208,1001250,1.827890799,1.825988514
7,1843518,1000157,1000157,1000208,1001093,1.843134628,1.841505235
7,1830880,1000625,1000625,981406,1001771,1.865568378,1.827643244
7,1843412,1000104,1000104,1000156,1001250,1.843124473,1.841110612
7,1843891,1000365,1000365,1000364,1001302,1.843220068,1.841493376
7,1843836,1000312,1000312,1000365,1001250,1.843163245,1.841534082
7,1824106,994479,994479,972553,1001615,1.875585187,1.821164819
7,1843981,1000417,1000417,1000364,1001407,1.843310035,1.841390164
7,1844121,1000520,1000520,1000469,1001510,1.843256513,1.841340576
7,1844084,1000469,1000469,1000416,1001407,1.843317180,1.841493019
7,1830613,1000261,1000261,986979,1001302,1.854763880,1.828232641
7,1842124,1000365,1000365,1000365,1001250,1.841451870,1.839824220
7,1843957,1000416,1000416,1000417,1001354,1.843188390,1.841463658
7,1844121,1000520,1000520,1000469,1001406,1.843256513,1.841531806
7,1839034,1000052,1000052,995624,1001094,1.847116984,1.837024295
7,1842738,1000521,1000521,1000469,1001406,1.841874161,1.840150748
7,1843298,1000469,1000469,1000573,1001615,1.842242395,1.840325874
7,1829285,1000521,1000521,1000573,1001563,1.828237420,1.826430289
7,1831313,1000105,1000105,984062,1001250,1.860973191,1.829026717
7,1841847,1000000,1000000,1000000,1000989,1.841847000,1.840027213
7,1843972,1000417,1000417,1000416,1001302,1.843205227,1.841574270
7,1842584,1000052,1000052,1000000,1000989,1.842584000,1.840763485
7,1814511,1000260,1000260,967084,1001354,1.876270314,1.812057474
7,1843699,1000260,1000260,1000260,1001250,1.843219763,1.841397253
7,1843495,1000156,1000156,1000313,1001302,1.842918167,1.841097891
7,1843465,1000156,1000156,1000157,1001094,1.843175621,1.841450453
7,1831934,1000365,1000365,986145,1001458,1.857672046,1.829266929
7,1843887,1000365,1000365,1000364,1001354,1.843216069,1.841393753
7,1844002,1000469,1000469,1000416,1001303,1.843235214,1.841602392
7,1844174,1000521,1000521,1000468,1001407,1.843311330,1.841582893
7,1837758,1000469,1000469,996094,1001510,1.844964431,1.834987169
7,1843982,1000416,1000416,1000417,1001302,1.843213380,1.841584257
7,1843965,1000416,1000416,1000365,1001406,1.843292198,1.841376025
7,1843312,1000052,1000052,1000052,1000937,1.843216153,1.841586434
7,1821555,1000469,1000469,976925,1001615,1.864580188,1.818617932
7,1841717,1000052,1000052,1000000,1001354,1.841717000,1.839226687
7,1843342,1000104,1000104,1000105,1001094,1.843148469,1.841327588
7,1843393,1000105,1000105,1000052,1001146,1.843297149,1.841282890
7,1832429,1000417,1000417,970468,1001927,1.888191058,1.828904701
7,1844168,1000469,1000469,1000416,1001615,1.843401145,1.841194471
7,1843920,1000417,1000417,1000365,1001510,1.843247215,1.841139879
7,1843928,1000364,1000364,1000365,1001510,1.843255212,1.841147867
7,1825243,1000261,1000261,976563,1001459,1.869047875,1.822583850
7,1842877,999844,999844,999844,1001146,1.843164534,1.840767480
7,1843645,1000209,1000209,1000208,1001145,1.843261602,1.841536441
7,1843841,1000312,1000312,1000365,1001198,1.843168244,1.841634722
7,1836043,1000468,1000468,994166,1001562,1.846817332,1.833179574
7,1843197,1000052,1000052,1000000,1000886,1.843197000,1.841565373
7,1844005,1000468,1000468,1000469,1001458,1.843140567,1.841320355
7,1843265,1000052,1000052,1000052,1000937,1.843169155,1.841539478
7,1830122,1000521,1000521,981302,1001511,1.864993651,1.827360858
7,1844235,1000520,1000520,1000521,1001458,1.843274654,1.841550020
7,1844188,1000573,1000573,1000521,1001927,1.843227678,1.840641085
7,1843243,1000000,1000000,1000000,1001458,1.843243000,1.840559464
7,1834917,1000105,1000105,978385,1001302,1.875454959,1.832531045
7,1843811,1000312,1000312,1000313,1001458,1.843234068,1.841126637
7,1843308,1000052,1000052,1000052,1001198,1.843212153,1.841102359
7,1843620,1000208,1000208,1000260,1001354,1.843140783,1.841127114
7,1828500,1000417,1000417,984530,1001927,1.857231369,1.824983257
7,1843917,1000417,1000417,1000417,1001563,1.843148407,1.841039455
7,1843539,1000208,1000208,1000209,1001302,1.843153781,1.841141833
7,1843829,1000312,1000312,1000365,1001458,1.843156248,1.841144611
7,1836936,1000573,1000573,996302,1001771,1.843754203,1.833688538
7,1843725,1000260,1000260,1000260,1001354,1.843245756,1.841231972
7,1843226,1000000,1000000,1000052,1001406,1.843130157,1.840638063
7,1843166,1000000,1000000,1000000,1001094,1.843166000,1.841151780
7,1827876,1000469,1000469,982031,1001979,1.861322097,1.824265778
7,1843306,1000052,1000052,1000052,1001145,1.843210153,1.841197828
7,1843492,1000157,1000157,1000104,1001250,1.843300297,1.841190512
7,1844063,1000469,1000469,1000469,1001615,1.843198540,1.841089640
7,1833464,1000104,1000104,982813,1001354,1.865526809,1.830984847
7,1843912,1000417,1000417,1000364,1001511,1.843241060,1.841130052
7,1843354,1000052,1000052,1000052,1001145,1.843258151,1.841245774
7,1843589,1000208,1000208,1000208,1001303,1.843205613,1.841189930
7,1828921,1000573,1000573,977240,1002083,1.871516721,1.825119277
7,1843493,1000157,1000157,1000156,1001615,1.843205460,1.840520559
7,1843988,1000417,1000417,1000469,1001562,1.843123575,1.841112183
7,1843513,1000157,1000157,1000156,1001459,1.843225457,1.840827233
7,1836770,1000520,1000520,996510,1001823,1.843202778,1.833427661
7,1843183,1000000,1000000,999948,1000990,1.843278851,1.841360054
7,1844175,1000521,1000521,1000520,1001562,1.843216527,1.841298891
7,1844125,1000521,1000521,1000469,1001511,1.843260511,1.841342731
7,1825306,1000313,1000313,981563,1001563,1.859591285,1.822457499
7,1843599,1000208,1000208,1000260,1001198,1.843119789,1.841393011
7,1843401,1000104,1000104,1000052,1001250,1.843305148,1.841099625
7,1843680,1000260,1000260,1000208,1001250,1.843296594,1.841378277
7,1838415,1000104,1000104,996876,1001250,1.844176206,1.836119850
7,1844207,1000573,1000573,1000573,1001823,1.843150875,1.840851128
7,1843377,1000052,1000052,1000105,1001146,1.843183466,1.841266908
7,1843433,1000157,1000157,1000104,1001146,1.843241303,1.841322844
7,1829269,1000521,1000521,978645,1001771,1.869185455,1.826035092
7,1843601,1000208,1000208,1000105,1001198,1.843407442,1.841395009
7,1843684,1000260,1000260,1000261,1001198,1.843202924,1.841477909
7,1843127,999947,999947,999948,1000885,1.843222848,1.841497275
7,1836733,1000469,1000469,997084,1001615,1.842104577,1.833771459
7,1843661,1000260,1000260,1000261,1001197,1.843179930,1.841456776
7,1843529,1000157,1000157,1000156,1001042,1.843241454,1.841610042
7,1843515,1000156,1000156,1000157,1001146,1.843225614,1.841404750
7,1829064,1000573,1000573,985104,1001718,1.856721727,1.825927057
7,1843724,1000260,1000260,1000261,1001250,1.843242914,1.841422222
7,1843757,1000313,1000313,1000260,1001198,1.843277748,1.841550822
7,1843172,1000000,1000000,999948,1000937,1.843267850,1.841446565
7,1837206,1000208,1000208,985470,1001407,1.864294195,1.834624683
7,1843612,1000208,1000208,1000208,1001354,1.843228608,1.841119125
7,1843149,999948,999948,1000000,1001094,1.843149000,1.841134799
7,1843268,1000000,1000000,1000000,1000937,1.843268000,1.841542475
7,1831781,1000573,1000573,986927,1001823,1.856045077,1.828447740
7,1843907,1000364,1000364,1000365,1001407,1.843234220,1.841316268
7,1844133,1000521,1000521,1000521,1001510,1.843172707,1.841352558
7,1843897,1000365,1000365,1000364,1001354,1.843226066,1.841403739
7,1835846,1000052,1000052,996406,1001146,1.842467829,1.833744529
7,1843359,1000104,1000104,1000104,1001146,1.843167311,1.841248929
7,1843928,1000416,1000416,1000365,1001459,1.843255212,1.841241628
7,1843756,1000260,1000260,1000313,1001354,1.843179085,1.841262930
7,1829133,1000052,1000052,981406,1001302,1.863788279,1.826754566
7,1843281,1000052,1000052,1000052,1001302,1.843185154,1.840884169
7,1843598,1000208,1000208,1000157,1001302,1.843308601,1.841200757
7,1843238,1000000,1000000,1000052,1001094,1.843142157,1.841223701
7,1832134,1000573,1000573,978751,1001823,1.871910220,1.828800097
7,1843800,1000365,1000365,1000312,1001510,1.843224914,1.841020060
7,1843606,1000208,1000208,1000208,1001302,1.843222610,1.841208746
7,1844127,1000520,1000520,1000469,1001615,1.843262510,1.841153537
7,1828734,1000208,1000208,981718,1001771,1.862789518,1.825501038
7,1843547,1000209,1000209,1000156,1001354,1.843259452,1.841054213
7,1844016,1000417,1000417,1000417,1001563,1.843247366,1.841138301
7,1843962,1000417,1000417,1000417,1001822,1.843193388,1.840608411
7,1837378,1000156,1000156,995522,1001355,1.845642788,1.834891722
7,1843406,1000469,1000469,1000416,1001562,1.842639462,1.840531090
7,1843152,999948,999948,999896,1001094,1.843343708,1.841137795
7,1843448,1000157,1000157,1000104,1001250,1.843256301,1.841146567
7,1829562,1000104,1000104,982707,1001302,1.861757370,1.827183008
7,1833198,1000105,1000105,1000052,1001146,1.833102679,1.831099560
7,1841197,999948,999948,999948,1001198,1.841292747,1.838993885
7,1842795,1000104,1000104,1000104,1001354,1.842603369,1.840303229
7,1836421,1000364,1000364,982812,1001614,1.868537421,1.833461793
7,1843553,1000364,1000364,1000365,1001667,1.842880349,1.840484912
7,1843458,1000208,1000208,1000208,1001250,1.843074640,1.841156554
7,1843348,1000260,1000260,1000260,1001302,1.842868854,1.840951082
7,1826115,1000364,1000364,972448,1001666,1.877853623,1.823077752
7,1843017,1000000,1000000,1000000,1001250,1.843017000,1.840716105
7,1843756,1000520,1000520,1000469,1001511,1.842891684,1.840974288
7,1844062,1000469,1000469,1000469,1001458,1.843197540,1.841377272
7,1834920,1000000,1000000,995677,1001093,1.842886800,1.832916622
7,1843808,1000312,1000312,1000365,1001302,1.843135256,1.841410484
7,1843322,1000208,1000208,1000157,1001145,1.843032644,1.841213810
7,1843478,1000260,1000260,1000261,1001459,1.842996978,1.840792284
7,1830945,1000677,1000677,984375,1001875,1.860007619,1.827518403
7,1843299,1000052,1000052,1000053,1001093,1.843201310,1.841286474
7,1843488,1000156,1000156,1000156,1001146,1.843200461,1.841377781
7,1843776,1000261,1000261,1000312,1001354,1.843200921,1.841282903
7,1834825,1000625,1000625,983126,1001823,1.866317237,1.831486201
7,1842978,1000156,1000156,1000208,1001250,1.842594740,1.840677154
7,1843495,1000156,1000156,1000156,1001250,1.843207460,1.841193508
7,1843097,999948,999948,999896,1001094,1.843288702,1.841082855
7,1826772,1000208,1000208,972813,1001719,1.877824412,1.823637168
7,1843719,1000312,1000312,1000313,1001719,1.843142097,1.840555086
7,1843332,1000208,1000208,1000156,1001302,1.843044485,1.840935102
7,1842891,1000052,1000052,1000052,1001198,1.842795175,1.840685858
7,1837763,1000052,1000052,995104,1001302,1.846804957,1.835373344
7,1843412,1000104,1000104,1000052,1001250,1.843316148,1.841110612
7,1843300,1000364,1000364,1000365,1001459,1.842627441,1.840614543
7,1843707,1000260,1000260,1000261,1001407,1.843225918,1.841116549
7,1829405,1000677,1000677,984114,1002136,1.858936058,1.825505720
7,1843128,1000157,1000157,1000156,1001250,1.842840517,1.840826966
7,1844120,1000573,1000573,1000573,1001718,1.843063924,1.840957235
7,1843432,1000156,1000156,1000105,1001250,1.843238460,1.841130587
7,1836191,1000520,1000520,981458,1001771,1.870880873,1.832944855
7,1843615,1000208,1000208,1000209,1001354,1.843229765,1.841122121
7,1843600,1000416,1000416,1000417,1001563,1.842831539,1.840722950
7,1843173,1000313,1000313,1000260,1001406,1.842693900,1.840585137
7,1826036,1000573,1000573,979166,1002135,1.864889099,1.822145719
7,1843836,1000365,1000365,1000312,1001511,1.843260903,1.841054167
7,1843599,1000209,1000209,1000208,1001302,1.843215611,1.841201755
7,1843467,1000157,1000157,1000156,1001250,1.843179464,1.841165543
7,1826571,1000521,1000521,991667,1001823,1.841919717,1.823247220
7,1841873,1000365,1000365,1000833,1002187,1.840339997,1.837853614
7,1843508,1000156,1000156,1000157,1001354,1.843218615,1.841015265
7,1844060,1000468,1000468,1000417,1001563,1.843291348,1.841182232
7,1827073,1000729,1000729,981718,1002395,1.861097586,1.822707615
7,1843650,1000208,1000208,1000261,1001771,1.843168933,1.840390668
7,1843995,1000469,1000469,1000417,1001875,1.843226375,1.840543980
7,1844139,1000521,1000521,1000469,1001718,1.843274504,1.840976203
7,1834492,1000052,1000052,980261,1001615,1.871432200,1.831534072
7,1843090,999947,999947,999948,1001302,1.843185846,1.840693417
7,1843559,1000208,1000208,1000157,1001458,1.843269607,1.840875004
7,1843918,1000416,1000416,1000365,1001459,1.843245215,1.841231643
7,1825990,1000365,1000365,980467,1001615,1.862367627,1.823045781
7,1843567,1000105,1000105,1000156,1001146,1.843279448,1.841456691
7,1843493,1000521,1000521,1000573,1001562,1.842437283,1.840617955
7,1844174,1000573,1000573,1000625,1001615,1.843022111,1.841200461
7,1839475,1000729,1000729,994791,1001875,1.849106998,1.836032439
7,1842011,1000156,1000156,1000104,1001146,1.841819451,1.839902472
7,1843369,1000104,1000104,1000105,1001146,1.843175467,1.841258917
7,1843942,1000417,1000417,1000417,1001302,1.843173397,1.841544309
7,1833812,1000521,1000521,986147,1001615,1.859572660,1.830855169
7,1844015,1000468,1000468,1000469,1001511,1.843150562,1.841232897
7,1843718,1000313,1000313,1000312,1001250,1.843142939,1.841416230
7,1844184,1000521,1000521,1000573,1001562,1.843127888,1.841307877
7,1995019,1000104,1000104,983177,1001146,2.029155483,1.992735325
7,2092681,1000313,1000313,1000364,1001354,2.091919541,2.089851341
7,2092898,1000052,1000052,1000052,1000885,2.092789175,2.091047423
7,2093640,1000417,1000417,1000364,1001354,2.092878192,2.090809045
7,2082254,1000260,1000260,985937,1001198,2.111954415,2.079762445
7,2093386,1000260,1000260,1000261,1001198,2.092839769,2.090881124
7,2093568,1000365,1000365,1000364,1001250,2.092806219,2.090954307
7,2092358,1000833,1000833,1001094,1002083,2.090071462,2.088008678
7,1820658,999531,999531,995574,1001250,1.828752057,1.818385019
7,1843290,1000052,1000052,1000053,1000937,1.843192311,1.841564454
7,1843953,1000417,1000417,1000364,1001302,1.843282045,1.841555295
7,1843881,1000417,1000417,1000364,1001354,1.843210072,1.841387761
7,1830008,1000573,1000573,980625,1001719,1.866164946,1.826867615
7,1843816,1000313,1000313,1000312,1001354,1.843240909,1.841322849
7,1843393,1000104,1000104,1000104,1000990,1.843201307,1.841569846
7,1843584,1000208,1000208,1000157,1001146,1.843294603,1.841473671
7,1822138,1000312,1000312,977083,1001406,1.864875348,1.819579671
7,1844176,1000521,1000521,1000625,1001667,1.843024110,1.841106875
7,1843580,1000209,1000209,1000260,1001250,1.843100794,1.841278402
7,1843536,1000209,1000209,1000156,1001146,1.843248453,1.841425726
7,1831757,1000677,1000677,987136,1001875,1.855627796,1.828328883
7,1844075,1000469,1000469,1000469,1001458,1.843210534,1.841390253
7,1843860,1000312,1000312,1000365,1001302,1.843187237,1.841462416
7,1843716,1000260,1000260,1000261,1001198,1.843234916,1.841509871
7,1836450,1000156,1000156,994323,1001094,1.846935050,1.834443119
7,1843611,1000208,1000208,1000364,1001406,1.842940170,1.841022522
7,1843693,1000261,1000261,1000260,1001406,1.843213764,1.841104407
7,1843094,999896,999896,999948,1000885,1.843189846,1.841464304
7,1828538,1000677,1000677,978959,1001771,1.867839205,1.825305384
7,1843444,1000104,1000104,1000156,1001510,1.843156468,1.840664596
7,1843584,1000208,1000208,1000261,1001563,1.843102950,1.840706975
7,1843608,1000261,1000261,1000208,1001718,1.843224609,1.840446114
7,1833574,1000625,1000625,974740,1002136,1.881090342,1.829665834
7,1843726,1000261,1000261,1000312,1001406,1.843150937,1.841137361
7,1843078,999948,999948,999896,1001146,1.843269700,1.840968250
7,1843611,1000208,1000208,1000208,1001302,1.843227609,1.841213740
7,1825943,1000677,1000677,979324,1002083,1.864493263,1.822147467
7,1843360,1000105,1000105,1000052,1001406,1.843264150,1.840771875
7,1844013,1000468,1000468,1000417,1001562,1.843244367,1.841137144
7,1844102,1000521,1000521,1000468,1001615,1.843239364,1.841128577
7,1836693,1000573,1000573,993229,1002031,1.849214028,1.832970237
7,1842141,1000364,1000364,1000313,1001771,1.841564590,1.838884336
7,1844129,1000521,1000521,1000469,1001927,1.843264509,1.840582198
7,1844229,1000573,1000573,1000573,1001666,1.843172862,1.841161625
7,1828545,1000260,1000260,980573,1001771,1.864771924,1.825312372
7,1843646,1000260,1000260,1000260,1001407,1.843166777,1.841055635
7,1843244,1000052,1000052,1000000,1001198,1.843244000,1.841038436
7,1842855,1000156,1000156,1000156,1001303,1.842567559,1.840456885
7,1831226,1000677,1000677,979532,1002031,1.869490736,1.827514318
7,1841008,1000520,1000520,1000521,1001562,1.840049334,1.838136830
7,1839098,1000052,1000052,1000052,1001094,1.839002372,1.837088225
7,1840430,1000052,1000052,1000052,1001146,1.840334303,1.838323282
7,1826058,1000365,1000365,980366,1001562,1.862628855,1.823210146
7,1839968,1000208,1000208,1000104,1001198,1.839776663,1.837766356
7,1840806,1000156,1000156,1000209,1001094,1.840421352,1.838794359
7,1839945,1000157,1000157,1000260,1001250,1.839466739,1.837647940
7,1838232,1000365,1000365,995520,1001354,1.846504339,1.835746399
7,1840771,1000521,1000521,1000521,1001458,1.839812458,1.838091063
7,1839645,999947,999947,1000000,1000885,1.839645000,1.838018354
7,1839488,1000312,1000312,1000365,1001198,1.838816832,1.837286930
7,1828786,1000260,1000260,987814,1001406,1.851346509,1.826218337
7,1838440,1000365,1000365,1000468,1001510,1.837580013,1.835668141
7,1832993,1000677,1000677,1000781,1001823,1.831562550,1.829657534
7,1876525,1022500,1022500,996406,1023490,1.883293557,1.833457093
7,1842943,1000625,1000625,1000625,1001563,1.841791880,1.840066975
7,1843697,1000261,1000261,1000312,1001250,1.843121946,1.841395256
7,1843707,1000260,1000260,1000313,1001198,1.843130100,1.841500882
7,1838330,1000156,1000156,993386,1001146,1.850569668,1.836225685
7,1838385,1000208,1000208,995156,1001250,1.847333483,1.836089888
7,1843570,1000573,1000573,1000834,1001875,1.842033744,1.840119775
7,1844284,1000625,1000625,1000625,1001719,1.843132042,1.841119116
7,1839438,1000365,1000365,995676,1001354,1.847426271,1.836950769
7,1843562,1000209,1000209,1000208,1001198,1.843178619,1.841356055
7,1843444,1000104,1000104,1000156,1001146,1.843156468,1.841333831
7,1843486,1000156,1000156,1000157,1001146,1.843196618,1.841375783
7,1838337,1000416,1000416,991354,1001510,1.854369882,1.835565296
7,1839655,1000521,1000521,995417,1001562,1.848124957,1.836785940
7,1844099,1000469,1000469,1000520,1001459,1.843140567,1.841412379
7,1843882,1000417,1000417,1000364,1001354,1.843211071,1.841388760
7,1816619,1000208,1000208,981197,1001770,1.851431466,1.813409266
7,2079542,1000208,1000208,1000261,1001198,2.078999381,2.077053690
7,2093245,1000209,1000209,1000208,1000990,2.092809696,2.091174737
7,2092906,1000052,1000052,1000052,1000834,2.092797175,2.091161971
7,2087669,1000468,1000468,993438,1001354,2.101458772,2.084846118
7,2089043,1000312,1000312,995313,1001302,2.098880453,2.086326603
7,2078804,1000104,1000104,1000104,1000938,2.078587827,2.076855909
7,1830659,1000260,1000260,1000313,1001146,1.830086183,1.828563466
7,1838519,1000469,1000469,992501,1001614,1.852410224,1.835556412
7,1843682,1000261,1000261,1000260,1001354,1.843202767,1.841189030
7,1841713,1000000,1000000,999948,1001041,1.841808774,1.839797771
7,1843232,1000364,1000364,1000365,1001302,1.842559466,1.840835233
7,1840441,1005468,1005468,990470,1006406,1.858149162,1.828726180
7,1844039,1000469,1000469,1000416,1001615,1.843272199,1.841065679
7,1843320,1000052,1000052,1000052,1001302,1.843224152,1.840923118
7,1843440,1000157,1000157,1000104,1001354,1.843248302,1.840947357
7,1833177,1000625,1000625,970729,1001823,1.888453935,1.829841199
7,1843955,1000416,1000416,1000365,1001614,1.843282202,1.840983652
7,1843763,1000313,1000313,1000312,1001771,1.843187925,1.840503468
7,1843546,1000156,1000156,1000209,1001250,1.843160779,1.841244444
7,1825520,1000521,1000521,978385,1001823,1.865850355,1.822198133
7,1843038,999896,999896,999895,1001406,1.843231539,1.840450327
7,1843871,1000365,1000365,1000364,1001511,1.843200075,1.841089114
7,1843192,1000000,1000000,1000000,1001145,1.843192000,1.841083959
7,1836470,1000573,1000573,993594,1001719,1.848310276,1.833318525
7,1843572,1000209,1000209,1000208,1001615,1.843188617,1.840599432
7,1843850,1000364,1000364,1000313,1001510,1.843273056,1.841069984
7,1843372,1000104,1000104,1000052,1001198,1.843276150,1.841166283
7,1826198,1000573,1000573,977344,1001875,1.868531448,1.822780287
7,1844074,1000469,1000469,1000416,1001979,1.843307184,1.840431785
7,1843530,1000156,1000156,1000156,1001302,1.843242454,1.841132845
7,1843544,1000208,1000208,1000208,1001354,1.843160623,1.841051217
7,1833369,1000625,1000625,976198,1001927,1.878070842,1.829842893
7,1843733,1000261,1000261,1000260,1001511,1.843253754,1.840951323
7,1843200,1000000,1000000,999948,1001094,1.843295851,1.841185743
7,1844100,1000521,1000521,1000469,1001614,1.843235523,1.841128419
7,1832128,1000573,1000573,984219,1001823,1.861504401,1.828794108
7,1843272,1000052,1000052,1000000,1001302,1.843272000,1.840875181
7,1843886,1000365,1000365,1000364,1001771,1.843215070,1.840626251
7,1844177,1000521,1000521,1000468,1001667,1.843314329,1.841107873
7,1835197,1000416,1000416,988022,1001666,1.857445482,1.832144647
7,1843352,1000104,1000104,1000052,1001198,1.843256151,1.841146307
7,1836611,1000156,1000156,999062,1001354,1.838335359,1.834127591
7,1843596,1000313,1000313,1000208,1001563,1.843212612,1.840718956
7,1830495,1000781,1000781,981303,1001979,1.865371858,1.826879605
7,1843121,999948,999948,999948,1001094,1.843216847,1.841106829
7,1844009,1000416,1000416,1000417,1001510,1.843240369,1.841228745
7,1843176,1000000,1000000,1000000,1001198,1.843176000,1.840970517
7,1835630,1000730,1000730,983958,1002083,1.865557270,1.831814331
7,1843874,1000365,1000365,1000416,1001458,1.843107267,1.841189546
7,1843202,1000000,1000000,1000000,1000990,1.843202000,1.841379035
7,1844022,1000416,1000416,1000417,1001666,1.843253363,1.840954969
7,1832775,1001771,1001771,980209,1002865,1.869779812,1.827539100
7,1843772,1000312,1000312,1000261,1001458,1.843290901,1.841087694
7,1843755,1000312,1000312,1000261,1001198,1.843273906,1.841548825
7,1843963,1000417,1000417,1000417,1001302,1.843194388,1.841565282
7,1836935,1000520,1000520,995729,1001614,1.844814201,1.833974964
7,1843161,1000000,1000000,999948,1001042,1.843256849,1.841242425
7,1844034,1000468,1000468,1000417,1001354,1.843265358,1.841540554
7,1844103,1000520,1000520,1000469,1001406,1.843238521,1.841513832
7,1832101,1000313,1000313,986614,1001458,1.856958243,1.829433686
7,1843924,1000417,1000417,1000364,1001563,1.843253056,1.841046444
7,1844060,1000469,1000469,1000469,1001406,1.843195541,1.841470892
7,1843325,1000105,1000105,1000052,1001041,1.843229152,1.841408094
7,1837393,1000312,1000312,985781,1001406,1.863895733,1.834813253
7,1843162,1000000,1000000,1000000,1000990,1.843162000,1.841339074
7,1843498,1000156,1000156,1000157,1001094,1.843208616,1.841483417
7,1843527,1000156,1000156,1000156,1001302,1.843239455,1.841129849
7,1832944,1000313,1000313,984532,1001615,1.861741416,1.829988568
7,1843428,1000104,1000104,1000104,1001146,1.843236303,1.841317850
7,1844063,1000469,1000469,1000416,1001458,1.843296189,1.841378270
7,1843268,1000052,1000052,1000052,1001042,1.843172155,1.841349314
7,1835933,1000520,1000520,989479,1001770,1.855454234,1.832689140
7,1843869,1000365,1000365,1000313,1001407,1.843292050,1.841278321
7,1843457,1000156,1000156,1000157,1001198,1.843167623,1.841251181
7,1843883,1000416,1000416,1000313,1001406,1.843306045,1.841294140
7,1826534,1000468,1000468,981407,1001770,1.861138141,1.823306747
7,1843873,1000364,1000364,1000313,1001614,1.843296048,1.840901785
7,1843838,1000313,1000313,1000364,1001354,1.843167087,1.841344819
7,1843773,1000313,1000313,1000312,1001354,1.843197922,1.841279907
7,1835804,1000365,1000365,984792,1001615,1.864154055,1.832843957
7,1843895,1000365,1000365,1000364,1001510,1.843224066,1.841114916
7,1843458,1000104,1000104,1000104,1001302,1.843266300,1.841060939
7,1843758,1000313,1000313,1000260,1001407,1.843278748,1.841167477
7,1817401,1000625,1000625,978905,1001875,1.856565244,1.813999750
7,1843758,1000312,1000312,1000312,1001771,1.843182927,1.840498477
7,1843924,1000416,1000416,1000365,1001510,1.843251213,1.841143873
7,1843237,1000000,1000000,1000000,1001146,1.843237000,1.841127068
7,1835306,1000469,1000469,990417,1001823,1.853063911,1.831966325
7,1843940,1000364,1000364,1000417,1001823,1.843171398,1.840584614
7,1843786,1000312,1000312,1000313,1001406,1.843209076,1.841197277
7,1843229,1000000,1000000,1000000,1001093,1.843229000,1.841216550
7,1824760,1000104,1000104,975364,1001511,1.870850267,1.822006948
7,1843691,1000261,1000261,1000208,1001667,1.843307592,1.840622682
7,1843153,1000000,1000000,999947,1001093,1.843250692,1.841140633
7,1843909,1000364,1000364,1000365,1001459,1.843236219,1.841222656
7,1836524,1000469,1000469,979738,1001718,1.874505225,1.833374263
7,1843213,1000000,1000000,1000000,1001145,1.843213000,1.841104935
7,1843738,1000312,1000312,1000313,1001667,1.843161091,1.840669604
7,1843426,1000156,1000156,1000104,1001250,1.843234304,1.841124594
7,1828534,1000208,1000208,981561,1001667,1.862883713,1.825490907
7,1843515,1000208,1000208,1000156,1001458,1.843227457,1.840831068
7,1844031,1000469,1000469,1000416,1001562,1.843264202,1.841155116
7,1843988,1000469,1000469,1000417,1001615,1.843219378,1.841014761
7,1838362,1000573,1000573,997240,1001666,1.843449922,1.835304383
7,1843926,1000417,1000417,1000365,1001407,1.843253213,1.841335241
7,1844090,1000520,1000520,1000469,1001511,1.843225527,1.841307784
7,1843017,1000208,1000208,1000261,1001250,1.842536098,1.840716105
7,1827372,1000521,1000521,985208,1001822,1.854808325,1.824048583
7,1843763,1000260,1000260,1000313,1001198,1.843186083,1.841556815
7,1843170,1000000,1000000,1000000,1000938,1.843170000,1.841442727
7,1844109,1000468,1000468,1000469,1001406,1.843244518,1.841519823
7,1837388,1000156,1000156,985990,1001198,1.863495573,1.835189443
7,1843401,1000104,1000104,1000104,1000989,1.843209306,1.841579678
7,1844124,1000521,1000521,1000468,1001406,1.843261354,1.841534802
7,1843708,1000313,1000313,1000260,1001146,1.843228761,1.841597529
7,1832597,1000729,1000729,987397,1001927,1.855988017,1.829072378
7,1843929,1000365,1000365,1000416,1001458,1.843162245,1.841244466
7,1844036,1000469,1000469,1000417,1001719,1.843267358,1.840871542
7,1844028,1000469,1000469,1000364,1001458,1.843357018,1.841343321
7,1836697,1000365,1000365,996510,1001406,1.843129522,1.834118230
7,1844028,1000417,1000417,1000417,1001459,1.843259361,1.841341483
7,1843393,1000104,1000104,1000104,1001146,1.843201307,1.841282890
7,1843707,1000261,1000261,1000260,1001302,1.843227761,1.841309615
7,1830164,1000469,1000469,985573,1001771,1.856954279,1.826928510
7,1843332,1000052,1000052,1000052,1001146,1.843236152,1.841221960
7,1843827,1000365,1000365,1000312,1001354,1.843251905,1.841333834
7,1843761,1000313,1000313,1000260,1001354,1.843281747,1.841267923
7,1830796,1000208,1000208,976251,1001562,1.875333290,1.827940757
7,1843789,1000312,1000312,1000261,1001823,1.843307897,1.840433889
7,1843158,999948,999948,999896,1001094,1.843349708,1.841143789
7,1843417,1000105,1000105,1000156,1001250,1.843129472,1.841115605
7,1790495,1000365,1000365,953646,1001875,1.877525832,1.787144105
7,1843620,1000208,1000208,1000260,1001458,1.843140783,1.840935915
7,1843914,1000365,1000365,1000365,1001458,1.843241217,1.841229487
7,1843996,1000416,1000416,1000417,1001511,1.843227374,1.841213926
7,1837440,1000677,1000677,996771,1001875,1.843392314,1.834001248
7,1843437,1000156,1000156,1000208,1001250,1.843053645,1.841135581
7,1843929,1000416,1000416,1000417,1001458,1.843160402,1.841244466
7,1844113,1000469,1000469,1000521,1001771,1.843152717,1.840852850
7,1828752,1000625,1000625,983906,1001979,1.858665360,1.825140048
7,1843310,1000052,1000052,1000052,1001146,1.843214153,1.841199985
7,1843509,1000208,1000208,1000157,1001197,1.843219615,1.841304958
7,1843953,1000416,1000416,1000365,1001459,1.843280203,1.841266592
7,1836485,1000468,1000468,984376,1001615,1.865633660,1.833523859
7,1843702,1000261,1000261,1000260,1001302,1.843222762,1.841304621
7,1843977,1000417,1000417,1000365,1001458,1.843304194,1.841292396
7,1843524,1000209,1000209,1000156,1001198,1.843236455,1.841318101
7,1819142,1000573,1000573,984530,1001927,1.847726326,1.815643255
7,1843353,1000053,1000053,1000156,1001198,1.843065482,1.841147306
7,1842691,1000417,1000417,1000521,1001719,1.841731458,1.839528850
7,1844070,1000469,1000469,1000521,1001666,1.843109740,1.841002889
7,1839339,1000521,1000521,995104,1001927,1.848388711,1.835801411
7,1841996,1000157,1000157,1000156,1001198,1.841708693,1.839791929
7,1843320,1000104,1000104,1000052,1001146,1.843224152,1.841209973
7,1844035,1000468,1000468,1000521,1001563,1.843074758,1.841157271
7,1828783,1000417,1000417,979792,1001562,1.866501257,1.825930896
7,1844082,1000468,1000468,1000469,1001511,1.843217531,1.841299796
7,1844184,1000573,1000573,1000573,1001510,1.843127888,1.841403481
7,1844501,1000729,1000729,1000833,1001823,1.842965809,1.841144593
7,1921032,1000156,1000156,985261,1001146,1.949769655,1.918833017
7,2090862,1000417,1000417,1000417,1001250,2.089990474,2.088251685
7,2093629,1000417,1000417,1000469,1001458,2.092647548,2.090580933
7,2092857,1000000,1000000,1000053,1000833,2.092746084,2.091115101
7,2079369,1000417,1000417,984427,1001562,2.112263276,2.076126091
7,2093596,1000364,1000364,1000417,1001511,2.092723334,2.090437349
7,2093065,1000156,1000156,1000157,1001197,2.092736440,2.090562597
7,2055064,1000208,1000208,1000625,1001667,2.053780387,2.051643910
7,1830971,1000417,1000417,993958,1001719,1.842100974,1.827828962
7,1843228,1000052,1000052,1000000,1001302,1.843228000,1.840831238
7,1843372,1000052,1000052,1000052,1001406,1.843276150,1.840783858
7,1843981,1000417,1000417,1000417,1001510,1.843212380,1.841200787
7,1829310,1000781,1000781,983489,1002188,1.860020803,1.825316208
7,1843808,1000313,1000313,1000313,1001458,1.843231069,1.841123642
7,1844119,1000468,1000468,1000469,1001563,1.843254514,1.841241140
7,1843652,1000261,1000261,1000208,1001354,1.843268600,1.841159071
7,1834279,1000365,1000365,978593,1001562,1.874404374,1.831418325
7,1842485,1000469,1000469,1000365,1001458,1.841812738,1.839802568
7,1843692,1000261,1000261,1000260,1001354,1.843212765,1.841199017
7,1843908,1000365,1000365,1000364,1001406,1.843237062,1.841319105
7,1828423,1000313,1000313,982552,1001562,1.860891841,1.825571457
7,1843796,1000312,1000312,1000313,1001250,1.843219072,1.841494132
7,1843863,1000364,1000364,1000365,1001250,1.843190236,1.841561049
7,1844082,1000469,1000469,1000417,1001406,1.843313338,1.841492861
7,1839452,1000417,1000417,997500,1001459,1.844062155,1.836772149
7,1843395,1000104,1000104,1000157,1001093,1.843105632,1.841382369
7,1843533,1000209,1000209,1000104,1001094,1.843341293,1.841518379
7,1843401,1000104,1000104,1000104,1001094,1.843209306,1.841386523
7,1833815,1000468,1000468,987657,1001511,1.856732651,1.831048286
7,1844530,1000729,1000729,1000781,1001771,1.843090546,1.841269112
7,1834868,1000364,1000364,1000417,1001562,1.834103179,1.832006406
7,1840138,1000469,1000469,1000468,1001458,1.839277218,1.837458985
7,1837196,1000521,1000521,981043,1001615,1.872696712,1.834233713
7,1842349,1000260,1000260,1000313,1001198,1.841772525,1.840144507
7,1843311,1000052,1000052,1000053,1000937,1.843213310,1.841585434
7,1843497,1000156,1000156,1000156,1000990,1.843209459,1.841673743
7,1833063,1000521,1000521,984531,1001614,1.861864177,1.830109204
7,1844107,1000468,1000468,1000469,1001563,1.843242519,1.841229159
7,1844291,1000573,1000573,1000625,1001666,1.843139038,1.841223522
7,1843878,1000365,1000365,1000416,1001458,1.843111266,1.841193540
7,1838679,1000313,1000313,994010,1001406,1.849759057,1.836097447
7,1844126,1000468,1000468,1000469,1001511,1.843261510,1.841343730
7,1843999,1000469,1000469,1000416,1001354,1.843232215,1.841505601
7,1843326,1000052,1000052,1000104,1001094,1.843134314,1.841311605
7,1828779,1000625,1000625,980833,1001719,1.864516182,1.825640724
7,1843884,1000364,1000364,1000365,1001354,1.843211228,1.841390757
7,1844118,1000468,1000468,1000521,1001459,1.843157715,1.841431352
7,1844185,1000521,1000521,1000625,1001667,1.843033104,1.841115860
7,1953100,1000209,1000209,977864,1001302,1.997312510,1.950560370
7,2093532,1000365,1000365,1000364,1001250,2.092770232,2.090918352
7,2093555,1000364,1000364,1000365,1001197,2.092791131,2.091052011
7,2093098,1000157,1000157,1000104,1001094,2.092880340,2.090810653
7,2080575,1000468,1000468,987135,1001407,2.107690437,2.077651744
7,2093833,1000520,1000520,1000521,1001406,2.092742681,2.090893204
7,2092319,1000416,1000416,1000625,1001563,2.091012117,2.089053809
7,2093745,1000416,1000416,1000469,1001458,2.092763494,2.090696764
7,2088352,1000260,1000260,997033,1001145,2.094566579,2.085963572
7,2093849,1000521,1000521,1000521,1001406,2.092758673,2.090909182
7,2092959,1000104,1000104,1000104,1000938,2.092741355,2.090997644
7,2093654,1000365,1000365,1000364,1001250,2.092892187,2.091040200
7,2062631,1000156,1000156,973698,1001146,2.118347783,2.060269931
7,2093710,1000364,1000364,1000365,1001250,2.092946075,2.091096130
7,2045024,1000417,1000417,1000469,1001354,2.044065333,2.042258782
7,1839181,1000313,1000313,1000260,1001146,1.838702937,1.837075711
7,1839456,1000677,1000677,985730,1001718,1.866085033,1.836301234
7,1843370,1000104,1000104,1000105,1000989,1.843176466,1.841548708
7,1843951,1000417,1000417,1000364,1001302,1.843280046,1.841553298
7,1843172,1000521,1000521,1000520,1001354,1.842214049,1.840679720
7,1832872,1000573,1000573,987083,1001511,1.856857022,1.830106709
7,1843302,1000156,1000156,1000104,1001198,1.843110317,1.841096367
7,1843235,1000208,1000208,1000260,1001198,1.842755883,1.841029447
7,1843060,1000000,1000000,1000000,1001094,1.843060000,1.841045896
7,1837218,1000677,1000677,992344,1001875,1.851392259,1.833779663
7,1843206,1000208,1000208,1000209,1001198,1.842820850,1.841000481
7,1843592,1000521,1000521,1000521,1001458,1.842631989,1.840907956
7,1843430,1000104,1000104,1000156,1001146,1.843142470,1.841319847
7,1832145,1000469,1000469,984896,1001614,1.860242097,1.829192683
7,1843398,1000208,1000208,1000208,1001198,1.843014653,1.841192252
7,1843846,1000364,1000364,1000313,1001303,1.843269057,1.841446595
7,1843363,1000104,1000104,1000104,1001042,1.843171310,1.841444215
7,1837190,1000052,1000052,984010,1001302,1.867044034,1.834801089
7,1841542,1000313,1000313,1000313,1001406,1.840965778,1.838956427
7,1844338,1000573,1000573,1000625,1001615,1.843186009,1.841364197
7,1843865,1000469,1000469,1000416,1001458,1.843098271,1.841180559
7,1833221,1000104,1000104,986562,1001302,1.858191376,1.830837250
7,1841921,1000261,1000261,1000260,1001302,1.841442225,1.839525937
7,1843943,1000417,1000417,1000417,1001406,1.843174396,1.841354056
7,1843094,1000052,1000052,1000000,1000990,1.843094000,1.841271142
7,1837906,1000104,1000104,997448,1001250,1.842608336,1.835611486
7,1842976,1000104,1000104,1000052,1000989,1.842880170,1.841155098
7,1843614,1000209,1000209,1000208,1001094,1.843230608,1.841599290
7,1843516,1000156,1000156,1000209,1001145,1.843130786,1.841407588
7,1827923,1000677,1000677,974739,1001771,1.875294823,1.824691471
7,1844114,1000521,1000521,1000469,1001459,1.843249516,1.841427357
7,1842602,999948,999948,1000000,1000885,1.842602000,1.840972739
7,1843708,1000313,1000313,1000260,1001198,1.843228761,1.841501881
7,1837121,1000469,1000469,983178,1001562,1.868553812,1.834255892
7,1844065,1000469,1000469,1000469,1001459,1.843200539,1.841378429
7,1843984,1000521,1000521,1000521,1001407,1.843023785,1.841393160
7,1843886,1000469,1000469,1000416,1001406,1.843119262,1.841297136
7,1826459,1000313,1000313,975990,1001458,1.871391100,1.823799900
7,1841700,1000209,1000209,1000260,1001563,1.841221282,1.838825915
7,1843860,1000364,1000364,1000365,1001458,1.843187237,1.841175566
7,1842946,1000052,1000052,1000052,1001094,1.842850172,1.840932020
7,1835300,1000156,1000156,993072,1001459,1.848103662,1.832626198
7,1844012,1000416,1000416,1000417,1001458,1.843243368,1.841327345
7,1843668,1000312,1000312,1000365,1001354,1.842995307,1.841175049
7,1844088,1000469,1000469,1000468,1001511,1.843225371,1.841305787
7,1823744,1000261,1000261,972707,1001563,1.874916085,1.820897937
7,1843195,1000104,1000104,1000104,1001146,1.843003328,1.841085116
7,1843037,1000000,1000000,1000000,1001041,1.843037000,1.841120394
7,1843952,1000417,1000417,1000416,1001667,1.843185235,1.840883248
7,1830059,1000365,1000365,974687,1001562,1.877586343,1.827204906
7,1843509,1000156,1000156,1000156,1001458,1.843221457,1.840825077
7,1842537,1000052,1000052,1000052,1001146,1.842441193,1.840427870
7,1843885,1000365,1000365,1000364,1001459,1.843214070,1.841198691
7,1827166,1000521,1000521,980468,1002032,1.863565155,1.823460728
7,1843211,1000208,1000208,1000157,1001302,1.842921661,1.840814260
7,1844125,1000521,1000521,1000521,1001615,1.843164711,1.841151540
7,1843366,1000313,1000313,1000312,1001407,1.842791049,1.840776028
7,1835199,1000573,1000573,995677,1001771,1.843167011,1.831954608
7,1843805,1000417,1000417,1000417,1001562,1.843036454,1.840929468
7,1843946,1000521,1000521,1000521,1001927,1.842985804,1.840399550
7,1843586,1000208,1000208,1000209,1001354,1.843200771,1.841093160
7,1828552,1000104,1000104,976302,1001563,1.872936858,1.825698433
7,1843906,1000468,1000468,1000417,1001719,1.843137412,1.840741765
7,1843375,1000105,1000105,1000104,1001145,1.843183309,1.841266750
7,1843376,1000052,1000052,1000104,1001302,1.843184309,1.840979045
7,1836525,1000156,1000156,984218,1001406,1.865973798,1.833946471
7,1843932,1000468,1000468,1000521,1001562,1.842971812,1.841056270
7,1843213,1000000,1000000,1000000,1001146,1.843213000,1.841103096
7,1844092,1000469,1000469,1000521,1001562,1.843131728,1.841216021
7,1826763,1000365,1000365,985311,1001823,1.853996352,1.823438871
7,1843344,1000156,1000156,1000156,1001563,1.843056483,1.840467350
7,1844153,1000521,1000521,1000521,1001562,1.843192697,1.841276925
7,1843168,999948,999948,999947,1001042,1.843265693,1.841249418
7,1838282,1000572,1000572,993230,1001771,1.850811997,1.835032158
7,1843158,1000313,1000313,1000261,1001354,1.842677061,1.840665739
7,1843802,1000312,1000312,1000261,1001406,1.843320893,1.841213254
7,1843561,1000208,1000208,1000157,1001302,1.843271606,1.841163805
7,1802470,1000260,1000260,960991,1001458,1.875636713,1.799845825
7,1843271,1000052,1000052,1000052,1001511,1.843175155,1.840490020
7,1843640,1000312,1000312,1000365,1001458,1.842967317,1.840955886
7,1843688,1000260,1000260,1000208,1001667,1.843304593,1.840619687
7,1835288,1000364,1000364,980313,1001770,1.872144917,1.832045280
7,1843191,1000000,1000000,999948,1001198,1.843286851,1.840985499
7,1842770,1000000,1000000,1000000,1001042,1.842770000,1.840851832
7,1843867,1000468,1000468,1000469,1001510,1.843002632,1.841086959
7,1816406,1000417,1000417,972812,1001719,1.867170635,1.813288956
7,1843554,1000208,1000208,1000209,1001458,1.843168778,1.840870012
7,1843680,1000260,1000260,1000208,1001406,1.843296594,1.841091425
7,1842910,1000261,1000261,1000208,1001459,1.842526754,1.840225112
7,1837073,1000157,1000157,994375,1001355,1.847464991,1.834587134
7,1843248,1000312,1000312,1000313,1001562,1.842671244,1.840373337
7,1843542,1000312,1000312,1000313,1001406,1.842965152,1.840953619
7,1843424,1000104,1000104,1000105,1001302,1.843230461,1.841026983
7,1829978,1000000,1000000,984636,1001354,1.858532493,1.827503560
7,1843747,1000260,1000260,1000208,1001302,1.843363580,1.841349563
7,1842294,999948,999948,999948,1000990,1.842389804,1.840471933
7,1843886,1000365,1000365,1000417,1001406,1.843117420,1.841297136
7,1835680,1000156,1000156,983699,1001406,1.866099284,1.833102658
7,1843824,1000365,1000365,1000312,1001458,1.843248906,1.841139618
7,1843511,1000157,1000157,1000104,1001302,1.843319295,1.841113870
7,1843662,1000261,1000261,1000260,1001667,1.843182772,1.840593730
7,1823808,1000312,1000312,977447,1001927,1.865889404,1.820300281
7,1844013,1000469,1000469,1000364,1001615,1.843342024,1.841039721
7,1843954,1000416,1000416,1000417,1001562,1.843185392,1.841078236
7,1843319,1000052,1000052,1000104,1001198,1.843127315,1.841113346
7,1836951,1000417,1000417,995834,1001667,1.844635753,1.833893899
7,1843951,1000364,1000364,1000417,1001458,1.843182393,1.841266434
7,1843362,1000104,1000104,1000052,1001198,1.843266150,1.841156295
7,1843444,1000156,1000156,1000105,1001250,1.843250459,1.841142572
7,1802297,983594,983594,973542,1001250,1.851278116,1.800046941
7,1844139,1000521,1000521,1000469,1001614,1.843274504,1.841167356
7,1843367,1000104,1000104,1000104,1001198,1.843175310,1.841161289
7,1856379,1011719,1011719,997917,1012969,1.860253909,1.832611857
7,1843981,1000417,1000417,1000416,1001563,1.843214223,1.841103355
7,1841362,1000052,1000052,999948,1001146,1.841457756,1.839254215
7,1843167,999948,999948,999948,1001094,1.843262850,1.841152779
7,1834475,1000000,1000000,990000,1001250,1.853005051,1.832184769
7,1833402,1000364,1000364,989010,1001510,1.853774987,1.830637737
7,1843997,1000469,1000469,1000417,1001563,1.843228374,1.841119330
7,1844018,1000417,1000417,1000416,1001562,1.843251207,1.841142136
7,1835697,1000000,1000000,996354,1001250,1.842414443,1.833405243
7,1844030,1000469,1000469,1000417,1001563,1.843261360,1.841152279
7,1844106,1000469,1000469,1000469,1001614,1.843241520,1.841134409
7,1843682,1000261,1000261,1000208,1001406,1.843298594,1.841093423
7,1835192,1000417,1000417,988646,1001667,1.856268068,1.832137826
7,1812806,1000313,1000313,971562,1001511,1.865867541,1.810070983
7,1843252,1000000,1000000,1000000,1001146,1.843252000,1.841142051
7,1843872,1000364,1000364,1000417,1001563,1.843103426,1.840994526
7,1835685,1000312,1000312,983645,1001510,1.866206812,1.832917295
7,1843165,1000000,1000000,999895,1001303,1.843358553,1.840766481
7,1843179,1000000,1000000,1000000,1001250,1.843179000,1.840877903
7,1844041,1000469,1000469,1000416,1001511,1.843274198,1.841258858
7,1837101,1000365,1000365,991980,1001511,1.851953668,1.834329328
7,1837056,1000208,1000208,992761,1001406,1.850451418,1.834476726
7,1843896,1000364,1000364,1000365,1001354,1.843223224,1.841402741
7,1843428,1000104,1000104,1000052,1001094,1.843332147,1.841413494
7,1838760,1000416,1000416,997656,1001458,1.843080180,1.836082991
7,1843472,1000156,1000156,1000105,1001094,1.843278456,1.841457446
7,1844129,1000520,1000520,1000469,1001406,1.843264509,1.841539795
7,1843378,1000104,1000104,1000104,1000989,1.843186309,1.841556700
7,1838722,1000365,1000365,993489,1001354,1.850772379,1.836235737
7,1836843,1000000,1000000,994531,1000989,1.846943936,1.835028157
7,1842776,1000521,1000521,1000469,1001459,1.841912143,1.840091307
7,1843608,1000208,1000208,1000208,1001093,1.843224609,1.841595137
7,1834089,1000417,1000417,986301,1001459,1.859563156,1.831416963
7,1843308,1000052,1000052,1000104,1001041,1.843116316,1.841391112
7,1844096,1000521,1000521,1000468,1001406,1.843233367,1.841506841
7,1843487,1000156,1000156,1000156,1001042,1.843199461,1.841568086
7,1837422,1004479,1004479,988802,1005416,1.858230465,1.827524129
7,1843903,1000365,1000365,1000365,1001406,1.843230221,1.841314112
7,1843186,1000000,1000000,1000000,1000937,1.843186000,1.841460551
7,1844069,1000521,1000521,1000416,1001354,1.843302186,1.841575507
7,1839346,1000156,1000156,997499,1001198,1.843957738,1.837145100
7,1844059,1000469,1000469,1000416,1001354,1.843292190,1.841565520
7,1843744,1000260,1000260,1000312,1001250,1.843168931,1.841442197
7,1844002,1000468,1000468,1000417,1001458,1.843233372,1.841317359
7,1831389,1000312,1000312,988229,1001302,1.853203053,1.829007632
7,1842276,1000261,1000261,1000208,1001250,1.841892886,1.839976030
7,1843979,1000417,1000417,1000416,1001302,1.843212224,1.841581261
7,1843587,1000208,1000208,1000157,1001094,1.843297602,1.841572320
7,1837066,1000209,1000209,985051,1001145,1.864945064,1.834964965
7,1843386,1000104,1000104,1000104,1001042,1.843194308,1.841467191
7,1843587,1000208,1000208,1000209,1001146,1.843201771,1.841476668
7,1843439,1000104,1000104,1000156,1001094,1.843151468,1.841424482
7,1831272,1000364,1000364,987345,1001302,1.854743783,1.828890784
7,1843591,1000208,1000208,1000209,1001094,1.843205770,1.841576316
7,1843236,1000000,1000000,1000000,1000989,1.843236000,1.841414841
7,1843873,1000364,1000364,1000313,1001406,1.843296048,1.841284154
7,1839177,1000104,1000104,997031,1001146,1.844653777,1.837071716
7,1843210,1000000,1000000,1000053,1000937,1.843112315,1.841484529
7,1843209,1000000,1000000,1000000,1000938,1.843209000,1.841481690
7,1843434,1000104,1000104,1000156,1001093,1.843146469,1.841421326
7,1832001,1000313,1000313,984426,1001511,1.860983964,1.829237023
7,1843443,1000156,1000156,1000104,1001250,1.843251302,1.841141573
7,1831935,1000260,1000260,1000261,1001354,1.831456990,1.829457914
7,1844160,1000573,1000573,1000834,1002083,1.842623252,1.840326600
7,1834472,1000364,1000364,977344,1001666,1.876997250,1.831420853
7,1842333,1000468,1000468,1000521,1001771,1.841373644,1.839075996
7,1843818,1000313,1000313,1000365,1001667,1.843145252,1.840749471
7,1843896,1000365,1000365,1000364,1001562,1.843225066,1.841020326
7,1776360,1000365,1000365,934947,1001563,1.899957966,1.773587882
7,1843215,1000000,1000000,1000000,1001198,1.843215000,1.841009471
7,1844304,1000625,1000625,1000573,1001614,1.843247819,1.841332090
7,1843474,1000156,1000156,1000156,1001146,1.843186463,1.841363797
7,1838592,1000208,1000208,995210,1001198,1.847441244,1.836392002
7,1844514,1000729,1000729,1000781,1001823,1.843074559,1.841157570
7,1844490,1000678,1000678,1000781,1001771,1.843050577,1.841229183
7,1843736,1000313,1000313,1000364,1001406,1.843065124,1.841147347
7,1832181,1000104,1000104,984844,1001146,1.860376872,1.830083724
7,1843498,1000156,1000156,1000156,1001146,1.843210459,1.841387770
7,1843464,1000156,1000156,1000156,1001146,1.843176464,1.841353809
7,1843431,1000105,1000105,1000156,1001093,1.843143470,1.841418330
7,1851388,1000260,1000260,980312,1001250,1.888570169,1.849076654
7,2089763,1000208,1000208,1000209,1001042,2.089326331,2.087587734
7,2093932,1000573,1000573,1000729,1001615,2.092406636,2.090555752
7,2092856,1000365,1000365,1000417,1001355,2.091983643,2.090024017
7,2081138,1000677,1000677,985416,1001615,2.111938511,2.077782381
7,2093556,1000364,1000364,1000365,1001302,2.092792131,2.090833734
7,2092949,1000052,1000052,1000052,1000990,2.092840172,2.090879030
7,2093034,1000104,1000104,1000104,1000989,2.092816347,2.090966035
7,2087272,1000416,1000416,996562,1001354,2.094472797,2.084449655
7,2093531,1000364,1000364,1000365,1001250,2.092767140,2.090917353
7,2093106,1000157,1000157,1000156,1000990,2.092779526,2.091035874
7,1823814,1000313,1000313,1000312,1001146,1.823245148,1.821726302
7,1831068,1000313,1000313,984062,1001458,1.860724223,1.828402190
7,1842975,1000208,1000208,1000208,1001146,1.842591741,1.840865368
7,1843113,1000000,1000000,999948,1000938,1.843208847,1.841385780
7,1844113,1000520,1000520,1000521,1001406,1.843152717,1.841523818
7,1836062,1000416,1000416,977917,1001458,1.877523348,1.833388919
7,1843555,1000156,1000156,1000208,1001198,1.843171620,1.841349064
7,1844056,1000469,1000469,1000468,1001354,1.843193385,1.841562524
7,1843348,1000104,1000104,1000052,1001042,1.843252151,1.841429231
7,1834369,1000364,1000364,987709,1001511,1.857195793,1.831601450
7,1844520,1000677,1000677,1000781,1001823,1.843080554,1.841163559
7,1832212,1000677,1000677,1000729,1001771,1.830877290,1.828972889
7,1842856,1000208,1000208,1000261,1001302,1.842375140,1.840459721
7,1838872,1000364,1000364,991510,1001354,1.854617704,1.836385534
7,1843852,1000365,1000365,1000364,1001406,1.843181082,1.841263184
7,1843265,1000052,1000052,1000052,1000938,1.843169155,1.841537638
7,1844132,1000521,1000521,1000469,1001459,1.843267508,1.841445331
7,1833662,1000469,1000469,986614,1001458,1.858540422,1.830992413
7,1843547,1000208,1000208,1000156,1001146,1.843259452,1.841436714
7,1843875,1000417,1000417,1000521,1001614,1.842914841,1.840903781
7,1844150,1000521,1000521,1000625,1001615,1.842998126,1.841176500
7,1869260,1000364,1000364,977241,1001250,1.912793262,1.866926342
7,2091859,1000521,1000521,1000573,1001354,2.090661051,2.089030453
7,2092764,1000312,1000312,1000313,1001302,2.092109170,2.090042764
7,2092871,1000052,1000052,1000052,1000938,2.092762176,2.090909727
7,2074452,1000260,1000260,982032,1001198,2.112407742,2.071969780
7,2093789,1000469,1000469,1000521,1001459,2.092698704,2.090738612
7,2093108,1000157,1000157,1000156,1000990,2.092781526,2.091037873
7,2093495,1000312,1000312,1000365,1001406,2.092731153,2.090555679
7,2086002,1000052,1000052,994166,1000937,2.098243151,2.084049246
7,2093341,1000260,1000260,1000313,1001198,2.092685989,2.090836178
7,2093437,1000312,1000312,1000313,1001250,2.092781959,2.090823471
7,2093231,1000157,1000157,1000156,1001042,2.092904507,2.091052124
7,2078452,1000261,1000261,984166,1001407,2.111891693,2.075531727
7,2092858,1000000,1000000,1000000,1000833,2.092858000,2.091116100
7,1880520,1000417,1000417,1000469,1001250,1.879638450,1.878172285
7,1843686,1000260,1000260,1000261,1001094,1.843204924,1.841671212
7,1835650,1000313,1000313,984219,1001354,1.865082873,1.833167891
7,1842599,1000520,1000520,1000521,1001354,1.841639506,1.840107494
7,1843075,1000052,1000052,1000000,1000989,1.843075000,1.841254000
7,1843576,1000209,1000209,1000208,1001094,1.843192616,1.841561332
7,1799574,1000573,1000573,959426,1001718,1.875677749,1.796487634
7,1843118,999948,999948,999896,1000937,1.843309704,1.841392615
7,1844064,1000573,1000573,1000520,1001458,1.843105585,1.841379269
7,1843447,1000208,1000208,1000208,1001146,1.843063643,1.841336828
7,1839744,1000416,1000416,995885,1001458,1.847345828,1.837065558
7,1843497,1000261,1000261,1000260,1001250,1.843017815,1.841195506
7,1843496,1000156,1000156,1000104,1001094,1.843304296,1.841481419
7,1843997,1000468,1000468,1000417,1001303,1.843228374,1.841597399
7,1830297,1000416,1000416,987292,1001563,1.853855800,1.827440710
7,1843580,1000313,1000313,1000260,1001250,1.843100794,1.841278402
7,1843212,1000000,1000000,1000052,1000937,1.843116158,1.841486527
7,1843782,1000313,1000313,1000312,1001250,1.843206919,1.841480150
7,1834892,1000365,1000365,981354,1001562,1.869755460,1.832030369
7,1843605,1000417,1000417,1000417,1001510,1.842836537,1.840825354
7,1844001,1000573,1000573,1000521,1001510,1.843040776,1.841220757
7,1843473,1000156,1000156,1000104,1001250,1.843281299,1.841171536
7,1830837,1000261,1000261,986355,1001458,1.856164363,1.828171526
7,1843315,1000052,1000052,1000052,1001041,1.843219153,1.841398105
7,1843612,1000312,1000312,1000313,1001407,1.843035130,1.841021682
7,1843526,1000156,1000156,1000209,1001093,1.843140784,1.841513226
7,1840075,1000469,1000469,996145,1001563,1.847195940,1.837203451
7,1843412,1000104,1000104,1000104,1001041,1.843220305,1.841495004
7,1843741,1000313,1000313,1000260,1001198,1.843261752,1.841534841
7,1843923,1000365,1000365,1000416,1001354,1.843156247,1.841429704
7,1832372,1000417,1000417,986718,1001562,1.857037168,1.829514299
7,1843520,1000365,1000365,1000312,1001562,1.842945001,1.840644913
7,1844164,1000521,1000521,1000469,1001510,1.843299493,1.841383511
7,1843246,1000104,1000104,1000104,1001094,1.843054322,1.841231693
7,1835449,1000417,1000417,976562,1001823,1.879500738,1.832109065
7,1843308,1000052,1000052,1000000,1001302,1.843308000,1.840911134
7,1843382,1000104,1000104,1000104,1001146,1.843190308,1.841271902
7,1843746,1000313,1000313,1000260,1001354,1.843266751,1.841252944
7,1819035,1000417,1000417,976980,1001771,1.861895842,1.815819184
7,1839874,999948,999948,999948,1001094,1.839969678,1.837863377
7,1844178,1000521,1000521,1000521,1001770,1.843217684,1.840919572
7,1843331,1000052,1000052,1000052,1001302,1.843235152,1.840934104
7,1834722,1000260,1000260,988804,1001563,1.855496135,1.831858805
7,1843335,1000105,1000105,1000052,1001302,1.843239152,1.840938099
7,1843235,1000000,1000000,999948,1001042,1.843330853,1.841316348
7,1843877,1000365,1000365,1000364,1001407,1.843206073,1.841286310
7,1827021,1000469,1000469,979583,1001823,1.865100762,1.823696401
7,1843995,1000469,1000469,1000416,1001614,1.843228217,1.841023588
7,1844130,1000520,1000520,1000521,1001511,1.843169709,1.841347724
7,1842971,1000208,1000208,1000156,1001198,1.842683541,1.840765763
7,1834270,1000625,1000625,978437,1001928,1.874694027,1.830740333
7,1843376,1000104,1000104,1000104,1001354,1.843184309,1.840883444
7,1843499,1000157,1000157,1000156,1001146,1.843211459,1.841388768
7,1843542,1000156,1000156,1000156,1001146,1.843254452,1.841431719
7,1826684,1000364,1000364,983751,1001719,1.856856054,1.823549319
7,1843330,1000052,1000052,1000052,1001198,1.843234152,1.841124333
7,1844113,1000521,1000521,1000469,1001562,1.843248516,1.841236988
7,1843267,1000000,1000000,1000052,1001094,1.843171155,1.841252670
7,1837264,1000365,1000365,996561,1001458,1.843604155,1.834589169
7,1843432,1000104,1000104,1000156,1001146,1.843144469,1.841321845
7,1843483,1000156,1000156,1000156,1001146,1.843195462,1.841372787
7,1843424,1000104,1000104,1000156,1001355,1.843136471,1.840929540
7,1830330,1000312,1000312,984114,1001667,1.859875990,1.827283918
7,1843919,1000364,1000364,1000365,1001406,1.843246215,1.841330090
7,1843906,1000365,1000365,1000364,1001459,1.843235062,1.841219661
7,1843821,1000365,1000365,1000312,1001407,1.843245907,1.841230389
7,1836649,1000260,1000260,984010,1001459,1.866494243,1.833973233
7,1843808,1000312,1000312,1000261,1001458,1.843326892,1.841123642
7,1844085,1000521,1000521,1000468,1001615,1.843222372,1.841111605
7,1844007,1000469,1000469,1000417,1001562,1.843238370,1.841131153
7,1829450,1000417,1000417,983489,1001927,1.860163154,1.825931430
7,1843956,1000417,1000417,1000417,1001927,1.843187391,1.840409531
7,1843204,1000000,1000000,1000000,1001458,1.843204000,1.840520521
7,1843749,1000260,1000260,1000313,1001458,1.843172087,1.841064728
7,1835192,1000521,1000521,993437,1001771,1.847315934,1.831947621
7,1844234,1000573,1000573,1000521,1001667,1.843273654,1.841164778
7,1844089,1000469,1000469,1000469,1001614,1.843224528,1.841117436
7,1843649,1000260,1000260,1000209,1001354,1.843263758,1.841156075
7,1790306,1000260,1000260,953490,1001823,1.877634794,1.787048211
7,1843332,1000104,1000104,1000052,1001250,1.843236152,1.841030712
7,1843512,1000156,1000156,1000156,1001615,1.843224457,1.840539529
7,1843360,1000053,1000053,1000104,1001250,1.843168310,1.841058677
7,1836683,1000469,1000469,981615,1001979,1.871082858,1.833055383
7,1843489,1000156,1000156,1000156,1001614,1.843201461,1.840518403
7,1844059,1000469,1000469,1000468,1001563,1.843196384,1.841181234
7,1843389,1000104,1000104,1000052,1001250,1.843293149,1.841087640
7,1827078,1000469,1000469,982345,1001927,1.859914796,1.823563992
7,1843800,1000312,1000312,1000312,1001511,1.843224914,1.841018221
7,1843200,1000000,1000000,999948,1001094,1.843295851,1.841185743
7,1843629,1000208,1000208,1000261,1001354,1.843147938,1.841136102
7,1836355,1000104,1000104,995469,1001302,1.844713396,1.833967175
7,1843909,1000365,1000365,1000364,1001458,1.843238061,1.841224495
7,1843179,999948,999948,999948,1001406,1.843274850,1.840591129
7,1843215,1000000,1000000,1000052,1001094,1.843119158,1.841200726
7,1827974,1000261,1000261,981667,1001718,1.862112101,1.824838927
7,1843071,999895,999895,999896,1001146,1.843262699,1.840961258
7,1843866,1000365,1000365,1000365,1001458,1.843193234,1.841181557
7,1843179,1000000,1000000,1000000,1001146,1.843179000,1.841069135
7,1834338,1000625,1000625,983490,1001875,1.865131318,1.830905053
7,1843804,1000313,1000313,1000313,1001406,1.843227070,1.841215251
7,1844125,1000521,1000521,1000469,1001615,1.843260511,1.841151540
7,1843872,1000365,1000365,1000364,1001459,1.843201075,1.841185710
7,1825118,1000678,1000678,983333,1001927,1.856052833,1.821607762
7,1843892,1000365,1000365,1000364,1001823,1.843221068,1.840536702
7,1843692,1000260,1000260,1000260,1001406,1.843212765,1.841103409
7,1843442,1000104,1000104,1000104,1001250,1.843250302,1.841140574
7,1836557,1000365,1000365,995780,1001563,1.844340115,1.833690941
7,1844279,1000573,1000573,1000573,1001667,1.843222833,1.841209703
7,1844078,1000469,1000469,1000469,1001562,1.843213533,1.841202042
7,1844036,1000417,1000417,1000416,1001563,1.843269200,1.841158270
7,1826606,1000313,1000313,981041,1001822,1.861905873,1.823283977
7,1844006,1000468,1000468,1000417,1001614,1.843237370,1.841034570
7,1843190,999948,999948,999948,1001146,1.843285851,1.841080122
7,1843934,1000417,1000417,1000417,1001823,1.843165400,1.840578625
7,1827262,1000105,1000105,975990,1001354,1.872213855,1.824791233
7,1843451,1000104,1000104,1000105,1001250,1.843257458,1.841149563
7,1843822,1000365,1000365,1000313,1001562,1.843245064,1.840946442
7,1843468,1000156,1000156,1000157,1001198,1.843178621,1.841262168
7,1828361,1000313,1000313,979792,1001562,1.866070554,1.825509554
7,1843686,1000260,1000260,1000208,1001302,1.843302593,1.841288642
7,1843170,1000000,1000000,999947,1000990,1.843267693,1.841347066
7,1843743,1000261,1000261,1000312,1001406,1.843167932,1.841154337
7,1839208,1000313,1000313,993750,1001458,1.850775346,1.836530339
7,1843935,1000417,1000417,1000365,1001511,1.843262209,1.841153018
7,1843432,1000156,1000156,1000104,1001094,1.843240303,1.841417489
7,1843721,1000312,1000312,1000209,1001250,1.843335743,1.841419226
7,1827524,1000105,1000105,985104,1001250,1.855158440,1.825242447
7,1844150,1000521,1000521,1000521,1001406,1.843189698,1.841560766
7,1843861,1000364,1000364,1000365,1001250,1.843188236,1.841559051
7,1843509,1000156,1000156,1000156,1001198,1.843221457,1.841303119
7,1836364,1000313,1000313,986875,1001354,1.860786827,1.833880925
7,1843934,1000417,1000417,1000365,1001302,1.843261210,1.841536320
7,1844089,1000469,1000469,1000469,1001406,1.843224528,1.841499851
7,1843820,1000365,1000365,1000260,1001302,1.843340731,1.841422468
7,1830159,1000417,1000417,986614,1001719,1.854989895,1.827018355
7,1843607,1000261,1000261,1000156,1001354,1.843319442,1.841114131
7,1844053,1000417,1000417,1000468,1001459,1.843190387,1.841366446
7,1843401,1000104,1000104,1000104,1001146,1.843209306,1.841290881
7,1838239,1000469,1000469,996927,1001615,1.843905321,1.835275031
7,1843718,1000261,1000261,1000260,1001302,1.843238758,1.841320601
7,1843799,1000313,1000313,1000312,1001354,1.843223914,1.841305872
7,1843399,1000105,1000105,1000052,1001145,1.843303148,1.841290722
7,1828564,1000417,1000417,985311,1001719,1.855824202,1.825426093
7,1843259,1000052,1000052,1000000,1001042,1.843259000,1.841340323
7,1843490,1000156,1000156,1000156,1001406,1.843202460,1.840901692
7,1843511,1000156,1000156,1000156,1001198,1.843223457,1.841305116
7,1833474,1000573,1000573,981667,1001823,1.867714816,1.830137659
7,1844124,1000521,1000521,1000469,1001615,1.843259511,1.841150542
7,1843277,1000052,1000052,1000052,1001146,1.843181155,1.841167023
7,1843567,1000208,1000208,1000209,1001302,1.843181775,1.841169797
7,1829233,1000364,1000364,982397,1001927,1.862009961,1.825714847
7,1843554,1000208,1000208,1000208,1001354,1.843170621,1.841061203
7,1843684,1000261,1000261,1000260,1001406,1.843204767,1.841095420
7,1843357,1000104,1000104,1000104,1001198,1.843165311,1.841151301
7,1835221,1000469,1000469,996822,1001875,1.841071927,1.831786400
7,1844101,1000469,1000469,1000468,1001563,1.843238364,1.841223168
7,1844038,1000468,1000468,1000469,1001562,1.843173552,1.841162105
7,1843888,1000365,1000365,1000364,1001510,1.843217069,1.841107927
7,1795098,1000209,1000209,958281,1001511,1.873248035,1.792389699
7,1843616,1000208,1000208,1000209,1001354,1.843230765,1.841123119
7,1843756,1000312,1000312,1000261,1001354,1.843274905,1.841262930
7,1843178,1000000,1000000,999948,1001041,1.843273850,1.841261247
7,1835082,1000573,1000573,982605,1001980,1.867568351,1.831455718
7,1844332,1000521,1000521,1000521,1001614,1.843371603,1.841360045
7,1843938,1000417,1000417,1000365,1001771,1.843265208,1.840678159
7,1843117,999948,999948,999948,1001094,1.843212847,1.841102834
7,1776141,1000104,1000104,946668,1001250,1.876202639,1.773923596
7,1843439,1000104,1000104,1000105,1001354,1.843245459,1.840946359
7,1844172,1000521,1000521,1000521,1001458,1.843211687,1.841487112
7,1844054,1000469,1000469,1000469,1001406,1.843189544,1.841464900
7,1837468,1000104,1000104,996095,1001146,1.844671442,1.835364672
7,1844002,1000416,1000416,1000469,1001354,1.843137568,1.841508597
7,1843756,1000260,1000260,1000261,1001250,1.843274905,1.841454182
7,1843880,1000364,1000364,1000365,1001302,1.843207229,1.841482390
7,1831235,1000521,1000521,986875,1001562,1.855589614,1.828379072
7,1844180,1000521,1000521,1000625,1001770,1.843028107,1.840921569
7,1843997,1000417,1000417,1000469,1001615,1.843132571,1.841023747
7,1844592,1000781,1000781,1000886,1002239,1.842959138,1.840471185
7,1824856,1000573,1000573,978645,1001980,1.864676159,1.821249925
7,1842941,1000781,1000781,1000834,1002031,1.841405268,1.839205573
7,1843938,1000417,1000417,1000364,1001615,1.843267051,1.840964842
7,1843343,1000052,1000052,1000052,1001250,1.843247151,1.841041698
7,1825600,1000261,1000261,978020,1001615,1.866628494,1.822656410
7,1844153,1000521,1000521,1000520,1001563,1.843194539,1.841275087
7,1844002,1000469,1000469,1000417,1001406,1.843233372,1.841412973
7,1843653,1000208,1000208,1000209,1001250,1.843267757,1.841351311
7,1839070,1000365,1000365,995520,1001614,1.847346111,1.836106524
7,1843834,1000365,1000365,1000312,1001303,1.843258903,1.841434611
7,1844116,1000521,1000521,1000573,1001667,1.843059927,1.841046975
7,1844132,1000521,1000521,1000625,1001614,1.842980137,1.841160367
7,1820456,1000573,1000573,975260,1001667,1.866636589,1.817426350
7,1843731,1000312,1000312,1000313,1001250,1.843154093,1.841429213
7,1844076,1000468,1000468,1000469,1001406,1.843211534,1.841486869
7,1843790,1000312,1000312,1000313,1001250,1.843213074,1.841488140
7,2009900,1000520,1000520,976718,1001666,2.057809931,2.006557076
7,2093147,1000208,1000208,1000260,1001146,2.092602923,2.090750999
7,2091963,1000260,1000260,1000313,1001146,2.091308420,2.089568355
7,2093236,1000208,1000208,1000156,1001094,2.092909506,2.090948502
7,2082824,1000365,1000365,987501,1001250,2.109186725,2.080223720
7,2093231,1000209,1000209,1000208,1001145,2.092795698,2.090836992
7,2093697,1000416,1000416,1000521,1001510,2.092606752,2.090540284
7,2093582,1000364,1000364,1000365,1001198,2.092818121,2.091076890
7,2087558,1000157,1000157,995624,1001198,2.096733305,2.085060098
7,2093126,1000156,1000156,1000156,1001198,2.092799523,2.090621436
7,1956619,1000156,1000156,1000209,1001146,1.956210152,1.954379281
7,1843805,1000312,1000312,1000313,1001302,1.843228070,1.841407487
7,1829313,1000104,1000104,986979,1001146,1.853446730,1.827219007
7,1843359,1000469,1000469,1000469,1001614,1.842494870,1.840388613
7,1844151,1000521,1000521,1000469,1001563,1.843286499,1.841273090
7,1844006,1000417,1000417,1000417,1001510,1.843237370,1.841225749
7,1832431,1000208,1000208,975365,1001511,1.878713097,1.829666374
7,1843733,1000208,1000208,1000261,1001198,1.843251911,1.841526851
7,1843436,1000104,1000104,1000052,1001146,1.843340146,1.841325841
7,1843991,1000417,1000417,1000364,1001458,1.843320032,1.841306375
7,1832024,1000208,1000208,983438,1001354,1.862876968,1.829546794
7,1843318,1000052,1000052,1000052,1001250,1.843222152,1.841016729
7,1843346,1000052,1000052,1000052,1001094,1.843250151,1.841331583
7,1843401,1000104,1000104,1000157,1001146,1.843111631,1.841290881
7,1834543,1000520,1000520,989168,1001718,1.854632378,1.831396661
7,1843464,1000157,1000157,1000156,1001094,1.843176464,1.841449454
7,1843284,1000000,1000000,1000053,1001042,1.843186311,1.841365297
7,1843901,1000365,1000365,1000417,1001355,1.843132414,1.841405895
7,1831354,1000417,1000417,988697,1001615,1.852290439,1.828401132
7,1843331,1000052,1000052,1000052,1001094,1.843235152,1.841316600
7,1844085,1000468,1000468,1000521,1001510,1.843124732,1.841304630
7,1843446,1000104,1000104,1000157,1001250,1.843156624,1.841144569
7,1838133,1000520,1000520,984635,1001718,1.866816638,1.834980503
7,1842283,1000261,1000261,1000260,1001354,1.841804131,1.839791922
7,1843871,1000364,1000364,1000365,1001354,1.843198233,1.841377774
7,1843497,1000156,1000156,1000157,1001145,1.843207616,1.841388610
7,1828109,1000105,1000105,979895,1001198,1.865617234,1.825921546
7,1843727,1000261,1000261,1000313,1001198,1.843150094,1.841520858
7,1843869,1000365,1000365,1000313,1001302,1.843292050,1.841471404
7,1843949,1000417,1000417,1000417,1001407,1.843180394,1.841358209
7,1839906,1000573,1000573,995260,1001667,1.848668690,1.836843981
7,1831454,1000729,1000729,1000781,1001719,1.830024751,1.828311133
7,1843998,1000417,1000417,1000417,1001406,1.843229373,1.841408979
7,1850042,1007292,1007292,998698,1008282,1.852453895,1.834845807
7,1837484,1000104,1000104,992759,1001093,1.850886267,1.835477823
7,1842654,1000520,1000520,1000469,1001458,1.841790200,1.839971322
7,1844076,1000469,1000469,1000469,1001406,1.843211534,1.841486869
7,1836010,1000469,1000469,978959,1001458,1.875471802,1.833336995
7,2048446,1000261,1000261,1000260,1001250,2.047913542,2.045888639
7,2093871,1000521,1000521,1000729,1001771,2.092345680,2.090169310
7,2091942,999896,999896,999896,1000782,2.092159585,2.090307380
7,2087372,1000313,1000313,993594,1001302,2.100829916,2.084657776
7,2071473,1000208,1000208,984739,1001198,2.103575668,2.068994345
7,2092878,1000052,1000052,1000000,1000937,2.092878000,2.090918809
7,2093188,1000208,1000208,1000157,1001042,2.092859421,2.091009168
7,2087493,1000156,1000156,995105,1001042,2.097761543,2.085320096
7,2092850,1000000,1000000,1000000,1000885,2.092850000,2.090999465
7,2002415,1000312,1000312,1000365,1001354,2.001684385,1.999707396
7,1840235,1000156,1000156,1000105,1001094,1.840041796,1.838223983
7,1836688,1000261,1000261,988957,1001302,1.857197027,1.834299742
7,1837336,1000313,1000313,994739,1001355,1.847053348,1.834849779
7,1844137,1000521,1000521,1000521,1001407,1.843176705,1.841545945
7,1843357,1000052,1000052,1000052,1001093,1.843261150,1.841344411
7,1836541,1000365,1000365,982760,1001406,1.868758395,1.833962449
7,1843540,1000209,1000209,1000156,1001198,1.843252453,1.841334082
7,1844220,1000521,1000521,1000521,1001511,1.843259662,1.841437588
7,1843244,1000104,1000104,1000104,1001094,1.843052323,1.841229695
7,1838578,1000625,1000625,992552,1001667,1.852374485,1.835518191
7,1839463,1000208,1000208,996303,1001250,1.846288729,1.837166542
7,1843586,1000208,1000208,1000209,1001146,1.843200771,1.841475669
7,1843809,1000312,1000312,1000313,1001302,1.843232068,1.841411482
7,1840008,1000573,1000573,997864,1001563,1.843946670,1.837136556
7,1844582,1000781,1000781,1000834,1001771,1.843044901,1.841321020
7,1830729,1000260,1000260,1000365,1001354,1.830061028,1.828253545
7,1844232,1000573,1000573,1000625,1001614,1.843080075,1.841260206
7,1838729,1000365,1000365,992032,1001406,1.853497669,1.836147377
7,1838836,1000209,1000209,995729,1001198,1.846723355,1.836635710
7,1843691,1000261,1000261,1000312,1001302,1.843115948,1.841293636
7,1843723,1000261,1000261,1000312,1001146,1.843147938,1.841612512
7,1825833,1000469,1000469,978697,1001458,1.865575352,1.823174811
7,2081413,1000417,1000417,1000416,1001406,2.080547492,2.078490642
7,2093473,1000313,1000313,1000312,1001198,2.092820040,2.090968020
7,2092950,1000104,1000104,1000104,1000989,2.092732356,2.090882118
7,2083344,1001198,1001198,986824,1002031,2.111160653,2.079121305
7,2093367,1000261,1000261,1000260,1001250,2.092822866,2.090753558
7,2093098,1000104,1000104,1000105,1000937,2.092878248,2.091138603
7,2093038,1000104,1000104,1000104,1000938,2.092820347,2.091076570
7,2087370,1000052,1000052,995260,1000990,2.097311255,2.085305548
7,2092942,1000104,1000104,1000000,1000885,2.092942000,2.091091384
7,1865980,1000312,1000312,1000313,1001198,1.865396131,1.863747231
7,1843523,1000156,1000156,1000157,1001146,1.843233612,1.841412741
7,1830210,1000573,1000573,979948,1001667,1.867660325,1.827164117
7,1843334,1000104,1000104,1000052,1001250,1.843238152,1.841032709
7,1841857,1000157,1000157,1000208,1001406,1.841473973,1.839270985
7,1843607,1000312,1000312,1000365,1001354,1.842934329,1.841114131
7,1810778,991406,991406,957917,1001354,1.890328703,1.808329522
7,1842973,1000365,1000365,1000313,1001771,1.842396330,1.839714865
7,1843880,1000365,1000365,1000417,1001510,1.843111423,1.841099939
7,1843310,1000052,1000052,1000052,1001198,1.843214153,1.841104357
7,1824198,1000209,1000209,972917,1001458,1.874978030,1.821542191
7,1843168,1000000,1000000,1000000,1001562,1.843168000,1.840293462
7,1844159,1000521,1000521,1000521,1001667,1.843198693,1.841089903
7,1843494,1000156,1000156,1000208,1001562,1.843110633,1.840618953
7,1836687,1000573,1000573,992135,1001771,1.851247058,1.833439978
7,1843159,999948,999948,1000000,1001406,1.843159000,1.840571157
7,1844182,1000521,1000521,1000573,1001667,1.843125889,1.841112865
7,1843978,1000416,1000416,1000365,1001563,1.843305194,1.841100360
7,1827225,1000104,1000104,971406,1001354,1.881010618,1.824754283
7,1843551,1000209,1000209,1000104,1001562,1.843359291,1.840675864
7,1843270,1000052,1000052,1000000,1001146,1.843270000,1.841160031
7,1843238,1000053,1000053,1000000,1001094,1.843238000,1.841223701
7,1835062,1000209,1000209,978957,1001458,1.874507256,1.832390375
7,1843560,1000208,1000208,1000156,1001511,1.843272449,1.840778584
7,1843234,1000000,1000000,1000000,1001406,1.843234000,1.840646052
7,1843334,1000104,1000104,1000104,1001198,1.843142313,1.841128328
7,1825576,1000521,1000521,975730,1001771,1.870984801,1.822348621
7,1844091,1000469,1000469,1000417,1001927,1.843322335,1.840544271
7,1843386,1000104,1000104,1000052,1001250,1.843290149,1.841084644
7,1843820,1000365,1000365,1000312,1001406,1.843244908,1.841231229
7,1838079,1000313,1000313,994895,1001406,1.847510541,1.835498289
7,1843432,1000156,1000156,1000104,1001146,1.843240303,1.841321845
7,1843452,1000156,1000156,1000104,1001146,1.843260301,1.841341822
7,1843513,1000208,1000208,1000157,1001198,1.843223614,1.841307114
7,1827573,1000521,1000521,977760,1001823,1.869142734,1.824247397
7,1843970,1000364,1000364,1000417,1001563,1.843201385,1.841092373
7,1843605,1000260,1000260,1000209,1001146,1.843219767,1.841494647
7,1843366,1000104,1000104,1000052,1001042,1.843270150,1.841447212
7,1837596,1000469,1000469,986666,1001562,1.862429637,1.834730152
7,1843706,1000261,1000261,1000312,1001250,1.843130943,1.841404245
7,1844080,1000469,1000469,1000468,1001510,1.843217374,1.841299638
7,1843203,1000000,1000000,1000000,1000938,1.843203000,1.841475696
7,1820913,1000573,1000573,979532,1001667,1.858962239,1.817882590
7,1839246,1000000,1000000,1000000,1000938,1.839246000,1.837522404
7,1843733,1000260,1000260,1000260,1001302,1.843253754,1.841335581
7,1842235,1000052,1000052,1000000,1000937,1.842235000,1.840510442
7,1837537,1000313,1000313,997082,1001302,1.842914625,1.835147638
7,1844015,1000417,1000417,1000417,1001302,1.843246366,1.841617214
7,1843349,1000053,1000053,1000052,1000990,1.843253151,1.841525889
7,1843226,1000104,1000104,1000104,1000990,1.843034324,1.841403011
7,1829411,1000313,1000313,984583,1001510,1.858056660,1.826652754
7,1843216,1000052,1000052,999948,1000989,1.843311852,1.841394860
7,1843477,1000364,1000364,1000313,1001302,1.842900172,1.841079914
7,1844014,1000469,1000469,1000365,1001406,1.843341180,1.841424957
7,1835260,1000209,1000209,983436,1001302,1.866171261,1.832873599
7,1843141,1000052,1000052,1000052,1001146,1.843045162,1.841031178
7,1843563,1000209,1000209,1000208,1001146,1.843179619,1.841452695
7,1843565,1000521,1000521,1000520,1001510,1.842606844,1.840785414
7,1830474,1000625,1000625,983594,1001823,1.861005659,1.827143118
7,1843785,1000312,1000312,1000313,1001406,1.843208076,1.841196278
7,1844048,1000468,1000468,1000469,1001510,1.843183547,1.841267686
7,1843869,1000469,1000469,1000417,1001563,1.843100427,1.840991530
7,1837422,1000521,1000521,997031,1001615,1.842893551,1.834459348
7,1844020,1000416,1000416,1000417,1001511,1.843251364,1.841237890
7,1843000,1000000,1000000,999948,1000990,1.843095841,1.841177235
7,1843687,1000260,1000260,1000208,1001510,1.843303593,1.840907230
7,1829369,1000468,1000468,984947,1001823,1.857327349,1.826040129
7,1843875,1000364,1000364,1000365,1001458,1.843202231,1.841190544
7,1843396,1000104,1000104,1000104,1001407,1.843204307,1.840805986
7,1843803,1000365,1000365,1000312,1001355,1.843227913,1.841308028
7,1834984,1000365,1000365,985156,1001563,1.862632923,1.832120396
7,1843661,1000312,1000312,1000365,1001511,1.842988309,1.840879431
7,1843178,999948,999948,1000000,1001094,1.843178000,1.841163767
7,1843262,1000052,1000052,1000000,1001146,1.843262000,1.841152040
7,1790736,1000260,1000260,954271,1001719,1.876548695,1.787663007
7,1843410,1000208,1000208,1000261,1001927,1.842928996,1.839864581
7,1844116,1000520,1000520,1000469,1001615,1.843251515,1.841142555
7,1843350,1000208,1000208,1000208,1001303,1.842966663,1.840951241
7,1835473,1000417,1000417,992760,1001615,1.848858737,1.832513491
7,1843802,1000365,1000365,1000312,1001458,1.843226913,1.841117650
7,1843416,1000104,1000104,1000104,1001198,1.843224305,1.841210230
7,1843184,1000208,1000208,1000157,1001302,1.842894666,1.840787295
7,1828563,1000677,1000677,978801,1002032,1.868166256,1.824854895
7,1843479,1000365,1000365,1000313,1001771,1.842902172,1.840219970
7,1843314,1000157,1000157,1000156,1001458,1.843026488,1.840630361
7,1843988,1000469,1000469,1000417,1001562,1.843219378,1.841112183
7,1835203,1000104,1000104,985001,1001302,1.863148362,1.832816673
7,1843555,1000208,1000208,1000208,1001459,1.843171620,1.840869172
7,1843086,1000000,1000000,1000000,1001093,1.843086000,1.841073706
7,1843233,1000156,1000156,1000104,1001198,1.843041324,1.841027449
7,1828610,1000729,1000729,984948,1002031,1.856554864,1.824903621
7,1843734,1000261,1000261,1000260,1001355,1.843254754,1.841239121
7,1843687,1000261,1000261,1000260,1001250,1.843207766,1.841385268
7,1843362,1000208,1000208,1000209,1001250,1.842976818,1.841060674
7,1838127,1000416,1000416,996980,1001510,1.843694959,1.835355613
7,1843565,1000208,1000208,1000156,1001354,1.843277449,1.841072188
7,1844005,1000417,1000417,1000416,1001458,1.843238213,1.841320355
7,1843775,1000417,1000417,1000417,1001406,1.843006466,1.841186292
7,1831016,1000157,1000157,984791,1001458,1.859294002,1.828350265
7,1843895,1000417,1000417,1000364,1001459,1.843224066,1.841208677
7,1844059,1000469,1000469,1000416,1001563,1.843292190,1.841181234
7,1843748,1000313,1000313,1000312,1001302,1.843172930,1.841350562
7,1834822,1000313,1000313,983333,1001562,1.865921310,1.831960478
7,1843378,1000156,1000156,1000208,1001354,1.842994657,1.840885441
7,1843542,1000261,1000261,1000260,1001407,1.843062804,1.840951781
7,1843320,1000052,1000052,1000052,1001197,1.843224152,1.841116184
7,1815146,1000573,1000573,968593,1002032,1.874002806,1.811465103
7,1843150,1000052,1000052,1000052,1001198,1.843054161,1.840944548
7,1843793,1000313,1000313,1000313,1001718,1.843216073,1.840630796
7,1843722,1000521,1000521,1000468,1001615,1.842859542,1.840749190
7,1836850,1000468,1000468,996146,1001667,1.843956609,1.833793067
7,1843477,1000157,1000157,1000156,1001250,1.843189462,1.841175531
7,1844040,1000468,1000468,1000469,1001562,1.843175551,1.841164102
7,1843382,1000208,1000208,1000208,1001302,1.842998656,1.840985037
7,1828101,1000208,1000208,979009,1001771,1.867297441,1.824869157
7,1843305,1000052,1000052,1000052,1001250,1.843209153,1.841003745
7,1842731,1000052,1000052,1000000,1001198,1.842731000,1.840526050
7,1843707,1000260,1000260,1000313,1001406,1.843130100,1.841118388
7,1834493,1000208,1000208,983127,1001510,1.865977641,1.831727092
7,1844102,1000573,1000573,1000573,1001667,1.843045935,1.841032998
7,1842855,1000000,1000000,1000000,1001146,1.842855000,1.840745506
7,1843184,1000104,1000104,1000052,1001198,1.843088159,1.840978508
7,1786542,1000261,1000261,950365,1001771,1.879848269,1.783383628
7,1843580,1000208,1000208,1000209,1001406,1.843194772,1.840991566
7,1843505,1000156,1000156,1000157,1001302,1.843215615,1.841107878
7,1843969,1000521,1000521,1000468,1001615,1.843106426,1.840995792
7,1837466,1000157,1000157,996562,1001354,1.843805002,1.834981435
7,1843592,1000260,1000260,1000209,1001562,1.843206770,1.840716800
7,1842926,1000052,1000052,1000053,1001094,1.842828330,1.840912042
7,1843990,1000469,1000469,1000417,1001666,1.843221377,1.840923022
7,1828644,1000625,1000625,984791,1001927,1.856885370,1.825126980
7,1843808,1000365,1000365,1000260,1001355,1.843328735,1.841313021
7,1843508,1000261,1000261,1000260,1001302,1.843028813,1.841110874
7,1843206,1000156,1000156,1000104,1001093,1.843014327,1.841193575
7,1837256,1000521,1000521,984427,1001719,1.866320205,1.834103177
7,1843675,1000364,1000364,1000313,1001562,1.843098110,1.840799671
7,1843834,1000313,1000313,1000312,1001354,1.843258903,1.841340825
7,1843563,1000208,1000208,1000156,1001407,1.843275449,1.840972751
7,1814014,1000469,1000469,974635,1001719,1.861223945,1.810901061
7,1843203,1000052,1000052,1000053,1000990,1.843105315,1.841380034
7,1843770,1000313,1000313,1000260,1001250,1.843290744,1.841468165
7,1830884,1000261,1000261,1000416,1001407,1.830122669,1.828311566
7,1839069,1000469,1000469,995000,1001562,1.848310553,1.836200854
7,1843872,1000364,1000364,1000417,1001563,1.843103426,1.840994526
7,1844022,1000417,1000417,1000521,1001562,1.843061765,1.841146130
7,1843363,1000104,1000104,1000104,1001250,1.843171310,1.841061673
7,1832399,1000156,1000156,981718,1001406,1.866522769,1.829826264
7,1843105,999948,999948,999895,1000938,1.843298546,1.841377788
7,1842242,1000365,1000365,1000364,1001406,1.841571668,1.839655444
7,1843234,1000052,1000052,1000000,1001198,1.843234000,1.841028448
7,1920072,1000104,1000104,972657,1001145,1.974048406,1.917876032
7,2048492,1000417,1000417,1000625,1001563,2.047212492,2.045295204
7,1841757,1000261,1000261,1000313,1001458,1.841180710,1.839075628
7,1844208,1000521,1000521,1000625,1001667,1.843056090,1.841138822
7,1824866,1000625,1000625,973802,1001823,1.873960004,1.821545323
7,1844158,1000521,1000521,1000469,1001614,1.843293495,1.841186325
7,1843579,1000208,1000208,1000209,1001250,1.843193773,1.841277403
7,1843908,1000364,1000364,1000365,1001354,1.843235219,1.841414724
7,1839714,1000416,1000416,997135,1001458,1.844999925,1.837035602
7,1843644,1000260,1000260,1000208,1001302,1.843260602,1.841246697
7,1843628,1000208,1000208,1000209,1001250,1.843242762,1.841326342
7,1843553,1000208,1000208,1000261,1001250,1.843071958,1.841251436
7,1825749,1000730,1000730,981302,1001875,1.860537327,1.822332127
7,1844329,1000625,1000625,1000677,1001719,1.843081234,1.841164039
7,1843687,1000261,1000261,1000260,1001249,1.843207766,1.841387108
7,1843214,1000000,1000000,1000000,1001042,1.843214000,1.841295370
7,1936463,1000416,1000416,978438,1001406,1.979137155,1.933744156
7,2092495,1000208,1000208,1000156,1000990,2.092168622,2.090425479
7,2092276,1000053,1000053,1000104,1000989,2.092058426,2.090208784
7,2093608,1000364,1000364,1000417,1001354,2.092735329,2.090777088
7,2052134,1000521,1000521,969218,1001458,2.117309006,2.049146345
7,2093492,1000312,1000312,1000417,1001406,2.092619378,2.090552683
7,2093640,1000364,1000364,1000365,1001250,2.092876100,2.091026217
7,2092575,1000209,1000209,1000208,1001198,2.092139835,2.090071095
7,2087793,1000104,1000104,996823,1001094,2.094447058,2.085511450
7,2093003,1000104,1000104,1000104,1000989,2.092785350,2.090935065
7,2092706,999948,999948,999948,1000781,2.092814826,2.091072872
7,2093526,1000365,1000365,1000364,1001145,2.092764234,2.091131654
7,1859131,1000416,1000416,987709,1001302,1.882265931,1.856713559
7,1843419,1000104,1000104,1000105,1001042,1.843225461,1.841500157
7,1844054,1000469,1000469,1000417,1001302,1.843285350,1.841656164
7,1843567,1000156,1000156,1000208,1001041,1.843183618,1.841649843
7,1837991,1000416,1000416,985105,1001406,1.865781820,1.835410413
7,1843228,1000000,1000000,1000000,1000886,1.843228000,1.841596346
7,1843486,1000157,1000157,1000104,1001041,1.843294297,1.841568927
7,1844063,1000468,1000468,1000469,1001302,1.843198540,1.841665152
7,1818838,1000573,1000573,975104,1001510,1.865275909,1.816095695
7,1844116,1000468,1000468,1000521,1001406,1.843155716,1.841526813
7,1843147,999948,999948,999948,1000885,1.843242849,1.841517257
7,1843671,1000261,1000261,1000208,1001250,1.843287596,1.841369288
7,1838027,1000625,1000625,995000,1001719,1.847263317,1.834872854
7,1843120,999948,999948,999948,1000937,1.843215847,1.841394613
7,1843135,1000000,1000000,999948,1000938,1.843230848,1.841407760
7,1843618,1000261,1000261,1000260,1001198,1.843138784,1.841411988
7,1831155,1000209,1000209,987707,1001250,1.853945553,1.828868914
7,1843796,1000312,1000312,1000313,1001458,1.843219072,1.841111659
7,1843465,1000156,1000156,1000105,1001042,1.843271456,1.841546109
7,1843575,1000209,1000209,1000156,1001146,1.843287447,1.841464681
7,1838232,1000260,1000260,985313,1001406,1.865632545,1.835651075
7,1841800,1000000,1000000,999948,1001042,1.841895779,1.839882842
7,1844101,1000469,1000469,1000520,1001563,1.843142566,1.841223168
7,1843548,1000157,1000157,1000208,1001146,1.843164622,1.841437712
7,1813811,1000677,1000677,971979,1001927,1.866101017,1.810322509
7,1834078,1000886,1000886,1000937,1001927,1.832361078,1.830550529
7,1841221,1000313,1000313,1000416,1001407,1.840455371,1.838634042
7,1843601,1000209,1000209,1000208,1001198,1.843217611,1.841395009
7,1839008,1000209,1000209,994999,1001198,1.848251104,1.836807505
7,1843698,1000261,1000261,1000208,1001146,1.843314591,1.841587541
7,1843338,1000104,1000104,1000052,1001042,1.843242151,1.841419241
7,1844081,1000469,1000469,1000469,1001458,1.843216531,1.841396244
7,1828926,1000573,1000573,981459,1001666,1.863476722,1.825884077
7,1844438,1000678,1000678,1000729,1001770,1.843094384,1.841179113
7,1843757,1000261,1000261,1000364,1001511,1.843086117,1.840975286
7,1843257,1000052,1000052,1000000,1000989,1.843257000,1.841435820
7,1966387,1000417,1000417,978228,1001510,2.010152030,1.963422232
7,2093578,1000365,1000365,1000364,1001250,2.092816215,2.090964295
7,2092576,1000208,1000208,1000261,1001042,2.092029980,2.090397805
7,2092914,1000104,1000104,1000052,1000886,2.092805174,2.091061320
7,2082605,1000573,1000573,986510,1001615,2.111083517,2.079247016
7,2092725,999948,999948,999948,1000937,2.092833827,2.090765952
7,2092933,1000104,1000104,1000053,1000886,2.092822080,2.091080303
7,2092905,1000052,1000052,1000052,1000886,2.092796175,2.091052328
7,2085738,1000521,1000521,996406,1001459,2.093261181,2.082699342
7,2093211,1000209,1000209,1000208,1000990,2.092775703,2.091140771
7,2093089,1000104,1000104,1000104,1000937,2.092871341,2.091129612
7,2092836,1000000,1000000,1000000,1000833,2.092836000,2.091094119
7,2077093,1000625,1000625,985312,1001562,2.108056128,2.073853641
7,1865258,1000156,1000156,1000156,1001146,1.864967065,1.863122861
7,1844050,1000468,1000468,1000469,1001354,1.843185546,1.841556532
7,1843376,1000104,1000104,1000104,1000989,1.843184309,1.841554702
7,1838059,1000469,1000469,986146,1001563,1.863881210,1.835190597
7,1843733,1000260,1000260,1000261,1001094,1.843251911,1.841718160
7,1841995,1000105,1000105,1000156,1000989,1.841707694,1.840175067
7,1843983,1000469,1000469,1000417,1001458,1.843214380,1.841298387
7,1830143,1000417,1000417,982238,1001459,1.863237830,1.827476711
7,1843787,1000312,1000312,1000313,1001250,1.843210075,1.841485144
7,1844461,1000678,1000678,1000677,1001875,1.843213145,1.841009108
7,1843514,1000156,1000156,1000157,1001302,1.843224614,1.841116866
7,1837010,1000312,1000312,993542,1001770,1.848950522,1.833764237
7,1843927,1000416,1000416,1000365,1001510,1.843254212,1.841146868
7,1843624,1000260,1000260,1000208,1001510,1.843240606,1.840844325
7,1844061,1000469,1000469,1000469,1001875,1.843196541,1.840609857
7,1823866,1000573,1000573,975209,1001771,1.870230894,1.820641644
7,1843353,1000052,1000052,1000052,1001510,1.843257151,1.840573734
7,1843867,1000364,1000364,1000365,1001459,1.843194234,1.841180717
7,1843598,1000208,1000208,1000208,1001354,1.843214611,1.841105144
7,1836988,1000729,1000729,982343,1002343,1.870006708,1.832693998
7,1843626,1000261,1000261,1000208,1001406,1.843242606,1.841037501
7,1843919,1000416,1000416,1000417,1001771,1.843150406,1.840659193
7,1843762,1000313,1000313,1000313,1001458,1.843185083,1.841077709
7,1819246,1000625,1000625,976251,1001979,1.863502317,1.815652823
7,1843342,1000104,1000104,1000052,1001250,1.843246151,1.841040699
7,1844010,1000469,1000469,1000416,1001562,1.843243211,1.841134148
7,1844071,1000468,1000468,1000469,1001615,1.843206536,1.841097627
7,1838714,1000521,1000521,995781,1001667,1.846504402,1.835653965
7,1844123,1000521,1000521,1000520,1001614,1.843164554,1.841151382
7,1843621,1000208,1000208,1000208,1001354,1.843237607,1.841128113
7,1844088,1000468,1000468,1000417,1001615,1.843319336,1.841114600
7,1826843,1000104,1000104,980469,1001666,1.863233820,1.823804542
7,1843985,1000417,1000417,1000468,1001666,1.843122419,1.840918031
7,1843834,1000364,1000364,1000313,1001459,1.843257061,1.841147765
7,1843526,1000208,1000208,1000261,1001615,1.843044965,1.840553506
7,1835548,1000573,1000573,981563,1001771,1.870025663,1.832302991
7,1843641,1000209,1000209,1000260,1001406,1.843161778,1.841052480
7,1844025,1000417,1000417,1000417,1001562,1.843256362,1.841149125
7,1843530,1000208,1000208,1000209,1001302,1.843144783,1.841132845
7,1822953,1000469,1000469,979375,1001927,1.861343204,1.819446926
7,1843351,1000104,1000104,1000052,1001250,1.843255151,1.841049688
7,1844114,1000468,1000468,1000469,1001615,1.843249516,1.841140558
7,1843451,1000156,1000156,1000104,1001562,1.843259301,1.840576020
7,1835928,1000104,1000104,995521,1001302,1.844188119,1.833540730
7,1843894,1000364,1000364,1000313,1001771,1.843317042,1.840634237
7,1844093,1000468,1000468,1000417,1001615,1.843324334,1.841119592
7,1843469,1000104,1000104,1000104,1001250,1.843277299,1.841167541
7,1830362,1000208,1000208,979114,1001614,1.869406423,1.827412556
7,1843707,1000261,1000261,1000156,1001771,1.843419427,1.840447567
7,1843705,1000260,1000260,1000260,1001354,1.843225761,1.841211999
7,1843143,1000000,1000000,1000000,1001146,1.843143000,1.841033176
7,1836475,1000208,1000208,982448,1001406,1.869284685,1.833896541
7,1843901,1000416,1000416,1000365,1001511,1.843228222,1.841119069
7,1843694,1000260,1000260,1000312,1001406,1.843118947,1.841105406
7,1843343,1000104,1000104,1000052,1001146,1.843247151,1.841232947
7,1829888,1000156,1000156,987292,1001302,1.853441535,1.827508584
7,1843443,1000156,1000156,1000105,1001406,1.843249459,1.840854758
7,1843859,1000364,1000364,1000365,1001406,1.843186237,1.841270174
7,1844099,1000469,1000469,1000416,1001510,1.843332174,1.841318609
7,1836438,1000313,1000313,997031,1001562,1.841906621,1.833573957
7,1843711,1000312,1000312,1000261,1001303,1.843229917,1.841311771
7,1843705,1000312,1000312,1000261,1001302,1.843223919,1.841307617
7,1843561,1000208,1000208,1000208,1001407,1.843177619,1.840970754
7,1828861,1000364,1000364,984687,1001563,1.857301863,1.826006951
7,1843394,1000104,1000104,1000104,1001198,1.843202307,1.841188256
7,1843885,1000365,1000365,1000364,1001354,1.843214070,1.841391756
7,1843737,1000261,1000261,1000312,1001198,1.843161933,1.841530846
7,1835961,1000677,1000677,986979,1001666,1.860182435,1.832907376
7,1843680,1000260,1000260,1000209,1001250,1.843294751,1.841378277
7,1843486,1000156,1000156,1000156,1001094,1.843198461,1.841471430
7,1843633,1000208,1000208,1000208,1001094,1.843249604,1.841618270
7,1815624,1000261,1000261,973907,1001407,1.864268354,1.813073006
7,1844100,1000417,1000417,1000416,1001458,1.843333173,1.841415217
7,1843449,1000156,1000156,1000104,1001146,1.843257301,1.841338826
7,1843886,1000364,1000364,1000365,1001354,1.843213227,1.841392754
7,1838404,1000417,1000417,997397,1001666,1.843201854,1.835346313
7,1843374,1000104,1000104,1000104,1001146,1.843182309,1.841263912
7,1843344,1000104,1000104,1000052,1001250,1.843248151,1.841042697
7,1844092,1000521,1000521,1000468,1001458,1.843229369,1.841407228
7,1831490,1000157,1000157,984792,1001354,1.859773434,1.829013516
7,1843305,1000052,1000052,1000052,1001042,1.843209153,1.841386276
7,1843400,1000104,1000104,1000104,1001042,1.843208306,1.841481177
7,1843826,1000364,1000364,1000313,1001250,1.843249063,1.841524095
7,1838278,1000208,1000208,986303,1001302,1.863806558,1.835887674
7,1843517,1000156,1000156,1000157,1001094,1.843227613,1.841502396
7,1843720,1000261,1000261,1000260,1001406,1.843240757,1.841131369
7,1843659,1000261,1000261,1000208,1001198,1.843275599,1.841452939
7,1827378,1000573,1000573,983125,1001875,1.858744310,1.823958079
7,1843185,1000000,1000000,999948,1001042,1.843280851,1.841266400
7,1843405,1000104,1000104,1000104,1001146,1.843213306,1.841294876
7,1843454,1000156,1000156,1000105,1001146,1.843260458,1.841343820
7,1838885,1000572,1000572,996511,1001667,1.845323333,1.835824680
7,1843487,1000157,1000157,1000104,1001146,1.843295297,1.841376782
7,1843198,1000052,1000052,1000000,1001198,1.843198000,1.840992491
7,1843126,999948,999948,999948,1001146,1.843221848,1.841016195
7,1829912,998646,998646,981770,1001198,1.863890728,1.827722389
7,1843502,1000156,1000156,1000156,1001198,1.843214459,1.841296127
7,1843788,1000313,1000313,1000312,1001354,1.843212918,1.841294887
7,1868059,1020261,1020261,995573,1021458,1.876365671,1.828816261
7,1843645,1000260,1000260,1000261,1001615,1.843163934,1.840672314
7,1843816,1000312,1000312,1000313,1001458,1.843239066,1.841131630
7,1843634,1000260,1000260,1000209,1001354,1.843248761,1.841141095
7,1833594,1000417,1000417,987031,1001615,1.857686334,1.830637520
7,1834934,1000312,1000312,991615,1001771,1.850450023,1.831690077
7,1844223,1000573,1000573,1000521,1001615,1.843262660,1.841249382
7,1843470,1000157,1000157,1000156,1001614,1.843182464,1.840499434
7,1835560,1000573,1000573,988281,1001823,1.857326003,1.832219863
7,1843821,1000364,1000364,1000312,1001823,1.843245907,1.840465831
7,1844015,1000468,1000468,1000469,1001563,1.843150562,1.841137302
7,1843594,1000208,1000208,1000156,1001302,1.843306444,1.841196762
7,1836347,1000417,1000417,990468,1001562,1.854019514,1.833483099
7,1836247,1000104,1000104,992187,1001615,1.850706570,1.833286243
7,1844149,1000469,1000469,1000521,1001667,1.843188699,1.841079920
7,1843927,1000417,1000417,1000364,1001510,1.843256055,1.841146868
7,1836655,1000469,1000469,987708,1001666,1.859512123,1.833600222
7,1844416,1000573,1000573,1000573,1001719,1.843359755,1.841250890
7,1843960,1000416,1000416,1000417,1001510,1.843191389,1.841179818
7,1843793,1000312,1000312,1000365,1001355,1.843120261,1.841298041
7,1834401,1000156,1000156,991927,1001303,1.849330646,1.832013886
7,1836680,1000104,1000104,991563,1001354,1.852307922,1.834196498
7,1843619,1000260,1000260,1000208,1001146,1.843235607,1.841508631
7,1844006,1000469,1000469,1000469,1001459,1.843141567,1.841319515
7,1839439,1000312,1000312,995155,1001406,1.848394471,1.836856380
7,1843437,1000104,1000104,1000104,1001094,1.843245302,1.841422484
7,1843949,1000416,1000416,1000365,1001355,1.843276204,1.841453830
7,1843706,1000312,1000312,1000261,1001407,1.843224918,1.841115550
7,1845408,1007604,1007604,987709,1008646,1.868372162,1.829589370
7,1843389,1000104,1000104,1000105,1001145,1.843195464,1.841280734
7,1843307,1000052,1000052,1000052,1000990,1.843211153,1.841483931
7,1844035,1000469,1000469,1000468,1001354,1.843172395,1.841541553
7,1835251,1000313,1000313,987084,1001406,1.859265270,1.832674260
7,1843375,1000104,1000104,1000052,1000990,1.843279149,1.841551864
7,1843244,1000000,1000000,1000000,1000990,1.843244000,1.841420993
7,1843847,1000365,1000365,1000312,1001302,1.843271899,1.841449433
7,1832783,1000104,1000104,989689,1001093,1.851877711,1.830781955
7,1844150,1000521,1000521,1000469,1001667,1.843285499,1.841080918
7,1843905,1000416,1000416,1000313,1001615,1.843328038,1.840931895
7,1843950,1000365,1000365,1000364,1001407,1.843279046,1.841359208
7,1835424,1000417,1000417,994062,1001615,1.846387851,1.832464570
7,1843599,1000208,1000208,1000208,1001302,1.843215611,1.841201755
7,1843840,1000313,1000313,1000365,1001406,1.843167244,1.841251201
7,1833176,1000157,1000157,1000261,1001406,1.832697666,1.830602173
7,1832611,1000312,1000312,983543,1001615,1.863274915,1.829656105
7,1840771,1000052,1000052,1000052,1001354,1.840675285,1.838281966
7,1843942,1000417,1000417,1000521,1001719,1.842981806,1.840777703
7,1844135,1000521,1000521,1000521,1001823,1.843174706,1.840779259
7,1836110,1000364,1000364,978125,1001719,1.877173163,1.832959143
7,1844003,1000468,1000468,1000417,1001875,1.843234371,1.840551965
7,1841358,999948,999948,999948,1001458,1.841453756,1.838677209
7,1843299,1000052,1000052,1000104,1001197,1.843107317,1.841095209
7,1826253,1000573,1000573,979375,1001823,1.864712699,1.822929799
7,1842968,999844,999844,999844,1001198,1.843255548,1.840762766
7,1843598,1000208,1000208,1000260,1001250,1.843118789,1.841296380
7,1843876,1000364,1000364,1000521,1001563,1.842915841,1.840998519
7,1839688,1000365,1000365,995780,1001510,1.847484384,1.836914259
7,1844151,1000520,1000520,1000573,1001667,1.843094907,1.841081916
7,1843940,1000417,1000417,1000469,1001458,1.843075598,1.841255450
7,1843266,1000000,1000000,1000052,1001042,1.843170155,1.841347316
7,1832744,1000677,1000677,986355,1001823,1.858097744,1.829408987
7,1843339,1000104,1000104,1000052,1001041,1.843243151,1.841422080
7,1843914,1000364,1000364,1000365,1001354,1.843241217,1.841420716
7,1843863,1000364,1000364,1000365,1001667,1.843190236,1.840794396
7,1845762,1000625,1000625,980416,1001666,1.882631454,1.842692075
7,2088351,1000573,1000573,1000625,1001667,2.087046596,2.084875513
7,2093436,1000260,1000260,1000313,1001355,2.092780960,2.090603233
7,2093481,1000312,1000312,1000365,1001198,2.092717158,2.090976011
7,2078226,1000678,1000678,983437,1001615,2.113227385,2.074875077
7,2093460,1000313,1000313,1000260,1001303,2.092915842,2.090735771
7,2093720,1000416,1000416,1000417,1001250,2.092847283,2.091106117
7,2092909,1000052,1000052,1000052,1000885,2.092800174,2.091058413
7,2087731,1000105,1000105,997082,1001094,2.093840828,2.085449518
7,2093380,1000260,1000260,1000209,1001146,2.092942575,2.090983733
7,1831801,1000104,1000104,1000104,1000938,1.831610513,1.830084381
7,1844083,1000469,1000469,1000417,1001459,1.843314338,1.841396403
7,1807643,1000208,1000208,986250,1001146,1.832844613,1.805573812
7,1887249,1000417,1000417,1000417,1001302,1.886462345,1.884794997
7,1843926,1000417,1000417,1000417,1001302,1.843157403,1.841528330
7,1843788,1000312,1000312,1000313,1001250,1.843211075,1.841486142
7,1837386,1000104,1000104,984062,1001146,1.867144550,1.835282766
7,1844037,1000469,1000469,1000469,1001406,1.843172552,1.841447924
7,1843665,1000261,1000261,1000208,1001146,1.843281597,1.841554578
7,1842587,1000208,1000208,1000208,1001093,1.842203822,1.840575251
7,1832881,1000416,1000416,985835,1001615,1.859216806,1.829925670
7,1834781,1000312,1000312,1000417,1001406,1.834016215,1.832204920
7,1839871,1000364,1000364,1000417,1001458,1.839104094,1.837192374
7,1843401,1000104,1000104,1000104,1001146,1.843209306,1.841290881
7,1837050,1000052,1000052,992135,1001146,1.851612936,1.834947151
7,1843843,1000365,1000365,1000365,1001250,1.843170243,1.841541074
7,1844082,1000469,1000469,1000469,1001406,1.843217531,1.841492861
7,1844241,1000573,1000573,1000521,1001562,1.843280651,1.841364788
7,1832266,1000312,1000312,985834,1001406,1.858594855,1.829693451
7,1844226,1000573,1000573,1000625,1001615,1.843074079,1.841252377
7,1844525,1000678,1000678,1000781,1001823,1.843085550,1.841168550
7,1844159,1000521,1000521,1000625,1001615,1.843007121,1.841185485
7,1866347,1000209,1000209,979061,1001302,1.906262225,1.863920176
7,2089724,1000156,1000156,1000156,1001094,2.089398054,2.087440340
7,2093546,1000365,1000365,1000365,1001146,2.092782135,2.091149543
7,2093473,1000312,1000312,1000365,1001250,2.092709161,2.090859426
7,2081860,1000417,1000417,988385,1001562,2.106324964,2.078613206
7,2092721,1000208,1000208,1000260,1001094,2.092177034,2.090434065
7,2093259,1000521,1000521,1000625,1001407,2.091951530,2.090317923
7,2093307,1000260,1000260,1000209,1001094,2.092869590,2.091019425
7,2086703,1000208,1000208,997395,1001093,2.092153059,2.084424724
7,2093308,1000260,1000260,1000209,1001198,2.092870590,2.090803218
7,2093655,1000417,1000417,1000416,1001302,2.092784402,2.090932606
7,2093475,1000312,1000312,1000313,1001146,2.092819947,2.091078624
7,2080312,1000313,1000313,987239,1002552,2.107202005,2.075016558
7,1967565,1000104,1000104,1000156,1001094,1.967258108,1.965414836
7,1840794,1000104,1000104,1000104,1000989,1.840602577,1.838975253
7,1843591,1000208,1000208,1000209,1001094,1.843205770,1.841576316
7,1836866,1000209,1000209,983021,1001250,1.868592838,1.834572784
7,1843845,1000313,1000313,1000364,1001302,1.843174085,1.841447435
7,1843864,1000365,1000365,1000417,1001250,1.843095429,1.841562047
7,1844009,1000469,1000469,1000416,1001354,1.843242211,1.841515588
7,1833867,1000313,1000313,988907,1001458,1.854438284,1.831197115
7,1843361,1000104,1000104,1000104,1001042,1.843169310,1.841442217
7,1843923,1000417,1000417,1000416,1001355,1.843156247,1.841427865
7,1844068,1000469,1000469,1000416,1001563,1.843301187,1.841190220
7,1838121,1000313,1000313,995312,1001354,1.846778699,1.835635549
7,1838000,1000260,1000260,998491,1001406,1.840777734,1.835419400
7,1842334,1000312,1000312,1000313,1001250,1.841757530,1.840033958
7,1844017,1000469,1000469,1000469,1001406,1.843152561,1.841427952
7,1833937,1000625,1000625,986146,1001875,1.859701302,1.830504803
7,1843610,1000260,1000260,1000156,1001198,1.843322442,1.841403998
7,1843242,1000000,1000000,1000000,1000938,1.843242000,1.841514659
7,1843165,999948,999948,999948,1000938,1.843260850,1.841437731
7,1835231,1000468,1000468,981407,1001718,1.869999908,1.832083481
7,1844193,1000521,1000521,1000521,1001614,1.843232676,1.841221269
7,1843474,1000156,1000156,1000157,1001198,1.843184620,1.841268161
7,1843568,1000208,1000208,1000208,1001198,1.843184618,1.841362048
7,1830178,1000469,1000469,983646,1001667,1.860606356,1.827132171
7,1844291,1000573,1000573,1000573,1001563,1.843234826,1.841412872
7,1843527,1000208,1000208,1000209,1001146,1.843141783,1.841416736
7,1844041,1000469,1000469,1000417,1001406,1.843272355,1.841451919
7,1837502,1000365,1000365,996250,1001354,1.844418570,1.835017386
7,1843190,1000000,1000000,1000000,1000885,1.843190000,1.841560219
7,1843657,1000208,1000208,1000208,1001198,1.843273599,1.841450942
7,1843853,1000364,1000364,1000313,1001198,1.843276055,1.841646707
7,1830691,1000573,1000573,985835,1001718,1.856995339,1.827551267
7,1844105,1000468,1000468,1000469,1001510,1.843240520,1.841324600
7,1843902,1000417,1000417,1000416,1001406,1.843135256,1.841313114
7,1843449,1000156,1000156,1000104,1001094,1.843257301,1.841434471
7,1835116,1000208,1000208,976041,1001354,1.880162821,1.832634613
7,1843369,1000052,1000052,1000104,1001354,1.843177310,1.840876453
7,1843514,1000156,1000156,1000156,1001146,1.843226457,1.841403751
7,1843236,1000000,1000000,1000000,1001146,1.843236000,1.841126070
7,1808454,1000364,1000364,956876,1001562,1.889956483,1.805633600
7,1843440,1000157,1000157,1000104,1001198,1.843248302,1.841234201
7,1843842,1000365,1000365,1000312,1001615,1.843266901,1.840868997
7,1843926,1000364,1000364,1000365,1001406,1.843253213,1.841337080
7,1836076,1000208,1000208,993958,1001510,1.847237006,1.833307705
7,1844012,1000469,1000469,1000364,1001615,1.843341024,1.841038722
7,1844153,1000520,1000520,1000521,1001510,1.843192697,1.841372527
7,1844046,1000417,1000417,1000469,1001458,1.843181548,1.841361295
7,1828585,1000573,1000573,983593,1001823,1.859087041,1.825257555
7,1843733,1000260,1000260,1000260,1001250,1.843253754,1.841431211
7,1844126,1000469,1000469,1000521,1001458,1.843165711,1.841441179
7,1843981,1000417,1000417,1000417,1001302,1.843212380,1.841583259
7,1834030,1000416,1000416,978074,1001510,1.875144416,1.831264790
7,1843319,1000053,1000053,1000052,1001093,1.843223152,1.841306452
7,1843903,1000365,1000365,1000364,1001302,1.843232064,1.841505360
7,1843971,1000417,1000417,1000417,1001406,1.843202385,1.841382017
7,1795775,1000417,1000417,955052,1001823,1.880290288,1.792507259
7,1843585,1000208,1000208,1000156,1001406,1.843297446,1.840996559
7,1844076,1000521,1000521,1000469,1001615,1.843211534,1.841102619
7,1843152,999948,999948,999948,1001093,1.843247849,1.841139634
7,1837146,1000365,1000365,995886,1001511,1.844735241,1.834374260
7,1843352,1000052,1000052,1000052,1001510,1.843256151,1.840572735
7,1843900,1000417,1000417,1000365,1001771,1.843227222,1.840640226
7,1843324,1000052,1000052,1000052,1001198,1.843228152,1.841118340
7,1826953,1000417,1000417,983072,1001875,1.858412202,1.823533874
7,1842424,1000052,1000052,1000000,1001250,1.842424000,1.840123845
7,1843934,1000364,1000364,1000417,1001563,1.843165400,1.841056429
7,1843131,1000208,1000208,1000156,1001302,1.842843516,1.840734364
7,1836804,1000417,1000417,985780,1001614,1.863300128,1.833844176
7,1843368,1000104,1000104,1000053,1001510,1.843270307,1.840588711
7,1842758,1000052,1000052,1000052,1001198,1.842662182,1.840553017
7,1844069,1000469,1000469,1000468,1001562,1.843206379,1.841193056
7,1829301,1000313,1000313,983074,1001667,1.860796847,1.826256630
7,1842996,1000208,1000208,1000209,1001459,1.842610894,1.840310986
7,1843384,1000104,1000104,1000105,1001250,1.843190465,1.841082647
7,1843688,1000260,1000260,1000313,1001458,1.843111106,1.841003816
7,1834514,1000156,1000156,992760,1001302,1.847892743,1.832128569
7,1843290,1000156,1000156,1000156,1001250,1.843002492,1.840988764
7,1843541,1000209,1000209,1000156,1001354,1.843253452,1.841048221
7,1843363,1000104,1000104,1000052,1001198,1.843267150,1.841157294
7,1801461,1000208,1000208,961770,1001823,1.873068405,1.798182913
7,1843594,1000209,1000209,1000208,1001406,1.843210612,1.841005546
7,1843245,1000000,1000000,1000000,1001146,1.843245000,1.841135059
7,1843799,1000313,1000313,1000312,1001771,1.843223914,1.840539405
7,1835526,1000521,1000521,996094,1002031,1.842723679,1.831805603
7,1842909,1000261,1000261,1000156,1001302,1.842621551,1.840512653
7,1843323,1000052,1000052,1000052,1001146,1.843227152,1.841212970
7,1844088,1000521,1000521,1000469,1001458,1.843223528,1.841403234
7,1831152,1000156,1000156,987187,1001458,1.854919078,1.828486067
7,1843581,1000208,1000208,1000209,1001198,1.843195772,1.841375033
7,1843741,1000312,1000312,1000261,1001355,1.843259909,1.841246112
7,1843697,1000313,1000313,1000260,1001511,1.843217763,1.840915377
7,1837496,1000521,1000521,996406,1001614,1.844123781,1.834535060
7,1843381,1000104,1000104,1000052,1001302,1.843285149,1.840984039
7,1843652,1000261,1000261,1000208,1001302,1.843268600,1.841254686
7,1843635,1000208,1000208,1000260,1001302,1.843155779,1.841237709
7,1826254,1000312,1000312,982397,1001510,1.858977582,1.823500514
7,1843616,1000208,1000208,1000261,1001510,1.843134942,1.840836337
7,1844163,1000521,1000521,1000520,1001562,1.843204534,1.841286910
7,1843290,1000000,1000000,1000052,1001094,1.843194154,1.841275644
7,1833947,1000417,1000417,983022,1001614,1.865621522,1.830991779
7,1843409,1000104,1000104,1000052,1001302,1.843313148,1.841012002
7,1843528,1000156,1000156,1000156,1001302,1.843240454,1.841130848
7,1843269,1000052,1000052,1000052,1001458,1.843173155,1.840585426
7,1826694,1000313,1000313,982239,1001771,1.859724568,1.823464644
7,1843094,999948,999948,999896,1001146,1.843285702,1.840984232
7,1843329,1000052,1000052,1000052,1001198,1.843233152,1.841123334
7,1843170,1000000,1000000,1000000,1001094,1.843170000,1.841155776
7,1836932,1000469,1000469,996250,1001666,1.843846424,1.833876761
7,1843790,1000312,1000312,1000261,1001459,1.843308896,1.841103830
7,1843440,1000104,1000104,1000105,1001198,1.843246459,1.841234201
7,1843148,999948,999948,999948,1001094,1.843243849,1.841133800
7,1825275,1000261,1000261,980000,1001719,1.862525510,1.822142737
7,1843926,1000364,1000364,1000365,1001822,1.843253213,1.840572477
7,1844152,1000521,1000521,1000521,1001667,1.843191697,1.841082915
7,1844131,1000469,1000469,1000521,1001667,1.843170708,1.841061950
7,1833115,1000677,1000677,977501,1001927,1.875307544,1.829589381
7,1843275,1000052,1000052,1000000,1001198,1.843275000,1.841069399
7,1843649,1000208,1000208,1000208,1001354,1.843265601,1.841156075
7,1843501,1000156,1000156,1000104,1001250,1.843309296,1.841199501
7,1827388,1000260,1000260,985729,1001510,1.853844211,1.824632804
7,1843892,1000364,1000364,1000417,1001771,1.843123418,1.840632240
7,1843897,1000365,1000365,1000365,1001510,1.843224223,1.841116913
7,1843634,1000260,1000260,1000209,1001511,1.843248761,1.840852472
7,1838623,1000417,1000417,995781,1001614,1.846413017,1.835660244
7,1843548,1000208,1000208,1000157,1001355,1.843258608,1.841053373
7,1843986,1000417,1000417,1000469,1001562,1.843121576,1.841110186
7,1843483,1000157,1000157,1000156,1001406,1.843195462,1.840894702
7,1819978,1000625,1000625,981094,1001771,1.855049567,1.816760517
7,1843793,1000365,1000365,1000312,1001406,1.843217916,1.841204267
7,1843218,1000000,1000000,1000000,1001094,1.843218000,1.841203723
7,1843379,1000052,1000052,1000104,1001302,1.843187309,1.840982041
7,1835814,1000573,1000573,984791,1001771,1.864166102,1.832568521
7,1843313,1000052,1000052,1000052,1001198,1.843217153,1.841107353
7,1843505,1000156,1000156,1000156,1001562,1.843217458,1.840629936
7,1844093,1000521,1000521,1000521,1001615,1.843132728,1.841119592
7,1823439,1000521,1000521,974479,1001875,1.871193735,1.820026450
7,1843206,1000000,1000000,999948,1001042,1.843301852,1.841287379
7,1843156,1000000,1000000,999948,1000885,1.843251849,1.841526249
7,1844111,1000521,1000521,1000521,1001354,1.843150718,1.841617450
7,1838183,1000365,1000365,997136,1001302,1.843462677,1.835792798
7,1843771,1000312,1000312,1000261,1001302,1.843289901,1.841373532
7,1843214,1000000,1000000,1000052,1000885,1.843118158,1.841584198
7,1843829,1000364,1000364,1000313,1001198,1.843252062,1.841622736
7,1823783,1000365,1000365,982761,1001615,1.855774700,1.820842340
7,1843376,1000104,1000104,1000105,1001250,1.843182466,1.841074657
7,1843356,1000104,1000104,1000052,1001198,1.843260150,1.841150302
7,1843298,1000052,1000052,1000052,1001198,1.843202153,1.841092371
7,1834874,1000416,1000416,979740,1001615,1.872817278,1.831915457
7,1843837,1000313,1000313,1000365,1001823,1.843164245,1.840481802
7,1843692,1000261,1000261,1000208,1001354,1.843308592,1.841199017
7,1844176,1000521,1000521,1000521,1001615,1.843215685,1.841202458
7,1828057,1000416,1000416,981301,1001980,1.862891203,1.824444600
7,1843403,1000105,1000105,1000104,1001302,1.843211306,1.841006010
7,1843152,999948,999948,999948,1001094,1.843247849,1.841137795
7,1843515,1000156,1000156,1000156,1001614,1.843227457,1.840544361
7,1836739,1000208,1000208,988386,1001667,1.858321546,1.833682252
7,1843334,1000105,1000105,1000052,1001198,1.843238152,1.841128328
7,1843911,1000417,1000417,1000364,1001510,1.843240061,1.841130892
7,1843845,1000365,1000365,1000365,1001406,1.843172242,1.841256194
7,1782753,1000104,1000104,948386,1001563,1.879775745,1.779970905
7,1843673,1000260,1000260,1000261,1001354,1.843191927,1.841180042
7,1843602,1000208,1000208,1000261,1001354,1.843120945,1.841109138
7,1843136,999948,999948,999948,1001146,1.843231848,1.841026184
7,1835041,1000208,1000208,984271,1001458,1.864365607,1.832369405
7,1843908,1000365,1000365,1000364,1001510,1.843237062,1.841127897
7,1843806,1000313,1000313,1000260,1001458,1.843326735,1.841121645
7,1843281,1000053,1000053,1000052,1001198,1.843185154,1.841075392
7,1781994,1000677,1000677,951042,1002187,1.873727974,1.778105284
7,1843451,1000104,1000104,1000104,1001354,1.843259301,1.840958342
7,1843608,1000209,1000209,1000156,1001302,1.843320442,1.841210744
7,1843988,1000469,1000469,1000469,1001562,1.843123575,1.841112183
7,1835068,1000104,1000104,995574,1001250,1.843226119,1.832777029
7,1843788,1000312,1000312,1000312,1001407,1.843212918,1.841197435
7,1843072,999948,999948,999948,1001093,1.843167845,1.841059722
7,1844018,1000469,1000469,1000469,1001511,1.843153561,1.841235893
7,1816820,1000313,1000313,979582,1001718,1.854689041,1.813704056
7,1840987,1000208,1000208,1000260,1001771,1.840508468,1.837732376
7,1843972,1000417,1000417,1000469,1001718,1.843107583,1.840809489
7,1841913,1000052,1000052,1000053,1001146,1.841815384,1.839804584
7,1837237,1000104,1000104,981146,1001406,1.872541905,1.834657472
7,1844453,1000729,1000729,1000782,1001980,1.843011765,1.840808200
7,1844242,1000573,1000573,1000573,1001875,1.843185855,1.840790518
7,1844040,1000417,1000417,1000469,1001719,1.843175551,1.840875535
7,1828013,1000313,1000313,978175,1001614,1.868799550,1.825067341
7,1842553,1000469,1000469,1000417,1001510,1.841784976,1.839774940
7,1843431,1000104,1000104,1000105,1001094,1.843237460,1.841416490
7,1843599,1000209,1000209,1000208,1001146,1.843215611,1.841488654
7,1838692,1000521,1000521,994324,1001666,1.849187991,1.835633834
7,1844292,1000625,1000625,1000782,1001771,1.842850891,1.841031533
7,1844292,1000625,1000625,1000677,1001719,1.843044259,1.841127103
7,1844458,1000677,1000677,1000782,1001718,1.843016761,1.841294656
7,1832153,1000468,1000468,985364,1001667,1.859366691,1.829103884
7,1843167,1000000,1000000,999948,1001094,1.843262850,1.841152779
7,1843254,1000052,1000052,1000052,1000989,1.843158156,1.841432823
7,1843702,1000261,1000261,1000260,1001250,1.843222762,1.841400250
7,2007176,1000417,1000417,978125,1001406,2.052064920,2.004357873
7,2093607,1000365,1000365,1000416,1001406,2.092736422,2.090667521
7,2092388,1000104,1000104,1000157,1001145,2.092059547,2.089994956
7,2093655,1000364,1000364,1000521,1001302,2.092564774,2.090932606
7,2081094,1000469,1000469,987343,1001510,2.107772071,2.077956286
7,2092678,999947,999947,999948,1000833,2.092786825,2.090936250
7,2093981,1000521,1000521,1000625,1001563,2.092673079,2.090713215
7,2093371,1000260,1000260,1000261,1001094,2.092824773,2.091083355
7,2086524,1000052,1000052,994687,1000989,2.097668915,2.084462467
7,2093476,1000313,1000313,1000312,1001250,2.092823039,2.090862422
7,1953798,1000260,1000260,1000261,1001093,1.953288192,1.951664830
7,1841617,1000208,1000208,1000156,1001094,1.841329753,1.839604473
7,1821240,1000468,1000468,978804,1001563,1.860678951,1.818397844
7,1843555,1000209,1000209,1000104,1001146,1.843363290,1.841444704
7,1843382,1000104,1000104,1000104,1001041,1.843190308,1.841465035
7,1843954,1000364,1000364,1000417,1001354,1.843185392,1.841460662
7,1838980,1000677,1000677,983854,1002083,1.869159448,1.835157367
7,1843830,1000365,1000365,1000312,1001355,1.843254904,1.841334991
7,1843659,1000208,1000208,1000208,1001197,1.843275599,1.841454779
7,1843816,1000364,1000364,1000365,1001302,1.843143253,1.841418473
7,1830582,1000520,1000520,984844,1001667,1.858753264,1.827535498
7,1843748,1000312,1000312,1000313,1001250,1.843171087,1.841446192
7,1843642,1000209,1000209,1000208,1001198,1.843258602,1.841435960
7,1843371,1000417,1000417,1000416,1001406,1.842604477,1.840782859
7,1835668,1000156,1000156,994947,1001250,1.844990738,1.833376280
7,1844044,1000469,1000469,1000468,1001406,1.843181391,1.841454914
7,1843357,1000104,1000104,1000052,1001041,1.843261150,1.841440061
7,1843913,1000364,1000364,1000365,1001354,1.843240217,1.841419718
7,1832754,1000573,1000573,987603,1001823,1.855759855,1.829418969
7,1835426,1000365,1000365,1000416,1001563,1.834662780,1.832561706
7,1840640,1000729,1000729,1000833,1001771,1.839108023,1.837385989
7,1843817,1000313,1000313,1000364,1001250,1.843146095,1.841515106
7,1837449,1000573,1000573,980625,1001511,1.873752964,1.834676803
7,1843907,1000364,1000364,1000365,1001302,1.843234220,1.841509355
7,1844199,1000521,1000521,1000521,1001458,1.843238673,1.841514072
7,1843349,1000104,1000104,1000000,1000938,1.843349000,1.841621559
7,1832421,1000469,1000469,988281,1001614,1.854149781,1.829468238
7,1843679,1000260,1000260,1000520,1001511,1.842720785,1.840897404
7,1843564,1000157,1000157,1000208,1001354,1.843180618,1.841071190
7,1843747,1000261,1000261,1000312,1001302,1.843171930,1.841349563
7,1839582,1000365,1000365,995260,1001510,1.848343147,1.836808419
7,1843443,1000104,1000104,1000156,1001042,1.843155468,1.841524132
7,1844089,1000469,1000469,1000469,1001406,1.843224528,1.841499851
7,1844019,1000469,1000469,1000469,1001406,1.843154561,1.841429949
7,1832476,1000365,1000365,982136,1001510,1.865806772,1.829713133
7,1844088,1000469,1000469,1000625,1001667,1.842936165,1.841019021
7,1843835,1000312,1000312,1000416,1001459,1.843068284,1.841148764
7,1869339,1018333,1018333,997708,1019322,1.873633368,1.833904301
7,2051529,1000104,1000104,1000052,1000989,2.051422326,2.049502042
7,2093282,1000209,1000209,1000208,1001250,2.092846688,2.090668664
7,2093608,1000416,1000416,1000365,1001198,2.092844112,2.091102859
7,2086973,1000313,1000313,992135,1001250,2.103517162,2.084367541
7,2087927,1000469,1000469,993384,1001510,2.101832725,2.084778984
7,2093306,1000209,1000209,1000208,1001198,2.092870683,2.090801220
7,2093338,1000261,1000261,1000260,1001093,2.092793874,2.091052480
7,2087182,1000416,1000416,995469,1001250,2.096682066,2.084576280
7,2092742,1000261,1000261,1000260,1001094,2.092198029,2.090455042
7,2092735,999948,999948,1000000,1000781,2.092735000,2.091101849
7,2093372,1000261,1000261,1000260,1001042,2.092827865,2.091192977
7,2088295,1000469,1000469,994271,1001355,2.100327778,2.085469189
7,2046736,1000156,1000156,998334,1001042,2.050151552,2.044605521
7,1838319,1000156,1000156,1000156,1001042,1.838032267,1.836405466
7,1843493,1000157,1000157,1000208,1001093,1.843109633,1.841480262
7,1835234,1000521,1000521,981198,1001511,1.870401285,1.832465145
7,1843898,1000365,1000365,1000364,1001354,1.843227065,1.841404738
7,1844066,1000469,1000469,1000468,1001458,1.843203381,1.841381266
7,1843154,999948,999948,1000000,1000833,1.843154000,1.841619931
7,1837222,1000364,1000364,987657,1001406,1.860182229,1.834642493
7,1839363,1000260,1000260,996719,1001563,1.845417816,1.836492562
7,1843393,1000104,1000104,1000105,1001198,1.843199464,1.841187258
7,1844019,1000416,1000416,1000365,1001510,1.843346179,1.841238730
7,1837548,1000573,1000573,994531,1001719,1.847652813,1.834394676
7,1843393,1000104,1000104,1000052,1001250,1.843297149,1.841091635
7,1843835,1000365,1000365,1000364,1001771,1.843164088,1.840575341
7,1843985,1000469,1000469,1000417,1001563,1.843216379,1.841107349
7,1836344,1000573,1000573,989375,1001823,1.856064687,1.833002437
7,1843896,1000417,1000417,1000365,1001770,1.843223224,1.840638071
7,1841473,1000157,1000157,1000104,1001250,1.841281507,1.839174032
7,1843860,1000365,1000365,1000364,1001458,1.843189079,1.841175566
7,1822349,1000521,1000521,965365,1001718,1.887730548,1.819223574
7,1843890,1000365,1000365,1000364,1001614,1.843219068,1.840918757
7,1843266,1000000,1000000,1000052,1001094,1.843170155,1.841251671
7,1843334,1000105,1000105,1000052,1001145,1.843238152,1.841225796
7,1828953,1000573,1000573,983074,1001823,1.860442856,1.825624886
7,1843414,1000104,1000104,1000104,1001406,1.843222305,1.840825799
7,1843534,1000157,1000157,1000156,1001459,1.843246454,1.840848202
7,1844041,1000469,1000469,1000417,1001510,1.843272355,1.841260696
7,1835737,1000104,1000104,993593,1001354,1.847574409,1.833254773
7,1843982,1000416,1000416,1000417,1001667,1.843213380,1.840913198
7,1843552,1000208,1000208,1000156,1001250,1.843264451,1.841250437
7,1844145,1000521,1000521,1000521,1001511,1.843184701,1.841362701
7,1829395,1000573,1000573,981980,1001719,1.862965641,1.826255667
7,1843952,1000417,1000417,1000417,1001719,1.843183393,1.840787686
7,1843741,1000312,1000312,1000261,1001354,1.843259909,1.841247950
7,1843478,1000156,1000156,1000105,1001146,1.843284455,1.841367793
7,1834652,1000625,1000625,981876,1001875,1.868517002,1.831218465
7,1843844,1000312,1000312,1000260,1001823,1.843364725,1.840488789
7,1843425,1000105,1000105,1000156,1001302,1.843137471,1.841027982
7,1843964,1000417,1000417,1000417,1001510,1.843195388,1.841183812
7,1831451,1000521,1000521,982865,1001771,1.863380017,1.828213234
7,1843356,1000104,1000104,1000105,1001198,1.843162468,1.841150302
7,1843905,1000364,1000364,1000313,1001510,1.843328038,1.841124901
7,1843688,1000261,1000261,1000260,1001407,1.843208766,1.841097576
7,1834739,1000104,1000104,994635,1001355,1.844635469,1.832256293
7,1843805,1000365,1000365,1000313,1001458,1.843228070,1.841120646
7,1844185,1000520,1000520,1000469,1001614,1.843320483,1.841213282
7,1843380,1000104,1000104,1000052,1001511,1.843284149,1.840598855
7,1779847,1000520,1000520,950781,1001823,1.871984190,1.776608243
7,1843574,1000208,1000208,1000208,1001718,1.843190616,1.840412172
7,1843982,1000417,1000417,1000469,1001563,1.843117578,1.841104354
7,1843616,1000208,1000208,1000209,1001302,1.843230765,1.841218733
7,1835752,1000521,1000521,985104,1001771,1.863510858,1.832506631
7,1843345,1000052,1000052,1000104,1001303,1.843153312,1.840946247
7,1843960,1000416,1000416,1000365,1001562,1.843287200,1.841084226
7,1843201,1000000,1000000,999947,1001094,1.843298695,1.841186742
7,1815495,1000468,1000468,974949,1001666,1.862143558,1.812475416
7,1844128,1000468,1000468,1000469,1001927,1.843263509,1.840581200
7,1843130,999948,999948,999948,1001250,1.843225848,1.840828964
7,1843356,1000104,1000104,1000104,1001145,1.843164311,1.841247771
7,1836507,1000469,1000469,993230,1001615,1.849024899,1.833545823
7,1843186,1000000,1000000,999948,1001094,1.843281851,1.841171758
7,1843733,1000312,1000312,1000208,1001719,1.843349583,1.840569062
7,1843271,1000052,1000052,1000000,1001146,1.843271000,1.841161029
7,1826104,1000260,1000260,976926,1001563,1.869234722,1.823254254
7,1843957,1000364,1000364,1000417,1002135,1.843188390,1.840028539
7,1844152,1000521,1000521,1000521,1001615,1.843191697,1.841178497
7,1844025,1000468,1000468,1000469,1001718,1.843160558,1.840862398
7,1834628,1000313,1000313,980729,1001459,1.870677833,1.831955177
7,1843418,1000156,1000156,1000104,1001146,1.843226304,1.841307861
7,1843999,1000417,1000417,1000469,1001459,1.843134570,1.841312525
7,1843311,1000053,1000053,1000104,1001302,1.843119316,1.840914130
7,1828649,1000469,1000469,984843,1001770,1.856792402,1.825418010
7,1844116,1000468,1000468,1000469,1001562,1.843251515,1.841239983
7,1843914,1000365,1000365,1000364,1001459,1.843243060,1.841227649
7,1843504,1000156,1000156,1000156,1001198,1.843216458,1.841298125
7,1837418,1000312,1000312,996928,1001458,1.843079942,1.834742945
7,1843367,1000104,1000104,1000105,1001146,1.843173467,1.841256920
7,1844095,1000468,1000468,1000469,1001718,1.843230525,1.840932278
7,1843163,1000000,1000000,999948,1001042,1.843258849,1.841244423
7,1829505,1000416,1000416,982136,1001667,1.862781733,1.826460291
7,1843804,1000312,1000312,1000261,1001406,1.843322893,1.841215251
7,1843698,1000260,1000260,1000261,1001354,1.843216920,1.841205008
7,1843935,1000416,1000416,1000365,1001458,1.843262209,1.841250457
7,1835377,1000417,1000417,984844,1001614,1.863622056,1.832419475
7,1843422,1000156,1000156,1000104,1001250,1.843230304,1.841120599
7,1843989,1000417,1000417,1000468,1001562,1.843126417,1.841113181
7,1843305,1000052,1000052,1000052,1001197,1.843209153,1.841101202
7,1826037,1000365,1000365,981667,1001875,1.860138927,1.822619588
7,1843267,1000052,1000052,1000000,1001458,1.843267000,1.840583429
7,1843944,1000417,1000417,1000416,1001510,1.843177238,1.841163843
7,1843839,1000365,1000365,1000312,1001459,1.843263902,1.841152758
7,1839025,1000520,1000520,996041,1001718,1.846334639,1.835870974
7,1843904,1000417,1000417,1000365,1001511,1.843231221,1.841122065
7,1843696,1000312,1000312,1000261,1001406,1.843214921,1.841107403
7,1843446,1000104,1000104,1000053,1001250,1.843348303,1.841144569
7,1800099,1000260,1000260,960782,1001770,1.873576940,1.796918454
7,1843432,1000104,1000104,1000105,1001302,1.843238460,1.841034972
7,1843049,1000260,1000260,1000261,1001666,1.842568090,1.839983587
7,1843671,1000209,1000209,1000260,1001355,1.843191770,1.841176206
7,1836846,1000312,1000312,982605,1001615,1.869363579,1.833884277
7,1844003,1000365,1000365,1000417,1001511,1.843234371,1.841220915
7,1843506,1000156,1000156,1000156,1001302,1.843218458,1.841108876
7,1843513,1000156,1000156,1000209,1001302,1.843127786,1.841115867
7,1792867,1000364,1000364,955833,1001927,1.875711552,1.789418790
7,1843191,999948,999948,999948,1001146,1.843286851,1.841081121
7,1844125,1000469,1000469,1000468,1001666,1.843262353,1.841057798
7,1843243,1000052,1000052,1000000,1001146,1.843243000,1.841133062
7,1836687,1000573,1000573,996459,1002031,1.843213820,1.832964250
7,1843823,1000364,1000364,1000365,1001458,1.843150250,1.841138620
7,1843982,1000469,1000469,1000469,1001562,1.843117578,1.841106192
7,1843804,1000313,1000313,1000312,1001406,1.843228913,1.841215251
7,1829224,1000313,1000313,982135,1001823,1.862497518,1.825895393
7,1843227,1000052,1000052,1000000,1001198,1.843227000,1.841021456
7,1843699,1000260,1000260,1000261,1001406,1.843217920,1.841110399
7,1844231,1000573,1000573,1000573,1001666,1.843174861,1.841163621
7,1835135,1000521,1000521,981041,1001719,1.870599700,1.831985816
7,1844002,1000417,1000417,1000416,1001562,1.843235214,1.841126161
7,1843493,1000157,1000157,1000104,1001407,1.843301297,1.840902850
7,1843702,1000260,1000260,1000209,1001354,1.843316747,1.841209003
7,1821099,1000364,1000364,981095,1001562,1.856190277,1.818258880
7,1843616,1000260,1000260,1000209,1001615,1.843230765,1.840643361
7,1844065,1000469,1000469,1000417,1001563,1.843296345,1.841187224
7,1843375,1000104,1000104,1000104,1001198,1.843183309,1.841169279
7,1837633,1000469,1000469,995573,1001615,1.845804376,1.834670008
7,1843422,1000104,1000104,1000156,1001302,1.843134471,1.841024985
7,1843171,1000000,1000000,999948,1001094,1.843266850,1.841156774
7,1843829,1000364,1000364,1000312,1001458,1.843253905,1.841144611
7,1822349,1000261,1000261,978906,1001406,1.861617969,1.819790375
7,1843807,1000364,1000364,1000261,1001823,1.843325892,1.840451856
7,1843830,1000313,1000313,1000365,1001406,1.843157248,1.841241215
7,1843356,1000104,1000104,1000104,1001302,1.843164311,1.840959071
7,1824472,1000416,1000416,968751,1001615,1.883323991,1.821530229
7,1844514,1000625,1000625,1000625,1001979,1.843361899,1.840870916
7,1843787,1000312,1000312,1000313,1001459,1.843210075,1.841100834
7,1843167,1000000,1000000,999948,1001406,1.843262850,1.840579146
7,1795950,1000260,1000260,952760,1001823,1.884997271,1.792681941
7,1843672,1000260,1000260,1000261,1001459,1.843190927,1.840986001
7,1844021,1000469,1000469,1000417,1001562,1.843252364,1.841145131
7,1844201,1000573,1000573,1000468,1001614,1.843338318,1.841229256
7,1834244,1000104,1000104,995000,1001302,1.843461307,1.831858920
7,1843623,1000208,1000208,1000261,1001354,1.843141940,1.841130110
7,1836835,1000469,1000469,1000520,1001666,1.835880342,1.833779923
7,1841918,1000677,1000677,1000938,1002240,1.840191900,1.837801325
7,1828389,1000625,1000625,980780,1001927,1.864219295,1.824872471
7,1840743,1000104,1000104,1000052,1001302,1.840647286,1.838349469
7,1843518,1000156,1000156,1000208,1001302,1.843134628,1.841120861
7,1844284,1000572,1000572,1000677,1002084,1.843036264,1.840448505
7,1831219,1000364,1000364,966302,1001771,1.895079385,1.827981645
7,1843527,1000208,1000208,1000156,1001303,1.843239455,1.841128010
7,1843629,1000208,1000208,1000261,1001458,1.843147938,1.840944902
7,1843801,1000365,1000365,1000312,1001354,1.843225914,1.841307869
7,1828487,1000365,1000365,980364,1001666,1.865110306,1.825445807
7,1844017,1000468,1000468,1000417,1001510,1.843248365,1.841236733
7,1843201,1000000,1000000,1000000,1001042,1.843201000,1.841282384
7,1844176,1000520,1000520,1000625,1001718,1.843024110,1.841013139
7,1839353,1000209,1000209,997239,1001302,1.844445514,1.836961276
7,1842342,1000313,1000313,1000365,1001459,1.841669791,1.839657939
7,1843654,1000260,1000260,1000261,1001302,1.843172932,1.841256684
7,1843504,1000209,1000209,1000156,1001093,1.843216458,1.841491250
7,1832707,1000209,1000209,985571,1001302,1.859538278,1.830323918
7,1843947,1000417,1000417,1000417,1001406,1.843178395,1.841358051
7,1843772,1000313,1000313,1000312,1001302,1.843196923,1.841374530
7,1843799,1000312,1000312,1000260,1001302,1.843319737,1.841401495
7,1919184,1000104,1000104,990886,1001093,1.936836326,1.917088622
7,2092510,1000209,1000209,1000312,1001198,2.091857341,2.090006173
7,2091555,1000364,1000364,1000365,1001302,2.090791861,2.088835336
7,2094079,1000625,1000625,1000677,1001615,2.092662268,2.090702515
7,2078607,1000156,1000156,987761,1001041,2.104362290,2.076445420
7,2093213,1000209,1000209,1000156,1001198,2.092886510,2.090708331
7,2093007,1000052,1000052,1000052,1001093,2.092898169,2.090721841
7,2093775,1000469,1000469,1000468,1001302,2.092795572,2.091052450
7,2087859,1000312,1000312,996146,1001198,2.095936740,2.085360738
7,1861687,1000260,1000260,1000209,1001250,1.861297989,1.859362797
7,1844118,1000468,1000468,1000521,1001407,1.843157715,1.841526972
7,1843809,1000312,1000312,1000313,1001250,1.843232068,1.841507116
7,1831990,1000261,1000261,988333,1001302,1.853616139,1.829607851
7,1843272,1000052,1000052,1000000,1001042,1.843272000,1.841353310
7,1843723,1000312,1000312,1000312,1001198,1.843147938,1.841516863
7,1843489,1000156,1000156,1000157,1001145,1.843199618,1.841380619
7,1837108,1000730,1000730,978697,1001823,1.877095771,1.833765046
7,1842129,1000156,1000156,1000156,1001198,1.841841673,1.839924770
7,1843453,1000104,1000104,1000105,1001145,1.843259458,1.841344660
7,1843994,1000417,1000417,1000469,1001354,1.843129572,1.841500608
7,1831853,1000730,1000730,983854,1001875,1.861915487,1.828424704
7,1844082,1000468,1000468,1000469,1001511,1.843217531,1.841299796
7,1843657,1000208,1000208,1000209,1001198,1.843271756,1.841450942
7,1843842,1000364,1000364,1000365,1001250,1.843169243,1.841540075
7,1838654,1000260,1000260,994167,1001355,1.849441794,1.836165995
7,1843688,1000260,1000260,1000261,1001198,1.843206923,1.841481905
7,1843965,1000416,1000416,1000469,1001459,1.843100586,1.841278575
7,1836256,1000521,1000521,1000625,1001614,1.835109057,1.833297059
7,1832658,1000729,1000729,988073,1001979,1.854779961,1.829038333
7,1842577,1000469,1000469,1000469,1001563,1.841713236,1.839701546
7,1842423,1000260,1000260,1000260,1001198,1.841944095,1.840218418
7,1843689,1000260,1000260,1000261,1001145,1.843207923,1.841580390
7,1820882,1000157,1000157,969010,1001198,1.879115799,1.818703194
7,1843972,1000417,1000417,1000365,1001406,1.843299196,1.841383015
7,1843569,1000209,1000209,1000208,1001094,1.843185617,1.841554340
7,1843217,1000365,1000365,1000416,1001354,1.842450541,1.840724659
7,1831864,1000417,1000417,985885,1001562,1.858090954,1.829007091
7,1843729,1000312,1000312,1000365,1001406,1.843056284,1.841140357
7,1843879,1000364,1000364,1000365,1001354,1.843206230,1.841385764
7,1843710,1000260,1000260,1000261,1001302,1.843228917,1.841312611
7,1839665,1000416,1000416,997188,1001458,1.844852726,1.836986673
7,1843732,1000261,1000261,1000312,1001302,1.843156935,1.841334582
7,1843996,1000417,1000417,1000416,1001406,1.843229217,1.841406982
7,1844404,1000625,1000625,1000729,1001771,1.843060409,1.841143335
7,1833622,1000677,1000677,989218,1001979,1.853607597,1.830000429
7,1844422,1000625,1000625,1000729,1001719,1.843078396,1.841256879
7,1843776,1000312,1000312,1000312,1001302,1.843200921,1.841378525
7,1844065,1000469,1000469,1000469,1001510,1.843200539,1.841284660
7,1955016,1000260,1000260,979166,1001354,1.996613445,1.952372488
7,2093299,1000208,1000208,1000260,1001146,2.092754884,2.090902825
7,2093748,1000468,1000468,1000417,1001302,2.092875271,2.091025485
7,2093597,1000365,1000365,1000364,1001302,2.092835208,2.090874681
7,2004545,1000417,1000417,942602,1001354,2.126608049,2.001834516
7,2093576,1000417,1000417,1000364,1001250,2.092814216,2.090962297
7,2093639,1000364,1000364,1000365,1001198,2.092875101,2.091133822
7,2093009,1000052,1000052,1000052,1000885,2.092900169,2.091158325
7,2087880,1000052,1000052,997708,1001042,2.092676414,2.085706694
7,2092099,1000416,1000416,1000365,1001303,2.091335662,2.089376542
7,2093044,1000157,1000157,1000104,1000886,2.092826346,2.091191205
7,2023512,1000104,1000104,1000156,1000990,2.023196381,2.021510704
7,1827043,1000417,1000417,987709,1001510,1.849778629,1.824288325
7,1843911,1000364,1000364,1000365,1001303,1.843238218,1.841511511
7,1842984,1000260,1000260,1000209,1001094,1.842598897,1.840969979
7,1843791,1000313,1000313,1000312,1001250,1.843215917,1.841489139
7,1835439,1000365,1000365,985313,1001406,1.862797913,1.832861996
7,1843422,1000105,1000105,1000052,1000990,1.843326147,1.841598817
7,1843348,1000052,1000052,1000104,1000937,1.843156312,1.841622400
7,1843246,1000365,1000365,1000364,1001302,1.842575303,1.840849214
7,1822736,1000573,1000573,982084,1001666,1.855987879,1.819704373
7,1843464,1000156,1000156,1000104,1001145,1.843272300,1.841355648
7,1844058,1000469,1000469,1000469,1001511,1.843193542,1.841275832
7,1843494,1000156,1000156,1000156,1001093,1.843206460,1.841481261
7,1835910,1000312,1000312,990521,1001459,1.853479129,1.833235310
7,1843631,1000260,1000260,1000261,1001459,1.843149938,1.840945061
7,1843429,1000156,1000156,1000156,1001145,1.843141470,1.841320688
7,1843565,1000156,1000156,1000209,1001146,1.843179775,1.841454693
7,1831093,1000678,1000678,986613,1001979,1.855938448,1.827476424
7,1843373,1000052,1000052,1000052,1001407,1.843277150,1.840783018
7,1843420,1000104,1000104,1000104,1001145,1.843228304,1.841311698
7,1843678,1000260,1000260,1000260,1001407,1.843198768,1.841087590
7,1834204,1000364,1000364,977917,1001823,1.875623391,1.830866331
7,1843353,1000052,1000052,1000052,1001198,1.843257151,1.841147306
7,1843377,1000104,1000104,1000105,1001250,1.843183466,1.841075655
7,1843568,1000208,1000208,1000157,1001354,1.843278605,1.841075184
7,1822791,1000416,1000416,977188,1001927,1.865343209,1.819285237
7,1843217,1000000,1000000,1000000,1001198,1.843217000,1.841011468
7,1843151,999948,999948,999947,1001354,1.843248692,1.840658748
7,1843411,1000104,1000104,1000052,1001511,1.843315148,1.840629808
7,1832809,1000365,1000365,987135,1001614,1.856695386,1.829855613
7,1843373,1000104,1000104,1000052,1001197,1.843277150,1.841169121
7,1843426,1000104,1000104,1000052,1001198,1.843330147,1.841220218
7,1843364,1000104,1000104,1000052,1001198,1.843268150,1.841158292
7,1828278,1000469,1000469,982032,1002031,1.861729557,1.824572294
7,1844112,1000468,1000468,1000417,1001666,1.843343326,1.841044819
7,1843164,999948,999948,999948,1001093,1.843259850,1.841151621
7,1843585,1000208,1000208,1000208,1001406,1.843201614,1.840996559
7,1828974,1000729,1000729,970676,1002292,1.884227075,1.824791578
7,1843960,1000417,1000417,1000364,1001615,1.843289043,1.840986806
7,1843261,1000000,1000000,1000000,1001146,1.843261000,1.841151041
7,1843831,1000313,1000313,1000364,1001458,1.843160090,1.841146608
7,1828595,1000625,1000625,978854,1002135,1.868097796,1.824699267
7,1843045,999896,999896,999843,1001458,1.843334404,1.840361753
7,1843338,1000052,1000052,1000052,1001198,1.843242151,1.841132323
7,1843607,1000208,1000208,1000209,1001302,1.843221767,1.841209745
7,1835929,1000260,1000260,994583,1001459,1.845928394,1.833254282
7,1844078,1000521,1000521,1000469,1001614,1.843213533,1.841106454
7,1843964,1000365,1000365,1000364,1001511,1.843293041,1.841181974
7,1844219,1000573,1000573,1000573,1001666,1.843162868,1.841151641
7,1830549,1000521,1000521,987083,1001719,1.854503623,1.827407686
7,1843238,1000000,1000000,999948,1001146,1.843333853,1.841128067
7,1843328,1000104,1000104,1000052,1001198,1.843232152,1.841122335
7,1843605,1000209,1000209,1000208,1001666,1.843221610,1.840538663
7,1834409,1000208,1000208,982031,1001459,1.867974636,1.831736496
7,1843998,1000416,1000416,1000417,1001510,1.843229373,1.841217761
7,1844116,1000521,1000521,1000468,1001771,1.843253357,1.840855844
7,1844039,1000469,1000469,1000417,1001563,1.843270356,1.841161265
7,1822460,1000261,1000261,979999,1001770,1.859654959,1.819239945
7,1843381,1000105,1000105,1000104,1001302,1.843189308,1.840984039
7,1843154,999948,999948,999896,1001093,1.843345708,1.841141632
7,1843328,1000052,1000052,1000052,1001145,1.843232152,1.841219803
7,1839396,1000573,1000573,995937,1001719,1.846899955,1.836239504
7,1843279,1000052,1000052,1000000,1001458,1.843279000,1.840595412
7,1843421,1000104,1000104,1000104,1001198,1.843229304,1.841215224
7,1844066,1000469,1000469,1000416,1001771,1.843299188,1.840805933
7,1830141,1000312,1000312,989376,1001458,1.849793203,1.827476539
7,1843629,1000208,1000208,1000209,1001407,1.843243762,1.841038659
7,1843924,1000417,1000417,1000417,1001407,1.843155404,1.841333244
7,1843299,1000052,1000052,1000052,1001042,1.843203153,1.841380282
7,1836569,1000312,1000312,983906,1001562,1.866610225,1.833704753
7,1843461,1000157,1000157,1000104,1001302,1.843269300,1.841063935
7,1843511,1000209,1000209,1000156,1001562,1.843223457,1.840635927
7,1843213,1000000,1000000,1000000,1001406,1.843213000,1.840625081
7,1829978,1000521,1000521,980782,1001927,1.865835629,1.826458415
7,1843739,1000313,1000313,1000260,1001407,1.843259752,1.841148504
7,1843425,1000104,1000104,1000156,1001093,1.843137471,1.841412336
7,1843441,1000104,1000104,1000157,1001146,1.843151625,1.841330835
7,1837490,1000364,1000364,991615,1001614,1.853027637,1.834529070
7,1843496,1000156,1000156,1000104,1001093,1.843304296,1.841483259
7,1844077,1000468,1000468,1000417,1001563,1.843308340,1.841199206
7,1844125,1000469,1000469,1000469,1001407,1.843260511,1.841533962
7,1788145,1000208,1000208,955418,1001563,1.871583956,1.785354491
7,1843155,999948,999948,999948,1001198,1.843250849,1.840949542
7,1844119,1000469,1000469,1000521,1001875,1.843158714,1.840667748
7,1843337,1000052,1000052,1000053,1001146,1.843239308,1.841226954
7,1819552,992968,992968,970313,1001510,1.875221707,1.816808619
7,1843279,1000052,1000052,1000052,1001145,1.843183154,1.841170859
7,1843449,1000156,1000156,1000104,1001250,1.843257301,1.841147566
7,1843252,1000052,1000052,1000052,1001094,1.843156156,1.841237686
7,1821339,1000625,1000625,982343,1002083,1.854076427,1.817553037
7,1843599,1000209,1000209,1000156,1001407,1.843311443,1.841008701
7,1843747,1000261,1000261,1000260,1001406,1.843267750,1.841158331
7,1843326,1000052,1000052,1000052,1001250,1.843230152,1.841024719
7,1837052,1000572,1000572,995886,1001979,1.844640852,1.833423655
7,1843683,1000312,1000312,1000260,1001406,1.843203767,1.841094421
7,1843782,1000312,1000312,1000260,1001406,1.843302741,1.841193282
7,1843956,1000417,1000417,1000416,1001563,1.843189233,1.841078394
7,1829277,1000156,1000156,980990,1001719,1.864725430,1.826137869
7,1844146,1000468,1000468,1000469,1001718,1.843281501,1.840983191
7,1843286,1000052,1000052,1000000,1001145,1.843286000,1.841177851
7,1843849,1000365,1000365,1000312,1001511,1.843273899,1.841067148
7,1838184,1000468,1000468,983698,1001718,1.868646678,1.835031416
7,1843212,1000000,1000000,999948,1001146,1.843307852,1.841102097
7,1843420,1000105,1000105,1000104,1001510,1.843228304,1.840640633
7,1844107,1000469,1000469,1000469,1001667,1.843242519,1.841037990
7,1830466,1000625,1000625,982500,1002135,1.863069720,1.826566281
7,1843925,1000365,1000365,1000417,1001563,1.843156404,1.841047443
7,1843825,1000208,1000208,1000261,1001562,1.843343887,1.840949437
7,1843463,1004583,1004583,999166,1005781,1.845001731,1.832867195
7,1843899,1000417,1000417,1000365,1001511,1.843226222,1.841117072
7,1844460,1000677,1000677,1000677,1001875,1.843212145,1.841008110
7,1843136,999948,999948,999948,1001146,1.843231848,1.841026184
7,1834358,1000365,1000365,992553,1001510,1.848120957,1.831592296
7,1824576,1000573,1000573,984011,1002031,1.854223174,1.820877797
7,1843876,1000365,1000365,1000364,1001771,1.843205073,1.840616269
7,1843846,1000313,1000313,1000312,1001458,1.843270899,1.841161586
7,1833384,1000521,1000521,979062,1001771,1.872592338,1.830142817
7,1843742,1000313,1000313,1000260,1001719,1.843262752,1.840578046
7,1843405,1000104,1000104,1000104,1001198,1.843213306,1.841199243
7,1843659,1000260,1000260,1000260,1001406,1.843179773,1.841070455
7,1831424,1000209,1000209,984948,1001407,1.859411867,1.828850807
7,1828848,1000208,1000208,987083,1001719,1.852780364,1.825709605
7,1843379,1000104,1000104,1000105,1001250,1.843185466,1.841077653
7,1843912,1000364,1000364,1000417,1001458,1.843143409,1.841227490
7,1836563,1000156,1000156,995521,1001354,1.844825976,1.834079656
7,1843343,1000053,1000053,1000104,1001250,1.843151312,1.841041698
7,1843959,1000417,1000417,1000417,1001563,1.843190390,1.841081390
7,1844249,1000573,1000573,1000573,1001666,1.843192850,1.841181591
7,1835948,1000469,1000469,992031,1001615,1.850696198,1.832987725
7,1794082,1000573,1000573,961771,1002084,1.865394153,1.790350909
7,1843591,1000208,1000208,1000209,1001354,1.843205770,1.841098153
7,1843714,1000260,1000260,1000260,1001406,1.843234759,1.841125378
7,1835583,1000208,1000208,979948,1001510,1.873143269,1.832815449
7,1843482,1000157,1000157,1000104,1001302,1.843290298,1.841084907
7,1843206,1000052,1000052,1000000,1001406,1.843206000,1.840618091
7,1843508,1000156,1000156,1000104,1001302,1.843316295,1.841110874
7,1836867,1000573,1000573,988386,1001771,1.858451051,1.833619660
7,1837022,1000521,1000521,986667,1002031,1.861845993,1.833298571
7,1843196,1000000,1000000,1000000,1001146,1.843196000,1.841086115
7,1843368,1000104,1000104,1000104,1001198,1.843176310,1.841162288
7,1837449,1000157,1000157,995572,1001407,1.845621412,1.834867342
7,1835299,1000052,1000052,1000000,1001198,1.835299000,1.833102943
7,1840279,1000208,1000208,1000521,1001875,1.839320714,1.836834934
7,1843556,1000208,1000208,1000261,1001406,1.843074957,1.840967600
7,1862045,1036770,1036770,986823,1038073,1.886908797,1.793751499
7,1843211,1000000,1000000,1000000,1001458,1.843211000,1.840527511
7,1844094,1000469,1000469,1000625,1001823,1.842942161,1.840738334
7,1844323,1000573,1000573,1000677,1001875,1.843075238,1.840871366
7,1837058,1000417,1000417,980782,1001719,1.873054359,1.833905516
7,1844035,1000469,1000469,1000469,1001823,1.843170553,1.840679441
7,1842166,1000417,1000417,1000364,1001719,1.841495696,1.839004751
7,1843672,1000260,1000260,1000261,1001459,1.843190927,1.840986001
7,1817077,1000312,1000312,970626,1001562,1.872067099,1.814243152
7,1843833,1000365,1000365,1000417,1001615,1.843064442,1.840860011
7,1843481,1000156,1000156,1000105,1001094,1.843287455,1.841466436
7,1844222,1000573,1000573,1000729,1001718,1.842878542,1.841059061
7,1838161,1000156,1000156,995261,1001302,1.846913523,1.835770826
7,1844462,1000677,1000677,1000781,1001771,1.843022599,1.841201233
7,1843790,1000312,1000312,1000313,1001302,1.843213074,1.841392507
7,1844083,1000521,1000521,1000469,1001406,1.843218531,1.841493860
7,1830706,1000260,1000260,982032,1001406,1.864201981,1.828135641
7,1844024,1000469,1000469,1000417,1001458,1.843255363,1.841339327
7,1843798,1000364,1000364,1000365,1001250,1.843125259,1.841496130
7,1843889,1000364,1000364,1000365,1001354,1.843216226,1.841395750
7,1843251,1000260,1000260,981198,1001406,1.878571909,1.840663028
7,2088030,1000416,1000416,1000677,1001562,2.086617360,2.084773584
7,2093145,1000157,1000157,1000156,1001094,2.092818520,2.090857602
7,2093254,1000260,1000260,1000261,1001094,2.092707803,2.090966483
7,2077610,1000156,1000156,982968,1001198,2.113608988,2.075124001
7,2092740,999948,999948,1000000,1000937,2.092740000,2.090780938
7,2093596,1000365,1000365,1000364,1001198,2.092834208,2.091090873
7,2093923,1000520,1000520,1000521,1001406,2.092832634,2.090983078
7,2087824,1000157,1000157,996145,1001145,2.095903709,2.085436176
7,2010372,1000417,1000417,1000468,1001354,2.009431586,2.007653637
7,1840264,1000157,1000157,1000156,1001094,1.839976964,1.838252951
7,1843687,1000260,1000260,1000313,1001302,1.843110107,1.841289641
7,1832634,1000521,1000521,985522,1001562,1.859556661,1.829775890
7,1844043,1000469,1000469,1000469,1001511,1.843178549,1.841260855
7,1843963,1000416,1000416,1000417,1001302,1.843194388,1.841565282
7,1844003,1000468,1000468,1000417,1001354,1.843234371,1.841509596
7,1835431,1000625,1000625,975833,1001771,1.880886381,1.832186198
7,1843771,1000312,1000312,1000261,1001302,1.843289901,1.841373532
7,1844015,1000469,1000469,1000469,1001458,1.843150562,1.841330340
7,1836194,1000521,1000521,1000572,1001563,1.835144297,1.833328508
7,1827296,1000729,1000729,980676,1001771,1.863302457,1.824065580
7,1843396,1000104,1000104,1000052,1001042,1.843300148,1.841477181
7,1843868,1000364,1000364,1000365,1001302,1.843195234,1.841470406
7,1842924,1000208,1000208,1000209,1001093,1.842538909,1.840911883
7,1839656,1000521,1000521,997865,1001563,1.843592069,1.836785105
7,1843404,1000104,1000104,1000052,1001094,1.843308148,1.841389520
7,1844124,1000521,1000521,1000469,1001406,1.843259511,1.841534802
7,1843713,1000260,1000260,1000469,1001458,1.842848704,1.841028780
7,1833396,1000677,1000677,983907,1001927,1.863383430,1.829869841
7,1844283,1000573,1000573,1000625,1001666,1.843131043,1.841215535
7,1844299,1000573,1000573,1000573,1001459,1.843242822,1.841612088
7,1843476,1000104,1000104,1000104,1001145,1.843284298,1.841367634
7,1861792,1000104,1000104,977708,1001042,1.904241348,1.859854032
7,2090310,1000104,1000104,1000104,1001041,2.090092630,2.088136250
7,2092220,1000052,1000052,1000000,1000938,2.092220000,2.090259337
7,2094162,1000625,1000625,1000833,1001615,2.092419015,2.090785382
7,2076557,1000313,1000313,986302,1001146,2.105396724,2.074179990
7,2093369,1000260,1000260,1000260,1001094,2.092824866,2.091081357
7,2093896,1000520,1000520,1000573,1001406,2.092696885,2.090956116
7,2092775,1000000,1000000,1000052,1000885,2.092666181,2.090924532
7,2086870,1000468,1000468,992189,1001302,2.103298867,2.084156428
7,2093738,1000416,1000416,1000417,1001458,2.092865275,2.090689774
7,2093504,1000312,1000312,1000313,1001146,2.092848938,2.091107591
7,2094010,1000573,1000573,1000625,1001615,2.092702061,2.090633627
7,1881646,1000313,1000313,984845,1001563,1.910601161,1.878709577
7,1844189,1000573,1000573,1000573,1001510,1.843132885,1.841408473
7,1843394,1000105,1000105,1000104,1000990,1.843202307,1.841570845
7,1843270,1000052,1000052,1000052,1000885,1.843174155,1.841640148
7,1837139,1000469,1000469,984896,1001406,1.865312683,1.834559609
7,1843416,1000104,1000104,1000104,1000990,1.843224305,1.841592823
7,1841956,1000104,1000104,1000104,1000989,1.841764456,1.840136105
7,1843306,1000052,1000052,1000052,1001094,1.843210153,1.841291627
7,1832225,1000729,1000729,986354,1001927,1.857573447,1.828701093
7,1843584,1000208,1000208,1000156,1001614,1.843296446,1.840613250
7,1844161,1000520,1000520,1000521,1001615,1.843200692,1.841187482
7,1843589,1000208,1000208,1000260,1001510,1.843109791,1.840809378
7,1835931,1000313,1000313,991668,1001511,1.851356502,1.833161094
7,1843503,1000156,1000156,1000156,1001250,1.843215458,1.841201498
7,1843724,1000260,1000260,1000260,1001406,1.843244756,1.841135364
7,1843912,1000365,1000365,1000416,1001458,1.843145252,1.841227490
7,1810399,1000365,1000365,963802,1001771,1.878393072,1.807198452
7,1844129,1000521,1000521,1000521,1001719,1.843168709,1.840964382
7,1843877,1000364,1000364,1000313,1001563,1.843300047,1.840999518
7,1843735,1000312,1000312,1000260,1001458,1.843255754,1.841050748
7,1837061,1001303,1001303,981823,1002552,1.871071466,1.832384754
7,1843730,1000260,1000260,1000261,1001511,1.843248912,1.840948327
7,1843356,1000104,1000104,1000052,1001146,1.843260150,1.841245932
7,1844007,1000469,1000469,1000417,1001458,1.843238370,1.841322352
7,1830796,1000104,1000104,986718,1001302,1.855439953,1.828415403
7,1843712,1000313,1000313,1000312,1001198,1.843136941,1.841505876
7,1844013,1000417,1000417,1000416,1001406,1.843246210,1.841423958
7,1843510,1000156,1000156,1000156,1001146,1.843222457,1.841399756
7,1839266,1000052,1000052,995260,1001198,1.848025642,1.837065196
7,1843392,1000104,1000104,1000053,1001093,1.843294305,1.841379372
7,1843874,1000365,1000365,1000365,1001354,1.843201232,1.841380770
7,1843535,1000209,1000209,1000156,1001094,1.843247453,1.841520377
7,1832575,1000365,1000365,984426,1001406,1.861567045,1.830002017
7,1843859,1000365,1000365,1000417,1001302,1.843090431,1.841461417
7,1843747,1000313,1000313,1000260,1001198,1.843267750,1.841540834
7,1843777,1000313,1000313,1000312,1001146,1.843201921,1.841666450
7,1838152,1000573,1000573,984583,1001562,1.866934530,1.835285284
7,1843483,1000157,1000157,1000156,1001042,1.843195462,1.841564090
7,1844094,1000521,1000521,1000468,1001354,1.843231368,1.841600473
7,1843822,1000313,1000313,1000364,1001250,1.843151093,1.841520100
7,1828218,1000364,1000364,982240,1001458,1.861274230,1.825556339
7,1843906,1000416,1000416,1000365,1001407,1.843233220,1.841315269
7,1843586,1000208,1000208,1000157,1001250,1.843296602,1.841284395
7,1844028,1000416,1000416,1000417,1001459,1.843259361,1.841341483
7,1837259,1000416,1000416,994739,1001719,1.846975940,1.834106171
7,1843934,1000365,1000365,1000417,1001458,1.843165400,1.841249458
7,1843624,1000260,1000260,1000208,1001250,1.843240606,1.841322347
7,1843807,1000365,1000365,1000365,1001354,1.843134256,1.841313861
7,1818665,1000730,1000730,961251,1002031,1.891977226,1.814978778
7,1843572,1000209,1000209,1000208,1001510,1.843188617,1.840792403
7,1843342,1000104,1000104,1000104,1001146,1.843150312,1.841231948
7,1843687,1000261,1000261,1000260,1001302,1.843207766,1.841289641
7,1832661,1000625,1000625,978542,1002083,1.872848585,1.828851502
7,1842841,1000156,1000156,1000156,1001250,1.842553562,1.840540325
7,1843337,1000260,1000260,1000209,1001407,1.842951823,1.840747069
7,1843318,1000052,1000052,1000000,1001145,1.843318000,1.841209815
7,1828848,1000260,1000260,980521,1001563,1.865179838,1.825993971
7,1843627,1000364,1000364,1000365,1001875,1.842954322,1.840176669
7,1843637,1000313,1000313,1000313,1001406,1.843060122,1.841048486
7,1844046,1000468,1000468,1000417,1001875,1.843277353,1.840594885
7,1837649,1000052,1000052,995000,1001302,1.846883417,1.835259492
7,1843583,1000208,1000208,1000209,1001302,1.843197772,1.841185776
7,1842896,1000052,1000052,1000000,1001146,1.842896000,1.840786459
7,1843152,1000000,1000000,999948,1001094,1.843247849,1.841137795
7,1827593,1000573,1000573,984375,1002083,1.856602413,1.823794037
7,1842730,999948,999948,999948,1001146,1.842825827,1.840620649
7,1843177,1000156,1000156,1000208,1001302,1.842793699,1.840780304
7,1844111,1000520,1000520,1000469,1001615,1.843246517,1.841137563
7,1833667,1000469,1000469,982396,1001666,1.866525312,1.830617192
7,1844044,1000469,1000469,1000416,1001562,1.843277197,1.841168095
7,1843190,999947,999947,1000000,1001406,1.843190000,1.840602113
7,1843661,1000208,1000208,1000261,1001407,1.843179930,1.841070614
7,1827699,1000521,1000521,984896,1002031,1.855727914,1.823994467
7,1843707,1000469,1000469,1000416,1001719,1.842940337,1.840543106
7,1843423,1000208,1000208,1000208,1001615,1.843039648,1.840450672
7,1844121,1000521,1000521,1000468,1001614,1.843258355,1.841149385
7,1837151,1000573,1000573,997031,1001719,1.842621744,1.833998357
7,1843032,1000000,1000000,1000052,1001146,1.842936167,1.840922303
7,1843955,1000469,1000469,1000520,1001510,1.842996642,1.841174826
7,1843569,1000209,1000209,1000208,1001198,1.843185617,1.841363047
7,1828610,1000365,1000365,985260,1001562,1.855966953,1.825758166
7,1843305,1000052,1000052,1000000,1001042,1.843305000,1.841386276
7,1843393,1000157,1000157,1000208,1001146,1.843009654,1.841282890
7,1843962,1000521,1000521,1000520,1001458,1.843003638,1.841277418
7,1835043,1000052,1000052,983490,1001146,1.865848153,1.832942448
7,1843190,999948,999948,999948,1001094,1.843285851,1.841175754
7,1843296,1000156,1000156,1000104,1001094,1.843104317,1.841281638
7,1843436,1000261,1000261,1000208,1001146,1.843052645,1.841325841
7,1830220,1000156,1000156,979740,1001302,1.868067038,1.827840152
7,1843538,1000521,1000521,1000468,1001458,1.842675628,1.840854035
7,1843924,1000365,1000365,1000365,1001458,1.843251213,1.841239473
7,1843547,1000209,1000209,1000208,1001146,1.843163622,1.841436714
7,1837695,1000417,1000417,997187,1001458,1.842879019,1.835019542
7,1843307,1000365,1000365,1000313,1001302,1.842730225,1.840910135
7,1844088,1000469,1000469,1000469,1001406,1.843223528,1.841498853
7,1843708,1000312,1000312,1000261,1001198,1.843226918,1.841501881
7,1829031,1000677,1000677,987239,1001875,1.852672960,1.825607985
7,1843978,1000468,1000468,1000417,1001510,1.843209382,1.841197791
7,1843787,1000312,1000312,1000313,1001355,1.843210075,1.841292049
7,1843228,1000156,1000156,1000105,1001094,1.843034481,1.841213712
7,1835404,1000104,1000104,984478,1001302,1.864342322,1.833017411
7,1843328,1000052,1000052,1000052,1001510,1.843232152,1.840548771
7,1842926,1000052,1000052,1000052,1001146,1.842830173,1.840816424
7,1844123,1000469,1000469,1000469,1001615,1.843258512,1.841149543
7,1818106,1000261,1000261,976875,1001614,1.861144978,1.815176305
7,1843458,1000052,1000052,1000000,1001198,1.843458000,1.841252180
7,1842661,1000000,1000000,1000000,1001146,1.842661000,1.840551728
7,1843449,1000313,1000313,1000312,1001406,1.842874023,1.840860750
7,1835884,1000052,1000052,995365,1001406,1.844432947,1.833306371
7,1843690,1000521,1000521,1000417,1001511,1.842921502,1.840908387
7,1843523,1000209,1000209,1000208,1001250,1.843139627,1.841221473
7,1843860,1000417,1000417,1000469,1001614,1.842995635,1.840888805
7,1819197,1000364,1000364,976771,1001563,1.862460085,1.816358032
7,1843370,1000105,1000105,1000104,1001354,1.843178309,1.840877452
7,1842986,999948,999948,999948,1000833,1.843081840,1.841452070
7,1844158,1000520,1000520,1000521,1001354,1.843197694,1.841664386
7,1838207,1000312,1000312,987552,1001355,1.861377426,1.835719600
7,1844044,1000469,1000469,1000417,1001302,1.843275354,1.841646177
7,1843169,1000209,1000209,1000156,1000990,1.842881510,1.841346067
7,1843484,1000260,1000260,1000313,1001094,1.842907170,1.841469432
7,1831055,1000573,1000573,987291,1001875,1.854625435,1.827628197
7,1843230,1000000,1000000,1000000,1001146,1.843230000,1.841120076
7,1843962,1000417,1000417,1000364,1001823,1.843291042,1.840606574
7,1843290,1000208,1000208,1000260,1001355,1.842810869,1.840795722
7,1835084,1000156,1000156,995520,1001407,1.843342173,1.832505665
7,1843779,1000313,1000313,1000312,1001354,1.843203920,1.841285899
7,1843537,1000260,1000260,1000261,1001406,1.843055962,1.840948626
7,1842968,1000104,1000104,1000052,1001250,1.842872171,1.840667166
7,1801383,1000313,1000313,958907,1001875,1.878579466,1.798011728
7,1843238,1000000,1000000,1000052,1001406,1.843142157,1.840650046
7,1844109,1000469,1000469,1000521,1001823,1.843148720,1.840753307
7,1843234,1000104,1000104,1000104,1001355,1.843042324,1.840739798
7,1805256,1000469,1000469,961145,1001563,1.878234814,1.802438788
7,1843564,1000260,1000260,1000261,1001511,1.843082955,1.840782578
7,1844056,1000469,1000469,1000468,1001459,1.843193385,1.841369442
7,1843847,1000365,1000365,1000364,1001354,1.843176084,1.841353807
7,1828030,1000521,1000521,983436,1001875,1.858819486,1.824608858
7,1843405,1000104,1000104,1000052,1001198,1.843309148,1.841199243
7,1843606,1000208,1000208,1000260,1001250,1.843126787,1.841304370
7,1843363,1000209,1000209,1000156,1001250,1.843075480,1.841061673
7,1838069,1000261,1000261,996614,1001355,1.844313847,1.835581787
7,1843535,1000209,1000209,1000156,1001198,1.843247453,1.841329088
7,1843993,1000469,1000469,1000468,1001719,1.843130415,1.840828616
7,1843623,1000312,1000312,1000313,1001354,1.843046127,1.841130110
7,1825879,1000313,1000313,984948,1001562,1.853782129,1.823031425
7,1843614,1000313,1000313,1000312,1001354,1.843038972,1.841121122
7,1844050,1000469,1000469,1000469,1001511,1.843185546,1.841267844
7,1843799,1000573,1000573,1000573,1001823,1.842743108,1.840443871
7,1836227,1000417,1000417,984478,1001667,1.865178298,1.833171104
7,1843614,1000417,1000417,1000364,1001563,1.842943169,1.840736928
7,1843442,1000365,1000365,1000261,1001510,1.842960987,1.840662599
7,1843646,1000416,1000416,1000417,1001614,1.842877520,1.840675150
7,1827757,1000781,1000781,981146,1002136,1.862879735,1.823861232
7,1843820,1000468,1000468,1000417,1001927,1.843051448,1.840273792
7,1843388,1000209,1000209,1000208,1001303,1.843004655,1.840989191
7,1843434,1000104,1000104,1000104,1001197,1.843242303,1.841230048
7,1836699,1000521,1000521,992344,1001667,1.850869255,1.833642318
7,1844080,1000469,1000469,1000468,1001615,1.843217374,1.841106613
7,1844212,1000520,1000520,1000469,1001614,1.843347470,1.841240238
7,1843545,1000261,1000261,1000260,1001407,1.843065803,1.840954777
7,1829810,1000469,1000469,983178,1001928,1.861117722,1.826288915
7,1843727,1000364,1000364,1000365,1001510,1.843054285,1.840947170
7,1843152,999948,999948,1000000,1001146,1.843152000,1.841042166
7,1842723,999948,999948,999948,1001406,1.842818827,1.840135769
7,1834743,1000365,1000365,982968,1001615,1.866533804,1.831784668
7,1844203,1000521,1000521,1000521,1001667,1.843242671,1.841133830
7,1843672,1000208,1000208,1000261,1001406,1.843190927,1.841083437
7,1843191,1000052,1000052,999948,1001094,1.843286851,1.841176753
7,1827256,1000416,1000416,984896,1001562,1.855278121,1.824406277
7,1843752,1000261,1000261,1000260,1001615,1.843272749,1.840779142
7,1843820,1000364,1000364,1000313,1001354,1.843243065,1.841326843
7,1842961,999948,999948,999948,1001042,1.843056839,1.841042634
7,1835339,1000469,1000469,996667,1001823,1.841476642,1.831999265
7,1843921,1000365,1000365,1000364,1001667,1.843250057,1.840852299
7,1843275,1000104,1000104,1000104,1001146,1.843083319,1.841165025
7,1843741,1000313,1000313,1000260,1001355,1.843261752,1.841246112
7,1825674,1000261,1000261,981198,1001771,1.860658093,1.822446447
7,1843811,1000313,1000313,1000312,1001407,1.843235910,1.841220403
7,1843100,1000157,1000157,1000156,1001145,1.842812521,1.840992064
7,1842887,1000156,1000156,1000156,1001146,1.842599554,1.840777469
7,1836446,1000416,1000416,984845,1001562,1.864705614,1.833581945
7,1843889,1000365,1000365,1000416,1001407,1.843122261,1.841298293
7,1844238,1000625,1000625,1000573,1001718,1.843181857,1.841075033
7,1842859,1000209,1000209,1000260,1001302,1.842379981,1.840462718
7,1830589,1000156,1000156,981667,1001250,1.864775937,1.828303620
7,1831910,1000677,1000677,1000729,1001771,1.830575510,1.828671423
7,1844333,1000625,1000625,1000677,1001823,1.843085231,1.840976899
7,1842584,1000052,1000052,1000000,1000990,1.842584000,1.840761646
7,1838859,1000312,1000312,994584,1001510,1.848872493,1.836086509
7,1844047,1000469,1000469,1000416,1001459,1.843280195,1.841360455
7,1843443,1000156,1000156,1000156,1001146,1.843155468,1.841332833
7,1843700,1000260,1000260,1000261,1001354,1.843218920,1.841207006
7,1829422,1000469,1000469,982656,1001667,1.861711525,1.826377429
7,1844015,1000469,1000469,1000573,1001615,1.842958985,1.841041718
7,1843837,1000364,1000364,1000417,1001510,1.843068440,1.841057004
7,1843780,1000312,1000312,1000365,1001198,1.843107266,1.841573795
7,1996916,1000520,1000520,983855,1001614,2.029685269,1.993698171
7,2093134,1000156,1000156,1000156,1001042,2.092807522,2.090955225
7,2092626,1000261,1000261,1000312,1001250,2.091973304,2.090013483
7,2093334,1000260,1000260,1000261,1001094,2.092787782,2.091046395
7,2069571,1000677,1000677,978228,1001666,2.115632552,2.066128829
7,2093688,1000417,1000417,1000417,1001719,2.092815296,2.090095126
7,2034967,999896,999896,999896,1001042,2.035178659,2.032848772
7,1838521,1000208,1000208,1000208,1001355,1.838138667,1.836033175
7,1836644,1000260,1000260,994844,1001666,1.846162815,1.833589240
7,1843764,1000313,1000313,1000312,1001407,1.843188925,1.841173469
7,1843185,1000000,1000000,1000000,1001250,1.843185000,1.840883895
7,1843841,1000365,1000365,1000364,1001615,1.843170086,1.840867998
7,1827417,1000469,1000469,981302,1001823,1.862237109,1.824091681
7,1843169,1000000,1000000,999947,1000938,1.843266693,1.841441728
7,1843747,1000313,1000313,1000260,1001198,1.843267750,1.841540834
7,1843837,1000313,1000313,1000364,1001250,1.843166088,1.841535081
7,1837707,1000261,1000261,983281,1001355,1.868954043,1.835220277
7,1843947,1000364,1000364,1000365,1001406,1.843274205,1.841358051
7,1843680,1000261,1000261,1000260,1001198,1.843200768,1.841473914
7,1844149,1000521,1000521,1000469,1001459,1.843284500,1.841462306
7,1832538,1000417,1000417,985730,1001562,1.859066884,1.829680040
7,1842426,1000313,1000313,1000364,1001407,1.841755601,1.839837349
7,1843788,1000313,1000313,1000313,1001250,1.843211075,1.841486142
7,1843455,1000157,1000157,1000156,1001145,1.843167466,1.841346658
7,1838928,1000052,1000052,995365,1001198,1.847491121,1.836727600
7,1843478,1000104,1000104,1000260,1001302,1.842998820,1.841080913
7,1843809,1000313,1000313,1000364,1001407,1.843138098,1.841218406
7,1831213,1000208,1000208,1000260,1001250,1.830737008,1.828926841
7,1832763,1000156,1000156,985731,1001354,1.859293255,1.830284794
7,1841809,1000365,1000365,1000312,1001407,1.841234535,1.839221216
7,1843370,1000052,1000052,1000052,1001093,1.843274150,1.841357396
7,1843380,1000104,1000104,1000104,1000990,1.843188308,1.841556859
7,1834926,1000313,1000313,975522,1001406,1.880968343,1.832349716
7,1843373,1000104,1000104,1000104,1001094,1.843181309,1.841358554
7,1844247,1000573,1000573,1000573,1001614,1.843190852,1.841275182
7,1843827,1000365,1000365,1000573,1001667,1.842771092,1.840758456
7,1810579,1000885,1000885,965313,1002135,1.875639300,1.806721649
7,1843218,1000000,1000000,1000000,1001146,1.843218000,1.841108090
7,1843875,1000364,1000364,1000365,1001406,1.843202231,1.841286152
7,1843762,1000312,1000312,1000312,1001198,1.843186926,1.841555816
7,1839680,1000416,1000416,995522,1001458,1.847955143,1.837001652
7,1843443,1000156,1000156,1000104,1001094,1.843251302,1.841428477
7,1843250,1000052,1000052,1000000,1000990,1.843250000,1.841426987
7,1844213,1000521,1000521,1000573,1001615,1.843156871,1.841239398
7,1833187,1000416,1000416,988072,1001614,1.855317224,1.830233004
7,1843644,1000209,1000209,1000312,1001302,1.843068962,1.841246697
7,1843388,1000104,1000104,1000052,1001094,1.843292149,1.841373537
7,1850779,1006510,1006510,1002031,1007396,1.847027687,1.837191134
7,2027477,1000209,1000209,1000156,1001146,2.027160763,2.025156171
7,2093444,1000312,1000312,1000313,1001146,2.092788957,2.091047659
7,2093181,1000468,1000468,1000469,1001354,2.092199758,2.090350665
7,2088280,1000417,1000417,990834,1001406,2.107598246,2.085348001
7,2086987,1000521,1000521,992604,1001614,2.102537366,2.083624031
7,2093472,1000313,1000313,1000364,1001355,2.092710253,2.090639184
7,2093290,1000261,1000261,1000260,1001146,2.092745886,2.090893836
7,2087816,1000416,1000416,996146,1001302,2.095893574,2.085101198
7,2093754,1000469,1000469,1000521,1001406,2.092663722,2.090814315
7,2093522,1000313,1000313,1000364,1001250,2.092760235,2.090908365
7,2093809,1000521,1000521,1000469,1001458,2.092827464,2.090760671
7,2087569,1000312,1000312,993387,1001198,2.101465995,2.085071085
7,1917678,1000416,1000416,992135,1001406,1.932880102,1.914985530
7,1841511,1000156,1000156,1000157,1001146,1.841221928,1.839403044
7,1843061,999948,999948,999896,1000833,1.843252698,1.841527008
7,1835938,1000156,1000156,984741,1001094,1.864386676,1.833931679
7,1843454,1000156,1000156,1000104,1001146,1.843262301,1.841343820
7,1843641,1000209,1000209,1000260,1001093,1.843161778,1.841628100
7,1843116,999948,999948,999947,1000833,1.843213690,1.841581962
7,1836058,1000052,1000052,988958,1001094,1.856558115,1.834051548
7,1839419,1000364,1000364,998542,1001354,1.842104789,1.836931794
7,1844362,1000625,1000625,1000625,1001927,1.843209994,1.840814750
7,1843598,1000209,1000209,1000156,1001406,1.843310444,1.841009541
7,1837290,1000208,1000208,993958,1001355,1.848458386,1.834803841
7,1843585,1000208,1000208,1000209,1001510,1.843199771,1.840805384
7,1843145,1000000,1000000,1000000,1001042,1.843145000,1.841226442
7,1844003,1000468,1000468,1000469,1001562,1.843138568,1.841127159
7,1836081,1000573,1000573,985625,1001771,1.862859607,1.832835049
7,1836165,1000053,1000053,997864,1001407,1.840095444,1.833585146
7,1842542,1000521,1000521,1000521,1001614,1.841582535,1.839572929
7,1843731,1000261,1000261,1000208,1001354,1.843347584,1.841237964
7,1837074,1000417,1000417,981458,1001615,1.871780555,1.834111909
7,1843113,999948,999948,999948,1001146,1.843208847,1.841003210
7,1843150,1000000,1000000,999948,1001094,1.843245849,1.841135797
7,1843893,1000365,1000365,1000417,1001355,1.843124417,1.841397906
7,1844937,1008230,1008230,993542,1009219,1.856929048,1.828083895
7,1844101,1000468,1000468,1000469,1001615,1.843236522,1.841127579
7,1843492,1000156,1000156,1000104,1001094,1.843300297,1.841477424
7,1843973,1000416,1000416,1000417,1001406,1.843204384,1.841384014
7,1839274,1000364,1000364,996042,1001458,1.846582775,1.836596243
7,1843971,1000417,1000417,1000416,1001354,1.843204227,1.841477639
7,1843874,1000365,1000365,1000364,1001354,1.843203074,1.841380770
7,1843566,1000156,1000156,1000208,1001146,1.843182618,1.841455692
7,1831424,1000416,1000416,986200,1001406,1.857051308,1.828852633
7,1843571,1000208,1000208,1000209,1001198,1.843185774,1.841365045
7,1843172,1000000,1000000,999948,1000833,1.843267850,1.841637916
7,1843989,1000417,1000417,1000417,1001302,1.843220377,1.841591248
7,1837637,1000260,1000260,983698,1001302,1.868090613,1.835247508
7,1843731,1000208,1000208,1000261,1001198,1.843249912,1.841524853
7,1844107,1000468,1000468,1000469,1001354,1.843242519,1.841613455
7,1843137,1000000,1000000,999948,1000833,1.843232848,1.841602945
7,1827919,1000573,1000573,980469,1001563,1.864331254,1.825066421
7,1843882,1000364,1000364,1000365,1001510,1.843209229,1.841101936
7,1843218,1000052,1000052,1000000,1001198,1.843218000,1.841012467
7,1843385,1000052,1000052,1000052,1001146,1.843289149,1.841274899
7,1836567,1000573,1000573,991718,1001823,1.851904473,1.833225031
7,1843837,1000312,1000312,1000313,1001510,1.843260060,1.841057004
7,1843379,1000104,1000104,1000104,1001302,1.843187309,1.840982041
7,1843443,1000104,1000104,1000104,1001198,1.843251302,1.841237198
7,1830725,1000416,1000416,985103,1001718,1.858409730,1.827585209
7,1842847,999791,999791,999792,1000990,1.843230392,1.841024386
7,1843735,1000313,1000313,1000312,1001250,1.843159934,1.841433208
7,1843267,1000052,1000052,1000000,1000989,1.843267000,1.841445810
7,1839351,1000625,1000625,985469,1001615,1.866472715,1.836385238
7,1843172,1000000,1000000,999947,1000990,1.843269693,1.841349064
7,1843763,1000313,1000313,1000260,1001355,1.843283746,1.841268082
7,1843948,1000417,1000417,1000417,1001302,1.843179394,1.841550302
7,1831778,1000261,1000261,982604,1001302,1.864207758,1.829396126
7,1843967,1000417,1000417,1000417,1001614,1.843198386,1.840995633
7,1843645,1000261,1000261,1000260,1001198,1.843165777,1.841438956
7,1843510,1000157,1000157,1000208,1001198,1.843126630,1.841304118
7,1835865,1000156,1000156,991770,1001406,1.851099549,1.833287398
7,1843376,1000104,1000104,1000104,1001250,1.843184309,1.841074657
7,1843428,1000156,1000156,1000156,1001146,1.843140470,1.841317850
7,1843588,1000208,1000208,1000209,1001406,1.843202771,1.840999555
7,1830272,1000469,1000469,985052,1001614,1.858046073,1.827322701
7,1843796,1000312,1000312,1000313,1001354,1.843219072,1.841302876
7,1843914,1000365,1000365,1000364,1001406,1.843243060,1.841325097
7,1843554,1000156,1000156,1000208,1001302,1.843170621,1.841156814
7,1834557,1000469,1000469,985104,1001666,1.862297788,1.831505711
7,1843341,1000052,1000052,1000104,1001198,1.843149312,1.841135320
7,1843516,1000156,1000156,1000208,1001302,1.843132628,1.841118863
7,1841960,1000261,1000261,1000208,1001511,1.841576952,1.839180998
7,1828759,1000469,1000469,979895,1001718,1.866280571,1.825622580
7,1844084,1000521,1000521,1000468,1001979,1.843221372,1.840441766
7,1844046,1000469,1000469,1000468,1001614,1.843183390,1.841074506
7,1843663,1000208,1000208,1000261,1001406,1.843181930,1.841074449
7,1837979,1000312,1000312,995469,1001459,1.846344788,1.835301295
7,1843822,1000365,1000365,1000312,1001406,1.843246907,1.841233226
7,1843191,1000000,1000000,1000000,1001146,1.843191000,1.841081121
7,1843132,999948,999948,999947,1001093,1.843229691,1.841119656
7,1827048,1000364,1000364,980052,1001667,1.864235775,1.824007380
7,1843832,1000312,1000312,1000365,1001511,1.843159247,1.841050173
7,1844096,1000469,1000469,1000469,1001615,1.843231524,1.841122587
7,1843222,1000000,1000000,1000000,1001458,1.843222000,1.840538495
7,1837933,1000468,1000468,983021,1001719,1.869678267,1.834779015
7,1843831,1000365,1000365,1000313,1001458,1.843254061,1.841146608
7,1843805,1000364,1000364,1000365,1001511,1.843132257,1.841023214
7,1844045,1000469,1000469,1000468,1001562,1.843182391,1.841169094
7,1822740,1000573,1000573,980209,1001823,1.859542200,1.819423192
7,1844068,1000521,1000521,1000417,1001563,1.843299344,1.841190220
7,1843892,1000365,1000365,1000364,1001614,1.843221068,1.840920754
7,1844003,1000416,1000416,1000417,1001459,1.843234371,1.841316519
7,1838156,1000469,1000469,996928,1001614,1.843820216,1.835193997
7,1843383,1000104,1000104,1000052,1001302,1.843287149,1.840986036
7,1843822,1000365,1000365,1000365,1001406,1.843149251,1.841233226
7,1843506,1000156,1000156,1000156,1001250,1.843218458,1.841204494
7,1827734,1000625,1000625,980103,1001979,1.864838696,1.824124058
7,1843681,1000261,1000261,1000260,1001250,1.843201768,1.841379276
7,1842564,1000000,1000000,1000000,1001042,1.842564000,1.840646047
7,1843205,1000000,1000000,999948,1001041,1.843300852,1.841288219
7,1836669,1000156,1000156,983958,1001354,1.866613209,1.834185513
7,1843369,1000104,1000104,1000104,1001146,1.843177310,1.841258917
7,1843629,1000261,1000261,1000208,1001302,1.843245605,1.841231716
7,1844040,1000417,1000417,1000468,1001458,1.843177393,1.841355304
7,1818278,1000625,1000625,977500,1001927,1.860130946,1.814780917
7,1843157,1000000,1000000,999948,1001042,1.843252849,1.841238430
7,1843659,1000260,1000260,1000260,1001250,1.843179773,1.841357303
7,1843504,1000156,1000156,1000157,1001146,1.843214615,1.841393763
7,1836058,1000416,1000416,996666,1001511,1.842199894,1.833287902
7,1843311,1000052,1000052,1000052,1001093,1.843215153,1.841298461
7,1843488,1000156,1000156,1000104,1001198,1.843296297,1.841282144
7,1843541,1000209,1000209,1000208,1001250,1.843157623,1.841239451
7,1829184,1000469,1000469,980677,1001823,1.865225757,1.825855465
7,1843466,1000104,1000104,1000208,1001302,1.843082639,1.841068928
7,1843127,999948,999948,999948,1001198,1.843222848,1.840921576
7,1843146,1000000,1000000,999948,1000990,1.843241849,1.841323090
7,1837129,1000573,1000573,984271,1001823,1.866486974,1.833786008
7,1844014,1000469,1000469,1000417,1001562,1.843245367,1.841138142
7,1843536,1000208,1000208,1000156,1001563,1.843248453,1.840659050
7,1843983,1000417,1000417,1000469,1001562,1.843118577,1.841107191
7,1829033,1000521,1000521,981511,1001979,1.863487011,1.825420493
7,1843443,1000105,1000105,1000156,1001250,1.843155468,1.841141573
7,1843766,1000313,1000313,1000312,1001406,1.843190924,1.841177305
7,1843647,1000260,1000260,1000261,1001406,1.843165934,1.841058472
7,1837891,1000208,1000208,996511,1001354,1.844325853,1.835405860
7,1843264,1000052,1000052,1000052,1001459,1.843168155,1.840578596
7,1843173,999948,999948,999948,1001093,1.843268850,1.841160611
7,1843749,1000260,1000260,1000260,1001407,1.843269750,1.841158490
7,1829722,1000521,1000521,982605,1001980,1.862113464,1.826106310
7,1843468,1000104,1000104,1000104,1001354,1.843276299,1.840975319
7,1843531,1000208,1000208,1000156,1001302,1.843243454,1.841133844
7,1843312,1000053,1000053,1000052,1001198,1.843216153,1.841106355
7,1833501,1000209,1000209,982604,1001510,1.865961262,1.830736588
7,1843766,1000312,1000312,1000313,1001406,1.843189082,1.841177305
7,1843938,1000365,1000365,1000416,1001615,1.843171241,1.840964842
7,1843748,1000312,1000312,1000261,1001354,1.843266907,1.841254941
7,1829703,1000053,1000053,987135,1001354,1.853548907,1.827228932
7,1843328,1000104,1000104,1000000,1001094,1.843328000,1.841313603
7,1843703,1000261,1000261,1000260,1001302,1.843223762,1.841305620
7,1843641,1000261,1000261,1000260,1001250,1.843161778,1.841339326
7,1835595,1000260,1000260,996198,1001406,1.842600567,1.833017777
7,1843396,1000104,1000104,1000104,1001146,1.843204307,1.841285886
7,1843296,1000053,1000053,1000052,1001094,1.843200154,1.841281638
7,1843588,1000208,1000208,1000208,1001250,1.843204613,1.841286392
7,1830464,1000208,1000208,983542,1001563,1.861093883,1.827607450
7,1843379,1000052,1000052,1000104,1001146,1.843187309,1.841268906
7,1843394,1000104,1000104,1000104,1001354,1.843202307,1.840901419
7,1844049,1000469,1000469,1000416,1001510,1.843282195,1.841268684
7,1835308,1000157,1000157,983229,1001354,1.866612966,1.832826353
7,1843261,1000052,1000052,1000000,1001146,1.843261000,1.841151041
7,1843572,1000209,1000209,1000260,1001302,1.843092796,1.841174790
7,1843737,1000313,1000313,1000260,1001406,1.843257753,1.841148345
7,1825071,1000625,1000625,978177,1002083,1.865788094,1.821277279
7,1843466,1000156,1000156,1000104,1001354,1.843274299,1.840973322
7,1843686,1000260,1000260,1000313,1001354,1.843109107,1.841193025
7,1843426,1000104,1000104,1000104,1001250,1.843234304,1.841124594
7,1837125,1000208,1000208,996562,1001615,1.843462825,1.834162827
7,1843873,1000364,1000364,1000313,1001458,1.843296048,1.841188547
7,1843879,1000365,1000365,1000416,1001459,1.843112265,1.841192700
7,1843278,1000052,1000052,1000052,1001145,1.843182155,1.841169861
7,1827340,1000156,1000156,982447,1001563,1.859988376,1.824488325
7,1843844,1000364,1000364,1000312,1001459,1.843268900,1.841157751
7,1843635,1000261,1000261,1000260,1001354,1.843155779,1.841142094
7,1843583,1000209,1000209,1000208,1001302,1.843199614,1.841185776
7,1836067,1000261,1000261,982084,1001458,1.869562074,1.833393912
7,1843560,1000208,1000208,1000156,1001354,1.843272449,1.841067195
7,1844204,1000521,1000521,1000521,1001927,1.843243670,1.840657054
7,1843674,1000260,1000260,1000260,1001407,1.843194769,1.841083595
7,1817965,1000625,1000625,978489,1001875,1.857930953,1.814562695
7,1843518,1000209,1000209,1000156,1001250,1.843230456,1.841216479
7,1843321,1000052,1000052,1000000,1001093,1.843321000,1.841308450
7,1843343,1000052,1000052,1000105,1001094,1.843149469,1.841328587
7,1837190,1000625,1000625,994948,1001771,1.846518612,1.833942089
7,1844003,1000416,1000416,1000365,1001510,1.843330184,1.841222754
7,1843949,1000416,1000416,1000417,1001458,1.843180394,1.841264436
7,1843771,1000312,1000312,1000260,1001302,1.843291744,1.841373532
7,1828507,1000260,1000260,984688,1001407,1.856940473,1.825937905
7,1843712,1000261,1000261,1000312,1001406,1.843136941,1.841123381
7,1843145,999948,999948,999948,1000885,1.843240849,1.841515259
7,1843695,1000261,1000261,1000260,1001250,1.843215764,1.841393258
7,1830089,1000417,1000417,978907,1001458,1.869522845,1.827424615
7,1844050,1000469,1000469,1000521,1001615,1.843089750,1.841076661
7,1843715,1000260,1000260,1000365,1001458,1.843042290,1.841030777
7,1843762,1000312,1000312,1000312,1001302,1.843186926,1.841364543
7,1820240,1000729,1000729,974688,1001823,1.867510424,1.816927741
7,1843742,1000260,1000260,1000312,1001354,1.843166932,1.841248949
7,1843707,1000313,1000313,1000260,1001302,1.843227761,1.841309615
7,1843531,1000156,1000156,1000209,1001146,1.843145783,1.841420732
7,1835817,1000208,1000208,988855,1001459,1.856507779,1.833142445
7,1843852,1000313,1000313,1000364,1001354,1.843181082,1.841358800
7,1843959,1000417,1000417,1000365,1001458,1.843286201,1.841274422
7,1843981,1000416,1000416,1000417,1001406,1.843212380,1.841392003
7,1829860,1000625,1000625,985208,1001979,1.857333680,1.826245859
7,1844005,1000469,1000469,1000416,1001511,1.843238213,1.841222912
7,1843706,1000313,1000313,1000208,1001355,1.843322589,1.841211159
7,1843362,1000104,1000104,1000104,1001146,1.843170310,1.841251925
7,1834093,1000520,1000520,976458,1001875,1.878312226,1.830660512
7,1843220,1000000,1000000,1000000,1001459,1.843220000,1.840534660
7,1843136,1000000,1000000,999948,1001354,1.843231848,1.840643768
7,1844111,1000468,1000468,1000469,1001614,1.843246517,1.841139401
7,1825234,1000521,1000521,980365,1002032,1.861790252,1.821532646
7,1843539,1000156,1000156,1000209,1001354,1.843153781,1.841046223
7,1843834,1000313,1000313,1000365,1001510,1.843161246,1.841054008
7,1843138,1000000,1000000,1000000,1001146,1.843138000,1.841028182
7,1834453,1000572,1000572,987448,1001823,1.857771751,1.831114878
7,1843888,1000364,1000364,1000365,1001771,1.843215226,1.840628247
7,1843991,1000417,1000417,1000469,1001510,1.843126574,1.841210772
7,1843887,1000364,1000364,1000365,1001510,1.843214227,1.841106929
7,1808758,1000260,1000260,964324,1001667,1.875674566,1.805747818
7,1844156,1000521,1000521,1000469,1001615,1.843291496,1.841182490
7,1844200,1000521,1000521,1000521,1001770,1.843239672,1.840941533
7,1843514,1000156,1000156,1000156,1001250,1.843226457,1.841212484
7,1834652,1000469,1000469,977864,1001667,1.876183191,1.831598725
7,1843189,1000000,1000000,999948,1001406,1.843284851,1.840601115
7,1843774,1000313,1000313,1000261,1001406,1.843292901,1.841185293
7,1843664,1000260,1000260,1000209,1001406,1.843278755,1.841075448
7,1787601,1000573,1000573,947760,1002135,1.886132565,1.783792603
7,1843299,1000052,1000052,1000052,1001250,1.843203153,1.840997753
7,1844043,1000469,1000469,1000520,1001615,1.843084596,1.841069672
7,1843306,1000053,1000053,1000052,1001458,1.843210153,1.840622373
7,1837138,1000156,1000156,995053,1001302,1.846271505,1.834749157
7,1843285,1000052,1000052,1000052,1001146,1.843189154,1.841175013
7,1843645,1000208,1000208,1000209,1001354,1.843259759,1.841152080
7,1843310,1000104,1000104,1000053,1001146,1.843212310,1.841199985
7,1827412,1000260,1000260,981719,1001771,1.861441003,1.824181375
7,1837144,1000260,1000260,998385,1001563,1.840115787,1.834277025
7,1843793,1000365,1000365,1000313,1001458,1.843216073,1.841108664
7,1843449,1000104,1000104,1000105,1001250,1.843255458,1.841147566
7,1775478,1000312,1000312,927500,1001927,1.914261995,1.772063234
7,1844063,1000469,1000469,1000416,1001823,1.843296189,1.840707390
7,1843767,1000312,1000312,1000261,1001406,1.843285902,1.841178303
7,1843854,1000364,1000364,1000312,1001458,1.843278897,1.841169575
7,1829865,1000156,1000156,983958,1001719,1.859698280,1.826724860
7,1844003,1000417,1000417,1000417,1001667,1.843234371,1.840934163
7,1843273,1000052,1000052,1000052,1001198,1.843177155,1.841067401
7,1843365,1000104,1000104,1000104,1001198,1.843173310,1.841159291
7,1836289,1000208,1000208,995209,1001406,1.845129013,1.833710803
7,1843547,1000208,1000208,1000156,1001302,1.843259452,1.841149823
7,1843985,1000417,1000417,1000416,1001562,1.843218221,1.841109187
7,1843569,1000209,1000209,1000156,1001615,1.843281448,1.840596437
7,1827353,1000104,1000104,981146,1001614,1.862467971,1.824408405
7,1843699,1000260,1000260,1000261,1001406,1.843217920,1.841110399
7,1843471,1000156,1000156,1000157,1001302,1.843181620,1.841073922
7,1844018,1000417,1000417,1000417,1001510,1.843249365,1.841237731
7,1836684,1000365,1000365,983229,1001615,1.868012437,1.833722538
7,1843929,1000365,1000365,1000416,1001510,1.843162245,1.841148865
7,1843237,1000000,1000000,1000000,1001146,1.843237000,1.841127068
7,1843798,1000364,1000364,1000312,1001458,1.843222914,1.841113656
7,1829387,1000365,1000365,984739,1001875,1.857737939,1.825963319
7,1843684,1000261,1000261,1000208,1001667,1.843300593,1.840615694
7,1843146,1000000,1000000,999948,1001094,1.843241849,1.841131802
7,1843497,1000156,1000156,1000209,1001302,1.843111790,1.841099888
7,1838491,1000469,1000469,995729,1001614,1.846376876,1.835528457
7,1843675,1000260,1000260,1000261,1001406,1.843193926,1.841086432
7,1843785,1000312,1000312,1000313,1001458,1.843208076,1.841100675
7,1843595,1000208,1000208,1000209,1001614,1.843209769,1.840624232
7,1801481,1000417,1000417,961041,1001979,1.874510037,1.797922911
7,1843694,1000260,1000260,1000261,1001510,1.843212921,1.840914220
7,1843186,1000000,1000000,999948,1001146,1.843281851,1.841076127
7,1843948,1000416,1000416,1000417,1001458,1.843179394,1.841263438
7,1835113,1000156,1000156,981874,1001458,1.868990319,1.832441301
7,1843635,1000209,1000209,1000156,1001354,1.843347438,1.841142094
7,1844092,1000520,1000520,1000469,1001614,1.843227526,1.841120432
7,1843785,1000313,1000313,1000312,1001406,1.843209919,1.841196278
7,1826955,1000625,1000625,985156,1002136,1.854482945,1.823060942
7,1843032,999896,999896,999896,1001146,1.843223695,1.840922303
7,1844109,1000521,1000521,1000468,1001615,1.843246361,1.841135566
7,1844150,1000520,1000520,1000521,1001614,1.843189698,1.841178338
7,1837648,1000261,1000261,994948,1001458,1.846978938,1.834972610
7,1843104,999948,999948,999896,1001093,1.843295703,1.841091687
7,1843722,1000261,1000261,1000260,1001719,1.843242757,1.840558081
7,1843942,1000417,1000417,1000417,1001510,1.843173397,1.841161846
7,1788113,1000781,1000781,946926,1002292,1.888334463,1.784024017
7,1843099,999896,999896,999896,1001094,1.843290702,1.841084853
7,1843120,999948,999948,999948,1001093,1.843215847,1.841107669
7,1844073,1000521,1000521,1000469,1001615,1.843208535,1.841099624
7,1836121,1000312,1000312,980730,1001510,1.872198260,1.833352638
7,1843818,1000313,1000313,1000365,1001511,1.843145252,1.841036194
7,1843697,1000312,1000312,1000261,1001406,1.843215921,1.841108402
7,1843788,1000312,1000312,1000313,1001458,1.843211075,1.841103671
7,1826985,1000156,1000156,982971,1001562,1.858635707,1.824135700
7,1844160,1000520,1000520,1000469,1001614,1.843295494,1.841188322
7,1843233,1000000,1000000,1000000,1001094,1.843233000,1.841218707
7,1843746,1000260,1000260,1000260,1001406,1.843266751,1.841157333
7,1836831,1000417,1000417,995573,1001615,1.844998810,1.833869301
7,1843465,1000104,1000104,1000052,1001250,1.843369145,1.841163546
7,1843854,1000364,1000364,1000313,1001458,1.843277054,1.841169575
7,1844019,1000469,1000469,1000469,1001562,1.843154561,1.841143134
7,1829193,1000417,1000417,983178,1001927,1.860490166,1.825674924
7,1843528,1000156,1000156,1000156,1001250,1.843240454,1.841226467
7,1843400,1000104,1000104,1000052,1001510,1.843304148,1.840620663
7,1843274,1000052,1000052,1000000,1001198,1.843274000,1.841068400
7,1837501,1000469,1000469,982500,1001666,1.870230025,1.834444815
7,1843369,1000052,1000052,1000104,1001198,1.843177310,1.841163286
7,1843470,1000156,1000156,1000156,1001302,1.843182464,1.841072923
7,1843664,1000261,1000261,1000260,1001355,1.843184772,1.841169216
7,1828122,1000365,1000365,984375,1001823,1.857139810,1.824795398
7,1843178,1000000,1000000,1000000,1001093,1.843178000,1.841165606
7,1843833,1000313,1000313,1000365,1001511,1.843160247,1.841051172
7,1844087,1000469,1000469,1000469,1001614,1.843222529,1.841115440
7,1835921,1000417,1000417,995520,1001563,1.844182940,1.833055934
7,1843940,1000417,1000417,1000364,1001823,1.843269050,1.840584614
7,1843259,1000052,1000052,1000000,1001145,1.843259000,1.841150882
7,1843732,1000261,1000261,1000260,1001459,1.843252754,1.841045914
7,1825286,1000312,1000312,982189,1001823,1.858385708,1.821964559
7,1844205,1000573,1000573,1000573,1001666,1.843148876,1.841137665
7,1844045,1000469,1000469,1000417,1001563,1.843276354,1.841167256
7,1844082,1000468,1000468,1000469,1001614,1.843217531,1.841110448
7,1834213,1000313,1000313,982551,1001510,1.866786559,1.831447514
7,1843312,1000104,1000104,1000052,1001198,1.843216153,1.841106355
7,1843394,1000104,1000104,1000052,1001198,1.843298148,1.841188256
7,1843412,1000105,1000105,1000104,1001511,1.843220305,1.840630807
7,1792057,1000416,1000416,955417,1001927,1.875680462,1.788610348
7,1844185,1000521,1000521,1000468,1001615,1.843322325,1.841211444
7,1844018,1000416,1000416,1000417,1001562,1.843249365,1.841142136
7,1843707,1000261,1000261,1000208,1001406,1.843323589,1.841118388
7,1837394,1000261,1000261,995312,1001458,1.846048274,1.834718980
7,1843248,1000052,1000052,1000000,1001145,1.843248000,1.841139895
7,1843163,1000000,1000000,999948,1001094,1.843258849,1.841148783
7,1843589,1000209,1000209,1000208,1001302,1.843205613,1.841191768
7,1830974,1000625,1000625,983593,1002135,1.861515891,1.827073199
7,1844066,1000469,1000469,1000468,1001979,1.843203381,1.840423801
7,1844058,1000469,1000469,1000468,1001614,1.843195385,1.841086486
7,1843953,1000416,1000416,1000365,1001511,1.843280203,1.841170991
7,1836855,1000521,1000521,985937,1001979,1.863055144,1.833227044
7,1843692,1000261,1000261,1000260,1001406,1.843212765,1.841103409
7,1843649,1000261,1000261,1000208,1001354,1.843265601,1.841156075
7,1844164,1000521,1000521,1000521,1001667,1.843203691,1.841094895
7,1825397,1000573,1000573,984533,1002135,1.854073962,1.821508080
7,1843453,1000156,1000156,1000104,1001302,1.843261301,1.841055945
7,1844118,1000468,1000468,1000521,1001667,1.843157715,1.841048971
7,1843270,1000052,1000052,1000000,1001458,1.843270000,1.840586425
7,1837411,1000052,1000052,992812,1001250,1.850713932,1.835117104
7,1844099,1000520,1000520,1000469,1001615,1.843234523,1.841125582
7,1843454,1000157,1000157,1000156,1001302,1.843166466,1.841056944
7,1843917,1000365,1000365,1000364,1001510,1.843246058,1.841136883
7,1809859,1000312,1000312,965677,1001823,1.874186710,1.806565631
7,1843311,1000052,1000052,1000052,1001303,1.843215153,1.840912291
7,1843826,1000364,1000364,1000313,1001458,1.843249063,1.841141616
7,1875155,1021250,1021250,1002448,1022448,1.870575830,1.833985689
7,1843212,1000000,1000000,1000000,1001146,1.843212000,1.841102097
7,1843933,1000365,1000365,1000416,1001927,1.843166243,1.840386575
7,1843962,1000416,1000416,1000417,1001563,1.843193388,1.841084385
7,1836265,1000521,1000521,991094,1001771,1.852765732,1.833018724
7,1835293,1000208,1000208,991146,1001666,1.851687844,1.832240487
7,1844012,1000469,1000469,1000416,1001562,1.843245210,1.841136145
7,1843858,1000365,1000365,1000313,1001458,1.843281053,1.841173569
7,1837502,1000208,1000208,995521,1001407,1.845769200,1.834920267
7,1843791,1000365,1000365,1000312,1001458,1.843215917,1.841106666
7,1844181,1000521,1000521,1000469,1001615,1.843316485,1.841207450
7,1843878,1000417,1000417,1000364,1001510,1.843207073,1.841097942
7,1833679,1000000,1000000,986041,1001302,1.859637682,1.831294654
7,1837237,1000469,1000469,997969,1001979,1.840976022,1.833608289
7,1844006,1000469,1000469,1000417,1001563,1.843237370,1.841128316
7,1843418,1000104,1000104,1000104,1001250,1.843226304,1.841116604
7,1835214,1000260,1000260,982500,1001511,1.867902290,1.832445175
7,1843834,1000365,1000365,1000313,1001458,1.843257061,1.841149604
7,1843610,1000260,1000260,1000209,1001354,1.843224766,1.841117127
7,1843205,1000000,1000000,999948,1001094,1.843300852,1.841190737
7,1835319,1000157,1000157,992604,1001354,1.848994161,1.832837338
7,1835896,1000105,1000105,991770,1001563,1.851130807,1.833030973
7,1843589,1000209,1000209,1000208,1001302,1.843205613,1.841191768
7,1843426,1000105,1000105,1000104,1001562,1.843234304,1.840551059
7,1838073,1000104,1000104,995314,1001303,1.846726762,1.835681108
7,1843727,1000313,1000313,1000260,1001406,1.843247756,1.841138359
7,1843155,1000000,1000000,999948,1001094,1.843250849,1.841140792
7,1843164,999948,999948,999948,1001093,1.843259850,1.841151621
7,1833455,1000468,1000468,989531,1001667,1.852852513,1.830403717
7,1835349,1000209,1000209,993542,1001719,1.847278726,1.832199449
7,1844082,1000469,1000469,1000469,1001562,1.843217531,1.841206036
7,1843253,1000000,1000000,1000000,1001198,1.843253000,1.841047425
7,1835489,1000209,1000209,979115,1001511,1.874640875,1.832719760
7,1843572,1000156,1000156,1000209,1001615,1.843186774,1.840599432
7,1843499,1000157,1000157,1000208,1001250,1.843115632,1.841197503
7,1844039,1000469,1000469,1000469,1001562,1.843174551,1.841163103
7,1832189,1018489,1018489,977240,1019740,1.874860833,1.796721713
7,1844274,1000573,1000573,1000573,1001979,1.843217836,1.840631390
7,1843853,1000312,1000312,1000364,1001511,1.843182082,1.841071142
7,1843832,1000365,1000365,1000312,1001458,1.843256904,1.841147607
7,1836449,1000313,1000313,995521,1001510,1.844711463,1.833680143
7,1843133,1000000,1000000,999948,1001093,1.843228848,1.841120655
7,1843735,1000312,1000312,1000261,1001407,1.843253911,1.841144510
7,1843957,1000417,1000417,1000416,1001614,1.843190233,1.840985649
7,1829837,1000417,1000417,982240,1001719,1.862922504,1.826696908
7,1843204,1000000,1000000,1000000,1001510,1.843204000,1.840424958
7,1843502,1000156,1000156,1000157,1001302,1.843212616,1.841104881
7,1843430,1000156,1000156,1000105,1001302,1.843236460,1.841032975
7,1837413,1000521,1000521,982915,1001771,1.869350859,1.834164694
7,1843128,1000000,1000000,999948,1001094,1.843223848,1.841113821
7,1843139,999947,999947,999948,1001094,1.843234848,1.841124809
7,1844150,1000521,1000521,1000521,1001718,1.843189698,1.840987184
7,1828339,1000520,1000520,985469,1001771,1.855298340,1.825106736
7,1843606,1000208,1000208,1000209,1001563,1.843220767,1.840728941
7,1844017,1000469,1000469,1000469,1001823,1.843152561,1.840661474
7,1843758,1000261,1000261,1000260,1001354,1.843278748,1.841264927
7,1836085,1000105,1000105,995208,1001302,1.844925885,1.833697526
7,1843401,1000104,1000104,1000104,1001198,1.843209306,1.841195248
7,1843224,1000052,1000052,1000000,1001146,1.843224000,1.841114083
7,1843771,1000313,1000313,1000312,1001406,1.843195923,1.841182298
7,1829856,1000417,1000417,984531,1001719,1.858606788,1.826715875
7,1844053,1000469,1000469,1000469,1001927,1.843188545,1.840506344
7,1843289,1000052,1000052,1000052,1001146,1.843193154,1.841179009
7,1843286,1000052,1000052,1000104,1001146,1.843094318,1.841176012
7,1834869,1000365,1000365,981979,1001667,1.868541995,1.831815364
7,1843112,999948,999948,999948,1001145,1.843207847,1.841004050
7,1844172,1000573,1000573,1000521,1001614,1.843211687,1.841200303
7,1843389,1000104,1000104,1000105,1001250,1.843195464,1.841087640
7,1829423,1000416,1000416,982761,1001771,1.861513634,1.826188820
7,1843831,1000312,1000312,1000365,1001511,1.843158247,1.841049175
7,1843510,1000156,1000156,1000156,1001250,1.843222457,1.841208489
7,1843677,1000260,1000260,1000260,1001355,1.843197769,1.841182198
7,1835557,1000104,1000104,995572,1001354,1.843720997,1.833075016
7,1843549,1000209,1000209,1000156,1001302,1.843261451,1.841151820
7,1844071,1000469,1000469,1000469,1001875,1.843206536,1.840619838
7,1843656,1000261,1000261,1000260,1001406,1.843176774,1.841067459
7,1796368,1000313,1000313,959689,1001667,1.871823059,1.793378438
7,1843748,1000260,1000260,1000313,1001458,1.843171087,1.841063729
7,1843575,1000208,1000208,1000209,1001354,1.843189773,1.841082175
7,1843259,1000052,1000052,1000000,1001198,1.843259000,1.841053418
7,1833938,1000156,1000156,981979,1001406,1.867593910,1.831363103
7,1844154,1000521,1000521,1000469,1001614,1.843289497,1.841182332
7,1844101,1000468,1000468,1000469,1001615,1.843236522,1.841127579
7,1844111,1000469,1000469,1000521,1001666,1.843150718,1.841043821
7,1828698,1000260,1000260,985679,1001511,1.855267283,1.825939006
7,1843627,1000261,1000261,1000208,1001667,1.843243605,1.840558788
7,1843939,1000417,1000417,1000364,1001563,1.843268050,1.841061421
7,1843079,999948,999948,999948,1001094,1.843174845,1.841064875
7,1837786,1000573,1000573,995885,1001770,1.845379738,1.834538866
7,1844075,1000469,1000469,1000469,1001615,1.843210534,1.841101621
7,1843699,1000260,1000260,1000313,1001406,1.843122103,1.841110399
7,1843273,1000052,1000052,1000000,1001146,1.843273000,1.841163027
7,1828376,1000625,1000625,980782,1001875,1.864202239,1.824954211
7,1844070,1000469,1000469,1000469,1001927,1.843205537,1.840523312
7,1843509,1000157,1000157,1000208,1001302,1.843125630,1.841111872
7,1844045,1000417,1000417,1000469,1001927,1.843180548,1.840498360
7,1834966,1000209,1000209,981979,1001406,1.868640775,1.832389660
7,1844166,1000521,1000521,1000521,1001615,1.843205690,1.841192474
7,1843258,1000052,1000052,1000000,1001146,1.843258000,1.841148044
7,1843752,1000261,1000261,1000260,1001407,1.843272749,1.841161486
7,1827422,1000469,1000469,982396,1002083,1.860168405,1.823623392
7,1843880,1000365,1000365,1000364,1001563,1.843209072,1.841002513
7,1843449,1000104,1000104,1000156,1001302,1.843161467,1.841051950
7,1843246,1000052,1000052,1000052,1001146,1.843150156,1.841136058
7,1837784,1000469,1000469,996093,1001667,1.844992385,1.834725513
7,1843375,1000104,1000104,1000105,1001511,1.843181466,1.840593863
7,1843259,1000052,1000052,1000000,1001146,1.843259000,1.841149043
